trajectory,order,scan,method,block,in_support,translation_error_mm,rotation_error_deg
II,143,143,Full,0,True,65.55536122928584,2.7502797184171524
II,143,143,Global,0,True,74.15447163863674,1.1057265332968609
II,143,143,Huber,0,True,71.3052520569424,0.6542226946679328
II,143,143,Patch,0,True,38.39221029477905,0.866979882480121
II,143,143,Raw,0,True,80.70583454424826,1.101337906156752
II,143,143,Trim,0,True,69.96440083078102,0.6540341307238456
II,144,144,Full,0,True,63.964858035201615,2.6246849835099773
II,144,144,Global,0,True,72.89519772186678,1.0385272833526793
II,144,144,Huber,0,True,70.41446425131798,0.743915758818129
II,144,144,Patch,0,True,36.407282233377714,1.108335177572935
II,144,144,Raw,0,True,79.98221002282226,1.0330077725319122
II,144,144,Trim,0,True,69.11841685745944,0.6274176560225738
II,145,145,Full,0,True,65.52946554805554,2.3897109592419348
II,145,145,Global,0,True,72.53626623642076,1.1970874605846509
II,145,145,Huber,0,True,70.10134858661921,0.7432731308021482
II,145,145,Patch,0,True,37.57965748254473,0.8049060329402552
II,145,145,Raw,0,True,79.9500767091035,1.192461308047272
II,145,145,Trim,0,True,68.64326130635767,0.6958662508481797
II,146,146,Full,0,True,63.28443230215286,2.544907478549092
II,146,146,Global,0,True,72.16907860775335,1.1511831657716816
II,146,146,Huber,0,True,70.13588682836131,0.7284109651757138
II,146,146,Patch,0,True,33.53962709941984,0.820517536974967
II,146,146,Raw,0,True,79.1357779933677,1.1461009967883733
II,146,146,Trim,0,True,68.68750858152332,0.6876908596519509
II,147,147,Full,0,True,62.610592952686574,2.4178504021362537
II,147,147,Global,0,True,73.33191166750404,1.1948447861536975
II,147,147,Huber,0,True,70.3974736054376,0.4492921558047975
II,147,147,Patch,0,True,35.681824066466035,0.8208432624766683
II,147,147,Raw,0,True,80.57950615112223,1.1899525415282464
II,147,147,Trim,0,True,69.04417526031341,0.7125179566797863
II,148,148,Full,0,True,60.83262576635034,2.438935896993012
II,148,148,Global,0,True,73.71857494821887,1.2205658561518054
II,148,148,Huber,0,True,69.98966478578608,0.7178611424175922
II,148,148,Patch,0,True,35.84367395157885,0.8335861368061964
II,148,148,Raw,0,True,81.45680358590573,1.2173398473225612
II,148,148,Trim,0,True,67.95929845784451,0.6698809464810827
II,149,149,Full,0,True,59.12255074619491,2.241410490599874
II,149,149,Global,0,True,75.46048046988274,1.5392358642712372
II,149,149,Huber,0,True,70.73107628595035,0.7440171703934393
II,149,149,Patch,0,True,35.67955822280118,0.976450369362839
II,149,149,Raw,0,True,82.71749761093558,1.535330916083061
II,149,149,Trim,0,True,68.81112197414315,0.7408406893123138
II,150,150,Full,0,True,59.40451029475628,2.447401515954808
II,150,150,Global,0,True,74.87702349209563,1.513733007173264
II,150,150,Huber,0,True,70.49407262055222,0.8212843117607708
II,150,150,Patch,0,True,40.1552770903259,1.1038389898147225
II,150,150,Raw,0,True,83.48656351884189,1.5120478124739756
II,150,150,Trim,0,True,67.96126078735153,0.66655572225445
II,151,151,Full,0,True,59.41239283630226,2.4555183743404183
II,151,151,Global,0,True,75.26638080517142,1.3184557634946623
II,151,151,Huber,0,True,70.88309228374357,0.7799852154905176
II,151,151,Patch,0,True,36.75847123115415,0.7422185251681401
II,151,151,Raw,0,True,83.74971446378396,1.3125508164936883
II,151,151,Trim,0,True,67.9215585578885,0.8853469877803517
II,152,152,Full,0,True,56.120704716515625,2.560335861018366
II,152,152,Global,0,True,75.15912739472623,1.6114981235309729
II,152,152,Huber,0,True,71.15486335128912,0.908701446715986
II,152,152,Patch,0,True,35.765355266363606,0.7935619384445818
II,152,152,Raw,0,True,83.78298141262292,1.6115850796497313
II,152,152,Trim,0,True,67.86775030468243,0.7838106964112419
II,153,153,Full,0,True,56.46883533167925,2.599980042521288
II,153,153,Global,0,True,76.7237505776728,1.8629145624789107
II,153,153,Huber,0,True,71.4891345948437,1.059546409637509
II,153,153,Patch,0,True,36.205604304928045,0.7533877753885828
II,153,153,Raw,0,True,85.49786925839234,1.8597108433538767
II,153,153,Trim,0,True,67.80261970661665,0.9725876706228176
II,154,154,Full,0,True,54.73332563732222,2.4469037640776024
II,154,154,Global,0,True,78.47588244044947,1.9574943185589564
II,154,154,Huber,0,True,70.68019053986538,0.8772111997728103
II,154,154,Patch,0,True,34.60010282314159,1.1237441410718711
II,154,154,Raw,0,True,87.44289158567764,1.954397298694525
II,154,154,Trim,0,True,66.45438405010837,0.8079292305926236
II,155,155,Full,0,True,54.13210805085532,2.275754326795362
II,155,155,Global,0,True,79.09361725382773,2.600202944579105
II,155,155,Huber,0,True,71.48521484527377,1.1343696276879216
II,155,155,Patch,0,True,38.66879887719021,1.2470715712380296
II,155,155,Raw,0,True,88.77677139434556,2.594472712152044
II,155,155,Trim,0,True,66.88427150771638,0.9994993056088722
II,156,156,Full,0,True,53.79025852452784,2.544713954067537
II,156,156,Global,0,True,79.28653047964131,2.125294242717973
II,156,156,Huber,0,True,72.42812041011511,1.1080205597150987
II,156,156,Patch,0,True,37.17947696812527,0.9604616742311974
II,156,156,Raw,0,True,88.97639336331491,2.124642349844424
II,156,156,Trim,0,True,66.79950436545266,1.0304679091434987
II,157,157,Full,0,True,55.8097488113257,2.672138439788536
II,157,157,Global,0,True,81.00956924297435,2.2928276332577497
II,157,157,Huber,0,True,72.91586794521774,1.1034670796222477
II,157,157,Patch,0,True,41.416160156074895,1.0041112590614996
II,157,157,Raw,0,True,91.27184425851016,2.292097432679073
II,157,157,Trim,0,True,66.3295573393652,1.037452531646346
II,158,158,Full,0,True,52.98876825488841,2.715773828364607
II,158,158,Global,0,True,79.40765666640371,2.22071312702008
II,158,158,Huber,0,True,71.56076747685721,1.275374339260775
II,158,158,Patch,0,True,39.27608048028538,1.2546484876151338
II,158,158,Raw,0,True,89.81331771669205,2.218586308539568
II,158,158,Trim,0,True,65.41533873803247,1.2430915339225004
II,159,159,Full,0,True,48.60627961768411,2.523681462927713
II,159,159,Global,0,True,78.84132733853174,1.999759339293813
II,159,159,Huber,0,True,71.95347438980738,1.2575705344042514
II,159,159,Patch,0,True,35.98687586496337,0.8840358081301103
II,159,159,Raw,0,True,88.84966835370035,1.993277723552141
II,159,159,Trim,0,True,65.70305448475217,1.137735087069342
II,160,160,Full,0,True,46.03723326252623,2.395913209374066
II,160,160,Global,0,True,79.94233004566578,2.2969943091760263
II,160,160,Huber,0,True,71.59779507357824,1.228629174418571
II,160,160,Patch,0,True,34.99572721164034,0.9973969042252696
II,160,160,Raw,0,True,89.70674654452345,2.284084502835796
II,160,160,Trim,0,True,64.74154464168966,1.0288355336837882
II,161,161,Full,0,True,47.95096545899309,2.2337811549061333
II,161,161,Global,0,True,78.26995000038109,1.856189798323336
II,161,161,Huber,0,True,70.64625043855634,1.1450161936909893
II,161,161,Patch,0,True,34.93448765600339,1.1460301733426352
II,161,161,Raw,0,True,88.0094924800036,1.854486995182084
II,161,161,Trim,0,True,64.54719806463375,1.1494547161440725
II,162,162,Full,0,True,47.83232280455093,2.748056704436728
II,162,162,Global,0,True,77.53279600047489,1.631521687854622
II,162,162,Huber,0,True,69.64922179498559,1.0310729106693124
II,162,162,Patch,0,True,31.945974709720293,0.9321463616522178
II,162,162,Raw,0,True,86.92474381135257,1.630912277783839
II,162,162,Trim,0,True,63.8726689682944,0.9484903616221918
II,163,163,Full,0,True,43.69594628305354,2.5593611677613306
II,163,163,Global,0,True,76.84954849323788,1.3648995248690856
II,163,163,Huber,0,True,68.153406374551,1.0373947907367838
II,163,163,Patch,0,True,31.170412584118072,1.2824860819248636
II,163,163,Raw,0,True,86.13415210063627,1.3640123567445706
II,163,163,Trim,0,True,62.501859939103845,1.0168317777295763
II,164,164,Full,0,True,37.092594267902015,2.341505235840779
II,164,164,Global,0,True,76.82517838172585,1.6359672250167892
II,164,164,Huber,0,True,67.88902177628421,0.9232206277225588
II,164,164,Patch,0,True,30.436350250016886,0.9185264327062436
II,164,164,Raw,0,True,85.62273217521002,1.631980248488036
II,164,164,Trim,0,True,62.09159952676536,0.8904723779626159
II,165,165,Full,0,True,41.027697097528026,2.429046123926688
II,165,165,Global,0,True,77.74026536528898,1.7469813225068256
II,165,165,Huber,0,True,64.62469750009674,1.2100884850048113
II,165,165,Patch,0,True,31.590065289686457,1.1695520074983945
II,165,165,Raw,0,True,86.20948603697101,1.74273519120299
II,165,165,Trim,0,True,61.72681364565404,1.0706497514844813
II,166,166,Full,0,True,44.54265270933314,2.256870115581035
II,166,166,Global,0,True,77.56404053598463,1.9313103432690373
II,166,166,Huber,0,True,66.36449259008825,1.0699008544737516
II,166,166,Patch,0,True,31.960778886197264,1.0162545070468918
II,166,166,Raw,0,True,86.57795145317921,1.931529378166983
II,166,166,Trim,0,True,60.078410985788224,0.8652220741778394
II,167,167,Full,0,True,41.75018148552985,2.1337007274953903
II,167,167,Global,0,True,78.83135701357624,2.159741212201898
II,167,167,Huber,0,True,66.90696361607868,1.0830109346495451
II,167,167,Patch,0,True,32.16785444021253,1.0082902092090178
II,167,167,Raw,0,True,87.86423726158932,2.1562448699811534
II,167,167,Trim,0,True,60.25157442442282,1.0001591276685642
II,168,168,Full,0,True,47.8438589188378,2.4902290928293485
II,168,168,Global,0,True,79.31550508834158,2.272520115552498
II,168,168,Huber,0,True,66.25759319065234,1.290143377693482
II,168,168,Patch,0,True,33.80365937793189,0.9987810898751094
II,168,168,Raw,0,True,88.29850434120988,2.2717686204445298
II,168,168,Trim,0,True,59.09269476259927,1.0950335559032545
II,169,169,Full,0,True,46.099351223921694,2.1238435238968663
II,169,169,Global,0,True,79.11152864191787,2.016148508592532
II,169,169,Huber,0,True,65.86348172308129,1.34028175514894
II,169,169,Patch,0,True,36.03719068807958,0.7586694666440972
II,169,169,Raw,0,True,88.2856517419532,2.016410308943254
II,169,169,Trim,0,True,57.89754626196928,1.1924955164236453
II,170,170,Full,0,True,48.919888421846665,1.614213082880554
II,170,170,Global,0,True,81.54895807858092,2.272441153406272
II,170,170,Huber,0,True,64.71611766690282,1.273493792712834
II,170,170,Patch,0,True,34.73352083798911,1.0193898345803751
II,170,170,Raw,0,True,89.74722249022022,2.272745563991749
II,170,170,Trim,0,True,57.461212002012815,1.1846008681970788
II,171,171,Full,0,True,47.21467147320579,1.915988833674076
II,171,171,Global,0,True,81.63311835441262,2.0872929090638723
II,171,171,Huber,0,True,65.38437495705908,1.136193078065897
II,171,171,Patch,0,True,38.637911863541845,1.3034281211150605
II,171,171,Raw,0,True,90.0885267098994,2.0844373784122303
II,171,171,Trim,0,True,58.42772066715144,1.0930485648750818
II,172,172,Full,0,True,48.81551808064647,2.131126316662864
II,172,172,Global,0,True,84.0907482217151,1.964012043988466
II,172,172,Huber,0,True,65.90359700088561,1.102413581048148
II,172,172,Patch,0,True,39.5377960841404,1.047826686628143
II,172,172,Raw,0,True,92.13571860999872,1.9576486439180687
II,172,172,Trim,0,True,58.563271726877616,1.1018841004650637
II,173,173,Full,0,True,49.17908236966882,2.141130675861407
II,173,173,Global,0,True,84.69337596792124,1.8610109834234152
II,173,173,Huber,0,True,65.80162349710187,1.1562977076619534
II,173,173,Patch,0,True,40.86082722564551,0.8556149152509226
II,173,173,Raw,0,True,92.66260874109946,1.8634038548187493
II,173,173,Trim,0,True,58.21001314340878,1.0986051826224177
II,174,174,Full,0,True,50.67516457895598,2.2845882212296167
II,174,174,Global,0,True,85.89144135636658,1.9058583611033768
II,174,174,Huber,0,True,67.47563254243543,1.2099293369745177
II,174,174,Patch,0,True,41.73919574189407,1.100805945013882
II,174,174,Raw,0,True,93.49188671943637,1.9010700525932829
II,174,174,Trim,0,True,59.96959653703118,1.057736538551321
II,175,175,Full,0,True,48.45358265315995,2.471864600234156
II,175,175,Global,0,True,86.04437049753898,1.6585315291461036
II,175,175,Huber,0,True,66.48838476036921,1.0012915036473342
II,175,175,Patch,0,True,44.01374345973301,1.0692720715950432
II,175,175,Raw,0,True,93.61379813490942,1.6581225614415935
II,175,175,Trim,0,True,58.91684455967014,1.0532208361549371
II,176,176,Full,0,True,48.83470869235316,2.6426098597361123
II,176,176,Global,0,True,85.46989307860063,1.5262840968354867
II,176,176,Huber,0,True,65.56979861768687,1.115991665582675
II,176,176,Patch,0,True,47.8334268729765,2.037027493672802
II,176,176,Raw,0,True,94.26051737132744,1.5268965586629302
II,176,176,Trim,0,True,58.21430659871696,1.1087494404000096
II,177,177,Full,0,True,48.62493183907231,2.251186599641265
II,177,177,Global,0,True,90.56083155975924,2.2344692685740046
II,177,177,Huber,0,True,66.0905139250735,1.1618577258326217
II,177,177,Patch,0,True,54.85289486757736,2.472242485810895
II,177,177,Raw,0,True,99.84657297785726,2.2351704676813022
II,177,177,Trim,0,True,57.80581679251127,0.9834565533278672
II,178,178,Full,0,True,50.01588178306019,1.9590476168122868
II,178,178,Global,0,True,89.1538280629385,1.883057922766192
II,178,178,Huber,0,True,66.32683990085233,1.0354713127491366
II,178,178,Patch,0,True,53.04448211619852,2.1408544562920384
II,178,178,Raw,0,True,98.72688853590172,1.9280699933742336
II,178,178,Trim,0,True,58.05562992717452,1.0160763655364633
II,179,179,Full,0,True,52.21459418539201,2.397700654591262
II,179,179,Global,0,True,92.89210721073846,2.1236555920263203
II,179,179,Huber,0,True,65.94076086675666,0.8821204534416752
II,179,179,Patch,0,True,58.37101296671843,2.6802428352340324
II,179,179,Raw,0,True,102.61323287839636,2.128458807446689
II,179,179,Trim,0,True,57.372759648936,0.8515940459359556
II,180,180,Full,0,True,47.55376158165483,2.822496019299097
II,180,180,Global,0,True,93.16963194823364,1.4754564985201035
II,180,180,Huber,0,True,66.70869996777266,0.9386648543661632
II,180,180,Patch,0,True,54.94633180967224,1.4186328450824028
II,180,180,Raw,0,True,101.58345451728574,1.473971633522886
II,180,180,Trim,0,True,58.06455567250674,0.8972812925323176
II,181,181,Full,0,True,52.01119093280913,2.477635912891115
II,181,181,Global,0,True,93.63338608648844,1.6134380698074426
II,181,181,Huber,0,True,67.20681107584346,0.7900637899187264
II,181,181,Patch,0,True,55.41101742482884,1.027818781544257
II,181,181,Raw,0,True,101.77065607782777,1.61774628477236
II,181,181,Trim,0,True,59.738134078171726,0.7135346840570175
II,182,182,Full,0,True,55.80228065192457,2.088535931658668
II,182,182,Global,0,True,98.70262191530628,1.8408965780903752
II,182,182,Huber,0,True,70.13208731551371,0.9375190837152548
II,182,182,Patch,0,True,61.122787266056285,1.3377554339281612
II,182,182,Raw,0,True,106.37254504688826,1.8353977220673816
II,182,182,Trim,0,True,62.119400931836616,0.874004845581988
II,183,183,Full,0,True,52.23835128917058,1.8445718116284144
II,183,183,Global,0,True,98.4349701822449,1.63829389210999
II,183,183,Huber,0,True,70.10461900983556,0.951945137888061
II,183,183,Patch,0,True,62.22801537277389,1.1152274278511027
II,183,183,Raw,0,True,105.76868112320156,1.6377267531293425
II,183,183,Trim,0,True,63.28073541783309,0.8079209603356564
II,184,184,Full,0,True,63.56937518116485,1.928073799473795
II,184,184,Global,0,True,107.00495770895992,2.0468232145890832
II,184,184,Huber,0,True,71.54797071612097,0.9565313478829102
II,184,184,Patch,0,True,70.95463313539508,1.6377479793685064
II,184,184,Raw,0,True,114.30204458546665,2.0470213564197923
II,184,184,Trim,0,True,64.50055313853949,0.8024764004235135
II,185,185,Full,0,True,65.53703498367291,1.8152368160417267
II,185,185,Global,0,True,106.29583360273789,2.6185300345263967
II,185,185,Huber,0,True,73.22376599283373,1.2961850545766436
II,185,185,Patch,0,True,71.29144599662072,2.1440007378991712
II,185,185,Raw,0,True,114.13537423198602,2.617848014449271
II,185,185,Trim,0,True,65.02419709045844,1.038992883052092
II,186,186,Full,0,True,56.58071528852699,0.8798604837666204
II,186,186,Global,0,True,102.85833105959968,2.198370373649672
II,186,186,Huber,0,True,71.86454112025294,1.286927061294391
II,186,186,Patch,0,True,69.80564493253914,1.8338668405519667
II,186,186,Raw,0,True,110.93155061602585,2.198370373649663
II,186,186,Trim,0,True,64.91947623078639,0.9693151486338576
II,187,187,Full,0,True,53.60981081272358,1.6370569694743
II,187,187,Global,0,True,107.5253584340018,2.662943787022693
II,187,187,Huber,0,True,72.867608365387,1.3449839733300826
II,187,187,Patch,0,True,74.77518562404543,2.1471636860044856
II,187,187,Raw,0,True,114.72476360006624,2.6622111808023945
II,187,187,Trim,0,True,64.62960206601709,0.9241867500622942
II,188,188,Full,0,True,62.14584133310481,1.870437961853313
II,188,188,Global,0,True,113.1948603750148,2.892870566551965
II,188,188,Huber,0,True,71.50097931715153,1.328828505841094
II,188,188,Patch,0,True,79.16240850629984,2.3240162120000365
II,188,188,Raw,0,True,120.16541605802408,2.8928705665519034
II,188,188,Trim,0,True,64.2373214701428,1.0706657888391424
II,189,189,Full,0,True,59.192973908948126,1.9958032096523697
II,189,189,Global,0,True,108.21367355970024,2.5332687552064783
II,189,189,Huber,0,True,69.58033318834484,1.2097875925514838
II,189,189,Patch,0,True,76.48063675096026,1.942005664357436
II,189,189,Raw,0,True,115.85303391267335,2.5336078197997898
II,189,189,Trim,0,True,62.36583708427904,1.08379157551297
II,190,190,Full,0,True,57.59015370786432,1.875701568385715
II,190,190,Global,0,True,111.16498686547848,2.58361927302074
II,190,190,Huber,0,True,68.5396055186027,1.1593358674954155
II,190,190,Patch,0,True,78.96486834087091,1.9866707807296813
II,190,190,Raw,0,True,118.90407425681369,2.5783235782816583
II,190,190,Trim,0,True,61.41388579714441,0.9924356640030134
II,191,191,Full,0,True,46.79433147963146,1.5560377295973218
II,191,191,Global,0,True,108.7403250417453,2.511252604015848
II,191,191,Huber,0,True,67.96811502971478,1.2335662315322775
II,191,191,Patch,0,True,78.02880636966513,1.906985531542857
II,191,191,Raw,0,True,115.84417961861476,2.5107308284320324
II,191,191,Trim,0,True,61.71448314558899,1.0340117579508366
II,192,192,Full,0,True,54.489293488303886,1.9038414569150688
II,192,192,Global,0,True,112.80059201592869,2.679698757978697
II,192,192,Huber,0,True,66.66569320532763,1.1739163872238
II,192,192,Patch,0,True,81.18408167221693,1.9082958841613569
II,192,192,Raw,0,True,120.31390979303144,2.6778455732349555
II,192,192,Trim,0,True,59.258738101857865,1.2142744583821328
II,193,193,Full,1,True,48.15032917799736,2.13479428542906
II,193,193,Global,1,True,113.5018623440656,2.675108589675756
II,193,193,Huber,1,True,66.11108826204784,1.1450168067179378
II,193,193,Patch,1,True,78.79140770489572,1.6624702221623513
II,193,193,Raw,1,True,120.74227014457374,2.674946854068536
II,193,193,Trim,1,True,59.42767199784951,1.1097922284940496
II,194,194,Full,1,True,45.00063530498163,1.9454453939943004
II,194,194,Global,1,True,111.96501332832348,2.4556481883328574
II,194,194,Huber,1,True,64.80545999170135,1.1094625518008356
II,194,194,Patch,1,True,76.89454710301793,1.1777729560893546
II,194,194,Raw,1,True,118.82987041241654,2.4595537231452167
II,194,194,Trim,1,True,58.42301602953688,0.936981254920177
II,195,195,Full,1,True,52.42685906919144,1.9079670357950604
II,195,195,Global,1,True,115.20340690987284,2.5165966103072224
II,195,195,Huber,1,True,64.79149520428084,1.1408285416742896
II,195,195,Patch,1,True,81.93643823522834,1.0827820390436558
II,195,195,Raw,1,True,121.491130125877,2.512866608849175
II,195,195,Trim,1,True,57.99580426321844,0.9871575461659944
II,196,196,Full,1,True,48.38900841227792,2.1793940110613583
II,196,196,Global,1,True,110.36547566585588,2.284657987393187
II,196,196,Huber,1,True,64.20065827902089,0.8797804103659917
II,196,196,Patch,1,True,77.58907609244235,0.4982044792808305
II,196,196,Raw,1,True,116.98638876225009,2.286875522874132
II,196,196,Trim,1,True,56.20895273216241,0.8236966291771546
II,197,197,Full,1,True,50.00213411477103,2.014733982713085
II,197,197,Global,1,True,110.24598544480622,2.2684088024657107
II,197,197,Huber,1,True,61.92936656222378,1.0060312951360828
II,197,197,Patch,1,True,77.70629276733462,0.4632923151886901
II,197,197,Raw,1,True,116.49621772006614,2.2888805382160102
II,197,197,Trim,1,True,55.08475384423315,0.9280303284764766
II,238,238,Full,1,True,17.619387926125164,0.6435575972375566
II,238,238,Global,1,True,32.19290422247616,0.8151478302577443
II,238,238,Huber,1,True,43.30605121640526,0.4955678379731666
II,238,238,Patch,1,True,33.95494003011903,0.7868449564472367
II,238,238,Raw,1,True,44.01267542615943,0.8142763810694273
II,238,238,Trim,1,True,48.67665131672315,0.6259442422341255
II,239,239,Full,1,True,25.44178136552838,1.3149611994621846
II,239,239,Global,1,True,25.03787806818021,0.7747322731290591
II,239,239,Huber,1,True,46.38044032807797,0.7457162232739315
II,239,239,Patch,1,True,35.45322070156229,1.2027663443767451
II,239,239,Raw,1,True,39.35043981151488,0.7722860695943401
II,239,239,Trim,1,True,48.30996385947045,0.7625632884064873
II,240,240,Full,1,True,29.174017499732383,1.1986851649939845
II,240,240,Global,1,True,22.408375159150616,0.4244554522112011
II,240,240,Huber,1,True,45.35734615467705,0.4403665908328915
II,240,240,Patch,1,True,29.06035753407092,0.7161177948987223
II,240,240,Raw,1,True,37.95789063624896,0.4203299473062112
II,240,240,Trim,1,True,49.22171424401223,0.5876475351831194
II,241,241,Full,1,True,39.83527496725115,1.0745700206817894
II,241,241,Global,1,True,26.142301525164427,0.8218822956058051
II,241,241,Huber,1,True,47.50381611906656,0.6289405478058936
II,241,241,Patch,1,True,30.71077091643448,0.930370250555658
II,241,241,Raw,1,True,41.00846349821661,0.8239722131200277
II,241,241,Trim,1,True,48.94222774511267,0.6552100705571231
II,242,242,Full,1,True,42.910590076482286,1.0140671832323112
II,242,242,Global,1,True,29.280916969676305,0.8329698219946514
II,242,242,Huber,1,True,47.600001561660434,0.6840427622721169
II,242,242,Patch,1,True,33.67353148059891,1.262409887838594
II,242,242,Raw,1,True,42.80941401226609,0.8350791353473936
II,242,242,Trim,1,True,48.82363839355328,0.752143476734231
II,243,243,Full,1,True,43.85818894195874,1.3554819213702392
II,243,243,Global,1,True,29.606851506373143,0.8687128123786367
II,243,243,Huber,1,True,47.072493598850336,0.7008645685082904
II,243,243,Patch,1,True,36.82865155989114,1.2216616490298464
II,243,243,Raw,1,True,43.90502465390969,0.8690558474166972
II,243,243,Trim,1,True,48.06493836599101,0.7264177414977647
II,244,244,Full,1,True,47.74356137950912,1.228959664795535
II,244,244,Global,1,True,30.10848487333968,0.8223707153344194
II,244,244,Huber,1,True,45.66657689856901,0.7967767370374784
II,244,244,Patch,1,True,40.08410049696312,1.2348943039676863
II,244,244,Raw,1,True,44.900674951654814,0.8211138447437031
II,244,244,Trim,1,True,46.106191842054194,0.7695384581841731
II,245,245,Full,1,True,48.9710879212093,1.1654006473741865
II,245,245,Global,1,True,30.56463946770408,1.0092690049463282
II,245,245,Huber,1,True,46.43352141282846,0.7226075282171556
II,245,245,Patch,1,True,37.45406282072099,1.1824148318703511
II,245,245,Raw,1,True,44.92741808349415,1.0111924277323168
II,245,245,Trim,1,True,46.81169756223182,0.7774473644802613
II,246,246,Full,1,True,49.28886565776226,1.0683216247830465
II,246,246,Global,1,True,30.71935228713901,0.8466197919291155
II,246,246,Huber,1,True,45.74410651128511,0.6868351884656602
II,246,246,Patch,1,True,37.824405748806335,0.9369316879310576
II,246,246,Raw,1,True,46.22815569961819,0.8460063482335448
II,246,246,Trim,1,True,46.05033416400278,0.6978997634035168
II,247,247,Full,1,True,49.56908851285362,1.0099137614059082
II,247,247,Global,1,True,30.57722088771834,0.9219540455690628
II,247,247,Huber,1,True,45.28511516696851,0.677487931695287
II,247,247,Patch,1,True,41.76834728839959,1.0950531498927167
II,247,247,Raw,1,True,45.92338505653436,0.9215123621457656
II,247,247,Trim,1,True,44.81432325567101,0.650412771455613
II,248,248,Full,1,True,51.04938996198708,1.0635378748621986
II,248,248,Global,1,True,34.031673076171764,1.025999949044084
II,248,248,Huber,1,True,46.01846284942158,0.7191110933266136
II,248,248,Patch,1,True,40.33202063839625,0.8738448387441973
II,248,248,Raw,1,True,49.16850207081666,1.0244359408918589
II,248,248,Trim,1,True,45.25692478850823,0.7279230021429365
II,249,249,Full,1,True,47.258017950875725,1.2487079188148411
II,249,249,Global,1,True,27.71824476959134,0.6957758400417481
II,249,249,Huber,1,True,43.524652023779154,0.801296696663313
II,249,249,Patch,1,True,36.59768864901912,1.0452335545080094
II,249,249,Raw,1,True,44.31331144956396,0.6960654229647203
II,249,249,Trim,1,True,43.56498002062759,0.8943765968688802
II,250,250,Full,1,True,40.092251162175366,0.9582313800962934
II,250,250,Global,1,True,22.546231458933203,0.9164816047563136
II,250,250,Huber,1,True,44.02021363030024,0.7505066472185358
II,250,250,Patch,1,True,29.805888990680547,0.6238006227560251
II,250,250,Raw,1,True,40.953714943583,0.9161343788178974
II,250,250,Trim,1,True,44.82032843748223,0.8300201717964537
II,251,251,Full,1,True,42.89561428155262,1.6211314787176525
II,251,251,Global,1,True,25.25655326563152,0.8409533428805376
II,251,251,Huber,1,True,45.401156080884185,0.7532826675303984
II,251,251,Patch,1,True,34.65897145240095,0.8758597130425284
II,251,251,Raw,1,True,42.2364681851086,0.843102250512516
II,251,251,Trim,1,True,46.657961346290406,0.8787753627009742
II,252,252,Full,1,True,41.37505764620296,1.3729682257363272
II,252,252,Global,1,True,26.28935520053309,0.7946448255633857
II,252,252,Huber,1,True,43.75048246716626,0.6863078441723572
II,252,252,Patch,1,True,32.54027419379623,0.7723576852704026
II,252,252,Raw,1,True,43.05122730495862,0.7941349556395499
II,252,252,Trim,1,True,44.58545009145391,0.6775072404276977
II,253,253,Full,1,True,39.81987629901907,1.1598654130685706
II,253,253,Global,1,True,28.311098385386103,0.8884928639801051
II,253,253,Huber,1,True,43.88655668193705,0.7152774635650204
II,253,253,Patch,1,True,33.73284548341017,0.8329052107023642
II,253,253,Raw,1,True,44.522673764873055,0.8879386963671827
II,253,253,Trim,1,True,45.79826201310158,0.8277176962497429
II,254,254,Full,1,True,41.00059960514601,1.057759062971402
II,254,254,Global,1,True,28.13082060212217,0.6851561463368733
II,254,254,Huber,1,True,43.531959237934906,0.6395859179527663
II,254,254,Patch,1,True,33.68261991819367,0.5047365889528554
II,254,254,Raw,1,True,45.18314121737101,0.7344603518622776
II,254,254,Trim,1,True,44.11543045763696,0.6977467351130998
II,255,255,Full,1,True,49.05280215919814,1.0563333173784932
II,255,255,Global,1,True,31.58154385314344,1.0722081138909962
II,255,255,Huber,1,True,44.4687908618941,0.7377967823513741
II,255,255,Patch,1,True,38.93594705193085,0.8613260745757613
II,255,255,Raw,1,True,47.85938195109264,1.0722081138909842
II,255,255,Trim,1,True,44.70878901229827,0.8327779713380222
II,256,256,Full,1,True,42.2521509807527,1.3482639648425123
II,256,256,Global,1,True,32.28449145613534,0.9550520963786616
II,256,256,Huber,1,True,44.38449317992094,0.7106788354079193
II,256,256,Patch,1,True,35.208030305640214,0.7238923192299872
II,256,256,Raw,1,True,48.61291957580776,0.9476663485948452
II,256,256,Trim,1,True,45.5364254078036,0.7358573191328606
II,257,257,Full,1,True,40.17469576195199,1.1155280658969853
II,257,257,Global,1,True,32.01856693844201,1.105900879847939
II,257,257,Huber,1,True,44.55545620551595,0.8136472287315554
II,257,257,Patch,1,True,35.03860393380146,0.9076165543826256
II,257,257,Raw,1,True,48.71571230439984,1.105900879847944
II,257,257,Trim,1,True,44.93809217098226,0.8873488765150854
II,258,258,Full,1,True,43.09428031742932,0.919637118621772
II,258,258,Global,1,True,31.65226565061213,1.0758230462855491
II,258,258,Huber,1,True,44.07738322205095,0.8372753595200466
II,258,258,Patch,1,True,36.52235654251561,0.9184777034259995
II,258,258,Raw,1,True,48.57610329914484,1.0719565496566377
II,258,258,Trim,1,True,44.06112540344913,0.8197916200212688
II,259,259,Full,1,True,44.091497964387855,1.0224941138298358
II,259,259,Global,1,True,35.61563929669556,1.005959460977478
II,259,259,Huber,1,True,44.82718732307155,0.7938257267130666
II,259,259,Patch,1,True,38.45515964995551,0.965560541225878
II,259,259,Raw,1,True,52.06577433415263,1.0059594609774725
II,259,259,Trim,1,True,45.27094233837839,0.7864402081190837
II,260,260,Full,1,True,47.90050887987949,1.1887057629278728
II,260,260,Global,1,True,38.5429368627147,1.1739736326659251
II,260,260,Huber,1,True,46.96095247071096,1.0112288129337197
II,260,260,Patch,1,True,39.13830792039291,0.988283801208884
II,260,260,Raw,1,True,54.130540892792965,1.1735670822409707
II,260,260,Trim,1,True,46.29054068014359,0.9525222302826454
II,261,261,Full,1,True,43.18271517915237,1.0727314277187523
II,261,261,Global,1,True,37.95876670678108,1.3054516337205604
II,261,261,Huber,1,True,46.37578271566485,0.8390630167770347
II,261,261,Patch,1,True,39.09513655466185,1.2773990026150663
II,261,261,Raw,1,True,53.973916277877024,1.3076573083878031
II,261,261,Trim,1,True,46.40732348827372,0.934049817290416
II,262,262,Full,1,True,48.93442592381146,1.4067464344813818
II,262,262,Global,1,True,41.66437748191979,1.277178597202404
II,262,262,Huber,1,True,46.95999680305983,0.8400633347342973
II,262,262,Patch,1,True,38.981626559853375,1.2385336185535438
II,262,262,Raw,1,True,56.84468603755898,1.2779997630839108
II,262,262,Trim,1,True,46.478354115778586,0.8348442525668426
II,263,263,Full,1,True,50.26036170358947,1.3609807343865958
II,263,263,Global,1,True,42.05850286509337,1.1370081090045383
II,263,263,Huber,1,True,47.65991828773789,0.8051318076111134
II,263,263,Patch,1,True,39.45640821481319,0.8870523734897255
II,263,263,Raw,1,True,57.47046465879274,1.1355680669670922
II,263,263,Trim,1,True,46.68617451188069,0.6909500410032454
II,264,264,Full,1,True,45.515676323395695,1.3587947724244127
II,264,264,Global,1,True,41.859441561568055,1.3031551772101655
II,264,264,Huber,1,True,48.3225676767439,1.0037064454960922
II,264,264,Patch,1,True,40.025580692745,0.8687159120206756
II,264,264,Raw,1,True,57.9869324932067,1.3020083323734908
II,264,264,Trim,1,True,47.30928894575776,0.9281740023164884
II,265,265,Full,1,True,45.894447296652,1.4061652348522744
II,265,265,Global,1,True,47.79886483015212,1.3789408257444855
II,265,265,Huber,1,True,50.9573340921586,0.9428770954173488
II,265,265,Patch,1,True,47.48657158129013,1.2476492884096262
II,265,265,Raw,1,True,63.225051685653554,1.37790655020577
II,265,265,Trim,1,True,48.60168535000484,0.7922307027214356
II,266,266,Full,1,True,46.71980666010939,1.552762065294064
II,266,266,Global,1,True,50.3480021802137,1.5848986616408036
II,266,266,Huber,1,True,50.57353792640942,1.0389156334849188
II,266,266,Patch,1,True,50.10316063376639,1.33207901702511
II,266,266,Raw,1,True,65.3759607284272,1.583844919551556
II,266,266,Trim,1,True,48.40957189241079,0.8900015265263325
II,267,267,Full,1,True,53.63552092741833,1.6018117388477722
II,267,267,Global,1,True,46.50554481499878,1.6322115391777463
II,267,267,Huber,1,True,49.12867169029001,0.9900509305629832
II,267,267,Patch,1,True,45.00862733270124,1.285977238680262
II,267,267,Raw,1,True,62.09293360146691,1.6305880494933591
II,267,267,Trim,1,True,48.95297773951361,0.8552655603368179
II,268,268,Full,1,True,44.21680930921061,3.578743613975487
II,268,268,Global,1,True,58.80800822979099,1.83912774105897
II,268,268,Huber,1,True,51.71048363317247,0.9692576234464249
II,268,268,Patch,1,True,57.55824901399824,1.4479086730897806
II,268,268,Raw,1,True,73.41842489395759,1.8391277410589664
II,268,268,Trim,1,True,48.326183762230414,0.9441387798359836
II,269,269,Full,1,True,44.4237738951496,4.516168687426494
II,269,269,Global,1,True,64.73068965798359,2.24035495137127
II,269,269,Huber,1,True,54.0210434134442,1.1081406555839044
II,269,269,Patch,1,True,65.35725861412602,2.274888885897174
II,269,269,Raw,1,True,78.82891453168254,2.2414918979101315
II,269,269,Trim,1,True,49.93094806279667,0.8860878231475582
II,270,270,Full,1,True,48.70172396054264,3.2038655500943944
II,270,270,Global,1,True,67.47467605771807,2.337763613588986
II,270,270,Huber,1,True,53.79575285333013,1.098016759292971
II,270,270,Patch,1,True,64.90065457889493,2.0342769136336862
II,270,270,Raw,1,True,80.85753176706064,2.3360400192309507
II,270,270,Trim,1,True,50.50103257649801,0.9052340831518204
II,271,271,Full,1,True,42.31203032333194,5.168708215594895
II,271,271,Global,1,True,75.9033474551716,3.247806359746399
II,271,271,Huber,1,True,56.23783772816915,1.0574448058591095
II,271,271,Patch,1,True,76.66735192545762,3.3044153159083254
II,271,271,Raw,1,True,88.65008494512286,3.2338453762890738
II,271,271,Trim,1,True,50.88305195618271,0.8620973082391089
II,272,272,Full,1,True,56.74996800480964,5.2986277645054205
II,272,272,Global,1,True,82.52002383941053,3.357732247470327
II,272,272,Huber,1,True,59.49805606798471,1.0296054997046893
II,272,272,Patch,1,True,84.77919788311549,3.578698797525389
II,272,272,Raw,1,True,93.99836722996896,3.340499912368344
II,272,272,Trim,1,True,52.13312603969459,0.8881887846670354
II,273,273,Full,1,True,67.18185199309701,5.237436986999479
II,273,273,Global,1,True,92.1881520213098,4.673242732188635
II,273,273,Huber,1,True,62.79627735611436,1.1256394927076696
II,273,273,Patch,1,True,94.37443148166388,4.748557500393288
II,273,273,Raw,1,True,103.05728362240566,4.653495325683017
II,273,273,Trim,1,True,53.77693970527167,0.903945808761445
II,274,274,Full,1,True,73.10373091873826,5.028926423957982
II,274,274,Global,1,True,96.36310152376592,4.94252743497869
II,274,274,Huber,1,True,64.01273587148326,1.094611584833286
II,274,274,Patch,1,True,100.0631160346191,5.802720891766797
II,274,274,Raw,1,True,107.07053811795208,4.934323167693665
II,274,274,Trim,1,True,53.55885751464306,0.9222194712987736
II,275,275,Full,1,True,57.77220534966492,7.092455233034891
II,275,275,Global,1,True,98.66069259397516,7.155280167958945
II,275,275,Huber,1,True,64.76340778538844,1.1628655069014808
II,275,275,Patch,1,True,102.65122005250473,7.243807899031375
II,275,275,Raw,1,True,110.02929613060776,7.155280167958935
II,275,275,Trim,1,True,53.98638912948009,0.8661686104333182
II,276,276,Full,1,True,71.29629635865669,4.5736997124277705
II,276,276,Global,1,True,92.95618212165004,4.141244366707207
II,276,276,Huber,1,True,65.95243536226504,1.146382716829543
II,276,276,Patch,1,True,93.35758299784874,4.128545476630912
II,276,276,Raw,1,True,103.79412967459815,4.12184520404769
II,276,276,Trim,1,True,54.68338676814077,0.9342671452595044
II,277,277,Full,1,True,55.0475387992021,5.799616943020694
II,277,277,Global,1,True,93.14354571377976,5.507671756461377
II,277,277,Huber,1,True,66.46382073691623,1.0454217603249525
II,277,277,Patch,1,True,93.36908284441348,5.762970244943318
II,277,277,Raw,1,True,104.11419887101556,5.482087025242356
II,277,277,Trim,1,True,54.43044417754225,0.8885383421665273
II,278,278,Full,1,True,57.48784342694135,6.165700941906719
II,278,278,Global,1,True,96.76785962981884,5.768383162622461
II,278,278,Huber,1,True,68.41366299276818,1.0756461957213423
II,278,278,Patch,1,True,102.06561325167029,6.599298797288448
II,278,278,Raw,1,True,107.37652268170214,5.768729037974529
II,278,278,Trim,1,True,56.465718495439184,0.9135961621910126
II,279,279,Full,1,True,51.23653196229935,5.954923549627038
II,279,279,Global,1,True,94.7106913534408,4.91652303491838
II,279,279,Huber,1,True,70.38282266364662,1.0863771561602027
II,279,279,Patch,1,True,95.03059167903074,5.366826837389676
II,279,279,Raw,1,True,105.3329779536514,4.905839115556192
II,279,279,Trim,1,True,57.99838255482022,0.929141165347112
II,280,280,Full,1,True,47.96874548450484,8.311649406424351
II,280,280,Global,1,True,97.3437181888939,6.011944010301814
II,280,280,Huber,1,True,71.3677080744493,1.1173923062677535
II,280,280,Patch,1,True,97.98763654425083,6.22435020850181
II,280,280,Raw,1,True,108.68200186504288,6.011099193398176
II,280,280,Trim,1,True,58.22143397039324,0.912054325212882
II,281,281,Full,1,True,60.20233405890989,4.587675005983655
II,281,281,Global,1,True,89.66746660546004,3.5869688198066947
II,281,281,Huber,1,True,71.76828957375875,1.103888909883139
II,281,281,Patch,1,True,89.7546521970801,3.918482504042891
II,281,281,Raw,1,True,100.8114976212009,3.57959181865892
II,281,281,Trim,1,True,58.54077527387698,1.0182489869511944
II,282,282,Full,1,True,51.86251330965612,6.467039089693072
II,282,282,Global,1,True,93.73852793798508,4.241958516443647
II,282,282,Huber,1,True,71.94207769437625,0.9781319756739388
II,282,282,Patch,1,True,94.85357736685005,4.606532468716454
II,282,282,Raw,1,True,105.23366774493044,4.241872455558567
II,282,282,Trim,1,True,58.45441767486837,0.9391511531592832
II,283,283,Full,2,True,55.01297570530875,4.737786518519899
II,283,283,Global,2,True,91.54253680744422,3.559113194610034
II,283,283,Huber,2,True,71.85631228513164,0.9567593675131092
II,283,283,Patch,2,True,89.96396047697061,3.303521332752616
II,283,283,Raw,2,True,103.0121832995778,3.559113194610028
II,283,283,Trim,2,True,59.64239443518311,0.942568830126066
II,284,284,Full,2,True,54.64010661503193,5.081065684571719
II,284,284,Global,2,True,85.35018149139962,3.135180125641933
II,284,284,Huber,2,True,70.06072907412914,0.9148031819244056
II,284,284,Patch,2,True,84.50668703909605,3.5339876475162626
II,284,284,Raw,2,True,97.38072846606964,3.1344278970381967
II,284,284,Trim,2,True,58.71299055142664,0.9479752651199786
II,285,285,Full,2,True,58.02468634125284,2.896963713741836
II,285,285,Global,2,True,82.43172368476915,2.681770590137748
II,285,285,Huber,2,True,67.4429798190232,0.9774934931592972
II,285,285,Patch,2,True,81.05339748145957,2.6977832384029226
II,285,285,Raw,2,True,94.24085551746998,2.680414469561164
II,285,285,Trim,2,True,57.778188281222725,0.966637278160806
II,286,286,Full,2,True,66.30599771479629,2.026357782163981
II,286,286,Global,2,True,77.31605729331751,1.631173732875176
II,286,286,Huber,2,True,67.69389688468365,0.9331622798728914
II,286,286,Patch,2,True,75.8742266678673,1.6146981529362527
II,286,286,Raw,2,True,89.4505722731272,1.6344217342887182
II,286,286,Trim,2,True,58.37697573911417,0.9549166351890628
II,287,287,Full,2,True,68.79158324610493,1.218914777038698
II,287,287,Global,2,True,76.69947463910991,1.722306999012873
II,287,287,Huber,2,True,67.89020830341232,0.9381622945499072
II,287,287,Patch,2,True,74.92205553495704,1.93963114265556
II,287,287,Raw,2,True,88.64583038184321,1.7239510078135476
II,287,287,Trim,2,True,58.71632611230663,0.939049931186846
II,288,288,Full,2,True,73.37821126346466,1.111631544425649
II,288,288,Global,2,True,81.54673133587818,1.981349390801305
II,288,288,Huber,2,True,68.84669292591998,1.044351220479237
II,288,288,Patch,2,True,78.5330446104494,1.9242352753938865
II,288,288,Raw,2,True,93.20125648714053,1.9813571152904343
II,288,288,Trim,2,True,59.03415580598863,1.0204877490139723
II,289,289,Full,2,True,70.96268061937047,0.7235067568170989
II,289,289,Global,2,True,81.53644293174099,1.9214731044879647
II,289,289,Huber,2,True,70.83995817906849,0.9586053101804856
II,289,289,Patch,2,True,80.02199658425639,1.987930324904608
II,289,289,Raw,2,True,93.26086179110833,1.921368251051737
II,289,289,Trim,2,True,60.449361492931146,1.082737282837759
II,290,290,Full,2,True,78.77306484166049,0.9151674080073496
II,290,290,Global,2,True,81.60663983303829,1.6571015478315367
II,290,290,Huber,2,True,70.59177223098385,0.8175342511790803
II,290,290,Patch,2,True,80.47333631202595,1.7036543454197275
II,290,290,Raw,2,True,93.16017170743524,1.657655672142764
II,290,290,Trim,2,True,61.37851141442112,0.9315525498919716
II,291,291,Full,2,True,73.67645641422646,0.7960805098616532
II,291,291,Global,2,True,80.50511476071658,1.786785065742725
II,291,291,Huber,2,True,70.22179299497616,0.9894738323925756
II,291,291,Patch,2,True,78.27450479729485,1.812644084346068
II,291,291,Raw,2,True,92.50362732174771,1.78580728964304
II,291,291,Trim,2,True,60.94392858557087,1.0187484576198962
II,292,292,Full,2,True,76.36593589766876,0.9279912276165944
II,292,292,Global,2,True,83.37904519859612,1.9690230172422056
II,292,292,Huber,2,True,70.24076482856437,1.076347061759141
II,292,292,Patch,2,True,81.84921981566019,1.9155034330366625
II,292,292,Raw,2,True,95.29699537353818,1.9694423102841945
II,292,292,Trim,2,True,61.19783913545547,1.0967587463692428
II,293,293,Full,2,True,73.65796794002569,1.0535970626508795
II,293,293,Global,2,True,76.5364400106885,1.666228903094429
II,293,293,Huber,2,True,67.2315088000859,1.025735432904107
II,293,293,Patch,2,True,75.89521062518186,1.7090482375114802
II,293,293,Raw,2,True,88.76385392592422,1.6647602034619338
II,293,293,Trim,2,True,58.67249409649978,1.0529871281639869
II,294,294,Full,2,True,77.20522183888733,1.0508299172707576
II,294,294,Global,2,True,75.8721432968735,1.7373730299321155
II,294,294,Huber,2,True,63.94410718408394,1.0598093181807635
II,294,294,Patch,2,True,75.26465084691483,1.752425320518489
II,294,294,Raw,2,True,88.40009377898583,1.738303178144902
II,294,294,Trim,2,True,58.56524413154996,0.9621694530849704
II,295,295,Full,2,True,68.50065553928535,0.8122473303901045
II,295,295,Global,2,True,76.37877570381977,1.5952415625979617
II,295,295,Huber,2,True,62.75867053939442,1.1734533988333316
II,295,295,Patch,2,True,74.54786387578181,1.6535759791395137
II,295,295,Raw,2,True,88.94031918468656,1.5969635347696869
II,295,295,Trim,2,True,58.10193727709147,1.09844602198852
II,296,296,Full,2,True,72.27903430653659,0.8828431032036086
II,296,296,Global,2,True,74.46526239309028,1.7208356157951603
II,296,296,Huber,2,True,66.61195927863933,1.0413990996180635
II,296,296,Patch,2,True,73.12169773220113,1.797747203066041
II,296,296,Raw,2,True,86.94047911555772,1.7213590706911908
II,296,296,Trim,2,True,59.6901381012023,1.1182689684171725
II,297,297,Full,2,True,67.2560367008917,1.283346754245391
II,297,297,Global,2,True,72.9847645221715,1.6389623152656845
II,297,297,Huber,2,True,65.72283627208459,1.0623653774632853
II,297,297,Patch,2,True,70.8778461509393,1.7228133470580105
II,297,297,Raw,2,True,85.50446499667541,1.644394601709061
II,297,297,Trim,2,True,58.756801847334174,1.127604016323707
II,298,298,Full,2,True,69.49547884808115,0.7929593568979237
II,298,298,Global,2,True,74.90464156174257,1.690709469279714
II,298,298,Huber,2,True,66.85354706899032,0.9764407559829168
II,298,298,Patch,2,True,71.55832206515093,1.7493605700332533
II,298,298,Raw,2,True,87.02545584469871,1.6907847216122731
II,298,298,Trim,2,True,60.22001571481884,1.0426402995082966
II,299,299,Full,2,True,71.20227044177508,0.7687604668783874
II,299,299,Global,2,True,74.53992169011295,1.6270295503883163
II,299,299,Huber,2,True,66.67894434439735,0.9978231525294282
II,299,299,Patch,2,True,73.41763165672384,1.7635908252381365
II,299,299,Raw,2,True,87.05464641706793,1.6275246862120745
II,299,299,Trim,2,True,59.97247151277684,1.0420664255054064
II,300,300,Full,2,True,73.90134471507172,0.9667912365886556
II,300,300,Global,2,True,72.9191243270471,1.6763639667217705
II,300,300,Huber,2,True,67.58107286961368,0.9820022021237472
II,300,300,Patch,2,True,69.21954986597602,1.565140476469963
II,300,300,Raw,2,True,85.4057845921113,1.6763969415252622
II,300,300,Trim,2,True,62.21083990878861,1.0666759009476725
II,301,301,Full,2,True,74.13585099905396,0.786764661800842
II,301,301,Global,2,True,77.35975887808505,1.6673281923144572
II,301,301,Huber,2,True,69.01182064983905,0.9995110200454952
II,301,301,Patch,2,True,74.15457012682563,1.7630603883844491
II,301,301,Raw,2,True,89.83319126704258,1.6671672033918388
II,301,301,Trim,2,True,62.271876740857095,1.04056810583708
II,302,302,Full,2,True,73.99327053900372,0.9335060476322846
II,302,302,Global,2,True,76.49085549894299,1.8863374612164183
II,302,302,Huber,2,True,64.35972418447143,1.3050034659063068
II,302,302,Patch,2,True,71.7000040573419,1.849658207669984
II,302,302,Raw,2,True,88.92510974107853,1.8873596507386243
II,302,302,Trim,2,True,63.76198738848003,1.1916399186600737
II,303,303,Full,2,True,69.68358482257291,1.1923981533244248
II,303,303,Global,2,True,76.16178673586373,1.7190333395032191
II,303,303,Huber,2,True,69.57843523718624,1.0239300205694328
II,303,303,Patch,2,True,70.80593164176982,1.7919847598143552
II,303,303,Raw,2,True,89.04705460904597,1.7200852191814928
II,303,303,Trim,2,True,63.08610205302775,1.1226943259495206
II,304,304,Full,2,True,78.88146576830393,1.3285866202267984
II,304,304,Global,2,True,74.84440743822253,1.800668185352045
II,304,304,Huber,2,True,66.94924548577971,1.0905722064082035
II,304,304,Patch,2,True,71.26292768156675,1.6863428261331015
II,304,304,Raw,2,True,87.30513536779024,1.8013607172718609
II,304,304,Trim,2,True,61.35207193351782,1.1187758561777057
II,305,305,Full,2,True,74.32021045432774,0.921376224946126
II,305,305,Global,2,True,76.04631923564996,1.848231729704633
II,305,305,Huber,2,True,67.35410482634933,1.047162213313935
II,305,305,Patch,2,True,71.17381741086655,1.814369809684213
II,305,305,Raw,2,True,88.58969295720053,1.8511781403767689
II,305,305,Trim,2,True,60.59505321022774,1.1175339531037642
II,306,306,Full,2,True,77.60027165740397,1.4087188040260952
II,306,306,Global,2,True,76.68029985571471,1.8947959119681963
II,306,306,Huber,2,True,67.66567836423744,1.0898843552888593
II,306,306,Patch,2,True,71.09849116248029,1.8404517595268544
II,306,306,Raw,2,True,89.25721842231155,1.897185053396688
II,306,306,Trim,2,True,61.08695088500054,1.1257822835147722
II,307,307,Full,2,True,82.2245227247537,1.5485650285912724
II,307,307,Global,2,True,75.7739376041402,1.716370682039961
II,307,307,Huber,2,True,67.60260198414295,1.009495246103867
II,307,307,Patch,2,True,70.23582100070723,1.5578257993023612
II,307,307,Raw,2,True,88.2754247503575,1.7162913433871807
II,307,307,Trim,2,True,61.33376461252613,1.1065829390016588
II,308,308,Full,2,True,80.56915943930723,1.2390644224382628
II,308,308,Global,2,True,77.23152420828626,1.9332218368450904
II,308,308,Huber,2,True,67.33059848078328,1.1782596933842289
II,308,308,Patch,2,True,73.46966378512415,1.8074086730337915
II,308,308,Raw,2,True,89.94607378408185,1.9319872205419624
II,308,308,Trim,2,True,61.44481086138685,1.2429293916278388
II,309,309,Full,2,True,81.52625987229253,1.347776530532947
II,309,309,Global,2,True,76.64995164946599,1.7350792060526323
II,309,309,Huber,2,True,67.4948226142841,1.1414501246588762
II,309,309,Patch,2,True,72.62972264183144,1.806418866619612
II,309,309,Raw,2,True,89.94153010045487,1.736459928815406
II,309,309,Trim,2,True,61.5470917786474,1.1211629307131885
II,310,310,Full,2,True,79.24973475327053,1.3697301692985075
II,310,310,Global,2,True,79.35067422826545,2.191394930583879
II,310,310,Huber,2,True,67.74509400177236,1.097913778811439
II,310,310,Patch,2,True,74.27988139563826,1.8397115737568464
II,310,310,Raw,2,True,93.36056141020131,2.190356805545071
II,310,310,Trim,2,True,61.04302004632349,1.223245282511532
II,311,311,Full,2,True,79.47860138624289,1.273276109758425
II,311,311,Global,2,True,77.99164954319582,1.88035229025328
II,311,311,Huber,2,True,66.82410409620583,1.1225827325465032
II,311,311,Patch,2,True,72.23021820166139,1.6590481985408292
II,311,311,Raw,2,True,92.52235630926111,1.8457398436232948
II,311,311,Trim,2,True,60.30241992189677,1.0683052096357244
II,312,312,Full,2,True,76.99334947248953,0.8314133876388866
II,312,312,Global,2,True,79.8251490330052,2.1506101218029365
II,312,312,Huber,2,True,65.35308995388658,1.106675738762259
II,312,312,Patch,2,True,73.69815541028372,1.4340313332378984
II,312,312,Raw,2,True,95.15083684390156,2.1500517154864256
II,312,312,Trim,2,True,58.733416411869726,1.172550697507217
II,313,313,Full,2,True,78.42970301208322,1.3487036900304905
II,313,313,Global,2,True,87.80672072534027,3.552115736073403
II,313,313,Huber,2,True,66.22919578631681,1.093460852208619
II,313,313,Patch,2,True,80.29823297824075,2.1340349773355927
II,313,313,Raw,2,True,103.2666744257021,3.553882376585612
II,313,313,Trim,2,True,58.9118576706522,1.132007094514629
II,314,314,Full,2,True,74.36508268540774,1.21871194517357
II,314,314,Global,2,True,79.24283662076643,2.2243032216548126
II,314,314,Huber,2,True,64.73460477220847,1.0767829943655791
II,314,314,Patch,2,True,71.57764533447113,1.4663842504419542
II,314,314,Raw,2,True,94.72451623327788,2.222736105491622
II,314,314,Trim,2,True,57.935894889934914,1.1761291757050505
II,315,315,Full,2,True,75.12736837268054,0.909631216649708
II,315,315,Global,2,True,83.13543916189485,1.490708274105341
II,315,315,Huber,2,True,65.77957291259604,1.065743045753591
II,315,315,Patch,2,True,74.35211462667607,1.152286370521865
II,315,315,Raw,2,True,98.16405122858406,1.491534444743477
II,315,315,Trim,2,True,59.29596709274262,1.1760973707219438
II,316,316,Full,2,True,74.2923348097196,0.8440767194847701
II,316,316,Global,2,True,81.6126994756373,1.951914498282361
II,316,316,Huber,2,True,64.90384195720993,1.142823316449707
II,316,316,Patch,2,True,72.5881142674654,1.2659200198141751
II,316,316,Raw,2,True,96.59611527178944,1.95153757984386
II,316,316,Trim,2,True,58.8971279418634,1.168827961743768
II,317,317,Full,2,True,74.8243263798834,1.4368208360705128
II,317,317,Global,2,True,86.56914379096798,2.4172149866372736
II,317,317,Huber,2,True,64.68922666282596,1.0235128107242644
II,317,317,Patch,2,True,76.6529153104302,0.6987130357849567
II,317,317,Raw,2,True,101.36767441328792,2.4208563286918223
II,317,317,Trim,2,True,58.57043115799838,1.2321999865239848
II,318,318,Full,2,True,70.44396225821662,5.86412742135023
II,318,318,Global,2,True,90.05658879685785,4.040831576825866
II,318,318,Huber,2,True,64.30153495030626,1.1494963011572392
II,318,318,Patch,2,True,79.3594844546955,1.4510936554904366
II,318,318,Raw,2,True,104.8041022854652,4.040074337746363
II,318,318,Trim,2,True,57.91239491293731,1.2755018987640323
II,319,319,Full,2,True,78.25159647692978,8.309295962222263
II,319,319,Global,2,True,99.49499513202768,4.6531597808938026
II,319,319,Huber,2,True,64.0870096274617,1.1154580561170462
II,319,319,Patch,2,True,87.36857428694756,1.566485345465915
II,319,319,Raw,2,True,113.59652444067054,4.655230235676185
II,319,319,Trim,2,True,58.27685487184405,1.252577010306534
II,320,320,Full,2,True,81.33675712146017,8.652021393488642
II,320,320,Global,2,True,102.25574175919893,5.5216376199196135
II,320,320,Huber,2,True,63.5830108702108,1.1520194909704524
II,320,320,Patch,2,True,91.70417101561566,2.073407449152018
II,320,320,Raw,2,True,116.60650037039774,5.521371408032271
II,320,320,Trim,2,True,58.04104502866936,1.1801890342811416
II,321,321,Full,2,True,75.65304540754988,8.343696388255124
II,321,321,Global,2,True,95.81862294561328,4.4522655984840185
II,321,321,Huber,2,True,62.4010191646098,1.0645988586988189
II,321,321,Patch,2,True,84.7608593632579,1.6848128680602887
II,321,321,Raw,2,True,110.41085242345908,4.453268468137246
II,321,321,Trim,2,True,56.51790146995236,1.1797672290723245
II,322,322,Full,2,True,94.99887898744964,14.142064240582604
II,322,322,Global,2,True,115.5922380464351,1.476144176333808
II,322,322,Huber,2,True,62.51519028790816,1.0673023263571089
II,322,322,Patch,2,True,105.41110119078988,1.806811921010308
II,322,322,Raw,2,True,129.3990255361285,1.4723462153027085
II,322,322,Trim,2,True,57.0538150533802,1.1338160825010446
II,323,323,Full,2,True,106.33939392462716,14.810164196312696
II,323,323,Global,2,True,123.77692339451436,0.4865228294786194
II,323,323,Huber,2,True,62.03287669424424,1.0555694643556075
II,323,323,Patch,2,True,112.90566549451351,2.7385073779535904
II,323,323,Raw,2,True,137.35957211124173,0.4854603775506823
II,323,323,Trim,2,True,56.65918806859036,1.1265662396516618
II,324,324,Full,2,True,117.03963750204804,14.84250803847714
II,324,324,Global,2,True,131.3724406624028,2.743538525903682
II,324,324,Huber,2,True,62.54200194334819,0.9747089740392264
II,324,324,Patch,2,True,120.25111706404084,4.532420054979943
II,324,324,Raw,2,True,144.16785538491084,2.727232875696336
II,324,324,Trim,2,True,57.3243304560806,1.0896111365862993
II,325,325,Full,2,True,131.5437077963294,14.667900931543006
II,325,325,Global,2,True,140.84431338911554,8.320488210756691
II,325,325,Huber,2,True,61.8233573087532,0.9412578057999764
II,325,325,Patch,2,True,130.71072869673924,8.695462615690339
II,325,325,Raw,2,True,153.61126175537072,8.330370292471704
II,325,325,Trim,2,True,56.10603398552554,1.0914067653977797
II,326,326,Full,2,True,140.36632060688092,14.5210596389606
II,326,326,Global,2,True,148.6338089677692,10.197927452030806
II,326,326,Huber,2,True,60.08363185839055,0.9591703481821504
II,326,326,Patch,2,True,137.91333285592148,9.989196339443492
II,326,326,Raw,2,True,160.73887654496326,10.20558383630702
II,326,326,Trim,2,True,54.89588438857711,1.1074090557227094
II,327,327,Full,2,True,132.54706188544432,3.980000512664335
II,327,327,Global,2,True,161.99273167021795,12.464591904762075
II,327,327,Huber,2,True,60.7340962687793,0.9977993033733504
II,327,327,Patch,2,True,149.8750056845451,12.708378916214263
II,327,327,Raw,2,True,173.489692886891,12.48635404296986
II,327,327,Trim,2,True,54.65165499699173,1.1151840188744613
II,328,328,Full,2,True,141.23716826715446,4.903435082240079
II,328,328,Global,2,True,171.21307791224137,12.619106536656142
II,328,328,Huber,2,True,61.14527279222404,1.109547090605186
II,328,328,Patch,2,True,160.4800015299922,12.478382206982332
II,328,328,Raw,2,True,182.707760877558,12.613023870683094
II,328,328,Trim,2,True,55.55392231865593,1.226196393338952
II,329,329,Full,2,True,117.23331583790907,5.214104014025897
II,329,329,Global,2,True,146.07054082790302,11.318715283996854
II,329,329,Huber,2,True,59.43059226296831,0.9979429909612382
II,329,329,Patch,2,True,134.7323993417811,10.583248978373524
II,329,329,Raw,2,True,158.2045819396164,11.319158345972978
II,329,329,Trim,2,True,53.96862814970903,1.133902692165798
II,330,330,Full,2,True,113.14562305154011,4.460205508814994
II,330,330,Global,2,True,142.5606244094919,10.716351153525627
II,330,330,Huber,2,True,59.0461376823916,1.0146048414108455
II,330,330,Patch,2,True,129.37311907400357,9.953934147378558
II,330,330,Raw,2,True,154.76999374411554,10.724079172318914
II,330,330,Trim,2,True,53.09806572493624,1.1330969343618449
II,331,331,Full,2,True,110.42822547878944,5.65811362033611
II,331,331,Global,2,True,139.79601648432495,10.182700510184846
II,331,331,Huber,2,True,59.319294851647975,1.034999336315695
II,331,331,Patch,2,True,126.00161098360304,9.553662117150152
II,331,331,Raw,2,True,151.8888712660298,10.182965457267343
II,331,331,Trim,2,True,53.531872465125325,1.1939905294741897
II,332,332,Full,2,True,102.52258621232056,7.111627932095044
II,332,332,Global,2,True,131.10767159348052,8.520895150301437
II,332,332,Huber,2,True,58.946484001975534,1.0269580535947462
II,332,332,Patch,2,True,116.10790328419888,7.690650985031803
II,332,332,Raw,2,True,143.6079780414489,8.524322880425222
II,332,332,Trim,2,True,53.42732519723662,1.1709944024434964
II,333,333,Full,3,True,99.63034302470123,7.000768800910789
II,333,333,Global,3,True,126.92277976085848,8.228134944092194
II,333,333,Huber,3,True,59.65670651956702,1.0969744264373025
II,333,333,Patch,3,True,113.92971163443708,7.499089612172554
II,333,333,Raw,3,True,139.99849786213974,8.228365556333594
II,333,333,Trim,3,True,53.90202320236142,1.2241387203565484
II,334,334,Full,3,True,87.99855129493099,5.122145542882158
II,334,334,Global,3,True,111.6336724670918,5.99724197285698
II,334,334,Huber,3,True,58.22898387919805,1.0579484814650115
II,334,334,Patch,3,True,97.51229895262716,5.256468124348958
II,334,334,Raw,3,True,124.81945898782486,5.9996917068073286
II,334,334,Trim,3,True,52.57151842598988,1.2150474157038162
II,335,335,Full,3,True,80.52018410433078,5.32121282799514
II,335,335,Global,3,True,103.78194314520346,5.099802397010063
II,335,335,Huber,3,True,58.66752828786795,1.0845906568198642
II,335,335,Patch,3,True,87.42835638952103,4.207742638735151
II,335,335,Raw,3,True,117.48709878545364,5.099802397010048
II,335,335,Trim,3,True,52.78781669858877,1.291863435989201
II,336,336,Full,3,True,74.44540382036432,4.500486075561523
II,336,336,Global,3,True,94.29430974763822,3.621075043712081
II,336,336,Huber,3,True,57.8629957609068,0.942373721472208
II,336,336,Patch,3,True,78.21796804298114,2.988782843539352
II,336,336,Raw,3,True,108.2306211838787,3.6218932840523306
II,336,336,Trim,3,True,52.35901260060341,1.0904423816880109
II,337,337,Full,3,True,71.6351308914396,4.310213852644187
II,337,337,Global,3,True,91.32339684784132,3.281005997597338
II,337,337,Huber,3,True,57.653056875874114,0.998733842830417
II,337,337,Patch,3,True,74.5086266867165,2.723047008175873
II,337,337,Raw,3,True,105.11202521093227,3.2830839358919546
II,337,337,Trim,3,True,52.0637865936444,1.1586514619282031
II,338,338,Full,3,True,71.18424275759749,3.2641377861005165
II,338,338,Global,3,True,85.90313988534818,2.569311443764689
II,338,338,Huber,3,True,58.56317486139925,1.0711054564759854
II,338,338,Patch,3,True,69.06444838260589,2.1691154376289683
II,338,338,Raw,3,True,99.73426461598964,2.571424912888696
II,338,338,Trim,3,True,52.65229363799401,1.2145128440459396
II,339,339,Full,3,True,74.2672719246966,3.898849906124725
II,339,339,Global,3,True,93.52598698492082,2.763937092121618
II,339,339,Huber,3,True,58.20921117473755,1.107703710966299
II,339,339,Patch,3,True,75.96704816039035,2.327942599947279
II,339,339,Raw,3,True,107.49513165882816,2.760367921288492
II,339,339,Trim,3,True,52.47702805256506,1.2654499486784485
II,340,340,Full,3,True,67.15193706683006,2.178165415301581
II,340,340,Global,3,True,76.64420678513353,2.0932589870930274
II,340,340,Huber,3,True,56.95835062978211,1.0314431498631584
II,340,340,Patch,3,True,60.15437477084646,1.305543931579011
II,340,340,Raw,3,True,90.9329427662938,2.092805979367992
II,340,340,Trim,3,True,50.865483861380994,1.120931638784581
II,341,341,Full,3,True,68.35940710491808,2.986518372875408
II,341,341,Global,3,True,85.62426384266546,1.8805477425278352
II,341,341,Huber,3,True,56.76860605666386,1.0078380654668422
II,341,341,Patch,3,True,69.35610952278478,1.259313046686683
II,341,341,Raw,3,True,99.85330207881216,1.8823990631269607
II,341,341,Trim,3,True,50.94494726225063,1.116640363693756
II,342,342,Full,3,True,66.50029329885379,2.9046481870542005
II,342,342,Global,3,True,84.7622371401916,1.5340384439209838
II,342,342,Huber,3,True,57.63337347806387,1.060715646346644
II,342,342,Patch,3,True,67.29863484710327,1.0131932645671895
II,342,342,Raw,3,True,98.89349867843356,1.5276703707429378
II,342,342,Trim,3,True,51.74583265918854,1.162289766154716
II,343,343,Full,3,True,68.68192716896426,1.8213728724611968
II,343,343,Global,3,True,75.28926539264653,1.7175825844483943
II,343,343,Huber,3,True,57.52603267429733,1.0142262395827573
II,343,343,Patch,3,True,59.654626042165866,0.7586379784719455
II,343,343,Raw,3,True,89.878759083939,1.71757110994871
II,343,343,Trim,3,True,51.608231512647855,1.103989101682333
II,344,344,Full,3,True,69.68343909204759,2.2481345546116223
II,344,344,Global,3,True,76.94279295308715,1.3060590419217095
II,344,344,Huber,3,True,57.07045281980369,1.0714493835174503
II,344,344,Patch,3,True,61.38624140343426,0.8249347892563584
II,344,344,Raw,3,True,91.581522545963,1.3057084695165435
II,344,344,Trim,3,True,51.75889280638731,1.1718564434480754
II,345,345,Full,3,True,67.36511641444469,2.1409975093410627
II,345,345,Global,3,True,74.22023588005119,1.1736039165523515
II,345,345,Huber,3,True,55.96685338283784,1.025313458928968
II,345,345,Patch,3,True,58.89005873702818,0.9196231168097364
II,345,345,Raw,3,True,89.14195613367338,1.173890740991455
II,345,345,Trim,3,True,50.20917938453234,1.1689339028601309
II,346,346,Full,3,True,64.98059337038765,1.8122176995718629
II,346,346,Global,3,True,69.32013767096882,1.424902441708896
II,346,346,Huber,3,True,56.29026588063725,1.016408102849612
II,346,346,Patch,3,True,53.57478037514748,1.070546404411535
II,346,346,Raw,3,True,84.06720559210184,1.4254049110460143
II,346,346,Trim,3,True,50.41957793578103,1.086732329070818
II,347,347,Full,3,True,65.72738637260431,1.5663285121406054
II,347,347,Global,3,True,70.53387159424389,1.68993503163777
II,347,347,Huber,3,True,56.803371414509456,1.1300390557600035
II,347,347,Patch,3,True,54.57052778329002,1.0977456587058096
II,347,347,Raw,3,True,84.96698182226378,1.6894146018906755
II,347,347,Trim,3,True,50.54874582740861,1.2722345731504687
II,348,348,Full,3,True,68.58530395361106,1.6331059438794815
II,348,348,Global,3,True,65.0372296320859,1.5754587474211463
II,348,348,Huber,3,True,56.49403683905983,0.9286214870545604
II,348,348,Patch,3,True,48.3435514474657,0.9815424829697064
II,348,348,Raw,3,True,79.07613331466212,1.575458747421197
II,348,348,Trim,3,True,50.77034865284818,1.01505803892054
II,349,349,Full,3,True,67.96919911162529,1.6666350897522089
II,349,349,Global,3,True,65.83216439423981,1.5429327357243272
II,349,349,Huber,3,True,57.06190291298946,0.9905316059406364
II,349,349,Patch,3,True,48.95647513054235,1.395369080573447
II,349,349,Raw,3,True,79.77337483475732,1.5443611906147496
II,349,349,Trim,3,True,50.51306638820171,1.157106912689449
II,350,350,Full,3,True,73.42159420716835,1.688945584789096
II,350,350,Global,3,True,63.53522319688572,1.5820716331756726
II,350,350,Huber,3,True,56.29879620782672,0.9445205741474684
II,350,350,Patch,3,True,47.606810444213664,1.5071275623750062
II,350,350,Raw,3,True,77.7733072520534,1.5786946385698586
II,350,350,Trim,3,True,50.10710634821169,1.1141843654626873
II,351,351,Full,3,True,76.49195431813469,1.6577267005519445
II,351,351,Global,3,True,62.291167819614216,1.7049840854025096
II,351,351,Huber,3,True,56.49727388017271,0.917377411200712
II,351,351,Patch,3,True,48.72756315419981,1.293766102837954
II,351,351,Raw,3,True,76.38781661345467,1.702972694980044
II,351,351,Trim,3,True,50.41357319507716,1.061868818780954
II,352,352,Full,3,True,74.03208928037668,1.6356576008778445
II,352,352,Global,3,True,61.09291117370911,1.8437063828476776
II,352,352,Huber,3,True,54.86661653658852,1.0814067618908274
II,352,352,Patch,3,True,46.44590896429671,1.40261233803967
II,352,352,Raw,3,True,75.01986682494181,1.8430450101413225
II,352,352,Trim,3,True,49.17759223748424,1.205326139596993
II,353,353,Full,3,True,73.192914204719,1.87978033210916
II,353,353,Global,3,True,62.279302146300566,1.6889815780853257
II,353,353,Huber,3,True,55.64756160320627,1.0150919236111384
II,353,353,Patch,3,True,48.88894705308643,1.5813295267229002
II,353,353,Raw,3,True,76.12363116446205,1.689930296612097
II,353,353,Trim,3,True,49.6633022430845,1.1139330971731969
II,354,354,Full,3,True,74.95992604813782,1.9762615411723083
II,354,354,Global,3,True,63.46966205299888,1.4925645926802542
II,354,354,Huber,3,True,55.750002462065616,0.875017241423053
II,354,354,Patch,3,True,50.61055656388022,1.590437982803343
II,354,354,Raw,3,True,77.2736207122674,1.492390850597931
II,354,354,Trim,3,True,49.730878710400106,1.0161735207088982
II,355,355,Full,3,True,75.22298646361482,2.2453769642878387
II,355,355,Global,3,True,63.28355989477749,1.3551574268122877
II,355,355,Huber,3,True,56.76180339077752,0.8972415900875883
II,355,355,Patch,3,True,50.50136804714958,1.5696887524477698
II,355,355,Raw,3,True,77.21892499272077,1.3549442178384716
II,355,355,Trim,3,True,50.91970893056878,1.0289928291517705
II,356,356,Full,3,True,75.6941610191921,2.311765205584483
II,356,356,Global,3,True,61.48937772254364,1.376446025935591
II,356,356,Huber,3,True,55.49424364445122,0.859680156920391
II,356,356,Patch,3,True,47.97349231130791,1.6115079299108004
II,356,356,Raw,3,True,75.35847833872711,1.3757956502649498
II,356,356,Trim,3,True,50.08125767253353,0.9744604398370096
II,357,357,Full,3,True,71.77356114526599,2.335051072020613
II,357,357,Global,3,True,61.26271899699464,1.450631904377348
II,357,357,Huber,3,True,55.70489551134638,0.8466030232342395
II,357,357,Patch,3,True,47.62942303670145,1.3812833112716465
II,357,357,Raw,3,True,75.3871481754723,1.4486510756282334
II,357,357,Trim,3,True,49.9140090548818,1.0852846291218818
II,358,358,Full,3,True,75.52238310910505,2.2595764419117064
II,358,358,Global,3,True,60.91163800476593,1.5673975125054709
II,358,358,Huber,3,True,55.57233492882762,0.9962942276446451
II,358,358,Patch,3,True,46.64228170151667,1.3353145976408778
II,358,358,Raw,3,True,74.66170141950495,1.5666970569650196
II,358,358,Trim,3,True,50.15003819005561,1.122250656071595
II,359,359,Full,3,True,73.43201393407969,2.291789399432504
II,359,359,Global,3,True,60.268641422391255,1.3653641377091978
II,359,359,Huber,3,True,54.77097240220391,0.9948097648545282
II,359,359,Patch,3,True,46.37502148139253,1.3214615442597537
II,359,359,Raw,3,True,74.06247264736015,1.3663600760404506
II,359,359,Trim,3,True,49.193811667275696,1.1533978977120498
II,360,360,Full,3,True,70.07936338757096,2.304039761646149
II,360,360,Global,3,True,60.22271570999218,1.533716655486821
II,360,360,Huber,3,True,53.89850114022004,0.8854408088960103
II,360,360,Patch,3,True,45.09950899145972,1.3707864193906396
II,360,360,Raw,3,True,73.60297707202287,1.5353031668007366
II,360,360,Trim,3,True,47.37549228388416,1.06300256568901
II,361,361,Full,3,True,70.87440980083166,2.279018955173291
II,361,361,Global,3,True,59.31759820428292,1.5584906971326633
II,361,361,Huber,3,True,54.00656592806319,0.8759600750121964
II,361,361,Patch,3,True,43.53241099547847,1.3722324646814372
II,361,361,Raw,3,True,72.20220440782414,1.5585415194281036
II,361,361,Trim,3,True,49.05833774502053,1.124910340180892
II,362,362,Full,3,True,69.16040503874251,2.446950263921061
II,362,362,Global,3,True,59.735476879682935,1.5108022096718452
II,362,362,Huber,3,True,55.20211987878697,0.9553387471613308
II,362,362,Patch,3,True,43.97861148655515,1.4966916358227351
II,362,362,Raw,3,True,72.53649509991662,1.5096536155303717
II,362,362,Trim,3,True,50.08888624966675,1.0857460389838296
II,363,363,Full,3,True,72.17775183371121,2.4405239967388983
II,363,363,Global,3,True,60.30393682307699,1.4006698777338664
II,363,363,Huber,3,True,54.64372460719114,0.9328378887045966
II,363,363,Patch,3,True,44.13889446412691,1.4695113326426614
II,363,363,Raw,3,True,73.24568757395465,1.400673093800121
II,363,363,Trim,3,True,50.31354012236481,1.1432549734030355
II,364,364,Full,3,True,68.4088723649581,2.4606793720944813
II,364,364,Global,3,True,58.93673652147712,1.4904652443684614
II,364,364,Huber,3,True,54.03604126017905,0.902243023420892
II,364,364,Patch,3,True,42.46199806324852,1.4662582252659746
II,364,364,Raw,3,True,71.77204709220571,1.4904652443685071
II,364,364,Trim,3,True,49.58127881692023,1.0424242482448618
II,365,365,Full,3,True,68.04672788743963,2.4914970820591407
II,365,365,Global,3,True,58.372411702751634,1.2778560351400567
II,365,365,Huber,3,True,54.04068053110668,0.8372236394009682
II,365,365,Patch,3,True,41.8797348835455,1.577890105905616
II,365,365,Raw,3,True,71.63822492550987,1.2778570513408771
II,365,365,Trim,3,True,49.07462209690516,0.9812118448659588
II,366,366,Full,3,True,66.68426013614813,2.770995131613073
II,366,366,Global,3,True,57.47731201013478,1.326459438203193
II,366,366,Huber,3,True,53.92803614566936,0.9928569905208772
II,366,366,Patch,3,True,40.70672092986794,1.7270291572355383
II,366,366,Raw,3,True,70.27215522832026,1.326637086400266
II,366,366,Trim,3,True,49.74498075179962,1.111749988281904
II,367,367,Full,3,True,70.29023776931099,2.6555214161455054
II,367,367,Global,3,True,57.49968502039918,1.4330608296757643
II,367,367,Huber,3,True,54.117687090344496,0.939909919367934
II,367,367,Patch,3,True,42.74414786171908,1.5060924448209478
II,367,367,Raw,3,True,70.31366914575595,1.4325351109419142
II,367,367,Trim,3,True,49.36643672509681,1.140594840708285
II,368,368,Full,3,True,65.65894563069445,3.1266240582855613
II,368,368,Global,3,True,56.264339513979046,1.211921810866004
II,368,368,Huber,3,True,52.48382157393382,0.9101835139766188
II,368,368,Patch,3,True,39.79672284846155,1.802144643034014
II,368,368,Raw,3,True,68.86056582362747,1.2119168741935529
II,368,368,Trim,3,True,48.23071360028941,1.049448847021227
II,369,369,Full,3,True,67.07653393853802,2.9036897288447063
II,369,369,Global,3,True,55.849284222946096,1.2637673275767292
II,369,369,Huber,3,True,52.473152334038375,0.9372282377077666
II,369,369,Patch,3,True,40.553617088269085,1.5203236974395515
II,369,369,Raw,3,True,68.44065426797769,1.2628069604060652
II,369,369,Trim,3,True,48.70545762628037,1.127112378528095
II,370,370,Full,3,True,65.7493713923685,2.7458782144084464
II,370,370,Global,3,True,55.7490504579853,1.4445176741414516
II,370,370,Huber,3,True,52.44240826080641,0.9521654686770042
II,370,370,Patch,3,True,40.95474115443744,1.458247825863216
II,370,370,Raw,3,True,68.01366400047573,1.442552809084196
II,370,370,Trim,3,True,48.781336585978096,1.0731257883829304
II,371,371,Full,3,True,71.15411881431744,2.5345759173705
II,371,371,Global,3,True,55.43664972008217,1.414182526374099
II,371,371,Huber,3,True,53.14846879784892,0.8674690622586281
II,371,371,Patch,3,True,40.94713871609483,1.236408799202324
II,371,371,Raw,3,True,67.05602004121413,1.4131634891888325
II,371,371,Trim,3,True,49.80001458525093,1.043371613986588
II,372,372,Full,3,True,66.89385026601182,2.516337585932744
II,372,372,Global,3,True,54.692807348085445,1.468603238251257
II,372,372,Huber,3,True,52.83448601848863,0.8850911872170191
II,372,372,Patch,3,True,37.79385959796214,1.411460008735512
II,372,372,Raw,3,True,66.15952853971841,1.468260093385948
II,372,372,Trim,3,True,49.42138694857546,1.0413257729608365
II,373,373,Full,3,True,65.27619301379522,2.7903302491852555
II,373,373,Global,3,True,54.596103890816295,1.4500080753759688
II,373,373,Huber,3,True,52.73947246312197,0.8788735263254269
II,373,373,Patch,3,True,38.26587255908438,1.2163042982531556
II,373,373,Raw,3,True,66.3099512694661,1.449601452245183
II,373,373,Trim,3,True,49.38642845511176,1.0707035396727955
II,374,374,Full,3,True,67.7453983736258,2.563941025541
II,374,374,Global,3,True,54.39240367651476,1.3908020810849238
II,374,374,Huber,3,True,52.7256622690793,0.8722923243103631
II,374,374,Patch,3,True,38.067071665626045,1.358526131607808
II,374,374,Raw,3,True,65.95519824189732,1.3912444184945143
II,374,374,Trim,3,True,49.61017076882809,1.0509830132789837
II,375,375,Full,3,True,64.18162254796572,2.4262285192582005
II,375,375,Global,3,True,53.18823001353791,1.6259398458101173
II,375,375,Huber,3,True,52.270520433618,0.8605457284848501
II,375,375,Patch,3,True,36.70600985339544,1.0864594507465943
II,375,375,Raw,3,True,64.89822514520536,1.6250786679785376
II,375,375,Trim,3,True,48.977842018155954,1.107226565081253
II,376,376,Full,3,True,68.78176934081168,2.6351226777900125
II,376,376,Global,3,True,54.29939621647079,1.637744124351576
II,376,376,Huber,3,True,52.9631323188693,0.9378759609652686
II,376,376,Patch,3,True,38.03722909586816,1.0792262018053032
II,376,376,Raw,3,True,65.8976043165255,1.6355522439620445
II,376,376,Trim,3,True,50.02023993573647,1.1401754241753266
II,377,377,Full,3,True,72.00130367048975,2.2135041724568936
II,377,377,Global,3,True,54.935831920827866,1.596885626585206
II,377,377,Huber,3,True,51.50796177704326,0.7867630590635674
II,377,377,Patch,3,True,38.59147634068892,0.8804017607340612
II,377,377,Raw,3,True,65.8593350935377,1.5976527073497735
II,377,377,Trim,3,True,49.46803705009397,0.9257305512069542
II,378,378,Full,3,True,65.49756904350212,2.1896977678851286
II,378,378,Global,3,True,54.95335507041813,1.76257188808619
II,378,378,Huber,3,True,53.56926253769264,0.9319967925543629
II,378,378,Patch,3,True,39.051765028820014,0.7692355865577053
II,378,378,Raw,3,True,65.87750274035011,1.762726762139755
II,378,378,Trim,3,True,50.65836351248552,1.1488273817805918
II,379,379,Full,3,True,66.79185376021239,2.103661112955733
II,379,379,Global,3,True,54.51696852113735,1.900614725433753
II,379,379,Huber,3,True,52.68100209448995,0.8958525054955709
II,379,379,Patch,3,True,36.79129510796831,0.8782948018615679
II,379,379,Raw,3,True,65.5360510498541,1.9001510982100231
II,379,379,Trim,3,True,49.98825864628155,1.1151056017676986
II,380,380,Full,3,True,64.1500894793204,2.224813046559061
II,380,380,Global,3,True,55.07840248691096,1.826636499611348
II,380,380,Huber,3,True,53.681727740311935,1.0209125543679292
II,380,380,Patch,3,True,38.38576321162206,0.928548632310498
II,380,380,Raw,3,True,66.05757401897093,1.829412103615788
II,380,380,Trim,3,True,50.414665096864674,1.2045825695483676
II,381,381,Full,3,True,67.22117994168983,1.9987309029686684
II,381,381,Global,3,True,54.3477524065864,1.9763845147440755
II,381,381,Huber,3,True,53.13444355811445,0.929072513030106
II,381,381,Patch,3,True,37.35890796926563,0.6448034880518193
II,381,381,Raw,3,True,65.04423804609432,1.9774422058710488
II,381,381,Trim,3,True,49.88339028109903,1.1202303286930804
II,382,382,Full,3,True,63.19699051631618,2.269347016805777
II,382,382,Global,3,True,54.0277541023652,1.849834897734747
II,382,382,Huber,3,True,52.84062572412175,0.929024552858426
II,382,382,Patch,3,True,36.476182744631295,0.6976857668080506
II,382,382,Raw,3,True,65.01685219354749,1.8507126537503416
II,382,382,Trim,3,True,50.1685844900653,1.086770069771664
II,383,383,Full,4,True,64.87752027136563,2.192921260206166
II,383,383,Global,4,True,52.73971821555009,1.8525689573766588
II,383,383,Huber,4,True,51.70978905364421,0.9694774243372838
II,383,383,Patch,4,True,35.22859013300225,0.6667624141563501
II,383,383,Raw,4,True,63.48720462839069,1.8541844460468664
II,383,383,Trim,4,True,49.09326509831416,1.0881550216375573
II,384,384,Full,4,True,64.07559045201364,2.236988153936234
II,384,384,Global,4,True,52.16292963274328,1.9011665465008984
II,384,384,Huber,4,True,51.27805553523508,0.9185875951427818
II,384,384,Patch,4,True,34.499176294783474,0.5822158285085124
II,384,384,Raw,4,True,62.65101635045688,1.8993646916130265
II,384,384,Trim,4,True,49.09139290408319,1.1135585782601658
II,385,385,Full,4,True,61.9485190005374,2.1282897734720314
II,385,385,Global,4,True,53.65831673657917,1.962548138743397
II,385,385,Huber,4,True,51.95990545626039,0.9673787857154144
II,385,385,Patch,4,True,35.219763759498925,0.5100105118871502
II,385,385,Raw,4,True,64.05762403515455,1.9621361409422176
II,385,385,Trim,4,True,49.403693002783264,1.1055094792568547
II,386,386,Full,4,True,62.01355386346097,2.011737340787588
II,386,386,Global,4,True,52.08685862517334,1.8804387087989456
II,386,386,Huber,4,True,51.7035061573328,1.0187229542674865
II,386,386,Patch,4,True,32.52723021502976,0.5227274864803411
II,386,386,Raw,4,True,62.05551447126333,1.8812666715920008
II,386,386,Trim,4,True,49.56171552990781,1.1673937789521318
II,387,387,Full,4,True,59.84956351421988,2.110486500614279
II,387,387,Global,4,True,52.20189955759589,1.9394730502987416
II,387,387,Huber,4,True,51.29780735519024,0.8424249074256449
II,387,387,Patch,4,True,31.712541212060746,0.6741674505867118
II,387,387,Raw,4,True,61.86399224958468,1.939533423350717
II,387,387,Trim,4,True,49.21421402746295,1.049274927987229
II,388,388,Full,4,True,64.0235628046946,2.0736304287069296
II,388,388,Global,4,True,51.79193782858047,1.955422822334888
II,388,388,Huber,4,True,51.19747841472426,0.9227891275952862
II,388,388,Patch,4,True,32.95784919018796,0.6253584470037439
II,388,388,Raw,4,True,61.27167200723952,1.9546823516777336
II,388,388,Trim,4,True,48.60032364880672,1.0765858112438207
II,389,389,Full,4,True,62.83710126581145,2.20004746528341
II,389,389,Global,4,True,51.363917857422415,1.7518391195629823
II,389,389,Huber,4,True,50.89735375721271,0.9396290607583018
II,389,389,Patch,4,True,32.19298281395376,0.5295065023090617
II,389,389,Raw,4,True,60.93823502645171,1.7512756653518016
II,389,389,Trim,4,True,48.72949739093386,1.0235764843683808
II,390,390,Full,4,True,59.39395760608264,2.167146687687201
II,390,390,Global,4,True,50.265750481405554,1.893774800889772
II,390,390,Huber,4,True,50.540070437974016,0.9754631340911684
II,390,390,Patch,4,True,30.69058308593045,0.7352023582972486
II,390,390,Raw,4,True,59.37615542835891,1.892954410340053
II,390,390,Trim,4,True,48.55591809854928,1.0580614930308383
II,391,391,Full,4,True,64.01204193238512,2.098672087510788
II,391,391,Global,4,True,51.43133378421428,1.924590552085539
II,391,391,Huber,4,True,51.56275411035071,1.05003403535528
II,391,391,Patch,4,True,32.61821229242397,0.6277331365650246
II,391,391,Raw,4,True,60.65855529830674,1.9247275646039488
II,391,391,Trim,4,True,48.72200695777676,1.2085496202412274
II,392,392,Full,4,True,63.26277595642189,1.9914821023032865
II,392,392,Global,4,True,49.97081495620674,1.8995740566082449
II,392,392,Huber,4,True,51.07159930207406,1.0509966603713206
II,392,392,Patch,4,True,32.21751219875433,0.2706462027751924
II,392,392,Raw,4,True,58.32418933149305,1.89957160940842
II,392,392,Trim,4,True,48.57795306880341,1.088223554642758
II,393,393,Full,4,True,64.28209514518339,2.3407207094891893
II,393,393,Global,4,True,50.52734462535332,1.7256099989546836
II,393,393,Huber,4,True,50.89617200308426,0.9548578811483084
II,393,393,Patch,4,True,35.413759176264776,0.2774259886015093
II,393,393,Raw,4,True,59.17477253472169,1.7266544402856463
II,393,393,Trim,4,True,48.259021692428085,1.0494965075753926
II,394,394,Full,4,True,62.401378890522366,2.093434922353821
II,394,394,Global,4,True,50.44879195685208,1.821606520609208
II,394,394,Huber,4,True,50.03215261084901,0.937318950884766
II,394,394,Patch,4,True,33.04487077809169,0.416152914419974
II,394,394,Raw,4,True,59.48736406242045,1.822291592233088
II,394,394,Trim,4,True,48.12682528889391,1.095725598428908
II,395,395,Full,4,True,60.49685253386647,2.384070968537128
II,395,395,Global,4,True,51.56570034207363,1.6491524054590865
II,395,395,Huber,4,True,50.74183079544338,0.9840538794550652
II,395,395,Patch,4,True,34.02973094010019,0.4048286310157824
II,395,395,Raw,4,True,60.37150475025568,1.6491524054590665
II,395,395,Trim,4,True,47.916274893064575,1.0435294119712049
II,396,396,Full,4,True,61.33353564216348,2.055776147728788
II,396,396,Global,4,True,52.31135151115942,1.864844329337976
II,396,396,Huber,4,True,51.71174288503387,1.0183179333770291
II,396,396,Patch,4,True,35.23121940050158,0.1695240777532307
II,396,396,Raw,4,True,61.26654198885552,1.865027246453823
II,396,396,Trim,4,True,48.097865425775474,1.0091390167813703
II,397,397,Full,4,True,61.67404835173683,2.0082693725118133
II,397,397,Global,4,True,52.03783223329652,1.9521581545444169
II,397,397,Huber,4,True,50.85826688324132,1.0859926864119984
II,397,397,Patch,4,True,33.28065579202157,0.2699821179364262
II,397,397,Raw,4,True,61.03784654031447,1.9527553575674783
II,397,397,Trim,4,True,47.70809476318088,1.020077537052677
II,398,398,Full,4,True,62.30692449596379,2.235882836809272
II,398,398,Global,4,True,52.7527053081782,2.0399985687574227
II,398,398,Huber,4,True,51.42974484189685,1.0264340331084902
II,398,398,Patch,4,True,33.76643609770676,0.217900572780968
II,398,398,Raw,4,True,61.68500951595299,2.040024322652461
II,398,398,Trim,4,True,48.50011160356074,1.0533137302509088
II,399,399,Full,4,True,60.18485054051054,2.1455087159564847
II,399,399,Global,4,True,53.06480781057887,2.103720720651745
II,399,399,Huber,4,True,50.91939011903384,1.0013772722416472
II,399,399,Patch,4,True,32.16324262607062,0.2234869540032265
II,399,399,Raw,4,True,61.95696313347028,2.104942850956212
II,399,399,Trim,4,True,47.74290002697887,1.063180215479085
II,400,400,Full,4,True,61.427044762567455,2.110934872016532
II,400,400,Global,4,True,53.91193543428171,2.204964616065072
II,400,400,Huber,4,True,51.07554756926893,1.1635937764460826
II,400,400,Patch,4,True,33.74454371674124,0.1415291058089905
II,400,400,Raw,4,True,62.99706543716833,2.204995261825851
II,400,400,Trim,4,True,47.78541337157628,1.1441173131649864
II,401,401,Full,4,True,62.06457324020894,2.044487559801936
II,401,401,Global,4,True,52.85872051683373,2.25767434890516
II,401,401,Huber,4,True,50.46602109750679,1.1804808143014291
II,401,401,Patch,4,True,32.14424462735926,0.3903150759129795
II,401,401,Raw,4,True,61.90578846569189,2.2573417723199776
II,401,401,Trim,4,True,46.44792559346355,1.1163606057160138
II,402,402,Full,4,True,63.70651312379116,2.2689013445762
II,402,402,Global,4,True,54.511716351023765,2.048878104288458
II,402,402,Huber,4,True,51.10423281568016,1.1662067349258964
II,402,402,Patch,4,True,32.786533922054375,0.4137865342356445
II,402,402,Raw,4,True,63.33622619969013,2.047798522979793
II,402,402,Trim,4,True,47.8455067406029,1.104406219261548
II,403,403,Full,4,True,60.38716536072703,2.7989567174885046
II,403,403,Global,4,True,54.40235360417823,2.1168400094519457
II,403,403,Huber,4,True,50.88913574754821,1.071349445982107
II,403,403,Patch,4,True,32.62965862744126,0.1161955773020993
II,403,403,Raw,4,True,64.1740852293194,2.116716519949888
II,403,403,Trim,4,True,46.74878225379742,1.0255342706150037
II,404,404,Full,4,True,56.02563042273474,2.835133932568628
II,404,404,Global,4,True,55.63185711226347,2.2795743577718093
II,404,404,Huber,4,True,51.509775252688605,1.112841910152291
II,404,404,Patch,4,True,32.92948712802006,0.1855221373958295
II,404,404,Raw,4,True,64.85010803482315,2.279880042426786
II,404,404,Trim,4,True,47.85139420429267,1.0983222241466188
II,405,405,Full,4,True,57.82432489116753,2.5994968611083102
II,405,405,Global,4,True,54.85873004505029,2.4594228403937235
II,405,405,Huber,4,True,50.98310115323713,1.18948397512086
II,405,405,Patch,4,True,31.25824013878127,0.2579765306330537
II,405,405,Raw,4,True,64.12171802912117,2.462756420016199
II,405,405,Trim,4,True,47.35732160207774,1.1133418189351816
II,406,406,Full,4,True,54.89410437789056,2.8305617395619467
II,406,406,Global,4,True,54.93397124571908,2.315048605617829
II,406,406,Huber,4,True,50.40439704240954,1.0617802368925442
II,406,406,Patch,4,True,30.12773862591596,0.1504824724966414
II,406,406,Raw,4,True,64.04667576082065,2.3152099832495785
II,406,406,Trim,4,True,46.89285992609395,1.041331409738436
II,407,407,Full,4,True,56.034530402685576,2.8145013327693063
II,407,407,Global,4,True,55.22395104609693,2.319442961313957
II,407,407,Huber,4,True,50.97369429063528,1.1138218470912162
II,407,407,Patch,4,True,31.625482570425184,0.157462969283378
II,407,407,Raw,4,True,64.43564122751043,2.319466954212196
II,407,407,Trim,4,True,47.10906929606709,1.1226644355478594
II,408,408,Full,4,True,58.150215097041766,3.1836759710209104
II,408,408,Global,4,True,55.17096054473191,2.361990039605688
II,408,408,Huber,4,True,51.09307597288983,1.1395721685293387
II,408,408,Patch,4,True,31.868467717030377,0.3360734804263426
II,408,408,Raw,4,True,65.02592737121715,2.3602465100066503
II,408,408,Trim,4,True,47.23386168671539,1.0799087434724322
II,409,409,Full,4,True,55.66185589049783,2.7491827422999298
II,409,409,Global,4,True,54.511669541024006,2.1935473016939246
II,409,409,Huber,4,True,50.436586889090606,1.147231701403867
II,409,409,Patch,4,True,29.95704704448528,0.407151575073472
II,409,409,Raw,4,True,64.31442299672482,2.193316894620424
II,409,409,Trim,4,True,46.40278615764452,1.008014776599005
II,410,410,Full,4,True,61.12842378276638,3.3345134037230824
II,410,410,Global,4,True,54.7737903158872,2.354124183044668
II,410,410,Huber,4,True,51.19983260639001,1.2208267697791078
II,410,410,Patch,4,True,32.489416836110166,0.3162695333218355
II,410,410,Raw,4,True,65.11164221304959,2.35345400206647
II,410,410,Trim,4,True,47.15450261299184,1.1917404175072712
II,411,411,Full,4,True,60.99719188785358,3.2872695030412875
II,411,411,Global,4,True,53.13698827244344,2.35029601085337
II,411,411,Huber,4,True,50.28598548547218,1.0349101801817129
II,411,411,Patch,4,True,31.94476650910415,0.2745961965060373
II,411,411,Raw,4,True,63.136626865579984,2.350488471259104
II,411,411,Trim,4,True,47.025939404584015,0.9873431488898192
II,412,412,Full,4,True,61.91746701077118,3.3315731351113254
II,412,412,Global,4,True,55.21289276121348,2.2419613146280524
II,412,412,Huber,4,True,51.475974921820495,1.1013100789573762
II,412,412,Patch,4,True,33.346911609650014,0.3762183077660312
II,412,412,Raw,4,True,65.28924107036134,2.24217925782804
II,412,412,Trim,4,True,46.71082468168506,1.0107129622503286
II,413,413,Full,4,True,57.93168991364978,2.9696328055743
II,413,413,Global,4,True,55.13774743306008,2.2988584838945028
II,413,413,Huber,4,True,51.20595017167182,1.0671093671400431
II,413,413,Patch,4,True,31.90102905591476,0.218300722473346
II,413,413,Raw,4,True,65.43494750132322,2.299090234868747
II,413,413,Trim,4,True,47.06497048171895,1.0188385924923544
II,414,414,Full,4,True,58.003496134812,2.839862264257821
II,414,414,Global,4,True,54.16463850954652,2.0906783007502834
II,414,414,Huber,4,True,50.43833403209141,0.9689182233621422
II,414,414,Patch,4,True,30.84027086005621,0.4357866444784008
II,414,414,Raw,4,True,64.7129049151524,2.08988154882746
II,414,414,Trim,4,True,45.87856395044327,0.9231131920145698
II,415,415,Full,4,True,62.7733521676503,3.03843186024904
II,415,415,Global,4,True,55.30008742193386,2.182536932843932
II,415,415,Huber,4,True,50.901024799990026,0.9890326823829428
II,415,415,Patch,4,True,32.85199394852268,0.5748307382139188
II,415,415,Raw,4,True,66.07791382933905,2.1825369328439206
II,415,415,Trim,4,True,46.4192571886015,1.0171562609377374
II,416,416,Full,4,True,56.81332400411562,3.016100030349228
II,416,416,Global,4,True,55.84190278312997,2.134500935531105
II,416,416,Huber,4,True,51.01981289744413,1.0623781860727028
II,416,416,Patch,4,True,31.39086610854025,0.2360184827667339
II,416,416,Raw,4,True,66.5408999387816,2.1346353999835173
II,416,416,Trim,4,True,46.20481112446711,1.0511341558669491
II,417,417,Full,4,True,62.02707192080984,2.7045061307552163
II,417,417,Global,4,True,54.59528077526708,2.273238570939507
II,417,417,Huber,4,True,50.258922920416,1.1111553778476158
II,417,417,Patch,4,True,31.063777317535155,0.2291159881009013
II,417,417,Raw,4,True,65.11659352146384,2.2736849894967928
II,417,417,Trim,4,True,45.55444757489774,1.0471088231564365
II,418,418,Full,4,True,59.43802451935738,2.765239359213278
II,418,418,Global,4,True,56.43096550415847,2.2784900716239864
II,418,418,Huber,4,True,51.734186744729605,1.0863560521653055
II,418,418,Patch,4,True,32.19002844021199,0.3871964731465217
II,418,418,Raw,4,True,67.38152989106838,2.277685533823392
II,418,418,Trim,4,True,46.6333784848875,1.017100044108882
II,419,419,Full,4,True,58.77471338017755,3.3828682292145813
II,419,419,Global,4,True,55.05614327774301,2.348303455052888
II,419,419,Huber,4,True,50.92464230417962,0.9699159768747672
II,419,419,Patch,4,True,31.264309701300355,0.5811985871415632
II,419,419,Raw,4,True,66.66431566049731,2.34892748912261
II,419,419,Trim,4,True,45.9434524956948,1.0023178084327062
II,420,420,Full,4,True,62.738983360560674,2.96503386028334
II,420,420,Global,4,True,54.84617684332281,2.414930362719991
II,420,420,Huber,4,True,51.00028242105071,0.984813063970726
II,420,420,Patch,4,True,32.27723688330853,0.7587942548565323
II,420,420,Raw,4,True,66.04261631209123,2.4147760912263907
II,420,420,Trim,4,True,45.46917066223264,0.967664855628255
II,421,421,Full,4,True,62.15517157232264,2.9071881219007465
II,421,421,Global,4,True,56.50347795585604,2.241304502192245
II,421,421,Huber,4,True,51.265530644789365,1.0538896492776533
II,421,421,Patch,4,True,33.1208659340955,0.4797688404191259
II,421,421,Raw,4,True,67.80228418710408,2.2383661716771965
II,421,421,Trim,4,True,46.14772221734869,1.0555338752105672
II,422,422,Full,4,True,64.74328291894048,3.1686409141541216
II,422,422,Global,4,True,55.76767573400616,2.0359095978618207
II,422,422,Huber,4,True,50.98637025341889,0.9475077831293024
II,422,422,Patch,4,True,32.33281069741452,0.6495634580466442
II,422,422,Raw,4,True,67.21680201619353,2.036593229757361
II,422,422,Trim,4,True,45.79105913443967,1.0737806725269097
II,423,423,Full,4,True,61.27889671201028,3.079542733976401
II,423,423,Global,4,True,54.3908194352969,2.144449392686494
II,423,423,Huber,4,True,49.89379847375392,1.10052014811949
II,423,423,Patch,4,True,31.677112620187533,0.4433874224225667
II,423,423,Raw,4,True,65.99151673117109,2.14440959864499
II,423,423,Trim,4,True,45.67247805719937,1.0854603134275735
II,424,424,Full,4,True,63.91612486533349,2.88891067257651
II,424,424,Global,4,True,54.37485347013833,1.9136459377915256
II,424,424,Huber,4,True,50.81445243932803,1.0879187040917364
II,424,424,Patch,4,True,33.18699326528112,0.298859206575753
II,424,424,Raw,4,True,65.4835558352561,1.9134335636964723
II,424,424,Trim,4,True,46.29276668997893,1.0740098609421365
II,425,425,Full,4,True,61.43715789506296,3.1308861058535222
II,425,425,Global,4,True,55.35710231494876,1.897472733828128
II,425,425,Huber,4,True,50.099806575058544,1.1171159781094693
II,425,425,Patch,4,True,32.8785367757728,0.4529283285729745
II,425,425,Raw,4,True,67.07285597114961,1.8976983100206024
II,425,425,Trim,4,True,45.05497782454351,1.132752101244968
II,426,426,Full,4,True,65.53570275099074,2.8171448164154347
II,426,426,Global,4,True,54.11026995318213,1.938590405187088
II,426,426,Huber,4,True,50.09076590395895,1.048097832191843
II,426,426,Patch,4,True,31.66008152441898,0.5014337034906678
II,426,426,Raw,4,True,65.44085683228758,1.9385795362980909
II,426,426,Trim,4,True,45.55116440403335,1.0760856475011646
II,427,427,Full,4,True,67.56410901450073,2.968346324526637
II,427,427,Global,4,True,54.37191178936352,1.7902800176434457
II,427,427,Huber,4,True,49.71349876337505,0.9398907387941264
II,427,427,Patch,4,True,33.345991267344886,0.5515113979846767
II,427,427,Raw,4,True,65.87252173164356,1.7872899356726046
II,427,427,Trim,4,True,44.4552925389222,0.9513080282529875
II,428,428,Full,4,True,65.75278642412563,2.5212971530207926
II,428,428,Global,4,True,53.475870422366505,1.6894450987161256
II,428,428,Huber,4,True,49.89745505328533,1.0173136781876586
II,428,428,Patch,4,True,31.569207352059752,0.5175703985858517
II,428,428,Raw,4,True,65.09240350942665,1.6900636227258072
II,428,428,Trim,4,True,45.62440465127323,1.1023503641092167
II,429,429,Full,4,True,65.6604675903721,2.851246078145695
II,429,429,Global,4,True,54.01884142919405,1.7060349525674494
II,429,429,Huber,4,True,50.446593937050544,0.8966738140712388
II,429,429,Patch,4,True,32.00138262460421,0.5196848412997166
II,429,429,Raw,4,True,66.1388748310309,1.706029815155363
II,429,429,Trim,4,True,45.42463977111836,0.9427472348199534
II,430,430,Full,4,True,67.85738244194832,2.5738117695258325
II,430,430,Global,4,True,53.930345605279,1.7077530461865582
II,430,430,Huber,4,True,49.68297537103089,1.040063815433359
II,430,430,Patch,4,True,32.770664681601055,0.3868116902979923
II,430,430,Raw,4,True,66.0161998343294,1.704614730953178
II,430,430,Trim,4,True,45.50265827446577,1.150541931174183
II,431,431,Full,4,True,68.27827035402359,2.6267057912317413
II,431,431,Global,4,True,51.30089578166496,1.5586271967540288
II,431,431,Huber,4,True,48.90143257104827,0.9282166221950948
II,431,431,Patch,4,True,32.875077719003855,0.4718499020818061
II,431,431,Raw,4,True,63.99460795447386,1.5530364446657772
II,431,431,Trim,4,True,44.80328037653748,0.9749371941840916
II,432,432,Full,4,True,68.03618072067678,2.331298968545972
II,432,432,Global,4,True,50.96031714842879,1.6066514536108956
II,432,432,Huber,4,True,49.00809956445125,1.0671039376992648
II,432,432,Patch,4,True,31.167508674398203,0.3065932553079806
II,432,432,Raw,4,True,63.52479413085872,1.6066296262435096
II,432,432,Trim,4,True,44.33298689105368,1.075984933239187
II,433,433,Full,5,True,66.61268068289714,2.493679228831152
II,433,433,Global,5,True,52.43614709519888,1.5328310971778507
II,433,433,Huber,5,True,48.0647342592591,1.0913014425810583
II,433,433,Patch,5,True,32.24730365460908,0.6082155716072374
II,433,433,Raw,5,True,64.87904119313401,1.533873300366166
II,433,433,Trim,5,True,43.49509951354781,1.1610776108994834
II,434,434,Full,5,True,69.52261217806772,2.649706012687387
II,434,434,Global,5,True,50.76721540189459,1.623389722703067
II,434,434,Huber,5,True,48.54714025299819,1.0062532433841196
II,434,434,Patch,5,True,33.61277453237346,0.4186745851288554
II,434,434,Raw,5,True,63.84218733345477,1.6227349860983462
II,434,434,Trim,5,True,43.50666046326672,1.1349337381105595
II,435,435,Full,5,True,71.7428812483333,2.4892691037098547
II,435,435,Global,5,True,51.25325948885176,1.5801554121055033
II,435,435,Huber,5,True,47.22412100142489,0.9380715896013596
II,435,435,Patch,5,True,33.26599890612427,0.5924003990206202
II,435,435,Raw,5,True,63.89796873360091,1.5801554121055237
II,435,435,Trim,5,True,44.14875747102671,1.0590127020434108
II,436,436,Full,5,True,71.19165399379943,2.2412308221729096
II,436,436,Global,5,True,50.78284984054847,1.4467219294698228
II,436,436,Huber,5,True,47.23655840045488,0.911225317408656
II,436,436,Patch,5,True,32.62819387772927,0.6706478442974344
II,436,436,Raw,5,True,63.6000078554422,1.445536499482066
II,436,436,Trim,5,True,42.62522564808196,1.082634108468097
II,437,437,Full,5,True,72.33331339032121,2.0019914764739526
II,437,437,Global,5,True,50.19423687782098,1.398453565030057
II,437,437,Huber,5,True,47.193920070038,1.0439817892980952
II,437,437,Patch,5,True,32.947159258199456,0.5857446815259317
II,437,437,Raw,5,True,62.80471574994311,1.3975200168242898
II,437,437,Trim,5,True,42.96624626545041,1.1116972429685927
II,438,438,Full,5,True,71.32128603671059,2.1950577786629166
II,438,438,Global,5,True,49.018285775910016,1.2885331205651094
II,438,438,Huber,5,True,46.98351850401148,0.9211055761803284
II,438,438,Patch,5,True,31.798267225887564,0.7055107939161526
II,438,438,Raw,5,True,61.63227885756334,1.2876112116093383
II,438,438,Trim,5,True,42.84107489472833,1.0442373230401063
II,439,439,Full,5,True,71.76460762225732,2.1159372757298565
II,439,439,Global,5,True,49.27782805270033,1.2070630687237456
II,439,439,Huber,5,True,47.00157325111187,1.0958980524083617
II,439,439,Patch,5,True,32.96091770447485,0.7865476065746116
II,439,439,Raw,5,True,62.0249466043281,1.2077418340629258
II,439,439,Trim,5,True,43.14580113395361,1.1610612543609398
II,440,440,Full,5,True,72.39337993165562,2.013877142816624
II,440,440,Global,5,True,49.43845351867194,1.2020364346113313
II,440,440,Huber,5,True,46.6811435809397,1.0182637184337349
II,440,440,Patch,5,True,32.30613374426507,0.7134799100992469
II,440,440,Raw,5,True,61.66484191940246,1.203376009190673
II,440,440,Trim,5,True,42.61499655761307,1.0638845098947487
II,441,441,Full,5,True,71.89869711196813,2.2804041177211647
II,441,441,Global,5,True,49.41828117764096,1.3248874380966753
II,441,441,Huber,5,True,45.751625786622725,1.0679853341631396
II,441,441,Patch,5,True,33.90710263494317,0.7627331920513005
II,441,441,Raw,5,True,61.05788247156229,1.3250777330944734
II,441,441,Trim,5,True,41.547088635208205,1.1000111699089103
II,442,442,Full,5,True,73.51438325924327,1.8263304397447448
II,442,442,Global,5,True,49.12074223049022,1.3815561361291104
II,442,442,Huber,5,True,46.82169458715818,1.0573665771521548
II,442,442,Patch,5,True,31.89817660770748,0.7877252652056324
II,442,442,Raw,5,True,60.60493013049656,1.3852314145100597
II,442,442,Trim,5,True,42.35479925773586,1.0443016927899904
II,443,443,Full,5,True,71.91768453188979,1.6208874040875174
II,443,443,Global,5,True,49.750480798656426,1.355892283613616
II,443,443,Huber,5,True,46.81383412438384,1.1881684503268577
II,443,443,Patch,5,True,32.929005026253336,0.8153788711811721
II,443,443,Raw,5,True,60.39608009598418,1.3569822342425106
II,443,443,Trim,5,True,42.36854738578321,1.1194805655260092
II,444,444,Full,5,True,73.49899208049601,1.9646791621912687
II,444,444,Global,5,True,49.190059220082055,1.3215770003009788
II,444,444,Huber,5,True,46.92376295789917,1.0780821912287517
II,444,444,Patch,5,True,32.33189302428809,0.674636361530547
II,444,444,Raw,5,True,60.23157712349568,1.321703498723822
II,444,444,Trim,5,True,42.85128477616297,1.0580310604530228
II,445,445,Full,5,True,74.75797507874543,2.178489984252357
II,445,445,Global,5,True,48.75720365347123,1.0893443944204502
II,445,445,Huber,5,True,46.60983477936452,1.0497909051953689
II,445,445,Patch,5,True,33.16085520880434,1.008149417509259
II,445,445,Raw,5,True,59.26849306776528,1.0869369630507515
II,445,445,Trim,5,True,42.66900085433684,0.9716717647459724
II,446,446,Full,5,True,73.31470695093424,2.088050035761655
II,446,446,Global,5,True,48.06800666946369,1.2220512484339712
II,446,446,Huber,5,True,46.1119961610716,1.129992288728722
II,446,446,Patch,5,True,31.250524020482043,0.9891794026391896
II,446,446,Raw,5,True,58.45479937925081,1.223937015454416
II,446,446,Trim,5,True,42.71244861997484,0.9618091637475006
II,447,447,Full,5,True,73.25993802284681,2.0082141405459377
II,447,447,Global,5,True,46.83542111586289,1.1193325905808431
II,447,447,Huber,5,True,45.361509208477074,1.123394120602358
II,447,447,Patch,5,True,32.86517178543458,0.9492817363428472
II,447,447,Raw,5,True,57.77913291053436,1.12612272217841
II,447,447,Trim,5,True,41.79033913763099,1.06992154226156
II,448,448,Full,5,True,71.88931778502283,2.072740739702567
II,448,448,Global,5,True,46.40463402471577,1.198479215602409
II,448,448,Huber,5,True,45.10055785727027,1.1481940549734564
II,448,448,Patch,5,True,31.279866922131305,1.1143793331339251
II,448,448,Raw,5,True,56.7769887344257,1.1988344035070646
II,448,448,Trim,5,True,41.85473262941282,1.0458063388485026
II,449,449,Full,5,True,73.65478517577134,2.2778781877639416
II,449,449,Global,5,True,46.97772471081622,1.214168239660245
II,449,449,Huber,5,True,45.31476862619471,1.200402560940757
II,449,449,Patch,5,True,34.68505453028224,1.5350742707180869
II,449,449,Raw,5,True,57.120428131246406,1.214969511379727
II,449,449,Trim,5,True,41.21142084235674,1.1014238147287028
II,450,450,Full,5,True,74.31757074927746,2.238162881218933
II,450,450,Global,5,True,46.6505884770295,1.2962926039334846
II,450,450,Huber,5,True,44.27158015086881,1.0912647821983843
II,450,450,Patch,5,True,32.22495077419294,1.161613656805738
II,450,450,Raw,5,True,55.90490416631695,1.2948500309367497
II,450,450,Trim,5,True,40.66691760176451,1.0100929068249775
II,451,451,Full,5,True,73.67808588545616,2.289977272560673
II,451,451,Global,5,True,44.169212129823975,1.2389309908084791
II,451,451,Huber,5,True,43.85013877832517,1.2010529800495744
II,451,451,Patch,5,True,32.75383181429998,1.4727018080365182
II,451,451,Raw,5,True,53.737572584444194,1.2402438309110897
II,451,451,Trim,5,True,40.29846185020909,1.016178439885645
II,452,452,Full,5,True,79.0660507953825,2.561014978913544
II,452,452,Global,5,True,44.67379107208932,1.3206745641940538
II,452,452,Huber,5,True,44.09505021201913,1.2320429728933258
II,452,452,Patch,5,True,33.794969737964365,1.518527911354374
II,452,452,Raw,5,True,54.03216875395525,1.3210671906530589
II,452,452,Trim,5,True,40.28566666455368,1.03796772740406
II,453,453,Full,5,True,81.93027882949855,2.3374831181958284
II,453,453,Global,5,True,45.329808637641776,1.2511831519734928
II,453,453,Huber,5,True,43.8944027447874,1.2015625216448926
II,453,453,Patch,5,True,34.73817206825219,1.0989182782469036
II,453,453,Raw,5,True,55.06783528661317,1.2504447340825475
II,453,453,Trim,5,True,40.24103318126462,1.0644420736393252
II,454,454,Full,5,True,85.58141698999322,2.596272981775669
II,454,454,Global,5,True,44.58924825929268,1.4262579909740232
II,454,454,Huber,5,True,41.85039897734104,1.1327291394517234
II,454,454,Patch,5,True,33.65471735772674,0.8975254687925538
II,454,454,Raw,5,True,54.11763041735863,1.4307957661047932
II,454,454,Trim,5,True,38.90185465585989,0.9434845471837098
II,455,455,Full,5,True,83.29627929060541,2.578015504464543
II,455,455,Global,5,True,45.46268569179587,1.278853055817188
II,455,455,Huber,5,True,43.571354613533366,1.096491624780003
II,455,455,Patch,5,True,33.60627290320351,0.984281911867014
II,455,455,Raw,5,True,55.4223875357167,1.2843809566581563
II,455,455,Trim,5,True,40.33765761180291,0.9664715840967844
II,456,456,Full,5,True,82.60469029412717,2.521456681525
II,456,456,Global,5,True,45.01061970894516,1.4529081941430797
II,456,456,Huber,5,True,43.53383959080563,1.236548282397758
II,456,456,Patch,5,True,35.26217990209943,0.9602416239121432
II,456,456,Raw,5,True,54.38763731157098,1.454718194121006
II,456,456,Trim,5,True,39.95836679161078,1.0403180615871976
II,457,457,Full,5,True,86.35047686422917,2.446889272103507
II,457,457,Global,5,True,45.21027467064718,1.2194263336088595
II,457,457,Huber,5,True,39.938034600323896,1.0608650066296177
II,457,457,Patch,5,True,36.61822432147829,0.5870899050390598
II,457,457,Raw,5,True,54.74932507710447,1.2180371473640836
II,457,457,Trim,5,True,39.14901447072222,1.0149891809201468
II,458,458,Full,5,True,85.0334122230531,2.551475976355109
II,458,458,Global,5,True,44.87063930791882,1.2651323840779032
II,458,458,Huber,5,True,42.85768225552624,1.2212929038570997
II,458,458,Patch,5,True,34.23113062106781,0.831587408765495
II,458,458,Raw,5,True,54.778647215545824,1.2646113667861465
II,458,458,Trim,5,True,39.59431045360402,1.1604384151508975
II,459,459,Full,5,True,86.90991848815044,2.370340445616064
II,459,459,Global,5,True,46.336010830719246,1.436464538141163
II,459,459,Huber,5,True,43.459402399085874,1.175096968435947
II,459,459,Patch,5,True,35.36881209832978,0.9746287358166136
II,459,459,Raw,5,True,55.6679507057409,1.421423874268027
II,459,459,Trim,5,True,39.63617610924121,0.9969502443982112
II,460,460,Full,5,True,87.9855097844954,2.273938483605557
II,460,460,Global,5,True,45.88712977647975,1.538065312451257
II,460,460,Huber,5,True,42.60275279120758,1.1259286931719814
II,460,460,Patch,5,True,38.54943392575987,0.736723858221627
II,460,460,Raw,5,True,55.490841969526,1.5339252863284234
II,460,460,Trim,5,True,38.47530901813605,0.9994194483204628
II,461,461,Full,5,True,86.10768761097087,2.4618884207635694
II,461,461,Global,5,True,44.90108442998863,1.3313116030552412
II,461,461,Huber,5,True,41.67051197029382,1.0430281600274425
II,461,461,Patch,5,True,37.839988077981616,0.9246173633263668
II,461,461,Raw,5,True,54.85827256485763,1.3309962738668657
II,461,461,Trim,5,True,38.57898851506555,0.909653527202948
II,462,462,Full,5,True,83.1340457340199,2.348337797633413
II,462,462,Global,5,True,46.10610015200075,1.4364245623823129
II,462,462,Huber,5,True,41.830070789660525,1.1043956803909674
II,462,462,Patch,5,True,35.36168286856155,0.8778927294736119
II,462,462,Raw,5,True,56.639951103204936,1.4414252196590194
II,462,462,Trim,5,True,38.79740850076259,0.9932263859014098
II,463,463,Full,5,True,85.98543226072778,2.5988833162394607
II,463,463,Global,5,True,45.36088455540339,1.4425137087658948
II,463,463,Huber,5,True,41.057258104123214,0.9776481421377642
II,463,463,Patch,5,True,37.01048887466576,0.887372097253703
II,463,463,Raw,5,True,56.51000354312346,1.438774840819738
II,463,463,Trim,5,True,38.15860081568631,0.9343710927135912
II,464,464,Full,5,True,80.108590867911,2.7486803869633336
II,464,464,Global,5,True,49.70517859531313,2.287126571551653
II,464,464,Huber,5,True,41.44778441220589,0.9383688653505154
II,464,464,Patch,5,True,40.13776404638696,3.1731707120455552
II,464,464,Raw,5,True,63.05831233216769,2.286812221890112
II,464,464,Trim,5,True,38.68669976927252,0.8979318042270737
II,465,465,Full,5,True,93.41666781481167,6.111816291104788
II,465,465,Global,5,True,56.8159724223238,4.195162148451052
II,465,465,Huber,5,True,40.62776571418549,0.9232399200432696
II,465,465,Patch,5,True,56.65401798216477,5.511780518078262
II,465,465,Raw,5,True,72.2039093721666,4.19979229198011
II,465,465,Trim,5,True,38.175571002279,1.025964693772795
II,466,466,Full,5,True,105.07224730221546,7.103595129496063
II,466,466,Global,5,True,88.00636623315923,8.964866818320294
II,466,466,Huber,5,True,40.039093421206026,0.836518660157067
II,466,466,Patch,5,True,98.6941561046121,10.035169294568693
II,466,466,Raw,5,True,105.54239303566789,8.96613786361451
II,466,466,Trim,5,True,38.166140004358525,1.073817224131938
II,467,467,Full,5,True,172.62718029271284,11.3011011612172
II,467,467,Global,5,True,159.2101651129783,14.993304191483556
II,467,467,Huber,5,True,40.2105959056004,0.9939324875633476
II,467,467,Patch,5,True,171.7000988340696,14.950267586810003
II,467,467,Raw,5,True,177.38859776227315,14.993304191483553
II,467,467,Trim,5,True,37.52538461067916,0.9991878397847292
II,468,468,Full,5,True,185.67913949002497,14.886640315524597
II,468,468,Global,5,True,186.46681646441493,14.839950652241324
II,468,468,Huber,5,True,39.095288533035394,1.0818378053798152
II,468,468,Patch,5,True,199.1818841370477,14.849433467543149
II,468,468,Raw,5,True,204.52692679913184,14.97464617009764
II,468,468,Trim,5,True,36.19508200244445,1.1146177072506729
II,469,469,Full,5,True,127.87431890704,11.881122127641602
II,469,469,Global,5,True,95.6948950730278,9.262514401418304
II,469,469,Huber,5,True,39.035537828207815,0.9354352065214112
II,469,469,Patch,5,True,117.19143932884892,11.912132468543357
II,469,469,Raw,5,True,113.3462379293349,9.26489499225991
II,469,469,Trim,5,True,37.07895072813111,0.9493616417790784
II,470,470,Full,5,True,90.90760317885844,4.098022997322492
II,470,470,Global,5,True,52.20006364727144,1.7907804624768215
II,470,470,Huber,5,True,39.22730684379429,0.9562124469355964
II,470,470,Patch,5,True,48.56630107729963,2.0147593232601064
II,470,470,Raw,5,True,65.41618519508535,1.7902089890114146
II,470,470,Trim,5,True,37.23841072448421,0.9079088130530611
II,471,471,Full,5,True,88.2675022029204,2.929743509560979
II,471,471,Global,5,True,49.270466514962216,1.965193036608209
II,471,471,Huber,5,True,39.50827067419124,0.979401096217018
II,471,471,Patch,5,True,44.36790470977503,1.2051542472763852
II,471,471,Raw,5,True,61.61955821600325,1.957330921933984
II,471,471,Trim,5,True,36.9537741515531,0.8622318070769779
II,472,472,Full,5,True,92.87065299809616,3.9780573498877456
II,472,472,Global,5,True,61.77773359999294,2.182548389341436
II,472,472,Huber,5,True,39.072921864100415,0.6780113781946749
II,472,472,Patch,5,True,73.38513229585845,5.188637463742331
II,472,472,Raw,5,True,78.31998897625229,2.189970567010217
II,472,472,Trim,5,True,36.98593131585884,0.777701703530516
II,473,473,Full,5,True,196.93441037454053,14.273080998336397
II,473,473,Global,5,True,178.24099467913072,14.746829526476134
II,473,473,Huber,5,True,41.34053780463197,0.9765770544993616
II,473,473,Patch,5,True,191.20865036842144,14.575858630513338
II,473,473,Raw,5,True,197.1508152445666,14.750321525229172
II,473,473,Trim,5,True,38.2642814903247,0.8815501292578928
II,474,474,Full,5,True,240.7383465961117,14.941544664574538
II,474,474,Global,5,True,224.92073916102288,14.940263558951312
II,474,474,Huber,5,True,39.151549224371,0.8614076446982649
II,474,474,Patch,5,True,235.6320549334349,14.863892200333051
II,474,474,Raw,5,True,243.76507541287825,14.94420287354304
II,474,474,Trim,5,True,37.0044069448068,0.9800994015809216
II,475,475,Full,5,True,310.54438846281664,11.423815718582734
II,475,475,Global,5,True,302.9480402963427,12.111365108591604
II,475,475,Huber,5,True,40.17269345421237,0.8944395855522246
II,475,475,Patch,5,True,312.03566894906265,13.716053667828282
II,475,475,Raw,5,True,318.7898772596763,12.264616777677563
II,475,475,Trim,5,True,36.879766301379256,0.8742544414018224
II,476,476,Full,5,True,377.0798354924384,9.364207486670724
II,476,476,Global,5,True,370.1871593238856,9.984420639827396
II,476,476,Huber,5,True,40.96035229175739,0.9158655631003194
II,476,476,Patch,5,True,376.85181509872814,9.870240479598037
II,476,476,Raw,5,True,378.5996127736284,10.133894621697442
II,476,476,Trim,5,True,37.19447590432717,0.8841655888886011
II,477,477,Full,5,True,300.00000000000006,0.0
II,477,477,Global,5,True,300.0,0.0
II,477,477,Huber,5,True,45.38030023453385,1.25748790486763
II,477,477,Patch,5,True,300.0,0.0
II,477,477,Raw,5,True,299.99999999999994,0.0
II,477,477,Trim,5,True,39.17184321420997,0.8995522523697683
II,478,478,Full,5,True,300.0,0.0
II,478,478,Global,5,True,300.0,0.0
II,478,478,Huber,5,True,49.74282111853241,1.5967956804637105
II,478,478,Patch,5,True,300.00000000000006,0.0
II,478,478,Raw,5,True,300.0,0.0
II,478,478,Trim,5,True,39.99237954980492,0.9393260650751032
II,479,479,Full,5,True,299.99999999999994,0.0
II,479,479,Global,5,True,300.00000000000006,0.0
II,479,479,Huber,5,True,57.64869116612833,2.451822219496242
II,479,479,Patch,5,True,300.0,0.0
II,479,479,Raw,5,True,300.0,0.0
II,479,479,Trim,5,True,40.83693863951091,0.8516425813008724
II,480,480,Full,5,True,300.00000000000006,0.0
II,480,480,Global,5,True,300.0,0.0
II,480,480,Huber,5,True,89.16612521217212,5.912674894820597
II,480,480,Patch,5,True,300.0,0.0
II,480,480,Raw,5,True,300.0,0.0
II,480,480,Trim,5,True,49.47710444091469,1.6845737402237946
II,481,481,Full,5,True,299.99999999999994,0.0
II,481,481,Global,5,True,300.0,0.0
II,481,481,Huber,5,True,128.32449699332062,8.83824870384489
II,481,481,Patch,5,True,300.0,0.0
II,481,481,Raw,5,True,300.0,0.0
II,481,481,Trim,5,True,225.49981605997783,11.855665772832378
II,482,482,Full,5,True,300.00000000000006,0.0
II,482,482,Global,5,True,300.0,0.0
II,482,482,Huber,5,True,130.81526409553928,8.264097841982569
II,482,482,Patch,5,True,300.0,0.0
II,482,482,Raw,5,True,300.0,0.0
II,482,482,Trim,5,True,226.18038856096155,14.94729139615094
II,483,483,Full,6,True,300.0,0.0
II,483,483,Global,6,True,300.0,0.0
II,483,483,Huber,6,True,126.07682351999928,7.352708944841125
II,483,483,Patch,6,True,299.99999999999994,0.0
II,483,483,Raw,6,True,300.0,0.0
II,483,483,Trim,6,True,99.44800614923582,4.617292384278226
II,484,484,Full,6,True,299.99999999999994,0.0
II,484,484,Global,6,True,300.0,0.0
II,484,484,Huber,6,True,125.04007001715512,7.593413929126068
II,484,484,Patch,6,True,300.0,0.0
II,484,484,Raw,6,True,300.0,0.0
II,484,484,Trim,6,True,188.68432291924628,13.70199160215972
II,485,485,Full,6,True,300.00000000000006,0.0
II,485,485,Global,6,True,300.0,0.0
II,485,485,Huber,6,True,129.92669325808234,7.359472806540734
II,485,485,Patch,6,True,299.99999999999994,0.0
II,485,485,Raw,6,True,300.00000000000006,0.0
II,485,485,Trim,6,True,118.27693359871068,5.910181628267411
II,486,486,Full,6,True,300.00000000000006,0.0
II,486,486,Global,6,True,300.0,0.0
II,486,486,Huber,6,True,120.5083442477374,7.326208034910584
II,486,486,Patch,6,True,300.0,0.0
II,486,486,Raw,6,True,300.0,0.0
II,486,486,Trim,6,True,68.17109076923556,1.8579897551035471
II,487,487,Full,6,True,300.0,0.0
II,487,487,Global,6,True,300.0,0.0
II,487,487,Huber,6,True,104.74635350999404,5.9563009158670175
II,487,487,Patch,6,True,300.0,0.0
II,487,487,Raw,6,True,300.0,0.0
II,487,487,Trim,6,True,63.10211215528236,1.916886485604864
II,488,488,Full,6,True,300.00000000000006,0.0
II,488,488,Global,6,True,300.0,0.0
II,488,488,Huber,6,True,92.11321568997764,5.737099987225753
II,488,488,Patch,6,True,300.0,0.0
II,488,488,Raw,6,True,300.00000000000006,0.0
II,488,488,Trim,6,True,57.2172972461079,1.3858769805924869
II,489,489,Full,6,True,300.0,0.0
II,489,489,Global,6,True,300.0,0.0
II,489,489,Huber,6,True,105.8308427177818,7.001676955776055
II,489,489,Patch,6,True,300.0,0.0
II,489,489,Raw,6,True,299.99999999999994,0.0
II,489,489,Trim,6,True,62.88796037536737,1.7391214426743096
II,490,490,Full,6,True,299.99999999999994,0.0
II,490,490,Global,6,True,300.0,0.0
II,490,490,Huber,6,True,110.88903058966144,8.076366098015423
II,490,490,Patch,6,True,300.0,0.0
II,490,490,Raw,6,True,300.0,0.0
II,490,490,Trim,6,True,63.14334997142154,1.8319442974876108
II,491,491,Full,6,True,300.0,0.0
II,491,491,Global,6,True,300.0,0.0
II,491,491,Huber,6,True,94.96220347425938,7.267739123583397
II,491,491,Patch,6,True,300.0,0.0
II,491,491,Raw,6,True,300.0,0.0
II,491,491,Trim,6,True,54.49564645517542,1.523017329482304
II,492,492,Full,6,True,300.0,0.0
II,492,492,Global,6,True,300.0,0.0
II,492,492,Huber,6,True,80.28129972644759,6.622941689147195
II,492,492,Patch,6,True,300.00000000000006,0.0
II,492,492,Raw,6,True,300.0,0.0
II,492,492,Trim,6,True,50.50805746360094,1.3421930836726597
II,493,493,Full,6,True,300.00000000000006,0.0
II,493,493,Global,6,True,300.0,0.0
II,493,493,Huber,6,True,66.92823817912678,5.626962093546854
II,493,493,Patch,6,True,300.00000000000006,0.0
II,493,493,Raw,6,True,300.00000000000006,0.0
II,493,493,Trim,6,True,47.321000057312176,1.2019573655522833
II,494,494,Full,6,True,299.99999999999994,0.0
II,494,494,Global,6,True,300.0,0.0
II,494,494,Huber,6,True,49.7512633871034,3.246649572298117
II,494,494,Patch,6,True,300.00000000000006,0.0
II,494,494,Raw,6,True,300.00000000000006,0.0
II,494,494,Trim,6,True,41.55440359041194,1.0806709246802682
II,495,495,Full,6,True,299.99999999999994,0.0
II,495,495,Global,6,True,300.0,0.0
II,495,495,Huber,6,True,40.72232930962511,1.7794146155927892
II,495,495,Patch,6,True,300.0,0.0
II,495,495,Raw,6,True,300.0,0.0
II,495,495,Trim,6,True,38.81203660962617,0.9240527927383276
II,496,496,Full,6,True,300.0,0.0
II,496,496,Global,6,True,300.0,0.0
II,496,496,Huber,6,True,38.53152355125828,1.4494016055183732
II,496,496,Patch,6,True,300.0,0.0
II,496,496,Raw,6,True,299.99999999999994,0.0
II,496,496,Trim,6,True,35.94682795671516,1.014616078417274
II,497,497,Full,6,True,300.0,0.0
II,497,497,Global,6,True,299.99999999999994,0.0
II,497,497,Huber,6,True,37.18777052225133,1.2673428653159873
II,497,497,Patch,6,True,300.0,0.0
II,497,497,Raw,6,True,300.00000000000006,0.0
II,497,497,Trim,6,True,34.57221378504635,1.0018182384736032
II,498,498,Full,6,True,300.00000000000006,0.0
II,498,498,Global,6,True,300.0,0.0
II,498,498,Huber,6,True,36.492991864302674,1.211302435854576
II,498,498,Patch,6,True,300.00000000000006,0.0
II,498,498,Raw,6,True,300.0000000000001,0.0
II,498,498,Trim,6,True,33.23773775890179,0.9548175716829091
II,499,499,Full,6,True,300.00000000000006,0.0
II,499,499,Global,6,True,300.00000000000006,0.0
II,499,499,Huber,6,True,36.12066335005603,1.1448138671092891
II,499,499,Patch,6,True,299.99999999999994,0.0
II,499,499,Raw,6,True,300.0,0.0
II,499,499,Trim,6,True,33.45729533256731,1.0159374450843983
II,500,500,Full,6,True,251.74277018556523,13.482751921933357
II,500,500,Global,6,True,291.4011986176861,11.098041073867948
II,500,500,Huber,6,True,36.29605521231457,1.310180856239481
II,500,500,Patch,6,True,345.2087315498976,14.672322873219755
II,500,500,Raw,6,True,305.83117845057086,11.179870016745074
II,500,500,Trim,6,True,33.76961354190528,1.2213696236743468
II,501,501,Full,6,True,198.578389076764,11.629213683149414
II,501,501,Global,6,True,230.3561585826789,14.43120219334116
II,501,501,Huber,6,True,35.32395313684073,1.1211425445093754
II,501,501,Patch,6,True,257.32121098766913,14.627225947278726
II,501,501,Raw,6,True,248.9255397156909,14.494915837504031
II,501,501,Trim,6,True,32.27138610791866,1.1040705292898798
II,502,502,Full,6,True,160.2951199590409,14.847038063458514
II,502,502,Global,6,True,121.9781298725693,14.39782261502378
II,502,502,Huber,6,True,35.37987005529577,1.1510258578144676
II,502,502,Patch,6,True,142.61618953309534,12.589254530543297
II,502,502,Raw,6,True,140.35739402194915,14.401920848065169
II,502,502,Trim,6,True,32.289772124332856,1.0950272584687144
II,503,503,Full,6,True,128.30496803256176,14.838430860831936
II,503,503,Global,6,True,85.50350474782228,8.965049878841299
II,503,503,Huber,6,True,34.787721517365135,1.1216232141078364
II,503,503,Patch,6,True,91.63144801732984,8.318587979430943
II,503,503,Raw,6,True,101.67131153068924,8.982355122676468
II,503,503,Trim,6,True,31.44008904857767,1.0937563141982254
II,504,504,Full,6,True,155.92060091020764,14.500440128202117
II,504,504,Global,6,True,101.16589881621816,7.628508099660532
II,504,504,Huber,6,True,33.50530232173629,1.1055821278122568
II,504,504,Patch,6,True,129.64662893097295,13.05243200448731
II,504,504,Raw,6,True,116.94179028896802,7.619219754221389
II,504,504,Trim,6,True,29.99437657896582,1.01848345150881
II,505,505,Full,6,True,152.49201837861492,14.771375417369832
II,505,505,Global,6,True,128.2473640343283,12.663564022568114
II,505,505,Huber,6,True,33.31143973609391,1.0439174754114002
II,505,505,Patch,6,True,127.89450939897436,12.765474174990356
II,505,505,Raw,6,True,141.39368937689667,12.66387351072644
II,505,505,Trim,6,True,29.98142396062148,1.0326150554129097
II,506,506,Full,6,True,121.96259431961934,14.961997161068007
II,506,506,Global,6,True,84.05580068387286,4.709492482688998
II,506,506,Huber,6,True,33.69637956318382,1.0845517540964351
II,506,506,Patch,6,True,97.92790728309642,8.18529352977615
II,506,506,Raw,6,True,95.50021133577587,4.701262730450114
II,506,506,Trim,6,True,28.943933835820715,0.9326382791163508
II,507,507,Full,6,True,111.64045212288129,12.655099951468795
II,507,507,Global,6,True,85.20422528750817,2.938029190627103
II,507,507,Huber,6,True,34.004306417152485,0.9816138892424944
II,507,507,Patch,6,True,87.13040739733255,6.278513678341104
II,507,507,Raw,6,True,94.46151678174296,2.936650846589267
II,507,507,Trim,6,True,29.422908378861127,0.9046958463966828
II,508,508,Full,6,True,111.92803017251636,14.537812761509189
II,508,508,Global,6,True,86.91390847338012,5.740157475170231
II,508,508,Huber,6,True,34.670049445707576,1.119339791820228
II,508,508,Patch,6,True,87.19920181420656,5.937542645356956
II,508,508,Raw,6,True,97.28148154500056,5.733015256449738
II,508,508,Trim,6,True,28.433059269373803,0.8398765627243638
II,509,509,Full,6,True,56.8260302881392,5.424428631105895
II,509,509,Global,6,True,77.6636683128729,3.4785714701708783
II,509,509,Huber,6,True,32.77411212972938,1.0320041778566966
II,509,509,Patch,6,True,76.38431332995907,3.9295718612670174
II,509,509,Raw,6,True,86.48497607310948,3.4797897661688384
II,509,509,Trim,6,True,28.122114695131017,0.8782442214888758
II,510,510,Full,6,True,113.21922477619034,14.932163692813337
II,510,510,Global,6,True,80.72054751680967,5.783133657053326
II,510,510,Huber,6,True,32.424196526464144,1.1035704937080435
II,510,510,Patch,6,True,90.58101225800078,6.596133231135918
II,510,510,Raw,6,True,92.30769076437645,5.789244729003957
II,510,510,Trim,6,True,27.02020740121453,1.0136036398689596
II,602,602,Full,6,True,37.563636340956,1.5290092388419878
II,602,602,Global,6,True,16.93741956000964,0.6688465231866898
II,602,602,Huber,6,True,30.49733754661625,0.5925267450280868
II,602,602,Patch,6,True,10.522946986672451,0.8771611216630677
II,602,602,Raw,6,True,29.06562071178348,0.6723430553329075
II,602,602,Trim,6,True,37.68453362447672,0.6105303012642377
II,603,603,Full,6,True,42.07212338979425,1.481912368182222
II,603,603,Global,6,True,16.114668444016367,0.5849923925578522
II,603,603,Huber,6,True,30.652627600306563,0.5115437321581077
II,603,603,Patch,6,True,12.538226047340874,0.8363288380078615
II,603,603,Raw,6,True,28.603266649121007,0.5844379691181092
II,603,603,Trim,6,True,35.26695909939243,0.5754826152511667
II,604,604,Full,6,True,38.36783395023585,1.103125222159154
II,604,604,Global,6,True,21.085774935027736,0.7500442794592767
II,604,604,Huber,6,True,30.890814373562257,0.6646140575189983
II,604,604,Patch,6,True,14.296883928236625,0.733684396200581
II,604,604,Raw,6,True,32.05813308317619,0.7475426760869974
II,604,604,Trim,6,True,35.26820232107106,0.6014544613360348
II,605,605,Full,6,True,39.14611627213115,1.0569908579835952
II,605,605,Global,6,True,21.730344587489256,0.7982325542935947
II,605,605,Huber,6,True,30.707769484813245,0.4796702708190042
II,605,605,Patch,6,True,12.4031985395709,0.5835578811463544
II,605,605,Raw,6,True,32.36927024877909,0.7979006788981986
II,605,605,Trim,6,True,35.76398927560704,0.4579207347316297
II,606,606,Full,6,True,38.67639044546361,0.6354979251638895
II,606,606,Global,6,True,23.99970140825255,0.9399729390772964
II,606,606,Huber,6,True,32.23512764596309,0.5873174869208209
II,606,606,Patch,6,True,15.311747075733487,0.5175541349400439
II,606,606,Raw,6,True,34.55632021263298,0.9623273562641836
II,606,606,Trim,6,True,34.51627342304151,0.5109951836649707
II,607,607,Full,6,True,38.46538109004508,0.7455576734428095
II,607,607,Global,6,True,26.12994772015553,1.1638860446540669
II,607,607,Huber,6,True,30.03281074389604,0.5763109464014284
II,607,607,Patch,6,True,11.163054546629075,0.1731819613060512
II,607,607,Raw,6,True,35.63222053485432,1.16181216280011
II,607,607,Trim,6,True,32.49208561683468,0.4688428346031835
II,608,608,Full,6,True,41.12192442550232,1.201260658018684
II,608,608,Global,6,True,23.183962027612687,1.3047603041411582
II,608,608,Huber,6,True,28.904006497663,0.6399854129563475
II,608,608,Patch,6,True,13.25941250996804,0.2756758271937623
II,608,608,Raw,6,True,33.90847276614946,1.300323631623627
II,608,608,Trim,6,True,30.80717792771249,0.5863307999524435
II,609,609,Full,6,True,38.73228229235363,0.8370095216385904
II,609,609,Global,6,True,27.54587117636201,1.3256704152131098
II,609,609,Huber,6,True,29.80982583999807,0.5803729066071704
II,609,609,Patch,6,True,14.2936667084333,0.3247418474499277
II,609,609,Raw,6,True,37.07055981371997,1.3216856279350275
II,609,609,Trim,6,True,32.46601063570168,0.5324828148651881
II,610,610,Full,6,True,38.62212458572425,0.971906864845929
II,610,610,Global,6,True,31.671229716931336,1.5031706156683795
II,610,610,Huber,6,True,29.60820375210885,0.6044190134001063
II,610,610,Patch,6,True,18.229978842567306,0.3379302956869984
II,610,610,Raw,6,True,40.48942545094947,1.5024332741418949
II,610,610,Trim,6,True,30.784042019871155,0.5364271105397836
II,611,611,Full,6,True,46.34211631282203,1.4170600015460488
II,611,611,Global,6,True,25.446738725533034,1.5027751107774698
II,611,611,Huber,6,True,27.699588400132644,0.695489283501821
II,611,611,Patch,6,True,18.01940322690269,0.7860986435126528
II,611,611,Raw,6,True,36.083429226175774,1.502021788228782
II,611,611,Trim,6,True,29.213515744913803,0.6318816837433722
II,612,612,Full,6,True,46.97062704911389,1.5975321145993688
II,612,612,Global,6,True,26.04691930831173,1.2280643724599136
II,612,612,Huber,6,True,27.484850077342443,0.5894745869285685
II,612,612,Patch,6,True,21.552161163106422,0.3378161640359745
II,612,612,Raw,6,True,37.618008841093314,1.2234056873911334
II,612,612,Trim,6,True,28.625761023595874,0.5266622763920253
II,613,613,Full,6,True,44.4543924698792,1.7845359621441428
II,613,613,Global,6,True,28.80032555985265,1.3849801139934457
II,613,613,Huber,6,True,26.622124002143423,0.6202133974568259
II,613,613,Patch,6,True,20.76515447546748,0.5356690577136352
II,613,613,Raw,6,True,39.428944543549946,1.3814981396254655
II,613,613,Trim,6,True,28.16818787172043,0.5727750990993644
II,614,614,Full,6,True,51.51613072441273,1.6694975705407151
II,614,614,Global,6,True,21.822322313560008,1.3088221120265109
II,614,614,Huber,6,True,25.80162006025947,0.6140883213023874
II,614,614,Patch,6,True,21.244664910447785,0.7147106563650227
II,614,614,Raw,6,True,34.81166412381605,1.3096880078417483
II,614,614,Trim,6,True,27.27401504843386,0.6427579374810423
II,615,615,Full,6,True,52.862901201584656,2.161690248936148
II,615,615,Global,6,True,17.570680224333984,1.163699583445809
II,615,615,Huber,6,True,26.3288657633657,0.600978311790348
II,615,615,Patch,6,True,22.32928497727784,1.0089077867803151
II,615,615,Raw,6,True,31.87469666314246,1.1564612469339095
II,615,615,Trim,6,True,26.46551246832602,0.6252274387828295
II,616,616,Full,6,True,55.26402950132688,2.1218943375652093
II,616,616,Global,6,True,18.317229493302207,1.0799480314044028
II,616,616,Huber,6,True,26.149654584957325,0.4586204535481987
II,616,616,Patch,6,True,23.47310940638808,0.9747484214447985
II,616,616,Raw,6,True,32.49461295249327,1.0805901731848422
II,616,616,Trim,6,True,26.72747766448035,0.4549866353385614
II,617,617,Full,6,True,59.96902990999027,2.246282863072719
II,617,617,Global,6,True,18.93613139247332,1.0666852764163357
II,617,617,Huber,6,True,25.83977879529454,0.5568842012379432
II,617,617,Patch,6,True,27.7336763872648,0.9419240346385082
II,617,617,Raw,6,True,34.29818072121076,1.0626454618802736
II,617,617,Trim,6,True,25.7878739098528,0.5426517455357309
II,618,618,Full,6,True,53.99329622056359,2.0224918175312068
II,618,618,Global,6,True,17.41440359269627,0.9556264619474748
II,618,618,Huber,6,True,24.70235408133808,0.5921810741280448
II,618,618,Patch,6,True,27.15025311009981,0.9937300849204538
II,618,618,Raw,6,True,32.779704599524635,0.9609779836437596
II,618,618,Trim,6,True,25.46078109518372,0.6310282368033826
II,619,619,Full,6,True,60.86413591785237,2.9624934835075267
II,619,619,Global,6,True,20.597964131078704,1.2341012197759502
II,619,619,Huber,6,True,26.90680051765873,0.5098109440209807
II,619,619,Patch,6,True,30.021759785640505,1.175134257321907
II,619,619,Raw,6,True,35.48668240971422,1.2336506201556932
II,619,619,Trim,6,True,26.218971317654308,0.5964040641119143
II,620,620,Full,6,True,59.35964535181449,2.455775158494756
II,620,620,Global,6,True,18.57549858506856,1.2431783797799174
II,620,620,Huber,6,True,24.92726918981266,0.5757290284477733
II,620,620,Patch,6,True,28.98753548397588,1.2016941550230988
II,620,620,Raw,6,True,33.65011183933405,1.2431783797799012
II,620,620,Trim,6,True,25.86935885472021,0.6356200127088303
II,621,621,Full,6,True,64.70088524874878,3.650261754668248
II,621,621,Global,6,True,19.231287910456057,1.0601006098801466
II,621,621,Huber,6,True,25.302434613531844,0.6121589985662497
II,621,621,Patch,6,True,32.89950986177892,1.392287530248242
II,621,621,Raw,6,True,34.57661691299929,1.0685779334214485
II,621,621,Trim,6,True,24.822262879501693,0.630430175789687
II,622,622,Full,6,True,64.52659043105287,2.691847803201705
II,622,622,Global,6,True,15.57887108759916,0.969602298887836
II,622,622,Huber,6,True,25.47631916280484,0.7179473612000445
II,622,622,Patch,6,True,36.22260759096562,1.447241092163524
II,622,622,Raw,6,True,33.4786988727208,0.9729050987506388
II,622,622,Trim,6,True,25.462418732561908,0.7333124454546126
II,623,623,Full,6,True,63.25325185971488,2.36457493498123
II,623,623,Global,6,True,16.24960602414854,1.1510774333942455
II,623,623,Huber,6,True,25.29632986488944,0.6662746482119707
II,623,623,Patch,6,True,36.48285624068988,1.2446276431810257
II,623,623,Raw,6,True,33.265603802023044,1.1509818151835385
II,623,623,Trim,6,True,25.326250952584385,0.595481204855594
II,624,624,Full,7,True,64.68463224957675,2.3120042635867577
II,624,624,Global,7,True,15.567676284895834,1.449254449836214
II,624,624,Huber,7,True,24.572608951548226,0.8432527719099265
II,624,624,Patch,7,True,37.56858065802282,1.4848448334479856
II,624,624,Raw,7,True,33.166071791415014,1.4521660672523384
II,624,624,Trim,7,True,24.71432879673881,0.8160887906422158
II,625,625,Full,7,True,61.893773631773854,3.3107513661394488
II,625,625,Global,7,True,21.39205715798505,1.5137798017264563
II,625,625,Huber,7,True,24.82126181461779,0.8024522973997212
II,625,625,Patch,7,True,37.18815258017901,1.0895603875318518
II,625,625,Raw,7,True,36.79111114369124,1.5142898661904904
II,625,625,Trim,7,True,25.74893767550741,0.5734865286456505
II,626,626,Full,7,True,72.0777988201738,1.6432022706979592
II,626,626,Global,7,True,21.996864909836468,1.4086164105088002
II,626,626,Huber,7,True,25.195010275244403,0.6663152093341557
II,626,626,Patch,7,True,38.89989083591922,1.377725798320669
II,626,626,Raw,7,True,36.84330439205044,1.4073092686421076
II,626,626,Trim,7,True,25.546208270110867,0.6210794600154868
II,627,627,Full,7,True,75.24131656511507,1.533371134579528
II,627,627,Global,7,True,20.280782505082847,1.33469081685075
II,627,627,Huber,7,True,25.43416381865073,0.8591720399084657
II,627,627,Patch,7,True,39.9486712777533,1.0903867679498251
II,627,627,Raw,7,True,36.30596288441064,1.3347644393244222
II,627,627,Trim,7,True,26.469773957720097,0.8543171067216259
II,628,628,Full,7,True,70.29772473867156,1.905514926391324
II,628,628,Global,7,True,21.738885515333067,1.5282682976886388
II,628,628,Huber,7,True,25.512797967126644,0.924671142237072
II,628,628,Patch,7,True,38.24241904509815,1.6875359721366685
II,628,628,Raw,7,True,36.20031646171506,1.529359408669759
II,628,628,Trim,7,True,26.16309997502753,0.834864317393001
II,629,629,Full,7,True,69.78156438899877,1.3321568989280024
II,629,629,Global,7,True,20.955007954018527,1.586611248294626
II,629,629,Huber,7,True,19.889894117291902,0.8371683677940602
II,629,629,Patch,7,True,31.55830576069453,1.2318406081494782
II,629,629,Raw,7,True,34.06398365470365,1.5866112482946328
II,629,629,Trim,7,True,19.63469166574025,0.8559561405238119
II,630,630,Full,7,True,64.17706998526958,1.380217053289126
II,630,630,Global,7,True,22.979333623339084,1.6090993121033033
II,630,630,Huber,7,True,18.014082213810912,1.056762543557522
II,630,630,Patch,7,True,28.95589859470676,0.8800856794540359
II,630,630,Raw,7,True,35.29247404264154,1.6098856425686157
II,630,630,Trim,7,True,17.569331956352496,0.9666063676808422
II,631,631,Full,7,True,62.69185122319493,1.4736329658626528
II,631,631,Global,7,True,21.575195800726075,1.559669807666621
II,631,631,Huber,7,True,17.356583303078775,1.107211870469924
II,631,631,Patch,7,True,25.023622890757245,1.2407349665982643
II,631,631,Raw,7,True,32.220747525779935,1.5596698076666
II,631,631,Trim,7,True,16.528966296636213,1.064748325399678
II,632,632,Full,7,True,64.39934580830707,1.6870449913976195
II,632,632,Global,7,True,18.659102950346163,1.5971632775737208
II,632,632,Huber,7,True,16.900871034783155,1.1223198055423609
II,632,632,Patch,7,True,26.91845448967708,1.0484272440933304
II,632,632,Raw,7,True,30.07820207409693,1.5924750540684702
II,632,632,Trim,7,True,16.462779781057062,1.030379949159739
II,633,633,Full,7,True,68.59675124225316,1.7502451609231329
II,633,633,Global,7,True,17.671979381665693,1.4870395670708711
II,633,633,Huber,7,True,17.410972245515747,1.111096125528784
II,633,633,Patch,7,True,30.192278788581728,1.127068475666042
II,633,633,Raw,7,True,30.965954394772005,1.485349048236446
II,633,633,Trim,7,True,16.107941253802835,1.0191339467776617
II,634,634,Full,7,True,76.83751797261246,2.1951503692611216
II,634,634,Global,7,True,20.826186454597966,1.6826077886381905
II,634,634,Huber,7,True,18.897590673411383,1.1750144670434932
II,634,634,Patch,7,True,30.58001716103336,1.282289207595028
II,634,634,Raw,7,True,32.2542288085608,1.683127507608383
II,634,634,Trim,7,True,17.569170030664555,1.086614101467657
II,635,635,Full,7,True,72.3559803871904,2.197186225969673
II,635,635,Global,7,True,24.076575578804896,2.1062055285977337
II,635,635,Huber,7,True,18.8415966386657,1.1491871258283033
II,635,635,Patch,7,True,30.36258205252416,1.4739517893325325
II,635,635,Raw,7,True,35.196709838018165,2.106267894666765
II,635,635,Trim,7,True,18.20387515639202,0.9555243404198012
II,636,636,Full,7,True,73.01058311210492,2.4324674794817587
II,636,636,Global,7,True,22.44445354060731,2.138617532911651
II,636,636,Huber,7,True,19.222970828717475,1.2685539901011371
II,636,636,Patch,7,True,35.32174469016952,1.580987923048634
II,636,636,Raw,7,True,35.359848677866495,2.138763398484582
II,636,636,Trim,7,True,18.01432597924232,1.1398480833514315
II,637,637,Full,7,True,77.70624993050123,2.7738960808585187
II,637,637,Global,7,True,24.7905484038289,2.2623586755208014
II,637,637,Huber,7,True,19.38641825400077,1.2002890797346744
II,637,637,Patch,7,True,38.26734425278033,2.075874388084347
II,637,637,Raw,7,True,37.85706841839647,2.262494079533406
II,637,637,Trim,7,True,18.657682504399613,1.0303405636081753
II,638,638,Full,7,True,76.66209630927439,2.412137115676764
II,638,638,Global,7,True,26.1716819000328,2.335122338964063
II,638,638,Huber,7,True,21.57409532058257,1.1991456746679123
II,638,638,Patch,7,True,35.46195024331934,1.7072703730026315
II,638,638,Raw,7,True,38.371847171463166,2.3348989935295776
II,638,638,Trim,7,True,20.2842367762054,1.0441741117096337
II,639,639,Full,7,True,78.88643043368421,2.7234686418522127
II,639,639,Global,7,True,31.507456278185074,2.7529245500432875
II,639,639,Huber,7,True,22.363885856229565,1.3044933273680042
II,639,639,Patch,7,True,40.12776748980396,2.25102138394492
II,639,639,Raw,7,True,43.89404422754649,2.7549938272081658
II,639,639,Trim,7,True,21.189321530510536,0.8935996470289274
II,640,640,Full,7,True,74.49166032896723,1.5798145437591522
II,640,640,Global,7,True,29.759163606922684,2.804965063806144
II,640,640,Huber,7,True,23.777333120042943,1.2706021379150048
II,640,640,Patch,7,True,39.41997070278544,1.972528987062634
II,640,640,Raw,7,True,42.184267524573,2.8049650638061387
II,640,640,Trim,7,True,23.11596262704685,1.0191472681906533
II,641,641,Full,7,True,75.99624392691602,2.012104037410492
II,641,641,Global,7,True,32.99355780839047,2.981758744843672
II,641,641,Huber,7,True,24.006460065302527,1.356240663622582
II,641,641,Patch,7,True,40.580568568090406,2.2456436025075908
II,641,641,Raw,7,True,44.77888255856043,2.981354574836973
II,641,641,Trim,7,True,23.011711055873405,1.1482459975048784
II,642,642,Full,7,True,73.86361478921819,0.9574269408969576
II,642,642,Global,7,True,33.029483614951104,2.935902641525856
II,642,642,Huber,7,True,24.01019775858221,1.2213193157941875
II,642,642,Patch,7,True,41.55872159406443,2.0600386830691737
II,642,642,Raw,7,True,44.77155506104719,2.9355989887958893
II,642,642,Trim,7,True,22.408336908785145,1.0076210006946542
II,643,643,Full,7,True,73.70459907005569,1.4899608733390857
II,643,643,Global,7,True,35.41622991689383,3.26431475651597
II,643,643,Huber,7,True,24.145412027338136,1.1953750110941486
II,643,643,Patch,7,True,40.443650891636096,2.289746207913726
II,643,643,Raw,7,True,46.53993712658804,3.261010614829896
II,643,643,Trim,7,True,23.065157569411458,1.071222590618058
II,644,644,Full,7,True,76.58572305852418,0.950390543096537
II,644,644,Global,7,True,36.12409475389858,3.3091484532581705
II,644,644,Huber,7,True,25.15222192588457,1.1721126806187847
II,644,644,Patch,7,True,41.46054913418489,2.4473141747422065
II,644,644,Raw,7,True,46.79884791964211,3.3074784155647987
II,644,644,Trim,7,True,23.09782883001264,1.0295941872614316
II,645,645,Full,7,True,75.88178652819249,1.1876004351360312
II,645,645,Global,7,True,38.96969301564557,3.3751197887718978
II,645,645,Huber,7,True,24.33177329948698,0.9568932029540902
II,645,645,Patch,7,True,43.86986094674222,2.500019446060193
II,645,645,Raw,7,True,49.656186642554594,3.37327056146748
II,645,645,Trim,7,True,24.41491076551394,0.9950886078280616
II,646,646,Full,7,True,78.1056620842548,1.1056222569886427
II,646,646,Global,7,True,39.72243923919222,3.4184344675422382
II,646,646,Huber,7,True,26.10331219197576,1.2304438357374003
II,646,646,Patch,7,True,43.603242183669394,2.3161362546989555
II,646,646,Raw,7,True,50.53550853650325,3.418131667014213
II,646,646,Trim,7,True,23.85245758448633,0.9957500823700688
II,647,647,Full,7,True,73.16610758070287,1.096742687493563
II,647,647,Global,7,True,43.4851403637266,3.4891530047488994
II,647,647,Huber,7,True,27.26015962632841,1.2773642726563676
II,647,647,Patch,7,True,44.18683565554768,2.357502826299786
II,647,647,Raw,7,True,53.93523369732063,3.489383720069383
II,647,647,Trim,7,True,25.085550813251047,1.1033399161610562
II,648,648,Full,7,True,73.77967694447386,1.6193621650940868
II,648,648,Global,7,True,43.106708278898125,3.3302118153347555
II,648,648,Huber,7,True,28.599748565856647,1.282995286232024
II,648,648,Patch,7,True,46.040654639514365,2.277436814760895
II,648,648,Raw,7,True,53.625045482603845,3.322943688329318
II,648,648,Trim,7,True,26.62018468328268,1.1111184521913646
II,649,649,Full,7,True,70.58021587805196,1.5042702838560031
II,649,649,Global,7,True,42.60079316191022,3.2339802357476266
II,649,649,Huber,7,True,28.551770002567984,1.2602411116553085
II,649,649,Patch,7,True,43.69105622549596,1.98236796886882
II,649,649,Raw,7,True,53.77493875230165,3.233273655030733
II,649,649,Trim,7,True,26.07627246596691,1.0986647995145602
II,650,650,Full,7,True,71.0920362968727,1.7671110000490964
II,650,650,Global,7,True,44.0707605723608,3.215723963755549
II,650,650,Huber,7,True,27.397684160987865,1.2150798492464865
II,650,650,Patch,7,True,43.45408781104939,2.2120890907555246
II,650,650,Raw,7,True,55.2540149074668,3.207314155058179
II,650,650,Trim,7,True,25.48569634045612,1.1777632057543976
II,651,651,Full,7,True,71.41627835537801,1.88552746249908
II,651,651,Global,7,True,48.61919467587276,3.549939124876556
II,651,651,Huber,7,True,27.913158002040973,1.2924519179654566
II,651,651,Patch,7,True,45.827170653446125,2.452349210999972
II,651,651,Raw,7,True,60.10158942734879,3.5499424023567787
II,651,651,Trim,7,True,25.420527104502145,1.1194151843326114
II,652,652,Full,7,True,74.20274868909885,1.560718730562176
II,652,652,Global,7,True,45.97287010793771,3.3731728685112765
II,652,652,Huber,7,True,27.877117784653315,1.2988229096121433
II,652,652,Patch,7,True,44.79027441101755,2.281603304676396
II,652,652,Raw,7,True,58.239011131813584,3.373330361625141
II,652,652,Trim,7,True,25.62171819734368,1.1716275908087983
II,653,653,Full,7,True,68.92547576373666,1.4495176239395076
II,653,653,Global,7,True,44.43052614955269,3.47668090486192
II,653,653,Huber,7,True,27.2405328629524,1.20781824330756
II,653,653,Patch,7,True,41.69125652218741,2.4850603113694136
II,653,653,Raw,7,True,55.85578607589482,3.474952746770305
II,653,653,Trim,7,True,25.59097186092331,1.0136386547477336
II,654,654,Full,7,True,74.02833955421741,1.899700584775016
II,654,654,Global,7,True,44.76270784483224,3.415465982677273
II,654,654,Huber,7,True,29.49952279946779,1.331497027872376
II,654,654,Patch,7,True,43.822944269566015,2.3828451150015524
II,654,654,Raw,7,True,56.01174486295618,3.414215964333459
II,654,654,Trim,7,True,27.407037859718944,1.2063900317108205
II,655,655,Full,7,True,75.65392863930711,1.90123590295752
II,655,655,Global,7,True,45.60701475949818,3.197449080397251
II,655,655,Huber,7,True,30.05909162894069,1.252743739519506
II,655,655,Patch,7,True,43.22727574297,2.051701993292525
II,655,655,Raw,7,True,57.03506421062078,3.192494802983548
II,655,655,Trim,7,True,28.08496609012153,1.14274368395484
II,656,656,Full,7,True,75.78415868895542,2.1113288178027867
II,656,656,Global,7,True,47.75052949638588,3.211539953135229
II,656,656,Huber,7,True,29.64418438573313,1.1799248033795098
II,656,656,Patch,7,True,44.57942969743935,2.2637059589007125
II,656,656,Raw,7,True,60.01916802353292,3.2120534847893136
II,656,656,Trim,7,True,26.75475908806517,1.0793405391222135
II,657,657,Full,7,True,79.06617756662966,2.34487268396561
II,657,657,Global,7,True,50.1424310047255,3.4678360502209333
II,657,657,Huber,7,True,30.199834973744352,1.2577446015467673
II,657,657,Patch,7,True,46.33551746528817,2.513570840340889
II,657,657,Raw,7,True,62.15454810840623,3.4669980313850983
II,657,657,Trim,7,True,27.3887561783308,1.1573286861049794
II,658,658,Full,7,True,80.68187213969004,2.0241093883666057
II,658,658,Global,7,True,49.50998551424555,3.057209970921035
II,658,658,Huber,7,True,31.97949799478543,1.2710512459312198
II,658,658,Patch,7,True,47.028621791133496,1.932234870199492
II,658,658,Raw,7,True,62.19062314845765,3.060238557120984
II,658,658,Trim,7,True,28.73710844006841,1.1756522198298978
II,659,659,Full,7,True,86.52917080540287,2.462283695904688
II,659,659,Global,7,True,51.45000458483499,2.8182970965804386
II,659,659,Huber,7,True,31.33558183925773,1.264127076179142
II,659,659,Patch,7,True,53.00713441445328,2.1552780346877585
II,659,659,Raw,7,True,65.29247407921326,2.819047295556529
II,659,659,Trim,7,True,27.65487514823935,1.2230658064853428
II,660,660,Full,7,True,85.58199328308727,2.4023281784895563
II,660,660,Global,7,True,53.31909955564819,2.906413127678125
II,660,660,Huber,7,True,31.971555807261264,1.3045553991087266
II,660,660,Patch,7,True,53.96600210730617,2.125147015937967
II,660,660,Raw,7,True,66.79691124191744,2.9034568690663023
II,660,660,Trim,7,True,28.96730534795528,1.2573561430972156
II,661,661,Full,7,True,82.18407519231152,2.462351442418857
II,661,661,Global,7,True,50.3669499728195,2.8389456528531465
II,661,661,Huber,7,True,31.679821788978096,1.2461616946691183
II,661,661,Patch,7,True,51.533506184826834,2.1097449929705703
II,661,661,Raw,7,True,63.39557653513643,2.834576080685402
II,661,661,Trim,7,True,28.84312219860363,1.2194552134461325
II,662,662,Full,7,True,82.11438271540065,2.440778137441819
II,662,662,Global,7,True,44.9221361100637,2.666052427286947
II,662,662,Huber,7,True,30.590652545328457,1.2227390149911563
II,662,662,Patch,7,True,47.38725239949216,1.9032759160361803
II,662,662,Raw,7,True,57.54581557578488,2.6636692227128664
II,662,662,Trim,7,True,28.12516299812079,1.1855209058527014
II,663,663,Full,7,True,82.34759919667349,2.7808280901185403
II,663,663,Global,7,True,44.71520966180245,2.984883725084186
II,663,663,Huber,7,True,30.321799452833503,1.3282175577957052
II,663,663,Patch,7,True,45.29860155006645,1.798781325518231
II,663,663,Raw,7,True,56.766368802838194,2.983227639454459
II,663,663,Trim,7,True,28.24733985035056,1.3088597381839766
II,664,664,Full,7,True,78.9908262797526,2.4492796995749364
II,664,664,Global,7,True,41.61783089277786,2.709118285809577
II,664,664,Huber,7,True,30.246846865444432,1.3031370239723077
II,664,664,Patch,7,True,43.21601213210562,1.7379302615668504
II,664,664,Raw,7,True,53.83842521723958,2.708247212145001
II,664,664,Trim,7,True,28.32902303426436,1.280648625634905
II,665,665,Full,7,True,79.11312892111809,2.4871960665611352
II,665,665,Global,7,True,42.523276071330095,2.671914945813316
II,665,665,Huber,7,True,31.808448022629776,1.3187255392138544
II,665,665,Patch,7,True,41.78612751317306,1.552183394157575
II,665,665,Raw,7,True,53.70543722872585,2.670447272019544
II,665,665,Trim,7,True,30.479893584275978,1.3637485631264858
II,666,666,Full,7,True,78.42931796951981,2.821946763364224
II,666,666,Global,7,True,42.51947340395787,2.5594862822801847
II,666,666,Huber,7,True,33.33969639823092,1.317434748568554
II,666,666,Patch,7,True,40.97402182327607,1.622974012365241
II,666,666,Raw,7,True,53.74009084584087,2.5554261743502806
II,666,666,Trim,7,True,32.10896444185628,1.337839241661816
II,667,667,Full,7,True,74.88054246478697,2.690582273214264
II,667,667,Global,7,True,43.84910201326771,2.5802170014530814
II,667,667,Huber,7,True,35.10713482378039,1.357987287973371
II,667,667,Patch,7,True,40.94258276725971,1.641931198369064
II,667,667,Raw,7,True,54.30918080428744,2.5794275565759874
II,667,667,Trim,7,True,34.32275330841249,1.3598814694801238
II,668,668,Full,7,True,76.93576515227895,2.140115604115901
II,668,668,Global,7,True,44.87658365124187,2.5186768520233183
II,668,668,Huber,7,True,37.2776797742327,1.3375782653574595
II,668,668,Patch,7,True,40.94671147151047,1.5781396350740005
II,668,668,Raw,7,True,55.08418836365973,2.517322149817194
II,668,668,Trim,7,True,35.85818301675979,1.321637862569863
II,669,669,Full,7,True,78.15716048191675,2.76554315007752
II,669,669,Global,7,True,47.62476984632728,2.8135257525177497
II,669,669,Huber,7,True,38.34607026771303,1.3605543291889337
II,669,669,Patch,7,True,43.3766403299978,1.864195024004296
II,669,669,Raw,7,True,58.41652823205135,2.814522076047341
II,669,669,Trim,7,True,37.48861102316002,1.4179555804965416
II,670,670,Full,7,True,74.79513188807583,2.2476741800196214
II,670,670,Global,7,True,46.90229017411382,2.545682948476877
II,670,670,Huber,7,True,37.95223166582737,1.2765018086012203
II,670,670,Patch,7,True,41.72500410283254,1.700548700139782
II,670,670,Raw,7,True,56.94874541236273,2.545894904941755
II,670,670,Trim,7,True,36.61417511366488,1.3136186947654305
II,671,671,Full,7,True,74.68888871520292,2.6406761405167893
II,671,671,Global,7,True,45.39893260282403,2.516558660385778
II,671,671,Huber,7,True,37.20877084289503,1.388671729941749
II,671,671,Patch,7,True,39.53654505282717,1.5096400074318903
II,671,671,Raw,7,True,56.28625146925499,2.5164703787864684
II,671,671,Trim,7,True,36.42992898967842,1.4237249796462152
II,672,672,Full,7,True,74.07654914127222,2.586554786533102
II,672,672,Global,7,True,45.98644749000807,2.538989735067258
II,672,672,Huber,7,True,37.86858825342696,1.322305145064793
II,672,672,Patch,7,True,39.23285554901371,1.4607775654029058
II,672,672,Raw,7,True,56.51748608633827,2.538077797461313
II,672,672,Trim,7,True,37.384413298829216,1.332959604061828
II,673,673,Full,7,True,63.35780643072607,3.886710447432208
II,673,673,Global,7,True,49.48690598891878,2.166589651221231
II,673,673,Huber,7,True,39.29633510155708,1.320703759796915
II,673,673,Patch,7,True,40.17746845212334,1.8944672366321271
II,673,673,Raw,7,True,61.02475225917726,2.167015295533628
II,673,673,Trim,7,True,38.691666496803805,1.3777312231414665
II,674,674,Full,8,True,61.52571323150751,4.938063291686625
II,674,674,Global,8,True,49.7763024150028,2.1785558936355365
II,674,674,Huber,8,True,37.14074873714063,1.3792389334677693
II,674,674,Patch,8,True,40.629877476312906,1.6855553133761956
II,674,674,Raw,8,True,62.01065783929485,2.1784914005696097
II,674,674,Trim,8,True,35.993127986538155,1.348503994783776
II,675,675,Full,8,True,73.28951051624335,3.0472169640711475
II,675,675,Global,8,True,45.14791724337804,2.4245148297141066
II,675,675,Huber,8,True,34.47460798504814,1.357651954847109
II,675,675,Patch,8,True,39.58993331495788,1.44005119709635
II,675,675,Raw,8,True,56.07105547137856,2.424365576309103
II,675,675,Trim,8,True,33.60960055566213,1.4245661032430317
II,676,676,Full,8,True,75.90084013117524,2.3357792073337023
II,676,676,Global,8,True,42.713152002904266,2.3419978306053606
II,676,676,Huber,8,True,33.2274288762256,1.2943291250064382
II,676,676,Patch,8,True,39.24885706940263,1.344246470764192
II,676,676,Raw,8,True,53.45352697008263,2.3373927054675008
II,676,676,Trim,8,True,32.03394803222048,1.3796975108702152
II,677,677,Full,8,True,73.7119992646193,1.889834020476711
II,677,677,Global,8,True,39.94315704217988,2.190873402475248
II,677,677,Huber,8,True,31.994027868198312,1.330990011367266
II,677,677,Patch,8,True,37.50044724965447,1.2728854250982071
II,677,677,Raw,8,True,49.92483245825846,2.1854526918231025
II,677,677,Trim,8,True,31.10717794398793,1.3282912654817765
II,678,678,Full,8,True,77.58327136975751,1.9678063314136187
II,678,678,Global,8,True,38.03269598601988,2.2644490998358915
II,678,678,Huber,8,True,29.46622382036622,1.3133000554400251
II,678,678,Patch,8,True,40.96813497640094,1.5467065434055831
II,678,678,Raw,8,True,50.34209532590236,2.259131917137636
II,678,678,Trim,8,True,26.890864910079568,1.2827237186738365
II,679,679,Full,8,True,76.19981010709522,3.2071765047972582
II,679,679,Global,8,True,39.52288060559076,2.0888007294933995
II,679,679,Huber,8,True,27.84032025129955,1.1975844581081856
II,679,679,Patch,8,True,41.14145060662818,1.3491702393691536
II,679,679,Raw,8,True,54.22793115174416,2.0868821195508165
II,679,679,Trim,8,True,25.314673376814703,1.219869427856343
II,680,680,Full,8,True,80.96686203155588,2.461727445981987
II,680,680,Global,8,True,42.1613987826957,2.020891273982386
II,680,680,Huber,8,True,31.96368587370144,1.218872415710294
II,680,680,Patch,8,True,42.62034652564583,1.3064442346318923
II,680,680,Raw,8,True,56.55345574059269,2.0216560843474354
II,680,680,Trim,8,True,28.92081215859893,1.2944272618891424
II,681,681,Full,8,True,79.75825291796201,2.1309385066443123
II,681,681,Global,8,True,49.44477599274823,2.0907555996707097
II,681,681,Huber,8,True,36.1204004621405,1.1282338590203556
II,681,681,Patch,8,True,49.03670788219807,1.590546368034139
II,681,681,Raw,8,True,63.9213680981858,2.092175012579523
II,681,681,Trim,8,True,33.767435771259144,1.2622647298211698
II,682,682,Full,8,True,81.04294243477005,2.044404321873713
II,682,682,Global,8,True,47.55731368199667,1.935651539105184
II,682,682,Huber,8,True,38.10935564328195,1.2787385005911869
II,682,682,Patch,8,True,49.91749366308925,1.7009483184449372
II,682,682,Raw,8,True,62.36380600288915,1.9345409258324864
II,682,682,Trim,8,True,34.02966093296026,1.275201865308876
II,683,683,Full,8,True,79.60315735677956,2.122206533362621
II,683,683,Global,8,True,46.48589990327341,2.031658088789733
II,683,683,Huber,8,True,36.499665232472,1.2622907688289369
II,683,683,Patch,8,True,47.01041301468515,1.6971321815394438
II,683,683,Raw,8,True,60.85171708538281,2.026697246259999
II,683,683,Trim,8,True,33.207883693342254,1.31034677021047
II,684,684,Full,8,True,73.78074803150754,2.0108806817157943
II,684,684,Global,8,True,42.78129311908043,1.5859822298794997
II,684,684,Huber,8,True,35.99077228443609,1.2099191182480225
II,684,684,Patch,8,True,43.36356160320943,1.544594226796674
II,684,684,Raw,8,True,56.428593257321296,1.587681353269541
II,684,684,Trim,8,True,33.03277614409831,1.25956031649284
II,685,685,Full,8,True,75.99990097423375,2.0410126707182763
II,685,685,Global,8,True,43.07272959186021,1.4310678997391135
II,685,685,Huber,8,True,36.80514758787041,1.184370497454515
II,685,685,Patch,8,True,46.169611085689134,1.559280116300477
II,685,685,Raw,8,True,56.90213084931403,1.430958825918146
II,685,685,Trim,8,True,33.99301675314724,1.278740887228094
II,686,686,Full,8,True,79.38201620685437,2.788637426525282
II,686,686,Global,8,True,44.25154652397545,1.5728625408517511
II,686,686,Huber,8,True,34.62481987400604,1.0452509497147453
II,686,686,Patch,8,True,48.02935967631069,1.5969415186448863
II,686,686,Raw,8,True,58.15053681011349,1.5668749408977307
II,686,686,Trim,8,True,33.13187562684779,1.2363376708659226
II,687,687,Full,8,True,73.93420663620401,2.016140328406133
II,687,687,Global,8,True,42.33798146737691,1.4491161972368527
II,687,687,Huber,8,True,35.628665391373225,1.1649107579083493
II,687,687,Patch,8,True,47.17272453042877,1.7955266242051813
II,687,687,Raw,8,True,55.87813554292703,1.4531911231122565
II,687,687,Trim,8,True,33.51614158002943,1.227304496843194
II,688,688,Full,8,True,80.87328788703161,2.680718295651154
II,688,688,Global,8,True,44.70804919814308,1.5433157410273046
II,688,688,Huber,8,True,35.37890885152796,1.0579999540024934
II,688,688,Patch,8,True,50.025250171840256,1.3586786787507477
II,688,688,Raw,8,True,59.3509342931114,1.5454473690306123
II,688,688,Trim,8,True,33.56937749557881,1.2251430218564774
II,689,689,Full,8,True,73.53562418289113,2.052069512907785
II,689,689,Global,8,True,40.26913736946397,1.364341935972548
II,689,689,Huber,8,True,35.600897297460214,1.1503465830967707
II,689,689,Patch,8,True,46.423563160997126,1.6762221951269345
II,689,689,Raw,8,True,53.8797791576752,1.3643419359725526
II,689,689,Trim,8,True,33.61576685900594,1.2552083555089768
II,690,690,Full,8,True,64.63002295775205,3.60908578272304
II,690,690,Global,8,True,53.28357391968032,2.5125405630529087
II,690,690,Huber,8,True,34.54111451625161,1.0143645696663153
II,690,690,Patch,8,True,51.7926857540366,2.3152774610260853
II,690,690,Raw,8,True,68.45698207040395,2.5125740775527543
II,690,690,Trim,8,True,33.00646370654272,1.1553627165400249
II,691,691,Full,8,True,68.10855947140548,5.098651150767552
II,691,691,Global,8,True,63.32053006842966,4.118717497642998
II,691,691,Huber,8,True,34.49241697761823,1.159355116153215
II,691,691,Patch,8,True,60.97214135094523,3.431829841817087
II,691,691,Raw,8,True,79.22001300521427,4.1139852765659
II,691,691,Trim,8,True,32.59524324430789,1.281356340103572
II,692,692,Full,8,True,79.56074245906808,2.536570500210381
II,692,692,Global,8,True,40.38686377011725,1.0275562111336205
II,692,692,Huber,8,True,34.110264237714446,1.1109908086061555
II,692,692,Patch,8,True,50.654473488763664,1.7126478660987634
II,692,692,Raw,8,True,55.45750978972892,1.027210270062271
II,692,692,Trim,8,True,31.82186575386254,1.1480036995440088
II,693,693,Full,8,True,81.72129503112853,2.6204468507897567
II,693,693,Global,8,True,39.997686669695774,1.0292803685082
II,693,693,Huber,8,True,34.2835694116245,1.0708407862951466
II,693,693,Patch,8,True,52.06411724548354,1.719466525163333
II,693,693,Raw,8,True,55.40782182408416,1.0310219961719376
II,693,693,Trim,8,True,32.77199932568251,1.1988982937408257
II,694,694,Full,8,True,81.13520305560435,2.299082073010402
II,694,694,Global,8,True,35.9216149231001,0.8028958739300922
II,694,694,Huber,8,True,32.52412469679033,0.988860261152321
II,694,694,Patch,8,True,49.70247104774507,1.811631471085903
II,694,694,Raw,8,True,51.237376706812455,0.8035689765775282
II,694,694,Trim,8,True,31.18135429033536,1.1694106067162082
II,695,695,Full,8,True,81.18335281430862,2.551534444841795
II,695,695,Global,8,True,37.83339974018775,0.7815132503540905
II,695,695,Huber,8,True,33.06786746244104,0.9911507184501764
II,695,695,Patch,8,True,51.89672570402974,1.8446750003450745
II,695,695,Raw,8,True,53.61126538311073,0.7806452843215139
II,695,695,Trim,8,True,30.952630083595537,1.1234995888570742
II,696,696,Full,8,True,83.44856694199785,2.9227434315790104
II,696,696,Global,8,True,41.30697975363369,0.7799037774635873
II,696,696,Huber,8,True,31.64492259608769,0.9162597364120126
II,696,696,Patch,8,True,54.50876420622775,2.038546933345928
II,696,696,Raw,8,True,57.45009389006371,0.7794886403814313
II,696,696,Trim,8,True,30.651575609935584,1.1324470487781793
II,697,697,Full,8,True,76.11496307428014,2.4084423511669644
II,697,697,Global,8,True,35.29197004332719,0.690256108851699
II,697,697,Huber,8,True,32.24522869780796,0.9439925223584608
II,697,697,Patch,8,True,46.90381225199199,1.9324248770722727
II,697,697,Raw,8,True,49.86358309278511,0.690569857798131
II,697,697,Trim,8,True,30.855340490581373,1.1100533255210772
II,698,698,Full,8,True,79.21482724885726,2.604696892611007
II,698,698,Global,8,True,36.353315925690765,0.7148308697150105
II,698,698,Huber,8,True,30.367967076699323,0.9963711591959292
II,698,698,Patch,8,True,50.46070622930083,2.0917901456532912
II,698,698,Raw,8,True,52.20929860844187,0.7151991335884746
II,698,698,Trim,8,True,28.62448154555205,1.087056225404339
II,699,699,Full,8,True,79.52925007687054,2.6849843644051594
II,699,699,Global,8,True,34.61403470122777,0.733068992729209
II,699,699,Huber,8,True,30.09991761348952,0.9638221325788252
II,699,699,Patch,8,True,48.75600674743723,2.087424823171681
II,699,699,Raw,8,True,50.2255328533685,0.7384294658918661
II,699,699,Trim,8,True,28.605388840916024,1.02775570712973
II,700,700,Full,8,True,77.51120573869375,2.7235675366330465
II,700,700,Global,8,True,33.46550162402463,0.669564623572955
II,700,700,Huber,8,True,29.95954747466845,0.9128713749670316
II,700,700,Patch,8,True,47.27816579833933,2.217336166967072
II,700,700,Raw,8,True,48.904509419053696,0.6795462664430081
II,700,700,Trim,8,True,28.96896040183459,1.026926973939529
II,701,701,Full,8,True,80.15207471278673,2.937322439333908
II,701,701,Global,8,True,34.66922275053005,0.697007678390118
II,701,701,Huber,8,True,30.83819137556751,0.960427204277007
II,701,701,Patch,8,True,50.412896441567945,2.3097424861293443
II,701,701,Raw,8,True,50.721225548980186,0.7045896915903377
II,701,701,Trim,8,True,29.958726434808355,0.994235966402742
III,154,154,Full,0,True,15.981712151494618,1.9395076150670632
III,154,154,Global,0,True,71.16337643822663,1.0731293395404975
III,154,154,Huber,0,True,67.96338475512147,1.2822691942016708
III,154,154,Patch,0,True,41.9946891542407,1.4233208781664837
III,154,154,Raw,0,True,75.2908288296932,1.0759458155234871
III,154,154,Trim,0,True,69.24378852575893,1.4199543544307154
III,155,155,Full,0,True,20.93535098371737,1.9257075571142868
III,155,155,Global,0,True,72.14782992005713,1.3804581010359265
III,155,155,Huber,0,True,67.43862876609877,1.2722704855692442
III,155,155,Patch,0,True,50.007816482752254,1.9340568244091807
III,155,155,Raw,0,True,78.5382713305995,1.3751667255994593
III,155,155,Trim,0,True,68.19428002457988,1.4304613100242207
III,156,156,Full,0,True,17.779080652985396,1.963089144305749
III,156,156,Global,0,True,69.90086130927229,1.1510627692935995
III,156,156,Huber,0,True,67.17021553971261,1.158600224671736
III,156,156,Patch,0,True,46.64115387267729,1.9482884370757787
III,156,156,Raw,0,True,75.97687935759663,1.1436179537461286
III,156,156,Trim,0,True,68.6324070917167,1.411109698897332
III,157,157,Full,0,True,21.66467224089084,1.9709637188786904
III,157,157,Global,0,True,71.42390068433616,1.371475150758683
III,157,157,Huber,0,True,66.13619738737788,1.272718251179068
III,157,157,Patch,0,True,49.21341355106141,1.89778759089114
III,157,157,Raw,0,True,78.51087144458154,1.324053861176435
III,157,157,Trim,0,True,66.96433589145126,1.4550321784774884
III,158,158,Full,0,True,16.75598110949233,2.2205139580246747
III,158,158,Global,0,True,71.57213442354579,1.2190423226951252
III,158,158,Huber,0,True,67.27670226039646,1.1443051359353276
III,158,158,Patch,0,True,46.50609431933407,1.555891915812347
III,158,158,Raw,0,True,78.020116854071,1.1979497235940748
III,158,158,Trim,0,True,68.52532531365189,1.2780237279149664
III,159,159,Full,0,True,19.201792510174247,2.1571137945065653
III,159,159,Global,0,True,73.41122554171045,1.2887568857958105
III,159,159,Huber,0,True,68.41460090442469,1.266011995335019
III,159,159,Patch,0,True,52.8283888409086,1.869948124176891
III,159,159,Raw,0,True,80.24178784674908,1.3095683755459655
III,159,159,Trim,0,True,70.28261610054632,1.477649406370228
III,160,160,Full,0,True,19.218693862076044,2.186352310276161
III,160,160,Global,0,True,74.77028206199846,1.3387062511291354
III,160,160,Huber,0,True,70.12753384171289,1.2452347114939797
III,160,160,Patch,0,True,50.80936243765587,1.469383550033256
III,160,160,Raw,0,True,80.73713548711285,1.3276817360357769
III,160,160,Trim,0,True,71.23315579530355,1.383529112778172
III,161,161,Full,0,True,23.30462734339299,2.4097488685043533
III,161,161,Global,0,True,73.00084364223133,1.2250214217348403
III,161,161,Huber,0,True,69.00605137453682,1.190357005755715
III,161,161,Patch,0,True,50.56239951915683,1.6664859064982285
III,161,161,Raw,0,True,79.07573882539074,1.2279441731482843
III,161,161,Trim,0,True,70.20296447600127,1.28997325144761
III,162,162,Full,0,True,26.93989748107376,2.466922544263289
III,162,162,Global,0,True,73.78249118149114,1.3955517310403875
III,162,162,Huber,0,True,69.0279512004133,1.234572938060347
III,162,162,Patch,0,True,55.552038303533465,2.03607715416633
III,162,162,Raw,0,True,80.7052481474605,1.3969393167384865
III,162,162,Trim,0,True,69.58730757625214,1.2807847411716995
III,163,163,Full,0,True,21.96851567896959,2.4310662666741085
III,163,163,Global,0,True,74.80423833433295,1.3350111496583623
III,163,163,Huber,0,True,70.05895465311303,1.1993122030215329
III,163,163,Patch,0,True,52.57491123918012,1.5525697818372348
III,163,163,Raw,0,True,80.48211787939647,1.3014390172982877
III,163,163,Trim,0,True,70.64386150059067,1.2951554670144052
III,164,164,Full,0,True,23.56373107582522,2.3914476536376985
III,164,164,Global,0,True,75.39111763588075,1.3450698962228222
III,164,164,Huber,0,True,70.27452122023281,1.090459498650095
III,164,164,Patch,0,True,53.80938251938419,1.5448006545234725
III,164,164,Raw,0,True,81.26311971092481,1.3402710451101183
III,164,164,Trim,0,True,70.76518144305196,1.1483360188426923
III,165,165,Full,0,True,22.674606290801663,2.365087306396384
III,165,165,Global,0,True,73.64750368887687,1.472218044028881
III,165,165,Huber,0,True,68.83208515563015,1.1338586231677112
III,165,165,Patch,0,True,50.77424188490348,1.363718944733271
III,165,165,Raw,0,True,79.3645317338672,1.469910642893801
III,165,165,Trim,0,True,69.34569627359612,1.1205390622167513
III,166,166,Full,0,True,24.757012383401,2.4892623977078565
III,166,166,Global,0,True,73.65328021752741,1.3746975583078878
III,166,166,Huber,0,True,69.20045962224113,1.1107438581844151
III,166,166,Patch,0,True,51.11295608180082,1.5289965016678233
III,166,166,Raw,0,True,79.26708895002812,1.368280591288046
III,166,166,Trim,0,True,70.18097455035245,1.2110478072095463
III,167,167,Full,0,True,23.995442509512728,2.602750638241205
III,167,167,Global,0,True,73.82926360446031,1.3005175103659967
III,167,167,Huber,0,True,68.12494513746,1.0388457162418971
III,167,167,Patch,0,True,50.59787871017127,1.3641585995422332
III,167,167,Raw,0,True,79.61878226715673,1.2912168435855518
III,167,167,Trim,0,True,69.19103257528383,1.1650769045573206
III,168,168,Full,0,True,22.971952521018512,2.681201124022002
III,168,168,Global,0,True,72.21203766860319,1.3074500410890169
III,168,168,Huber,0,True,67.6369867865989,1.1000617096796377
III,168,168,Patch,0,True,49.85288406931689,1.3522729537469893
III,168,168,Raw,0,True,77.84263324032952,1.2950912975019997
III,168,168,Trim,0,True,68.25991652493086,1.082381864824343
III,169,169,Full,0,True,26.604039397331587,2.611339691464924
III,169,169,Global,0,True,72.56764493144335,1.352064280464541
III,169,169,Huber,0,True,67.37052577089986,1.0966636845159277
III,169,169,Patch,0,True,52.2958847592836,1.6591441012863757
III,169,169,Raw,0,True,78.9234745348896,1.3511445008864535
III,169,169,Trim,0,True,67.95979825424678,1.0490361183685626
III,170,170,Full,0,True,27.67294035606896,2.521675246712712
III,170,170,Global,0,True,70.72397979565925,1.359891462361722
III,170,170,Huber,0,True,65.25556127854692,1.0022920500305723
III,170,170,Patch,0,True,51.47515459595859,1.3790549424101293
III,170,170,Raw,0,True,77.36688778548236,1.3585543367342945
III,170,170,Trim,0,True,65.6780937172421,1.0892725573223097
III,171,171,Full,0,True,33.14844904328762,2.741935091532277
III,171,171,Global,0,True,71.22122655645995,1.4563996191719055
III,171,171,Huber,0,True,65.28898520977798,1.0261098115648155
III,171,171,Patch,0,True,55.415191684015056,1.6799315667558117
III,171,171,Raw,0,True,78.69046440089083,1.4470152316110532
III,171,171,Trim,0,True,65.10576522623059,1.0490001749659563
III,172,172,Full,0,True,33.589245028826355,2.7091395074129965
III,172,172,Global,0,True,69.48000420468189,1.2285872743455428
III,172,172,Huber,0,True,64.06740088475578,0.956533695141958
III,172,172,Patch,0,True,53.76512822411206,1.888639213519865
III,172,172,Raw,0,True,77.28221209405645,1.2246270929382908
III,172,172,Trim,0,True,64.12280192500612,1.017894992924534
III,173,173,Full,0,True,35.211518973286665,2.450755042733792
III,173,173,Global,0,True,70.66998825582938,1.4191870204432508
III,173,173,Huber,0,True,64.42975564483787,1.0482977485211027
III,173,173,Patch,0,True,55.88752394364223,1.6117096130223374
III,173,173,Raw,0,True,78.46049974779402,1.417755924176752
III,173,173,Trim,0,True,64.39039653378848,1.0783263274105246
III,174,174,Full,0,True,34.19675737368757,2.314151837821042
III,174,174,Global,0,True,70.01290501507681,1.5021445142574128
III,174,174,Huber,0,True,64.1991646208547,1.2716564498282843
III,174,174,Patch,0,True,54.48430544348688,1.783326904603483
III,174,174,Raw,0,True,77.93413157362168,1.4969168585239212
III,174,174,Trim,0,True,64.12099490553385,1.094715664797458
III,175,175,Full,0,True,37.58634469751476,2.726950636074458
III,175,175,Global,0,True,70.30807410644687,1.3337566972525154
III,175,175,Huber,0,True,64.61737599812761,1.3116342088887534
III,175,175,Patch,0,True,56.767055878545925,1.8222436964208149
III,175,175,Raw,0,True,78.52811152168114,1.3381010011662526
III,175,175,Trim,0,True,63.747169967913536,1.100103249153436
III,176,176,Full,0,True,36.45942203000903,2.3442116853640464
III,176,176,Global,0,True,70.28245047768502,1.5700166832441342
III,176,176,Huber,0,True,64.36358606968945,1.3435963017152288
III,176,176,Patch,0,True,56.48423387437697,1.802982645717904
III,176,176,Raw,0,True,78.40667467437719,1.5686288079174784
III,176,176,Trim,0,True,64.19039375092953,1.2223502205366068
III,177,177,Full,0,True,39.931695819881526,2.4403582442906
III,177,177,Global,0,True,71.40995346367654,1.3915563276486669
III,177,177,Huber,0,True,65.09985167269187,1.1315278552770511
III,177,177,Patch,0,True,60.84978634516411,1.9866348494775523
III,177,177,Raw,0,True,80.28114817582946,1.3941222118929837
III,177,177,Trim,0,True,63.88261423975992,1.2035700548524564
III,178,178,Full,0,True,40.521094921029686,2.229912697804561
III,178,178,Global,0,True,72.21191989253447,1.4708466966253946
III,178,178,Huber,0,True,65.26002634109474,1.1932632817763134
III,178,178,Patch,0,True,61.23279277113303,1.8218821783081725
III,178,178,Raw,0,True,81.06840815972195,1.4641269978877
III,178,178,Trim,0,True,64.29472957460712,1.1661875914062203
III,179,179,Full,0,True,40.49159761224178,2.192740383282116
III,179,179,Global,0,True,71.57910085053179,1.6553736005026014
III,179,179,Huber,0,True,64.46841333283365,1.2375936542790886
III,179,179,Patch,0,True,60.22418265806091,1.8323487658564388
III,179,179,Raw,0,True,80.80746720980446,1.6577743463198644
III,179,179,Trim,0,True,63.25551040020391,1.2242196493134985
III,180,180,Full,0,True,42.86468959861002,2.2087646822861053
III,180,180,Global,0,True,69.88501766653634,1.719114946785639
III,180,180,Huber,0,True,62.70640256165963,1.1780882749794273
III,180,180,Patch,0,True,60.381676899067415,2.0323216926380177
III,180,180,Raw,0,True,79.64288638946937,1.7201185772263632
III,180,180,Trim,0,True,60.63315700897662,1.3275852120967302
III,181,181,Full,0,True,44.258638405549405,2.19905262879513
III,181,181,Global,0,True,67.80049353810736,1.6201557356239331
III,181,181,Huber,0,True,61.0836685704509,1.2879995839008305
III,181,181,Patch,0,True,59.20708575885007,2.005824246317358
III,181,181,Raw,0,True,77.64303729151668,1.6169391249063425
III,181,181,Trim,0,True,59.505670697785845,1.207233500942431
III,182,182,Full,0,True,44.67474594208986,2.187331400176255
III,182,182,Global,0,True,68.48899956291058,1.7974981891217512
III,182,182,Huber,0,True,61.726893122766505,1.3546518833783183
III,182,182,Patch,0,True,61.01760695654308,2.08344139143471
III,182,182,Raw,0,True,78.18243444659313,1.7976254438806456
III,182,182,Trim,0,True,59.874986933569296,1.318182430373971
III,183,183,Full,0,True,44.67505487422381,2.152837914431472
III,183,183,Global,0,True,67.96218112825497,1.873335656627413
III,183,183,Huber,0,True,60.32893587466853,1.268104875189337
III,183,183,Patch,0,True,60.76518223607085,2.6512447376424304
III,183,183,Raw,0,True,78.19433834073138,1.8713434746203683
III,183,183,Trim,0,True,59.21952309109989,1.256132113555934
III,184,184,Full,0,True,46.62144091636348,2.258907877219748
III,184,184,Global,0,True,66.35827468962195,1.675854609726498
III,184,184,Huber,0,True,59.45192636022919,1.300480046116545
III,184,184,Patch,0,True,60.24065333942255,2.492703051986227
III,184,184,Raw,0,True,76.72789219920529,1.6780273628981994
III,184,184,Trim,0,True,58.01464847444683,1.3034757397580432
III,185,185,Full,0,True,46.12546536362933,2.1863079661802702
III,185,185,Global,0,True,67.49972532146758,1.7824191927460724
III,185,185,Huber,0,True,58.78713682900249,1.4088208412975372
III,185,185,Patch,0,True,60.065801905967945,2.517449889485902
III,185,185,Raw,0,True,77.8988565290626,1.781285657566713
III,185,185,Trim,0,True,57.42515745962199,1.4102827570719896
III,186,186,Full,0,True,48.67798916492142,2.4706869424267106
III,186,186,Global,0,True,67.71586189522463,1.7883559813182788
III,186,186,Huber,0,True,58.37500650576566,1.45348027242517
III,186,186,Patch,0,True,62.29285633644877,2.876626914727127
III,186,186,Raw,0,True,78.19897115204122,1.7886655027283067
III,186,186,Trim,0,True,56.49229263365751,1.3224341664775627
III,187,187,Full,0,True,47.76216244094478,2.213864587492264
III,187,187,Global,0,True,67.61840482072287,2.102580860026864
III,187,187,Huber,0,True,58.69424417589512,1.5043802423584418
III,187,187,Patch,0,True,59.8292710417542,2.6156763340011486
III,187,187,Raw,0,True,78.1630572942821,2.102203795064276
III,187,187,Trim,0,True,57.03645491611458,1.4760433502028094
III,188,188,Full,0,True,48.5628460160403,2.4107618452949167
III,188,188,Global,0,True,66.56918844099582,1.844771806390321
III,188,188,Huber,0,True,58.51536752087452,1.6969004406079282
III,188,188,Patch,0,True,60.7061872339596,2.9541491680081253
III,188,188,Raw,0,True,77.67104912096544,1.844771806390362
III,188,188,Trim,0,True,55.785308971986986,1.6167500259586705
III,189,189,Full,0,True,51.32385696490383,2.4178309233485686
III,189,189,Global,0,True,66.3347657114917,1.6933033011209888
III,189,189,Huber,0,True,57.61318012409858,1.6030001520747812
III,189,189,Patch,0,True,62.88455728595496,3.119220109748706
III,189,189,Raw,0,True,77.67811412008692,1.6894436412406952
III,189,189,Trim,0,True,54.75295422619474,1.5514471084623993
III,190,190,Full,0,True,55.68762337621472,2.390173080423592
III,190,190,Global,0,True,65.8303043129343,1.716888951285667
III,190,190,Huber,0,True,57.67920423098816,1.382924634070792
III,190,190,Patch,0,True,64.2915324039084,3.1592980836338485
III,190,190,Raw,0,True,77.87314998701852,1.7148078861809717
III,190,190,Trim,0,True,52.85179449461393,1.2640798879258273
III,191,191,Full,0,True,59.98976132823617,2.368828779899605
III,191,191,Global,0,True,67.86276130626521,1.4484053556267709
III,191,191,Huber,0,True,58.9959283987832,1.3425543313478785
III,191,191,Patch,0,True,69.13720834382804,3.0683602497736
III,191,191,Raw,0,True,80.42019560282348,1.4480043805406324
III,191,191,Trim,0,True,53.68951940399703,1.2204220869653175
III,192,192,Full,0,True,58.35503280504348,1.6485535377443044
III,192,192,Global,0,True,67.97945682659333,1.458559034984049
III,192,192,Huber,0,True,60.03744942701219,1.0201267137387784
III,192,192,Patch,0,True,67.30127125680369,2.543196289096875
III,192,192,Raw,0,True,80.41309481782845,1.4566466480053286
III,192,192,Trim,0,True,54.05224206299901,0.9530568481481684
III,193,193,Full,0,True,59.151357680898656,1.8336436790823645
III,193,193,Global,0,True,70.9981727772553,1.45204456218774
III,193,193,Huber,0,True,63.28151262884835,1.052403964749967
III,193,193,Patch,0,True,68.15256505752596,2.406452800437425
III,193,193,Raw,0,True,83.52900630800752,1.4533448235509083
III,193,193,Trim,0,True,54.8084015041667,0.9915145839685504
III,194,194,Full,0,True,56.07383466046846,1.3242252295205907
III,194,194,Global,0,True,72.90457757249489,1.502575714434626
III,194,194,Huber,0,True,65.89695898517616,1.0826493435095332
III,194,194,Patch,0,True,66.41018043000916,2.235707882671697
III,194,194,Raw,0,True,85.19928218380309,1.5022150987277985
III,194,194,Trim,0,True,56.67501720415346,0.9973630162554864
III,195,195,Full,0,True,58.4509115747587,1.446282576013416
III,195,195,Global,0,True,73.61453614390075,1.632488323223567
III,195,195,Huber,0,True,67.73343481447829,1.3429164008304786
III,195,195,Patch,0,True,66.37048907530033,2.3006301168503644
III,195,195,Raw,0,True,86.29329327505269,1.6326407893370671
III,195,195,Trim,0,True,56.65799488129777,1.0934337518145898
III,196,196,Full,0,True,57.94645621612756,1.3867963596448911
III,196,196,Global,0,True,76.21516546018762,1.742288611191385
III,196,196,Huber,0,True,69.68750300592647,1.566525766057547
III,196,196,Patch,0,True,68.26604461981687,2.432870080127512
III,196,196,Raw,0,True,88.65447096560838,1.7420647306487274
III,196,196,Trim,0,True,58.7709476030285,1.2027906181059
III,197,197,Full,0,True,59.35329539773437,1.60636124671513
III,197,197,Global,0,True,75.96056652000233,1.8186163914592808
III,197,197,Huber,0,True,70.42483190989503,1.6352647294481104
III,197,197,Patch,0,True,66.73719615410978,2.312077473290603
III,197,197,Raw,0,True,88.1544663399246,1.818227922168275
III,197,197,Trim,0,True,59.63838194392272,1.3251378871974573
III,198,198,Full,0,True,57.91195211331208,1.5425075355483524
III,198,198,Global,0,True,77.35790884193173,1.9211683910534016
III,198,198,Huber,0,True,71.2590741985663,1.7065961422692668
III,198,198,Patch,0,True,66.17436684411443,2.45279398214966
III,198,198,Raw,0,True,89.17881722528018,1.9206963085556483
III,198,198,Trim,0,True,61.17767722331557,1.375527489639396
III,199,199,Full,0,True,57.510158834745695,1.0240507390684013
III,199,199,Global,0,True,77.54447321689875,1.9398100789882144
III,199,199,Huber,0,True,71.39818196645035,1.6987446212081407
III,199,199,Patch,0,True,65.94521783171064,2.109702740833655
III,199,199,Raw,0,True,89.29772941106336,1.9376839040558564
III,199,199,Trim,0,True,61.143241079623785,1.3808966287011308
III,200,200,Full,0,True,55.88734544147135,0.9686577696064392
III,200,200,Global,0,True,78.3680794124651,2.1854050760317136
III,200,200,Huber,0,True,71.10873576484323,1.818294615988853
III,200,200,Patch,0,True,66.00388638139547,2.137770816315265
III,200,200,Raw,0,True,89.7162453872194,2.188864959903597
III,200,200,Trim,0,True,61.4982923282187,1.390656813850306
III,201,201,Full,0,True,56.31472316513851,1.1355772423347992
III,201,201,Global,0,True,79.09004318724723,2.1054991205972406
III,201,201,Huber,0,True,66.5994498450381,1.9778365700137963
III,201,201,Patch,0,True,65.23285374153429,1.900495337681539
III,201,201,Raw,0,True,90.05111426155443,2.1069302856043874
III,201,201,Trim,0,True,62.78918357878989,1.334033565218919
III,202,202,Full,0,True,51.06927591038425,1.5874687360000084
III,202,202,Global,0,True,76.91328549049015,1.8258091618451728
III,202,202,Huber,0,True,69.07720754312892,1.6682641704277397
III,202,202,Patch,0,True,61.69903934599606,2.202933158629858
III,202,202,Raw,0,True,87.64359650940675,1.8288760612570152
III,202,202,Trim,0,True,62.131338087269846,1.4813804705001128
III,203,203,Full,0,True,48.72990663147266,1.5589349457498631
III,203,203,Global,0,True,78.68407562918473,1.749263870363951
III,203,203,Huber,0,True,68.067395529323,1.351123513336346
III,203,203,Patch,0,True,59.91478498775663,1.9924657796808365
III,203,203,Raw,0,True,88.31207734181842,1.7498837174133597
III,203,203,Trim,0,True,60.73677084178331,1.2209014050228764
III,204,204,Full,1,True,50.57127018223423,1.7392179163059778
III,204,204,Global,1,True,78.12669736315962,1.6098703872552718
III,204,204,Huber,1,True,66.91382414051,1.4455254384755554
III,204,204,Patch,1,True,60.93134148946356,2.116023558976764
III,204,204,Raw,1,True,88.09374492581479,1.6101561410949787
III,204,204,Trim,1,True,60.37447007264669,1.364450707709845
III,205,205,Full,1,True,55.05633433527807,1.3887039485005042
III,205,205,Global,1,True,81.8325555698229,1.9242079811117625
III,205,205,Huber,1,True,68.85010551707194,1.4857902019611358
III,205,205,Patch,1,True,67.02699758298738,2.427268398538144
III,205,205,Raw,1,True,92.35178620125484,1.9232976528494528
III,205,205,Trim,1,True,59.92859123136691,1.3281939967330954
III,206,206,Full,1,True,58.63563950373885,1.358467257754504
III,206,206,Global,1,True,82.8649973967338,1.820105564162685
III,206,206,Huber,1,True,68.29854220964636,1.4553459880048718
III,206,206,Patch,1,True,66.26326544285416,1.848937441141172
III,206,206,Raw,1,True,93.79047038451354,1.8244214557369176
III,206,206,Trim,1,True,59.67655159763498,1.4385793279895698
III,207,207,Full,1,True,56.80121671790967,1.9304507530997523
III,207,207,Global,1,True,82.66226046409942,1.699572049650186
III,207,207,Huber,1,True,68.2339489636711,1.4436123682912043
III,207,207,Patch,1,True,66.21033644971338,2.1162929303675684
III,207,207,Raw,1,True,93.417691577717,1.700426681571489
III,207,207,Trim,1,True,60.03017048147507,1.4169417795398696
III,208,208,Full,1,True,51.52585809018126,1.9707198109602888
III,208,208,Global,1,True,81.06343764945093,1.523773635249818
III,208,208,Huber,1,True,66.7431466014507,1.4897677024175566
III,208,208,Patch,1,True,63.04167418346386,2.129805032239996
III,208,208,Raw,1,True,90.851873088811,1.525507074905177
III,208,208,Trim,1,True,59.18838114652753,1.2790379071364864
III,209,209,Full,1,True,51.95364214875445,2.224657206858279
III,209,209,Global,1,True,82.40115490368386,1.6176807528100174
III,209,209,Huber,1,True,66.40467291437271,1.3487580713948917
III,209,209,Patch,1,True,61.26015450513077,2.230642354258129
III,209,209,Raw,1,True,91.59372095486071,1.6209660351448982
III,209,209,Trim,1,True,59.1413704021071,1.2813838317145136
III,210,210,Full,1,True,53.94006602901702,2.501115649186189
III,210,210,Global,1,True,84.03279725449406,1.3123163435029477
III,210,210,Huber,1,True,67.5746669021862,1.4214018529454733
III,210,210,Patch,1,True,63.93484936217863,2.361660039214847
III,210,210,Raw,1,True,92.0614327860676,1.3100384827963418
III,210,210,Trim,1,True,60.45514065375195,1.3139585338259037
III,211,211,Full,1,True,49.438152291397074,2.5396676529364526
III,211,211,Global,1,True,81.65101491796493,1.163323408743706
III,211,211,Huber,1,True,65.44975462528114,1.2956485425233728
III,211,211,Patch,1,True,59.99373710905277,2.0783844207287654
III,211,211,Raw,1,True,88.85336716956355,1.1626325039751633
III,211,211,Trim,1,True,60.21457671833029,1.3024023360032784
III,212,212,Full,1,True,50.5975414688591,2.5960574636805105
III,212,212,Global,1,True,78.5351578823998,1.3898886334194287
III,212,212,Huber,1,True,65.43933905636074,1.3503102245107266
III,212,212,Patch,1,True,54.345257647534986,2.190556018026604
III,212,212,Raw,1,True,86.4312952418396,1.3876326042592646
III,212,212,Trim,1,True,60.17900137806037,1.1888068777536849
III,213,213,Full,1,True,52.23454451960263,3.1665132771524
III,213,213,Global,1,True,83.50076355942828,1.5939718887690524
III,213,213,Huber,1,True,66.91336340902174,1.3014887424527406
III,213,213,Patch,1,True,57.79630345215107,2.6617457980828463
III,213,213,Raw,1,True,90.49774271930896,1.596322173373778
III,213,213,Trim,1,True,61.96827445196986,1.2734380414160515
III,214,214,Full,1,True,49.12674700678319,2.748662875283748
III,214,214,Global,1,True,82.70251040955009,1.446276131796397
III,214,214,Huber,1,True,65.851786685901,1.273647780282978
III,214,214,Patch,1,True,53.80894125082926,2.2895674326559146
III,214,214,Raw,1,True,89.91068102374727,1.455514554031398
III,214,214,Trim,1,True,60.65344185279111,1.1739190502178254
III,215,215,Full,1,True,50.77433065493504,2.984653684666201
III,215,215,Global,1,True,83.89960579820841,1.46203165126703
III,215,215,Huber,1,True,66.6958142811397,1.359535363680343
III,215,215,Patch,1,True,57.43944995158216,2.5182424195626054
III,215,215,Raw,1,True,91.1200177933605,1.4650769764512717
III,215,215,Trim,1,True,61.23101254010161,1.2738160629260589
III,216,216,Full,1,True,48.74100336308549,2.826557619223406
III,216,216,Global,1,True,81.54104757156323,2.010939766958596
III,216,216,Huber,1,True,66.09013047824988,1.3674045456463793
III,216,216,Patch,1,True,56.57388069099374,2.6054743898592405
III,216,216,Raw,1,True,89.28562256181618,2.0113546998730234
III,216,216,Trim,1,True,61.52507788453409,1.2713465267484363
III,217,217,Full,1,True,46.61969572368835,2.52999853984953
III,217,217,Global,1,True,77.56738143614535,1.2609337732644488
III,217,217,Huber,1,True,63.708008303276735,1.2165321351925833
III,217,217,Patch,1,True,52.29020247245328,2.2407431760366485
III,217,217,Raw,1,True,86.25348337552204,1.2650081205722592
III,217,217,Trim,1,True,59.56141153155502,1.2640354955188184
III,218,218,Full,1,True,44.59824331412974,2.94754070805659
III,218,218,Global,1,True,76.05788280154178,1.3927891110506996
III,218,218,Huber,1,True,62.30989460800276,1.2415561452265165
III,218,218,Patch,1,True,51.69026661167448,2.5636881809208205
III,218,218,Raw,1,True,84.83445751278488,1.3945599800773834
III,218,218,Trim,1,True,58.0336881407457,1.0965792526906926
III,219,219,Full,1,True,39.57001848311258,2.496426805472123
III,219,219,Global,1,True,75.65886271042704,1.3054048120617376
III,219,219,Huber,1,True,61.13883370048786,1.1378396678121214
III,219,219,Patch,1,True,48.17664959670693,2.141824603820224
III,219,219,Raw,1,True,83.77045661988161,1.3036715858580985
III,219,219,Trim,1,True,58.90542934004966,1.23660745626762
III,220,220,Full,1,True,36.05170012879552,2.4592993158783094
III,220,220,Global,1,True,78.14625297444971,1.209294494402371
III,220,220,Huber,1,True,61.61187923252952,1.1718994161171752
III,220,220,Patch,1,True,48.44076803114513,2.301101076457113
III,220,220,Raw,1,True,85.57901883646726,1.2115824643551154
III,220,220,Trim,1,True,58.97559697937923,1.1416560584389863
III,221,221,Full,1,True,37.04328123281117,2.425501225228088
III,221,221,Global,1,True,76.26550345466332,0.9011416034526584
III,221,221,Huber,1,True,61.288791432014094,1.157056231375467
III,221,221,Patch,1,True,47.2394364861,1.852019526244522
III,221,221,Raw,1,True,83.34495378130475,0.8959793102400003
III,221,221,Trim,1,True,59.0079530670797,1.2401307266675896
III,222,222,Full,1,True,37.0309731857823,2.146210187977612
III,222,222,Global,1,True,76.28282010509743,1.1935324381949923
III,222,222,Huber,1,True,62.13557332926219,1.1924029139672556
III,222,222,Patch,1,True,48.02822191184801,2.08014997462627
III,222,222,Raw,1,True,82.9785266210142,1.1965573762998742
III,222,222,Trim,1,True,60.35672084376682,1.1719415506339208
III,223,223,Full,1,True,36.425059496879,1.772111645359217
III,223,223,Global,1,True,75.48847867501577,1.081260657481747
III,223,223,Huber,1,True,62.720759802942005,1.237251944243577
III,223,223,Patch,1,True,51.84411270293287,1.99797178608854
III,223,223,Raw,1,True,82.82845363981978,1.0812606574817565
III,223,223,Trim,1,True,60.22504993172786,1.3141693337466271
III,224,224,Full,1,True,36.21248670773925,1.8058238557099813
III,224,224,Global,1,True,76.98969609841032,1.2430761930637977
III,224,224,Huber,1,True,61.35964509488413,1.335166239401116
III,224,224,Patch,1,True,53.71094994950848,1.9659892120741047
III,224,224,Raw,1,True,84.32970060517214,1.2446848062705522
III,224,224,Trim,1,True,58.84495566404986,1.318440872422911
III,225,225,Full,1,True,40.69014908214042,1.345677264642201
III,225,225,Global,1,True,83.36256683698741,1.2454406121956645
III,225,225,Huber,1,True,61.81738776471836,1.3615760477457934
III,225,225,Patch,1,True,60.091493926479714,1.6651263425237572
III,225,225,Raw,1,True,90.7284454132755,1.2454401177091567
III,225,225,Trim,1,True,58.46579900769368,1.271960683423121
III,226,226,Full,1,True,39.27994926245522,1.5213712925756415
III,226,226,Global,1,True,82.61825797875703,1.6978135400602223
III,226,226,Huber,1,True,62.9345858760508,1.5219630896998635
III,226,226,Patch,1,True,58.1357797837228,2.1855235256117367
III,226,226,Raw,1,True,90.49153240204026,1.7003612502485297
III,226,226,Trim,1,True,59.60221506278316,1.4568666988205143
III,227,227,Full,1,True,37.37125182862138,1.6858091066353524
III,227,227,Global,1,True,78.25733783792732,1.3473971457317833
III,227,227,Huber,1,True,61.48997489443958,1.340519385805559
III,227,227,Patch,1,True,57.37445225121191,2.072134794486132
III,227,227,Raw,1,True,86.87755279787987,1.347296130671869
III,227,227,Trim,1,True,58.54798710011969,1.3390298773003018
III,228,228,Full,1,True,35.5202488470734,2.174248442131568
III,228,228,Global,1,True,70.94742655878403,1.7411876050010764
III,228,228,Huber,1,True,60.848079933509794,1.5119435784948938
III,228,228,Patch,1,True,53.66774669232501,2.411592716248962
III,228,228,Raw,1,True,79.37192203933456,1.7414427915686663
III,228,228,Trim,1,True,59.36940689127728,1.4549470607751354
III,229,229,Full,1,True,32.87397655838639,2.338579684639928
III,229,229,Global,1,True,68.96165481466937,1.519916745983705
III,229,229,Huber,1,True,59.17902531252435,1.4603011799319765
III,229,229,Patch,1,True,53.7824108154512,2.428820056894639
III,229,229,Raw,1,True,77.17164641487926,1.5243553033245614
III,229,229,Trim,1,True,58.17973504274169,1.4270628648519632
III,230,230,Full,1,True,38.15839436979672,2.432300485559124
III,230,230,Global,1,True,73.7744034622136,1.707712190653808
III,230,230,Huber,1,True,60.87169899443805,1.503083629615647
III,230,230,Patch,1,True,61.52510797777863,2.489666314586751
III,230,230,Raw,1,True,81.59425350767629,1.7107883019671188
III,230,230,Trim,1,True,59.79334638802853,1.430509513412805
III,231,231,Full,1,True,40.87498262649221,2.671308472406266
III,231,231,Global,1,True,74.9677887781112,1.7797519072352204
III,231,231,Huber,1,True,60.964601778645005,1.424007614825766
III,231,231,Patch,1,True,61.68719627906973,2.5954721028180674
III,231,231,Raw,1,True,82.83644231895478,1.7801293631728907
III,231,231,Trim,1,True,59.641239766865695,1.314479433415657
III,232,232,Full,1,True,43.828277795905095,3.02418822171133
III,232,232,Global,1,True,75.80293936712225,2.118470465366053
III,232,232,Huber,1,True,59.48922680160211,1.4844400887088958
III,232,232,Patch,1,True,64.84704467390885,2.998233809320055
III,232,232,Raw,1,True,83.13269310754828,2.1202588642120346
III,232,232,Trim,1,True,57.38126399588307,1.3535938810449428
III,233,233,Full,1,True,40.16858603284906,2.931717266667106
III,233,233,Global,1,True,75.79469435363023,1.8431250660366163
III,233,233,Huber,1,True,58.98624654763654,1.4939675001290886
III,233,233,Patch,1,True,62.53358498556175,2.4502200708841744
III,233,233,Raw,1,True,83.2260859540045,1.8442383316834343
III,233,233,Trim,1,True,57.044267961865536,1.3588213957791044
III,234,234,Full,1,True,37.600760021759726,2.7503786382627866
III,234,234,Global,1,True,80.68219239032906,1.8627421268595905
III,234,234,Huber,1,True,61.44718033644174,1.6891410677875638
III,234,234,Patch,1,True,61.101316839936366,2.097797815105661
III,234,234,Raw,1,True,89.76411850840393,1.8712964506587504
III,234,234,Trim,1,True,57.759793307565175,1.5212114605609235
III,235,235,Full,1,True,44.86926127062111,2.908498970898694
III,235,235,Global,1,True,82.38009341227507,2.2225925644675533
III,235,235,Huber,1,True,61.10258543747564,1.572970483922836
III,235,235,Patch,1,True,64.46999610275329,2.570338644110846
III,235,235,Raw,1,True,90.48843687558096,2.220024484677801
III,235,235,Trim,1,True,57.65373986821694,1.4467035347810435
III,236,236,Full,1,True,44.70115605666006,2.900629650762543
III,236,236,Global,1,True,82.70188163792395,2.4024048785257213
III,236,236,Huber,1,True,62.88175635971929,1.7019345811478066
III,236,236,Patch,1,True,63.170200721189104,2.494300121692058
III,236,236,Raw,1,True,90.74508806737111,2.404037570503569
III,236,236,Trim,1,True,59.77390274281464,1.4551047277308429
III,237,237,Full,1,True,47.690956082083005,2.682200371884368
III,237,237,Global,1,True,86.48012524927375,2.287351245556088
III,237,237,Huber,1,True,62.55684747883268,1.5051047787177958
III,237,237,Patch,1,True,66.12057259687637,2.0277969178893005
III,237,237,Raw,1,True,94.28788811852608,2.288298978406313
III,237,237,Trim,1,True,58.93899563635377,1.368181282869502
III,238,238,Full,1,True,46.09822363490468,2.266653142243172
III,238,238,Global,1,True,84.76144091437423,2.432416573337194
III,238,238,Huber,1,True,61.85718446238779,1.706244265913947
III,238,238,Patch,1,True,66.17973937981512,2.1460334334337383
III,238,238,Raw,1,True,92.77417058547732,2.455819935066874
III,238,238,Trim,1,True,59.02953823622662,1.5764479490027492
III,239,239,Full,1,True,48.879767339288286,2.2821913994686547
III,239,239,Global,1,True,83.96119674910584,2.522245194004098
III,239,239,Huber,1,True,59.28621918180024,1.6765047209904351
III,239,239,Patch,1,True,65.99279569080555,2.3725016599276816
III,239,239,Raw,1,True,91.85582316811684,2.522609037721604
III,239,239,Trim,1,True,55.2323426654044,1.5148121915552115
III,240,240,Full,1,True,53.64743651734655,2.4239920821141605
III,240,240,Global,1,True,88.36794747348961,2.80860577205308
III,240,240,Huber,1,True,59.4290899178696,1.7149410116953374
III,240,240,Patch,1,True,72.30643139750445,2.5633272578952533
III,240,240,Raw,1,True,96.67019055154488,2.805605066691518
III,240,240,Trim,1,True,55.31968101600272,1.54720882271792
III,241,241,Full,1,True,58.70161506935036,2.473860992436054
III,241,241,Global,1,True,95.19410597897934,2.8812735041744624
III,241,241,Huber,1,True,62.30261104083053,1.806339142240123
III,241,241,Patch,1,True,74.77067040868226,2.570726087884949
III,241,241,Raw,1,True,103.17459857574772,2.880105332566945
III,241,241,Trim,1,True,58.005867228263305,1.554509312610502
III,242,242,Full,1,True,64.55241013934068,2.658615082108692
III,242,242,Global,1,True,96.04848462538573,3.302073654528314
III,242,242,Huber,1,True,63.3420540400394,1.824188808048539
III,242,242,Patch,1,True,77.4224879669958,2.760341343038488
III,242,242,Raw,1,True,103.834100090354,3.304047512621624
III,242,242,Trim,1,True,59.30984839674717,1.649303433250226
III,243,243,Full,1,True,64.40613822531827,2.746880475223688
III,243,243,Global,1,True,95.98089062436026,3.145848739755346
III,243,243,Huber,1,True,61.62350985555554,1.795671228715222
III,243,243,Patch,1,True,80.03635387578683,3.021615302894513
III,243,243,Raw,1,True,102.9519762491381,3.134413773590139
III,243,243,Trim,1,True,56.71036067075017,1.4149059533540735
III,244,244,Full,1,True,60.357197662330165,2.839741130438025
III,244,244,Global,1,True,93.50382832181376,2.98290685037183
III,244,244,Huber,1,True,60.75813416945938,1.7487793824308706
III,244,244,Patch,1,True,78.07518203343427,2.905993384325772
III,244,244,Raw,1,True,100.02292053153984,2.9829666426320447
III,244,244,Trim,1,True,56.06786822307952,1.5068398773173757
III,245,245,Full,1,True,57.62958584695645,2.7306295032409635
III,245,245,Global,1,True,92.17243790037904,2.8109995423734464
III,245,245,Huber,1,True,59.9843802819524,1.7251461700021915
III,245,245,Patch,1,True,79.04535430467767,2.8686209044050432
III,245,245,Raw,1,True,99.45112831137544,2.8206786588454653
III,245,245,Trim,1,True,56.51284116756726,1.4317915649842636
III,246,246,Full,1,True,61.50818466567391,2.6848314121525245
III,246,246,Global,1,True,92.33566742480356,2.8383324242223646
III,246,246,Huber,1,True,61.13961614555628,1.767184261226297
III,246,246,Patch,1,True,79.52636437768905,2.884362170883167
III,246,246,Raw,1,True,99.03332867628912,2.843334218303582
III,246,246,Trim,1,True,57.45629895110374,1.5807470103782166
III,247,247,Full,1,True,60.478355954515,2.82180966720661
III,247,247,Global,1,True,92.55112292336996,2.759924709080934
III,247,247,Huber,1,True,60.89265049220543,1.692806969575634
III,247,247,Patch,1,True,78.78232946037586,2.813992137182314
III,247,247,Raw,1,True,99.535132400006,2.759382490884835
III,247,247,Trim,1,True,56.5373692024368,1.400054413070963
III,248,248,Full,1,True,55.35219961807535,2.409401556513592
III,248,248,Global,1,True,90.27494985867553,2.6947202118217
III,248,248,Huber,1,True,59.728787623699695,1.6175144547639684
III,248,248,Patch,1,True,74.5179477723897,2.637998100122419
III,248,248,Raw,1,True,97.75730838893205,2.698276821699552
III,248,248,Trim,1,True,55.670837368638345,1.3482813546034509
III,249,249,Full,1,True,55.34689130373745,2.737184171217744
III,249,249,Global,1,True,93.37810742103473,2.809916666848405
III,249,249,Huber,1,True,59.293024869359,1.750490814097788
III,249,249,Patch,1,True,74.43787070252796,2.93690240955772
III,249,249,Raw,1,True,100.82762017949948,2.8105018613642807
III,249,249,Trim,1,True,55.57555056870151,1.4569917022916932
III,250,250,Full,1,True,55.73030298620882,2.5885710177847185
III,250,250,Global,1,True,93.9517037979907,2.753645521186918
III,250,250,Huber,1,True,59.14674527821101,1.5521330596233436
III,250,250,Patch,1,True,76.9529546627261,2.7586692919673985
III,250,250,Raw,1,True,101.72547897598588,2.753763624238828
III,250,250,Trim,1,True,54.65460641233301,1.3885447371386013
III,251,251,Full,1,True,50.24755612731374,2.5322552275690136
III,251,251,Global,1,True,92.90925861616218,2.87400924510566
III,251,251,Huber,1,True,59.30160375928555,1.7948920149596823
III,251,251,Patch,1,True,78.67428094140773,2.8930731082317687
III,251,251,Raw,1,True,100.90164866680006,2.874516211539236
III,251,251,Trim,1,True,55.56817628239566,1.5437170769848974
III,252,252,Full,1,True,49.79938584879503,2.8060308240539933
III,252,252,Global,1,True,86.30541237404078,2.528621984844374
III,252,252,Huber,1,True,57.28292168532656,1.4288134745973264
III,252,252,Patch,1,True,75.47187629486143,2.739259642972788
III,252,252,Raw,1,True,95.12965583544678,2.529242449318184
III,252,252,Trim,1,True,54.2754270436948,1.1990308800238538
III,253,253,Full,1,True,44.06917050131152,2.6780759565295
III,253,253,Global,1,True,77.33289578562612,2.3240907428286603
III,253,253,Huber,1,True,57.08274018126701,1.4194066156713534
III,253,253,Patch,1,True,69.99151335037513,2.541926293238848
III,253,253,Raw,1,True,86.54284729922263,2.3256233045702284
III,253,253,Trim,1,True,54.66254282553321,1.2080348360396047
III,254,254,Full,2,True,38.30837122318584,2.983621012321197
III,254,254,Global,2,True,77.28046485697419,2.784269702262255
III,254,254,Huber,2,True,57.3366311564338,1.5312599132759317
III,254,254,Patch,2,True,62.27923045879881,2.9204756726906216
III,254,254,Raw,2,True,86.73855624380931,2.7935007899638102
III,254,254,Trim,2,True,55.140819989171504,1.3019180762851774
III,255,255,Full,2,True,38.026738804063775,2.411273478275227
III,255,255,Global,2,True,77.32344116711499,2.418123756716966
III,255,255,Huber,2,True,57.4964057801421,1.3936946799877905
III,255,255,Patch,2,True,59.33606402660847,2.614266660299046
III,255,255,Raw,2,True,87.21833779075271,2.4180309644020337
III,255,255,Trim,2,True,54.45706879514348,1.0848763864091926
III,256,256,Full,2,True,39.35155048792903,2.6112260999137527
III,256,256,Global,2,True,75.37627267750166,2.5997440343491687
III,256,256,Huber,2,True,58.09080479037792,1.4484769789200886
III,256,256,Patch,2,True,60.47525279868289,2.6855343101001163
III,256,256,Raw,2,True,85.66822449551084,2.6073700240130258
III,256,256,Trim,2,True,55.38677596348667,1.0843018760722367
III,257,257,Full,2,True,35.735430834459066,2.460982784141209
III,257,257,Global,2,True,81.57837514326346,2.5768649040604776
III,257,257,Huber,2,True,58.80287995355304,1.3765957593955558
III,257,257,Patch,2,True,60.10382683504901,2.9429686430690225
III,257,257,Raw,2,True,90.5677273576148,2.5796614751437774
III,257,257,Trim,2,True,55.034486009508605,1.0190801373237195
III,258,258,Full,2,True,28.09549063170764,1.8079589008600807
III,258,258,Global,2,True,80.28773851634351,2.4841958723495887
III,258,258,Huber,2,True,58.14692021738806,1.4386394149059387
III,258,258,Patch,2,True,59.730241571534,2.789074023673453
III,258,258,Raw,2,True,89.35387985466471,2.5093188884009647
III,258,258,Trim,2,True,54.31363132868755,1.162793773721441
III,259,259,Full,2,True,22.62601740525792,2.636435038782362
III,259,259,Global,2,True,81.19828087697728,2.7258081323035603
III,259,259,Huber,2,True,60.76944143671773,1.5175832027574412
III,259,259,Patch,2,True,59.12658208398244,2.829379925354752
III,259,259,Raw,2,True,90.154494107102,2.7185014180128344
III,259,259,Trim,2,True,56.36014801255854,1.1647283939511306
III,260,260,Full,2,True,27.58107403442417,1.43749017614437
III,260,260,Global,2,True,80.49201692796574,2.630846158723924
III,260,260,Huber,2,True,60.66143299628166,1.4692436155447024
III,260,260,Patch,2,True,55.96952206977394,2.650423740224752
III,260,260,Raw,2,True,89.29149749995115,2.6331002118144937
III,260,260,Trim,2,True,56.43922999211642,1.1319575880800912
III,261,261,Full,2,True,26.110114191835223,1.7656703417551094
III,261,261,Global,2,True,84.09398219732395,2.920182089119729
III,261,261,Huber,2,True,62.46186644449296,1.560475556076503
III,261,261,Patch,2,True,60.103172407527225,3.212636517736005
III,261,261,Raw,2,True,92.49715671510388,2.921714049550097
III,261,261,Trim,2,True,57.44007831070784,1.1984582825458658
III,262,262,Full,2,True,31.54197049776134,2.004606324476879
III,262,262,Global,2,True,89.23398186921827,2.9149768386398485
III,262,262,Huber,2,True,63.6894297955262,1.4931491669631545
III,262,262,Patch,2,True,64.77702380016609,2.6411327705074865
III,262,262,Raw,2,True,97.61230556996256,2.916456544472233
III,262,262,Trim,2,True,57.8704821435426,1.0978180387324847
III,263,263,Full,2,True,31.709413045713003,2.004395118569437
III,263,263,Global,2,True,86.37815998247274,2.764971189266359
III,263,263,Huber,2,True,64.04782351770804,1.3929430710406976
III,263,263,Patch,2,True,59.30406435524877,2.575830032973435
III,263,263,Raw,2,True,94.72213304477069,2.764305649119577
III,263,263,Trim,2,True,58.30292219420171,1.1031033766185276
III,264,264,Full,2,True,35.364559098497125,0.9687677357114576
III,264,264,Global,2,True,87.083993361379,2.880958792116575
III,264,264,Huber,2,True,64.10932689399348,1.403887447030158
III,264,264,Patch,2,True,60.34015614590943,2.232327473064053
III,264,264,Raw,2,True,95.18140584462355,2.883993294979544
III,264,264,Trim,2,True,58.39365115002165,1.223107297079547
III,265,265,Full,2,True,33.51753867372253,1.0905404820986526
III,265,265,Global,2,True,85.05258559210202,2.622740830743082
III,265,265,Huber,2,True,63.38843839409386,1.497004634519864
III,265,265,Patch,2,True,57.81646940724242,2.05059977241213
III,265,265,Raw,2,True,93.27813300706669,2.6216385472477666
III,265,265,Trim,2,True,58.24730050524783,1.2369698623361078
III,266,266,Full,2,True,35.09287685284262,1.872905608791304
III,266,266,Global,2,True,84.81636280952357,2.967618059828601
III,266,266,Huber,2,True,62.63810996902974,1.3715886450436383
III,266,266,Patch,2,True,57.128856488666415,2.4191825290663966
III,266,266,Raw,2,True,93.10311924425316,2.97047849472545
III,266,266,Trim,2,True,57.34597511504503,1.0581029373361193
III,267,267,Full,2,True,38.61338556421065,1.7492381163699466
III,267,267,Global,2,True,80.67835387739608,2.61660062315459
III,267,267,Huber,2,True,62.92541844127937,1.3389678490664856
III,267,267,Patch,2,True,54.10085895418029,1.9651395215719765
III,267,267,Raw,2,True,88.6000150023715,2.619547075775698
III,267,267,Trim,2,True,57.301544596130576,1.251043287297569
III,268,268,Full,2,True,38.94076529308049,1.623941892379606
III,268,268,Global,2,True,82.1900492162785,2.5523171999725647
III,268,268,Huber,2,True,63.75253789245891,1.3228159267045116
III,268,268,Patch,2,True,56.24100231589943,2.0577410205269184
III,268,268,Raw,2,True,90.448978505303,2.548661417085196
III,268,268,Trim,2,True,57.60992348243528,1.2017246081770925
III,269,269,Full,2,True,38.238902470519655,1.9779978036567607
III,269,269,Global,2,True,83.54184069578535,2.675804814132543
III,269,269,Huber,2,True,63.99131109534279,1.4042539463030592
III,269,269,Patch,2,True,55.30774893598412,1.9442388914038733
III,269,269,Raw,2,True,92.33117550253378,2.673016598587731
III,269,269,Trim,2,True,58.40438012860774,1.308597447155288
III,270,270,Full,2,True,41.84367680737576,2.278693259599743
III,270,270,Global,2,True,80.91717918995298,3.059493328830888
III,270,270,Huber,2,True,62.65935170074699,1.4383518950695888
III,270,270,Patch,2,True,51.77277408431645,1.994501326921956
III,270,270,Raw,2,True,89.53178697434697,3.062451862664548
III,270,270,Trim,2,True,57.01465517094938,1.2422333310512328
III,271,271,Full,2,True,41.09836145428819,1.702179336611179
III,271,271,Global,2,True,79.42509958637973,3.057359532866036
III,271,271,Huber,2,True,62.97937443424874,1.491673039677462
III,271,271,Patch,2,True,46.60445479567692,2.354865242064127
III,271,271,Raw,2,True,86.80248881212671,3.060212246973484
III,271,271,Trim,2,True,57.1009935068495,1.30194265969015
III,272,272,Full,2,True,41.921191707566,2.0379284639013915
III,272,272,Global,2,True,79.52172645277908,3.633911779468973
III,272,272,Huber,2,True,58.70927517235302,1.6366350495120676
III,272,272,Patch,2,True,48.00464305943691,3.112719102512955
III,272,272,Raw,2,True,87.37743646892231,3.634801573986409
III,272,272,Trim,2,True,56.51883873482559,1.3096074850402906
III,273,273,Full,2,True,47.152063277911004,2.1893887283245523
III,273,273,Global,2,True,79.62599916770893,3.53636193723364
III,273,273,Huber,2,True,63.39600558006238,1.598479012929234
III,273,273,Patch,2,True,48.56353538848565,2.867860691098554
III,273,273,Raw,2,True,88.199677170713,3.5365943046656088
III,273,273,Trim,2,True,58.04688585995002,1.347977355694873
III,274,274,Full,2,True,49.15619308491925,2.418753465748276
III,274,274,Global,2,True,80.75746083041156,3.3501943197747104
III,274,274,Huber,2,True,65.09768048801699,1.4759059992845778
III,274,274,Patch,2,True,49.379957612113,2.5240181082282187
III,274,274,Raw,2,True,90.00604932753295,3.3518294197657905
III,274,274,Trim,2,True,58.14258210645328,1.3487524255500145
III,275,275,Full,2,True,44.335902329692274,2.389747884547836
III,275,275,Global,2,True,78.29178907234014,3.220267811119859
III,275,275,Huber,2,True,64.45034470827181,1.3634369916610722
III,275,275,Patch,2,True,47.78938810926194,2.121968227362318
III,275,275,Raw,2,True,87.55786055254114,3.2045096824329784
III,275,275,Trim,2,True,58.43824524023714,1.3431226673997876
III,276,276,Full,2,True,41.48246864337171,2.595587845239277
III,276,276,Global,2,True,79.22936070693154,3.607159893529204
III,276,276,Huber,2,True,64.08700202686876,1.640846539086296
III,276,276,Patch,2,True,48.68421167711383,2.6390127928778084
III,276,276,Raw,2,True,88.2253120509804,3.606360610188484
III,276,276,Trim,2,True,58.60305745321176,1.443257131668121
III,277,277,Full,2,True,41.91546903296352,2.632087364318068
III,277,277,Global,2,True,77.3744369079783,3.696305144592663
III,277,277,Huber,2,True,63.56723675103999,1.6739172336626464
III,277,277,Patch,2,True,45.85355796898234,2.4778147269684982
III,277,277,Raw,2,True,85.89277862997764,3.6948503237559134
III,277,277,Trim,2,True,58.071198992094295,1.5776868196658116
III,278,278,Full,2,True,41.96412212688488,2.5440640340258054
III,278,278,Global,2,True,76.66807205698966,4.152304878740448
III,278,278,Huber,2,True,63.41791607568409,1.6552950302839025
III,278,278,Patch,2,True,47.46530480020346,3.2370283151731924
III,278,278,Raw,2,True,85.63788574162842,4.149579037955054
III,278,278,Trim,2,True,57.45164968393507,1.4331317102374832
III,279,279,Full,2,True,42.34206693487732,2.336749185361326
III,279,279,Global,2,True,75.17804980786201,4.265465283040219
III,279,279,Huber,2,True,63.86269923657614,1.7943717053586088
III,279,279,Patch,2,True,44.60144938548283,3.154075997407773
III,279,279,Raw,2,True,84.36763964903639,4.258378456660606
III,279,279,Trim,2,True,57.1975994534946,1.388491473064766
III,280,280,Full,2,True,44.67984370377112,1.97365477925996
III,280,280,Global,2,True,73.82334895998336,3.954512829448061
III,280,280,Huber,2,True,62.262709574300736,1.7477651398171197
III,280,280,Patch,2,True,43.98219647684448,2.7963884356637223
III,280,280,Raw,2,True,83.2666498035045,3.9574360136977793
III,280,280,Trim,2,True,56.74040918913007,1.4547302512701812
III,281,281,Full,2,True,43.078961355635386,1.7680885591686777
III,281,281,Global,2,True,71.15084543954865,3.974833240840579
III,281,281,Huber,2,True,62.15774497917234,1.8373171609606456
III,281,281,Patch,2,True,41.29782690845897,3.0743607087013824
III,281,281,Raw,2,True,80.92220659737092,3.9787403838028887
III,281,281,Trim,2,True,56.64825391997219,1.3925662271229142
III,282,282,Full,2,True,44.326343948404606,1.7902002957594398
III,282,282,Global,2,True,71.26517149382308,4.073006672251637
III,282,282,Huber,2,True,61.22101832459355,1.8939105948918389
III,282,282,Patch,2,True,37.04248096213505,3.107305687800644
III,282,282,Raw,2,True,80.93453660677272,4.070983930791519
III,282,282,Trim,2,True,55.17189394841719,1.3445653800279456
III,283,283,Full,2,True,45.86508869294634,1.333555396643873
III,283,283,Global,2,True,70.45296762738332,3.8919297422164414
III,283,283,Huber,2,True,60.68257528941033,1.6169815781776444
III,283,283,Patch,2,True,38.70938526052404,2.791220209618555
III,283,283,Raw,2,True,79.98888103708721,3.892330483800739
III,283,283,Trim,2,True,54.99411605561743,1.315957827792052
III,284,284,Full,2,True,45.42940581482344,1.5682923715206374
III,284,284,Global,2,True,71.00147600052101,4.24960943660516
III,284,284,Huber,2,True,61.66645721326384,1.7551658868241309
III,284,284,Patch,2,True,38.89964424944127,3.323897375392824
III,284,284,Raw,2,True,80.49513029155294,4.248303483867662
III,284,284,Trim,2,True,55.70093698028197,1.2439634398754595
III,285,285,Full,2,True,49.80042345997173,1.4167549719633936
III,285,285,Global,2,True,71.23431641736245,4.255945152573275
III,285,285,Huber,2,True,61.959482369186254,1.7858482343575184
III,285,285,Patch,2,True,38.55266580705298,3.5612280840693105
III,285,285,Raw,2,True,80.35363616772312,4.253123303101955
III,285,285,Trim,2,True,56.72706385616827,1.274733081173144
III,286,286,Full,2,True,51.23756950157603,1.449713519860752
III,286,286,Global,2,True,70.81463056872602,4.306226862868878
III,286,286,Huber,2,True,61.15030538124744,1.8656150764442807
III,286,286,Patch,2,True,36.84998073249664,3.24269710307688
III,286,286,Raw,2,True,80.18129423106853,4.306504296918608
III,286,286,Trim,2,True,55.723079095912816,1.3353650555101906
III,287,287,Full,2,True,53.2105158227808,1.433735777642503
III,287,287,Global,2,True,68.90041360361334,4.071277260031926
III,287,287,Huber,2,True,60.7804364192826,1.6470473901488791
III,287,287,Patch,2,True,34.39850088652539,3.1948152332723594
III,287,287,Raw,2,True,78.5231713056636,4.071584961982171
III,287,287,Trim,2,True,55.29090785266355,1.2740373713799171
III,288,288,Full,2,True,55.84124105687525,1.205815672611853
III,288,288,Global,2,True,68.55722873457182,4.082262865643396
III,288,288,Huber,2,True,60.52344237000186,1.6545168911591557
III,288,288,Patch,2,True,35.32363813440883,3.0409872342187936
III,288,288,Raw,2,True,78.49196215998029,4.082262865643394
III,288,288,Trim,2,True,55.01198816355571,1.3076711643245742
III,289,289,Full,2,True,58.34202759520207,1.0919413266665965
III,289,289,Global,2,True,68.70780745710863,4.123754725015979
III,289,289,Huber,2,True,60.75982557193437,1.8538398367008169
III,289,289,Patch,2,True,34.10692152721242,3.008843530965867
III,289,289,Raw,2,True,78.09847855627446,4.124248529364108
III,289,289,Trim,2,True,55.1019062595892,1.3819631473298557
III,290,290,Full,2,True,54.95685220292183,0.973998421514112
III,290,290,Global,2,True,69.14787302205977,3.904322249434386
III,290,290,Huber,2,True,59.85033719541909,1.446583350661287
III,290,290,Patch,2,True,36.32069513311399,2.825259029131096
III,290,290,Raw,2,True,79.13647052331116,3.904322249434403
III,290,290,Trim,2,True,54.60078582491064,1.212629264227363
III,291,291,Full,2,True,55.30751982711022,0.8856245027864914
III,291,291,Global,2,True,68.55170155893438,3.770663494744871
III,291,291,Huber,2,True,60.43376563935862,1.630447662685451
III,291,291,Patch,2,True,37.21867247457723,2.7609501810196915
III,291,291,Raw,2,True,78.73328712899551,3.770908392510592
III,291,291,Trim,2,True,54.80778136002098,1.261871255212292
III,292,292,Full,2,True,54.43840571311136,0.5922093697190698
III,292,292,Global,2,True,67.57988701281624,3.409734692365191
III,292,292,Huber,2,True,60.83192830009767,1.6426826293405716
III,292,292,Patch,2,True,34.41042245457891,2.21193474383934
III,292,292,Raw,2,True,77.3381337982014,3.4068148442198622
III,292,292,Trim,2,True,54.90536286660968,1.2446120360941075
III,293,293,Full,2,True,50.60373157067732,0.8566320404240224
III,293,293,Global,2,True,69.53539076639636,3.6089810356345033
III,293,293,Huber,2,True,60.40106961987393,1.5064663732370749
III,293,293,Patch,2,True,37.35488907070767,2.423527063048468
III,293,293,Raw,2,True,79.79304323995623,3.608981035634536
III,293,293,Trim,2,True,55.03018006664552,1.2207953469413395
III,294,294,Full,2,True,49.92225188128178,0.4649975860736733
III,294,294,Global,2,True,68.58900971569565,3.4211550774766226
III,294,294,Huber,2,True,60.65727020521931,1.5968771977741807
III,294,294,Patch,2,True,36.430582289833055,2.4616596401114146
III,294,294,Raw,2,True,78.59297853675464,3.4211424221245337
III,294,294,Trim,2,True,54.71660204689243,1.2368340662610358
III,295,295,Full,2,True,47.732449931514914,0.6922104443529863
III,295,295,Global,2,True,68.33030817076066,3.491025594005723
III,295,295,Huber,2,True,60.58486165512089,1.6408955737518007
III,295,295,Patch,2,True,35.3610044260212,2.460071165030944
III,295,295,Raw,2,True,78.429908213056,3.4908040687552853
III,295,295,Trim,2,True,54.57678210536664,1.1575461632436346
III,296,296,Full,2,True,44.34853848384889,1.2955185067262789
III,296,296,Global,2,True,68.88564262377714,3.770699149012671
III,296,296,Huber,2,True,60.25833254288393,1.6550146660773497
III,296,296,Patch,2,True,40.20166430106947,2.739771341566376
III,296,296,Raw,2,True,79.60054850766443,3.771117449377401
III,296,296,Trim,2,True,54.68663028840107,1.2468993002285824
III,297,297,Full,2,True,41.89912068199995,0.9135029473928682
III,297,297,Global,2,True,68.30072637285625,3.355153450460954
III,297,297,Huber,2,True,59.80826169446345,1.6009512138989024
III,297,297,Patch,2,True,37.42321996041756,2.1121954729819663
III,297,297,Raw,2,True,78.54027821213913,3.353437370228603
III,297,297,Trim,2,True,54.62350453656327,1.1574821519942629
III,298,298,Full,2,True,44.08302813695872,1.4910038180588947
III,298,298,Global,2,True,67.74973489034952,3.348559685211211
III,298,298,Huber,2,True,60.28307470144125,1.5157514813204178
III,298,298,Patch,2,True,39.62189209744965,2.500688789028096
III,298,298,Raw,2,True,78.41302215375109,3.3473328908224977
III,298,298,Trim,2,True,55.090521257288046,1.235972717862987
III,299,299,Full,2,True,46.47057128552954,1.2914725686706083
III,299,299,Global,2,True,66.70022620434537,3.12306352339549
III,299,299,Huber,2,True,59.80099209526843,1.428577503631944
III,299,299,Patch,2,True,37.46217859425328,2.2282663263483147
III,299,299,Raw,2,True,77.19470532029747,3.1230780932004354
III,299,299,Trim,2,True,54.678103120415976,1.162437027395395
III,300,300,Full,2,True,47.54387993571267,1.5081505175428231
III,300,300,Global,2,True,66.24189381036777,2.844141170571349
III,300,300,Huber,2,True,59.41407254732307,1.4391982126609442
III,300,300,Patch,2,True,36.449908988718335,2.0331434079240007
III,300,300,Raw,2,True,76.6462982691461,2.844497945944011
III,300,300,Trim,2,True,53.97515160103497,1.1816987608124387
III,301,301,Full,2,True,52.40239211333213,3.7600797903090735
III,301,301,Global,2,True,67.70394471355696,3.372187940517862
III,301,301,Huber,2,True,59.61113064319877,1.33428317179496
III,301,301,Patch,2,True,39.5798739505905,2.8230559868090914
III,301,301,Raw,2,True,78.16921915163482,3.3710518160411644
III,301,301,Trim,2,True,53.92303851456524,1.0387689405535476
III,302,302,Full,2,True,43.05843882990288,2.681205336739548
III,302,302,Global,2,True,68.28777257513522,3.377762679006624
III,302,302,Huber,2,True,59.036226480725375,1.395762260547928
III,302,302,Patch,2,True,39.37837584984124,2.6006786684811245
III,302,302,Raw,2,True,78.20043817490134,3.37874234447003
III,302,302,Trim,2,True,54.79386590076004,1.137137162831453
III,303,303,Full,2,True,46.48487938232904,3.4265154336749832
III,303,303,Global,2,True,67.420064003983,3.1056106423953382
III,303,303,Huber,2,True,59.52218265127716,1.411042067462007
III,303,303,Patch,2,True,38.57764788998302,2.313206654695343
III,303,303,Raw,2,True,77.51342791335054,3.1047584993940287
III,303,303,Trim,2,True,54.98047775928543,1.0956924522061997
III,304,304,Full,3,True,43.64194842629083,3.174666643386756
III,304,304,Global,3,True,65.403891552879,2.657762220989741
III,304,304,Huber,3,True,58.47638098652914,1.1046010204774048
III,304,304,Patch,3,True,34.62033047182561,2.140828889668819
III,304,304,Raw,3,True,74.79350187231675,2.660263323567684
III,304,304,Trim,3,True,55.06945167660083,0.9750677475422316
III,305,305,Full,3,True,44.98297293777386,3.8696861164919714
III,305,305,Global,3,True,66.58809357730858,2.900827836390342
III,305,305,Huber,3,True,58.04160110767468,1.1348359926200584
III,305,305,Patch,3,True,35.78977191443254,2.1894759234631707
III,305,305,Raw,3,True,75.96229100456694,2.9027552732338457
III,305,305,Trim,3,True,55.36355714991944,1.077441347699596
III,306,306,Full,3,True,42.86270418058609,3.64831560792455
III,306,306,Global,3,True,65.73624140722843,2.452375791255165
III,306,306,Huber,3,True,58.14370785339835,1.2293989770089666
III,306,306,Patch,3,True,35.39757161611433,2.149157932596056
III,306,306,Raw,3,True,75.03685823906689,2.453464191960038
III,306,306,Trim,3,True,54.56913427836575,1.015212122121949
III,307,307,Full,3,True,45.98042003761453,4.041710585114389
III,307,307,Global,3,True,66.73785122991798,2.865437677206717
III,307,307,Huber,3,True,58.69136329033901,1.177147716646728
III,307,307,Patch,3,True,37.75977316256476,2.2710651828218493
III,307,307,Raw,3,True,76.0905005339056,2.865718516919708
III,307,307,Trim,3,True,55.28283024555114,1.0388513826354373
III,308,308,Full,3,True,47.3874284738844,4.376505364625621
III,308,308,Global,3,True,67.36395166069133,2.760257627464167
III,308,308,Huber,3,True,58.7568281561047,1.219415642904567
III,308,308,Patch,3,True,40.12446452524349,2.2135200116266587
III,308,308,Raw,3,True,77.11576326214805,2.7579658266746088
III,308,308,Trim,3,True,55.02664083752453,1.0989174794718326
III,309,309,Full,3,True,46.21163341600512,4.265174066029199
III,309,309,Global,3,True,66.28238173571587,2.5457239283004385
III,309,309,Huber,3,True,58.56724893156591,1.1236272800397642
III,309,309,Patch,3,True,39.01850119729099,2.302457042113676
III,309,309,Raw,3,True,76.16658570175419,2.545383413602582
III,309,309,Trim,3,True,55.19592620939943,0.9622223779367028
III,310,310,Full,3,True,47.752821076895145,3.9591305518321054
III,310,310,Global,3,True,66.78653538232749,2.6832559011771218
III,310,310,Huber,3,True,58.51348018362564,1.2525344962556664
III,310,310,Patch,3,True,41.32215610218119,1.709518285898656
III,310,310,Raw,3,True,77.15760857516568,2.6810010053928
III,310,310,Trim,3,True,54.379463452602025,0.9291335065485524
III,311,311,Full,3,True,43.95629200385376,4.758781691396389
III,311,311,Global,3,True,63.477516647888045,2.4280301481689746
III,311,311,Huber,3,True,57.30890043413738,0.9378323508243628
III,311,311,Patch,3,True,37.05492536968015,2.907699282362153
III,311,311,Raw,3,True,72.9776821654101,2.4277784146996715
III,311,311,Trim,3,True,55.01165266432,0.8673613101372285
III,312,312,Full,3,True,40.58349937589966,5.460543665953516
III,312,312,Global,3,True,60.556260388990864,2.3843446451635253
III,312,312,Huber,3,True,56.427830417827735,0.8541823275102443
III,312,312,Patch,3,True,33.51028202277816,3.43747150225338
III,312,312,Raw,3,True,69.37655652816669,2.386898316579712
III,312,312,Trim,3,True,55.76583251185028,0.8536279902429235
III,313,313,Full,3,True,39.80814250114341,5.468525936969594
III,313,313,Global,3,True,58.6133381310833,2.417903816544768
III,313,313,Huber,3,True,55.41234763759329,0.7396395358219399
III,313,313,Patch,3,True,31.377580944943016,3.7065075525627615
III,313,313,Raw,3,True,67.19002130355666,2.41735867401659
III,313,313,Trim,3,True,55.137688434712224,0.7885121858710468
III,314,314,Full,3,True,36.77671255034109,4.531541382686713
III,314,314,Global,3,True,58.39176465848128,1.7894969764968958
III,314,314,Huber,3,True,55.36572105295461,0.8068965394214601
III,314,314,Patch,3,True,26.0044029026713,3.020313665477128
III,314,314,Raw,3,True,65.73596871468848,1.79035792334472
III,314,314,Trim,3,True,55.0018789849165,0.8065639239160391
III,315,315,Full,3,True,37.59941951243118,4.346691338732542
III,315,315,Global,3,True,57.41388332697261,1.8875261372320824
III,315,315,Huber,3,True,54.82770880230412,0.747855251900642
III,315,315,Patch,3,True,24.92476751834584,2.6492519917089954
III,315,315,Raw,3,True,64.68754547503244,1.924828175795114
III,315,315,Trim,3,True,54.69668686006801,0.8559871673393515
III,316,316,Full,3,True,38.93764690417701,4.34763689611733
III,316,316,Global,3,True,58.76480305627464,2.266430385762292
III,316,316,Huber,3,True,55.826846069000815,0.8885002765259202
III,316,316,Patch,3,True,26.986658374836946,2.9906681044269248
III,316,316,Raw,3,True,66.28862523724236,2.263815494483344
III,316,316,Trim,3,True,55.78704355182707,0.912248038077313
III,317,317,Full,3,True,36.20412364534799,4.536043059903047
III,317,317,Global,3,True,58.95428747211229,1.97254054066823
III,317,317,Huber,3,True,54.75915081721401,0.8740391412350738
III,317,317,Patch,3,True,28.75076260099756,2.6530530956850886
III,317,317,Raw,3,True,67.09187871846083,1.965768749586084
III,317,317,Trim,3,True,55.00279513798671,0.9701877417566732
III,318,318,Full,3,True,38.0521995933758,4.96742748233446
III,318,318,Global,3,True,60.39516374786332,2.542872551476338
III,318,318,Huber,3,True,55.890951830742615,0.9576950252655482
III,318,318,Patch,3,True,31.88129638700394,3.0415492314175663
III,318,318,Raw,3,True,68.90543700042461,2.5461819688983094
III,318,318,Trim,3,True,56.42805898152156,1.1022905621743828
III,319,319,Full,3,True,34.52584216103833,4.104670365946792
III,319,319,Global,3,True,60.16540130750865,2.329012279627857
III,319,319,Huber,3,True,55.39730676970621,0.930808158687356
III,319,319,Patch,3,True,27.82708317819985,2.62203494022429
III,319,319,Raw,3,True,68.107899057656,2.322624980620924
III,319,319,Trim,3,True,55.99735844367452,1.016278787977334
III,320,320,Full,3,True,35.63847039181118,4.051523690884721
III,320,320,Global,3,True,60.73349618523039,2.1199367378082736
III,320,320,Huber,3,True,55.87658334590184,1.0226308420361487
III,320,320,Patch,3,True,28.66149039767885,2.4148003614376314
III,320,320,Raw,3,True,68.8191277022783,2.1166744631351166
III,320,320,Trim,3,True,56.14911577189303,1.030049085283674
III,321,321,Full,3,True,36.0526941624476,3.853823477396362
III,321,321,Global,3,True,61.09217641441841,2.232015591707854
III,321,321,Huber,3,True,55.988054430158925,1.0258996213343594
III,321,321,Patch,3,True,28.989060838134595,2.259500298464077
III,321,321,Raw,3,True,68.79644394474684,2.227814444629716
III,321,321,Trim,3,True,57.061376173316255,1.1821887840250038
III,322,322,Full,3,True,36.26033834780992,4.345065017716266
III,322,322,Global,3,True,60.851863260911934,2.3781404197824454
III,322,322,Huber,3,True,56.12223587709404,0.9610986959907998
III,322,322,Patch,3,True,28.81752253142473,2.580868322688415
III,322,322,Raw,3,True,69.00261284742473,2.375696857238145
III,322,322,Trim,3,True,57.10146264714451,1.0546543017761214
III,323,323,Full,3,True,37.13866209375328,3.7433873860127775
III,323,323,Global,3,True,60.183255201731846,2.4907098173104685
III,323,323,Huber,3,True,56.3928074090962,1.0491274139600624
III,323,323,Patch,3,True,28.33009854296277,2.550287350242005
III,323,323,Raw,3,True,68.04593163408032,2.4841001036392254
III,323,323,Trim,3,True,57.1857735419908,1.052668748616109
III,324,324,Full,3,True,34.93105169109724,4.373268772089229
III,324,324,Global,3,True,61.53326436305414,2.587385076543681
III,324,324,Huber,3,True,56.99493498033728,1.090019488360295
III,324,324,Patch,3,True,29.061153298400928,2.4132068339050243
III,324,324,Raw,3,True,69.50764698742022,2.586941964755774
III,324,324,Trim,3,True,57.418194383849006,1.0627403179538046
III,325,325,Full,3,True,34.0048691319485,3.428842318455004
III,325,325,Global,3,True,61.23865423782611,2.356708749983217
III,325,325,Huber,3,True,57.48407751733544,1.054988372517122
III,325,325,Patch,3,True,24.39072056681609,1.8941362250535965
III,325,325,Raw,3,True,68.0793804428143,2.3546770198033364
III,325,325,Trim,3,True,58.18909630099066,1.1181127572285423
III,326,326,Full,3,True,37.69395943710486,2.2342527197583
III,326,326,Global,3,True,61.41769108841525,2.33410742958752
III,326,326,Huber,3,True,57.68446759632367,1.089853097224483
III,326,326,Patch,3,True,24.9886452111232,1.2101807295122835
III,326,326,Raw,3,True,68.56425903756204,2.3330118768158243
III,326,326,Trim,3,True,58.400727848498846,1.0879293229135618
III,327,327,Full,3,True,39.92636728138878,2.0441798036547327
III,327,327,Global,3,True,61.86516645854267,2.35744317553841
III,327,327,Huber,3,True,57.44537971465199,1.100000935468617
III,327,327,Patch,3,True,25.05643757443481,0.5497710262165602
III,327,327,Raw,3,True,67.8526874242298,2.3474317047805364
III,327,327,Trim,3,True,58.46370627780163,1.1667344026766964
III,328,328,Full,3,True,41.14066635535568,2.385740582105094
III,328,328,Global,3,True,60.48670278881467,2.137249716846927
III,328,328,Huber,3,True,57.59268803200286,0.961937484219378
III,328,328,Patch,3,True,22.36527624030733,1.314261333847664
III,328,328,Raw,3,True,66.04906507492728,2.1351358794434447
III,328,328,Trim,3,True,59.47465809046456,1.0718067455808309
III,329,329,Full,3,True,33.70203780833,2.7011055850656533
III,329,329,Global,3,True,59.58224156344437,1.817913610622294
III,329,329,Huber,3,True,56.85959346637655,0.9590646909972214
III,329,329,Patch,3,True,21.08533446050112,1.4389913051373886
III,329,329,Raw,3,True,64.88133000931403,1.7863703575420666
III,329,329,Trim,3,True,58.7853971491862,1.077324329574847
III,330,330,Full,3,True,40.03968961646411,2.5669067431382446
III,330,330,Global,3,True,58.21112480308917,1.5482667908213987
III,330,330,Huber,3,True,56.417895073199126,0.9301907723635632
III,330,330,Patch,3,True,19.24034879573193,1.2057928843497958
III,330,330,Raw,3,True,62.71898126238694,1.548137760787867
III,330,330,Trim,3,True,58.73134797524434,1.1222150650024123
III,331,331,Full,3,True,37.01926200792322,2.6242619688456026
III,331,331,Global,3,True,58.35489820609491,1.6388047093706957
III,331,331,Huber,3,True,56.424525923488645,0.9390124597889984
III,331,331,Patch,3,True,20.372207537995003,1.3718507360834973
III,331,331,Raw,3,True,63.95388101316071,1.6372366171584136
III,331,331,Trim,3,True,58.22439985178742,1.121358006537213
III,332,332,Full,3,True,40.61481805541665,2.386983940131922
III,332,332,Global,3,True,56.55330543717109,1.0792753095795846
III,332,332,Huber,3,True,55.97881970321072,0.8467978980494921
III,332,332,Patch,3,True,19.35752497169798,1.2252103185268124
III,332,332,Raw,3,True,61.936161404962014,1.0678457219200557
III,332,332,Trim,3,True,58.7532885781424,1.0713717676011971
III,333,333,Full,3,True,37.97335958725925,2.6705771241105696
III,333,333,Global,3,True,57.37333566330659,1.132413653463474
III,333,333,Huber,3,True,56.79298546768752,0.9220948202777768
III,333,333,Patch,3,True,22.51793651619877,1.6974011091876682
III,333,333,Raw,3,True,63.02362976771446,1.1055589147370024
III,333,333,Trim,3,True,59.21327283130641,1.0280283914237829
III,334,334,Full,3,True,41.50661874587104,2.5075942920314835
III,334,334,Global,3,True,57.895951480674185,1.4861556125279531
III,334,334,Huber,3,True,56.89421090742353,0.8537137456140365
III,334,334,Patch,3,True,21.482831093199646,1.622090529377019
III,334,334,Raw,3,True,63.44489359287524,1.4594197246878315
III,334,334,Trim,3,True,59.40224706780768,1.0094777726224544
III,335,335,Full,3,True,39.29943171494696,2.3179301054031867
III,335,335,Global,3,True,57.945558475405214,1.1344033894833032
III,335,335,Huber,3,True,57.042273023238494,0.9639758240591434
III,335,335,Patch,3,True,18.905098497480942,1.0549415287709911
III,335,335,Raw,3,True,62.74976659867901,1.1240322687518578
III,335,335,Trim,3,True,59.53733475093881,1.066694651824917
III,336,336,Full,3,True,42.56842941906978,2.1507512785065703
III,336,336,Global,3,True,57.1241022408338,1.286805519945854
III,336,336,Huber,3,True,56.02401205287232,0.8498398319055878
III,336,336,Patch,3,True,18.62037343021853,1.360944778461084
III,336,336,Raw,3,True,62.05084793868852,1.2900163465007584
III,336,336,Trim,3,True,58.88182957146292,1.0835175861178925
III,337,337,Full,3,True,43.49529678934344,2.236779689979384
III,337,337,Global,3,True,57.98075488189136,1.3033471284759857
III,337,337,Huber,3,True,57.60281986492935,0.9770916376156996
III,337,337,Patch,3,True,19.23650578307152,1.4444970395417664
III,337,337,Raw,3,True,62.98761304800371,1.3027469233449482
III,337,337,Trim,3,True,60.51374569936012,1.2106828364766105
III,338,338,Full,3,True,39.22534841568119,2.4034503748516887
III,338,338,Global,3,True,56.99026520419012,0.9922722427270568
III,338,338,Huber,3,True,56.709998541645575,1.0631628121636107
III,338,338,Patch,3,True,17.349213566273047,1.5089405489975072
III,338,338,Raw,3,True,61.78799639097871,0.990524960344706
III,338,338,Trim,3,True,59.81431111254976,1.2508465537103777
III,339,339,Full,3,True,42.990613926983606,1.8914516726290151
III,339,339,Global,3,True,57.15112179292481,1.0925289244340066
III,339,339,Huber,3,True,56.697182115341576,0.9383771757669924
III,339,339,Patch,3,True,16.96512302802361,1.3150134235952078
III,339,339,Raw,3,True,61.86039368781185,1.0877870333066124
III,339,339,Trim,3,True,60.27026658475116,1.1650479101802516
III,340,340,Full,3,True,37.19644950744811,2.0965614103140737
III,340,340,Global,3,True,57.95881351855122,1.2222453232090458
III,340,340,Huber,3,True,57.219137800316375,0.9833745777566182
III,340,340,Patch,3,True,19.62477101887651,1.46048554091801
III,340,340,Raw,3,True,62.90133907663684,1.2143982933872213
III,340,340,Trim,3,True,60.51222296108421,1.080427912022266
III,341,341,Full,3,True,42.99448768043244,1.899061745532524
III,341,341,Global,3,True,57.71666830756236,1.318073927449806
III,341,341,Huber,3,True,57.11922497002856,0.9558667387556152
III,341,341,Patch,3,True,16.762745579162406,1.3885302378981137
III,341,341,Raw,3,True,62.08257188371124,1.2957528574582935
III,341,341,Trim,3,True,60.97947607544682,1.1657619253255838
III,342,342,Full,3,True,42.3626483686287,2.012043276243185
III,342,342,Global,3,True,57.48350925902992,1.2784527535815262
III,342,342,Huber,3,True,56.35786150767209,0.9654209367791156
III,342,342,Patch,3,True,19.66464266342245,1.874702534699349
III,342,342,Raw,3,True,62.820360176134805,1.279628326432208
III,342,342,Trim,3,True,59.90410243041949,1.1375027193045495
III,343,343,Full,3,True,42.43812063764481,2.047166463636482
III,343,343,Global,3,True,56.69740844635664,1.0396903996676763
III,343,343,Huber,3,True,56.71060629763398,1.0039900920987097
III,343,343,Patch,3,True,15.832675797757489,1.4503875307371588
III,343,343,Raw,3,True,60.938649112326246,1.031883347626166
III,343,343,Trim,3,True,60.15960983668707,1.147921946358977
III,344,344,Full,3,True,43.0432670360066,1.9198599750257683
III,344,344,Global,3,True,56.920368803273,1.3028848076825523
III,344,344,Huber,3,True,56.57804865151391,1.0407131437473889
III,344,344,Patch,3,True,14.8139963385622,1.6165060695783324
III,344,344,Raw,3,True,60.952801377163375,1.2864157785570256
III,344,344,Trim,3,True,60.27244452776905,1.2526015083290325
III,345,345,Full,3,True,42.61395771187429,2.0884094331905554
III,345,345,Global,3,True,56.95927956924241,1.1298703332883966
III,345,345,Huber,3,True,56.85626528240092,0.9820891888065352
III,345,345,Patch,3,True,15.886781296991996,1.4486922086444074
III,345,345,Raw,3,True,61.21753704225139,1.109113052439431
III,345,345,Trim,3,True,59.9808136284538,1.2388208707796968
III,346,346,Full,3,True,43.62838264027816,2.0120182722525093
III,346,346,Global,3,True,56.50732312413309,1.235344511729442
III,346,346,Huber,3,True,56.376956209448025,0.9460387806190544
III,346,346,Patch,3,True,16.25211047600925,1.6446163152472335
III,346,346,Raw,3,True,61.46220413812153,1.2018461342162474
III,346,346,Trim,3,True,60.17909191351266,1.2321935994480282
III,347,347,Full,3,True,44.912744932134856,2.220504128966847
III,347,347,Global,3,True,55.1880011578163,1.1880818746772923
III,347,347,Huber,3,True,54.72057467486584,0.91157504215117
III,347,347,Patch,3,True,15.213321156904875,1.574136551677542
III,347,347,Raw,3,True,60.20682637483695,1.1579744406911832
III,347,347,Trim,3,True,59.045996135308336,1.259609981409459
III,348,348,Full,3,True,45.01337931687572,2.076687235357382
III,348,348,Global,3,True,54.27225161168794,1.0734238582372817
III,348,348,Huber,3,True,53.59491802556792,1.0305920577020709
III,348,348,Patch,3,True,17.700838230940786,1.7560505800249169
III,348,348,Raw,3,True,59.86830164587612,1.070310571071312
III,348,348,Trim,3,True,56.94885487295363,1.2623795489144896
III,349,349,Full,3,True,44.77881600553505,2.0300591662458904
III,349,349,Global,3,True,54.16687559101519,1.235018475883638
III,349,349,Huber,3,True,54.84839005924364,1.0369202560758233
III,349,349,Patch,3,True,16.52089415962725,1.9670103753255483
III,349,349,Raw,3,True,59.21442947050706,1.217142922825295
III,349,349,Trim,3,True,58.50579104634732,1.336151763563992
III,350,350,Full,3,True,40.73369952260508,2.4923240422863766
III,350,350,Global,3,True,53.72747430512342,0.8218260597048558
III,350,350,Huber,3,True,54.40368813925837,1.078638296006698
III,350,350,Patch,3,True,16.207042520768997,1.999202380266806
III,350,350,Raw,3,True,58.44443808751053,0.7892686049715384
III,350,350,Trim,3,True,57.7942918028032,1.309327196890393
III,351,351,Full,3,True,44.06706432513701,2.277790384201062
III,351,351,Global,3,True,54.32360973798043,1.0774769624940463
III,351,351,Huber,3,True,54.81897265576635,1.1187681708173969
III,351,351,Patch,3,True,14.67472689266956,1.8145577912868216
III,351,351,Raw,3,True,58.86428606718749,1.0446063275824595
III,351,351,Trim,3,True,59.22858010243357,1.2167547347785834
III,352,352,Full,3,True,45.49957833143267,2.5105880745821856
III,352,352,Global,3,True,53.02227515150552,1.1375994332375972
III,352,352,Huber,3,True,54.69533371735736,1.0799044505813442
III,352,352,Patch,3,True,14.584602538123711,2.113470481180036
III,352,352,Raw,3,True,57.36069694724126,1.1139327520070226
III,352,352,Trim,3,True,58.409190401466425,1.2993866301184365
III,353,353,Full,3,True,47.22075144058997,2.4178512585328007
III,353,353,Global,3,True,52.185385304835975,0.8295031853609571
III,353,353,Huber,3,True,53.762964057002776,1.017427974124424
III,353,353,Patch,3,True,11.517624761156032,1.6330687950230052
III,353,353,Raw,3,True,55.81122940055834,0.8104445185380811
III,353,353,Trim,3,True,58.14843749204497,1.2670138152454695
III,354,354,Full,4,True,48.91355444034782,2.516857526157209
III,354,354,Global,4,True,51.53227511098958,0.9796857566130164
III,354,354,Huber,4,True,53.33045744747917,1.0554097301532832
III,354,354,Patch,4,True,12.439020035388754,2.019801232569137
III,354,354,Raw,4,True,54.97795612607965,0.9543985110196836
III,354,354,Trim,4,True,57.59837437655891,1.261112892444491
III,355,355,Full,4,True,45.27478402398786,2.512926254625945
III,355,355,Global,4,True,50.52513076671828,1.0006209424144012
III,355,355,Huber,4,True,52.796445652516304,1.038144469433706
III,355,355,Patch,4,True,17.34699882857622,2.32195103331026
III,355,355,Raw,4,True,55.59689374603637,1.002184661407762
III,355,355,Trim,4,True,56.290540933715135,1.2980116006596023
III,356,356,Full,4,True,47.22011150349988,2.5626846877989675
III,356,356,Global,4,True,50.35634432894787,0.9870488860160676
III,356,356,Huber,4,True,52.29188462812633,1.1686684961972122
III,356,356,Patch,4,True,16.924574167657127,2.4380065113964564
III,356,356,Raw,4,True,54.88203157313109,0.9752183549132304
III,356,356,Trim,4,True,56.92402738966295,1.3849365971354426
III,357,357,Full,4,True,50.34269904747726,2.667402710354172
III,357,357,Global,4,True,48.607904993853495,1.2133147968829814
III,357,357,Huber,4,True,51.4701486174625,1.0342925595115335
III,357,357,Patch,4,True,18.07477053245421,2.742530340948219
III,357,357,Raw,4,True,53.91152286136222,1.2112347914046049
III,357,357,Trim,4,True,56.01192797962299,1.3113445353999778
III,358,358,Full,4,True,45.9776758535262,2.4800607279527256
III,358,358,Global,4,True,49.60500187043414,1.0101536403697091
III,358,358,Huber,4,True,52.09105965634379,1.0378580283898935
III,358,358,Patch,4,True,16.146694454942292,2.55782475704323
III,358,358,Raw,4,True,54.276616671246856,1.0146629594046963
III,358,358,Trim,4,True,57.28770525097448,1.2769339450092274
III,359,359,Full,4,True,48.84388769291657,2.761947702161131
III,359,359,Global,4,True,49.751141335628354,1.2156471395824897
III,359,359,Huber,4,True,52.72004799043189,1.029249242615926
III,359,359,Patch,4,True,18.21930522564549,2.753072136279132
III,359,359,Raw,4,True,54.6009756343658,1.2123431371523363
III,359,359,Trim,4,True,57.415071643281024,1.313146053171058
III,360,360,Full,4,True,46.93040130053616,2.569811181300901
III,360,360,Global,4,True,49.670044444831824,1.1431672140811164
III,360,360,Huber,4,True,52.2754708860193,1.0428952980863628
III,360,360,Patch,4,True,16.41170267224022,2.401078177452694
III,360,360,Raw,4,True,54.2099857518999,1.1232114608754455
III,360,360,Trim,4,True,56.87882857821765,1.316088159482196
III,361,361,Full,4,True,48.70798936907314,2.679599937643047
III,361,361,Global,4,True,49.74837558344,1.3519556871399494
III,361,361,Huber,4,True,52.859260231880135,1.0825776767029736
III,361,361,Patch,4,True,17.242239140812956,2.76359520473114
III,361,361,Raw,4,True,54.633889510302055,1.3393249345191491
III,361,361,Trim,4,True,57.2922977619013,1.306143274367747
III,362,362,Full,4,True,47.040545603431774,2.691775503154711
III,362,362,Global,4,True,50.74170333345261,1.515408645846466
III,362,362,Huber,4,True,52.99243254995181,1.0106790684081604
III,362,362,Patch,4,True,17.442700914085343,2.9534987826735333
III,362,362,Raw,4,True,55.46424840037312,1.5507355006252812
III,362,362,Trim,4,True,57.804052153565785,1.3352139012875597
III,363,363,Full,4,True,45.141094656092136,2.588299336051671
III,363,363,Global,4,True,50.78033261296589,1.3193359693271265
III,363,363,Huber,4,True,53.59924237627982,1.1354579726861238
III,363,363,Patch,4,True,13.173922283101058,2.5482356423294297
III,363,363,Raw,4,True,54.70704323454731,1.3095575907748902
III,363,363,Trim,4,True,57.56623615458266,1.30012772628229
III,364,364,Full,4,True,45.66448308066373,2.656107163032741
III,364,364,Global,4,True,51.01983119064794,1.6692796611391576
III,364,364,Huber,4,True,53.24715580365082,1.051892268348946
III,364,364,Patch,4,True,17.074420840580874,3.089233852815204
III,364,364,Raw,4,True,55.831413855772574,1.6698912581721337
III,364,364,Trim,4,True,57.74128481785896,1.2530656409020855
III,365,365,Full,4,True,45.23745678272222,2.9077035694880164
III,365,365,Global,4,True,51.24803917313181,1.4843272506128573
III,365,365,Huber,4,True,52.482767626129096,0.9350222961045592
III,365,365,Patch,4,True,17.764273048170715,2.830593451204888
III,365,365,Raw,4,True,56.39019563304376,1.46466693179443
III,365,365,Trim,4,True,57.18099936544033,1.1549464508901317
III,366,366,Full,4,True,42.77908323345602,2.7812119121725893
III,366,366,Global,4,True,52.28014312132528,1.896973553140888
III,366,366,Huber,4,True,52.67327341702429,0.9660390323145192
III,366,366,Patch,4,True,18.121466340879305,3.076073574235036
III,366,366,Raw,4,True,57.62328559512348,1.904360312208513
III,366,366,Trim,4,True,56.18927547451102,1.2100493304253708
III,367,367,Full,4,True,44.08580531361259,2.8887178991998685
III,367,367,Global,4,True,51.03268369683413,1.6456711947204374
III,367,367,Huber,4,True,52.26800116447442,0.9205783225003192
III,367,367,Patch,4,True,19.33438349595909,2.937426712302749
III,367,367,Raw,4,True,56.51263768401173,1.6582788034687348
III,367,367,Trim,4,True,55.76823562190296,1.1757782540083
III,368,368,Full,4,True,42.66215169083719,2.881371555920338
III,368,368,Global,4,True,51.51805928677253,1.724371846257254
III,368,368,Huber,4,True,52.97070475020029,0.8752836462384728
III,368,368,Patch,4,True,12.963023977169088,2.888002286162908
III,368,368,Raw,4,True,55.64402292343346,1.7351956913594515
III,368,368,Trim,4,True,56.74609849359189,1.1790476924682778
III,369,369,Full,4,True,43.06132662379255,2.959149815353595
III,369,369,Global,4,True,51.4996620986076,1.905795486315364
III,369,369,Huber,4,True,52.94305882233306,0.7605754173808634
III,369,369,Patch,4,True,16.504637200334862,3.1100794176905726
III,369,369,Raw,4,True,56.41226540578543,1.9121962539905744
III,369,369,Trim,4,True,57.33610088575937,1.0879174501160855
III,370,370,Full,4,True,42.43871621059708,2.8790564639057665
III,370,370,Global,4,True,51.25889650893074,1.537193430753015
III,370,370,Huber,4,True,52.49853355221959,0.8499694615386583
III,370,370,Patch,4,True,13.664099545708536,2.6602415281666305
III,370,370,Raw,4,True,55.21778040276879,1.5454697840212397
III,370,370,Trim,4,True,56.05001299980474,1.117211392477616
III,371,371,Full,4,True,43.2650793189233,2.9660697496701185
III,371,371,Global,4,True,50.18917535647636,1.7988729000365995
III,371,371,Huber,4,True,50.925869373961575,0.8739639783795878
III,371,371,Patch,4,True,16.61609785050097,2.904905547472346
III,371,371,Raw,4,True,55.0591912706957,1.7941910237226726
III,371,371,Trim,4,True,54.42343693294381,0.9867666473716912
III,372,372,Full,4,True,43.607837288440734,2.956979508633504
III,372,372,Global,4,True,50.27549727350472,1.628555495124304
III,372,372,Huber,4,True,50.971382394709146,0.8640450570725722
III,372,372,Patch,4,True,11.902743344728105,2.6541380867296893
III,372,372,Raw,4,True,54.08646054309224,1.651210753983012
III,372,372,Trim,4,True,54.408285740549374,1.0912293545154144
III,373,373,Full,4,True,41.93231820226618,2.7536778749541453
III,373,373,Global,4,True,49.98693452078997,1.5551879935689863
III,373,373,Huber,4,True,50.55820500967653,1.0551378968402505
III,373,373,Patch,4,True,11.611095940922306,2.5253063577099595
III,373,373,Raw,4,True,54.00911669107167,1.5717532094274376
III,373,373,Trim,4,True,54.016146403173096,1.2194645419809185
III,374,374,Full,4,True,42.58733922383032,2.843348989505606
III,374,374,Global,4,True,48.43640361657988,1.913631037741088
III,374,374,Huber,4,True,49.10306234198931,0.9084605158336204
III,374,374,Patch,4,True,12.250484249187974,2.908876987423937
III,374,374,Raw,4,True,53.05573709161854,1.9041296965490704
III,374,374,Trim,4,True,53.04031617820315,1.3132629527654902
III,375,375,Full,4,True,43.88482859439716,2.740633419699381
III,375,375,Global,4,True,48.61700110803801,1.772584480128919
III,375,375,Huber,4,True,48.79548249735754,0.9769936451578966
III,375,375,Patch,4,True,12.301006863957944,2.74403012107176
III,375,375,Raw,4,True,52.71113766599989,1.763297839422552
III,375,375,Trim,4,True,52.93386804951157,1.3062494520052794
III,376,376,Full,4,True,44.8818691318119,2.641464510948353
III,376,376,Global,4,True,47.79114925449155,1.921212492399396
III,376,376,Huber,4,True,48.13250604037584,1.0314565201335
III,376,376,Patch,4,True,12.202891585370384,2.7806354119220447
III,376,376,Raw,4,True,51.738118018442606,1.924130475848291
III,376,376,Trim,4,True,52.2267216598996,1.16647547476276
III,377,377,Full,4,True,51.166313276988696,3.356682013135121
III,377,377,Global,4,True,46.73062506247514,1.830698930248676
III,377,377,Huber,4,True,47.33258893171552,0.8378552571673866
III,377,377,Patch,4,True,11.77418538013635,2.83912655443852
III,377,377,Raw,4,True,50.794913144209616,1.8322375804141309
III,377,377,Trim,4,True,51.62849445983402,1.1884070841566947
III,378,378,Full,4,True,51.30584978239978,3.271370541820579
III,378,378,Global,4,True,45.64183554453476,1.852552204988504
III,378,378,Huber,4,True,46.0099357210323,0.9297300981907012
III,378,378,Patch,4,True,13.705975784705448,2.7653746927581992
III,378,378,Raw,4,True,50.283991709360144,1.853927025253169
III,378,378,Trim,4,True,50.373157443541686,1.1624135271265494
III,379,379,Full,4,True,52.36141551519339,3.606469495010775
III,379,379,Global,4,True,44.85649634108066,1.9136560168409709
III,379,379,Huber,4,True,45.55362394619216,0.9212936203349926
III,379,379,Patch,4,True,14.3289846778831,3.008461820383342
III,379,379,Raw,4,True,49.099507255511575,1.9123976065472568
III,379,379,Trim,4,True,49.56762249780365,1.174727779201116
III,380,380,Full,4,True,53.3227650686361,3.3981800517497063
III,380,380,Global,4,True,43.57363246885265,1.4828698767057948
III,380,380,Huber,4,True,43.83071208051865,0.83189455791488
III,380,380,Patch,4,True,12.080558222227422,2.709814433041275
III,380,380,Raw,4,True,46.84776352004453,1.4973332538464483
III,380,380,Trim,4,True,48.906636687429625,1.2235260599539022
III,381,381,Full,4,True,57.54733374620183,3.620515301466348
III,381,381,Global,4,True,42.64868351304234,1.8685410927605903
III,381,381,Huber,4,True,43.482133918409005,1.0084840526533505
III,381,381,Patch,4,True,15.820182820848055,2.90136529451454
III,381,381,Raw,4,True,47.59097546391048,1.8934392319635869
III,381,381,Trim,4,True,48.300362671845605,1.3240709475023429
III,382,382,Full,4,True,56.045909195535664,3.513928261666591
III,382,382,Global,4,True,42.0509152197646,2.1448140416142696
III,382,382,Huber,4,True,41.82012659622548,0.9342548609974616
III,382,382,Patch,4,True,17.309044048660922,3.0153352177123502
III,382,382,Raw,4,True,47.03596466669996,2.143879559768189
III,382,382,Trim,4,True,47.23032266352951,1.2500624282807788
III,383,383,Full,4,True,57.42218388799015,3.4734762014534124
III,383,383,Global,4,True,40.90722544290096,2.688500620365669
III,383,383,Huber,4,True,40.43486692586405,1.2506709113293346
III,383,383,Patch,4,True,20.06542455296556,3.453265712891292
III,383,383,Raw,4,True,46.58619857348605,2.6965506374426984
III,383,383,Trim,4,True,45.50458795942368,1.334493357972918
III,384,384,Full,4,True,60.16669910394759,3.536881356801388
III,384,384,Global,4,True,38.5678852812129,1.9084281887633008
III,384,384,Huber,4,True,39.82838838890775,1.1280042874367644
III,384,384,Patch,4,True,18.982179328935125,2.9898596746169126
III,384,384,Raw,4,True,43.29555621171544,1.923372932078984
III,384,384,Trim,4,True,44.983937656341816,1.3967294324190405
III,385,385,Full,4,True,62.78101838686681,3.7734489241167823
III,385,385,Global,4,True,37.3021284257076,1.8556934213573968
III,385,385,Huber,4,True,38.87779518015291,0.9404400743188936
III,385,385,Patch,4,True,17.956880415445454,3.0780232983382887
III,385,385,Raw,4,True,41.542854894997525,1.8580699243551884
III,385,385,Trim,4,True,44.94254423551267,1.1350221467023949
III,386,386,Full,4,True,65.61837422198938,3.757768964657382
III,386,386,Global,4,True,36.813584905041616,1.56418041167702
III,386,386,Huber,4,True,38.6911556377432,0.8191904452259605
III,386,386,Patch,4,True,21.32010501439377,3.1923916844372493
III,386,386,Raw,4,True,42.442931968282025,1.5660116746005923
III,386,386,Trim,4,True,45.25950397605487,1.2090419166360582
III,387,387,Full,4,True,67.69782683761417,4.030419470365287
III,387,387,Global,4,True,37.45244549103938,1.631458684629299
III,387,387,Huber,4,True,38.60574604995541,0.6433220456352597
III,387,387,Patch,4,True,20.677081286859394,3.1486306776911404
III,387,387,Raw,4,True,42.13209920287714,1.6534951769231572
III,387,387,Trim,4,True,43.64542785995052,0.8574740344203974
III,388,388,Full,4,True,68.06507531170524,4.207223840327747
III,388,388,Global,4,True,38.412063552396326,1.706852314174233
III,388,388,Huber,4,True,38.63045879156308,0.5881256537749094
III,388,388,Patch,4,True,20.17319363029139,2.804946648886866
III,388,388,Raw,4,True,43.24499793071137,1.7037351447929656
III,388,388,Trim,4,True,43.99740690669709,0.819932746682167
III,389,389,Full,4,True,73.40721628518445,4.153352053915821
III,389,389,Global,4,True,36.58360463093377,1.3137703684869797
III,389,389,Huber,4,True,37.6966624945155,0.4476044907937245
III,389,389,Patch,4,True,24.98063935680294,3.0889708516022267
III,389,389,Raw,4,True,41.48702998429097,1.3168622142004325
III,389,389,Trim,4,True,42.753212097390175,0.7585533480268022
III,390,390,Full,4,True,81.54490441922455,4.507171640376278
III,390,390,Global,4,True,38.053360700677445,1.0978599282416168
III,390,390,Huber,4,True,37.93260438182809,0.4849243346514961
III,390,390,Patch,4,True,22.601233937190266,2.651283857943408
III,390,390,Raw,4,True,41.92595033420694,1.1093967061924097
III,390,390,Trim,4,True,43.52908820799561,0.7817750408452967
III,391,391,Full,4,True,79.30798291002569,4.931916151387789
III,391,391,Global,4,True,40.1985647318419,1.620210035838899
III,391,391,Huber,4,True,38.942239861565824,0.5038063380127601
III,391,391,Patch,4,True,19.536134742231624,2.7969949083297045
III,391,391,Raw,4,True,44.95980906283821,1.5924114938540088
III,391,391,Trim,4,True,43.4831358083403,0.8011203669308474
III,392,392,Full,4,True,82.24656185425196,4.380342963848559
III,392,392,Global,4,True,37.286059289805365,1.5398983634227348
III,392,392,Huber,4,True,38.38399918958129,0.4821305438510915
III,392,392,Patch,4,True,25.588600791703783,2.9632920196725574
III,392,392,Raw,4,True,42.89118166803084,1.5217703044906743
III,392,392,Trim,4,True,44.43398252320383,0.8143975138523492
III,393,393,Full,4,True,81.80078348846273,4.381328160484728
III,393,393,Global,4,True,38.20276037288194,1.448641638337863
III,393,393,Huber,4,True,38.27560009430441,0.4124656609180778
III,393,393,Patch,4,True,24.639260718347035,3.019331733550366
III,393,393,Raw,4,True,44.06282067976797,1.4483890149251315
III,393,393,Trim,4,True,43.54174545630912,0.7715546404492555
III,394,394,Full,4,True,80.67897984978121,4.111857225527074
III,394,394,Global,4,True,39.55772836592272,0.8276584389648247
III,394,394,Huber,4,True,40.03639941079437,0.4684055652605474
III,394,394,Patch,4,True,23.106080994257024,2.3568538287104674
III,394,394,Raw,4,True,43.87248627196605,0.8577585149873473
III,394,394,Trim,4,True,45.07900845396711,0.8089324213601553
III,395,395,Full,4,True,79.7103707620262,4.245295564538139
III,395,395,Global,4,True,41.3083001949879,1.7018756758854543
III,395,395,Huber,4,True,40.788628371109816,0.5060226073629855
III,395,395,Patch,4,True,23.27763650446263,2.86652237139096
III,395,395,Raw,4,True,47.139575948455416,1.686933186424835
III,395,395,Trim,4,True,45.52490301908077,0.6907110185980669
III,396,396,Full,4,True,79.21708261706267,3.861626635547208
III,396,396,Global,4,True,39.71057271546616,1.347241863654306
III,396,396,Huber,4,True,41.22032817854835,0.507450373053783
III,396,396,Patch,4,True,25.223436397105072,2.822589957669323
III,396,396,Raw,4,True,45.65532245843109,1.3636487781962836
III,396,396,Trim,4,True,45.83705639279494,0.7478344316193538
III,397,397,Full,4,True,80.3960515951411,4.14901522926397
III,397,397,Global,4,True,40.91398805334591,1.2247253271231269
III,397,397,Huber,4,True,41.62405677617047,0.4880260408597492
III,397,397,Patch,4,True,24.63334266308536,2.6591890317185145
III,397,397,Raw,4,True,46.42385645713252,1.2556655587764645
III,397,397,Trim,4,True,46.01100434172016,0.8454145646822029
III,398,398,Full,4,True,79.78746321008741,3.886893346567566
III,398,398,Global,4,True,41.01356848492058,1.0643268661866256
III,398,398,Huber,4,True,42.02486275323262,0.4084166888740682
III,398,398,Patch,4,True,22.992132531271377,2.2287757659279728
III,398,398,Raw,4,True,45.750700798923546,1.1085306833168411
III,398,398,Trim,4,True,46.27715981836458,0.7327235312030677
III,399,399,Full,4,True,79.25904819715161,4.079573087511892
III,399,399,Global,4,True,41.78775633896447,1.4074433843672138
III,399,399,Huber,4,True,42.1416439222318,0.5120552119971499
III,399,399,Patch,4,True,24.45107741376836,2.470182374714014
III,399,399,Raw,4,True,47.25890635043954,1.4396571754123124
III,399,399,Trim,4,True,46.06541984007698,0.7206775876471468
III,400,400,Full,4,True,78.98769765396199,3.932270661937991
III,400,400,Global,4,True,42.2973007782947,0.8006161861751856
III,400,400,Huber,4,True,42.9970080368982,0.4949495948839364
III,400,400,Patch,4,True,23.586042279352164,1.9233033137898603
III,400,400,Raw,4,True,46.983373296002085,0.790186930366957
III,400,400,Trim,4,True,47.086906418529175,0.712150934989075
III,401,401,Full,4,True,77.89847371081714,3.8919159232031872
III,401,401,Global,4,True,42.2726001742037,1.3323741584902022
III,401,401,Huber,4,True,43.05078975362154,0.4604281680892123
III,401,401,Patch,4,True,24.373582716014088,2.3602195339592007
III,401,401,Raw,4,True,47.90783130028012,1.3370579285950277
III,401,401,Trim,4,True,47.01227425432582,0.7895585613381549
III,402,402,Full,4,True,78.39473042065464,3.7771997216387487
III,402,402,Global,4,True,42.54109998644409,1.1218378108057918
III,402,402,Huber,4,True,42.812961051564095,0.5088988599336325
III,402,402,Patch,4,True,24.061977288567284,2.127958888596077
III,402,402,Raw,4,True,48.53052578114376,1.1214758677880128
III,402,402,Trim,4,True,47.235246565824575,0.960144163221174
III,403,403,Full,4,True,78.93579411905858,3.7941356749080746
III,403,403,Global,4,True,42.90700239258867,1.3968400733683135
III,403,403,Huber,4,True,43.39913581825095,0.4343087496850734
III,403,403,Patch,4,True,25.43391023915531,2.453328358959399
III,403,403,Raw,4,True,49.51192729639999,1.4318600407977138
III,403,403,Trim,4,True,46.89276526950438,0.74077568911155
III,404,404,Full,5,True,77.60793801819452,3.94409388464475
III,404,404,Global,5,True,43.88040598370653,0.7542100738754396
III,404,404,Huber,5,True,43.40339944378293,0.5465029894359493
III,404,404,Patch,5,True,23.55269882275605,1.792795322691237
III,404,404,Raw,5,True,49.68579755846465,0.7476912012560634
III,404,404,Trim,5,True,46.91519514864902,0.7106372067207941
III,405,405,Full,5,True,78.50008363662405,3.936834902517377
III,405,405,Global,5,True,43.76113312077607,0.8794849095904153
III,405,405,Huber,5,True,43.80228106440231,0.5209941493955474
III,405,405,Patch,5,True,24.395086004570253,2.032338469369884
III,405,405,Raw,5,True,50.63434668617805,0.947249275998469
III,405,405,Trim,5,True,47.933582895897416,0.8015933595663708
III,406,406,Full,5,True,77.63340585742279,3.974356924602076
III,406,406,Global,5,True,44.00068163659898,0.8663224438255719
III,406,406,Huber,5,True,43.8582046855261,0.5824358734898655
III,406,406,Patch,5,True,23.93150048793529,1.886443388053084
III,406,406,Raw,5,True,49.78389497222503,0.8297436398742513
III,406,406,Trim,5,True,46.55073984485045,0.7224149792445642
III,407,407,Full,5,True,77.46295396995191,3.902164141081482
III,407,407,Global,5,True,45.60083461649775,0.9590606872195068
III,407,407,Huber,5,True,44.38910352020751,0.5523180505164943
III,407,407,Patch,5,True,25.281097927914487,1.9209513797127644
III,407,407,Raw,5,True,53.07442799395871,0.9685186927723332
III,407,407,Trim,5,True,47.54192152506537,0.6959768093024891
III,408,408,Full,5,True,78.04970434983308,3.919555307447928
III,408,408,Global,5,True,44.40321016796802,1.2886135265709573
III,408,408,Huber,5,True,44.31421511011527,0.5898300906649288
III,408,408,Patch,5,True,24.21249708147113,2.197870471399902
III,408,408,Raw,5,True,51.367813706881215,1.3069243133894604
III,408,408,Trim,5,True,47.27570513183479,0.8774831183160906
III,409,409,Full,5,True,75.72506289530888,3.705609379761817
III,409,409,Global,5,True,44.56146446407913,0.9417128728819838
III,409,409,Huber,5,True,44.25567863964937,0.5267604260736813
III,409,409,Patch,5,True,21.942847914630228,1.7919390131605508
III,409,409,Raw,5,True,50.3607036069521,0.9204806013337076
III,409,409,Trim,5,True,47.73069721492013,0.8187089023558994
III,410,410,Full,5,True,75.17027982598518,3.6571298794084313
III,410,410,Global,5,True,45.48407831709668,0.8476057428315729
III,410,410,Huber,5,True,45.03228157906845,0.6929390132054644
III,410,410,Patch,5,True,22.15372883689572,1.5313420361966974
III,410,410,Raw,5,True,52.04806922652868,0.8322734889941106
III,410,410,Trim,5,True,48.38080776899168,0.7979148517441226
III,411,411,Full,5,True,73.21208371703676,3.4961801040094147
III,411,411,Global,5,True,46.33605795922309,0.9252836835401304
III,411,411,Huber,5,True,45.92726851712018,0.6026003449011241
III,411,411,Patch,5,True,19.682017414834064,1.422158833256277
III,411,411,Raw,5,True,51.21822722841152,0.9207452561808944
III,411,411,Trim,5,True,49.07385401988756,0.8415984287265985
III,412,412,Full,5,True,72.74420945554961,3.401299917204466
III,412,412,Global,5,True,47.52411096724783,0.9012470922508068
III,412,412,Huber,5,True,46.88336055403518,0.7054641369070453
III,412,412,Patch,5,True,21.595512556987504,1.4298770938136414
III,412,412,Raw,5,True,53.37018942833457,0.8830008369573865
III,412,412,Trim,5,True,50.1099969603083,0.9201684864342556
III,413,413,Full,5,True,72.26093483586632,3.654546508789031
III,413,413,Global,5,True,47.48410250664625,1.0295323290130138
III,413,413,Huber,5,True,47.39630308185511,0.6259749339421445
III,413,413,Patch,5,True,21.09549272370477,1.5915691121790072
III,413,413,Raw,5,True,52.67141982462847,0.977268983409402
III,413,413,Trim,5,True,50.446684985045096,0.7928497466522569
III,414,414,Full,5,True,71.59868753626718,3.55973560789667
III,414,414,Global,5,True,47.71646468832997,0.9973034053547054
III,414,414,Huber,5,True,46.99648017733035,0.6156078590872152
III,414,414,Patch,5,True,20.66987104902703,1.387155012736047
III,414,414,Raw,5,True,53.83026958402734,0.9857306832627236
III,414,414,Trim,5,True,50.38647130649549,0.8855082795122338
III,415,415,Full,5,True,71.64566346697902,3.6153145008567225
III,415,415,Global,5,True,47.48780626920956,1.1244863894500363
III,415,415,Huber,5,True,47.1986715089316,0.7591525823244895
III,415,415,Patch,5,True,21.992179106184487,1.5419223806672595
III,415,415,Raw,5,True,53.75370253609644,1.1429821824976605
III,415,415,Trim,5,True,50.42982636368578,0.909177248539834
III,416,416,Full,5,True,70.42340483567322,3.4924420030776004
III,416,416,Global,5,True,48.17308122052784,0.9770260517647952
III,416,416,Huber,5,True,47.84225488899345,0.6704855033279201
III,416,416,Patch,5,True,21.02946707834949,1.3943244678115343
III,416,416,Raw,5,True,53.886308855361904,0.926522316342488
III,416,416,Trim,5,True,51.12579244350457,0.928329677985726
III,417,417,Full,5,True,70.86159963311715,3.733648886071233
III,417,417,Global,5,True,48.76428471568258,1.206556031422043
III,417,417,Huber,5,True,47.6639701917293,0.6821867658698986
III,417,417,Patch,5,True,22.126112139007155,1.5642961168772376
III,417,417,Raw,5,True,55.27428222135916,1.1965826738566123
III,417,417,Trim,5,True,51.228525109815806,0.8989479300263582
III,418,418,Full,5,True,71.06508508890315,3.504169762307296
III,418,418,Global,5,True,47.80559589795534,1.0386247377301348
III,418,418,Huber,5,True,46.95347101441714,0.7627106079346907
III,418,418,Patch,5,True,21.68539250391437,1.1810945411456255
III,418,418,Raw,5,True,53.98117708428148,0.9414388292767364
III,418,418,Trim,5,True,50.85666099543654,1.0175744416914736
III,419,419,Full,5,True,70.9587987353221,3.322720502578311
III,419,419,Global,5,True,48.5038563239697,1.137816557804423
III,419,419,Huber,5,True,47.064997494462375,0.6962153164031946
III,419,419,Patch,5,True,22.623923328041435,1.3749716597235857
III,419,419,Raw,5,True,55.34009013048739,1.123133651614662
III,419,419,Trim,5,True,50.24038424072452,0.9396080715819166
III,420,420,Full,5,True,73.812809327458,3.459633192869561
III,420,420,Global,5,True,46.54918256735044,0.9544916090304596
III,420,420,Huber,5,True,45.54052547264906,0.8711043914928708
III,420,420,Patch,5,True,24.24519913343753,1.261800105158103
III,420,420,Raw,5,True,53.4943854875842,0.9500001327114764
III,420,420,Trim,5,True,49.39124690574744,1.0658403053228809
III,421,421,Full,5,True,72.10964613417366,3.3661579267452977
III,421,421,Global,5,True,47.00594737364349,1.1550755455195485
III,421,421,Huber,5,True,45.92880666134235,0.9690850519277944
III,421,421,Patch,5,True,21.47765006200504,0.9325793891767236
III,421,421,Raw,5,True,53.37147948283014,1.1427228135519796
III,421,421,Trim,5,True,49.07004169927241,1.0611416988892544
III,422,422,Full,5,True,71.71854018381201,3.762313786091661
III,422,422,Global,5,True,47.63954317648,1.0838681106744863
III,422,422,Huber,5,True,46.01139592852512,0.6924552152751758
III,422,422,Patch,5,True,24.06605942552479,1.1851936152687474
III,422,422,Raw,5,True,55.158746487567015,1.0786202207936502
III,422,422,Trim,5,True,48.55847851659502,1.0239888291402963
III,423,423,Full,5,True,70.91496316976952,3.425329597711744
III,423,423,Global,5,True,46.977193387452296,1.201646502973159
III,423,423,Huber,5,True,45.931013107233866,0.8834344397991549
III,423,423,Patch,5,True,19.69087250841529,0.8714816523543707
III,423,423,Raw,5,True,53.20541833607926,1.189512923207103
III,423,423,Trim,5,True,48.83153656813224,1.0497478218493106
III,424,424,Full,5,True,71.02124730996937,3.502294553642168
III,424,424,Global,5,True,47.56901775975302,1.1167056717517845
III,424,424,Huber,5,True,45.78779973012112,0.8593469352400407
III,424,424,Patch,5,True,21.807933658994035,0.8954012501349689
III,424,424,Raw,5,True,54.80952445212385,1.108074286848213
III,424,424,Trim,5,True,48.49494122196,1.1486639498500844
III,425,425,Full,5,True,71.45367322220059,3.603367524594281
III,425,425,Global,5,True,46.42677623544237,1.4157751001814438
III,425,425,Huber,5,True,45.37790091020949,0.9467823534379688
III,425,425,Patch,5,True,22.86352706510773,1.22635577787552
III,425,425,Raw,5,True,54.215123430297325,1.4331294425663967
III,425,425,Trim,5,True,47.98886683436375,1.1056464879463186
III,426,426,Full,5,True,71.27595991194387,3.5073989034837094
III,426,426,Global,5,True,46.18269283547884,1.2766296682828675
III,426,426,Huber,5,True,44.333550176156926,0.9303818175116676
III,426,426,Patch,5,True,21.69924874083509,1.0506602630927488
III,426,426,Raw,5,True,53.3265369949306,1.232054559193704
III,426,426,Trim,5,True,47.03906623806304,1.1809728815640863
III,427,427,Full,5,True,69.61490133571372,3.425578486061351
III,427,427,Global,5,True,46.823562718898856,1.1125854681844611
III,427,427,Huber,5,True,45.09179419294407,0.8879120456375742
III,427,427,Patch,5,True,23.99624654184532,1.0727102195082088
III,427,427,Raw,5,True,54.579984942538005,1.0408661780290775
III,427,427,Trim,5,True,47.61096144238509,1.1529579492353623
III,428,428,Full,5,True,69.45763260711875,3.2557768692088778
III,428,428,Global,5,True,47.31459028640452,1.4181288732629538
III,428,428,Huber,5,True,45.22445690502722,1.0300976627067149
III,428,428,Patch,5,True,22.262443713189416,0.9731902287853316
III,428,428,Raw,5,True,54.33368506115728,1.3813734280167267
III,428,428,Trim,5,True,47.84955327039192,1.1845655478945714
III,429,429,Full,5,True,68.89994247186532,3.5631781348642653
III,429,429,Global,5,True,47.31302121086,1.362136573062311
III,429,429,Huber,5,True,44.90362956061728,0.994893395755329
III,429,429,Patch,5,True,23.78000048693507,1.0292556854577242
III,429,429,Raw,5,True,54.6311405045496,1.3324294696001964
III,429,429,Trim,5,True,48.13288845414958,1.3363295900847847
III,430,430,Full,5,True,67.75250793858625,3.251711200132317
III,430,430,Global,5,True,47.28621065170612,1.2630732638458328
III,430,430,Huber,5,True,44.83203522649213,0.9402515582282384
III,430,430,Patch,5,True,24.19807662098956,1.229365744633777
III,430,430,Raw,5,True,54.45920558708039,1.240505455149565
III,430,430,Trim,5,True,47.17697236980625,1.270542488970979
III,431,431,Full,5,True,69.11660492656594,3.218481328718844
III,431,431,Global,5,True,46.70994339173201,1.4491360981263777
III,431,431,Huber,5,True,43.86905420941964,1.0541783250602996
III,431,431,Patch,5,True,25.392737073337884,1.1958266963885351
III,431,431,Raw,5,True,54.32250545585617,1.343916546749925
III,431,431,Trim,5,True,46.42263948588309,1.2387430186168047
III,432,432,Full,5,True,69.35127967038807,3.4530043726962445
III,432,432,Global,5,True,46.9573622102326,1.4583653470853717
III,432,432,Huber,5,True,44.38783701666067,1.075575142469592
III,432,432,Patch,5,True,25.213029119932088,1.2414595014468448
III,432,432,Raw,5,True,55.07486628564477,1.4391364524953585
III,432,432,Trim,5,True,46.77656759539555,1.3046426717789428
III,433,433,Full,5,True,68.56648048035953,3.128237657821684
III,433,433,Global,5,True,45.86313216106665,1.7117929033035186
III,433,433,Huber,5,True,43.322556618950536,1.1648656003170144
III,433,433,Patch,5,True,24.685917984061568,1.3386205376077174
III,433,433,Raw,5,True,52.91641111038632,1.7111438707692044
III,433,433,Trim,5,True,45.12602230697394,1.341344325909018
III,434,434,Full,5,True,69.20751962160892,3.383318221764676
III,434,434,Global,5,True,45.3122058542106,1.3594860971210418
III,434,434,Huber,5,True,42.6126315057588,0.9149090543887471
III,434,434,Patch,5,True,26.87868701424372,1.2445356339499944
III,434,434,Raw,5,True,52.593752453675705,1.3622408671112711
III,434,434,Trim,5,True,44.57022098898083,1.2208615430542575
III,435,435,Full,5,True,66.96217385879919,2.8417098616525243
III,435,435,Global,5,True,44.945007526695626,1.7907397345183491
III,435,435,Huber,5,True,42.67258527876764,1.1076025636533533
III,435,435,Patch,5,True,27.239382836959862,1.322090489570475
III,435,435,Raw,5,True,51.20921378301875,1.77142033385268
III,435,435,Trim,5,True,44.58518452272391,1.3038975275623637
III,436,436,Full,5,True,67.02855029780295,3.185966918123073
III,436,436,Global,5,True,43.090653133104425,1.1061180715348142
III,436,436,Huber,5,True,41.727001093813,1.0232167519928057
III,436,436,Patch,5,True,26.400216828119863,1.0531995231624176
III,436,436,Raw,5,True,49.1401799704758,1.113351166905202
III,436,436,Trim,5,True,44.20134629531026,1.2135713708712337
III,437,437,Full,5,True,67.90331771072566,2.968764167340713
III,437,437,Global,5,True,42.41072235216348,1.2729012975116267
III,437,437,Huber,5,True,40.47711888645702,1.0143126214149645
III,437,437,Patch,5,True,23.886267929915203,1.0565736771245118
III,437,437,Raw,5,True,47.387479203856834,1.2737132944220924
III,437,437,Trim,5,True,43.41550754284318,1.163223205967775
III,438,438,Full,5,True,67.62465451286631,3.090066826020017
III,438,438,Global,5,True,42.02861044797527,1.54814989920051
III,438,438,Huber,5,True,40.84963556944198,0.9756474990019935
III,438,438,Patch,5,True,22.61019479146613,1.133575468394656
III,438,438,Raw,5,True,46.5539882416356,1.5586168571961698
III,438,438,Trim,5,True,43.54417206128314,1.2092008189396397
III,439,439,Full,5,True,67.19239607135287,3.182312925343912
III,439,439,Global,5,True,42.02983972504976,1.3097797531427624
III,439,439,Huber,5,True,40.25338941488012,0.9928002341673708
III,439,439,Patch,5,True,22.867845329688706,0.8234029887792178
III,439,439,Raw,5,True,46.30681165505741,1.2982336852206062
III,439,439,Trim,5,True,43.632590252148326,1.1208611647178084
III,440,440,Full,5,True,66.28623245316435,3.2716100414457587
III,440,440,Global,5,True,41.10618748455765,1.0679948448558447
III,440,440,Huber,5,True,39.92627361282244,0.9632138071397864
III,440,440,Patch,5,True,22.04451202777953,0.8057231898949223
III,440,440,Raw,5,True,44.382478725424406,1.0756573399095015
III,440,440,Trim,5,True,43.33157217722947,1.17058478195264
III,441,441,Full,5,True,65.05364631651959,3.234418864445812
III,441,441,Global,5,True,41.08732396059904,1.1560286396721295
III,441,441,Huber,5,True,39.736646607740425,1.0103181791264555
III,441,441,Patch,5,True,21.19959946627345,0.8642991288762367
III,441,441,Raw,5,True,43.993810914212425,1.1583165919981218
III,441,441,Trim,5,True,42.45539059956095,1.1011942867230706
III,442,442,Full,5,True,64.53619373645338,2.774832702871052
III,442,442,Global,5,True,40.58298578982256,1.151393977223849
III,442,442,Huber,5,True,38.26610242110635,1.19806923304429
III,442,442,Patch,5,True,24.03150625210276,0.7628725710207229
III,442,442,Raw,5,True,43.43487057439929,1.1443033204029864
III,442,442,Trim,5,True,41.66960043795777,1.177488111057992
III,443,443,Full,5,True,64.29654599825903,3.0468277625457145
III,443,443,Global,5,True,40.32655950916225,1.1443094379196852
III,443,443,Huber,5,True,38.65435422416631,0.9612557650267434
III,443,443,Patch,5,True,24.42811082087416,1.1046373887672598
III,443,443,Raw,5,True,41.84799052042438,1.143012760435181
III,443,443,Trim,5,True,41.55426730069966,1.107472402454309
III,444,444,Full,5,True,62.3275035008427,3.1502525117595246
III,444,444,Global,5,True,42.68957062672169,1.3058053394712996
III,444,444,Huber,5,True,39.55804206618752,0.8691420545654923
III,444,444,Patch,5,True,24.01659385513254,1.1156735215016045
III,444,444,Raw,5,True,43.08649042501265,1.3011985345984054
III,444,444,Trim,5,True,42.01279602869967,0.9951132849435798
III,445,445,Full,5,True,64.13021457427234,3.038953407076379
III,445,445,Global,5,True,39.66528536682939,1.1013992457525863
III,445,445,Huber,5,True,38.492866257404806,0.9389306335106689
III,445,445,Patch,5,True,24.51462300730432,0.896474542685146
III,445,445,Raw,5,True,41.06736204747513,1.102113662050279
III,445,445,Trim,5,True,40.80756038322365,1.0102022110431774
III,446,446,Full,5,True,65.14466177847407,3.0142898187069207
III,446,446,Global,5,True,39.81394220347276,1.1936762626273154
III,446,446,Huber,5,True,37.63758515762205,0.9976726176308542
III,446,446,Patch,5,True,25.734283455212875,1.123758053232054
III,446,446,Raw,5,True,41.8203907472528,1.1930796905500594
III,446,446,Trim,5,True,41.33076406880441,1.1227682308841238
III,447,447,Full,5,True,66.46919738861561,2.9329299934179263
III,447,447,Global,5,True,38.07512256832959,1.2268607950035877
III,447,447,Huber,5,True,36.99566781542999,0.88279317948769
III,447,447,Patch,5,True,27.63077699241441,1.203952775385339
III,447,447,Raw,5,True,41.21293764833442,1.2265429781441612
III,447,447,Trim,5,True,39.94990634573787,1.0903671250078355
III,448,448,Full,5,True,67.26857375253655,2.999884687412176
III,448,448,Global,5,True,37.9626408612133,1.0960727171928724
III,448,448,Huber,5,True,36.70039857554109,0.7942850103135938
III,448,448,Patch,5,True,27.665878710610507,1.1002156566543473
III,448,448,Raw,5,True,40.77190334958695,1.1007026771570794
III,448,448,Trim,5,True,39.51055207518023,0.9075036542842068
III,449,449,Full,5,True,65.80086426756611,2.91461914352261
III,449,449,Global,5,True,39.58929615936182,1.3119800091746374
III,449,449,Huber,5,True,38.90227608589894,0.8833155405977157
III,449,449,Patch,5,True,28.35044447581144,1.2983094239501864
III,449,449,Raw,5,True,41.72537875611388,1.3115713017124162
III,449,449,Trim,5,True,41.54655338891769,1.0049625837319356
III,450,450,Full,5,True,66.50119812076869,2.817804128602057
III,450,450,Global,5,True,40.33621331222281,1.104276242599226
III,450,450,Huber,5,True,38.79020598176195,0.8720690044930686
III,450,450,Patch,5,True,29.776816105712623,1.2126464728719055
III,450,450,Raw,5,True,42.160759388114,1.1145000273759738
III,450,450,Trim,5,True,41.15677755447424,0.9937326261547822
III,451,451,Full,5,True,69.56932766975225,2.761348136065464
III,451,451,Global,5,True,40.20970544354882,1.107381700010324
III,451,451,Huber,5,True,38.92178848221221,0.769248454723526
III,451,451,Patch,5,True,29.824053886781265,1.1868647184937084
III,451,451,Raw,5,True,42.72518995218012,1.103829269111963
III,451,451,Trim,5,True,41.69530015678152,0.9020691646995896
III,452,452,Full,5,True,65.42996285521065,2.4465809935147087
III,452,452,Global,5,True,42.00057737838519,1.3067172846023738
III,452,452,Huber,5,True,39.78511433638649,0.8403009615983642
III,452,452,Patch,5,True,32.03645068364574,1.4351726743524755
III,452,452,Raw,5,True,44.28446499730048,1.2911380479262198
III,452,452,Trim,5,True,42.54185419180836,1.0047519991512317
III,453,453,Full,5,True,70.19569323353507,2.786544732673761
III,453,453,Global,5,True,40.262457426451846,1.1879072123089591
III,453,453,Huber,5,True,39.42798330151452,0.7490595330742305
III,453,453,Patch,5,True,30.97075142410793,1.375264032700747
III,453,453,Raw,5,True,42.75137260849045,1.1890551722021994
III,453,453,Trim,5,True,42.83380364390806,1.0508020953902952
III,454,454,Full,6,True,70.75043359340152,3.0143150675774844
III,454,454,Global,6,True,40.55463437183919,1.1564456133001892
III,454,454,Huber,6,True,40.0691629496316,0.7846928957032193
III,454,454,Patch,6,True,30.03904908840472,0.9137598645449698
III,454,454,Raw,6,True,44.02421890679462,1.1511889237858424
III,454,454,Trim,6,True,42.82700005803791,0.9407035004150096
III,455,455,Full,6,True,72.52099007388072,2.973625185685226
III,455,455,Global,6,True,41.28569090595068,1.3985901270395664
III,455,455,Huber,6,True,40.01605033527657,0.893662337902752
III,455,455,Patch,6,True,31.08417997293822,1.171252195568808
III,455,455,Raw,6,True,44.4262135900292,1.4004953636909572
III,455,455,Trim,6,True,42.48038364390708,1.0412782758625143
III,456,456,Full,6,True,73.28221880488552,2.699148508629261
III,456,456,Global,6,True,42.69906583499007,1.1873357452818596
III,456,456,Huber,6,True,41.28727820224275,0.9038623346268704
III,456,456,Patch,6,True,31.79104128933611,1.092934285099762
III,456,456,Raw,6,True,45.22170590281653,1.1885889188063157
III,456,456,Trim,6,True,43.794751625293785,1.0595386966652105
III,457,457,Full,6,True,71.89043978159337,2.695644553966872
III,457,457,Global,6,True,43.356373255991045,1.1150733480068378
III,457,457,Huber,6,True,41.78749451240924,0.8749431438952768
III,457,457,Patch,6,True,29.68208675510612,0.6904158556058572
III,457,457,Raw,6,True,45.41678611007341,1.1131375482774355
III,457,457,Trim,6,True,43.84915971374039,1.0813420922514732
III,458,458,Full,6,True,73.26269813877059,2.8234722779929697
III,458,458,Global,6,True,43.50978167135146,1.3085430907615716
III,458,458,Huber,6,True,41.94199195556401,0.9122164332830432
III,458,458,Patch,6,True,30.306741719202385,1.1552488469289417
III,458,458,Raw,6,True,45.78245077458617,1.2961824423860075
III,458,458,Trim,6,True,44.33332026837122,1.1689204622478615
III,459,459,Full,6,True,74.08952013057869,2.764888504324304
III,459,459,Global,6,True,43.27874884349806,1.2399693907474694
III,459,459,Huber,6,True,41.79485990479146,0.9037892885255576
III,459,459,Patch,6,True,30.005978726401903,1.1224983985664978
III,459,459,Raw,6,True,45.68602849577998,1.2355775057112035
III,459,459,Trim,6,True,44.25367729635608,1.1605890187506478
III,460,460,Full,6,True,74.1590608097748,2.764654699950343
III,460,460,Global,6,True,43.49489642043274,1.2371194694616496
III,460,460,Huber,6,True,41.25727993545153,0.8420279752798069
III,460,460,Patch,6,True,30.41862074247959,0.9741698997059356
III,460,460,Raw,6,True,45.48322810454073,1.2300568891648926
III,460,460,Trim,6,True,43.66133251397307,1.0632724212708244
III,461,461,Full,6,True,73.09814271620884,2.706339958813885
III,461,461,Global,6,True,44.43870143035925,1.1468632690756286
III,461,461,Huber,6,True,41.73870108631543,0.9199111697962784
III,461,461,Patch,6,True,28.2337663419949,0.845716527795443
III,461,461,Raw,6,True,45.29557514374652,1.1478714198230755
III,461,461,Trim,6,True,43.84034933638079,1.102309146872406
III,462,462,Full,6,True,75.10705711079629,2.562829750066524
III,462,462,Global,6,True,43.505127367537646,1.2777884957941
III,462,462,Huber,6,True,41.39279213572649,0.9132178275188798
III,462,462,Patch,6,True,28.575679261622504,1.0320367933687484
III,462,462,Raw,6,True,45.71999161818638,1.2747676389297489
III,462,462,Trim,6,True,43.52329387260938,1.1158681083046096
III,463,463,Full,6,True,74.8445293182776,2.84286701877497
III,463,463,Global,6,True,44.03940463675443,1.1943807985744697
III,463,463,Huber,6,True,41.531981127817645,0.8808744237336231
III,463,463,Patch,6,True,29.44165560171253,0.9807042377008036
III,463,463,Raw,6,True,46.45800387447333,1.1794398831812734
III,463,463,Trim,6,True,43.70258859918613,1.054498289850597
III,464,464,Full,6,True,74.09558817001272,3.1369346791400106
III,464,464,Global,6,True,44.73708647444827,1.2079494658716223
III,464,464,Huber,6,True,40.49456536345967,0.8766440553453619
III,464,464,Patch,6,True,32.21411128083226,0.7800370924086255
III,464,464,Raw,6,True,47.857744095012166,1.1934083392316954
III,464,464,Trim,6,True,41.90005648910276,0.9431326780626668
III,465,465,Full,6,True,70.32426166320045,3.4203906257384262
III,465,465,Global,6,True,45.723900485145855,0.9935843226641882
III,465,465,Huber,6,True,39.43198776737864,0.7755367208085626
III,465,465,Patch,6,True,33.72181901521552,0.8278454939072253
III,465,465,Raw,6,True,49.41015787571133,1.0084619085746804
III,465,465,Trim,6,True,40.70305467733465,0.8694951322095917
III,466,466,Full,6,True,71.4208635324143,3.3246640807821377
III,466,466,Global,6,True,47.2148281153943,0.9831099738318806
III,466,466,Huber,6,True,39.40968296100567,0.7888831425404325
III,466,466,Patch,6,True,38.31478274896145,0.9269908164415004
III,466,466,Raw,6,True,50.4999861019639,0.982629913650846
III,466,466,Trim,6,True,39.89105664587037,0.9314689053002738
III,467,467,Full,6,True,71.17011173765395,3.4738180090462345
III,467,467,Global,6,True,48.5571581070548,1.086285716645855
III,467,467,Huber,6,True,39.237896611271694,0.947894768157686
III,467,467,Patch,6,True,40.19558531687071,0.945515461269868
III,467,467,Raw,6,True,51.442455213141926,1.0939136255728168
III,467,467,Trim,6,True,39.09192407497464,0.9971791374521176
III,468,468,Full,6,True,71.5167545235826,3.412900895818991
III,468,468,Global,6,True,48.72396143058889,1.0509282058743756
III,468,468,Huber,6,True,38.30214030573953,0.881988379311236
III,468,468,Patch,6,True,41.43626453670853,0.9788951812494612
III,468,468,Raw,6,True,52.0583683117619,1.0658567249913296
III,468,468,Trim,6,True,38.09789538040754,0.9938913035095436
III,469,469,Full,6,True,67.42953663424666,3.660332531453432
III,469,469,Global,6,True,50.45741215484357,1.0156484655325564
III,469,469,Huber,6,True,37.96533481073884,0.9000716773486694
III,469,469,Patch,6,True,45.84657595491471,1.022506384547069
III,469,469,Raw,6,True,53.47394158258776,1.030377705909943
III,469,469,Trim,6,True,37.25529670650301,1.0122107112788183
III,470,470,Full,6,True,70.59694305465482,3.5426390266083247
III,470,470,Global,6,True,48.51261706734326,1.1508345617179636
III,470,470,Huber,6,True,37.12750978092605,0.8444481857578348
III,470,470,Patch,6,True,41.81851143681027,1.2117934364268064
III,470,470,Raw,6,True,51.48419187675644,1.1477901344577963
III,470,470,Trim,6,True,36.35282743151635,0.8822427725518681
III,471,471,Full,6,True,73.7861213741107,3.2017234681665108
III,471,471,Global,6,True,46.31533617131945,1.197915402849654
III,471,471,Huber,6,True,36.39856022624348,0.8779915205421265
III,471,471,Patch,6,True,42.38848320418245,1.113166335687365
III,471,471,Raw,6,True,49.42327815027231,1.197261417242649
III,471,471,Trim,6,True,35.63358821317262,0.8544519733538172
III,472,472,Full,6,True,75.36302757562788,3.1798183810130096
III,472,472,Global,6,True,44.92331846345323,1.1642033018063296
III,472,472,Huber,6,True,35.67436494287296,0.8839437487507162
III,472,472,Patch,6,True,42.06650454789701,1.000413793030506
III,472,472,Raw,6,True,48.40052437078141,1.184813816932714
III,472,472,Trim,6,True,34.88726130298266,0.9113505774462416
III,473,473,Full,6,True,80.42243565289279,2.726321319499588
III,473,473,Global,6,True,44.00461429915315,1.0047491155531998
III,473,473,Huber,6,True,35.549866710728075,0.8570956333268612
III,473,473,Patch,6,True,42.27757630001332,0.8455818541522223
III,473,473,Raw,6,True,48.01035483067924,1.0219137957151534
III,473,473,Trim,6,True,34.97470982418428,0.8912632596570967
III,474,474,Full,6,True,80.72925811785593,2.5868137474692467
III,474,474,Global,6,True,44.39414649555295,1.1872435466915745
III,474,474,Huber,6,True,36.31221460710228,0.826174172736574
III,474,474,Patch,6,True,44.26200224182355,1.030722753293472
III,474,474,Raw,6,True,49.69294778002509,1.1936596409901583
III,474,474,Trim,6,True,35.80270331014674,0.8078426294243568
III,475,475,Full,6,True,81.16163017834882,2.311875908559837
III,475,475,Global,6,True,44.93331651695152,1.0533825612840089
III,475,475,Huber,6,True,36.95918948322408,0.8864372962320687
III,475,475,Patch,6,True,44.13070947818082,1.0326470027716104
III,475,475,Raw,6,True,50.80967986887653,1.067725221144992
III,475,475,Trim,6,True,36.03803251457114,0.9895810854572288
III,476,476,Full,6,True,84.23499553319287,2.1662335453780583
III,476,476,Global,6,True,44.82100357930522,1.5750265232331206
III,476,476,Huber,6,True,36.436752596992974,0.7892814911505387
III,476,476,Patch,6,True,46.33052529094693,0.9817110803596522
III,476,476,Raw,6,True,54.580032031342256,1.5491676040446172
III,476,476,Trim,6,True,34.94667414982856,0.8026186330494138
III,477,477,Full,6,True,86.78570350256096,2.013532904344632
III,477,477,Global,6,True,46.40410475339146,1.663323262334034
III,477,477,Huber,6,True,36.084001766028976,0.9035565789174644
III,477,477,Patch,6,True,47.97577544883089,0.8644985641372439
III,477,477,Raw,6,True,58.2954062883337,1.661194501642393
III,477,477,Trim,6,True,33.841623682366674,0.8382994639902978
III,478,478,Full,6,True,90.67119644572264,2.0662654392655244
III,478,478,Global,6,True,45.21494054813297,1.4867564706413965
III,478,478,Huber,6,True,36.58372010151558,0.7354294175921487
III,478,478,Patch,6,True,49.37136776197893,0.6845984435573841
III,478,478,Raw,6,True,57.64890638382924,1.476637856108642
III,478,478,Trim,6,True,33.30728639356247,0.8425976318798206
III,479,479,Full,6,True,91.32586177720148,2.2801947094070965
III,479,479,Global,6,True,45.347256952467085,1.3851575472177429
III,479,479,Huber,6,True,36.54199201336395,0.8624862295616053
III,479,479,Patch,6,True,49.71918766457193,0.8928368575265622
III,479,479,Raw,6,True,57.87017520754311,1.384434971603427
III,479,479,Trim,6,True,32.26537768299608,0.8880919304163776
III,480,480,Full,6,True,92.566354963875,1.8545800173817468
III,480,480,Global,6,True,45.245415198530445,1.6423310797481423
III,480,480,Huber,6,True,36.10593998846149,0.9426183289679598
III,480,480,Patch,6,True,50.88153281996462,0.7497581874704685
III,480,480,Raw,6,True,58.32477438716192,1.620415252315426
III,480,480,Trim,6,True,31.48472824085078,0.9035585917630434
III,481,481,Full,6,True,92.2357079418032,1.6929792226671758
III,481,481,Global,6,True,46.44569615617162,1.6078406684101492
III,481,481,Huber,6,True,36.3078583331578,0.9192228822992592
III,481,481,Patch,6,True,52.849658866104456,0.9137313879355304
III,481,481,Raw,6,True,60.04746180388671,1.6042311155348836
III,481,481,Trim,6,True,30.77150211925502,0.9038914007471628
III,482,482,Full,6,True,93.41947754182937,1.1750597096506374
III,482,482,Global,6,True,50.95745461620105,1.4170359532667784
III,482,482,Huber,6,True,36.86550946500483,0.8931844322344151
III,482,482,Patch,6,True,56.783146532050615,1.0613300176757687
III,482,482,Raw,6,True,65.94932843991322,1.409392819375794
III,482,482,Trim,6,True,30.650227989054,0.9271275221275342
III,483,483,Full,6,True,93.22221322603708,1.4932099731302904
III,483,483,Global,6,True,49.38762639841686,1.889988541832704
III,483,483,Huber,6,True,37.04066746274072,0.926809599351858
III,483,483,Patch,6,True,55.725878022666045,0.9419914777551236
III,483,483,Raw,6,True,63.93067044013053,1.9201812036961028
III,483,483,Trim,6,True,29.665015104524173,0.9891234960252804
III,484,484,Full,6,True,97.43297245344964,0.9811244187615678
III,484,484,Global,6,True,52.43632717056356,1.7468040939503382
III,484,484,Huber,6,True,36.7954656284608,0.9083162606946392
III,484,484,Patch,6,True,61.4597908372228,1.084323969272356
III,484,484,Raw,6,True,68.18653113038648,1.7375153033273971
III,484,484,Trim,6,True,29.321967698939392,0.9536345799821956
III,485,485,Full,6,True,94.84330321445476,1.0404562673194728
III,485,485,Global,6,True,50.088265711789056,1.961558429906621
III,485,485,Huber,6,True,36.73485386051546,0.9459715121650788
III,485,485,Patch,6,True,57.06852175849277,1.0704807749368923
III,485,485,Raw,6,True,65.01019135782359,1.9555473840117488
III,485,485,Trim,6,True,29.694517781060068,0.957415558760872
III,486,486,Full,6,True,95.42607342334966,1.1050510552237671
III,486,486,Global,6,True,49.91003304266318,2.0933402439447324
III,486,486,Huber,6,True,36.409416318798,0.9339209560118694
III,486,486,Patch,6,True,57.83836607604108,0.912561739173517
III,486,486,Raw,6,True,64.48159719921426,2.0878730501120404
III,486,486,Trim,6,True,28.985449990351253,0.9398287339345116
III,487,487,Full,6,True,92.00439082242866,0.7982556465887993
III,487,487,Global,6,True,52.77856298453047,1.7769082591853151
III,487,487,Huber,6,True,35.36554880403763,0.893148655429032
III,487,487,Patch,6,True,58.43295944725102,1.2717874935805604
III,487,487,Raw,6,True,67.18626682012436,1.7737282992874552
III,487,487,Trim,6,True,29.34337637015406,0.9866441012927348
III,488,488,Full,6,True,89.58988449883428,1.0897086186085685
III,488,488,Global,6,True,50.73920866146597,1.8035033067327304
III,488,488,Huber,6,True,34.483420843640275,1.0270789338980693
III,488,488,Patch,6,True,56.258155297760766,1.5628485487875687
III,488,488,Raw,6,True,64.74902953125765,1.800024280794582
III,488,488,Trim,6,True,29.25323529382532,0.9847469746620624
III,489,489,Full,6,True,90.65700012252326,1.2794674876546115
III,489,489,Global,6,True,47.35881876728247,1.89985707757118
III,489,489,Huber,6,True,35.51902133371182,1.055070826612828
III,489,489,Patch,6,True,53.72401894789833,1.6651441931142357
III,489,489,Raw,6,True,60.85272749423524,1.8985432878919817
III,489,489,Trim,6,True,29.877877086371072,0.981141524387826
III,490,490,Full,6,True,88.48722359468935,1.2028486149395026
III,490,490,Global,6,True,48.24893097825549,1.9369885835443503
III,490,490,Huber,6,True,34.01260467897493,1.0313314019508442
III,490,490,Patch,6,True,53.2963004961131,1.6841333454436973
III,490,490,Raw,6,True,61.4712949757968,1.9379937498465607
III,490,490,Trim,6,True,28.883767176426467,0.9818790717319182
III,491,491,Full,6,True,88.33202261173535,1.3596796340667026
III,491,491,Global,6,True,50.6809920406763,1.8108051946982184
III,491,491,Huber,6,True,34.30694279421342,1.0204200528402567
III,491,491,Patch,6,True,53.32736547608663,1.5960502226188606
III,491,491,Raw,6,True,63.43758518107157,1.8044277702007845
III,491,491,Trim,6,True,29.2112653519528,1.0189704377771465
III,492,492,Full,6,True,87.59797318549873,1.2811449872119345
III,492,492,Global,6,True,48.30993098092375,1.78894173922418
III,492,492,Huber,6,True,35.43970352301192,1.0671060601082636
III,492,492,Patch,6,True,48.98142379524929,1.6401697709508634
III,492,492,Raw,6,True,60.90056427969402,1.7525284642484886
III,492,492,Trim,6,True,30.50995959230305,1.0493387974531232
III,493,493,Full,6,True,89.06977573402852,2.953944193055539
III,493,493,Global,6,True,55.19246461172726,2.0005165564762177
III,493,493,Huber,6,True,35.469065501618104,1.0098244341865528
III,493,493,Patch,6,True,56.75116184650224,2.6229258408808582
III,493,493,Raw,6,True,68.54289627266832,1.989489281195515
III,493,493,Trim,6,True,30.332861905309205,1.0727016211985978
III,494,494,Full,6,True,96.8171639777234,5.74984499201482
III,494,494,Global,6,True,69.26511080589141,3.830646056061594
III,494,494,Huber,6,True,35.08432868623777,1.0254020174463507
III,494,494,Patch,6,True,73.2395975525064,4.51605007362971
III,494,494,Raw,6,True,84.9738008206643,3.891095031896363
III,494,494,Trim,6,True,29.291036458666493,1.0379908879353617
III,495,495,Full,6,True,108.45014026458084,8.006005073946504
III,495,495,Global,6,True,94.6651606614052,7.215015412436765
III,495,495,Huber,6,True,36.64513509923071,1.0978931409741275
III,495,495,Patch,6,True,100.44190703501484,8.475712634159308
III,495,495,Raw,6,True,112.17994546131658,7.215048211097669
III,495,495,Trim,6,True,29.78483355897237,1.1459882147768392
III,496,496,Full,6,True,123.65521894266298,10.008911333037616
III,496,496,Global,6,True,122.92680255462342,10.625349704826794
III,496,496,Huber,6,True,36.62126944943852,1.0167304775836887
III,496,496,Patch,6,True,126.63248438047242,11.196339618321025
III,496,496,Raw,6,True,141.05352160293984,10.628453287548911
III,496,496,Trim,6,True,30.57870394920001,1.0041389064561814
III,497,497,Full,6,True,126.60062212506698,10.529432483930508
III,497,497,Global,6,True,127.74038482079904,11.222797499700558
III,497,497,Huber,6,True,37.13686780346197,1.1070529362292665
III,497,497,Patch,6,True,133.06142613863213,11.60556075373831
III,497,497,Raw,6,True,145.92320993915854,11.224065883879527
III,497,497,Trim,6,True,31.10021881553592,1.060316068316586
III,498,498,Full,6,True,138.4736792320716,11.377272211177806
III,498,498,Global,6,True,140.73418646024342,12.07731535777826
III,498,498,Huber,6,True,37.8097776588329,1.0528397665729017
III,498,498,Patch,6,True,148.9395686780108,12.286627174355528
III,498,498,Raw,6,True,159.24525042531366,12.07900481684609
III,498,498,Trim,6,True,31.695867467792542,1.0336691525594273
III,499,499,Full,6,True,98.94213300618384,5.976269713751484
III,499,499,Global,6,True,70.78573083197395,3.2549836226151947
III,499,499,Huber,6,True,38.496132625081664,1.116564014270722
III,499,499,Patch,6,True,71.2054827628086,4.207593303808989
III,499,499,Raw,6,True,86.32827941313586,3.25621816698682
III,499,499,Trim,6,True,31.595946510004165,1.0516554409419347
III,500,500,Full,6,True,88.07539539990482,2.971776248491462
III,500,500,Global,6,True,61.00373153642519,2.140078504754003
III,500,500,Huber,6,True,36.31793119380248,1.0469504575392192
III,500,500,Patch,6,True,55.73324694158839,2.133098184997157
III,500,500,Raw,6,True,74.29782359204484,2.0966333114771443
III,500,500,Trim,6,True,31.176419333274566,1.0269836571865023
III,501,501,Full,6,True,83.29024000552744,1.6115680411624147
III,501,501,Global,6,True,64.73348196767664,2.5124259656444234
III,501,501,Huber,6,True,39.17483085551737,1.1054335229185182
III,501,501,Patch,6,True,56.75100436349786,1.7089377648931636
III,501,501,Raw,6,True,77.89390724783627,2.5137704387647006
III,501,501,Trim,6,True,34.498494037639134,1.086561872122841
III,502,502,Full,6,True,88.75462500040979,1.9848072313973923
III,502,502,Global,6,True,74.52424433030377,2.9178968501637472
III,502,502,Huber,6,True,40.28783885061206,1.0461621600779465
III,502,502,Patch,6,True,61.96121447110761,1.8358531187416247
III,502,502,Raw,6,True,86.59835905184538,2.917405158903025
III,502,502,Trim,6,True,35.10922262993097,0.9800551228008172
III,503,503,Full,6,True,85.4433813756893,1.4723012075733914
III,503,503,Global,6,True,74.83032958411441,2.8039812105304924
III,503,503,Huber,6,True,39.44175336583098,1.0055132791068653
III,503,503,Patch,6,True,58.77651819517198,1.5528298247281764
III,503,503,Raw,6,True,86.92564293805763,2.806457620721786
III,503,503,Trim,6,True,35.29897579251658,1.073417951981036
III,504,504,Full,7,True,81.45920970201887,1.889197290031682
III,504,504,Global,7,True,79.03892284253789,3.0758966191929566
III,504,504,Huber,7,True,38.27818752100815,1.050800453578295
III,504,504,Patch,7,True,58.65803652816296,1.93458109848104
III,504,504,Raw,7,True,89.362476452929,3.078042753144562
III,504,504,Trim,7,True,34.145242524377515,1.0465953521551852
III,505,505,Full,7,True,78.05845146298395,1.607930416083153
III,505,505,Global,7,True,84.97523726561396,3.162927209675866
III,505,505,Huber,7,True,37.72771446459669,1.017472954464672
III,505,505,Patch,7,True,57.52350573410531,1.92324918016252
III,505,505,Raw,7,True,94.54333758414091,3.167520433466372
III,505,505,Trim,7,True,34.79941436926104,1.0427491089200696
III,506,506,Full,7,True,78.67894498360675,1.497862808730875
III,506,506,Global,7,True,87.96166437747726,3.2612432657293726
III,506,506,Huber,7,True,37.21204610153736,1.1823025393323658
III,506,506,Patch,7,True,56.2086230554931,1.7863397386279476
III,506,506,Raw,7,True,97.26287359861288,3.257714721231708
III,506,506,Trim,7,True,34.698010121744,1.2352617830158867
III,507,507,Full,7,True,76.4584627498984,1.7639904408958045
III,507,507,Global,7,True,95.87717070624528,3.76796923206279
III,507,507,Huber,7,True,39.35311645246176,1.0006299063075954
III,507,507,Patch,7,True,58.51130155117774,1.9306081133396744
III,507,507,Raw,7,True,104.09735902795856,3.7664386984110063
III,507,507,Trim,7,True,35.720427407530934,1.091666490143124
III,508,508,Full,7,True,73.93716394778494,1.449903634786583
III,508,508,Global,7,True,91.9510627056294,3.431989788950492
III,508,508,Huber,7,True,38.50269432703876,1.0893152328255682
III,508,508,Patch,7,True,57.238556550306825,1.612385631314885
III,508,508,Raw,7,True,100.27238970344764,3.4307723671531134
III,508,508,Trim,7,True,34.83123663997402,1.088577977165203
III,509,509,Full,7,True,71.34599341061039,1.9839236930201831
III,509,509,Global,7,True,92.81881908003248,3.495084151536968
III,509,509,Huber,7,True,37.37358837618078,1.1865953234183588
III,509,509,Patch,7,True,55.675527753581534,1.7810534969607872
III,509,509,Raw,7,True,100.54543041566708,3.499694821921651
III,509,509,Trim,7,True,33.83118573440011,1.0858212238405998
III,510,510,Full,7,True,75.23122030854455,1.4412209909079363
III,510,510,Global,7,True,92.1338319080566,3.149576722862587
III,510,510,Huber,7,True,38.22490109171147,1.0101670210402176
III,510,510,Patch,7,True,56.81980271448675,1.32610972982415
III,510,510,Raw,7,True,100.60352184974192,3.14856922772797
III,510,510,Trim,7,True,34.82438860204324,0.9800795663795948
III,511,511,Full,7,True,74.34653192275948,1.3207992257258276
III,511,511,Global,7,True,92.49380716111776,2.9497222429451813
III,511,511,Huber,7,True,38.94119383901586,1.0383992199828784
III,511,511,Patch,7,True,56.02073204277775,1.0173727355217246
III,511,511,Raw,7,True,100.70479449970571,2.9502986338324004
III,511,511,Trim,7,True,33.95577250106784,1.0707422242050924
III,512,512,Full,7,True,123.1001671091548,9.400627998846124
III,512,512,Global,7,True,88.74056810969579,1.1466471076322688
III,512,512,Huber,7,True,38.18457630159224,0.9902514443217736
III,512,512,Patch,7,True,63.19295038549264,1.343008772974058
III,512,512,Raw,7,True,100.00827714493838,1.1528238276218388
III,512,512,Trim,7,True,33.71780830059332,0.9466210431301988
III,513,513,Full,7,True,91.19749356419526,4.192018802383809
III,513,513,Global,7,True,93.31131312946506,2.2529452677901487
III,513,513,Huber,7,True,38.61673213671624,0.8004373858201237
III,513,513,Patch,7,True,59.0074828759894,0.639581441537724
III,513,513,Raw,7,True,102.2142946275663,2.2529931924580167
III,513,513,Trim,7,True,33.48922765143912,0.726735245640076
III,514,514,Full,7,True,106.3793647266687,6.825126965839592
III,514,514,Global,7,True,88.51653850358171,1.7719695945755491
III,514,514,Huber,7,True,36.98084802831928,0.9591080320098392
III,514,514,Patch,7,True,55.61179655410336,1.1958083116907303
III,514,514,Raw,7,True,98.18695445031086,1.771637037825618
III,514,514,Trim,7,True,32.78887892885919,1.0214573498941144
III,515,515,Full,7,True,86.40555372737927,4.193267567335074
III,515,515,Global,7,True,87.37459251884378,1.994123187837784
III,515,515,Huber,7,True,37.26261915500876,0.8166127016744131
III,515,515,Patch,7,True,49.91459321114887,0.7220373197995387
III,515,515,Raw,7,True,96.08632796498054,1.992606310507094
III,515,515,Trim,7,True,31.37023896884937,0.8010123206351425
III,516,516,Full,7,True,81.6197943925088,3.484716346183988
III,516,516,Global,7,True,86.5280768665139,1.918526050320453
III,516,516,Huber,7,True,36.07219818315664,0.7411866691925095
III,516,516,Patch,7,True,46.782377507645066,0.6689283922444145
III,516,516,Raw,7,True,95.1052584901714,1.9187700307672384
III,516,516,Trim,7,True,30.24249992980668,0.8530898757654164
III,517,517,Full,7,True,124.79154305870946,10.696996853373154
III,517,517,Global,7,True,84.24763642211546,1.0256530726487014
III,517,517,Huber,7,True,36.36455641904004,0.7576552400485512
III,517,517,Patch,7,True,56.41133486558777,2.139418763864392
III,517,517,Raw,7,True,95.6723589759298,1.0467507133692993
III,517,517,Trim,7,True,30.921676227252192,0.7692693120566465
III,518,518,Full,7,True,181.2180829298001,12.928837672281569
III,518,518,Global,7,True,118.9642881323824,8.674163435876768
III,518,518,Huber,7,True,34.565330107985694,0.7191634537424162
III,518,518,Patch,7,True,127.13776139834368,9.6610738947686
III,518,518,Raw,7,True,137.03854498172495,8.675265347509619
III,518,518,Trim,7,True,30.07112824542974,0.7772767528037765
III,519,519,Full,7,True,183.3922561882654,14.076162373139349
III,519,519,Global,7,True,105.72657394435603,7.487695343364233
III,519,519,Huber,7,True,34.49367059468322,0.889602064684115
III,519,519,Patch,7,True,108.6645691314364,8.550341678411224
III,519,519,Raw,7,True,123.25649845776258,7.488523496377367
III,519,519,Trim,7,True,30.1620791383488,0.8838454110280086
III,520,520,Full,7,True,184.9775935932695,13.072651788746478
III,520,520,Global,7,True,116.43407324122,8.544662290065402
III,520,520,Huber,7,True,33.992867389296215,0.8392861761059536
III,520,520,Patch,7,True,126.28894499703338,9.485050433479188
III,520,520,Raw,7,True,134.72442323408052,8.544469698220531
III,520,520,Trim,7,True,29.7880262582862,1.0020871819403272
III,521,521,Full,7,True,181.7538293058768,13.654363477487264
III,521,521,Global,7,True,99.574382614182,7.198888203621404
III,521,521,Huber,7,True,33.234997833928226,0.8647781975804391
III,521,521,Patch,7,True,104.53429429004372,8.404359373249536
III,521,521,Raw,7,True,117.5333411610883,7.199094775489819
III,521,521,Trim,7,True,28.168090658070483,0.8253178754381548
III,522,522,Full,7,True,182.7912658709552,10.402096383232411
III,522,522,Global,7,True,133.63896822592554,10.37416540807014
III,522,522,Huber,7,True,31.865445298399,0.8756988805194392
III,522,522,Patch,7,True,149.3121505937671,11.235982249163694
III,522,522,Raw,7,True,152.49614984512542,10.373896390733895
III,522,522,Trim,7,True,27.53169041483964,0.889676677582276
III,523,523,Full,7,True,185.8583801524176,10.608503783444322
III,523,523,Global,7,True,134.5564011702657,10.83514564875749
III,523,523,Huber,7,True,31.914105339672115,0.8509344096008067
III,523,523,Patch,7,True,154.48048837569846,11.516146036271504
III,523,523,Raw,7,True,153.8029091911488,10.835350069581972
III,523,523,Trim,7,True,27.917822531410494,0.9270774213882448
III,524,524,Full,7,True,194.32156529731245,11.617302680643494
III,524,524,Global,7,True,144.6530524752315,11.58213070997697
III,524,524,Huber,7,True,31.55259982781243,0.9279068649597813
III,524,524,Patch,7,True,165.5629518440727,12.359096558661458
III,524,524,Raw,7,True,163.83025733653938,11.58149236742178
III,524,524,Trim,7,True,28.12516591190975,0.9728154440218558
IV,216,216,Full,0,True,76.77987338097286,1.0859666114764055
IV,216,216,Global,0,True,142.41208139950817,3.5409794511474137
IV,216,216,Huber,0,True,131.9190532623958,3.4675278067057174
IV,216,216,Patch,0,True,108.79352974954855,3.1947789091225847
IV,216,216,Raw,0,True,151.82313383876743,3.5409794511474364
IV,216,216,Trim,0,True,124.23229020084574,3.4182503073415
IV,217,217,Full,0,True,69.79308181754314,1.351094931063792
IV,217,217,Global,0,True,140.84174419392565,3.125259236306872
IV,217,217,Huber,0,True,130.67526489874314,2.695283364938377
IV,217,217,Patch,0,True,108.34401277098574,3.325104294503892
IV,217,217,Raw,0,True,149.18595811048806,3.1244796473346605
IV,217,217,Trim,0,True,126.8655988363666,2.788827379562115
IV,218,218,Full,0,True,71.52979521252249,1.5734064479836083
IV,218,218,Global,0,True,144.377467023768,3.823353130769677
IV,218,218,Huber,0,True,135.1293641648002,3.636744951270188
IV,218,218,Patch,0,True,110.91781683463142,3.834501369576096
IV,218,218,Raw,0,True,152.7240644690381,3.8228833669595255
IV,218,218,Trim,0,True,131.6250552626772,3.669513703220901
IV,219,219,Full,0,True,71.909889067928,1.865351296627517
IV,219,219,Global,0,True,144.40044037007195,3.663419794012929
IV,219,219,Huber,0,True,135.03560587855637,3.208773626870218
IV,219,219,Patch,0,True,110.4583992592986,3.865505849321986
IV,219,219,Raw,0,True,152.71717725631638,3.663159653080951
IV,219,219,Trim,0,True,131.27588501572637,3.213500793964449
IV,220,220,Full,0,True,70.26482744761138,2.1074763674026853
IV,220,220,Global,0,True,147.7846496083856,4.223258598232181
IV,220,220,Huber,0,True,137.9271070012999,3.868690516347133
IV,220,220,Patch,0,True,110.48883401434264,4.241947576609327
IV,220,220,Raw,0,True,155.95077749773168,4.222202054960921
IV,220,220,Trim,0,True,133.6650563478509,3.965957817095175
IV,221,221,Full,0,True,70.31792128300872,1.4517295786167157
IV,221,221,Global,0,True,147.0677744186484,3.967646244183259
IV,221,221,Huber,0,True,135.7266690587718,3.3271967962093303
IV,221,221,Patch,0,True,112.1220407894605,3.865755520010425
IV,221,221,Raw,0,True,154.9017922189977,3.967361087601229
IV,221,221,Trim,0,True,130.61799157214315,3.2389928611427603
IV,222,222,Full,0,True,77.55251648589945,1.8110316177630488
IV,222,222,Global,0,True,152.4534868753648,4.4739149409073145
IV,222,222,Huber,0,True,140.92105735022582,3.989510489335368
IV,222,222,Patch,0,True,118.8277153537537,4.539656456014959
IV,222,222,Raw,0,True,160.2643453726934,4.4716158014028
IV,222,222,Trim,0,True,135.17378128917994,3.797407441626291
IV,223,223,Full,0,True,77.55369879110987,1.3357911516831136
IV,223,223,Global,0,True,154.78780743541222,4.1252779131432105
IV,223,223,Huber,0,True,142.57360294501817,3.5340315614650355
IV,223,223,Patch,0,True,121.13617277773471,3.965260591971049
IV,223,223,Raw,0,True,162.8628104135094,4.122877016394417
IV,223,223,Trim,0,True,133.3097670097816,3.1925151156915192
IV,224,224,Full,0,True,71.33704388493285,1.5520295795504613
IV,224,224,Global,0,True,150.73560177264582,4.065417245895433
IV,224,224,Huber,0,True,140.10263580687905,3.563379269989845
IV,224,224,Patch,0,True,117.71760416710156,3.959658241905846
IV,224,224,Raw,0,True,159.03881631150398,4.065331108678711
IV,224,224,Trim,0,True,129.12050518319822,3.3042010649839364
IV,225,225,Full,0,True,73.0358169562863,1.4960063810719006
IV,225,225,Global,0,True,150.19932099916892,3.8963844375842256
IV,225,225,Huber,0,True,140.22693348899978,3.4050580755881925
IV,225,225,Patch,0,True,118.3536421628596,3.878034520263819
IV,225,225,Raw,0,True,158.60477657374184,3.89419971481781
IV,225,225,Trim,0,True,131.1220256153418,3.24144402723265
IV,226,226,Full,0,True,80.4691767984551,2.49445473407374
IV,226,226,Global,0,True,153.59394404069997,4.376522218798223
IV,226,226,Huber,0,True,143.5114987348704,3.896508610414823
IV,226,226,Patch,0,True,120.80016334413853,4.158783483713007
IV,226,226,Raw,0,True,162.46829164473792,4.374341388597568
IV,226,226,Trim,0,True,134.67448506177394,3.852742493495373
IV,227,227,Full,0,True,75.7111380355846,2.189376468992924
IV,227,227,Global,0,True,151.29326304946898,3.785280131505063
IV,227,227,Huber,0,True,140.86233260288589,3.1429714956152486
IV,227,227,Patch,0,True,118.97325025542538,3.643315399586736
IV,227,227,Raw,0,True,159.5423393040693,3.7857212288897726
IV,227,227,Trim,0,True,133.593683247635,2.888948581439674
IV,228,228,Full,0,True,78.51034098604265,2.5897409891537952
IV,228,228,Global,0,True,154.2949039744911,4.453923087174499
IV,228,228,Huber,0,True,142.65741307444176,3.5649215950883857
IV,228,228,Patch,0,True,122.45988078088074,4.310210521789417
IV,228,228,Raw,0,True,162.80637612117957,4.453923087174501
IV,228,228,Trim,0,True,135.0977174891544,3.3347946320784674
IV,229,229,Full,0,True,75.12636432674894,2.3434638474765053
IV,229,229,Global,0,True,158.00510277579647,4.7491498379377015
IV,229,229,Huber,0,True,144.57004182169794,3.887876509544408
IV,229,229,Patch,0,True,122.77497972933584,4.586797606949235
IV,229,229,Raw,0,True,166.35253527014132,4.749149837937687
IV,229,229,Trim,0,True,134.18860983477276,3.476302844936859
IV,230,230,Full,0,True,82.6101796234559,2.897705188632451
IV,230,230,Global,0,True,161.88143202453173,4.913240667748044
IV,230,230,Huber,0,True,145.92501449386495,4.238374541905852
IV,230,230,Patch,0,True,120.3287489018384,3.935904688010021
IV,230,230,Raw,0,True,170.7697645989634,4.912476766740968
IV,230,230,Trim,0,True,135.8668053514344,3.739065177142072
IV,231,231,Full,0,True,78.09451849045627,2.4879232009147554
IV,231,231,Global,0,True,152.91444941957016,3.561848327267197
IV,231,231,Huber,0,True,139.4449530432851,3.001573210816696
IV,231,231,Patch,0,True,115.21921869693362,2.954536949057492
IV,231,231,Raw,0,True,160.86543857081787,3.557136691667734
IV,231,231,Trim,0,True,131.96434186379835,2.795018121777447
IV,232,232,Full,0,True,80.47774693665117,2.51343650111939
IV,232,232,Global,0,True,154.81320593030972,3.9358811678417065
IV,232,232,Huber,0,True,139.13832020558573,3.397634841929218
IV,232,232,Patch,0,True,121.62316089498896,3.5197812738357044
IV,232,232,Raw,0,True,162.90952943673628,3.9387020808484654
IV,232,232,Trim,0,True,133.33337665045192,3.165206920898924
IV,233,233,Full,0,True,80.30568236771141,2.9496429721342428
IV,233,233,Global,0,True,152.19152621759687,4.131173555039219
IV,233,233,Huber,0,True,138.90528679673565,3.698132825327252
IV,233,233,Patch,0,True,122.7044781598217,4.082178100600171
IV,233,233,Raw,0,True,160.05607492914513,4.13054469839277
IV,233,233,Trim,0,True,134.40906286916794,3.60558999368983
IV,234,234,Full,0,True,74.90915415556688,2.316922593396673
IV,234,234,Global,0,True,145.35510066604417,3.3177819250493767
IV,234,234,Huber,0,True,131.58766052653218,2.698419125886429
IV,234,234,Patch,0,True,119.2240902463853,3.742580826860441
IV,234,234,Raw,0,True,153.0449506395717,3.3179891022759183
IV,234,234,Trim,0,True,127.33249200182117,2.6369613611135785
IV,235,235,Full,0,True,70.97197996771756,2.5345524686965453
IV,235,235,Global,0,True,143.18933441339703,3.669561065410349
IV,235,235,Huber,0,True,131.68804049335282,2.878885773998081
IV,235,235,Patch,0,True,117.608604630165,4.219004003722699
IV,235,235,Raw,0,True,150.37645454270032,3.670094502019855
IV,235,235,Trim,0,True,128.5832595402861,2.92679498098505
IV,236,236,Full,0,True,76.50035854699684,2.874327791507067
IV,236,236,Global,0,True,146.48633687455123,4.03858138970126
IV,236,236,Huber,0,True,135.13634501557178,3.342261213489502
IV,236,236,Patch,0,True,119.75621056376464,4.576384816717202
IV,236,236,Raw,0,True,153.905933477437,4.040216228497059
IV,236,236,Trim,0,True,131.25862182441614,3.2744564850310334
IV,237,237,Full,0,True,71.68757821558985,3.494682602550387
IV,237,237,Global,0,True,144.443045729625,4.520404217118065
IV,237,237,Huber,0,True,136.67022659673052,3.855291679993589
IV,237,237,Patch,0,True,115.6975728411406,5.264387119491362
IV,237,237,Raw,0,True,151.54487789847485,4.519381219443839
IV,237,237,Trim,0,True,133.1208143594423,3.978382317772656
IV,238,238,Full,0,True,68.99645884781252,3.038580783936293
IV,238,238,Global,0,True,143.45278743451323,3.794294214864807
IV,238,238,Huber,0,True,134.88949363612517,3.096760990792564
IV,238,238,Patch,0,True,113.00796029482954,4.756869550567232
IV,238,238,Raw,0,True,150.4188130612374,3.78958586268622
IV,238,238,Trim,0,True,129.7561331125653,2.951507112233623
IV,239,239,Full,0,True,75.421780290244,3.406612736275212
IV,239,239,Global,0,True,150.98701024543965,4.304149336006289
IV,239,239,Huber,0,True,139.84387221535715,3.5883331665879665
IV,239,239,Patch,0,True,117.48939300670617,4.568526330034071
IV,239,239,Raw,0,True,158.27931175053462,4.2976177802565
IV,239,239,Trim,0,True,133.0843883669778,3.4707727904350607
IV,240,240,Full,0,True,71.93450319212768,3.24837442311658
IV,240,240,Global,0,True,150.21080589116426,4.21602017925007
IV,240,240,Huber,0,True,140.07106572537054,3.937467577211345
IV,240,240,Patch,0,True,114.52968178952048,4.367725680540361
IV,240,240,Raw,0,True,157.45234319423597,4.213100846429866
IV,240,240,Trim,0,True,134.5729517862868,3.826368964585969
IV,241,241,Full,0,True,73.28572439611455,3.0097200432607005
IV,241,241,Global,0,True,148.20462393651772,3.196711255575213
IV,241,241,Huber,0,True,138.01235585483136,2.920160684912923
IV,241,241,Patch,0,True,116.12290660613876,4.02544265231507
IV,241,241,Raw,0,True,156.615620209969,3.19616356122458
IV,241,241,Trim,0,True,132.65514951868894,2.6961033548642432
IV,242,242,Full,0,True,76.79250188640415,2.9012391048053483
IV,242,242,Global,0,True,148.9018866375363,3.200425951584206
IV,242,242,Huber,0,True,140.14813074684173,3.055656741938308
IV,242,242,Patch,0,True,116.6281795783735,3.995125137622249
IV,242,242,Raw,0,True,157.1406469358961,3.199534727883264
IV,242,242,Trim,0,True,132.69952476807924,2.79987553580234
IV,243,243,Full,0,True,80.39012042287452,3.3949868388017546
IV,243,243,Global,0,True,148.9097839589143,3.912017829786417
IV,243,243,Huber,0,True,138.1983600687714,3.49372387032955
IV,243,243,Patch,0,True,120.2224393079261,4.792356966310138
IV,243,243,Raw,0,True,156.84785558604753,3.9121168229689807
IV,243,243,Trim,0,True,132.86721792726902,3.2258589173515264
IV,244,244,Full,0,True,76.29649366603311,3.026008744179285
IV,244,244,Global,0,True,149.7660384562033,4.187268584046321
IV,244,244,Huber,0,True,137.5319075704348,3.823413229105255
IV,244,244,Patch,0,True,125.74151853200458,5.352458156030936
IV,244,244,Raw,0,True,158.35840555715887,4.189008898973832
IV,244,244,Trim,0,True,130.46760510824245,3.686969440905592
IV,245,245,Full,0,True,78.48805389452596,2.1957584250130022
IV,245,245,Global,0,True,150.69544246817344,3.5899614930792296
IV,245,245,Huber,0,True,137.24554795170891,2.800364807418912
IV,245,245,Patch,0,True,127.25321705576172,4.796542737340733
IV,245,245,Raw,0,True,159.06069732698114,3.591667121989351
IV,245,245,Trim,0,True,130.48760515412198,2.5254893053128566
IV,246,246,Full,0,True,77.61827990874887,2.2965118588692053
IV,246,246,Global,0,True,153.4605533216377,3.997507639041441
IV,246,246,Huber,0,True,139.87945905814644,3.104393727288659
IV,246,246,Patch,0,True,128.96333805164613,5.206242408548268
IV,246,246,Raw,0,True,162.3959854567285,4.002034920804538
IV,246,246,Trim,0,True,133.236385125851,2.9919224166131024
IV,247,247,Full,0,True,75.99406165242793,3.152958713554806
IV,247,247,Global,0,True,153.39730076988852,4.731678938431903
IV,247,247,Huber,0,True,140.03942832863063,3.607494187745891
IV,247,247,Patch,0,True,127.75513533019492,5.651008134786094
IV,247,247,Raw,0,True,161.77322885629528,4.730134919255993
IV,247,247,Trim,0,True,135.2635821486327,3.535333264182568
IV,248,248,Full,0,True,79.63691351893912,3.6024382975309908
IV,248,248,Global,0,True,153.58752595689492,5.052439552632175
IV,248,248,Huber,0,True,142.89384831041673,4.220077240324626
IV,248,248,Patch,0,True,127.28380857576902,5.8386109651621085
IV,248,248,Raw,0,True,161.69103787335442,5.051736303785381
IV,248,248,Trim,0,True,137.7449162496276,3.905209771508885
IV,249,249,Full,0,True,78.42240832244039,2.923331338598923
IV,249,249,Global,0,True,152.47098256088344,4.266377862601907
IV,249,249,Huber,0,True,140.1726442666936,3.297775561527159
IV,249,249,Patch,0,True,126.22590723926946,4.9976312864396455
IV,249,249,Raw,0,True,161.09443908038824,4.269345906087277
IV,249,249,Trim,0,True,132.88562129052468,2.7121906052093534
IV,250,250,Full,0,True,81.50831746760237,3.194539312761486
IV,250,250,Global,0,True,152.83116808733377,4.6447783308476085
IV,250,250,Huber,0,True,141.07130950034548,3.610540216002042
IV,250,250,Patch,0,True,127.60638254109216,5.018349886507513
IV,250,250,Raw,0,True,161.96619127570213,4.644512501870614
IV,250,250,Trim,0,True,132.45978759560992,3.110149196569837
IV,251,251,Full,0,True,82.65348027152876,3.424164535577199
IV,251,251,Global,0,True,155.1052531321132,4.828439086681116
IV,251,251,Huber,0,True,141.45556693471536,4.034713276089654
IV,251,251,Patch,0,True,128.31553813042805,5.192434439321092
IV,251,251,Raw,0,True,164.6274201303138,4.828495130793781
IV,251,251,Trim,0,True,132.4602516800379,3.442899702223809
IV,252,252,Full,0,True,85.4849380190516,3.530873167340666
IV,252,252,Global,0,True,151.9773727535492,4.793632252245934
IV,252,252,Huber,0,True,141.72064673175868,4.187331581147737
IV,252,252,Patch,0,True,124.55247342438712,4.848293238262686
IV,252,252,Raw,0,True,160.5187540394335,4.793388273906666
IV,252,252,Trim,0,True,133.07116360015343,3.765626000962416
IV,253,253,Full,0,True,85.6251651376214,2.666715884507547
IV,253,253,Global,0,True,146.9407547929202,3.8662598253028
IV,253,253,Huber,0,True,137.43474267740768,3.2100784518974246
IV,253,253,Patch,0,True,120.65167184062727,3.999149368914458
IV,253,253,Raw,0,True,154.6893582663377,3.8671249053700287
IV,253,253,Trim,0,True,129.689824257728,2.612404920193921
IV,254,254,Full,0,True,67.31750607412071,1.543995308946093
IV,254,254,Global,0,True,142.21346009858183,4.144964652166056
IV,254,254,Huber,0,True,134.2191371429058,3.595893915932972
IV,254,254,Patch,0,True,116.90371397054852,4.698362639112156
IV,254,254,Raw,0,True,149.39551336752396,4.14713034283294
IV,254,254,Trim,0,True,126.81371962155032,3.1662180433026936
IV,255,255,Full,0,True,68.8992229747492,1.6491618481618489
IV,255,255,Global,0,True,149.06460067048198,4.468499323262975
IV,255,255,Huber,0,True,142.39639891409522,3.934839785976932
IV,255,255,Patch,0,True,124.06936639962528,4.9773473685608325
IV,255,255,Raw,0,True,156.1901838624026,4.475827448880188
IV,255,255,Trim,0,True,133.829044961138,3.284377058142319
IV,256,256,Full,0,True,73.4724319984324,1.107398366596532
IV,256,256,Global,0,True,150.84896552328084,4.1774147537726005
IV,256,256,Huber,0,True,140.53290598183298,3.0876234518275445
IV,256,256,Patch,0,True,124.44082810361137,4.083967162256546
IV,256,256,Raw,0,True,157.88136962376473,4.181695287856443
IV,256,256,Trim,0,True,134.19539835678412,2.5904008302081603
IV,257,257,Full,0,True,81.16496930687822,2.306706156969829
IV,257,257,Global,0,True,153.69013364948893,4.701017238233553
IV,257,257,Huber,0,True,142.434822541284,3.779088438830146
IV,257,257,Patch,0,True,127.49877981551828,5.034476767603132
IV,257,257,Raw,0,True,161.35500690201957,4.70101723823352
IV,257,257,Trim,0,True,135.2831707399956,3.1420172014892733
IV,258,258,Full,0,True,87.16112991512014,2.65575846578582
IV,258,258,Global,0,True,156.8623140862333,4.98170520271873
IV,258,258,Huber,0,True,145.45731352957714,3.988997968808395
IV,258,258,Patch,0,True,129.08326669621292,5.294685207212795
IV,258,258,Raw,0,True,164.2874832572399,4.983365208310941
IV,258,258,Trim,0,True,137.20192286904071,3.3813084833291875
IV,259,259,Full,0,True,88.25945852463886,2.766475820657877
IV,259,259,Global,0,True,155.29208048190017,5.127408892396793
IV,259,259,Huber,0,True,142.6076194150961,4.260702004020364
IV,259,259,Patch,0,True,125.77636409747176,5.128526767432426
IV,259,259,Raw,0,True,162.10266045219785,5.132333929485153
IV,259,259,Trim,0,True,136.78820591339652,3.851859010378515
IV,260,260,Full,0,True,87.36187354868312,2.043031431492308
IV,260,260,Global,0,True,152.2249616623216,3.884849462832851
IV,260,260,Huber,0,True,141.04489054618676,3.2618813845739174
IV,260,260,Patch,0,True,123.11215823862184,4.389039598482548
IV,260,260,Raw,0,True,159.90559629960458,3.888772491332391
IV,260,260,Trim,0,True,134.14264179231043,2.8298326200972617
IV,261,261,Full,0,True,86.85986120073412,2.846557302384772
IV,261,261,Global,0,True,151.67894780685853,4.40939825003041
IV,261,261,Huber,0,True,137.70214834327936,3.722706145004583
IV,261,261,Patch,0,True,120.8660103869747,4.729271775915247
IV,261,261,Raw,0,True,158.8008618858541,4.425013746094584
IV,261,261,Trim,0,True,132.85366055040942,3.479029852490223
IV,262,262,Full,0,True,87.06809805831772,2.758164066740976
IV,262,262,Global,0,True,149.326965394487,4.179060724458853
IV,262,262,Huber,0,True,135.6668803099799,3.786248471854402
IV,262,262,Patch,0,True,120.96921662016148,4.62472110789653
IV,262,262,Raw,0,True,156.49552213874506,4.184945870894174
IV,262,262,Trim,0,True,132.08624709518293,3.522287726866631
IV,263,263,Full,0,True,79.97048051207649,2.860755307830559
IV,263,263,Global,0,True,140.44240553632272,4.477536203588031
IV,263,263,Huber,0,True,129.96469054545122,4.092856777914581
IV,263,263,Patch,0,True,118.08192640918216,5.262450150079286
IV,263,263,Raw,0,True,147.02552558629327,4.48016975635003
IV,263,263,Trim,0,True,126.91429277470536,3.977815640532024
IV,264,264,Full,0,True,78.25823663203438,1.954854812840187
IV,264,264,Global,0,True,137.95619409203042,3.405013734761721
IV,264,264,Huber,0,True,125.2593304974196,2.690533158915656
IV,264,264,Patch,0,True,116.2121887750805,4.261697846352547
IV,264,264,Raw,0,True,144.8188872797364,3.412860291309681
IV,264,264,Trim,0,True,121.64985645279924,2.6760581266836474
IV,265,265,Full,0,True,67.39070457880622,1.7313813195351966
IV,265,265,Global,0,True,141.92683933806674,4.306200510910753
IV,265,265,Huber,0,True,128.7098308614061,3.391000403746974
IV,265,265,Patch,0,True,120.6604562256936,5.649985839095174
IV,265,265,Raw,0,True,148.18628457678756,4.310526304875472
IV,265,265,Trim,0,True,125.3096300674241,3.359770771547564
IV,266,266,Full,1,True,74.36337230722886,1.6229126736570318
IV,266,266,Global,1,True,145.2059471232586,4.676606073730119
IV,266,266,Huber,1,True,131.1039074642543,3.721797981273449
IV,266,266,Patch,1,True,120.41904686690825,4.838326607796726
IV,266,266,Raw,1,True,151.6903194747758,4.682845343271087
IV,266,266,Trim,1,True,127.12316574898564,3.6218279408006673
IV,267,267,Full,1,True,77.30254345302566,1.095433878561043
IV,267,267,Global,1,True,147.73499091782566,3.9188104819776215
IV,267,267,Huber,1,True,130.6995758912723,2.7325998045329296
IV,267,267,Patch,1,True,118.56019292299416,3.967145844118293
IV,267,267,Raw,1,True,154.55275063689012,3.921134682327701
IV,267,267,Trim,1,True,126.07500416807764,2.5683395297521185
IV,268,268,Full,1,True,80.45715172218166,2.092481609997847
IV,268,268,Global,1,True,148.4533517736488,4.760335313333429
IV,268,268,Huber,1,True,133.0832862280043,3.394142724825604
IV,268,268,Patch,1,True,115.53745388454912,4.037666531328329
IV,268,268,Raw,1,True,154.79667452444164,4.763596050294568
IV,268,268,Trim,1,True,126.76256319819916,3.0348320532167574
IV,269,269,Full,1,True,72.23383354658625,1.1708661395166686
IV,269,269,Global,1,True,145.8613875701146,4.2551790262709694
IV,269,269,Huber,1,True,131.80087045295303,3.4477884798135343
IV,269,269,Patch,1,True,110.14794926331304,3.466954019943676
IV,269,269,Raw,1,True,151.52334018974446,4.253365501185716
IV,269,269,Trim,1,True,124.66697176942972,3.217455758149373
IV,270,270,Full,1,True,75.28588875569899,2.034948333578786
IV,270,270,Global,1,True,144.94205218672727,4.038140108216968
IV,270,270,Huber,1,True,130.9115350622464,3.887337731486572
IV,270,270,Patch,1,True,111.18306935098173,4.030505012343296
IV,270,270,Raw,1,True,152.24686261076585,4.041987145012344
IV,270,270,Trim,1,True,123.6905840857196,3.626096652745431
IV,271,271,Full,1,True,76.65988891398514,1.1380110698342112
IV,271,271,Global,1,True,143.79952605606024,2.623964369553451
IV,271,271,Huber,1,True,130.9669278937908,2.3601183078707546
IV,271,271,Patch,1,True,113.34916923069969,2.804662688275092
IV,271,271,Raw,1,True,151.21715324423988,2.617841853296806
IV,271,271,Trim,1,True,124.65664587659012,2.240764647274825
IV,272,272,Full,1,True,75.89540233580945,1.4764514081374618
IV,272,272,Global,1,True,141.4850913642353,3.1918113698155834
IV,272,272,Huber,1,True,131.01949145665657,2.9856688875252058
IV,272,272,Patch,1,True,108.19512408216644,3.0231313606524663
IV,272,272,Raw,1,True,149.23296725145786,3.1892915074292363
IV,272,272,Trim,1,True,123.8449522726891,2.8346072858249785
IV,273,273,Full,1,True,68.85382884572624,1.9395318944230708
IV,273,273,Global,1,True,136.77588393820395,3.1952867293091614
IV,273,273,Huber,1,True,126.56999578109124,3.2712112894824465
IV,273,273,Patch,1,True,105.98425669876688,3.4386376341170406
IV,273,273,Raw,1,True,144.93021376938967,3.194632023116541
IV,273,273,Trim,1,True,121.40255752438485,3.3028813796852883
IV,274,274,Full,1,True,61.50669907802993,1.5185782973639943
IV,274,274,Global,1,True,135.24156216508123,3.4605227751338656
IV,274,274,Huber,1,True,125.86583432139156,3.4972253862314533
IV,274,274,Patch,1,True,102.6459666894892,3.5265581741188816
IV,274,274,Raw,1,True,142.8594592360492,3.4631346541245374
IV,274,274,Trim,1,True,121.43299456923276,3.602731872279352
IV,275,275,Full,1,True,67.4119508925608,1.17016341006519
IV,275,275,Global,1,True,139.48444734504884,2.6687705226139298
IV,275,275,Huber,1,True,128.59748769407474,2.507042110540421
IV,275,275,Patch,1,True,107.67357637823942,2.48705721326302
IV,275,275,Raw,1,True,147.44921342862077,2.6687833001068104
IV,275,275,Trim,1,True,123.31842971683632,2.452151228859367
IV,276,276,Full,1,True,66.24832234794917,1.7650230353130076
IV,276,276,Global,1,True,143.63074810096273,3.311675779210148
IV,276,276,Huber,1,True,130.0556884476775,2.731624396160022
IV,276,276,Patch,1,True,111.9976762054367,3.3093615173002258
IV,276,276,Raw,1,True,151.19070612723402,3.3169315044137764
IV,276,276,Trim,1,True,125.9011196891252,2.869207447622846
IV,277,277,Full,1,True,66.82935984371689,1.8750605624769248
IV,277,277,Global,1,True,142.30339715500185,4.410053838417459
IV,277,277,Huber,1,True,129.6038402919378,4.015571605355018
IV,277,277,Patch,1,True,108.5212136825192,4.058241712529645
IV,277,277,Raw,1,True,149.86691298443145,4.41149936237939
IV,277,277,Trim,1,True,124.5691126025158,4.014921014962579
IV,278,278,Full,1,True,70.00949177750775,1.6629036199889764
IV,278,278,Global,1,True,144.6428811305182,4.484664523831413
IV,278,278,Huber,1,True,132.2582381218926,3.910341188997288
IV,278,278,Patch,1,True,108.83073520115944,4.076504238237742
IV,278,278,Raw,1,True,151.73863549058,4.4832288019361
IV,278,278,Trim,1,True,127.31235297740292,3.848194555520403
IV,279,279,Full,1,True,68.77969704039761,2.3804390660600268
IV,279,279,Global,1,True,145.17070708403685,4.348124878736803
IV,279,279,Huber,1,True,131.91596654508467,3.8815007944325495
IV,279,279,Patch,1,True,107.9818522617438,4.40085063426988
IV,279,279,Raw,1,True,151.14536270868473,4.347911225468473
IV,279,279,Trim,1,True,126.50292417962358,3.7856015823518745
IV,280,280,Full,1,True,69.53227014098518,2.25204748202884
IV,280,280,Global,1,True,144.7610649418989,3.965036069187897
IV,280,280,Huber,1,True,130.83623417813695,3.725214432979735
IV,280,280,Patch,1,True,109.01749057025977,4.211288701692375
IV,280,280,Raw,1,True,150.13896573803424,3.9604818972686657
IV,280,280,Trim,1,True,125.84432218567208,3.595830219013308
IV,281,281,Full,1,True,80.22597603716308,3.173259201167962
IV,281,281,Global,1,True,147.97166776461677,4.374270697375696
IV,281,281,Huber,1,True,132.7727308909751,3.8998252299933385
IV,281,281,Patch,1,True,115.21245725204652,4.351194872776125
IV,281,281,Raw,1,True,153.77484197055767,4.3661440610825055
IV,281,281,Trim,1,True,125.1633107001193,3.604593281792912
IV,282,282,Full,1,True,70.50238000319955,2.742703507928079
IV,282,282,Global,1,True,150.20704192681615,4.514828248200999
IV,282,282,Huber,1,True,131.53234326285525,4.089581859701664
IV,282,282,Patch,1,True,114.62509093348037,4.732688452958775
IV,282,282,Raw,1,True,156.31058724069635,4.514633816741831
IV,282,282,Trim,1,True,123.18442280719188,3.7877265094953527
IV,283,283,Full,1,True,69.7305476608302,1.7292532224860688
IV,283,283,Global,1,True,144.94486011968507,3.67755676917923
IV,283,283,Huber,1,True,129.56072005044555,3.2145859801586427
IV,283,283,Patch,1,True,109.72938115977556,3.6334651808167
IV,283,283,Raw,1,True,151.7389372787358,3.6819261737746696
IV,283,283,Trim,1,True,120.5801149243604,2.963091557402929
IV,284,284,Full,1,True,78.38737106427304,3.034863505403266
IV,284,284,Global,1,True,150.2836098388344,3.834182589983993
IV,284,284,Huber,1,True,134.64820522715956,3.487512221719168
IV,284,284,Patch,1,True,114.67360836655564,4.064244808145585
IV,284,284,Raw,1,True,158.37951959911467,3.834281043763062
IV,284,284,Trim,1,True,125.44323952465928,3.390511179256649
IV,285,285,Full,1,True,80.5427589850118,2.3285831272449338
IV,285,285,Global,1,True,152.32079542353895,3.285058536877945
IV,285,285,Huber,1,True,135.67546259806866,2.905013076201783
IV,285,285,Patch,1,True,118.87333269442053,3.0600101654387912
IV,285,285,Raw,1,True,160.4330983544513,3.283530137429076
IV,285,285,Trim,1,True,128.87937724817837,2.84382395576311
IV,286,286,Full,1,True,76.73819244690257,2.642816658996932
IV,286,286,Global,1,True,155.1393161067232,4.370278605150478
IV,286,286,Huber,1,True,137.56598080831242,3.5535730773659204
IV,286,286,Patch,1,True,118.85674018379387,3.94136468640018
IV,286,286,Raw,1,True,161.5937105876942,4.370278605150479
IV,286,286,Trim,1,True,131.6095947484608,3.397688087713899
IV,287,287,Full,1,True,78.85203256830428,2.9484439182394784
IV,287,287,Global,1,True,156.47647391776755,4.730541330121667
IV,287,287,Huber,1,True,137.97138035284084,3.8409348124946177
IV,287,287,Patch,1,True,120.93610703228404,4.226488104216749
IV,287,287,Raw,1,True,162.45581455584863,4.728492391237704
IV,287,287,Trim,1,True,132.14789882528032,3.602191264823819
IV,288,288,Full,1,True,75.08997746542113,2.9771394112984786
IV,288,288,Global,1,True,155.1030443507518,5.062141332994043
IV,288,288,Huber,1,True,137.8585949588052,3.869341246078032
IV,288,288,Patch,1,True,119.95108223233584,4.265061749338797
IV,288,288,Raw,1,True,160.98332175825587,5.061557074966759
IV,288,288,Trim,1,True,131.4610990150568,3.677513930281718
IV,289,289,Full,1,True,76.89159997756576,2.953935132489145
IV,289,289,Global,1,True,154.91946032386497,5.679372728115103
IV,289,289,Huber,1,True,135.64586286331664,4.206435862295969
IV,289,289,Patch,1,True,121.60085797415512,5.19597827588549
IV,289,289,Raw,1,True,160.88529221760228,5.678979549338752
IV,289,289,Trim,1,True,128.1194051542611,3.860804321992405
IV,290,290,Full,1,True,80.74956794745395,3.0490450409908822
IV,290,290,Global,1,True,156.93048169510917,5.222858092886042
IV,290,290,Huber,1,True,136.74240274879986,4.356929107517105
IV,290,290,Patch,1,True,123.1783446382918,4.661647750017372
IV,290,290,Raw,1,True,162.6423634727564,5.222602721494989
IV,290,290,Trim,1,True,128.56825322500376,3.9892339646301136
IV,291,291,Full,1,True,77.99451897468988,2.594460300567665
IV,291,291,Global,1,True,155.4694432152837,5.080268578973034
IV,291,291,Huber,1,True,134.66344763928873,4.461079048621266
IV,291,291,Patch,1,True,122.20064172927462,4.304816989007779
IV,291,291,Raw,1,True,160.79269101701834,5.079789952209586
IV,291,291,Trim,1,True,125.9962017404888,4.034804633770156
IV,292,292,Full,1,True,77.45328032264345,2.4879911875898
IV,292,292,Global,1,True,152.31759019792693,4.758481622285038
IV,292,292,Huber,1,True,132.9969908810482,4.189215940875484
IV,292,292,Patch,1,True,120.85050185325842,4.001576118544996
IV,292,292,Raw,1,True,157.69211386415031,4.758769551573823
IV,292,292,Trim,1,True,123.84820396688724,3.890972445654374
IV,293,293,Full,1,True,78.67381379106699,2.163458094004469
IV,293,293,Global,1,True,151.02200580853497,3.5231167270143686
IV,293,293,Huber,1,True,132.65529982992436,3.260885161189072
IV,293,293,Patch,1,True,126.2941421190982,3.297059538202545
IV,293,293,Raw,1,True,156.12036243481816,3.5188290654171905
IV,293,293,Trim,1,True,124.24416042725696,3.028120728192558
IV,294,294,Full,1,True,87.52839731670417,2.5024355510484693
IV,294,294,Global,1,True,152.23303092750652,3.6832200474973344
IV,294,294,Huber,1,True,133.1585766726829,3.4892680220898
IV,294,294,Patch,1,True,127.07638362182828,3.664825836851475
IV,294,294,Raw,1,True,157.93556588576672,3.6832200474973176
IV,294,294,Trim,1,True,125.24579137077806,3.3776979691034685
IV,295,295,Full,1,True,97.77047659920105,3.468265997557077
IV,295,295,Global,1,True,151.61355039519728,2.285476528594052
IV,295,295,Huber,1,True,133.97759246406622,3.0909043127387528
IV,295,295,Patch,1,True,125.46582279503548,2.853734058702752
IV,295,295,Raw,1,True,157.36430560797749,2.2863796322619057
IV,295,295,Trim,1,True,126.17968203603075,2.960478404346792
IV,296,296,Full,1,True,101.481074494032,2.7819137905126725
IV,296,296,Global,1,True,153.50239267006657,3.4982255600128167
IV,296,296,Huber,1,True,134.98734700247033,3.794504339127757
IV,296,296,Patch,1,True,127.14234890598816,3.644958311006768
IV,296,296,Raw,1,True,159.21272350711587,3.499624227912202
IV,296,296,Trim,1,True,126.13144989207883,3.731941227641873
IV,297,297,Full,1,True,100.50000952569594,1.9315848880882347
IV,297,297,Global,1,True,158.741453418315,4.281943837273672
IV,297,297,Huber,1,True,135.36466290545468,3.2502746830060247
IV,297,297,Patch,1,True,131.771566217131,4.284223109021559
IV,297,297,Raw,1,True,164.33415343955002,4.280760432851789
IV,297,297,Trim,1,True,125.9588983884635,3.063477860775828
IV,298,298,Full,1,True,89.50817260486421,1.6353703636888892
IV,298,298,Global,1,True,155.5971672795419,3.430396011731752
IV,298,298,Huber,1,True,133.92524921792577,2.852706633715627
IV,298,298,Patch,1,True,126.15512107027624,3.447219660792006
IV,298,298,Raw,1,True,160.58271716910744,3.4225596699584
IV,298,298,Trim,1,True,124.84965850956516,2.576521489388484
IV,299,299,Full,1,True,87.00676688275422,3.3259866177593507
IV,299,299,Global,1,True,157.1045903291447,5.05570920853006
IV,299,299,Huber,1,True,134.17542070171564,4.121121891396403
IV,299,299,Patch,1,True,126.7045742599718,4.920675553872143
IV,299,299,Raw,1,True,162.2875781486121,5.060434748847576
IV,299,299,Trim,1,True,125.66210657047164,3.9781064231207295
IV,300,300,Full,1,True,82.20597871733868,3.8990466643154233
IV,300,300,Global,1,True,152.08452582175906,4.363143888423417
IV,300,300,Huber,1,True,133.31381794203412,3.775229208630191
IV,300,300,Patch,1,True,120.63396036815617,4.324715186974456
IV,300,300,Raw,1,True,158.1190019822152,4.36497836232189
IV,300,300,Trim,1,True,126.06759207124072,3.5603946863421934
IV,301,301,Full,1,True,78.17437333709395,3.743607720535731
IV,301,301,Global,1,True,148.8702231158873,4.196998516878327
IV,301,301,Huber,1,True,130.95117601713477,3.723436180333816
IV,301,301,Patch,1,True,116.72727059482727,3.975437756749931
IV,301,301,Raw,1,True,153.83340735444028,4.195408929453072
IV,301,301,Trim,1,True,123.64907647100216,3.555566520396085
IV,302,302,Full,1,True,78.61900224315333,3.335135104499511
IV,302,302,Global,1,True,146.79476734890252,3.535406632258829
IV,302,302,Huber,1,True,130.40422798340217,3.2665748383693147
IV,302,302,Patch,1,True,115.55330497883564,3.5443345394415
IV,302,302,Raw,1,True,152.09543957030755,3.535071617976312
IV,302,302,Trim,1,True,122.90194587289452,3.213331885596651
IV,303,303,Full,1,True,84.82814911967984,3.3115735006603284
IV,303,303,Global,1,True,148.93845560196408,3.2147042407333686
IV,303,303,Huber,1,True,129.9928328286939,3.049695359325357
IV,303,303,Patch,1,True,120.13057946038296,3.6668001811937794
IV,303,303,Raw,1,True,154.82783119974567,3.2147042407333712
IV,303,303,Trim,1,True,121.3326378033328,2.922738786602696
IV,304,304,Full,1,True,79.80471700312367,2.478363844025284
IV,304,304,Global,1,True,149.94472372532437,3.719065189167825
IV,304,304,Huber,1,True,132.17944043091887,3.748686314617432
IV,304,304,Patch,1,True,124.66309576623271,4.463617782399987
IV,304,304,Raw,1,True,155.98095835654948,3.720618397571517
IV,304,304,Trim,1,True,123.5562069751494,3.630310848367252
IV,305,305,Full,1,True,83.14246233744852,2.967503499503853
IV,305,305,Global,1,True,148.81154198485262,3.705653280612311
IV,305,305,Huber,1,True,133.3462521339207,3.6698142323468654
IV,305,305,Patch,1,True,126.01725896961696,4.761191783158525
IV,305,305,Raw,1,True,155.41141150210967,3.7056532806122977
IV,305,305,Trim,1,True,126.42714215255708,3.6164259289343352
IV,306,306,Full,1,True,80.97480365623584,1.7162075652828228
IV,306,306,Global,1,True,157.47939192702404,3.683190096638656
IV,306,306,Huber,1,True,136.86775324441194,3.32157180058258
IV,306,306,Patch,1,True,136.19961346627127,5.302457230855955
IV,306,306,Raw,1,True,164.7671493519585,3.689258707551893
IV,306,306,Trim,1,True,126.81569088589777,3.23353512984353
IV,307,307,Full,1,True,78.97585113272412,2.0221603335629887
IV,307,307,Global,1,True,155.83377402285973,3.2794835360693515
IV,307,307,Huber,1,True,137.70955392446476,3.1615787914414604
IV,307,307,Patch,1,True,132.04312533168587,4.165220566110971
IV,307,307,Raw,1,True,163.12677734692898,3.2814525840906383
IV,307,307,Trim,1,True,128.91131694676673,2.943203892635325
IV,308,308,Full,1,True,97.67388163870211,3.339485620067263
IV,308,308,Global,1,True,157.57936104114322,2.48623616522442
IV,308,308,Huber,1,True,139.67932505588598,2.9562985268752224
IV,308,308,Patch,1,True,130.6841678755537,3.5649842685867985
IV,308,308,Raw,1,True,165.80702818596578,2.4862361652244225
IV,308,308,Trim,1,True,130.53514622069022,2.6769289350524503
IV,309,309,Full,1,True,100.01052086109904,3.418409159801884
IV,309,309,Global,1,True,164.837790964708,2.869671862950152
IV,309,309,Huber,1,True,141.2525068212984,2.502518938030026
IV,309,309,Patch,1,True,138.66122137938046,3.616035224679869
IV,309,309,Raw,1,True,173.21071801057258,2.87185288300465
IV,309,309,Trim,1,True,131.23153375628092,2.198441461077912
IV,310,310,Full,1,True,111.33090701233016,5.583581467295336
IV,310,310,Global,1,True,166.4775589538827,4.228394904830955
IV,310,310,Huber,1,True,142.82948653408306,3.7598861211475607
IV,310,310,Patch,1,True,139.88820287509816,4.374828530169445
IV,310,310,Raw,1,True,175.23946892828943,4.2282468565815
IV,310,310,Trim,1,True,132.86081178994377,3.2596717518817733
IV,311,311,Full,1,True,99.20758355586185,4.689798652351434
IV,311,311,Global,1,True,166.56471338440895,4.890650318422391
IV,311,311,Huber,1,True,142.79157343970434,3.7645735500847777
IV,311,311,Patch,1,True,141.05357126324913,4.8416909895778
IV,311,311,Raw,1,True,175.082069575078,4.901482021415421
IV,311,311,Trim,1,True,132.47910197173016,3.2862893736118286
IV,312,312,Full,1,True,124.28615546904862,7.213204019132325
IV,312,312,Global,1,True,166.27576964005834,5.001785584774462
IV,312,312,Huber,1,True,140.4998554791119,3.2730017188558373
IV,312,312,Patch,1,True,142.33471343356706,5.109406427518984
IV,312,312,Raw,1,True,174.597436259545,5.001634454197451
IV,312,312,Trim,1,True,130.9386053347105,2.888459407254232
IV,313,313,Full,1,True,108.88816844092273,3.328520008935289
IV,313,313,Global,1,True,161.79916946397742,3.82922821802338
IV,313,313,Huber,1,True,138.5692115667457,3.180917292991832
IV,313,313,Patch,1,True,139.3917588619283,3.6705657788271697
IV,313,313,Raw,1,True,169.16035621536528,3.827560545003749
IV,313,313,Trim,1,True,128.9090518365676,2.6795520890588738
IV,314,314,Full,1,True,105.68809384050395,2.711414600935376
IV,314,314,Global,1,True,159.06544527159514,3.6398386293329854
IV,314,314,Huber,1,True,135.39005315973642,2.9597605093079853
IV,314,314,Patch,1,True,136.16899710948027,3.3894343368013145
IV,314,314,Raw,1,True,166.71427554033727,3.640190185820378
IV,314,314,Trim,1,True,124.7461771035904,2.5298532853752405
IV,315,315,Full,1,True,118.3431649771833,3.27082239549265
IV,315,315,Global,1,True,156.611906318673,3.84169335360428
IV,315,315,Huber,1,True,132.36322954147855,3.791237034610992
IV,315,315,Patch,1,True,139.547800906442,3.932087571190676
IV,315,315,Raw,1,True,163.1144637713951,3.846288002437069
IV,315,315,Trim,1,True,122.57713306901331,3.510966129808417
IV,316,316,Full,2,True,118.6611036327108,2.6843963472640007
IV,316,316,Global,2,True,154.32724722471593,2.814522715580785
IV,316,316,Huber,2,True,130.96761297170576,3.211913097247039
IV,316,316,Patch,2,True,139.03130041662556,3.570724250530816
IV,316,316,Raw,2,True,160.70744610000835,2.8179894305172315
IV,316,316,Trim,2,True,123.66638094453084,3.0344673965408657
IV,317,317,Full,2,True,132.35789732617792,4.161361773641083
IV,317,317,Global,2,True,158.51830071017446,4.261046116494751
IV,317,317,Huber,2,True,130.73353847829216,3.1373204355567053
IV,317,317,Patch,2,True,147.28182107700135,4.888166685346924
IV,317,317,Raw,2,True,164.87409944202378,4.256233996805913
IV,317,317,Trim,2,True,122.51429461636177,3.0539781228103706
IV,318,318,Full,2,True,152.3863208274346,8.600680812697624
IV,318,318,Global,2,True,146.08427288294877,3.2452005328259745
IV,318,318,Huber,2,True,130.83346472147105,2.7939046583199243
IV,318,318,Patch,2,True,166.05587000449532,8.574922181151594
IV,318,318,Raw,2,True,153.57154911349164,3.245200532825973
IV,318,318,Trim,2,True,124.61971793040388,2.918284970842996
IV,319,319,Full,2,True,114.99103497048392,3.1892795795923394
IV,319,319,Global,2,True,150.06177079725614,1.9537893260077528
IV,319,319,Huber,2,True,129.79323500190773,2.5934460591020265
IV,319,319,Patch,2,True,146.59411178791524,4.391238338722352
IV,319,319,Raw,2,True,156.82025185000143,1.953810529136168
IV,319,319,Trim,2,True,121.6920719419929,2.5683464665456306
IV,320,320,Full,2,True,102.80850353799812,1.9805429658722125
IV,320,320,Global,2,True,157.0982993001147,3.344206742357175
IV,320,320,Huber,2,True,131.5917740585199,3.405997570104988
IV,320,320,Patch,2,True,143.15501669815822,4.497307968210632
IV,320,320,Raw,2,True,163.66519845203817,3.3485374130330965
IV,320,320,Trim,2,True,122.07975684367744,3.411271305669277
IV,321,321,Full,2,True,110.05464272205352,2.233619891715829
IV,321,321,Global,2,True,159.28592376016962,3.920766910894094
IV,321,321,Huber,2,True,133.60209847005987,3.6200380100896266
IV,321,321,Patch,2,True,139.53323396954238,3.938917325068031
IV,321,321,Raw,2,True,165.81021873945537,3.920543377822922
IV,321,321,Trim,2,True,124.28022800474444,3.4948634583868268
IV,322,322,Full,2,True,113.98297754321412,2.7320441251466745
IV,322,322,Global,2,True,163.55785344881843,4.7396780409859725
IV,322,322,Huber,2,True,135.45607500061072,3.331635114099963
IV,322,322,Patch,2,True,146.05648180607113,4.204347035780787
IV,322,322,Raw,2,True,171.05057787114728,4.73832443876831
IV,322,322,Trim,2,True,124.08099634024546,2.893048839581021
IV,323,323,Full,2,True,113.38469882739676,2.3072507630672865
IV,323,323,Global,2,True,165.69545092336594,4.604169188788947
IV,323,323,Huber,2,True,133.02615221848592,3.129146579592543
IV,323,323,Patch,2,True,142.42091154666247,3.686503236344005
IV,323,323,Raw,2,True,172.74932136757138,4.604169188788926
IV,323,323,Trim,2,True,123.15172402705136,2.7960984992671287
IV,324,324,Full,2,True,119.25138404939528,3.731459908211298
IV,324,324,Global,2,True,166.8465158911091,5.860077951766467
IV,324,324,Huber,2,True,132.97043251114982,3.891603737627443
IV,324,324,Patch,2,True,142.53966388980734,5.027876742587124
IV,324,324,Raw,2,True,173.58126554906192,5.866657152608843
IV,324,324,Trim,2,True,122.31209384438316,3.6316810572731897
IV,325,325,Full,2,True,107.78915179415966,1.792649371446959
IV,325,325,Global,2,True,162.66874451902268,3.746897761220705
IV,325,325,Huber,2,True,133.3080950949348,3.123099322379047
IV,325,325,Patch,2,True,132.21239194126235,2.333920423895363
IV,325,325,Raw,2,True,169.47300675208757,3.7462140554250136
IV,325,325,Trim,2,True,121.98277510386283,2.813656471111255
IV,326,326,Full,2,True,107.05328086743016,2.6748040241705224
IV,326,326,Global,2,True,160.0816627109239,4.171350139849742
IV,326,326,Huber,2,True,132.46950539719998,3.603906462054985
IV,326,326,Patch,2,True,135.00878364456275,3.327600513856732
IV,326,326,Raw,2,True,166.8114536434232,4.171150064793519
IV,326,326,Trim,2,True,123.3611151411157,3.293500443014737
IV,327,327,Full,2,True,100.9937457460541,2.710161168703397
IV,327,327,Global,2,True,154.00390362614908,4.098907503080489
IV,327,327,Huber,2,True,131.10664137327527,4.041545463217917
IV,327,327,Patch,2,True,127.49989128818164,3.0353945266374054
IV,327,327,Raw,2,True,160.39608123466493,4.1122896357395
IV,327,327,Trim,2,True,122.62567412460224,3.852436878647289
IV,328,328,Full,2,True,96.80987469534332,1.878090773471384
IV,328,328,Global,2,True,153.36951977901188,3.166716005489922
IV,328,328,Huber,2,True,130.04431576689674,3.330103455544376
IV,328,328,Patch,2,True,128.57118989483988,2.442859524077844
IV,328,328,Raw,2,True,159.58750868493524,3.1681748746506275
IV,328,328,Trim,2,True,122.5717392054954,3.4097615324246746
IV,329,329,Full,2,True,84.0114630651452,2.002967870138155
IV,329,329,Global,2,True,155.02051539570508,3.497084018808702
IV,329,329,Huber,2,True,131.05426912568242,3.707257247848184
IV,329,329,Patch,2,True,129.87798723302652,3.5187759694607927
IV,329,329,Raw,2,True,161.87781788866232,3.5038445946716177
IV,329,329,Trim,2,True,124.77274072725,3.6018545442366863
IV,330,330,Full,2,True,85.34249286140233,1.9624091582488885
IV,330,330,Global,2,True,154.5990240649963,2.7246423445893115
IV,330,330,Huber,2,True,129.5867207539866,2.7225043665240003
IV,330,330,Patch,2,True,127.02478600058906,2.4878860028273926
IV,330,330,Raw,2,True,161.3805922574268,2.725489593918016
IV,330,330,Trim,2,True,122.94059773834648,2.50959923095381
IV,331,331,Full,2,True,99.96144598601578,1.4017883909213298
IV,331,331,Global,2,True,163.4911682037437,3.751703364766541
IV,331,331,Huber,2,True,130.63115387671016,3.311279381242324
IV,331,331,Patch,2,True,139.24384181575996,3.692930890763576
IV,331,331,Raw,2,True,169.63926482454167,3.749001874889021
IV,331,331,Trim,2,True,121.68767337741636,2.967647139714403
IV,332,332,Full,2,True,90.98521211595312,1.5996892405572354
IV,332,332,Global,2,True,157.53848067080455,4.57538449157174
IV,332,332,Huber,2,True,127.67593350707564,3.731456734555158
IV,332,332,Patch,2,True,132.66775234061507,4.234322287340825
IV,332,332,Raw,2,True,163.6977543724454,4.57538449157175
IV,332,332,Trim,2,True,119.47740287526712,3.435157344094939
IV,333,333,Full,2,True,97.13771078280811,1.133844467704351
IV,333,333,Global,2,True,153.2558176394971,3.8072340438124375
IV,333,333,Huber,2,True,126.60961580577008,3.0613347341917008
IV,333,333,Patch,2,True,129.1595766387939,3.4523602276447027
IV,333,333,Raw,2,True,159.90052981360793,3.8102799953126656
IV,333,333,Trim,2,True,117.6634124480495,2.7343080775620323
IV,334,334,Full,2,True,95.01031254048358,1.99700679589425
IV,334,334,Global,2,True,149.3410017064668,4.029944152060038
IV,334,334,Huber,2,True,126.03385057144696,3.412709809872536
IV,334,334,Patch,2,True,125.53901365221712,4.178954494314531
IV,334,334,Raw,2,True,155.62532471133275,4.035709676841614
IV,334,334,Trim,2,True,117.01343846871924,3.15446181360699
IV,335,335,Full,2,True,99.80836486284603,2.2107049967041736
IV,335,335,Global,2,True,153.43244757362604,4.2473625347456165
IV,335,335,Huber,2,True,127.37126525275794,4.0300995919943166
IV,335,335,Patch,2,True,132.65317306123248,4.506296983159086
IV,335,335,Raw,2,True,159.93456725237846,4.251665827518373
IV,335,335,Trim,2,True,117.32577307167423,3.5890633404319154
IV,336,336,Full,2,True,94.48016487486422,1.4027868491945727
IV,336,336,Global,2,True,152.1565678223589,3.8204366946277952
IV,336,336,Huber,2,True,126.29048612773607,3.332393565686449
IV,336,336,Patch,2,True,134.3881787073457,3.8462824960062383
IV,336,336,Raw,2,True,158.95970786064672,3.824819758559685
IV,336,336,Trim,2,True,116.33760781669667,3.17981654084818
IV,337,337,Full,2,True,88.26379286735776,1.0240185542635487
IV,337,337,Global,2,True,153.73496370745153,4.126384189985672
IV,337,337,Huber,2,True,126.0858827031349,3.893157841186407
IV,337,337,Patch,2,True,133.71688227270675,4.062230882483792
IV,337,337,Raw,2,True,160.4146258012247,4.125960779826491
IV,337,337,Trim,2,True,116.73374992598156,3.537998304113453
IV,338,338,Full,2,True,80.99619176207155,1.6479715368287724
IV,338,338,Global,2,True,150.39629884989577,3.143237352099936
IV,338,338,Huber,2,True,124.18326553310384,2.9678888288089054
IV,338,338,Patch,2,True,130.8836342333714,3.342281936488419
IV,338,338,Raw,2,True,156.4458808033566,3.144530040448748
IV,338,338,Trim,2,True,115.93243416511658,2.942289452416077
IV,339,339,Full,2,True,95.43329061951805,0.9527144028869936
IV,339,339,Global,2,True,151.8664739773497,3.070620055561125
IV,339,339,Huber,2,True,123.99746453079844,3.269826036357118
IV,339,339,Patch,2,True,131.50021559998805,3.184794406072448
IV,339,339,Raw,2,True,158.02215466635,3.070620055561123
IV,339,339,Trim,2,True,115.51867867643811,3.27785126353175
IV,340,340,Full,2,True,105.44461258457508,1.4317335991675528
IV,340,340,Global,2,True,154.34846798964765,3.738026570538138
IV,340,340,Huber,2,True,125.59204715191004,3.67844364420958
IV,340,340,Patch,2,True,133.57142742205323,3.366920083912276
IV,340,340,Raw,2,True,161.10605141328983,3.73296077717107
IV,340,340,Trim,2,True,117.57307956026432,3.631894957253286
IV,341,341,Full,2,True,113.32194071046077,1.1376830704743135
IV,341,341,Global,2,True,161.98148745289188,3.349683893875063
IV,341,341,Huber,2,True,127.29427238087924,2.8684407892089703
IV,341,341,Patch,2,True,139.39391369439238,2.663901948726651
IV,341,341,Raw,2,True,167.87917333622457,3.3440614306435807
IV,341,341,Trim,2,True,117.62689033841038,2.694320608650107
IV,342,342,Full,2,True,117.63719176330794,2.376033334514644
IV,342,342,Global,2,True,165.35116895813672,4.577486389787907
IV,342,342,Huber,2,True,129.11854793664423,3.663600010682964
IV,342,342,Patch,2,True,142.16407964024663,3.6223031187676846
IV,342,342,Raw,2,True,171.17690794591888,4.577325823785819
IV,342,342,Trim,2,True,117.31986718525836,3.284519467897019
IV,343,343,Full,2,True,124.11203227114638,1.9965690037961363
IV,343,343,Global,2,True,165.22186998626103,4.007481329030602
IV,343,343,Huber,2,True,129.45112557277795,3.0134359207762724
IV,343,343,Patch,2,True,147.67866684276584,3.3003283105569885
IV,343,343,Raw,2,True,171.06640013945798,4.00685292509566
IV,343,343,Trim,2,True,119.6278213658968,2.690622579836997
IV,344,344,Full,2,True,126.44402026528476,3.8224288259850057
IV,344,344,Global,2,True,173.02891507800763,4.993041360650648
IV,344,344,Huber,2,True,131.26952462398856,3.679017468955802
IV,344,344,Patch,2,True,153.0877693904223,4.157242652658025
IV,344,344,Raw,2,True,179.58024304216673,4.994042824919233
IV,344,344,Trim,2,True,119.65336631808208,3.291851094545054
IV,345,345,Full,2,True,120.42254079095932,3.987708629091767
IV,345,345,Global,2,True,171.46437429328847,5.394084182435762
IV,345,345,Huber,2,True,130.43016853265817,3.923251689389392
IV,345,345,Patch,2,True,147.46227532156513,4.2572202286013
IV,345,345,Raw,2,True,178.7796660175374,5.390931161715313
IV,345,345,Trim,2,True,118.41708319956922,3.551163275331489
IV,346,346,Full,2,True,110.40099719714482,1.5617813196568466
IV,346,346,Global,2,True,166.33716992853675,4.365254041071812
IV,346,346,Huber,2,True,126.63558754579772,3.174477991011542
IV,346,346,Patch,2,True,143.1009272759223,3.343699217455435
IV,346,346,Raw,2,True,173.13938299475086,4.354252086264735
IV,346,346,Trim,2,True,116.3792118390388,2.94700784522849
IV,347,347,Full,2,True,90.51290579275388,2.860514375955808
IV,347,347,Global,2,True,153.74201221637944,4.008458326880617
IV,347,347,Huber,2,True,121.68585354389532,3.475677477796752
IV,347,347,Patch,2,True,131.79048703167786,3.5839541590942803
IV,347,347,Raw,2,True,160.36649863973847,4.005258169716578
IV,347,347,Trim,2,True,112.0302375110626,3.381611732130332
IV,348,348,Full,2,True,88.89711755182596,2.450534625363747
IV,348,348,Global,2,True,154.0414972301615,4.294514393868531
IV,348,348,Huber,2,True,120.6768496369058,3.737142099264025
IV,348,348,Patch,2,True,132.33274135882166,3.66695192974749
IV,348,348,Raw,2,True,161.35976684598847,4.291458617733976
IV,348,348,Trim,2,True,111.4725344193978,3.745807473808585
IV,349,349,Full,2,True,89.47849262184992,2.012514940251016
IV,349,349,Global,2,True,148.06676890854334,2.8815603118077164
IV,349,349,Huber,2,True,121.07357303631365,3.0645705622176767
IV,349,349,Patch,2,True,128.45106191817086,2.6173740831623413
IV,349,349,Raw,2,True,155.97005564349848,2.8674171452543
IV,349,349,Trim,2,True,112.58344695611926,3.1972515862062583
IV,350,350,Full,2,True,97.7606250428788,1.979839888534238
IV,350,350,Global,2,True,154.42757727916663,3.331672328477408
IV,350,350,Huber,2,True,122.52297695193532,3.323313189905832
IV,350,350,Patch,2,True,139.44339113205177,3.453532634492809
IV,350,350,Raw,2,True,162.3666536485529,3.3224746611786125
IV,350,350,Trim,2,True,114.0911008694934,3.367988377871882
IV,351,351,Full,2,True,99.5771956106995,2.3114542083443634
IV,351,351,Global,2,True,150.63795137291956,2.69110795313679
IV,351,351,Huber,2,True,123.34647336283636,2.660333969958113
IV,351,351,Patch,2,True,138.18243919980335,2.7443029283496028
IV,351,351,Raw,2,True,158.50809787805906,2.67874917326572
IV,351,351,Trim,2,True,114.09890005327765,2.605673439387345
IV,352,352,Full,2,True,110.1606287441604,2.6400728972212315
IV,352,352,Global,2,True,161.42227713461477,3.617375992682858
IV,352,352,Huber,2,True,127.75234294744472,3.0869912540252886
IV,352,352,Patch,2,True,146.05661429000554,3.41397773535496
IV,352,352,Raw,2,True,169.60348308582928,3.617262538847189
IV,352,352,Trim,2,True,116.73827022926838,2.8799196475638382
IV,353,353,Full,2,True,119.9835107731756,2.943809936994348
IV,353,353,Global,2,True,162.69877065256503,4.056483815212171
IV,353,353,Huber,2,True,130.06698366799475,3.4921393739525004
IV,353,353,Patch,2,True,148.81233503427498,3.463660286398804
IV,353,353,Raw,2,True,171.08086080326711,4.051794770781945
IV,353,353,Trim,2,True,119.06388858884462,3.2362971459158687
IV,354,354,Full,2,True,124.67308390817873,2.9457691076132417
IV,354,354,Global,2,True,167.33596515594962,3.884636996655874
IV,354,354,Huber,2,True,131.52142312472677,2.811402288870354
IV,354,354,Patch,2,True,156.595173831268,3.648467991871757
IV,354,354,Raw,2,True,176.0324735752445,3.884636996655884
IV,354,354,Trim,2,True,119.45164042574004,2.6142539465110173
IV,355,355,Full,2,True,128.2675810820337,2.8456171686007257
IV,355,355,Global,2,True,168.08589043724268,4.098968005179106
IV,355,355,Huber,2,True,133.74266973176557,3.4444277103343683
IV,355,355,Patch,2,True,156.88998264126997,3.9452279960722514
IV,355,355,Raw,2,True,176.48823760533668,4.097698362687079
IV,355,355,Trim,2,True,121.2731715518626,3.2100321368845304
IV,356,356,Full,2,True,111.363078773309,1.1352252377561267
IV,356,356,Global,2,True,164.20942258737333,3.7422483475257753
IV,356,356,Huber,2,True,131.51754360520917,2.865347306004393
IV,356,356,Patch,2,True,152.51707928776008,3.816801528175591
IV,356,356,Raw,2,True,173.18333853540534,3.7361692133690143
IV,356,356,Trim,2,True,118.18501977615038,2.775382643943233
IV,357,357,Full,2,True,108.16840890501224,1.2446596248872912
IV,357,357,Global,2,True,159.23685566514567,3.7646754714933968
IV,357,357,Huber,2,True,129.0749336892904,2.957296864914372
IV,357,357,Patch,2,True,143.6212620092292,3.4671101383398244
IV,357,357,Raw,2,True,168.04992642552588,3.7646754714933865
IV,357,357,Trim,2,True,116.87042680665004,2.64687812645286
IV,358,358,Full,2,True,126.13165985269316,1.614003550967952
IV,358,358,Global,2,True,168.00191703351592,4.179900622433945
IV,358,358,Huber,2,True,131.65312874442438,3.494590558936852
IV,358,358,Patch,2,True,157.60237724652802,3.917489467376342
IV,358,358,Raw,2,True,175.90918152198148,4.18737123760145
IV,358,358,Trim,2,True,119.77063457324896,3.254137358283592
IV,359,359,Full,2,True,139.0466454333943,1.8844860029544244
IV,359,359,Global,2,True,171.43151187767884,3.487395440030147
IV,359,359,Huber,2,True,129.7407124143377,2.685552210278729
IV,359,359,Patch,2,True,164.10601387970834,2.8440419564917745
IV,359,359,Raw,2,True,179.14139177838547,3.4873954400301512
IV,359,359,Trim,2,True,116.91841047211442,2.4918081667652565
IV,360,360,Full,2,True,145.31126815167218,1.7918455896898404
IV,360,360,Global,2,True,174.00061566045392,3.758724095493836
IV,360,360,Huber,2,True,131.3604180744043,3.1641028311356787
IV,360,360,Patch,2,True,162.45381152131293,2.981416128473956
IV,360,360,Raw,2,True,181.0081997000713,3.759754911724894
IV,360,360,Trim,2,True,119.33637831815795,2.9887929206105013
IV,361,361,Full,2,True,138.41690453826155,1.723335980169355
IV,361,361,Global,2,True,175.2902399224686,3.4918759394688843
IV,361,361,Huber,2,True,131.27253045796942,2.888983374950999
IV,361,361,Patch,2,True,166.6928199244576,3.433723201826316
IV,361,361,Raw,2,True,181.384961442428,3.4918759394688914
IV,361,361,Trim,2,True,117.10426626586148,2.704207193087982
IV,362,362,Full,2,True,136.70592730715012,2.120825431346728
IV,362,362,Global,2,True,176.58667122711944,3.964103776723338
IV,362,362,Huber,2,True,129.72779250291228,2.8839987897956267
IV,362,362,Patch,2,True,166.93000934489714,3.679168596820375
IV,362,362,Raw,2,True,182.0925882391485,3.969558349518302
IV,362,362,Trim,2,True,115.19645973670936,2.494199386673467
IV,363,363,Full,2,True,130.13243681905118,3.131178727081356
IV,363,363,Global,2,True,178.5341550610662,5.253086371114425
IV,363,363,Huber,2,True,126.33035414359328,3.453014747589416
IV,363,363,Patch,2,True,161.9428473116093,5.026577682850016
IV,363,363,Raw,2,True,183.53411483235143,5.250947497920209
IV,363,363,Trim,2,True,114.75635413631076,3.076349246787677
IV,364,364,Full,2,True,115.7440548319342,3.449776834645048
IV,364,364,Global,2,True,169.39373509517813,4.970357113467289
IV,364,364,Huber,2,True,122.78232641471996,3.192464229980541
IV,364,364,Patch,2,True,156.79559237782914,5.1411492855361285
IV,364,364,Raw,2,True,174.58138624713746,4.968948069015636
IV,364,364,Trim,2,True,112.39430598169744,2.7779276976834715
IV,365,365,Full,2,True,110.85810991860886,3.302351911758603
IV,365,365,Global,2,True,163.60229827738013,4.534058466758498
IV,365,365,Huber,2,True,121.18239604585108,3.025926454298197
IV,365,365,Patch,2,True,152.12259691043664,5.023502382241031
IV,365,365,Raw,2,True,169.3500572577432,4.536888946658993
IV,365,365,Trim,2,True,111.32372453141896,2.623200934928592
IV,366,366,Full,3,True,112.80158274301338,3.4716179175386337
IV,366,366,Global,3,True,166.68325016949478,4.414221174633548
IV,366,366,Huber,3,True,120.6473821549603,2.7578613839520214
IV,366,366,Patch,3,True,148.14886522041,4.387119995076318
IV,366,366,Raw,3,True,172.3739033893283,4.42737386598133
IV,366,366,Trim,3,True,110.82934430916174,2.3310571538684988
IV,367,367,Full,3,True,120.23896874580636,3.5660295922705294
IV,367,367,Global,3,True,156.216245080536,3.688042908269542
IV,367,367,Huber,3,True,119.7636530197064,2.555995792881774
IV,367,367,Patch,3,True,149.25134067802065,3.804881928664121
IV,367,367,Raw,3,True,162.32781546576595,3.695785941664194
IV,367,367,Trim,3,True,109.80346127449036,2.0283822336222603
IV,368,368,Full,3,True,123.09303134508905,3.5451610849420736
IV,368,368,Global,3,True,151.3172245552009,4.527097490431854
IV,368,368,Huber,3,True,119.49526434771914,3.2798955008850235
IV,368,368,Patch,3,True,138.56538850924875,4.499496008486269
IV,368,368,Raw,3,True,156.96918503033984,4.566572651911828
IV,368,368,Trim,3,True,108.36408270993174,2.602042999624825
IV,369,369,Full,3,True,110.91409595057966,2.992135863931764
IV,369,369,Global,3,True,158.8385930310426,4.138543191147851
IV,369,369,Huber,3,True,119.84122126038812,3.31558269525516
IV,369,369,Patch,3,True,144.90573150615276,3.7439443026669337
IV,369,369,Raw,3,True,165.05043502018597,4.1433901317151225
IV,369,369,Trim,3,True,108.87725969802636,2.695900920662708
IV,370,370,Full,3,True,112.59373633237394,2.399851032007964
IV,370,370,Global,3,True,157.57241050820585,3.239214400067352
IV,370,370,Huber,3,True,118.56989536950692,3.191122927593685
IV,370,370,Patch,3,True,142.83929509035303,3.02141226294323
IV,370,370,Raw,3,True,163.80560647023907,3.2453160983358846
IV,370,370,Trim,3,True,110.36802688458232,2.841897914306953
IV,371,371,Full,3,True,125.54988515301028,2.2288902036602978
IV,371,371,Global,3,True,160.81508047017874,2.385670049888687
IV,371,371,Huber,3,True,121.30833081414968,2.1096976756090027
IV,371,371,Patch,3,True,152.38188652527603,2.2816223213983142
IV,371,371,Raw,3,True,167.1100758176526,2.3906885018496915
IV,371,371,Trim,3,True,106.4079704635464,1.9505990900218668
VI,0,0,Full,0,True,66.91086381228725,3.959045372299236
VI,0,0,Global,0,True,143.55675465170106,4.924158570543002
VI,0,0,Huber,0,True,137.80211559671113,4.725143915022509
VI,0,0,Patch,0,True,106.61129452244052,5.764873846447402
VI,0,0,Raw,0,True,148.82663013139725,4.916122977551957
VI,0,0,Trim,0,True,135.99292916068336,4.613807707046368
VI,1,1,Full,0,True,69.14918707300393,3.286580917399794
VI,1,1,Global,0,True,146.54259280257537,4.585871227931285
VI,1,1,Huber,0,True,137.4099014134543,4.172898283486231
VI,1,1,Patch,0,True,108.88781266907915,5.104143735386898
VI,1,1,Raw,0,True,152.12704174652154,4.585390755827114
VI,1,1,Trim,0,True,134.280848922388,4.289166713959034
VI,2,2,Full,0,True,74.27971220243914,4.800295418974269
VI,2,2,Global,0,True,148.79786991362118,6.306839081781919
VI,2,2,Huber,0,True,139.37858816870744,5.507928747921981
VI,2,2,Patch,0,True,112.42273323651258,6.387281172993511
VI,2,2,Raw,0,True,155.5163438278263,6.306839081781899
VI,2,2,Trim,0,True,133.7903405608291,5.345708147647618
VI,3,3,Full,0,True,78.91559633838777,2.932166065760782
VI,3,3,Global,0,True,149.30915359284336,4.04731647064865
VI,3,3,Huber,0,True,138.93976703494354,3.677022423841322
VI,3,3,Patch,0,True,116.88414374121584,4.4508227784987655
VI,3,3,Raw,0,True,157.5692560650436,4.049028099531629
VI,3,3,Trim,0,True,131.00687220570435,3.401004819370198
VI,4,4,Full,0,True,75.16956208013794,3.452329415015847
VI,4,4,Global,0,True,143.57337451600054,4.183196076868371
VI,4,4,Huber,0,True,134.90078553778338,4.323982441380863
VI,4,4,Patch,0,True,111.1019943999492,5.052951589049166
VI,4,4,Raw,0,True,151.40492711490427,4.183191994792766
VI,4,4,Trim,0,True,129.4727635105788,4.170449515442712
VI,5,5,Full,0,True,71.4515447537257,3.191741725197853
VI,5,5,Global,0,True,140.19139309357757,4.671281969148788
VI,5,5,Huber,0,True,131.14662471839424,4.714330005367564
VI,5,5,Patch,0,True,111.56584067977316,5.993242296533156
VI,5,5,Raw,0,True,148.72802999250268,4.665506818002147
VI,5,5,Trim,0,True,125.43439191955304,4.577564772881478
VI,6,6,Full,0,True,74.9294274368768,3.890521552924663
VI,6,6,Global,0,True,144.07688545892634,5.53490630790047
VI,6,6,Huber,0,True,132.95212387286983,5.234492203733785
VI,6,6,Patch,0,True,117.58284244097284,6.917776635006355
VI,6,6,Raw,0,True,152.74119589850528,5.536149267156991
VI,6,6,Trim,0,True,127.65172026395696,5.086867489562816
VI,7,7,Full,0,True,75.19252017456682,3.775284988485355
VI,7,7,Global,0,True,144.29052809091664,4.851704923370804
VI,7,7,Huber,0,True,133.4362440324334,4.05016001785038
VI,7,7,Patch,0,True,116.3236409284911,5.932500773140361
VI,7,7,Raw,0,True,152.49312421602897,4.851415783437144
VI,7,7,Trim,0,True,129.4448933244331,4.047239222246583
VI,8,8,Full,0,True,70.79719364122876,4.3852753642057065
VI,8,8,Global,0,True,145.69665534621234,5.442003368903432
VI,8,8,Huber,0,True,137.02797432303734,4.74162213960683
VI,8,8,Patch,0,True,114.86677845159817,6.279582331728293
VI,8,8,Raw,0,True,154.40232019421464,5.439939235794481
VI,8,8,Trim,0,True,130.6172530175401,4.654352703915815
VI,9,9,Full,0,True,78.40855767093515,5.161679843502779
VI,9,9,Global,0,True,152.89002446299722,5.695298360469939
VI,9,9,Huber,0,True,145.90834163879467,5.52016764184728
VI,9,9,Patch,0,True,124.01804107555137,6.490173052181121
VI,9,9,Raw,0,True,162.76387570565672,5.695298360469941
VI,9,9,Trim,0,True,131.40773744358725,4.984769758953495
VI,10,10,Full,0,True,83.38415687573034,5.588954617226756
VI,10,10,Global,0,True,153.58245519363362,6.072143508966515
VI,10,10,Huber,0,True,148.02399208372285,5.967494807307152
VI,10,10,Patch,0,True,121.5555372518435,6.627160729402519
VI,10,10,Raw,0,True,163.84990616459143,6.069532193233052
VI,10,10,Trim,0,True,133.1014560616158,5.403945545452808
VI,11,11,Full,0,True,78.27570995247846,4.5396428031603175
VI,11,11,Global,0,True,143.21213926409536,4.317295519305539
VI,11,11,Huber,0,True,141.01823988058243,4.460226305170366
VI,11,11,Patch,0,True,114.80487312469,4.718637570827648
VI,11,11,Raw,0,True,152.3683029101362,4.315373101705014
VI,11,11,Trim,0,True,129.82031119807976,4.081472539700982
VI,12,12,Full,0,True,69.40976246071322,3.5698988757788404
VI,12,12,Global,0,True,142.6936325168656,5.496138237183104
VI,12,12,Huber,0,True,141.6340205181665,5.54878632142511
VI,12,12,Patch,0,True,111.24357152841765,6.261441209737575
VI,12,12,Raw,0,True,151.08436946473967,5.506534194407443
VI,12,12,Trim,0,True,130.6516691836889,5.135052195374278
VI,13,13,Full,0,True,79.18155278094434,3.0401354738920574
VI,13,13,Global,0,True,153.18230055090976,5.742778496689766
VI,13,13,Huber,0,True,151.15764452242652,5.234953298238778
VI,13,13,Patch,0,True,125.39937352513884,5.619949643749271
VI,13,13,Raw,0,True,163.08384629251057,5.743751682491509
VI,13,13,Trim,0,True,134.08100141266516,4.4730772476500285
VI,14,14,Full,0,True,90.8327757213089,3.036689271671352
VI,14,14,Global,0,True,157.99335119276282,5.716221218102713
VI,14,14,Huber,0,True,151.68100981960896,5.164794510331132
VI,14,14,Patch,0,True,132.62270357752033,5.75342059011346
VI,14,14,Raw,0,True,168.55513728444114,5.716289539132535
VI,14,14,Trim,0,True,131.80913109159846,4.151263069666042
VI,15,15,Full,0,True,85.03862691925892,3.6736489625466073
VI,15,15,Global,0,True,149.32565270470386,5.454939587857056
VI,15,15,Huber,0,True,139.15105159899295,5.16419060456093
VI,15,15,Patch,0,True,124.97331691159606,5.62230094319518
VI,15,15,Raw,0,True,159.33941877436058,5.4582045497319
VI,15,15,Trim,0,True,127.72607403400283,5.054423384934093
VI,16,16,Full,0,True,89.11294002186709,4.3788575440138064
VI,16,16,Global,0,True,146.37992214731474,5.937580756237664
VI,16,16,Huber,0,True,133.11218539670466,5.562687008736858
VI,16,16,Patch,0,True,121.86514212780946,6.59114282379671
VI,16,16,Raw,0,True,156.15726873046648,5.940196495100716
VI,16,16,Trim,0,True,126.3986106833799,5.528415844925302
VI,17,17,Full,0,True,88.62841081797632,3.072436247843718
VI,17,17,Global,0,True,142.02577353554167,4.074315311560094
VI,17,17,Huber,0,True,129.38906380677898,3.970275346626495
VI,17,17,Patch,0,True,118.38797900301098,5.752325799801375
VI,17,17,Raw,0,True,151.3464905926848,4.078496399957601
VI,17,17,Trim,0,True,124.58398013198143,3.902615255502964
VI,18,18,Full,0,True,85.00591876957415,2.668875145396649
VI,18,18,Global,0,True,137.10345234546966,4.455640448985316
VI,18,18,Huber,0,True,125.42467638217168,4.109190301006953
VI,18,18,Patch,0,True,116.0367131825352,5.521441798344215
VI,18,18,Raw,0,True,146.08169726687532,4.456519337665111
VI,18,18,Trim,0,True,121.22406032146893,4.1139611991709
VI,19,19,Full,0,True,74.30087989901311,2.6197696396926524
VI,19,19,Global,0,True,139.92832093531155,5.473558431542325
VI,19,19,Huber,0,True,129.228603987643,4.709139594578355
VI,19,19,Patch,0,True,113.16367839982114,6.0964822310448605
VI,19,19,Raw,0,True,148.62554572919302,5.469626925583501
VI,19,19,Trim,0,True,125.15711085848416,4.7136417271127335
VI,20,20,Full,0,True,79.55543730208053,3.661099461772863
VI,20,20,Global,0,True,149.59096628889057,6.331421003882433
VI,20,20,Huber,0,True,135.69837415684344,5.373611520676767
VI,20,20,Patch,0,True,116.4829812239137,5.901642777317471
VI,20,20,Raw,0,True,158.3950859458633,6.336142827199101
VI,20,20,Trim,0,True,128.38425221798022,5.212953141578666
VI,21,21,Full,0,True,73.73727814530697,3.132460212522953
VI,21,21,Global,0,True,148.18566292214464,6.246838416253516
VI,21,21,Huber,0,True,139.66155574094984,5.777291316453333
VI,21,21,Patch,0,True,112.59532936484356,5.405327827005857
VI,21,21,Raw,0,True,156.29876363566726,6.249994648290088
VI,21,21,Trim,0,True,129.51593335264403,5.452836195413625
VI,22,22,Full,0,True,72.6032147062179,1.850227370122216
VI,22,22,Global,0,True,141.56656801956638,3.8328382902800753
VI,22,22,Huber,0,True,132.18979623858544,3.745641817415021
VI,22,22,Patch,0,True,104.15326676880017,4.47216168853373
VI,22,22,Raw,0,True,149.4569197631465,3.820962892828501
VI,22,22,Trim,0,True,126.3308256829136,3.597754590523331
VI,23,23,Full,0,True,70.1858692803191,2.1267438693962166
VI,23,23,Global,0,True,131.49863613972843,4.126330084269977
VI,23,23,Huber,0,True,125.51429391511076,4.081024570013564
VI,23,23,Patch,0,True,88.9037051283268,4.437350262247826
VI,23,23,Raw,0,True,138.51690381793904,4.124843338751022
VI,23,23,Trim,0,True,122.43913422046978,4.033365393948199
VI,24,24,Full,0,True,52.16883835481699,2.2689006066560444
VI,24,24,Global,0,True,129.0087508221964,4.59450232452665
VI,24,24,Huber,0,True,122.52332998373517,4.133471648659319
VI,24,24,Patch,0,True,86.64287307149752,4.495310873554623
VI,24,24,Raw,0,True,136.66836451021706,4.590854467131406
VI,24,24,Trim,0,True,119.63415889225357,4.306651785594891
VI,25,25,Full,0,True,67.53246487238185,1.9174252032965848
VI,25,25,Global,0,True,139.96580569170862,5.54736289859237
VI,25,25,Huber,0,True,128.3498809126856,4.957354244588723
VI,25,25,Patch,0,True,101.45842800479842,5.048258954951448
VI,25,25,Raw,0,True,148.95619195369554,5.551830687848256
VI,25,25,Trim,0,True,123.83533279472084,5.081125044345103
VI,26,26,Full,0,True,70.28309756974227,1.0801600740024526
VI,26,26,Global,0,True,143.51819588222577,4.6233770915572405
VI,26,26,Huber,0,True,133.84608499099338,3.667897305062597
VI,26,26,Patch,0,True,105.92503864172004,3.934196820473365
VI,26,26,Raw,0,True,153.02759628245957,4.624442332102668
VI,26,26,Trim,0,True,125.26970673765412,3.608573799502452
VI,27,27,Full,0,True,73.41255627212463,1.5002774134450625
VI,27,27,Global,0,True,147.3189517641196,4.518395987892532
VI,27,27,Huber,0,True,136.00036320847278,4.037953311250676
VI,27,27,Patch,0,True,110.34428266297247,4.027344643574741
VI,27,27,Raw,0,True,156.95391063526975,4.520446825352983
VI,27,27,Trim,0,True,126.44556761320938,3.909189832195451
VI,28,28,Full,0,True,74.28199785930937,2.008919587284252
VI,28,28,Global,0,True,148.05210917690337,4.700279501293801
VI,28,28,Huber,0,True,138.5431158623876,4.519758297137071
VI,28,28,Patch,0,True,110.71818136966924,4.241256492166768
VI,28,28,Raw,0,True,157.30974435143804,4.697312821989447
VI,28,28,Trim,0,True,128.18485580973245,4.351949670934037
VI,29,29,Full,0,True,68.82189042441738,2.834813916487292
VI,29,29,Global,0,True,143.19156990335864,5.253778592888428
VI,29,29,Huber,0,True,134.75626363686044,5.092310704345219
VI,29,29,Patch,0,True,106.70332717331604,5.600087948164995
VI,29,29,Raw,0,True,151.85996047218947,5.254396249784185
VI,29,29,Trim,0,True,125.27634941028631,4.968598473172741
VI,30,30,Full,0,True,62.80590365968582,2.476852702860961
VI,30,30,Global,0,True,139.36198310952767,4.507386628388868
VI,30,30,Huber,0,True,132.7072466317472,3.8372231898578497
VI,30,30,Patch,0,True,102.1155538473895,5.154637986140575
VI,30,30,Raw,0,True,147.85958022909705,4.509032326167583
VI,30,30,Trim,0,True,121.97785672038012,3.9080291620929897
VI,31,31,Full,0,True,67.81937066196137,2.4117742115765086
VI,31,31,Global,0,True,142.97172890167826,3.844127759997849
VI,31,31,Huber,0,True,137.53930391135245,3.467199524597752
VI,31,31,Patch,0,True,104.04005597040756,3.752560765700194
VI,31,31,Raw,0,True,151.13694978083257,3.843456088248108
VI,31,31,Trim,0,True,128.18279188628685,3.1663389804735127
VI,32,32,Full,0,True,73.59262900176459,3.9808228066842326
VI,32,32,Global,0,True,148.03163913911166,5.606132725038303
VI,32,32,Huber,0,True,137.3862457657483,4.670098391206825
VI,32,32,Patch,0,True,112.4040240920315,5.72278386230239
VI,32,32,Raw,0,True,156.54645738937097,5.602187833124552
VI,32,32,Trim,0,True,129.24553250526435,4.910201578322731
VI,33,33,Full,0,True,80.36857359362476,3.414062442134474
VI,33,33,Global,0,True,152.62069238729052,4.720579182326503
VI,33,33,Huber,0,True,141.45886230182592,4.254904986196723
VI,33,33,Patch,0,True,117.72858961317748,4.754689909052607
VI,33,33,Raw,0,True,162.10904467639494,4.719372822855423
VI,33,33,Trim,0,True,129.27028287873068,3.978569768575333
VI,34,34,Full,0,True,75.40699150603815,3.582347048755313
VI,34,34,Global,0,True,147.26125493123672,3.7781067226540337
VI,34,34,Huber,0,True,134.65997739271106,3.6322935110280543
VI,34,34,Patch,0,True,111.89686964328467,3.961402684499424
VI,34,34,Raw,0,True,156.4010113072841,3.779888446914253
VI,34,34,Trim,0,True,127.46172818810945,3.680853429377513
VI,35,35,Full,0,True,74.19772657610915,4.157494736863765
VI,35,35,Global,0,True,142.66672683949642,4.998789059681411
VI,35,35,Huber,0,True,131.48921124297726,4.913289352964585
VI,35,35,Patch,0,True,108.34765508547532,4.964670481449255
VI,35,35,Raw,0,True,151.3364189526446,5.001879187101816
VI,35,35,Trim,0,True,125.51355761964228,4.756012634767225
VI,36,36,Full,0,True,63.76252361945195,4.309129858596709
VI,36,36,Global,0,True,133.69898318222565,4.296655987596731
VI,36,36,Huber,0,True,125.1777638029965,4.144080956903095
VI,36,36,Patch,0,True,98.85846216940364,5.297837443304182
VI,36,36,Raw,0,True,140.80943343853926,4.295151437892984
VI,36,36,Trim,0,True,122.80011534053268,4.033126654289817
VI,37,37,Full,0,True,63.892308056786085,3.037074939139249
VI,37,37,Global,0,True,134.74540029516538,4.189297176278949
VI,37,37,Huber,0,True,124.45529900770758,3.2651009428447506
VI,37,37,Patch,0,True,103.21558066829851,5.007426511880473
VI,37,37,Raw,0,True,141.97598923069128,4.183590385040915
VI,37,37,Trim,0,True,120.79412725325044,3.3821693323137465
VI,38,38,Full,0,True,59.96525369028332,4.058586178031897
VI,38,38,Global,0,True,135.53774502544795,5.128884872065694
VI,38,38,Huber,0,True,128.3749324762752,4.515654191056767
VI,38,38,Patch,0,True,99.0777838368386,6.140640726981275
VI,38,38,Raw,0,True,142.40180987590296,5.1272194922728325
VI,38,38,Trim,0,True,125.84650750237212,4.555620619029371
VI,39,39,Full,0,True,65.5731850670087,4.630062406063766
VI,39,39,Global,0,True,140.32679320347506,5.873657257166165
VI,39,39,Huber,0,True,131.0586476619768,5.171669441322898
VI,39,39,Patch,0,True,104.69533395111804,6.556343588260287
VI,39,39,Raw,0,True,147.77667268914763,5.871695231738166
VI,39,39,Trim,0,True,126.15307840036866,5.211387463176569
VI,40,40,Full,0,True,72.87922730937159,2.8391127829617586
VI,40,40,Global,0,True,144.08666479346957,4.338412951812911
VI,40,40,Huber,0,True,133.53661477412942,3.942779661301416
VI,40,40,Patch,0,True,109.24490028217735,4.462353510361972
VI,40,40,Raw,0,True,152.43890387688938,4.336252269980186
VI,40,40,Trim,0,True,126.4222013838822,3.7479114294106
VI,41,41,Full,0,True,76.85698936670394,3.863277912562035
VI,41,41,Global,0,True,143.77164667941076,4.63358029484662
VI,41,41,Huber,0,True,132.66361742162766,4.484367888967686
VI,41,41,Patch,0,True,112.28025534665262,5.5206962990284
VI,41,41,Raw,0,True,152.76831802049543,4.6332715674076805
VI,41,41,Trim,0,True,125.16683894643931,4.368811490580637
VI,42,42,Full,0,True,79.68049772086782,4.557813775428073
VI,42,42,Global,0,True,141.44059409652348,5.1193743544840205
VI,42,42,Huber,0,True,130.3204110096332,5.029722092212317
VI,42,42,Patch,0,True,112.07521187864852,6.4074414547705
VI,42,42,Raw,0,True,150.21328773280908,5.119417902988753
VI,42,42,Trim,0,True,125.15676244572802,4.957491348213358
VI,43,43,Full,0,True,73.45270691767472,3.029537995416559
VI,43,43,Global,0,True,136.68176372710315,4.623589919662864
VI,43,43,Huber,0,True,124.9158255647655,3.754481749373204
VI,43,43,Patch,0,True,111.44948314378118,6.067725840088896
VI,43,43,Raw,0,True,145.48377781991528,4.628984226391266
VI,43,43,Trim,0,True,120.9412702448237,3.569550722468074
VI,44,44,Full,0,True,69.89439136868063,3.5843858466536345
VI,44,44,Global,0,True,139.95444596336603,5.28829601043705
VI,44,44,Huber,0,True,128.3794864942668,4.363813962097732
VI,44,44,Patch,0,True,112.98038631461512,6.580235143903086
VI,44,44,Raw,0,True,148.71642313707548,5.298613715002552
VI,44,44,Trim,0,True,124.58279143514191,4.260968827181659
VI,45,45,Full,0,True,67.71912860768742,4.880750491315853
VI,45,45,Global,0,True,141.8991333930217,6.203413027806716
VI,45,45,Huber,0,True,130.81258325552278,5.299803218265207
VI,45,45,Patch,0,True,112.88951672428485,7.26857863316525
VI,45,45,Raw,0,True,150.5500665247735,6.201918388752534
VI,45,45,Trim,0,True,126.75563174226428,5.0423403519199725
VI,46,46,Full,0,True,68.90499403906148,4.059796017505963
VI,46,46,Global,0,True,144.31485954129366,4.751696262441167
VI,46,46,Huber,0,True,133.949350430999,3.913531106142878
VI,46,46,Patch,0,True,116.28141231374065,5.8343654427038825
VI,46,46,Raw,0,True,153.71366578835097,4.753168445143489
VI,46,46,Trim,0,True,127.06315328587752,3.628278078760119
VI,47,47,Full,0,True,76.55043371833062,4.854264249798924
VI,47,47,Global,0,True,150.18490089204914,5.1534866703826046
VI,47,47,Huber,0,True,142.45191792165852,4.689143610882617
VI,47,47,Patch,0,True,122.82462923932472,5.784232534484252
VI,47,47,Raw,0,True,160.4758643315692,5.154530730737947
VI,47,47,Trim,0,True,128.0396770461131,4.225223950320518
VI,48,48,Full,0,True,83.7171648274027,5.497279628367524
VI,48,48,Global,0,True,147.60636534092237,5.146409445418853
VI,48,48,Huber,0,True,141.4009236192341,4.765053907256736
VI,48,48,Patch,0,True,118.48410399846652,5.994394280975753
VI,48,48,Raw,0,True,157.37343486060928,5.147159091821697
VI,48,48,Trim,0,True,129.83819839510826,4.550418782886571
VI,49,49,Full,0,True,77.20383219446921,4.281346594591234
VI,49,49,Global,0,True,137.94133636037466,3.814151895444597
VI,49,49,Huber,0,True,132.52810312100544,3.358738560767494
VI,49,49,Patch,0,True,109.41018995143034,4.8460179414677045
VI,49,49,Raw,0,True,146.34510465975413,3.816889646041194
VI,49,49,Trim,0,True,124.7012499673359,3.256594053946509
VI,50,50,Full,0,True,64.30679900730465,3.0508332677114787
VI,50,50,Global,0,True,141.141436499737,5.490795866608776
VI,50,50,Huber,0,True,136.4228932872893,4.757181333947007
VI,50,50,Patch,0,True,111.08161071790045,6.217961571810586
VI,50,50,Raw,0,True,149.84050863679676,5.492094852243943
VI,50,50,Trim,0,True,128.0147439950633,4.579164181694392
VI,51,51,Full,0,True,79.47826235473865,3.460319736780016
VI,51,51,Global,0,True,151.5601465269541,5.68503359509551
VI,51,51,Huber,0,True,144.36044377390084,4.89801287911567
VI,51,51,Patch,0,True,124.6379027901713,6.102829528002945
VI,51,51,Raw,0,True,161.54767054974485,5.692086933554831
VI,51,51,Trim,0,True,130.1302855163707,4.615937447336991
VI,52,52,Full,0,True,89.88001609502017,2.989396343393328
VI,52,52,Global,0,True,154.53693818144825,4.657212340467877
VI,52,52,Huber,0,True,143.1490615673607,3.9510368273624894
VI,52,52,Patch,0,True,130.05145222265736,5.11284875218116
VI,52,52,Raw,0,True,165.11404010032882,4.658566669550559
VI,52,52,Trim,0,True,128.3157161539583,3.500070801701921
VI,53,53,Full,0,True,84.52218939007649,3.63336005664196
VI,53,53,Global,0,True,146.12193282239417,4.616420148658044
VI,53,53,Huber,0,True,133.21084410069287,4.377410522675887
VI,53,53,Patch,0,True,122.54823037261664,5.592374948351854
VI,53,53,Raw,0,True,155.58155335010613,4.628116847973511
VI,53,53,Trim,0,True,125.98973803364058,4.286282539553923
VI,54,54,Full,0,True,86.04991133625443,5.037828527369505
VI,54,54,Global,0,True,141.1968608893874,5.277173997610659
VI,54,54,Huber,0,True,129.55045912332292,4.916847179363095
VI,54,54,Patch,0,True,118.27272505311662,7.396426018356026
VI,54,54,Raw,0,True,150.46731700364728,5.295527247219523
VI,54,54,Trim,0,True,125.84707405162416,4.947299703767818
VI,55,55,Full,0,True,81.13574206456616,4.769168178959289
VI,55,55,Global,0,True,134.64190687511353,4.753218134527616
VI,55,55,Huber,0,True,125.1735513672769,3.973465719474712
VI,55,55,Patch,0,True,110.20735081719988,6.907566616926068
VI,55,55,Raw,0,True,142.57764201744615,4.763187353634243
VI,55,55,Trim,0,True,123.63046407079231,3.818560789247978
VI,56,56,Full,0,True,71.69699449007388,3.7017646442352334
VI,56,56,Global,0,True,129.68039479876165,5.699576520651185
VI,56,56,Huber,0,True,122.44882312109254,4.799469673245115
VI,56,56,Patch,0,True,109.1843900386048,6.4020357959058565
VI,56,56,Raw,0,True,137.61304900585557,5.699576520651189
VI,56,56,Trim,0,True,121.1233696055176,4.539198259865702
VI,57,57,Full,0,True,74.12866773150711,2.5434102172248974
VI,57,57,Global,0,True,137.49849625486917,4.811690931046019
VI,57,57,Huber,0,True,127.5615080552561,3.770102473647811
VI,57,57,Patch,0,True,110.31469837491838,6.196303883633497
VI,57,57,Raw,0,True,145.69532369131554,4.810300239660972
VI,57,57,Trim,0,True,124.44117306744606,3.810033040319116
VI,58,58,Full,0,True,77.16938602485052,3.373799002983465
VI,58,58,Global,0,True,142.6049204842457,5.375341965672703
VI,58,58,Huber,0,True,130.76965828777162,4.705062178008356
VI,58,58,Patch,0,True,111.62986481662575,5.680447375894564
VI,58,58,Raw,0,True,150.79603783598554,5.376365136904817
VI,58,58,Trim,0,True,126.58839197880806,4.735168310343835
VI,59,59,Full,0,True,72.85429821481816,0.4976049714434499
VI,59,59,Global,0,True,145.33443970795588,3.689426677038188
VI,59,59,Huber,0,True,135.1427211821213,3.300646344075828
VI,59,59,Patch,0,True,110.15400684305172,2.8525405862467195
VI,59,59,Raw,0,True,153.42109707672154,3.6991886552110382
VI,59,59,Trim,0,True,127.82897444418796,3.270363774056735
VI,60,60,Full,0,True,73.36095208858606,1.137851036341667
VI,60,60,Global,0,True,143.11314325172987,3.9375996911818407
VI,60,60,Huber,0,True,131.40607850915023,3.831526463601882
VI,60,60,Patch,0,True,107.72712561402184,3.5080277104362527
VI,60,60,Raw,0,True,151.02728276871946,3.9415224384993808
VI,60,60,Trim,0,True,124.54436600241108,3.855506365413652
VI,61,61,Full,0,True,70.05717067269306,2.803896678340063
VI,61,61,Global,0,True,137.50032160538626,5.019911740001361
VI,61,61,Huber,0,True,128.02727724983137,4.978979196325467
VI,61,61,Patch,0,True,99.74728357920203,5.294908830009082
VI,61,61,Raw,0,True,145.31683514011615,5.019911740001359
VI,61,61,Trim,0,True,123.79599055885076,4.933498919012605
VI,62,62,Full,0,True,49.3859721711317,1.843222474323324
VI,62,62,Global,0,True,126.99408384901967,4.279850169203638
VI,62,62,Huber,0,True,122.16609568440958,3.78793090398725
VI,62,62,Patch,0,True,85.13359717338902,4.275509596205863
VI,62,62,Raw,0,True,134.2610933890281,4.229609413676352
VI,62,62,Trim,0,True,119.7705435214003,3.772636910739428
VI,63,63,Full,0,True,57.870601371998696,1.1094083903426866
VI,63,63,Global,0,True,134.5053388336685,5.016529484813275
VI,63,63,Huber,0,True,125.74218020942293,4.362493665699415
VI,63,63,Patch,0,True,94.85088248803692,4.692396902249401
VI,63,63,Raw,0,True,142.68215970212273,5.010878828469688
VI,63,63,Trim,0,True,122.8352996733302,4.423831598607446
VI,64,64,Full,0,True,63.67417302311229,0.7598038018194742
VI,64,64,Global,0,True,139.2046586075708,4.235996869094207
VI,64,64,Huber,0,True,129.39541667208647,3.576479625363884
VI,64,64,Patch,0,True,100.01614500593956,3.859980100608464
VI,64,64,Raw,0,True,148.0058691357103,4.233671377329607
VI,64,64,Trim,0,True,124.9624810255249,3.521484066748956
VI,65,65,Full,0,True,63.027492423635685,1.888609580445608
VI,65,65,Global,0,True,141.29004696121052,5.0165111827481645
VI,65,65,Huber,0,True,131.0228526451071,4.537460739016119
VI,65,65,Patch,0,True,101.24185170523997,4.700662559331128
VI,65,65,Raw,0,True,149.94293559396587,5.015003059762866
VI,65,65,Trim,0,True,125.48849631943226,4.464737516743661
VI,66,66,Full,0,True,66.55099121939581,1.374699302503003
VI,66,66,Global,0,True,142.92872165961336,3.392476380293383
VI,66,66,Huber,0,True,131.88153598865634,3.017014212374841
VI,66,66,Patch,0,True,107.5206241210674,3.674123758317615
VI,66,66,Raw,0,True,151.4525736758377,3.3923678545018854
VI,66,66,Trim,0,True,126.78278414614336,2.922082651135663
VI,67,67,Full,0,True,58.91843216090361,2.543412821447098
VI,67,67,Global,0,True,135.90975381537172,4.463697928248134
VI,67,67,Huber,0,True,128.13138292110614,3.990568727392875
VI,67,67,Patch,0,True,99.84566197751109,4.973050826158106
VI,67,67,Raw,0,True,143.54164419911646,4.463697928248143
VI,67,67,Trim,0,True,124.78544521530496,3.92142760156949
VI,68,68,Full,0,True,59.41973290330724,3.537532403354907
VI,68,68,Global,0,True,135.4333712368041,5.903854941432858
VI,68,68,Huber,0,True,125.2300025993641,5.378195822422516
VI,68,68,Patch,0,True,99.99845440203426,6.175757397150855
VI,68,68,Raw,0,True,142.9144475278715,5.903854941432861
VI,68,68,Trim,0,True,120.7120277334434,5.322011760800086
VI,69,69,Full,0,True,53.51334036218794,3.033194018680337
VI,69,69,Global,0,True,131.4045382952855,4.795927741827367
VI,69,69,Huber,0,True,124.9922614596308,4.336776793594948
VI,69,69,Patch,0,True,92.4233120006236,5.143842352733565
VI,69,69,Raw,0,True,138.08906217385436,4.794193440663338
VI,69,69,Trim,0,True,120.30948988646644,4.343820686241786
VI,70,70,Full,1,True,67.43505347786491,3.3376765435744216
VI,70,70,Global,1,True,143.11768174949609,5.218923787528674
VI,70,70,Huber,1,True,132.40601765963635,4.438331940242912
VI,70,70,Patch,1,True,105.22116756203616,5.495837612829422
VI,70,70,Raw,1,True,151.10847481377692,5.222106186648213
VI,70,70,Trim,1,True,127.18781394709436,4.354625918210924
VI,71,71,Full,1,True,71.66051392512522,2.92663929714528
VI,71,71,Global,1,True,144.49132705797015,4.564658355915432
VI,71,71,Huber,1,True,132.629757062281,3.8302172259922793
VI,71,71,Patch,1,True,109.77223450483656,4.894436213660616
VI,71,71,Raw,1,True,152.70978278288007,4.565219008130872
VI,71,71,Trim,1,True,127.34042185279016,3.791702739274409
VI,72,72,Full,1,True,73.5567602698329,4.2332849589623205
VI,72,72,Global,1,True,147.0104585172235,5.237538347267841
VI,72,72,Huber,1,True,133.58350666778014,4.698287101819908
VI,72,72,Patch,1,True,110.8640076431236,5.461294892795629
VI,72,72,Raw,1,True,155.51164313387608,5.238826228637381
VI,72,72,Trim,1,True,127.51538761852402,4.797274570151648
VI,73,73,Full,1,True,73.48632778204218,5.080875358253785
VI,73,73,Global,1,True,142.50155456795665,5.859815170331377
VI,73,73,Huber,1,True,130.16828521549238,5.536822842541244
VI,73,73,Patch,1,True,108.3432981593289,6.112736666039583
VI,73,73,Raw,1,True,150.77622149254947,5.863306809914476
VI,73,73,Trim,1,True,125.82420000588829,5.531145616235619
VI,74,74,Full,1,True,67.07525720571455,3.8451406544982807
VI,74,74,Global,1,True,135.23051954896445,4.300047875509061
VI,74,74,Huber,1,True,126.2995021097404,4.153179855104359
VI,74,74,Patch,1,True,103.65104311341074,5.1156617875926855
VI,74,74,Raw,1,True,142.9207220869589,4.275587082881021
VI,74,74,Trim,1,True,124.20151735989644,3.9556813405717066
VI,75,75,Full,1,True,73.29248959025715,4.109917424259836
VI,75,75,Global,1,True,137.70127005620722,5.593365735310783
VI,75,75,Huber,1,True,125.13824088863716,4.602627403071235
VI,75,75,Patch,1,True,108.23586554397455,6.385301225494455
VI,75,75,Raw,1,True,146.13187207268174,5.59600029584315
VI,75,75,Trim,1,True,120.58479343250096,4.521202542980935
VI,76,76,Full,1,True,63.696816443050416,3.351907541670548
VI,76,76,Global,1,True,134.09316552427293,4.2495476034630055
VI,76,76,Huber,1,True,126.84164381329954,3.74453621584936
VI,76,76,Patch,1,True,100.06522079881218,5.121522874382144
VI,76,76,Raw,1,True,140.4697413618283,4.249748948448347
VI,76,76,Trim,1,True,124.265897996434,3.7031172076255072
VI,77,77,Full,1,True,64.45315727093245,3.735021811753027
VI,77,77,Global,1,True,138.0323100684866,5.068976703050653
VI,77,77,Huber,1,True,130.1313138477612,4.459826687549701
VI,77,77,Patch,1,True,102.46708104007348,5.659514267448774
VI,77,77,Raw,1,True,145.17656821009552,4.97226731995777
VI,77,77,Trim,1,True,126.13552105476586,4.610972144520443
VI,78,78,Full,1,True,69.43565435939165,3.9134247113926506
VI,78,78,Global,1,True,141.99131452676554,5.4566240537427815
VI,78,78,Huber,1,True,131.92587918160444,4.953484437415936
VI,78,78,Patch,1,True,107.306901873411,5.962652737020765
VI,78,78,Raw,1,True,149.5814655486203,5.447892661536706
VI,78,78,Trim,1,True,126.37926939459598,4.993578519867366
VI,79,79,Full,1,True,74.72242333744671,3.029420124655088
VI,79,79,Global,1,True,144.7243092058316,3.741483858987773
VI,79,79,Huber,1,True,132.83238662472073,3.483961598796269
VI,79,79,Patch,1,True,112.05036116964529,4.842557204879842
VI,79,79,Raw,1,True,153.2348873357083,3.745031076036531
VI,79,79,Trim,1,True,126.44494466463802,3.490642118565884
VI,80,80,Full,1,True,79.82738532598869,3.762064503595768
VI,80,80,Global,1,True,142.84430622339684,4.628867304239484
VI,80,80,Huber,1,True,131.62432603824226,4.300818839705783
VI,80,80,Patch,1,True,116.25891254080294,5.726859342644239
VI,80,80,Raw,1,True,151.82725281081477,4.6317525542373374
VI,80,80,Trim,1,True,125.38049534459364,4.239584697094915
VI,81,81,Full,1,True,72.52129974127071,3.611383700565615
VI,81,81,Global,1,True,138.05333685345428,5.78701070634233
VI,81,81,Huber,1,True,127.2344532533398,5.091473182270178
VI,81,81,Patch,1,True,113.76125723959606,7.157817936553741
VI,81,81,Raw,1,True,147.04226207341455,5.782638020649271
VI,81,81,Trim,1,True,122.3550695980342,5.138802162046056
VI,82,82,Full,1,True,69.59546538439241,3.089600989572453
VI,82,82,Global,1,True,138.0780145571097,4.549324573986266
VI,82,82,Huber,1,True,126.8800764062502,3.590108518672733
VI,82,82,Patch,1,True,111.79077545288835,6.132534408084633
VI,82,82,Raw,1,True,146.57261339987306,4.552655104406498
VI,82,82,Trim,1,True,123.32566021136084,3.511472018751549
VI,83,83,Full,1,True,64.92367899372026,4.353716499183667
VI,83,83,Global,1,True,136.91165871542228,5.645870004749911
VI,83,83,Huber,1,True,128.66120762809365,4.5389395384801325
VI,83,83,Patch,1,True,107.445883050957,6.853670916129637
VI,83,83,Raw,1,True,144.65174663817623,5.649596869312742
VI,83,83,Trim,1,True,126.20423405910672,4.540091415389511
VI,84,84,Full,1,True,67.0376824033314,5.0718719313631615
VI,84,84,Global,1,True,140.5207195158994,6.29762117889379
VI,84,84,Huber,1,True,134.04813931753344,5.319345151653597
VI,84,84,Patch,1,True,109.78683919563368,7.200840926577611
VI,84,84,Raw,1,True,149.36010390970475,6.299356826351561
VI,84,84,Trim,1,True,128.5392423377743,5.153550802902617
VI,85,85,Full,1,True,75.03163508261407,4.104252633936773
VI,85,85,Global,1,True,150.13257705626697,4.540032105753939
VI,85,85,Huber,1,True,139.97169902284722,3.8364834762667424
VI,85,85,Patch,1,True,122.31580547928814,5.541166583427354
VI,85,85,Raw,1,True,160.24068067590756,4.540357838370869
VI,85,85,Trim,1,True,128.4028950859341,3.5719137538196977
VI,86,86,Full,1,True,81.88567210813027,5.493200044697463
VI,86,86,Global,1,True,148.9603738266739,4.535688063703425
VI,86,86,Huber,1,True,140.08189762041815,4.370710291164661
VI,86,86,Patch,1,True,120.98600325813612,5.638555928165458
VI,86,86,Raw,1,True,159.12579005109154,4.535688063703423
VI,86,86,Trim,1,True,129.03370462361147,4.16135796490943
VI,87,87,Full,1,True,79.26598333305841,5.601225678953111
VI,87,87,Global,1,True,139.97177012319605,5.517716504067458
VI,87,87,Huber,1,True,133.63885798345285,5.243249326215245
VI,87,87,Patch,1,True,111.99604175914132,6.825601637842906
VI,87,87,Raw,1,True,148.6976320882904,5.521914262828671
VI,87,87,Trim,1,True,126.49327612035223,5.043386281637253
VI,88,88,Full,1,True,60.82741354411854,2.742637736242913
VI,88,88,Global,1,True,132.70316003991857,4.364260388674261
VI,88,88,Huber,1,True,128.94321519739523,4.011116053655111
VI,88,88,Patch,1,True,103.28622424567078,5.366426508088112
VI,88,88,Raw,1,True,140.17590728802492,4.363672875273591
VI,88,88,Trim,1,True,122.2441107536135,3.966319770989352
VI,89,89,Full,1,True,70.96909885426368,3.1035742616757225
VI,89,89,Global,1,True,144.61544541977025,5.071476430254183
VI,89,89,Huber,1,True,136.13694074246564,4.402621378761356
VI,89,89,Patch,1,True,115.53250003673858,5.897645791957519
VI,89,89,Raw,1,True,153.4255241375386,5.068971014492792
VI,89,89,Trim,1,True,128.6740629792864,4.208110328569345
VI,90,90,Full,1,True,80.09717078400836,3.3853114699707345
VI,90,90,Global,1,True,150.65269422122245,4.950322626850812
VI,90,90,Huber,1,True,138.1940187737383,3.880855126394689
VI,90,90,Patch,1,True,123.46662455144772,5.416350017709273
VI,90,90,Raw,1,True,160.4164466702503,4.951046315956811
VI,90,90,Trim,1,True,128.82849769211558,3.513870572850906
VI,91,91,Full,1,True,81.91778246555295,3.2283633115005395
VI,91,91,Global,1,True,146.7258379564508,4.095881733870884
VI,91,91,Huber,1,True,134.01614651069266,4.089580521257964
VI,91,91,Patch,1,True,122.56595526176876,4.908227680647379
VI,91,91,Raw,1,True,156.01867013861295,4.097857595288327
VI,91,91,Trim,1,True,127.36210893182232,4.120067873400744
VI,92,92,Full,1,True,82.0395897871612,5.102276372157799
VI,92,92,Global,1,True,140.23284313784325,5.145274540345421
VI,92,92,Huber,1,True,130.87909044662717,4.669514726996623
VI,92,92,Patch,1,True,117.403151788855,6.942664852008113
VI,92,92,Raw,1,True,148.8239941304845,5.16239351593721
VI,92,92,Trim,1,True,127.7652131208673,4.550330220797151
VI,93,93,Full,1,True,79.84640443466726,5.161845656160379
VI,93,93,Global,1,True,133.44329649565847,5.594446334312132
VI,93,93,Huber,1,True,127.0775127327759,5.136619811781708
VI,93,93,Patch,1,True,109.23900904672192,7.5931365960665875
VI,93,93,Raw,1,True,141.36939411395073,5.608246766925747
VI,93,93,Trim,1,True,125.88858788626904,4.946720403436759
VI,94,94,Full,1,True,74.79841060737084,3.036266173882924
VI,94,94,Global,1,True,127.19132203831232,4.4126141101213525
VI,94,94,Huber,1,True,121.6140135805291,3.865496029330296
VI,94,94,Patch,1,True,106.02760537737146,5.45793468557501
VI,94,94,Raw,1,True,134.50930788705188,4.433958735003225
VI,94,94,Trim,1,True,120.34888466452784,3.789321691803067
VI,95,95,Full,1,True,71.51746276333056,3.2847498914519733
VI,95,95,Global,1,True,133.51775263457674,5.2325205922538425
VI,95,95,Huber,1,True,127.2840199729268,4.526154021885306
VI,95,95,Patch,1,True,107.04862374228048,6.761817079061095
VI,95,95,Raw,1,True,140.62938667261983,5.23367517102436
VI,95,95,Trim,1,True,125.75901303829096,4.518423064527132
VI,96,96,Full,1,True,72.98728670492028,4.086444534924977
VI,96,96,Global,1,True,138.80615386151896,6.133933249352308
VI,96,96,Huber,1,True,130.87731776965936,5.163281288587106
VI,96,96,Patch,1,True,107.47274583564852,6.919813279869851
VI,96,96,Raw,1,True,146.1834752608405,6.12803126527541
VI,96,96,Trim,1,True,128.49041161588102,5.141104936301503
VI,97,97,Full,1,True,73.67080998299915,2.2872370470617827
VI,97,97,Global,1,True,144.70417455709892,5.5393188639967725
VI,97,97,Huber,1,True,135.14893782172197,5.281223463788358
VI,97,97,Patch,1,True,109.56475824667058,4.886597527357667
VI,97,97,Raw,1,True,152.20455816014305,5.541424514232852
VI,97,97,Trim,1,True,128.82020340841075,5.226904056596667
VI,98,98,Full,1,True,73.68896133311156,1.3629679590860695
VI,98,98,Global,1,True,143.075508045556,3.42259559367277
VI,98,98,Huber,1,True,133.4830625268188,3.395523286982237
VI,98,98,Patch,1,True,111.18507122962544,3.5587053758223304
VI,98,98,Raw,1,True,150.69311814827188,3.426799517986688
VI,98,98,Trim,1,True,127.57185418946236,3.4770148741345945
VI,99,99,Full,1,True,71.48726758891152,1.851823246263914
VI,99,99,Global,1,True,141.47316317859014,4.327138951511571
VI,99,99,Huber,1,True,130.4846677278952,4.215862708948677
VI,99,99,Patch,1,True,101.2734413268856,4.356718733690723
VI,99,99,Raw,1,True,149.38511522807283,4.331555544231379
VI,99,99,Trim,1,True,125.72889233871268,4.234826666449156
VI,100,100,Full,1,True,46.00274041938339,1.929237861149902
VI,100,100,Global,1,True,127.41095410524493,5.118727788273051
VI,100,100,Huber,1,True,122.24594092368363,4.542266947917626
VI,100,100,Patch,1,True,83.8392519718918,4.96384519022489
VI,100,100,Raw,1,True,134.0081653790296,5.109672461791768
VI,100,100,Trim,1,True,121.2510127637553,4.408009336386835
VI,101,101,Full,1,True,57.77518756723999,1.7742728044667728
VI,101,101,Global,1,True,136.39249604960924,5.886746649298009
VI,101,101,Huber,1,True,127.76671034548168,5.091464808847536
VI,101,101,Patch,1,True,95.52515772391924,5.603262278361531
VI,101,101,Raw,1,True,144.38033884124337,5.887327122182096
VI,101,101,Trim,1,True,125.26893165342796,5.162268438661242
VI,102,102,Full,1,True,62.08852217439163,1.0072112905071222
VI,102,102,Global,1,True,140.30509620206345,4.551740098910439
VI,102,102,Huber,1,True,130.52989303781723,3.797148866487184
VI,102,102,Patch,1,True,99.62945542899617,4.116826709296411
VI,102,102,Raw,1,True,148.87172133730414,4.54653766450763
VI,102,102,Trim,1,True,126.44489477742322,3.891447664223442
VI,103,103,Full,1,True,60.50980610176417,2.0720622463046667
VI,103,103,Global,1,True,141.03865336489827,4.601176964061348
VI,103,103,Huber,1,True,132.25568046664475,4.067857728195046
VI,103,103,Patch,1,True,100.7927389408494,4.445188573632289
VI,103,103,Raw,1,True,149.1336892035042,4.595909456617899
VI,103,103,Trim,1,True,127.79597255395116,3.985298005427767
VI,104,104,Full,1,True,62.65472884048116,2.5336415504399548
VI,104,104,Global,1,True,142.26611593623798,5.023676087123758
VI,104,104,Huber,1,True,132.0613258031214,4.668923079452019
VI,104,104,Patch,1,True,105.46302758269309,5.1758897493554885
VI,104,104,Raw,1,True,150.35516294887526,5.022948201094231
VI,104,104,Trim,1,True,128.50439214068143,4.670222495616221
VI,105,105,Full,1,True,56.98598684307788,1.8155710671325056
VI,105,105,Global,1,True,136.80821859786144,3.857074087850721
VI,105,105,Huber,1,True,128.8718398271333,3.244983307440229
VI,105,105,Patch,1,True,99.72062706780233,4.4967085971952665
VI,105,105,Raw,1,True,143.78404514850806,3.8571720952531416
VI,105,105,Trim,1,True,126.01711122519175,3.2246126308605287
VI,106,106,Full,1,True,53.95633206684971,2.969796286880097
VI,106,106,Global,1,True,132.6326352678838,5.336940907612807
VI,106,106,Huber,1,True,123.9142066884707,4.610395403617354
VI,106,106,Patch,1,True,96.50678023056976,5.671747709743133
VI,106,106,Raw,1,True,139.29281742297283,5.334731062932678
VI,106,106,Trim,1,True,120.77586839492568,4.403471071901748
VI,107,107,Full,1,True,55.890862720537925,2.420501273296836
VI,107,107,Global,1,True,134.16232194164607,4.45142064963353
VI,107,107,Huber,1,True,127.89266566878308,3.853789002625106
VI,107,107,Patch,1,True,93.32849763655383,4.95215344248187
VI,107,107,Raw,1,True,140.73411180044528,4.45099808606616
VI,107,107,Trim,1,True,124.55789020999217,3.792547173233884
VI,108,108,Full,1,True,69.52975646847759,2.3331186694828085
VI,108,108,Global,1,True,144.62273933211432,4.068081873189559
VI,108,108,Huber,1,True,134.614974171632,3.353656960329124
VI,108,108,Patch,1,True,107.44860723931708,4.410522584653262
VI,108,108,Raw,1,True,152.58342760433018,4.067371608672691
VI,108,108,Trim,1,True,129.10993966851285,3.304044101820849
VI,109,109,Full,1,True,72.84561154438929,3.8094668127961513
VI,109,109,Global,1,True,147.40819788877468,5.406597767934388
VI,109,109,Huber,1,True,135.47880327575157,4.703976066208016
VI,109,109,Patch,1,True,111.8481387855971,5.8662270943723405
VI,109,109,Raw,1,True,155.3584182942719,5.410446484977182
VI,109,109,Trim,1,True,131.0450928179641,4.670435134873432
VI,110,110,Full,1,True,71.1199930127126,3.144954565389648
VI,110,110,Global,1,True,147.13107333569585,4.247677657881966
VI,110,110,Huber,1,True,133.85862196668285,3.810357152782886
VI,110,110,Patch,1,True,110.12055380925666,4.205343085598151
VI,110,110,Raw,1,True,154.9310343215925,4.247279631159857
VI,110,110,Trim,1,True,129.8281147682907,3.773222206815592
VI,111,111,Full,1,True,75.94582319691882,3.177597292902385
VI,111,111,Global,1,True,143.43668781139624,3.474279645220417
VI,111,111,Huber,1,True,132.13325340052887,3.068245553228888
VI,111,111,Patch,1,True,109.91922203044196,4.050939255737649
VI,111,111,Raw,1,True,151.60713963371862,3.4788606302620155
VI,111,111,Trim,1,True,128.04142799699054,2.984493338121687
VI,112,112,Full,1,True,63.6446442175556,4.232965969769565
VI,112,112,Global,1,True,134.59123448632494,4.989819335707247
VI,112,112,Huber,1,True,127.69626249774429,4.4896525376349
VI,112,112,Patch,1,True,101.47515328050658,5.587426306831842
VI,112,112,Raw,1,True,141.60235729512584,4.992766206425821
VI,112,112,Trim,1,True,125.6800011656444,4.455450139233275
VI,113,113,Full,1,True,73.71892491336723,3.260582181312562
VI,113,113,Global,1,True,139.14976097397482,4.45966243973569
VI,113,113,Huber,1,True,126.84885533158904,3.81380255386726
VI,113,113,Patch,1,True,108.94057265265808,5.09777547212774
VI,113,113,Raw,1,True,147.2192248697433,4.473997149180935
VI,113,113,Trim,1,True,122.53860108024855,3.8044061123833695
VI,114,114,Full,1,True,65.83203118232751,3.262740662316314
VI,114,114,Global,1,True,136.17078265767967,4.226173915019787
VI,114,114,Huber,1,True,128.43710912112917,3.3343703109018943
VI,114,114,Patch,1,True,103.0942430318242,5.413302044906092
VI,114,114,Raw,1,True,142.97439667322945,4.226165832479542
VI,114,114,Trim,1,True,125.9254674971304,3.157328735734891
VI,115,115,Full,1,True,64.39301404857267,4.139137760189081
VI,115,115,Global,1,True,138.51207118234697,5.377881077119992
VI,115,115,Huber,1,True,131.67101519655137,4.461143219567791
VI,115,115,Patch,1,True,101.11779588700354,6.260478040121594
VI,115,115,Raw,1,True,144.91023061336486,5.377881077119972
VI,115,115,Trim,1,True,128.4130011250817,4.741529196969367
VI,116,116,Full,1,True,69.49269856082084,3.161862045511894
VI,116,116,Global,1,True,142.66376714661118,4.753288258910461
VI,116,116,Huber,1,True,132.49108206217167,3.924102658312261
VI,116,116,Patch,1,True,106.67046083499824,5.361604554640608
VI,116,116,Raw,1,True,149.922433238019,4.751034371055729
VI,116,116,Trim,1,True,129.0417751671038,3.850032393814467
VI,117,117,Full,1,True,74.42860087513313,4.113595759154325
VI,117,117,Global,1,True,145.8146113645784,4.997482124874769
VI,117,117,Huber,1,True,134.61899360076987,4.44208554308321
VI,117,117,Patch,1,True,111.33707366003364,6.035941743515086
VI,117,117,Raw,1,True,153.56907382298374,4.998489937898328
VI,117,117,Trim,1,True,128.62545406946205,4.663680498923354
VI,118,118,Full,1,True,78.83158745287706,4.798628136842326
VI,118,118,Global,1,True,145.17259694935856,5.536628622733961
VI,118,118,Huber,1,True,133.9651839763251,5.381654980092339
VI,118,118,Patch,1,True,114.57858644052033,6.543625287880886
VI,118,118,Raw,1,True,153.83096097291065,5.5359142110351565
VI,118,118,Trim,1,True,127.6522690384495,5.153275190465881
VI,119,119,Full,1,True,85.2392164171986,4.31599674008575
VI,119,119,Global,1,True,149.25668911993594,4.675638678588125
VI,119,119,Huber,1,True,139.19079843739323,4.1162638086618895
VI,119,119,Patch,1,True,120.71442754889102,5.915857212373739
VI,119,119,Raw,1,True,157.36190051746766,4.680253119728834
VI,119,119,Trim,1,True,134.29923260982906,4.138624639488425
VI,120,120,Full,1,True,82.07109615426599,3.698390078270529
VI,120,120,Global,1,True,150.8485438616509,5.19293429842226
VI,120,120,Huber,1,True,141.1590681495923,4.350669685344371
VI,120,120,Patch,1,True,123.4493970111332,6.373867688220812
VI,120,120,Raw,1,True,158.48341278192467,5.194079169962836
VI,120,120,Trim,1,True,137.29465722112923,4.3093384718240095
VI,121,121,Full,1,True,83.85464108040539,4.816186421883964
VI,121,121,Global,1,True,155.77386570960817,6.008520834719889
VI,121,121,Huber,1,True,146.40415794726223,5.35285887486194
VI,121,121,Patch,1,True,125.094910170293,7.249135821965966
VI,121,121,Raw,1,True,163.0950185729123,6.0092930441585946
VI,121,121,Trim,1,True,143.78148879468569,5.183153666944097
VI,122,122,Full,1,True,84.23190682468413,3.5483597680191026
VI,122,122,Global,1,True,157.02846787897744,4.906755008964105
VI,122,122,Huber,1,True,148.39727748126472,4.191282422295099
VI,122,122,Patch,1,True,127.6970643874385,5.645394786887146
VI,122,122,Raw,1,True,165.7026831257924,4.898303239405557
VI,122,122,Trim,1,True,142.53172830086586,3.993257360299992
VI,123,123,Full,1,True,89.52732788661802,4.252480977769042
VI,123,123,Global,1,True,163.71434998870632,4.979978714015496
VI,123,123,Huber,1,True,154.0236394261045,4.482104127200869
VI,123,123,Patch,1,True,135.17431260242338,5.818246489943843
VI,123,123,Raw,1,True,173.17186035793398,4.97934691451544
VI,123,123,Trim,1,True,143.6126286625857,4.166569600557516
VI,124,124,Full,1,True,97.4601510647939,5.481144266731896
VI,124,124,Global,1,True,169.00195683075577,5.351121097396014
VI,124,124,Huber,1,True,160.35695218730137,5.063797432554844
VI,124,124,Patch,1,True,139.72214676178558,6.49472903258132
VI,124,124,Raw,1,True,179.55956163217843,5.372625810235938
VI,124,124,Trim,1,True,145.9898333412792,4.642389346892145
VI,125,125,Full,1,True,97.85091726923964,6.122578378614142
VI,125,125,Global,1,True,162.1264332312645,5.295441494073414
VI,125,125,Huber,1,True,154.764879565075,5.425254862025802
VI,125,125,Patch,1,True,131.38993363748898,6.663135911425856
VI,125,125,Raw,1,True,171.70794254473446,5.297967763182165
VI,125,125,Trim,1,True,144.68379597768885,5.222380768020691
VI,126,126,Full,1,True,78.37321257931778,2.9782791637848365
VI,126,126,Global,1,True,149.84248478619978,4.62421834960269
VI,126,126,Huber,1,True,145.1172579126868,4.268075903414993
VI,126,126,Patch,1,True,120.6639831942623,5.749502293177535
VI,126,126,Raw,1,True,157.97110075949666,4.633436460970543
VI,126,126,Trim,1,True,137.78933881360044,4.40231844137764
VI,127,127,Full,1,True,85.09246655007125,3.017750267509227
VI,127,127,Global,1,True,159.76660078714843,5.156906167863547
VI,127,127,Huber,1,True,153.11565862417,4.306127673956462
VI,127,127,Patch,1,True,130.24097487989135,5.626595591984976
VI,127,127,Raw,1,True,169.00418317221917,5.15877230574688
VI,127,127,Trim,1,True,142.34548244510913,4.100314591182203
VI,128,128,Full,1,True,94.68244437874787,2.948022123042361
VI,128,128,Global,1,True,166.52628465481624,5.223349188305945
VI,128,128,Huber,1,True,159.06446443272714,4.450046332701605
VI,128,128,Patch,1,True,140.19255799519556,5.208789144748071
VI,128,128,Raw,1,True,177.00262098992465,5.224223521507612
VI,128,128,Trim,1,True,141.17232174670576,3.65746386153176
VI,129,129,Full,1,True,105.41880105759844,3.863773761899443
VI,129,129,Global,1,True,170.54088789856058,6.0115902843555205
VI,129,129,Huber,1,True,161.1570867820051,5.581847431188272
VI,129,129,Patch,1,True,147.33599600944132,5.99184599119481
VI,129,129,Raw,1,True,181.34428975992185,6.015444101125957
VI,129,129,Trim,1,True,142.6807929897507,5.056926755949989
VI,130,130,Full,1,True,97.2359754011564,3.3967205501883035
VI,130,130,Global,1,True,160.54823569840823,4.195939994950262
VI,130,130,Huber,1,True,147.00124343421362,4.035065658387611
VI,130,130,Patch,1,True,135.9867625945082,4.963343374179429
VI,130,130,Raw,1,True,170.11749482180932,4.216859226933673
VI,130,130,Trim,1,True,138.9942283708842,3.8241054428980967
VI,131,131,Full,1,True,101.12971308064516,4.702829151564068
VI,131,131,Global,1,True,156.54542298773643,4.834933137251675
VI,131,131,Huber,1,True,144.28456022609762,4.476413349188193
VI,131,131,Patch,1,True,131.53415688322974,6.625411100754254
VI,131,131,Raw,1,True,165.7954790920251,4.828190324177673
VI,131,131,Trim,1,True,139.76175926572617,4.203226132670579
VI,132,132,Full,1,True,94.66490810220972,4.50147385084825
VI,132,132,Global,1,True,149.50224564291713,5.513315510090894
VI,132,132,Huber,1,True,139.88333230485557,5.123329403100132
VI,132,132,Patch,1,True,125.1276618812012,7.008704360713645
VI,132,132,Raw,1,True,157.67035484980153,5.519522960338501
VI,132,132,Trim,1,True,136.73602022296902,4.9918806359329135
VI,133,133,Full,1,True,85.07756129891214,2.872196359691196
VI,133,133,Global,1,True,147.86031045956915,4.612404184459334
VI,133,133,Huber,1,True,138.45791371996805,3.67570047100325
VI,133,133,Patch,1,True,124.72973386601102,5.733905797097426
VI,133,133,Raw,1,True,155.9929060615343,4.611392793810133
VI,133,133,Trim,1,True,135.78668218968582,3.528946932346756
VI,134,134,Full,1,True,90.73032502547136,2.654340511859076
VI,134,134,Global,1,True,157.91198581322607,5.099774510076885
VI,134,134,Huber,1,True,144.8546922931333,4.203060158855789
VI,134,134,Patch,1,True,128.8403860422288,5.796791149987237
VI,134,134,Raw,1,True,166.86330740421408,5.100147107624256
VI,134,134,Trim,1,True,139.76790275770406,4.250055230516463
VI,135,135,Full,1,True,91.74605136044192,2.111630354232088
VI,135,135,Global,1,True,163.64479136167876,5.483440505108788
VI,135,135,Huber,1,True,150.818499694745,4.779772244749091
VI,135,135,Patch,1,True,129.07589923335743,4.88966653031696
VI,135,135,Raw,1,True,172.5600364430163,5.482565181114687
VI,135,135,Trim,1,True,140.91576645852152,4.442808193027608
VI,136,136,Full,1,True,83.83006540521976,1.8562948419479297
VI,136,136,Global,1,True,157.51694708815674,5.005668476418127
VI,136,136,Huber,1,True,147.85535907957882,5.0042438906999855
VI,136,136,Patch,1,True,122.30413700416491,4.552002033064963
VI,136,136,Raw,1,True,166.0177873164014,5.007369806393239
VI,136,136,Trim,1,True,139.5633713463488,4.888935465093253
VI,137,137,Full,1,True,82.82430723687833,1.272622486104361
VI,137,137,Global,1,True,153.42878141330664,3.1529516549448267
VI,137,137,Huber,1,True,140.8387711466966,3.4796826021199765
VI,137,137,Patch,1,True,113.80433845210268,3.411096478616535
VI,137,137,Raw,1,True,161.4078916359028,3.1529516549448333
VI,137,137,Trim,1,True,134.01694830802606,3.307818754957155
VI,138,138,Full,1,True,70.48736459936114,2.0305679206597502
VI,138,138,Global,1,True,145.95463486336874,4.614720437393779
VI,138,138,Huber,1,True,137.88147206389704,4.470488630688403
VI,138,138,Patch,1,True,105.27643132457952,4.545741492642773
VI,138,138,Raw,1,True,153.54050794159485,4.617044233601908
VI,138,138,Trim,1,True,133.0453154146547,4.2366809760229005
VI,139,139,Full,1,True,62.85445864069286,0.9162449608224392
VI,139,139,Global,1,True,143.33993582701257,3.535613903526029
VI,139,139,Huber,1,True,136.04409424340045,3.068875618327891
VI,139,139,Patch,1,True,100.59198575321244,3.3477785997115563
VI,139,139,Raw,1,True,150.8097917659292,3.5384670340288022
VI,139,139,Trim,1,True,132.62375333972497,3.230713523126297
VI,140,140,Full,2,True,74.25454934175322,1.350087989397935
VI,140,140,Global,2,True,154.8969085444859,5.041850407313689
VI,140,140,Huber,2,True,145.23893105591017,4.641760525666574
VI,140,140,Patch,2,True,114.28097444565114,4.4743273530432885
VI,140,140,Raw,2,True,163.55080020957504,5.042163121993831
VI,140,140,Trim,2,True,140.98987880081748,4.732776434611653
VI,141,141,Full,2,True,74.84367278853604,1.4411577953704544
VI,141,141,Global,2,True,158.5548820977775,4.620397296451989
VI,141,141,Huber,2,True,147.99048535912033,4.179425640538692
VI,141,141,Patch,2,True,117.04614001728262,4.120231548352234
VI,141,141,Raw,2,True,167.325263815381,4.59590813706215
VI,141,141,Trim,2,True,141.25769998186465,4.291648468798121
VI,142,142,Full,2,True,73.25185324961527,1.266233889018602
VI,142,142,Global,2,True,158.87902471338717,3.549922080933378
VI,142,142,Huber,2,True,147.2571455803161,3.153595814147652
VI,142,142,Patch,2,True,119.49468803373418,3.4281231020699687
VI,142,142,Raw,2,True,167.48296442893144,3.549922080933367
VI,142,142,Trim,2,True,140.49767629731005,3.148683857585016
VI,143,143,Full,2,True,81.53272229990168,2.10266273715971
VI,143,143,Global,2,True,164.22019413991745,4.587170642635179
VI,143,143,Huber,2,True,152.7791005412263,4.390015823021314
VI,143,143,Patch,2,True,127.1410712669161,4.588563033171647
VI,143,143,Raw,2,True,173.2980905011048,4.592022530624084
VI,143,143,Trim,2,True,144.47868385966368,4.354976203480056
VI,144,144,Full,2,True,68.11636207013586,2.229187260712251
VI,144,144,Global,2,True,153.6412868170081,4.093599938336641
VI,144,144,Huber,2,True,145.5115321879103,3.715596340156112
VI,144,144,Patch,2,True,114.78658793480868,4.371941331283029
VI,144,144,Raw,2,True,160.92697247757445,4.101290965579896
VI,144,144,Trim,2,True,139.3197686687633,3.722936834749877
VI,145,145,Full,2,True,69.78064176503833,3.865870492015795
VI,145,145,Global,2,True,154.4579388682982,5.859565114634527
VI,145,145,Huber,2,True,144.25133386733788,5.3313341450721
VI,145,145,Patch,2,True,115.89502838270496,6.362864828765578
VI,145,145,Raw,2,True,161.97352733197442,5.859121372106108
VI,145,145,Trim,2,True,136.81467151298267,5.0716675963155895
VI,146,146,Full,2,True,68.75082224527017,3.043005788489207
VI,146,146,Global,2,True,151.70315706070977,5.024946220811726
VI,146,146,Huber,2,True,145.78261097621717,4.9087699589995015
VI,146,146,Patch,2,True,109.8031214010367,5.215249727793303
VI,146,146,Raw,2,True,158.55648138854312,5.018791355436607
VI,146,146,Trim,2,True,139.3222656813872,4.810857034699123
VI,147,147,Full,2,True,80.82787371907757,4.16767586613779
VI,147,147,Global,2,True,161.11635521376255,5.700638708136453
VI,147,147,Huber,2,True,152.4870776543273,5.061203179633785
VI,147,147,Patch,2,True,121.62023601558454,5.581768274902871
VI,147,147,Raw,2,True,169.25049803969063,5.7006387081364895
VI,147,147,Trim,2,True,143.96995027791843,4.925222167246094
VI,148,148,Full,2,True,84.10348854597736,3.916639807750577
VI,148,148,Global,2,True,162.90128040778976,5.417100828623217
VI,148,148,Huber,2,True,151.98060497713118,4.775663927048965
VI,148,148,Patch,2,True,123.97231047734508,5.652012246949585
VI,148,148,Raw,2,True,171.0491960099045,5.416161330478364
VI,148,148,Trim,2,True,145.43787445979976,4.804127765524151
VI,149,149,Full,2,True,89.74978249905213,3.572955484013276
VI,149,149,Global,2,True,165.84829958305428,4.941458299327239
VI,149,149,Huber,2,True,153.75555298372393,4.505895617955847
VI,149,149,Patch,2,True,126.9896863763319,4.374561149399911
VI,149,149,Raw,2,True,174.76772426031093,4.944217138038342
VI,149,149,Trim,2,True,143.48264975272235,4.329681425300626
VI,150,150,Full,2,True,88.22414307914111,5.1667033490308265
VI,150,150,Global,2,True,163.7246671756123,5.726321446336978
VI,150,150,Huber,2,True,151.1186024708177,5.694800289043263
VI,150,150,Patch,2,True,126.44412018681868,5.701190325907317
VI,150,150,Raw,2,True,171.943414156315,5.7263214463370025
VI,150,150,Trim,2,True,144.89462852609435,5.519381495771652
VI,151,151,Full,2,True,84.42076134963186,4.0317946456934095
VI,151,151,Global,2,True,155.91960493844158,4.479641096452044
VI,151,151,Huber,2,True,143.31451211053474,4.441965157792323
VI,151,151,Patch,2,True,121.31253958940196,5.025600012892984
VI,151,151,Raw,2,True,164.07611949653568,4.4808738541680935
VI,151,151,Trim,2,True,139.16584979219624,4.328642029429689
VI,152,152,Full,2,True,75.45136509476207,3.616669281280824
VI,152,152,Global,2,True,146.70174964845268,3.985741558132392
VI,152,152,Huber,2,True,136.99857612418327,3.515097224753508
VI,152,152,Patch,2,True,113.5888721386402,4.897311538616736
VI,152,152,Raw,2,True,153.70343685454984,3.988237839953914
VI,152,152,Trim,2,True,133.5645439625688,3.337013455111061
VI,153,153,Full,2,True,76.66497640794664,4.137947818748359
VI,153,153,Global,2,True,151.75899152222752,5.035650045040189
VI,153,153,Huber,2,True,143.0192735523717,4.376603767377119
VI,153,153,Patch,2,True,116.30676399070316,5.684676038726652
VI,153,153,Raw,2,True,158.42411654808822,5.046853040334088
VI,153,153,Trim,2,True,140.0272700225496,4.386036653890471
VI,154,154,Full,2,True,73.01560483534159,3.422537928913241
VI,154,154,Global,2,True,150.64497971094218,3.9932535996628302
VI,154,154,Huber,2,True,143.653252634475,3.5853893976149926
VI,154,154,Patch,2,True,114.30076588034356,4.91340755773702
VI,154,154,Raw,2,True,157.00417428069878,3.992771195439124
VI,154,154,Trim,2,True,140.8614173411029,3.683241088214168
VI,155,155,Full,2,True,84.08124629684364,4.149781147352322
VI,155,155,Global,2,True,160.2477372463903,5.260933194533878
VI,155,155,Huber,2,True,150.14923521473932,4.68847765575352
VI,155,155,Patch,2,True,122.86284735130752,5.744222766100302
VI,155,155,Raw,2,True,167.53618671274089,5.260933081487629
VI,155,155,Trim,2,True,143.86378729934842,4.609369870412741
VI,156,156,Full,2,True,85.11782366319437,2.7431180436756195
VI,156,156,Global,2,True,159.163925192867,4.000148346887838
VI,156,156,Huber,2,True,148.9212693332442,3.5382429975919747
VI,156,156,Patch,2,True,123.63434041915492,4.3292153682762855
VI,156,156,Raw,2,True,166.73285885576394,3.9983519782016574
VI,156,156,Trim,2,True,141.57254878326196,3.258202531087065
VI,157,157,Full,2,True,90.53827754918314,4.397703268210403
VI,157,157,Global,2,True,161.0404023698824,4.629649706626052
VI,157,157,Huber,2,True,150.0269784505687,4.549174908131821
VI,157,157,Patch,2,True,127.00207826129184,5.379228449826556
VI,157,157,Raw,2,True,169.2620621372592,4.629649706626047
VI,157,157,Trim,2,True,142.8170550198669,4.536962172709792
VI,158,158,Full,2,True,89.02807559025788,3.669899984925455
VI,158,158,Global,2,True,155.929604638856,3.8578284740790094
VI,158,158,Huber,2,True,144.60033148658096,3.786554447551581
VI,158,158,Patch,2,True,124.24617202562386,5.089107947512965
VI,158,158,Raw,2,True,163.70390341946205,3.8578775818130047
VI,158,158,Trim,2,True,139.1446241792477,3.5416983347444275
VI,159,159,Full,2,True,84.93616213934249,3.398884816001123
VI,159,159,Global,2,True,156.01632367188287,5.060806934521557
VI,159,159,Huber,2,True,144.21705131270008,4.607326215290013
VI,159,159,Patch,2,True,127.56359007315191,6.241417366119818
VI,159,159,Raw,2,True,163.90606551228535,5.06143727872759
VI,159,159,Trim,2,True,138.30657365816796,4.411104325496822
VI,160,160,Full,2,True,82.79289911433324,3.7694335409483513
VI,160,160,Global,2,True,154.46178083780552,4.714317820610254
VI,160,160,Huber,2,True,143.54131117240814,3.8632417259675016
VI,160,160,Patch,2,True,123.58549807939286,5.850321768440882
VI,160,160,Raw,2,True,162.39453725152765,4.713466895499295
VI,160,160,Trim,2,True,140.4679648618522,3.710926865754416
VI,161,161,Full,2,True,89.28062552884805,4.933548286493
VI,161,161,Global,2,True,161.50377822779586,5.97907908198753
VI,161,161,Huber,2,True,150.60577669810226,5.126653307817679
VI,161,161,Patch,2,True,130.94358178900282,6.980715730268034
VI,161,161,Raw,2,True,170.18456764944426,5.977127250548304
VI,161,161,Trim,2,True,144.787782291949,4.960941630830465
VI,162,162,Full,2,True,86.70016223301265,4.406854525175804
VI,162,162,Global,2,True,160.17977160273242,4.985192682181854
VI,162,162,Huber,2,True,150.67898556392444,4.1925271507204265
VI,162,162,Patch,2,True,129.0570573245797,6.069856041842434
VI,162,162,Raw,2,True,168.83916811492188,5.005268122207851
VI,162,162,Trim,2,True,143.41957830515156,4.059274442955396
VI,163,163,Full,2,True,96.04262709388948,5.457418742068897
VI,163,163,Global,2,True,168.9804272197778,6.185387642639398
VI,163,163,Huber,2,True,159.9672272628906,5.6595182845797645
VI,163,163,Patch,2,True,137.7613199104147,6.989347407188656
VI,163,163,Raw,2,True,178.4287862168472,6.192127734834441
VI,163,163,Trim,2,True,146.33618330730656,5.244597376644843
VI,164,164,Full,2,True,95.29512858189234,4.380248814925928
VI,164,164,Global,2,True,164.34130900173665,4.248826522506381
VI,164,164,Huber,2,True,155.29028176332716,4.297910266419836
VI,164,164,Patch,2,True,129.57311886063127,5.265556927196816
VI,164,164,Raw,2,True,173.70077073374077,4.249806213287386
VI,164,164,Trim,2,True,144.33943600176752,3.9910903124262873
VI,165,165,Full,2,True,79.353619638508,3.799169722709151
VI,165,165,Global,2,True,157.11176545460387,5.451534023696893
VI,165,165,Huber,2,True,150.04022782364862,5.300653854732121
VI,165,165,Patch,2,True,125.23470850556215,6.290741331986733
VI,165,165,Raw,2,True,165.22863611562423,5.451534023696894
VI,165,165,Trim,2,True,141.4337625283506,5.029939938274887
VI,166,166,Full,2,True,77.19739631712429,1.5787463819684429
VI,166,166,Global,2,True,152.3171534581264,3.298008947382133
VI,166,166,Huber,2,True,146.6889082687036,2.728121397487499
VI,166,166,Patch,2,True,122.02120849175994,3.795107920629401
VI,166,166,Raw,2,True,159.5265427591356,3.30494984817665
VI,166,166,Trim,2,True,139.6585875042028,2.59100146205721
VI,167,167,Full,2,True,89.71305881424436,2.041823524298068
VI,167,167,Global,2,True,161.7991224361039,4.55215247760869
VI,167,167,Huber,2,True,156.1077106799426,3.763506339779757
VI,167,167,Patch,2,True,130.4623744706648,4.364340047419373
VI,167,167,Raw,2,True,170.50493138468735,4.551717837505902
VI,167,167,Trim,2,True,143.84715475837498,3.040870220923708
VI,168,168,Full,2,True,99.59931160431712,2.487465808666518
VI,168,168,Global,2,True,167.62142063883874,5.2794706343908535
VI,168,168,Huber,2,True,159.73723819514373,4.32881980675679
VI,168,168,Patch,2,True,138.0629156445311,5.161815983633346
VI,168,168,Raw,2,True,177.1353425062904,5.275221619309131
VI,168,168,Trim,2,True,143.62469370030414,3.21134717554784
VI,169,169,Full,2,True,104.36115421404934,4.029336271239156
VI,169,169,Global,2,True,171.81519569754275,6.084204963989955
VI,169,169,Huber,2,True,163.81148081736575,5.725604636589529
VI,169,169,Patch,2,True,144.74494141700853,5.647857198188334
VI,169,169,Raw,2,True,181.9985815272385,6.085394730465948
VI,169,169,Trim,2,True,146.16340529737028,5.015688541467956
VI,170,170,Full,2,True,103.3658554416996,3.3327023494163663
VI,170,170,Global,2,True,166.66269197419004,4.731125465627587
VI,170,170,Huber,2,True,155.36604772090567,4.33506918772437
VI,170,170,Patch,2,True,140.88356267696932,4.915664708409275
VI,170,170,Raw,2,True,175.94615225493322,4.732444772235647
VI,170,170,Trim,2,True,143.91034087534928,4.113753021554184
VI,171,171,Full,2,True,96.95250274086254,4.144689765606973
VI,171,171,Global,2,True,159.0321862297249,3.765515023088744
VI,171,171,Huber,2,True,146.2881433889572,3.4221278372717947
VI,171,171,Patch,2,True,132.1746966320138,5.267450258461617
VI,171,171,Raw,2,True,167.9244982974671,3.772763014205753
VI,171,171,Trim,2,True,141.0520006549021,3.3774675486330192
VI,172,172,Full,2,True,93.58554115423618,5.014795964633005
VI,172,172,Global,2,True,155.29349727685508,5.260144147728497
VI,172,172,Huber,2,True,143.78506937334217,4.944177456161832
VI,172,172,Patch,2,True,129.94616163173683,7.067114875981134
VI,172,172,Raw,2,True,163.79764854702017,5.262559465612076
VI,172,172,Trim,2,True,139.78790653813192,4.778071967659667
VI,173,173,Full,2,True,85.66361689436799,2.862531926099245
VI,173,173,Global,2,True,150.20521987116655,4.650645929669056
VI,173,173,Huber,2,True,139.75663201927813,4.026192157281027
VI,173,173,Patch,2,True,126.54791129065028,5.302993761676103
VI,173,173,Raw,2,True,158.0890801854044,4.65190744384812
VI,173,173,Trim,2,True,136.68798432111754,3.897049062891567
VI,174,174,Full,2,True,89.49715962327407,1.9059320774129385
VI,174,174,Global,2,True,157.56506631480624,4.2835391412125405
VI,174,174,Huber,2,True,145.47562790102694,3.427910898796577
VI,174,174,Patch,2,True,128.36419644831113,4.909439141550411
VI,174,174,Raw,2,True,165.8425097662203,4.282883460307769
VI,174,174,Trim,2,True,140.00192521217818,3.2475029293998854
VI,175,175,Full,2,True,93.32542281656792,3.3409300041766654
VI,175,175,Global,2,True,166.83370274372083,6.070296852627561
VI,175,175,Huber,2,True,153.15484827399558,4.9911876335827
VI,175,175,Patch,2,True,133.94169002407088,5.794579278768219
VI,175,175,Raw,2,True,175.25620017956,6.07021821881762
VI,175,175,Trim,2,True,144.86207497567997,4.660220438639437
VI,176,176,Full,2,True,84.1358891781392,0.9649546471836892
VI,176,176,Global,2,True,163.36456655087596,4.9315121089066505
VI,176,176,Huber,2,True,154.120354292475,4.449641115975592
VI,176,176,Patch,2,True,126.68978445354098,3.5316154229299395
VI,176,176,Raw,2,True,171.18548708368002,4.933213786107519
VI,176,176,Trim,2,True,144.77703247120547,3.9125676958902496
VI,177,177,Full,2,True,80.8363955498822,1.070175330882183
VI,177,177,Global,2,True,157.21475120269417,3.551222587838674
VI,177,177,Huber,2,True,147.91033122557025,3.4398075711634464
VI,177,177,Patch,2,True,121.39047252172978,3.267208837851605
VI,177,177,Raw,2,True,164.58726881420571,3.553502274617048
VI,177,177,Trim,2,True,140.71117253367814,3.2857713657349
VI,178,178,Full,2,True,78.93798852257805,1.2668685590966242
VI,178,178,Global,2,True,154.9510004102453,3.197758353807929
VI,178,178,Huber,2,True,144.6515210007423,3.220986370843561
VI,178,178,Patch,2,True,111.97413002498936,2.973899160263648
VI,178,178,Raw,2,True,162.04456683290886,3.1996670431407974
VI,178,178,Trim,2,True,137.7497129729394,3.19776503429343
VI,179,179,Full,2,True,67.89140615489485,1.666262472028764
VI,179,179,Global,2,True,148.42731651147636,3.3435467452704755
VI,179,179,Huber,2,True,138.36975251684424,3.382445159298915
VI,179,179,Patch,2,True,102.92261488245887,3.5521527723099213
VI,179,179,Raw,2,True,154.74439026767334,3.338475496205311
VI,179,179,Trim,2,True,134.94865468924002,3.278565495888892
VI,180,180,Full,2,True,60.7173521007054,1.4470923147109649
VI,180,180,Global,2,True,143.68012498933095,3.186347683578413
VI,180,180,Huber,2,True,136.52688461646642,2.919353131180031
VI,180,180,Patch,2,True,100.1257157226694,3.170122711997154
VI,180,180,Raw,2,True,150.30226804290396,3.18622913177515
VI,180,180,Trim,2,True,133.8846280696412,3.0219466676732734
VI,181,181,Full,2,True,64.1564742216234,1.1550311205108443
VI,181,181,Global,2,True,147.6989520370266,3.336856778733826
VI,181,181,Huber,2,True,139.62682510715177,2.932740444149493
VI,181,181,Patch,2,True,104.52636581892808,2.945685415947529
VI,181,181,Raw,2,True,155.293337532281,3.3280508009656384
VI,181,181,Trim,2,True,136.0041842871569,3.0079619138015365
VI,182,182,Full,2,True,66.66007533206077,1.0000827509822496
VI,182,182,Global,2,True,153.15357484465758,3.857759547284933
VI,182,182,Huber,2,True,143.64846791314585,3.018860816347248
VI,182,182,Patch,2,True,110.57234744167748,3.3675110583339083
VI,182,182,Raw,2,True,161.47999343673138,3.857759547284926
VI,182,182,Trim,2,True,137.2209165117794,3.073806917712293
VI,183,183,Full,2,True,70.98549268326758,1.3952006052923946
VI,183,183,Global,2,True,157.01475549917208,3.705669674540325
VI,183,183,Huber,2,True,147.758728829502,3.12367587847573
VI,183,183,Patch,2,True,113.2942760272293,3.251506402157356
VI,183,183,Raw,2,True,165.14152504063048,3.7052166667719058
VI,183,183,Trim,2,True,140.823014308976,2.9104923466094355
VI,184,184,Full,2,True,71.61858573999098,0.7641589854293148
VI,184,184,Global,2,True,161.05530357072644,3.556274469525134
VI,184,184,Huber,2,True,150.6624654473581,3.196755207358443
VI,184,184,Patch,2,True,119.49028063839224,2.790128350356078
VI,184,184,Raw,2,True,169.6179632746749,3.551736991313234
VI,184,184,Trim,2,True,140.7253449531513,2.987403073128008
VI,185,185,Full,2,True,70.07400885709004,0.9904333628859596
VI,185,185,Global,2,True,158.59642715714975,3.38281574259065
VI,185,185,Huber,2,True,149.6945046707028,3.1366065116340187
VI,185,185,Patch,2,True,117.78267412474182,3.0926401161634867
VI,185,185,Raw,2,True,166.87569209280224,3.381508147206927
VI,185,185,Trim,2,True,141.21913875118926,2.886508984245211
VI,186,186,Full,2,True,56.09040639919077,1.4989523425924571
VI,186,186,Global,2,True,152.53787308095417,3.336888466747597
VI,186,186,Huber,2,True,143.65928315051062,2.976927023636037
VI,186,186,Patch,2,True,110.44628176597226,3.821019625191991
VI,186,186,Raw,2,True,159.37933167305215,3.3337696746655023
VI,186,186,Trim,2,True,136.89932098469345,2.883722868489308
VI,187,187,Full,2,True,57.31273777844493,1.966063468672245
VI,187,187,Global,2,True,147.09927713571625,3.7643744429350368
VI,187,187,Huber,2,True,137.49913678731224,3.1981525210248765
VI,187,187,Patch,2,True,106.05650269045452,4.084986181107969
VI,187,187,Raw,2,True,153.78881402244926,3.7680118201046016
VI,187,187,Trim,2,True,131.41942666231353,2.939364105046381
VI,188,188,Full,2,True,58.40651267881109,2.131016867779888
VI,188,188,Global,2,True,149.47383922590367,3.7882857919157127
VI,188,188,Huber,2,True,142.70990871574963,3.2405835586927805
VI,188,188,Patch,2,True,105.08054603842098,3.800020060204363
VI,188,188,Raw,2,True,155.79287544213216,3.788285791915728
VI,188,188,Trim,2,True,136.78338011437685,3.1584266778964456
VI,189,189,Full,2,True,71.56242865315616,3.17656146671324
VI,189,189,Global,2,True,156.19511228909647,4.528773105399484
VI,189,189,Huber,2,True,149.89684244905297,4.087523121042654
VI,189,189,Patch,2,True,112.65998044810225,4.437767363629319
VI,189,189,Raw,2,True,163.7602049006367,4.527416631240688
VI,189,189,Trim,2,True,140.31931511709593,3.909126274598786
VI,190,190,Full,2,True,79.79958480279336,4.056473775144679
VI,190,190,Global,2,True,160.12567404018478,5.200602600596621
VI,190,190,Huber,2,True,150.49738354233057,4.736551161326254
VI,190,190,Patch,2,True,118.95246649866483,5.160009965825704
VI,190,190,Raw,2,True,168.0038120529935,5.200602600596629
VI,190,190,Trim,2,True,143.14581131251555,4.6902797865355605
VI,191,191,Full,2,True,86.03682560996648,3.944636148544757
VI,191,191,Global,2,True,165.74935976471178,5.406617466413063
VI,191,191,Huber,2,True,156.46757728781327,4.917673914803459
VI,191,191,Patch,2,True,127.52775494865062,5.302693630866647
VI,191,191,Raw,2,True,174.36388003897343,5.403636880975947
VI,191,191,Trim,2,True,142.93230756062982,4.712940459680327
VI,192,192,Full,2,True,84.35568658749283,3.8182353300515786
VI,192,192,Global,2,True,161.39965967121012,4.707170893985508
VI,192,192,Huber,2,True,148.44784742132907,4.476406239980532
VI,192,192,Patch,2,True,121.50419386046838,4.225220801520001
VI,192,192,Raw,2,True,169.67118740209332,4.706773440745694
VI,192,192,Trim,2,True,140.86754358320292,4.373921091887505
VI,193,193,Full,2,True,83.61721110592745,3.27317439975688
VI,193,193,Global,2,True,156.4024581277864,4.075555390711546
VI,193,193,Huber,2,True,144.35343992093232,3.81507503946734
VI,193,193,Patch,2,True,118.99784791092038,3.856897049771669
VI,193,193,Raw,2,True,164.25550575097438,4.074930346225337
VI,193,193,Trim,2,True,139.32452222822587,3.673978768412574
VI,194,194,Full,2,True,72.31018467899999,3.75582455891001
VI,194,194,Global,2,True,147.56491640471583,3.7120387465809705
VI,194,194,Huber,2,True,138.56380601192197,3.377205258268116
VI,194,194,Patch,2,True,110.27033512694946,4.651971521179682
VI,194,194,Raw,2,True,153.59695335352347,3.712718536605582
VI,194,194,Trim,2,True,136.0392076523007,3.189006594833929
VI,195,195,Full,2,True,70.24447886786828,3.3233680656246785
VI,195,195,Global,2,True,146.03760165666165,3.2589375161306107
VI,195,195,Huber,2,True,136.39988795760294,2.748505020954879
VI,195,195,Patch,2,True,108.91215699075389,4.0655122382018565
VI,195,195,Raw,2,True,151.96956508436267,3.2611245951947665
VI,195,195,Trim,2,True,133.487836783345,2.7189591506518376
VI,196,196,Full,2,True,73.16158420362163,4.493178684277016
VI,196,196,Global,2,True,153.70024314508157,5.108901126597716
VI,196,196,Huber,2,True,145.2643312597603,4.462847888068656
VI,196,196,Patch,2,True,114.57913174279976,5.845418964178847
VI,196,196,Raw,2,True,159.6882038736639,5.110183601269392
VI,196,196,Trim,2,True,142.85252348207578,4.564945606429127
VI,197,197,Full,2,True,76.10014780416718,3.80093788750016
VI,197,197,Global,2,True,156.12761234742194,4.7549153930014185
VI,197,197,Huber,2,True,147.73788529825774,4.297158243090679
VI,197,197,Patch,2,True,117.35544080921927,5.191878901028776
VI,197,197,Raw,2,True,162.18231189316606,4.754803673489927
VI,197,197,Trim,2,True,143.1883054600096,4.310813406914838
VI,198,198,Full,2,True,82.6180028010988,3.4482036262753173
VI,198,198,Global,2,True,159.1116779817943,4.813331339141515
VI,198,198,Huber,2,True,148.89218795717866,4.201380244015467
VI,198,198,Patch,2,True,121.32378048114708,5.020684276150711
VI,198,198,Raw,2,True,166.17138289563334,4.809237143896555
VI,198,198,Trim,2,True,142.7980189245984,4.0030467368022125
VI,199,199,Full,2,True,82.68292752497089,3.022987501181289
VI,199,199,Global,2,True,158.07861662003654,3.951488748644538
VI,199,199,Huber,2,True,148.04684093048314,3.599210430115521
VI,199,199,Patch,2,True,120.96059737284448,3.956363651892163
VI,199,199,Raw,2,True,165.1997416941915,3.951488748644535
VI,199,199,Trim,2,True,141.53132119410662,3.467987088602853
VI,200,200,Full,2,True,83.4517854967179,2.9739876614218423
VI,200,200,Global,2,True,157.3460959601035,3.307505049596948
VI,200,200,Huber,2,True,148.22968668594535,3.1387967093122064
VI,200,200,Patch,2,True,121.325282038329,4.115532571501384
VI,200,200,Raw,2,True,164.63944003923132,3.3122766122090925
VI,200,200,Trim,2,True,141.53396112713358,2.8775483745115107
VI,201,201,Full,2,True,80.48491393546203,3.611706943336165
VI,201,201,Global,2,True,158.84096311799192,4.8975006600462345
VI,201,201,Huber,2,True,149.21199151676254,4.831049537437494
VI,201,201,Patch,2,True,124.16619870706708,5.896123143297971
VI,201,201,Raw,2,True,165.9899953718237,4.903068597539608
VI,201,201,Trim,2,True,143.85537290918467,4.574567636526248
VI,202,202,Full,2,True,78.74949916461989,3.661992087954318
VI,202,202,Global,2,True,152.7367284914581,4.620666418663218
VI,202,202,Huber,2,True,143.31495199593354,4.150268129133724
VI,202,202,Patch,2,True,120.82298953648588,6.182312208834393
VI,202,202,Raw,2,True,160.18447415064122,4.624771531561681
VI,202,202,Trim,2,True,138.92465188946525,4.104311973656052
VI,203,203,Full,2,True,86.06558645113202,3.5848576569052555
VI,203,203,Global,2,True,157.5479950894373,4.82084660329934
VI,203,203,Huber,2,True,145.8314636033175,3.883972526980128
VI,203,203,Patch,2,True,127.06894704945412,5.864984451770023
VI,203,203,Raw,2,True,165.34354962842204,4.821416449356303
VI,203,203,Trim,2,True,141.64609872797195,3.7633345797151314
VI,204,204,Full,2,True,83.2183668944122,4.052014749593218
VI,204,204,Global,2,True,155.28010213893435,4.521379259585113
VI,204,204,Huber,2,True,145.20140481890297,3.752936250354096
VI,204,204,Patch,2,True,124.06618470756403,5.65113720993093
VI,204,204,Raw,2,True,162.70173144446414,4.522310246747384
VI,204,204,Trim,2,True,141.1896871949397,3.72901943504562
VI,205,205,Full,2,True,83.109913542047,3.664681246932408
VI,205,205,Global,2,True,157.17240608320003,4.71845945138686
VI,205,205,Huber,2,True,149.44596479779895,3.856910046406356
VI,205,205,Patch,2,True,125.10841881039332,5.488917944098683
VI,205,205,Raw,2,True,165.48160584038175,4.719948937583516
VI,205,205,Trim,2,True,141.91999199314537,3.300857454323848
VI,206,206,Full,2,True,84.0678109059146,3.895218895047737
VI,206,206,Global,2,True,159.82257164364154,4.619363465201439
VI,206,206,Huber,2,True,151.30119030115557,3.609517180267955
VI,206,206,Patch,2,True,126.77330814972048,5.291274059856501
VI,206,206,Raw,2,True,168.19706369112697,4.61936346520145
VI,206,206,Trim,2,True,141.74323811111614,2.8983963151582954
VI,207,207,Full,2,True,92.773629959013,5.32453480765503
VI,207,207,Global,2,True,165.49204100023528,5.29570114033708
VI,207,207,Huber,2,True,157.35844018044236,5.167603669140925
VI,207,207,Patch,2,True,130.4863287584412,6.119653990358762
VI,207,207,Raw,2,True,174.44925370014002,5.297787935637202
VI,207,207,Trim,2,True,145.07199925404282,4.50017219079879
VI,208,208,Full,2,True,91.73242202851245,4.705643853202617
VI,208,208,Global,2,True,161.62604185591434,4.763288365086644
VI,208,208,Huber,2,True,154.73864297801512,4.754215143725169
VI,208,208,Patch,2,True,125.00752986545302,5.391809278818463
VI,208,208,Raw,2,True,169.8567690104878,4.765200866210073
VI,208,208,Trim,2,True,144.39566332583522,4.193814028571069
VI,209,209,Full,2,True,75.67114855791667,2.096589117002277
VI,209,209,Global,2,True,154.20865596325964,4.657829597748472
VI,209,209,Huber,2,True,148.64162042234005,4.406971974269161
VI,209,209,Patch,2,True,121.5730469446428,5.440449427766749
VI,209,209,Raw,2,True,161.68085123366987,4.659709008263694
VI,209,209,Trim,2,True,139.3423435353087,4.1209209149694415
VI,210,210,Full,2,True,85.85338301901544,2.769866582421304
VI,210,210,Global,2,True,160.664013133733,5.128146663785482
VI,210,210,Huber,2,True,155.6089058429227,4.687472695716418
VI,210,210,Patch,2,True,127.42717485743036,5.303307833215079
VI,210,210,Raw,2,True,167.84565645887804,5.128135432800433
VI,210,210,Trim,2,True,146.20559283628188,4.268320262377301
VI,211,211,Full,2,True,95.77663600990957,1.565678050511567
VI,211,211,Global,2,True,165.94989490048536,4.758936685089217
VI,211,211,Huber,2,True,160.103865630643,3.9658461700457024
VI,211,211,Patch,2,True,133.73111152155263,4.40458276964502
VI,211,211,Raw,2,True,174.16516176820815,4.759274408515821
VI,211,211,Trim,2,True,146.90753861589866,2.715179149989022
VI,212,212,Full,2,True,97.73888499320007,2.0561974234741105
VI,212,212,Global,2,True,169.4090249804531,5.013365122096073
VI,212,212,Huber,2,True,162.57294091089787,4.560347220495661
VI,212,212,Patch,2,True,137.97072450365684,4.873595915094202
VI,212,212,Raw,2,True,178.19017889780213,5.014674866250108
VI,212,212,Trim,2,True,147.5490567924982,3.0816415730842155
VI,213,213,Full,2,True,103.27369191107532,2.191678113331835
VI,213,213,Global,2,True,172.66266137358028,4.959854774165781
VI,213,213,Huber,2,True,165.19141585873936,4.469435206598343
VI,213,213,Patch,2,True,144.11779213668828,4.363430839455977
VI,213,213,Raw,2,True,182.0088997212407,4.958333910466027
VI,213,213,Trim,2,True,149.05400961975766,3.3346640647663928
VI,214,214,Full,2,True,102.94682613731922,3.510820470826086
VI,214,214,Global,2,True,172.4450078902746,4.59375905776707
VI,214,214,Huber,2,True,162.60109490240697,4.268662718727122
VI,214,214,Patch,2,True,144.14449335922689,4.66731556808484
VI,214,214,Raw,2,True,181.48085243755528,4.621883403364316
VI,214,214,Trim,2,True,148.78705782443583,3.83277482629414
VI,215,215,Full,2,True,101.3865447264856,4.088892742498797
VI,215,215,Global,2,True,166.59807365086945,4.505814801288013
VI,215,215,Huber,2,True,156.54513218788003,4.392289513765267
VI,215,215,Patch,2,True,139.2223721917587,5.025115371335013
VI,215,215,Raw,2,True,175.9137943780436,4.516068279917033
VI,215,215,Trim,2,True,145.34828075429897,4.1355481542036205
VI,216,216,Full,2,True,96.84629394731265,4.541278911010594
VI,216,216,Global,2,True,162.08801439528875,4.93958365511987
VI,216,216,Huber,2,True,150.8621081274388,4.718199613071867
VI,216,216,Patch,2,True,135.14717803411742,6.052049716445676
VI,216,216,Raw,2,True,170.5868285090379,4.936081585772176
VI,216,216,Trim,2,True,144.01616196580167,4.230285908686874
VI,217,217,Full,2,True,88.54423233835726,3.1949785383194733
VI,217,217,Global,2,True,152.79626676619458,5.097699699366109
VI,217,217,Huber,2,True,142.13884850600675,4.711529663865089
VI,217,217,Patch,2,True,124.96377738251267,5.899249581989454
VI,217,217,Raw,2,True,160.72806476782935,5.100092244250626
VI,217,217,Trim,2,True,137.5348269819243,4.568868021331903
VI,218,218,Full,2,True,83.98346713836672,2.368362071996092
VI,218,218,Global,2,True,155.44937689537204,3.939102505847731
VI,218,218,Huber,2,True,143.08811599444016,2.8360245780772275
VI,218,218,Patch,2,True,128.673487504516,4.5444910054746686
VI,218,218,Raw,2,True,163.46178910785733,3.939961023135018
VI,218,218,Trim,2,True,137.97894454724693,2.8640274116817164
VI,219,219,Full,3,True,88.68521570232355,1.5721383247392964
VI,219,219,Global,3,True,160.27684732218538,4.293187283022816
VI,219,219,Huber,3,True,149.0153468099918,3.333258595971461
VI,219,219,Patch,3,True,129.65340984211994,4.660186245882271
VI,219,219,Raw,3,True,168.32498013375996,4.293187283022816
VI,219,219,Trim,3,True,141.29956975719233,3.1143579821414624
VI,220,220,Full,3,True,89.13309618702282,2.252005709016576
VI,220,220,Global,3,True,165.07289007333424,4.873826560029741
VI,220,220,Huber,3,True,154.33739419314523,3.813380203094144
VI,220,220,Patch,3,True,129.6685365882074,4.4712654520969926
VI,220,220,Raw,3,True,173.30527046711725,4.873793931535875
VI,220,220,Trim,3,True,143.86840155863592,3.28591396755993
VI,221,221,Full,3,True,83.04973657009982,1.309345874677161
VI,221,221,Global,3,True,165.969533265735,5.09695181981644
VI,221,221,Huber,3,True,158.98235699478104,4.635824847623482
VI,221,221,Patch,3,True,127.34470997723274,3.884000109429665
VI,221,221,Raw,3,True,173.24264206490804,5.095221605436085
VI,221,221,Trim,3,True,147.42050558128517,3.7948340260127473
VI,222,222,Full,3,True,81.86737013789562,0.9837308940107208
VI,222,222,Global,3,True,162.97680002728254,4.213515524281146
VI,222,222,Huber,3,True,154.56669922416003,4.101624326937123
VI,222,222,Patch,3,True,123.29775181278772,3.191614571573955
VI,222,222,Raw,3,True,169.93354083718904,4.214725619781066
VI,222,222,Trim,3,True,146.51865621152362,3.956845386994468
VI,223,223,Full,3,True,78.76145834412176,1.4866561700360368
VI,223,223,Global,3,True,163.15026289470316,4.196316195964195
VI,223,223,Huber,3,True,153.09477381857707,4.251030482206112
VI,223,223,Patch,3,True,120.18018392080528,3.973323616847085
VI,223,223,Raw,3,True,169.6955274274822,4.197204045484232
VI,223,223,Trim,3,True,146.32948247816643,4.15083475843243
VI,224,224,Full,3,True,69.23123206630437,1.7341828409574076
VI,224,224,Global,3,True,152.58377182560525,2.759111968882297
VI,224,224,Huber,3,True,143.0384322442578,2.5134326739978463
VI,224,224,Patch,3,True,106.94216409402162,3.362801194928538
VI,224,224,Raw,3,True,158.2555537761965,2.758324956132392
VI,224,224,Trim,3,True,139.48967967662486,2.5184092028693787
VI,225,225,Full,3,True,60.35067172188455,1.8835050322446616
VI,225,225,Global,3,True,145.8068790402135,2.893530925006116
VI,225,225,Huber,3,True,139.23332051768406,2.765996152687411
VI,225,225,Patch,3,True,100.3542113073841,2.819130800616885
VI,225,225,Raw,3,True,151.25197145443045,2.89408521309262
VI,225,225,Trim,3,True,137.66468881927085,2.7754494537732
VI,226,226,Full,3,True,59.38611875313212,1.2449172907462465
VI,226,226,Global,3,True,151.55097452967888,3.3186497010445764
VI,226,226,Huber,3,True,144.19702463558536,2.7889673419232635
VI,226,226,Patch,3,True,104.56258158976324,3.01174879660122
VI,226,226,Raw,3,True,157.4134062365944,3.318469890589895
VI,226,226,Trim,3,True,142.0201983280421,2.954506451549814
VI,227,227,Full,3,True,64.96932688376009,0.7470758314064146
VI,227,227,Global,3,True,158.03896215187035,3.613427349127344
VI,227,227,Huber,3,True,149.1379305149723,3.237562820930258
VI,227,227,Patch,3,True,111.19551890695948,2.897705346725409
VI,227,227,Raw,3,True,165.0274896184789,3.6080829056767474
VI,227,227,Trim,3,True,144.70345078139192,3.2849074383633523
VI,228,228,Full,3,True,69.96701299565278,0.885452896180074
VI,228,228,Global,3,True,163.17891211182908,4.469797818230889
VI,228,228,Huber,3,True,156.21774363563293,3.950646550456992
VI,228,228,Patch,3,True,116.75112323024972,3.5031234258341097
VI,228,228,Raw,3,True,170.70453006252595,4.464497054463666
VI,228,228,Trim,3,True,148.0865544028581,3.856945275672081
VI,229,229,Full,3,True,70.58523033326207,1.3180373044604023
VI,229,229,Global,3,True,162.84152731107412,4.48896276956323
VI,229,229,Huber,3,True,155.76340679382938,4.224029904894952
VI,229,229,Patch,3,True,116.62619744345636,3.903696101841096
VI,229,229,Raw,3,True,170.358653406979,4.491325073052404
VI,229,229,Trim,3,True,147.7300493571031,3.97785604462988
VI,230,230,Full,3,True,76.47533869414623,1.5475934330152643
VI,230,230,Global,3,True,167.71681368123848,4.868308420791204
VI,230,230,Huber,3,True,159.11981397779635,4.627550429132273
VI,230,230,Patch,3,True,124.8624391491791,4.210742453062444
VI,230,230,Raw,3,True,175.76917467900367,4.868627819353513
VI,230,230,Trim,3,True,149.30563300717293,4.292611439305055
VI,231,231,Full,3,True,65.43120307985993,0.8082219391247377
VI,231,231,Global,3,True,160.9383428978011,3.0206397948051005
VI,231,231,Huber,3,True,153.53323607635423,2.779390080875872
VI,231,231,Patch,3,True,116.58618155228942,2.646056120954987
VI,231,231,Raw,3,True,167.6752937522565,3.0204062377407617
VI,231,231,Trim,3,True,145.8957744219667,2.5846252744199525
VI,232,232,Full,3,True,60.92615576031026,1.6606759207062298
VI,232,232,Global,3,True,158.79061705933992,3.5927470869805056
VI,232,232,Huber,3,True,150.30241445272745,3.2121145862563987
VI,232,232,Patch,3,True,114.6250130788866,3.772622119334143
VI,232,232,Raw,3,True,164.82977264745597,3.590357298261305
VI,232,232,Trim,3,True,143.92743404664202,3.099027000426295
VI,233,233,Full,3,True,59.0849037206492,2.590661240988505
VI,233,233,Global,3,True,155.4815121171217,3.977316731561765
VI,233,233,Huber,3,True,147.55781744589896,3.651989576690269
VI,233,233,Patch,3,True,111.80093090174108,4.478612970201221
VI,233,233,Raw,3,True,161.1629835334508,3.977316731561752
VI,233,233,Trim,3,True,141.25832939702153,3.496075430255051
VI,234,234,Full,3,True,58.41216335712445,1.7417397081711798
VI,234,234,Global,3,True,152.94559185915682,2.9263111718730146
VI,234,234,Huber,3,True,146.13070599966147,2.5365164678232643
VI,234,234,Patch,3,True,106.39476308817812,2.9286558597832792
VI,234,234,Raw,3,True,157.75831906479368,2.9233547335177628
VI,234,234,Trim,3,True,141.71239365314574,2.467785397035646
VI,235,235,Full,3,True,72.11885075107801,2.489362873349428
VI,235,235,Global,3,True,160.20731529090736,4.008073521735485
VI,235,235,Huber,3,True,153.39673412741337,3.3947488248265936
VI,235,235,Patch,3,True,115.14511005603796,3.790367189746848
VI,235,235,Raw,3,True,166.5397336751428,4.00744846370092
VI,235,235,Trim,3,True,146.2008918017221,3.3828820541635416
VI,236,236,Full,3,True,77.39286632535809,3.50002247281596
VI,236,236,Global,3,True,165.7404371308583,5.091332115179921
VI,236,236,Huber,3,True,157.18773796860785,4.586800548595988
VI,236,236,Patch,3,True,119.62579358166398,4.78956966956348
VI,236,236,Raw,3,True,172.51087701429202,5.09049745207412
VI,236,236,Trim,3,True,148.63922799337936,4.416188114169611
VI,237,237,Full,3,True,77.08161826875214,2.254451053803162
VI,237,237,Global,3,True,165.61919921897538,4.307101139674322
VI,237,237,Huber,3,True,156.00590013068654,3.5261614531404564
VI,237,237,Patch,3,True,120.81631057234917,3.8465586923468864
VI,237,237,Raw,3,True,172.52529280166655,4.305181357322425
VI,237,237,Trim,3,True,147.06768521834417,3.258655005824066
VI,238,238,Full,3,True,87.5295153432589,2.712066281538827
VI,238,238,Global,3,True,168.24351982225156,4.609125573841465
VI,238,238,Huber,3,True,158.86745655152157,4.176153614992916
VI,238,238,Patch,3,True,124.4736099566016,3.709011380381913
VI,238,238,Raw,3,True,175.76286726202952,4.6071059775325685
VI,238,238,Trim,3,True,148.50016225938018,3.715556489359439
VI,239,239,Full,3,True,83.10114387962045,2.832579472099229
VI,239,239,Global,3,True,164.84221953543135,4.261871995662075
VI,239,239,Huber,3,True,154.68636925411298,4.077659318576538
VI,239,239,Patch,3,True,122.2609299160595,3.875013228590919
VI,239,239,Raw,3,True,171.24836707423168,4.252495544929125
VI,239,239,Trim,3,True,148.66248760805465,3.988732431313321
VI,240,240,Full,3,True,83.74565774028088,3.686150908904516
VI,240,240,Global,3,True,160.8741101612856,4.1949355338851975
VI,240,240,Huber,3,True,151.12748198152144,4.147014121414784
VI,240,240,Patch,3,True,118.92627864545894,4.092631354696473
VI,240,240,Raw,3,True,166.84056883579996,4.190080560484526
VI,240,240,Trim,3,True,147.20523307574942,3.916904245923488
VI,241,241,Full,3,True,78.53597280508681,4.533782876908758
VI,241,241,Global,3,True,155.20823333218422,4.376082423041623
VI,241,241,Huber,3,True,146.79733257654192,4.188034750899416
VI,241,241,Patch,3,True,114.78429320015915,5.450605315840413
VI,241,241,Raw,3,True,160.34247405179684,4.376098074892358
VI,241,241,Trim,3,True,144.4480103540131,4.137216309841664
VI,242,242,Full,3,True,76.90627309049806,4.340680388331713
VI,242,242,Global,3,True,155.56904812588982,4.53958419907146
VI,242,242,Huber,3,True,147.51353292331297,4.117041173538095
VI,242,242,Patch,3,True,115.46736971846398,5.54491700480369
VI,242,242,Raw,3,True,160.30829162037932,4.537528462567614
VI,242,242,Trim,3,True,145.24797080289315,4.051935047794443
VI,243,243,Full,3,True,74.91344799054224,4.307119388735828
VI,243,243,Global,3,True,159.27475220315017,4.780432735364662
VI,243,243,Huber,3,True,151.9710687668266,4.228238060070209
VI,243,243,Patch,3,True,117.46069359464704,5.320774427579246
VI,243,243,Raw,3,True,164.39402450738717,4.779072261048144
VI,243,243,Trim,3,True,149.1728540539195,4.220834709371419
VI,244,244,Full,3,True,73.74328475268868,3.038202330946388
VI,244,244,Global,3,True,157.76554724992454,3.846894214697908
VI,244,244,Huber,3,True,149.99399191698384,2.873868565964276
VI,244,244,Patch,3,True,115.41386300084876,4.149559749312294
VI,244,244,Raw,3,True,162.45757205659092,3.844055489894272
VI,244,244,Trim,3,True,146.06515900772152,2.875881870322701
VI,245,245,Full,3,True,83.57649429428159,3.339206797717247
VI,245,245,Global,3,True,163.48758242558404,4.788475783350647
VI,245,245,Huber,3,True,154.2478948366535,3.865850920666858
VI,245,245,Patch,3,True,123.96895612447648,4.958500649220805
VI,245,245,Raw,3,True,169.52325404678675,4.783759176739897
VI,245,245,Trim,3,True,147.1318448021986,3.555381585995344
VI,246,246,Full,3,True,84.68697938609708,3.376007318110484
VI,246,246,Global,3,True,163.6633287299135,4.7675397114798885
VI,246,246,Huber,3,True,154.3040666940926,4.2493006597895135
VI,246,246,Patch,3,True,124.6922904641099,4.627067241045354
VI,246,246,Raw,3,True,169.55912601722116,4.763779921769645
VI,246,246,Trim,3,True,147.6626345143846,4.008011823969694
VI,247,247,Full,3,True,86.02009914691325,3.041507109095773
VI,247,247,Global,3,True,162.04309163090417,3.451135390485885
VI,247,247,Huber,3,True,151.59935589426098,2.933231563077051
VI,247,247,Patch,3,True,123.88322039885352,3.7140445024859146
VI,247,247,Raw,3,True,168.0607837519904,3.4519028672905803
VI,247,247,Trim,3,True,146.32265660601678,2.714159880414038
VI,248,248,Full,3,True,88.35851173251524,4.032373388047692
VI,248,248,Global,3,True,162.40398177532705,4.097416507396567
VI,248,248,Huber,3,True,154.0813232693152,3.7510331983532463
VI,248,248,Patch,3,True,123.92428319671252,4.644311345863721
VI,248,248,Raw,3,True,168.45089481195922,4.097496718961642
VI,248,248,Trim,3,True,148.3872065153274,3.573029451497671
VI,249,249,Full,3,True,80.89425077046798,3.5885554908582336
VI,249,249,Global,3,True,160.44559053346575,4.569123227023883
VI,249,249,Huber,3,True,152.64065587442062,4.514889371689888
VI,249,249,Patch,3,True,124.50530493611492,5.294930723625825
VI,249,249,Raw,3,True,166.6404088155192,4.574404040309091
VI,249,249,Trim,3,True,147.43130790926722,4.401638181735138
VI,250,250,Full,3,True,72.9230256763332,2.81230514019775
VI,250,250,Global,3,True,154.84856815712033,3.259277765131696
VI,250,250,Huber,3,True,146.02206866105965,2.871724196503048
VI,250,250,Patch,3,True,120.19662370934202,4.653159739886631
VI,250,250,Raw,3,True,160.68341660369472,3.2647098721334813
VI,250,250,Trim,3,True,141.97649853737275,2.726500606133172
VI,251,251,Full,3,True,84.2866000711754,3.6652990691294174
VI,251,251,Global,3,True,159.0755856591719,4.052393256942207
VI,251,251,Huber,3,True,149.82660571439405,3.411297174764501
VI,251,251,Patch,3,True,126.21493892452288,5.680610164643484
VI,251,251,Raw,3,True,165.2589843908219,4.057374764950927
VI,251,251,Trim,3,True,146.75869359200746,3.36593781380661
VI,252,252,Full,3,True,89.10687475752513,4.660673396851728
VI,252,252,Global,3,True,162.6373435506228,5.282707643924385
VI,252,252,Huber,3,True,152.84417095368423,4.37784399801885
VI,252,252,Patch,3,True,128.91472729722838,6.34186790151779
VI,252,252,Raw,3,True,168.79322243013587,5.285749295318645
VI,252,252,Trim,3,True,150.02097374129107,4.202116909676143
VI,253,253,Full,3,True,90.1538026496023,3.637122190496098
VI,253,253,Global,3,True,163.128025798298,4.689572146907832
VI,253,253,Huber,3,True,153.58132068559837,3.634338029470716
VI,253,253,Patch,3,True,128.72745711506946,5.304336121107137
VI,253,253,Raw,3,True,169.96884962551624,4.6895721469078575
VI,253,253,Trim,3,True,148.00338344633178,3.20808824218393
VI,254,254,Full,3,True,89.63997774341405,3.7778042428906815
VI,254,254,Global,3,True,162.81865763082314,4.592582281758027
VI,254,254,Huber,3,True,154.74000166040997,3.9651983840960456
VI,254,254,Patch,3,True,126.22066100989124,5.427014966977945
VI,254,254,Raw,3,True,169.86306510974444,4.593104198831056
VI,254,254,Trim,3,True,147.7621184884249,3.4519229894962407
VI,255,255,Full,3,True,90.8796625733007,4.360745564666029
VI,255,255,Global,3,True,164.41533386711362,4.811663598996544
VI,255,255,Huber,3,True,156.8656139390728,4.194040695456288
VI,255,255,Patch,3,True,128.28514132622834,5.505966443017515
VI,255,255,Raw,3,True,171.44778396515693,4.811663598996522
VI,255,255,Trim,3,True,149.04776574174613,3.503345019218961
VI,256,256,Full,3,True,93.02157513068497,4.00044960047447
VI,256,256,Global,3,True,165.6466941126983,4.282354504524164
VI,256,256,Huber,3,True,158.00194979636444,3.993643326094601
VI,256,256,Patch,3,True,127.05489318258589,4.90229330174597
VI,256,256,Raw,3,True,173.05557220487063,4.279388071604437
VI,256,256,Trim,3,True,148.50879208311125,3.458700967086404
VI,257,257,Full,3,True,97.01447910265438,3.949644867587135
VI,257,257,Global,3,True,164.25474066514187,4.524535150577695
VI,257,257,Huber,3,True,157.09860666305354,4.254779595281912
VI,257,257,Patch,3,True,127.46972547344598,4.833009503777306
VI,257,257,Raw,3,True,171.3719270384504,4.52598770892056
VI,257,257,Trim,3,True,148.15435025022518,3.622821243431521
VI,258,258,Full,3,True,83.22465563271753,2.115436217434552
VI,258,258,Global,3,True,159.67222894438663,4.60840458673861
VI,258,258,Huber,3,True,153.44308026284747,4.398054706920284
VI,258,258,Patch,3,True,124.7674224855385,5.523995567144276
VI,258,258,Raw,3,True,165.9262948212101,4.618170304460536
VI,258,258,Trim,3,True,144.7184209241003,3.996730916101051
VI,259,259,Full,3,True,84.90828206189006,1.067007073895934
VI,259,259,Global,3,True,162.28016032715792,3.9259220618644624
VI,259,259,Huber,3,True,155.22548101403294,3.460764316792142
VI,259,259,Patch,3,True,127.57123113799804,3.822629770868747
VI,259,259,Raw,3,True,168.27755087098166,3.930943676767342
VI,259,259,Trim,3,True,146.16261304819858,2.6601452302532103
VI,260,260,Full,3,True,101.77589636276323,2.371804266098213
VI,260,260,Global,3,True,170.30343145407178,5.6080866498143065
VI,260,260,Huber,3,True,162.67726574858895,4.745261274914247
VI,260,260,Patch,3,True,137.5886157023425,5.519715791237465
VI,260,260,Raw,3,True,177.51955997016333,5.607182626198633
VI,260,260,Trim,3,True,152.25516565679396,3.908754048267217
VI,261,261,Full,3,True,101.6980543078215,2.047276209280093
VI,261,261,Global,3,True,168.84800963098758,5.0919356704392245
VI,261,261,Huber,3,True,161.34006350516944,4.293061023500268
VI,261,261,Patch,3,True,135.54444639926015,4.903037499116931
VI,261,261,Raw,3,True,176.3441319495969,5.091530513085113
VI,261,261,Trim,3,True,149.0391251889874,3.0119512912129665
VI,262,262,Full,3,True,109.16288166661224,2.64188947892757
VI,262,262,Global,3,True,173.74659767849505,5.402393605700308
VI,262,262,Huber,3,True,163.1456532742671,4.730976715549281
VI,262,262,Patch,3,True,142.9242434458222,4.879794061341023
VI,262,262,Raw,3,True,182.0529310752588,5.402393605700334
VI,262,262,Trim,3,True,149.34685718751177,3.742502219249945
VI,263,263,Full,3,True,102.33176573811784,1.8031988611431509
VI,263,263,Global,3,True,169.23522606489837,4.200539720368734
VI,263,263,Huber,3,True,159.58922494248236,3.4721775294206205
VI,263,263,Patch,3,True,138.29805861984147,3.764903727304011
VI,263,263,Raw,3,True,177.16617154399933,4.203249787159716
VI,263,263,Trim,3,True,146.59006177433494,2.5701150759736326
VI,264,264,Full,3,True,106.05931817731596,2.4377642548078686
VI,264,264,Global,3,True,171.12667443842096,4.526949611005411
VI,264,264,Huber,3,True,161.77560204323558,4.169999514314936
VI,264,264,Patch,3,True,140.95832911433237,4.251654160221309
VI,264,264,Raw,3,True,179.5849885730134,4.5833447592593854
VI,264,264,Trim,3,True,149.12171858682893,3.6206281078819424
VI,265,265,Full,3,True,97.01441319320426,3.2140835293783065
VI,265,265,Global,3,True,160.81269474840738,3.074085928824856
VI,265,265,Huber,3,True,150.4278149934572,2.5271844342614567
VI,265,265,Patch,3,True,130.84879776757774,3.501592367825592
VI,265,265,Raw,3,True,168.25597302441992,3.0740859288248767
VI,265,265,Trim,3,True,144.61120081816804,2.30660151401994
VI,266,266,Full,3,True,93.9792052112498,3.4110606514908834
VI,266,266,Global,3,True,159.59455400104198,3.966825448636311
VI,266,266,Huber,3,True,149.65396894676343,3.551416911245286
VI,266,266,Patch,3,True,130.04720084101243,4.812970924857002
VI,266,266,Raw,3,True,166.53387661732023,3.96760422847045
VI,266,266,Trim,3,True,143.84986304532984,3.3092136429380505
VI,267,267,Full,3,True,90.22756604050176,3.8766522163678703
VI,267,267,Global,3,True,155.20602176731222,4.596235213289831
VI,267,267,Huber,3,True,145.6281579824973,4.258228436787679
VI,267,267,Patch,3,True,125.30180479014616,5.893899558375319
VI,267,267,Raw,3,True,162.07448209435097,4.594939855482826
VI,267,267,Trim,3,True,142.3995528696376,4.16318125109215
VI,268,268,Full,3,True,89.88072179853546,1.7508702196367405
VI,268,268,Global,3,True,159.70236798987423,4.312242141595942
VI,268,268,Huber,3,True,149.93645245580743,3.276185425850484
VI,268,268,Patch,3,True,129.0649809827141,4.20551012625761
VI,268,268,Raw,3,True,166.2218009934645,4.3140308530944935
VI,268,268,Trim,3,True,144.31893300714518,3.1405982606694662
VI,269,269,Full,3,True,94.34987729085744,2.798770253088558
VI,269,269,Global,3,True,164.88530754355023,5.364802588949321
VI,269,269,Huber,3,True,155.591096776484,4.30277021901359
VI,269,269,Patch,3,True,131.97370667913265,5.071859321100682
VI,269,269,Raw,3,True,172.10414120939282,5.364222246665026
VI,269,269,Trim,3,True,148.1076680375322,4.250447232609883
VI,270,270,Full,3,True,92.2926664196413,1.772839572496428
VI,270,270,Global,3,True,166.91637742976508,4.675483892848865
VI,270,270,Huber,3,True,157.03663347347995,3.692322785824077
VI,270,270,Patch,3,True,129.2576914900922,4.014221115628766
VI,270,270,Raw,3,True,173.76320807019738,4.670142451224063
VI,270,270,Trim,3,True,148.00870553021656,2.8132473442760104
VI,271,271,Full,3,True,86.50477059618039,1.569726535840305
VI,271,271,Global,3,True,170.57061920469832,5.318092186131102
VI,271,271,Huber,3,True,162.4804766308792,4.724419128676197
VI,271,271,Patch,3,True,128.82857814002128,4.06364551819435
VI,271,271,Raw,3,True,176.8598137630935,5.319120057890345
VI,271,271,Trim,3,True,151.4614126411879,3.7556646871515023
VI,272,272,Full,3,True,78.95002286006839,1.0032057036919375
VI,272,272,Global,3,True,164.53047643434195,3.453631787802898
VI,272,272,Huber,3,True,155.60572073549616,3.035621045516144
VI,272,272,Patch,3,True,122.47317504464064,2.099091147593401
VI,272,272,Raw,3,True,170.29116127162314,3.454702933619538
VI,272,272,Trim,3,True,146.95690911750006,2.3408020062981847
VI,273,273,Full,3,True,81.0574136046698,0.9151055626579668
VI,273,273,Global,3,True,164.3566986884709,3.449128751707735
VI,273,273,Huber,3,True,154.57066027688447,3.509512507420555
VI,273,273,Patch,3,True,119.68934426997342,2.613447451504223
VI,273,273,Raw,3,True,169.91590492190204,3.447838490114901
VI,273,273,Trim,3,True,148.5631031691417,3.18377413301654
VI,274,274,Full,3,True,70.16316224362137,0.9255729142261084
VI,274,274,Global,3,True,155.38441271555018,2.070743075433921
VI,274,274,Huber,3,True,147.7428617125053,2.2441047295396004
VI,274,274,Patch,3,True,108.73501377883912,1.7060875431140423
VI,274,274,Raw,3,True,160.37786999832153,2.073160835400055
VI,274,274,Trim,3,True,143.20270613974995,2.1456169708451096
VI,275,275,Full,3,True,68.88436827815674,1.5628946731329472
VI,275,275,Global,3,True,153.1019501694292,3.243036410753632
VI,275,275,Huber,3,True,146.2981211615947,3.225388185985324
VI,275,275,Patch,3,True,105.7922245280083,3.0995917352115625
VI,275,275,Raw,3,True,157.78197405066126,3.2425457805421387
VI,275,275,Trim,3,True,143.34080240418325,3.206806233074646
VI,276,276,Full,3,True,63.5330543623097,1.6311047848869151
VI,276,276,Global,3,True,150.94263844696164,3.830905574055525
VI,276,276,Huber,3,True,145.12602395933962,3.783551678238954
VI,276,276,Patch,3,True,101.9906839033928,3.5629641544312403
VI,276,276,Raw,3,True,155.7477880815278,3.826452440517502
VI,276,276,Trim,3,True,143.24548532598982,3.8045072430154527
VI,277,277,Full,3,True,60.610166663411306,1.4033867367971973
VI,277,277,Global,3,True,151.83516777816808,2.73809510886734
VI,277,277,Huber,3,True,145.13002943830296,2.777061376353101
VI,277,277,Patch,3,True,102.96802068995903,2.417355530258172
VI,277,277,Raw,3,True,156.63320942082186,2.7277041556921464
VI,277,277,Trim,3,True,143.48010224446057,2.8563267745254843
VI,278,278,Full,3,True,66.98897063792162,1.0640907651553524
VI,278,278,Global,3,True,160.0734547491475,4.181411610426219
VI,278,278,Huber,3,True,151.72857321245428,3.737029736183729
VI,278,278,Patch,3,True,111.55191594312434,3.582935666739591
VI,278,278,Raw,3,True,166.53210986657817,4.168482542217107
VI,278,278,Trim,3,True,146.4423798228126,3.802518852117327
VI,279,279,Full,3,True,65.47959643138188,1.1521350882763008
VI,279,279,Global,3,True,159.94651241377207,3.2855170200664587
VI,279,279,Huber,3,True,153.21548329481425,3.042266591459347
VI,279,279,Patch,3,True,111.11536186907294,2.3980117859028147
VI,279,279,Raw,3,True,166.5644951455401,3.283387490698904
VI,279,279,Trim,3,True,146.6834682665501,2.7705923587105064
VI,280,280,Full,3,True,65.5725030870541,1.276421631162291
VI,280,280,Global,3,True,163.70716049271735,4.420571983195565
VI,280,280,Huber,3,True,156.14308009131332,4.077629737173798
VI,280,280,Patch,3,True,113.39873510088984,3.850037530470997
VI,280,280,Raw,3,True,170.080156484676,4.41188297792136
VI,280,280,Trim,3,True,149.02421765915736,3.73073554408525
VI,281,281,Full,3,True,61.631369179785445,0.8667363987639087
VI,281,281,Global,3,True,163.7565687326356,3.119720706763607
VI,281,281,Huber,3,True,154.68876095390462,2.744098930063547
VI,281,281,Patch,3,True,113.72005720424738,2.498157800053047
VI,281,281,Raw,3,True,169.4337840948769,3.108483670823398
VI,281,281,Trim,3,True,147.63637604917918,2.4865148237261603
VI,282,282,Full,3,True,70.83513817248833,1.2575090340649735
VI,282,282,Global,3,True,168.1677819325209,4.44982080443961
VI,282,282,Huber,3,True,159.54522834797905,4.02263923089621
VI,282,282,Patch,3,True,121.61771371056447,3.6847912738263777
VI,282,282,Raw,3,True,174.49178267631422,4.450530418854756
VI,282,282,Trim,3,True,150.97267723709896,3.57660092401722
VI,283,283,Full,3,True,56.159446255878905,1.3684465647256687
VI,283,283,Global,3,True,160.48009374535425,2.901079137088175
VI,283,283,Huber,3,True,153.7430225309828,2.7441522528579108
VI,283,283,Patch,3,True,112.34296973028124,2.842518015780472
VI,283,283,Raw,3,True,165.5716985880463,2.899449547349683
VI,283,283,Trim,3,True,146.48549678055602,2.490600675174256
VI,284,284,Full,3,True,60.25124992845668,2.0806843418492584
VI,284,284,Global,3,True,160.48294131536457,4.185566135516854
VI,284,284,Huber,3,True,151.27940470170515,3.793403377495725
VI,284,284,Patch,3,True,114.32275875890674,4.297241733883868
VI,284,284,Raw,3,True,165.83326309692848,4.185526721875487
VI,284,284,Trim,3,True,143.9034186678456,3.542757806379912
VI,285,285,Full,3,True,55.80089666607297,1.6003186311166024
VI,285,285,Global,3,True,152.5593300225836,3.02282366941336
VI,285,285,Huber,3,True,145.77693090376707,2.648231614836805
VI,285,285,Patch,3,True,106.70792139144224,2.800699010189771
VI,285,285,Raw,3,True,157.10001002110857,3.0208341193346286
VI,285,285,Trim,3,True,139.17134271298997,2.4928754941372286
VI,286,286,Full,3,True,58.85812831216237,1.3332112532453293
VI,286,286,Global,3,True,154.7567343353011,2.5042995019697214
VI,286,286,Huber,3,True,148.8047613914013,2.1567989607055416
VI,286,286,Patch,3,True,107.13927350863972,2.343807772144943
VI,286,286,Raw,3,True,158.78378838905869,2.502233361633329
VI,286,286,Trim,3,True,143.39002054128838,1.994230603123884
VI,287,287,Full,3,True,74.79257614766837,3.0088216976214768
VI,287,287,Global,3,True,165.35253733140505,4.402558754803179
VI,287,287,Huber,3,True,158.0850038561238,3.939393942947075
VI,287,287,Patch,3,True,118.11070342453256,4.253373808742959
VI,287,287,Raw,3,True,171.05809752922448,4.397638785172063
VI,287,287,Trim,3,True,150.36289392006117,3.939950913154032
VI,288,288,Full,3,True,77.09996789697313,2.281316204970372
VI,288,288,Global,3,True,165.89972012125608,3.87741193269152
VI,288,288,Huber,3,True,157.014585252346,4.25922292998582
VI,288,288,Patch,3,True,119.03756166459569,3.2020808347754715
VI,288,288,Raw,3,True,171.48020920575064,3.873459707786736
VI,288,288,Trim,3,True,152.2013775809198,3.136392821220746
VI,289,289,Full,3,True,80.84614034369054,2.3853242286753025
VI,289,289,Global,3,True,167.55121122633844,4.067133746429684
VI,289,289,Huber,3,True,157.4859362768606,3.005169187141897
VI,289,289,Patch,3,True,119.52419944039065,3.450497511078385
VI,289,289,Raw,3,True,173.00843258092084,4.069751279660671
VI,289,289,Trim,3,True,150.11997321870405,2.55834815951047
VI,290,290,Full,3,True,84.64295766697799,2.534648651583081
VI,290,290,Global,3,True,169.62875190586416,4.804515605963045
VI,290,290,Huber,3,True,162.1776402637298,4.277068544085089
VI,290,290,Patch,3,True,123.60720713024126,3.7230592372169458
VI,290,290,Raw,3,True,176.14123755856463,4.8036604273259
VI,290,290,Trim,3,True,151.62008425242405,3.764272941247471
VI,291,291,Full,3,True,86.32863415668965,3.393869988698824
VI,291,291,Global,3,True,167.98433326602716,5.1583193385794495
VI,291,291,Huber,3,True,159.07139636722283,4.851516622489505
VI,291,291,Patch,3,True,122.60949465548526,4.485377453104481
VI,291,291,Raw,3,True,174.27115266137977,5.158034084039303
VI,291,291,Trim,3,True,151.01122840488742,4.624023840347902
VI,292,292,Full,3,True,76.87755442611753,2.5366465164580188
VI,292,292,Global,3,True,160.78760560803568,3.7460183150818738
VI,292,292,Huber,3,True,151.24927204669484,3.483306189313382
VI,292,292,Patch,3,True,115.5858894709985,3.020315489449411
VI,292,292,Raw,3,True,165.91727412863062,3.745568680862332
VI,292,292,Trim,3,True,145.98438359161116,3.146183826846327
VI,293,293,Full,3,True,75.10402873166107,3.4101734019771395
VI,293,293,Global,3,True,154.84034864891146,4.1680413778984455
VI,293,293,Huber,3,True,148.56935932869794,4.018348608539498
VI,293,293,Patch,3,True,112.2042199933669,4.216906066055772
VI,293,293,Raw,3,True,159.2311359614502,4.167686565128917
VI,293,293,Trim,3,True,144.98641254909393,3.835952431536747
VI,294,294,Full,3,True,68.60370425614441,3.206772654286971
VI,294,294,Global,3,True,150.5859992143284,3.13329341073596
VI,294,294,Huber,3,True,141.96583576127173,2.738995947872291
VI,294,294,Patch,3,True,109.6361057165285,4.157174486838262
VI,294,294,Raw,3,True,154.2334710388763,3.1332934107359525
VI,294,294,Trim,3,True,139.77366314492056,2.573864312771805
VI,295,295,Full,3,True,72.51415497480727,3.266886176080664
VI,295,295,Global,3,True,155.80022169571,3.985866709702595
VI,295,295,Huber,3,True,148.29362805108332,3.349220928541901
VI,295,295,Patch,3,True,116.2040400179282,4.555136975743403
VI,295,295,Raw,3,True,159.51733986491897,3.9858667097025817
VI,295,295,Trim,3,True,145.39067172966148,3.341079261551743
VI,296,296,Full,3,True,77.81890146232304,4.062412724577884
VI,296,296,Global,3,True,161.08662138126851,4.702144842733266
VI,296,296,Huber,3,True,154.3151453587438,4.281311400829811
VI,296,296,Patch,3,True,118.93640722684046,5.115984829713431
VI,296,296,Raw,3,True,165.15891266490954,4.703030534249073
VI,296,296,Trim,3,True,150.84500402297016,4.155813598291147
VI,297,297,Full,3,True,77.20263535645603,2.904260086429263
VI,297,297,Global,3,True,163.3588126509155,3.9652619386469454
VI,297,297,Huber,3,True,154.80261026932078,3.2884868380767287
VI,297,297,Patch,3,True,120.5100887365896,4.112406761288646
VI,297,297,Raw,3,True,166.9593868323557,3.964441605007981
VI,297,297,Trim,3,True,149.9533289774992,3.32357953641798
VI,298,298,Full,3,True,82.83923328604587,2.3656775470156326
VI,298,298,Global,3,True,165.21439181150825,4.106440584719645
VI,298,298,Huber,3,True,156.46163193080122,3.0982504518267064
VI,298,298,Patch,3,True,124.46202840060567,3.7342670949538417
VI,298,298,Raw,3,True,169.93148012513444,4.104807568912924
VI,298,298,Trim,3,True,150.0365479991098,2.668681976416678
VI,299,299,Full,3,True,88.06925704509925,3.25608863650047
VI,299,299,Global,3,True,170.12544041351657,4.917463916503074
VI,299,299,Huber,3,True,160.48123206801984,4.2432484419000005
VI,299,299,Patch,3,True,128.24201275163702,4.486485505351045
VI,299,299,Raw,3,True,174.83160258803946,4.9129443853169175
VI,299,299,Trim,3,True,152.89855507099594,3.9711595786230216
VI,300,300,Full,3,True,87.08006627932993,3.013742787604466
VI,300,300,Global,3,True,168.70078319839524,4.028304865704869
VI,300,300,Huber,3,True,156.63643118648685,3.228593212425804
VI,300,300,Patch,3,True,128.49812194220308,4.201806276961587
VI,300,300,Raw,3,True,173.27841526841158,4.0326235440912965
VI,300,300,Trim,3,True,151.71048940634955,3.045056358984753
VI,301,301,Full,3,True,81.36613743631561,2.518551884634253
VI,301,301,Global,3,True,162.55849418849328,3.11309240233164
VI,301,301,Huber,3,True,153.6266381050139,2.5412207107294726
VI,301,301,Patch,3,True,121.454556259476,3.211959350645384
VI,301,301,Raw,3,True,167.310165979794,3.114341374188799
VI,301,301,Trim,3,True,149.2345073277766,2.412241125371996
VI,302,302,Full,3,True,84.18672800812232,4.316450290857404
VI,302,302,Global,3,True,161.67324359261,3.934501704972099
VI,302,302,Huber,3,True,154.34574215941146,3.7870934481461576
VI,302,302,Patch,3,True,122.68821142542942,4.8665180828990735
VI,302,302,Raw,3,True,166.8503087931298,3.938976098893949
VI,302,302,Trim,3,True,150.11346315161543,3.590370602859924
VI,303,303,Full,3,True,77.90187702303106,2.824663452018723
VI,303,303,Global,3,True,158.1154158346977,3.499747710754769
VI,303,303,Huber,3,True,149.40850083419664,3.3606372880440984
VI,303,303,Patch,3,True,120.60550922957816,4.402146650955444
VI,303,303,Raw,3,True,163.45474572980507,3.499655119320381
VI,303,303,Trim,3,True,143.7444858213953,3.162166829981767
VI,304,304,Full,3,True,73.0727544645761,2.620176336216601
VI,304,304,Global,3,True,153.7239413196764,2.7345746632844614
VI,304,304,Huber,3,True,145.5773090622963,2.2092979839089306
VI,304,304,Patch,3,True,116.31091497842664,3.953210874509966
VI,304,304,Raw,3,True,158.11114558873066,2.735103443448227
VI,304,304,Trim,3,True,143.18733937314218,2.0811973865855444
VI,305,305,Full,3,True,84.58500588290347,3.630353074489021
VI,305,305,Global,3,True,160.50198580053512,4.055034587443696
VI,305,305,Huber,3,True,152.19391847917694,3.5623620564010965
VI,305,305,Patch,3,True,124.37994957199464,5.369972929129601
VI,305,305,Raw,3,True,165.33065612602093,4.050060752918694
VI,305,305,Trim,3,True,150.09173906946378,3.535325908490917
VI,306,306,Full,3,True,85.06061779420409,3.590885828174151
VI,306,306,Global,3,True,161.7824068007823,3.90960156036248
VI,306,306,Huber,3,True,153.44715966576445,3.080578651323371
VI,306,306,Patch,3,True,124.97872312256057,5.053424080210986
VI,306,306,Raw,3,True,165.99884288179572,3.910223686647748
VI,306,306,Trim,3,True,151.73583000129955,3.019523887247223
VI,307,307,Full,3,True,91.07873437148491,4.592256124555078
VI,307,307,Global,3,True,166.26491075351404,5.154451916631286
VI,307,307,Huber,3,True,157.60810310686782,4.280086878991827
VI,307,307,Patch,3,True,128.13355835533326,5.851495748398619
VI,307,307,Raw,3,True,171.92132600705872,5.142376369072396
VI,307,307,Trim,3,True,153.6750776837476,4.291413604250273
VI,308,308,Full,3,True,89.55128617997217,3.495696912798312
VI,308,308,Global,3,True,163.37603685662685,3.896809636129615
VI,308,308,Huber,3,True,156.8262192957856,3.284059460484696
VI,308,308,Patch,3,True,126.10511825872535,4.967276224802801
VI,308,308,Raw,3,True,168.59092057530876,3.8948515832069375
VI,308,308,Trim,3,True,152.08132582314806,2.936896940614881
VI,309,309,Full,3,True,97.17980731365428,4.195015232925888
VI,309,309,Global,3,True,168.92550003421454,4.573053484693275
VI,309,309,Huber,3,True,161.27879446248835,4.109867394229468
VI,309,309,Patch,3,True,132.53289000463974,5.106482390542901
VI,309,309,Raw,3,True,174.3921906232281,4.574058985511761
VI,309,309,Trim,3,True,155.81853288775724,3.813877903888398
VI,310,310,Full,3,True,98.9979639482123,4.980127294842751
VI,310,310,Global,3,True,168.4274286958687,5.361157056308351
VI,310,310,Huber,3,True,161.63383074018242,4.756387068029556
VI,310,310,Patch,3,True,129.2851678245824,5.694367469882638
VI,310,310,Raw,3,True,174.0074545379087,5.361564184275831
VI,310,310,Trim,3,True,156.25227085452525,4.618993534527988
VI,311,311,Full,3,True,98.5466248400473,3.342891399202167
VI,311,311,Global,3,True,166.81520088834813,4.139087678686116
VI,311,311,Huber,3,True,159.42116135974567,3.688576772208984
VI,311,311,Patch,3,True,127.30320036949684,4.447970756936301
VI,311,311,Raw,3,True,172.592187034783,4.1414772378422
VI,311,311,Trim,3,True,152.09275377649027,3.055007432510433
VI,312,312,Full,3,True,101.8410045984244,3.8904811110027353
VI,312,312,Global,3,True,166.1411186206139,4.72017484819343
VI,312,312,Huber,3,True,158.68028400179335,4.642570888500007
VI,312,312,Patch,3,True,126.40922151445336,5.434181244442554
VI,312,312,Raw,3,True,171.88605070046552,4.723690270889762
VI,312,312,Trim,3,True,150.4930056847555,4.11830210060779
VI,313,313,Full,3,True,88.29898204547914,1.1902231625706372
VI,313,313,Global,3,True,160.23704235328543,3.7888111788955903
VI,313,313,Huber,3,True,154.56520269248608,3.538771333812304
VI,313,313,Patch,3,True,124.27491884981656,3.950514039833324
VI,313,313,Raw,3,True,165.0725285519483,3.79174452535588
VI,313,313,Trim,3,True,147.7507322628491,2.8761400652140394
VI,314,314,Full,3,True,95.85813071380883,1.1956971765257072
VI,314,314,Global,3,True,165.63903199306304,3.8512407833459648
VI,314,314,Huber,3,True,158.53563902168074,3.329901824509544
VI,314,314,Patch,3,True,131.06146661339312,3.761398697804496
VI,314,314,Raw,3,True,170.51316487948654,3.852061459668053
VI,314,314,Trim,3,True,151.20798877903297,2.50711218013948
VI,315,315,Full,4,True,103.67061715021956,0.5848102980939461
VI,315,315,Global,4,True,169.33509301041403,4.318078069770138
VI,315,315,Huber,4,True,161.32733384595838,3.3281820012499224
VI,315,315,Patch,4,True,135.4000724806328,3.538524056471815
VI,315,315,Raw,4,True,174.7263179279266,4.321842621350403
VI,315,315,Trim,4,True,153.16175897911617,2.2442960177684688
VI,316,316,Full,4,True,106.16489331057312,2.3546719603524933
VI,316,316,Global,4,True,174.61078368816317,5.7999721192331055
VI,316,316,Huber,4,True,166.2483412260992,4.938211935235288
VI,316,316,Patch,4,True,139.4561465812657,5.734590682119768
VI,316,316,Raw,4,True,180.8345412964696,5.800503391430165
VI,316,316,Trim,4,True,156.9599042317865,4.13500487143314
VI,317,317,Full,4,True,111.22923710312966,2.284545934165376
VI,317,317,Global,4,True,175.59619873101653,5.455316489172315
VI,317,317,Huber,4,True,165.66429029133815,4.672347531242207
VI,317,317,Patch,4,True,141.44553120132565,4.773802547716223
VI,317,317,Raw,4,True,181.7616946850981,5.455316489172315
VI,317,317,Trim,4,True,155.557897250987,3.528005869199854
VI,318,318,Full,4,True,108.4947094808786,2.4304369112813604
VI,318,318,Global,4,True,174.27827349798028,5.027929174734265
VI,318,318,Huber,4,True,164.62419825580528,4.132324147461612
VI,318,318,Patch,4,True,140.7638199752554,4.485229544860952
VI,318,318,Raw,4,True,180.80941721024192,5.028036628607429
VI,318,318,Trim,4,True,154.2721395577645,3.031710649848709
VI,319,319,Full,4,True,108.1238368801722,1.7813075276554795
VI,319,319,Global,4,True,173.19026903291436,4.440104837179035
VI,319,319,Huber,4,True,163.52231667124747,3.814528873066584
VI,319,319,Patch,4,True,142.4875665188782,3.952522848131872
VI,319,319,Raw,4,True,179.8432803735201,4.436061319170383
VI,319,319,Trim,4,True,153.60494078709726,2.97046424024673
VI,320,320,Full,4,True,106.44970185534252,1.8867349448834927
VI,320,320,Global,4,True,170.6069420115092,3.560036504780532
VI,320,320,Huber,4,True,160.17169089177293,2.868596819774208
VI,320,320,Patch,4,True,138.9037016441471,2.9639657394224947
VI,320,320,Raw,4,True,177.5215198557649,3.561990597351169
VI,320,320,Trim,4,True,151.4468316185659,2.273772678697662
VI,321,321,Full,4,True,104.745002776694,3.339066994539728
VI,321,321,Global,4,True,168.70190912931378,4.7328644908601465
VI,321,321,Huber,4,True,158.62315619528576,4.342899139900062
VI,321,321,Patch,4,True,137.96299454450386,4.347577587432724
VI,321,321,Raw,4,True,174.91936687287313,4.740934790274351
VI,321,321,Trim,4,True,151.65839330454222,3.976526060399424
VI,322,322,Full,4,True,97.69565872500904,2.7047514480042736
VI,322,322,Global,4,True,164.32197425445236,4.390220180886494
VI,322,322,Huber,4,True,154.79366259635543,3.825968556976712
VI,322,322,Patch,4,True,132.37962419398912,4.299104347535854
VI,322,322,Raw,4,True,170.1190241095422,4.386008229153086
VI,322,322,Trim,4,True,149.02426077016796,3.577959067093714
VI,323,323,Full,4,True,88.91276224468288,3.002163385721311
VI,323,323,Global,4,True,157.17394939114715,3.66569386026763
VI,323,323,Huber,4,True,148.15007706590396,2.954026926266095
VI,323,323,Patch,4,True,125.1675983923206,4.4885786613782965
VI,323,323,Raw,4,True,162.58334042441473,3.665730024092529
VI,323,323,Trim,4,True,144.28166784907376,2.935771682385436
VI,324,324,Full,4,True,92.55571505941668,2.14165464513766
VI,324,324,Global,4,True,161.770918618081,3.879044921695984
VI,324,324,Huber,4,True,151.92480737577375,2.848061703534217
VI,324,324,Patch,4,True,128.6047665902773,3.773406789375701
VI,324,324,Raw,4,True,167.4526019740487,3.8801941959700352
VI,324,324,Trim,4,True,146.74564784611735,2.6941747412602486
VI,325,325,Full,4,True,91.64817169539884,1.4336045822789871
VI,325,325,Global,4,True,164.79132101141695,3.866994456149216
VI,325,325,Huber,4,True,154.05688383141057,2.709053625966508
VI,325,325,Patch,4,True,130.1814543233305,3.586638296028809
VI,325,325,Raw,4,True,170.32493612899174,3.8669448139031406
VI,325,325,Trim,4,True,148.0301342164429,2.3464449680128463
VI,326,326,Full,4,True,97.06357586359644,2.8859944844584247
VI,326,326,Global,4,True,170.74393177910963,5.482398623792753
VI,326,326,Huber,4,True,161.1754642918815,4.567118004918831
VI,326,326,Patch,4,True,132.95428622232515,4.810764689751702
VI,326,326,Raw,4,True,176.55526568841591,5.481183560094456
VI,326,326,Trim,4,True,153.8757756893424,3.861895295913512
VI,327,327,Full,4,True,93.9930500037744,2.326288549783487
VI,327,327,Global,4,True,173.1349810322101,5.347319008632134
VI,327,327,Huber,4,True,163.72272252684112,4.285257088941029
VI,327,327,Patch,4,True,131.43836577867913,4.375107873603244
VI,327,327,Raw,4,True,178.97536996749153,5.347319008632143
VI,327,327,Trim,4,True,155.02876982377106,3.4075918009980506
VI,328,328,Full,4,True,85.44029651943671,1.428115072170408
VI,328,328,Global,4,True,171.25317409861788,4.879350079915517
VI,328,328,Huber,4,True,164.17473623924815,4.259530362586597
VI,328,328,Patch,4,True,129.82494085936318,3.3301087739997506
VI,328,328,Raw,4,True,176.08523745403318,4.878094643893996
VI,328,328,Trim,4,True,155.2418204751605,3.0480781549998155
VI,329,329,Full,4,True,86.11085894245807,0.7161688628291297
VI,329,329,Global,4,True,168.3544444046737,3.6159555806672
VI,329,329,Huber,4,True,159.711074161439,3.1442577198069004
VI,329,329,Patch,4,True,127.41897317874589,2.2567654206473184
VI,329,329,Raw,4,True,173.19362978581455,3.6157138612637776
VI,329,329,Trim,4,True,152.781122577248,2.203360133085485
VI,330,330,Full,4,True,79.66300520974409,1.238904200795235
VI,330,330,Global,4,True,165.05876294501235,2.6522154576702595
VI,330,330,Huber,4,True,155.21973289687512,2.2123645893834434
VI,330,330,Patch,4,True,118.3831130854424,1.5634248148576964
VI,330,330,Raw,4,True,169.2182700607005,2.6516789456245777
VI,330,330,Trim,4,True,150.2973653555507,1.862037126550564
VI,331,331,Full,4,True,79.4220764625813,1.022230262776538
VI,331,331,Global,4,True,164.2959221191063,3.7918033068635673
VI,331,331,Huber,4,True,156.07030254541826,3.6616479613430015
VI,331,331,Patch,4,True,117.26615755161362,3.0246207527635844
VI,331,331,Raw,4,True,168.70341494856763,3.791575266236527
VI,331,331,Trim,4,True,151.89326527138104,3.5520300130129283
VI,332,332,Full,4,True,74.31166844243808,1.056493460919096
VI,332,332,Global,4,True,161.31420865814596,3.258143075533292
VI,332,332,Huber,4,True,154.0263392197743,3.1144491258554177
VI,332,332,Patch,4,True,113.63471223091013,2.613477827186542
VI,332,332,Raw,4,True,165.30863182146277,3.2580107809517056
VI,332,332,Trim,4,True,150.09689114160852,2.9302755820679693
VI,333,333,Full,4,True,61.17452676236311,2.023731233643072
VI,333,333,Global,4,True,152.112539459089,2.774313765517117
VI,333,333,Huber,4,True,145.88222318130656,2.754305872398044
VI,333,333,Patch,4,True,99.55045614693212,2.7797232893479653
VI,333,333,Raw,4,True,155.51411520437,2.7726143218286983
VI,333,333,Trim,4,True,144.14694797872886,2.681888623314228
VI,334,334,Full,4,True,59.612728314614046,1.5278002716360597
VI,334,334,Global,4,True,153.5064321790369,2.172063831901666
VI,334,334,Huber,4,True,147.03889234401228,2.034598850313641
VI,334,334,Patch,4,True,101.74337140841708,1.9508093277377647
VI,334,334,Raw,4,True,156.30598999204085,2.171933975885345
VI,334,334,Trim,4,True,146.14313645422695,2.150448608983435
VI,335,335,Full,4,True,59.43481465382302,1.9803158503947864
VI,335,335,Global,4,True,154.83007334247392,2.052609479985404
VI,335,335,Huber,4,True,148.47769818119332,1.7780782970312046
VI,335,335,Patch,4,True,105.38661196370091,1.812729299078916
VI,335,335,Raw,4,True,158.57210821952847,2.052227458587955
VI,335,335,Trim,4,True,146.87626007045515,1.9149660986416368
VI,336,336,Full,4,True,67.58748260612602,0.7315157259070245
VI,336,336,Global,4,True,164.15851528899012,3.880194529207092
VI,336,336,Huber,4,True,156.20104319676793,3.586443134197669
VI,336,336,Patch,4,True,112.59753520155188,3.099054611340029
VI,336,336,Raw,4,True,169.3486535785327,3.8644443019668913
VI,336,336,Trim,4,True,151.7548987509625,3.611473936690921
VI,337,337,Full,4,True,67.5480943032799,0.4471121992461981
VI,337,337,Global,4,True,165.49044413196495,3.900786516904476
VI,337,337,Huber,4,True,158.77748713132362,3.547297125922258
VI,337,337,Patch,4,True,114.07377919170308,2.7745495033869285
VI,337,337,Raw,4,True,171.02305603248018,3.888273849633516
VI,337,337,Trim,4,True,152.63576956533112,3.287504505824581
VI,338,338,Full,4,True,63.74077858338409,0.7524210862018514
VI,338,338,Global,4,True,165.52814109797328,3.681542857961039
VI,338,338,Huber,4,True,158.45633826314335,3.253359279042595
VI,338,338,Patch,4,True,112.4955314336716,2.552383447166976
VI,338,338,Raw,4,True,170.52881439255833,3.676216092720478
VI,338,338,Trim,4,True,152.58339611025244,2.84326474470756
VI,339,339,Full,4,True,63.922411312715326,0.8800527696174414
VI,339,339,Global,4,True,164.35423761611324,3.2763212880345214
VI,339,339,Huber,4,True,156.0184906831803,2.6610711465415458
VI,339,339,Patch,4,True,113.01802466223828,2.649461291086724
VI,339,339,Raw,4,True,168.84566532510192,3.274370367027416
VI,339,339,Trim,4,True,150.54345922638583,2.4215785121472715
VI,340,340,Full,4,True,62.23798665399144,1.8153372928001223
VI,340,340,Global,4,True,166.9425968770013,3.32099024942213
VI,340,340,Huber,4,True,157.0689052266467,2.5041180511898062
VI,340,340,Patch,4,True,117.50069221933128,2.408381478318302
VI,340,340,Raw,4,True,171.62110241327554,3.32189981669612
VI,340,340,Trim,4,True,149.97496980301952,1.980140716614736
VI,341,341,Full,4,True,65.5043178977681,1.3980827757404186
VI,341,341,Global,4,True,166.03127528755033,4.231787970548657
VI,341,341,Huber,4,True,159.13596453685707,4.130704181234356
VI,341,341,Patch,4,True,117.12006828954232,3.696964651090956
VI,341,341,Raw,4,True,171.16789055116132,4.232693399948831
VI,341,341,Trim,4,True,152.2356041982243,3.612804907271301
VI,342,342,Full,4,True,57.99795123069363,0.9627339611411376
VI,342,342,Global,4,True,164.29300569017147,3.952136831979098
VI,342,342,Huber,4,True,156.7280729744063,3.719185442855172
VI,342,342,Patch,4,True,116.00560026333608,3.635809849812025
VI,342,342,Raw,4,True,168.89005852093388,3.946399782701208
VI,342,342,Trim,4,True,149.0444334375472,3.308828383802025
VI,343,343,Full,4,True,61.493944010889614,1.9186269843037065
VI,343,343,Global,4,True,160.21840431031262,3.6607513574105175
VI,343,343,Huber,4,True,152.0125667555605,3.4069016909653524
VI,343,343,Patch,4,True,114.03240911454095,3.547907688606531
VI,343,343,Raw,4,True,164.60575391629868,3.6605300881310905
VI,343,343,Trim,4,True,144.75326604917234,2.955023808277872
VI,344,344,Full,4,True,58.085114893551705,1.670123479259756
VI,344,344,Global,4,True,157.52183465211064,2.933925151696351
VI,344,344,Huber,4,True,150.1002590471483,2.613461317246192
VI,344,344,Patch,4,True,110.352593893896,2.85966510037148
VI,344,344,Raw,4,True,161.1709729747096,2.9316669028397984
VI,344,344,Trim,4,True,143.39341926503477,2.316007250158912
VI,345,345,Full,4,True,61.2788171432758,1.6054495657803107
VI,345,345,Global,4,True,159.7808763895187,2.8545511038778097
VI,345,345,Huber,4,True,152.8180538043268,2.4663450554864315
VI,345,345,Patch,4,True,109.42392154065072,2.5279190872927693
VI,345,345,Raw,4,True,163.05431825948077,2.8514105612732035
VI,345,345,Trim,4,True,146.71372263967058,2.150932504057121
VI,346,346,Full,4,True,78.5897359786519,3.2705130991824336
VI,346,346,Global,4,True,168.42453751376803,4.588456040536348
VI,346,346,Huber,4,True,161.4504722479737,3.946522813593576
VI,346,346,Patch,4,True,119.64168900243936,4.459486239681554
VI,346,346,Raw,4,True,173.3426388030158,4.589604850171928
VI,346,346,Trim,4,True,153.4758283462556,3.897743620461549
VI,347,347,Full,4,True,83.81097750722273,2.758167534048142
VI,347,347,Global,4,True,171.56087370203554,4.6195417267883965
VI,347,347,Huber,4,True,163.78182469147762,4.009914428900841
VI,347,347,Patch,4,True,120.54380637704232,3.884236345277726
VI,347,347,Raw,4,True,176.35718937471745,4.618019581675989
VI,347,347,Trim,4,True,155.60758211520718,3.454155826058265
VI,348,348,Full,4,True,80.83260312917433,1.966809002362365
VI,348,348,Global,4,True,171.9623057589679,4.397179373565288
VI,348,348,Huber,4,True,162.23338044105878,3.47591700100671
VI,348,348,Patch,4,True,121.44823992367604,3.387003695499585
VI,348,348,Raw,4,True,176.47986691651855,4.394452550334208
VI,348,348,Trim,4,True,154.7535551497896,3.010786318319186
VI,349,349,Full,4,True,83.67281046651499,1.5150374910421205
VI,349,349,Global,4,True,169.2720733117997,3.991851999058081
VI,349,349,Huber,4,True,160.92570871365444,3.106386542820485
VI,349,349,Patch,4,True,123.56571876110657,3.6347869727428144
VI,349,349,Raw,4,True,173.9927517540952,3.986356898808091
VI,349,349,Trim,4,True,152.86912086917923,2.415208870473347
VI,350,350,Full,4,True,81.76619298057967,0.9564942748409384
VI,350,350,Global,4,True,168.06937314986914,3.4851408912668944
VI,350,350,Huber,4,True,158.49111173799096,2.8184148260768773
VI,350,350,Patch,4,True,117.42729459928276,2.116564442638792
VI,350,350,Raw,4,True,172.88148827307583,3.4847416357988106
VI,350,350,Trim,4,True,151.07391761997212,2.0987638621861064
VI,351,351,Full,4,True,86.94399379985693,3.00977126166328
VI,351,351,Global,4,True,167.08723384211967,4.498161434053387
VI,351,351,Huber,4,True,157.35274775707472,4.1257240848633945
VI,351,351,Patch,4,True,118.49027818610396,3.657714493004401
VI,351,351,Raw,4,True,171.83727703042388,4.495345528037686
VI,351,351,Trim,4,True,151.12414746900828,3.801658983154177
VI,352,352,Full,4,True,84.02637951855424,2.831707561470006
VI,352,352,Global,4,True,162.14721328343788,3.832944549834648
VI,352,352,Huber,4,True,153.38319404747716,3.570175000709556
VI,352,352,Patch,4,True,117.11473713250082,3.192783924789378
VI,352,352,Raw,4,True,166.19492098149604,3.833318960626821
VI,352,352,Trim,4,True,148.63288763269406,3.292932940989549
VI,353,353,Full,4,True,77.33738034520958,2.380853990729813
VI,353,353,Global,4,True,157.76383271957425,3.3420056551224286
VI,353,353,Huber,4,True,149.44595449206145,3.090158231870446
VI,353,353,Patch,4,True,114.56293381524289,3.2035110559432263
VI,353,353,Raw,4,True,160.95233465065365,3.342725559826593
VI,353,353,Trim,4,True,146.16105576017105,2.8185564644717123
VI,354,354,Full,4,True,70.82069061904511,2.403511356826745
VI,354,354,Global,4,True,152.47634213725175,2.966610775872322
VI,354,354,Huber,4,True,144.37807365371145,2.455697648286005
VI,354,354,Patch,4,True,111.24161813063547,3.641446371044897
VI,354,354,Raw,4,True,155.26263626476873,2.966348545487841
VI,354,354,Trim,4,True,142.3781729239441,2.235914958914104
VI,355,355,Full,4,True,72.14965344453795,2.1237477053598
VI,355,355,Global,4,True,156.02139977415544,2.759537884296178
VI,355,355,Huber,4,True,148.018419762775,1.9842496627724844
VI,355,355,Patch,4,True,114.58597604064144,3.1344181946923224
VI,355,355,Raw,4,True,158.50933618194532,2.7605459174326707
VI,355,355,Trim,4,True,144.86974184201773,1.983608557291085
VI,356,356,Full,4,True,78.30886742696347,3.242968340677464
VI,356,356,Global,4,True,162.14709055744632,4.345111373030719
VI,356,356,Huber,4,True,153.39030564961683,3.606374577097984
VI,356,356,Patch,4,True,120.76430665384642,4.596260285694582
VI,356,356,Raw,4,True,165.47901272871647,4.343815275519645
VI,356,356,Trim,4,True,149.18695304959223,3.6185477012367593
VI,357,357,Full,4,True,75.80871203127873,3.0724758249436173
VI,357,357,Global,4,True,162.9760900331692,4.088690059404543
VI,357,357,Huber,4,True,154.70915542736725,3.420699753478886
VI,357,357,Patch,4,True,119.91420347441988,4.176314390454217
VI,357,357,Raw,4,True,165.83365276758332,4.084533516442024
VI,357,357,Trim,4,True,150.56208723155362,3.4623746847518064
VI,358,358,Full,4,True,80.53759342075405,2.690796139715446
VI,358,358,Global,4,True,166.45356824294453,3.764405594013952
VI,358,358,Huber,4,True,155.9170830493866,3.157427970510545
VI,358,358,Patch,4,True,123.32197035172229,3.741547084778768
VI,358,358,Raw,4,True,169.63934942716384,3.762212842350414
VI,358,358,Trim,4,True,150.4281998448988,3.176593311426867
VI,359,359,Full,4,True,85.08013332756809,2.039212322904574
VI,359,359,Global,4,True,166.64282007444532,3.866840814523021
VI,359,359,Huber,4,True,157.8924079095667,3.0510141493147525
VI,359,359,Patch,4,True,124.5285860611102,3.2269276607817834
VI,359,359,Raw,4,True,170.3557516662295,3.867689847370476
VI,359,359,Trim,4,True,150.51410071019475,2.4807036884453586
VI,360,360,Full,4,True,81.69971055284512,1.5902431422068806
VI,360,360,Global,4,True,165.01259190887387,3.3662336082391056
VI,360,360,Huber,4,True,155.5764177908474,2.293267474462956
VI,360,360,Patch,4,True,123.02730110679929,3.204898658911335
VI,360,360,Raw,4,True,168.63546543291588,3.366109447756951
VI,360,360,Trim,4,True,150.33023835488532,1.9842822377149485
VI,361,361,Full,4,True,87.68855882700664,3.753074952112632
VI,361,361,Global,4,True,166.92745968522675,4.331917096189183
VI,361,361,Huber,4,True,157.48711577823104,3.826129251373159
VI,361,361,Patch,4,True,127.5595345364334,4.719451175316599
VI,361,361,Raw,4,True,171.20768820066706,4.327631362503797
VI,361,361,Trim,4,True,152.22235032486768,3.644279739593224
VI,362,362,Full,4,True,83.95067522653581,3.3079040891160214
VI,362,362,Global,4,True,161.8683026385574,3.7119983222491006
VI,362,362,Huber,4,True,155.07713544577408,3.4174338473529824
VI,362,362,Patch,4,True,121.1989401853906,4.198826305118711
VI,362,362,Raw,4,True,166.20147833976384,3.70971919121508
VI,362,362,Trim,4,True,150.42133287223984,3.287839657742046
VI,363,363,Full,4,True,83.76489006234918,3.4182102308723907
VI,363,363,Global,4,True,159.95814717720708,3.491878176835119
VI,363,363,Huber,4,True,152.03329284373362,2.992013035428204
VI,363,363,Patch,4,True,120.95695076121604,4.266693329048976
VI,363,363,Raw,4,True,164.1743308436783,3.495591225208224
VI,363,363,Trim,4,True,147.2011353078917,2.8029552668685493
VI,364,364,Full,4,True,74.16391604266133,2.1930365369325955
VI,364,364,Global,4,True,154.70384206343525,3.11984458223575
VI,364,364,Huber,4,True,146.9893985813967,2.6508144865794607
VI,364,364,Patch,4,True,117.66796238468564,3.921698696369561
VI,364,364,Raw,4,True,159.05324592287468,3.1228107073233207
VI,364,364,Trim,4,True,142.10923778238342,2.3097247978803392
VI,365,365,Full,4,True,71.90169632270639,2.454827980365774
VI,365,365,Global,4,True,155.1178768834811,2.7763338814871314
VI,365,365,Huber,4,True,147.1954650842673,1.964376398375256
VI,365,365,Patch,4,True,117.75574402196196,4.283426449841293
VI,365,365,Raw,4,True,158.47046499601885,2.778150786225387
VI,365,365,Trim,4,True,144.7773991663544,1.8508118877501625
VI,366,366,Full,4,True,77.69296728126537,3.95833023858529
VI,366,366,Global,4,True,157.7726079751192,4.098656671553144
VI,366,366,Huber,4,True,151.96608702111396,3.619127300425849
VI,366,366,Patch,4,True,120.4107004454544,5.703135609007041
VI,366,366,Raw,4,True,160.98736408454636,4.099764068209859
VI,366,366,Trim,4,True,150.71840085593288,3.542361710577503
VI,367,367,Full,4,True,82.57175108220457,3.398411007909808
VI,367,367,Global,4,True,160.69746847152302,4.250657850243532
VI,367,367,Huber,4,True,154.05274227080255,3.345247713528155
VI,367,367,Patch,4,True,122.76858354033104,5.183861389940222
VI,367,367,Raw,4,True,164.2930742779383,4.252162045275318
VI,367,367,Trim,4,True,151.21565498884453,3.2960396569151698
VI,368,368,Full,4,True,88.66873795001804,2.979242914857163
VI,368,368,Global,4,True,163.2150749666099,4.126585610302686
VI,368,368,Huber,4,True,155.27008807498268,3.027950848725752
VI,368,368,Patch,4,True,124.19994614372293,4.864932690775
VI,368,368,Raw,4,True,167.3966141809955,4.1265131246721145
VI,368,368,Trim,4,True,152.1713168822152,2.951631249702833
VI,369,369,Full,4,True,96.89678172878988,4.136439634666095
VI,369,369,Global,4,True,166.82451271072748,5.2255652713317655
VI,369,369,Huber,4,True,160.66401945247534,4.607127848673842
VI,369,369,Patch,4,True,128.8420347176269,5.905815658511793
VI,369,369,Raw,4,True,171.4834882637818,5.2273085685268175
VI,369,369,Trim,4,True,156.2412717238341,4.3302992465095125
VI,370,370,Full,4,True,100.12116917164634,2.7998491911959635
VI,370,370,Global,4,True,166.60274826177556,3.955039188266169
VI,370,370,Huber,4,True,158.6941689642653,3.2282332786227945
VI,370,370,Patch,4,True,129.71351738644546,4.817962213240901
VI,370,370,Raw,4,True,170.63423868618747,3.9550391882661713
VI,370,370,Trim,4,True,154.3532403289107,3.0993726196455333
VI,371,371,Full,4,True,104.14062293495444,3.829242923738713
VI,371,371,Global,4,True,167.5641947307099,4.69603706046955
VI,371,371,Huber,4,True,159.94894463077696,4.245511984194525
VI,371,371,Patch,4,True,129.8769840467155,5.211667531317531
VI,371,371,Raw,4,True,171.3102859538438,4.697429727840279
VI,371,371,Trim,4,True,156.09328451435306,4.069895055970611
VI,372,372,Full,4,True,101.24571549197243,2.702547529815679
VI,372,372,Global,4,True,162.70058490554104,3.379941232725069
VI,372,372,Huber,4,True,155.63585721250104,3.154006850864966
VI,372,372,Patch,4,True,125.79637984648404,3.71922490984999
VI,372,372,Raw,4,True,165.88861857532095,3.376357724130072
VI,372,372,Trim,4,True,152.46672314909785,3.075066791969736
VI,373,373,Full,4,True,101.93915398581926,1.95972442740086
VI,373,373,Global,4,True,160.359459079314,2.96938932848056
VI,373,373,Huber,4,True,151.51405060400026,2.3424193550449
VI,373,373,Patch,4,True,126.80905746785808,3.240004030149513
VI,373,373,Raw,4,True,162.61570081537326,2.968674059796794
VI,373,373,Trim,4,True,148.05805983551377,2.250117406644571
VI,374,374,Full,4,True,86.19403805673734,2.005177969006417
VI,374,374,Global,4,True,157.87068659788133,3.663240972443704
VI,374,374,Huber,4,True,149.9928182643365,3.4242616528551446
VI,374,374,Patch,4,True,124.66317742393504,4.520285718665049
VI,374,374,Raw,4,True,159.59807110924137,3.6648203192842814
VI,374,374,Trim,4,True,146.7713835903076,3.3459481940812963
VI,375,375,Full,4,True,84.04649018489286,1.2797066528332424
VI,375,375,Global,4,True,158.74686124515165,3.231014501178433
VI,375,375,Huber,4,True,150.8369295113812,2.479226875402514
VI,375,375,Patch,4,True,125.40226314716062,3.7158550375678137
VI,375,375,Raw,4,True,160.0612723456161,3.236908343009573
VI,375,375,Trim,4,True,148.4320315743759,2.569840179632373
VI,376,376,Full,4,True,93.9556308816805,2.150526520179707
VI,376,376,Global,4,True,164.55897941199066,4.533786575835432
VI,376,376,Huber,4,True,154.22829636522,3.4946594311689188
VI,376,376,Patch,4,True,129.9884119641889,4.518846418941545
VI,376,376,Raw,4,True,166.81057477328378,4.538573046353434
VI,376,376,Trim,4,True,150.9857155690977,3.3996634396872136
VI,377,377,Full,4,True,92.95977579143972,1.8338959755474875
VI,377,377,Global,4,True,164.0468120552154,3.943985097846186
VI,377,377,Huber,4,True,154.4000751110944,2.9965157097546413
VI,377,377,Patch,4,True,127.3348907883878,4.111272117242214
VI,377,377,Raw,4,True,166.41783098802082,3.94601184062065
VI,377,377,Trim,4,True,150.39446729760536,2.927496144302216
VI,378,378,Full,4,True,97.82465649345268,2.803838333039825
VI,378,378,Global,4,True,163.96454220489525,4.921341101337461
VI,378,378,Huber,4,True,155.4091047876993,3.817874653136019
VI,378,378,Patch,4,True,127.64735123466488,4.650355193423325
VI,378,378,Raw,4,True,167.2416142399549,4.9246078427543
VI,378,378,Trim,4,True,152.18709882575016,3.857131808076674
VI,379,379,Full,4,True,99.57809866305438,1.678754673628497
VI,379,379,Global,4,True,162.47231009179714,3.814826942531021
VI,379,379,Huber,4,True,153.4716087960104,2.65454829680686
VI,379,379,Patch,4,True,128.8480232625672,3.533579195731364
VI,379,379,Raw,4,True,166.0190048504603,3.816156614183766
VI,379,379,Trim,4,True,150.15609563737905,2.561244968518243
VI,380,380,Full,4,True,102.833669867179,2.611499820426959
VI,380,380,Global,4,True,163.51938632953883,4.723684950192632
VI,380,380,Huber,4,True,155.01695329028058,3.984500388565896
VI,380,380,Patch,4,True,130.00945597239098,4.313859539947805
VI,380,380,Raw,4,True,168.44528313870774,4.722663870856223
VI,380,380,Trim,4,True,150.2076024572188,3.391931136370125
VI,381,381,Full,4,True,98.88781083955476,1.5552007295602717
VI,381,381,Global,4,True,158.1518596673989,3.398618539316686
VI,381,381,Huber,4,True,150.63654955005325,2.7098113972916886
VI,381,381,Patch,4,True,125.20797740359032,3.173539094160922
VI,381,381,Raw,4,True,162.5683267147451,3.397162433845424
VI,381,381,Trim,4,True,148.01723917242654,2.5312709675654386
VI,382,382,Full,4,True,99.29879482724247,2.552447986345709
VI,382,382,Global,4,True,160.79511209673495,4.087373033894304
VI,382,382,Huber,4,True,151.42755870349046,3.5922717209533293
VI,382,382,Patch,4,True,126.34221751538556,4.204510645380964
VI,382,382,Raw,4,True,164.78063883112978,4.088057970907545
VI,382,382,Trim,4,True,148.5519036452127,3.3946938006354945
VI,383,383,Full,4,True,91.19951187856168,2.236362049538635
VI,383,383,Global,4,True,153.5270934145367,3.501672881356236
VI,383,383,Huber,4,True,144.5817182232416,2.7077349173587613
VI,383,383,Patch,4,True,119.52725962221176,3.922779141697049
VI,383,383,Raw,4,True,157.10343081183095,3.50856214269293
VI,383,383,Trim,4,True,142.43197626388204,2.731768561588809
VI,384,384,Full,4,True,91.92025963742368,3.1917163292122592
VI,384,384,Global,4,True,157.32913697869714,4.190106932862719
VI,384,384,Huber,4,True,148.752912994422,3.550430425983199
VI,384,384,Patch,4,True,121.05819949489958,4.660896597314744
VI,384,384,Raw,4,True,160.46163616501133,4.190014922153236
VI,384,384,Trim,4,True,147.04664569500102,3.513790915068568
VI,385,385,Full,4,True,92.64337372923852,2.5012971469387515
VI,385,385,Global,4,True,156.92926060810936,3.624147234794052
VI,385,385,Huber,4,True,149.0809301966489,2.697508456254624
VI,385,385,Patch,4,True,120.89646732350748,3.6712972855027775
VI,385,385,Raw,4,True,159.6172913198029,3.618126120288611
VI,385,385,Trim,4,True,147.77062547375428,2.7781346000961498
VI,386,386,Full,4,True,89.81189773110299,3.885644110041608
VI,386,386,Global,4,True,159.056013320564,4.683647350421872
VI,386,386,Huber,4,True,151.88706949733944,3.832828766354965
VI,386,386,Patch,4,True,116.28275051087076,5.011823111119013
VI,386,386,Raw,4,True,161.34901489773003,4.681437196344925
VI,386,386,Trim,4,True,150.1020761506905,3.934866810164955
VI,387,387,Full,4,True,79.87255692711477,2.1930415648408004
VI,387,387,Global,4,True,157.8056355318106,3.351995289749833
VI,387,387,Huber,4,True,152.13036770142676,2.7400795778321334
VI,387,387,Patch,4,True,111.0773587319548,3.4629679209606627
VI,387,387,Raw,4,True,158.9842493735495,3.352031524588804
VI,387,387,Trim,4,True,150.5809169071499,3.1898121199277725
VI,388,388,Full,4,True,81.02603710321473,2.479006412630845
VI,388,388,Global,4,True,162.782385040013,3.797942482375832
VI,388,388,Huber,4,True,155.0321617937575,3.5597868712707097
VI,388,388,Patch,4,True,118.26656357802936,3.652732898705758
VI,388,388,Raw,4,True,163.692379617391,3.797660517589436
VI,388,388,Trim,4,True,153.64684034858482,3.854552018807496
VI,389,389,Full,4,True,71.91514458828122,2.094979295095379
VI,389,389,Global,4,True,162.77856037347453,3.876846638341185
VI,389,389,Huber,4,True,155.6407154301818,3.8058077539934496
VI,389,389,Patch,4,True,117.45152166101816,3.705497046218975
VI,389,389,Raw,4,True,163.3194162290626,3.868509886484073
VI,389,389,Trim,4,True,154.32521236744705,3.85246950505549
VI,390,390,Full,4,True,69.65354091692834,2.0884160008583863
VI,390,390,Global,4,True,161.0205757393944,4.26046661594215
VI,390,390,Huber,4,True,155.22869822620578,4.009865271452775
VI,390,390,Patch,4,True,112.16630931117204,3.977927802069887
VI,390,390,Raw,4,True,161.7192516901997,4.251020658398701
VI,390,390,Trim,4,True,154.50279959107291,3.872624633859472
VI,391,391,Full,4,True,52.30232442086256,2.6130296821401227
VI,391,391,Global,4,True,156.18702565627214,2.561227670769416
VI,391,391,Huber,4,True,149.4000005593447,2.598299053936906
VI,391,391,Patch,4,True,102.61799917142268,2.5588351143036228
VI,391,391,Raw,4,True,155.8748849563512,2.560521957701571
VI,391,391,Trim,4,True,148.68792376856024,2.6986278962453496
VI,392,392,Full,4,True,41.70443945886596,2.414190465999269
VI,392,392,Global,4,True,153.7143278997847,3.0136005507862405
VI,392,392,Huber,4,True,146.4041558007682,3.019959209729076
VI,392,392,Patch,4,True,99.10518550572884,3.05245369339693
VI,392,392,Raw,4,True,152.53678450705215,3.01711272725506
VI,392,392,Trim,4,True,146.7299937393845,3.0405398343475443
VI,393,393,Full,4,True,38.77358518192559,2.3566363634021723
VI,393,393,Global,4,True,149.62796919408294,2.910107213372354
VI,393,393,Huber,4,True,145.79654920932308,2.352314171832352
VI,393,393,Patch,4,True,98.15534061637946,3.4304955280164653
VI,393,393,Raw,4,True,148.29655570597268,2.908370441326392
VI,393,393,Trim,4,True,147.5937508107814,2.541534496896466
VI,394,394,Full,4,True,45.60625379262387,1.7463261568800843
VI,394,394,Global,4,True,150.49598086368562,3.400612004023804
VI,394,394,Huber,4,True,147.9973637542485,3.42288235460313
VI,394,394,Patch,4,True,99.11252596147092,3.435381364620059
VI,394,394,Raw,4,True,149.76187260814606,3.400612004023795
VI,394,394,Trim,4,True,148.83720914455768,3.770743416595044
VI,395,395,Full,4,True,44.9242041365818,2.016766870824142
VI,395,395,Global,4,True,151.81762188740908,3.06885731828652
VI,395,395,Huber,4,True,148.33903635548694,2.645054217137428
VI,395,395,Patch,4,True,100.16095973920562,2.7705294447043607
VI,395,395,Raw,4,True,151.15587172895334,3.060142510408763
VI,395,395,Trim,4,True,149.37657794209224,2.9712786194395777
VI,396,396,Full,4,True,44.87323717248232,2.1442741181805207
VI,396,396,Global,4,True,152.1466426441862,3.631065027573027
VI,396,396,Huber,4,True,148.7150386455431,3.2932998281973784
VI,396,396,Patch,4,True,98.44378633204414,3.2057579693703744
VI,396,396,Raw,4,True,151.0133799255709,3.621917192164582
VI,396,396,Trim,4,True,150.03633944690716,3.648396974822093
VI,397,397,Full,4,True,46.52276052137464,1.7610999683511428
VI,397,397,Global,4,True,152.91213907044173,3.6708051320152384
VI,397,397,Huber,4,True,147.92545132726957,3.3241511034155247
VI,397,397,Patch,4,True,101.33964584497312,3.3372854916205807
VI,397,397,Raw,4,True,151.74668367145873,3.6676558746856753
VI,397,397,Trim,4,True,148.6760693125003,3.7590820755679055
VI,398,398,Full,4,True,50.379683514018055,1.5699180544321458
VI,398,398,Global,4,True,151.70952381990466,3.862765674143946
VI,398,398,Huber,4,True,146.6477199812929,3.649667027708556
VI,398,398,Patch,4,True,100.27440658969562,3.6777345416128018
VI,398,398,Raw,4,True,151.54450886533465,3.85158066550282
VI,398,398,Trim,4,True,146.49162577856248,3.542317711072284
VI,399,399,Full,4,True,54.94517605145902,1.9697283820628133
VI,399,399,Global,4,True,151.4574705008032,4.08460850176302
VI,399,399,Huber,4,True,144.1980156405123,3.8124558376045705
VI,399,399,Patch,4,True,101.93023602156136,3.980300362450045
VI,399,399,Raw,4,True,152.19072477109796,4.086589831732295
VI,399,399,Trim,4,True,143.476823769769,3.736217594129196
VI,400,400,Full,4,True,47.0208836910787,2.521648006355346
VI,400,400,Global,4,True,146.1159939961504,4.3937868280653705
VI,400,400,Huber,4,True,139.97818298568822,3.986966100837433
VI,400,400,Patch,4,True,98.50210344526408,4.636964526873987
VI,400,400,Raw,4,True,145.96184380252936,4.386989980091576
VI,400,400,Trim,4,True,139.77861838135607,3.927931138462968
VI,401,401,Full,4,True,55.24576089120024,3.108189933098176
VI,401,401,Global,4,True,150.4132161271041,4.73527270066096
VI,401,401,Huber,4,True,143.16331335948684,4.324737208878554
VI,401,401,Patch,4,True,104.92169647434558,4.8119879441762015
VI,401,401,Raw,4,True,148.62842449949056,4.734085677325004
VI,401,401,Trim,4,True,143.46007752925158,4.15594766224916
VI,402,402,Full,4,True,64.95126050500424,3.894820932050587
VI,402,402,Global,4,True,153.98054716054077,5.474999596791563
VI,402,402,Huber,4,True,146.46029858429162,4.691462705478013
VI,402,402,Patch,4,True,108.27786597263768,5.724169027065978
VI,402,402,Raw,4,True,152.49386858146596,5.474999596791565
VI,402,402,Trim,4,True,146.22537514957594,4.6292469785836055
VI,403,403,Full,4,True,67.63472968476094,2.4159509140026003
VI,403,403,Global,4,True,155.3907599675083,4.046501737922216
VI,403,403,Huber,4,True,148.03819393407113,3.031126404372104
VI,403,403,Patch,4,True,106.96392840928316,3.947280296642536
VI,403,403,Raw,4,True,154.37361009078245,4.050055770283169
VI,403,403,Trim,4,True,147.10771905903135,3.1661337448400286
VI,404,404,Full,4,True,70.63300893733626,2.009653590240395
VI,404,404,Global,4,True,154.5067340574655,3.8486086467367295
VI,404,404,Huber,4,True,148.8791219140012,3.101218528297381
VI,404,404,Patch,4,True,106.73546973356852,3.884045804778741
VI,404,404,Raw,4,True,153.77617190540025,3.84971622379015
VI,404,404,Trim,4,True,148.33700125899327,3.2477891730825106
VI,405,405,Full,4,True,65.12489329673957,2.333576785002282
VI,405,405,Global,4,True,151.92472745755316,4.098412151635747
VI,405,405,Huber,4,True,149.19970454740093,3.4794790169577072
VI,405,405,Patch,4,True,99.3114186269461,3.4530879272325183
VI,405,405,Raw,4,True,151.28200442434377,4.098234941427091
VI,405,405,Trim,4,True,148.90660583497478,3.4633942827599027
VI,406,406,Full,4,True,63.909041788968416,2.5290041738453044
VI,406,406,Global,4,True,148.8519423466336,4.071272720394166
VI,406,406,Huber,4,True,146.25813190416966,3.5321362533757963
VI,406,406,Patch,4,True,98.1337166248408,3.480052046044364
VI,406,406,Raw,4,True,147.95770289060417,4.07190802094755
VI,406,406,Trim,4,True,147.04784933267155,3.6176467583164
VI,407,407,Full,4,True,62.845815841095806,2.5927845192994674
VI,407,407,Global,4,True,148.43156572231166,3.97711249886838
VI,407,407,Huber,4,True,144.81079347204755,3.723245622933253
VI,407,407,Patch,4,True,102.653664221705,3.83090405858416
VI,407,407,Raw,4,True,147.11889701096644,3.97208529622772
VI,407,407,Trim,4,True,146.01249131558265,3.480961789529444
VI,408,408,Full,4,True,53.92463398566227,2.9588419548988902
VI,408,408,Global,4,True,146.20066601261843,4.16447719935177
VI,408,408,Huber,4,True,142.02173695844684,3.911110995717545
VI,408,408,Patch,4,True,104.73460041116478,4.775031678877177
VI,408,408,Raw,4,True,144.5459681444662,4.166083508672785
VI,408,408,Trim,4,True,142.5477243961872,3.7779406031032696
VI,409,409,Full,4,True,55.43595581081022,2.371883882151914
VI,409,409,Global,4,True,149.39598506273978,2.9848649298374976
VI,409,409,Huber,4,True,144.23760674275044,2.6538648116728685
VI,409,409,Patch,4,True,106.7009101705818,3.7502331397964737
VI,409,409,Raw,4,True,147.70511926967995,2.9898282931855977
VI,409,409,Trim,4,True,144.5417595704116,2.640754750901315
VI,410,410,Full,4,True,54.2675143242239,2.8946722496536954
VI,410,410,Global,4,True,150.92259138519904,3.863009961087011
VI,410,410,Huber,4,True,145.20783063530612,3.5209015545180384
VI,410,410,Patch,4,True,107.62369076962796,4.283921012430425
VI,410,410,Raw,4,True,149.99136423094413,3.859915423344692
VI,410,410,Trim,4,True,145.78376571707955,3.510115471013264
VI,411,411,Full,4,True,56.13380474644377,2.3230122346917823
VI,411,411,Global,4,True,151.19531830367947,3.0842957719709454
VI,411,411,Huber,4,True,146.36964812091034,2.5041983855944743
VI,411,411,Patch,4,True,107.91057357433787,3.623223104917937
VI,411,411,Raw,4,True,150.10668239935933,3.0803938577503085
VI,411,411,Trim,4,True,146.56827159747164,2.9728210114003617
VI,412,412,Full,4,True,58.52571296610337,3.0250801136633987
VI,412,412,Global,4,True,154.42709729757308,3.817796712315518
VI,412,412,Huber,4,True,149.31244612099343,3.322650033536452
VI,412,412,Patch,4,True,110.60402062479396,4.306380819622135
VI,412,412,Raw,4,True,153.37806005159976,3.815127015960208
VI,412,412,Trim,4,True,149.08647268741154,3.7376122546386576
VI,413,413,Full,4,True,57.74838240192884,3.5851161486734244
VI,413,413,Global,4,True,153.06425626271792,4.416843763875988
VI,413,413,Huber,4,True,148.64997326712987,4.269484281365984
VI,413,413,Patch,4,True,109.68005359918486,4.514623111131647
VI,413,413,Raw,4,True,152.03419295815567,4.407830803394925
VI,413,413,Trim,4,True,148.5813658962674,4.503792389860322
VI,414,414,Full,4,True,60.78603544712954,2.6634946688370253
VI,414,414,Global,4,True,152.41209752194345,3.293684170267969
VI,414,414,Huber,4,True,147.8969012235727,2.855403587005281
VI,414,414,Patch,4,True,110.54025867978804,3.892708091838936
VI,414,414,Raw,4,True,152.19323805707023,3.2844706266331443
VI,414,414,Trim,4,True,147.52065574510397,3.07309055754744
VI,415,415,Full,4,True,59.13341238778783,3.346351165862517
VI,415,415,Global,4,True,150.77633560089674,3.9986468718419736
VI,415,415,Huber,4,True,146.81257683843214,3.586748037292662
VI,415,415,Patch,4,True,109.2835951978766,4.538533666421909
VI,415,415,Raw,4,True,150.60278382008158,3.983246437948002
VI,415,415,Trim,4,True,145.9717837350882,3.478916557144109
VI,416,416,Full,4,True,64.14395980835673,4.297382774914345
VI,416,416,Global,4,True,149.1641482756599,5.077121967643668
VI,416,416,Huber,4,True,143.69708527094892,4.6107213771783
VI,416,416,Patch,4,True,109.830825253759,6.030213560299138
VI,416,416,Raw,4,True,150.34474554592904,5.07405187111018
VI,416,416,Trim,4,True,142.69146510991453,4.340571589281788
VI,417,417,Full,4,True,52.50742140859302,2.0936924082523425
VI,417,417,Global,4,True,148.19753439468073,3.859725399597039
VI,417,417,Huber,4,True,141.91005431963478,2.951378296210331
VI,417,417,Patch,4,True,109.26481370680372,4.795187326168884
VI,417,417,Raw,4,True,149.05923969167233,3.8645555293233618
VI,417,417,Trim,4,True,140.60195678413675,2.846446559205837
VI,418,418,Full,5,True,55.74856823893534,3.044870773166961
VI,418,418,Global,5,True,148.48704833595104,4.541518812119888
VI,418,418,Huber,5,True,145.10081994176852,3.824088208765598
VI,418,418,Patch,5,True,111.24882553418814,5.844324627543536
VI,418,418,Raw,5,True,148.48856474734362,4.550175910880934
VI,418,418,Trim,5,True,145.9836040310036,3.805752722971991
VI,419,419,Full,5,True,54.18915033519564,2.1923776132218022
VI,419,419,Global,5,True,148.02502401195235,3.5345873536045205
VI,419,419,Huber,5,True,146.31737498012745,2.655697378940468
VI,419,419,Patch,5,True,107.5229545892946,4.559421411292284
VI,419,419,Raw,5,True,147.7908930509543,3.534749981867517
VI,419,419,Trim,5,True,147.22696280278117,2.811553480107306
VI,420,420,Full,5,True,58.55121387160836,2.597620467104119
VI,420,420,Global,5,True,149.31579003531974,4.272669991446018
VI,420,420,Huber,5,True,147.90211989415488,3.3249670467852472
VI,420,420,Patch,5,True,109.38941059463583,5.415281215728608
VI,420,420,Raw,5,True,149.55389659858568,4.269829904002108
VI,420,420,Trim,5,True,148.88437389565942,3.588556367768853
VI,421,421,Full,5,True,71.82105030462665,3.4563380251315494
VI,421,421,Global,5,True,151.63458065682536,4.65771056630669
VI,421,421,Huber,5,True,150.00243866183715,3.9761661367697902
VI,421,421,Patch,5,True,112.8704882483637,5.64024560902039
VI,421,421,Raw,5,True,152.25073760840462,4.658359097575176
VI,421,421,Trim,5,True,150.26220655803957,4.174834120451427
VI,422,422,Full,5,True,83.10518188753777,3.3747380604952744
VI,422,422,Global,5,True,154.6890534645355,4.904963337783924
VI,422,422,Huber,5,True,150.0670050171344,4.034838343961423
VI,422,422,Patch,5,True,118.35814128178424,5.611986541488402
VI,422,422,Raw,5,True,156.01602524103157,4.900001752751183
VI,422,422,Trim,5,True,149.5057394694393,4.147826503643029
VI,423,423,Full,5,True,85.82620916788589,3.4879065695020035
VI,423,423,Global,5,True,152.81387494387212,4.526801920833325
VI,423,423,Huber,5,True,148.18399928702556,3.954646668074504
VI,423,423,Patch,5,True,116.92397127059604,5.027305600899789
VI,423,423,Raw,5,True,154.40768611492916,4.539126405371169
VI,423,423,Trim,5,True,147.42421972230323,4.01138152923938
VI,424,424,Full,5,True,91.28281092174096,3.523860386484749
VI,424,424,Global,5,True,152.95877113140787,4.604769603808808
VI,424,424,Huber,5,True,146.4388913000184,4.156456055222738
VI,424,424,Patch,5,True,119.64635748023576,5.2179595058649735
VI,424,424,Raw,5,True,154.33090391110224,4.602200871581683
VI,424,424,Trim,5,True,144.76727027751295,3.9674341140143743
VI,425,425,Full,5,True,71.44792835854668,2.245669120194161
VI,425,425,Global,5,True,148.70244625932486,4.680999257167011
VI,425,425,Huber,5,True,142.382193922672,4.106227099306839
VI,425,425,Patch,5,True,115.76485555695848,5.701984300162504
VI,425,425,Raw,5,True,149.33574290112588,4.686306379733758
VI,425,425,Trim,5,True,140.9884597952384,3.9368453255404
VI,426,426,Full,5,True,74.19649145606905,2.672811166674656
VI,426,426,Global,5,True,151.72039473653922,5.216012592518402
VI,426,426,Huber,5,True,146.48309185189305,4.307892256872674
VI,426,426,Patch,5,True,116.45518980420552,6.182712101780324
VI,426,426,Raw,5,True,152.8123806832361,5.226359009388862
VI,426,426,Trim,5,True,145.27839401965514,4.192955976434415
VI,427,427,Full,5,True,78.13674131906029,3.553492479266723
VI,427,427,Global,5,True,157.88946039161652,5.61788973719271
VI,427,427,Huber,5,True,148.65817136954456,4.718236275760118
VI,427,427,Patch,5,True,125.42275489334234,6.31107403363345
VI,427,427,Raw,5,True,158.02687717992734,5.6176904839410495
VI,427,427,Trim,5,True,147.2401067621811,4.540261904010319
VI,428,428,Full,5,True,76.07930245822372,4.399775301345479
VI,428,428,Global,5,True,156.22699505950325,5.930534454070484
VI,428,428,Huber,5,True,150.10493871190693,5.022783740440822
VI,428,428,Patch,5,True,120.6148172376187,6.197740488349187
VI,428,428,Raw,5,True,156.09047677272687,5.932275509878526
VI,428,428,Trim,5,True,149.04670653578546,5.108810196783936
VI,429,429,Full,5,True,76.36335819606641,2.8899785018003006
VI,429,429,Global,5,True,155.46716115025328,3.714153733839329
VI,429,429,Huber,5,True,150.2289377750609,3.028947775856146
VI,429,429,Patch,5,True,119.46692762576178,4.036395837884539
VI,429,429,Raw,5,True,155.116342975229,3.714296910442113
VI,429,429,Trim,5,True,149.4714116671039,3.180855921966165
VI,430,430,Full,5,True,80.20730874156378,2.8495370213401108
VI,430,430,Global,5,True,152.8872044671358,3.884935689966497
VI,430,430,Huber,5,True,149.10438856251105,3.135704423866503
VI,430,430,Patch,5,True,118.9730073291211,4.166009980654614
VI,430,430,Raw,5,True,153.25684569186717,3.885436474270705
VI,430,430,Trim,5,True,149.15094031081458,3.15167255355508
VI,431,431,Full,5,True,82.82050100392465,2.95372378765306
VI,431,431,Global,5,True,149.9161357860346,3.595885436986151
VI,431,431,Huber,5,True,146.99891724415505,2.9916068417826125
VI,431,431,Patch,5,True,116.0465586113006,4.167469824710676
VI,431,431,Raw,5,True,150.4186749388778,3.603339345996481
VI,431,431,Trim,5,True,147.24920610490926,2.939307384521383
VI,432,432,Full,5,True,153.98867941737393,1.757092066338496
VI,432,432,Global,5,True,185.454065581472,14.047412667589471
VI,432,432,Huber,5,True,144.16699739563768,3.445355204299597
VI,432,432,Patch,5,True,163.26844433546026,11.933978163157509
VI,432,432,Raw,5,True,192.19734858019328,14.049899130766402
VI,432,432,Trim,5,True,144.47798568157577,3.268992931911915
VI,433,433,Full,5,True,76.27549384116794,3.196200798226396
VI,433,433,Global,5,True,147.50214101606554,3.3855394229049445
VI,433,433,Huber,5,True,142.00757295978298,3.095172148961246
VI,433,433,Patch,5,True,111.9997764602972,4.244912494969723
VI,433,433,Raw,5,True,147.1528448429838,3.38695313077428
VI,433,433,Trim,5,True,142.38298943918437,2.9915900898064187
VI,434,434,Full,5,True,78.33061400851354,3.3862287433261504
VI,434,434,Global,5,True,151.18223381887103,4.427501976140647
VI,434,434,Huber,5,True,146.26575200790967,3.7688254922580455
VI,434,434,Patch,5,True,113.04857874725742,4.917394425884878
VI,434,434,Raw,5,True,151.1634322773003,4.431249045090144
VI,434,434,Trim,5,True,146.9442119166084,3.710972484459099
VI,435,435,Full,5,True,79.0240723203253,2.861120781729652
VI,435,435,Global,5,True,152.20615688611397,3.0831113867241124
VI,435,435,Huber,5,True,148.04060732591054,2.583947405378097
VI,435,435,Patch,5,True,112.45097726464388,3.717407869230994
VI,435,435,Raw,5,True,151.9579039070939,3.083646038313405
VI,435,435,Trim,5,True,147.76413235358785,2.868204576622772
VI,436,436,Full,5,True,76.16449400633161,3.227291783087797
VI,436,436,Global,5,True,155.01990590698784,3.874205022405573
VI,436,436,Huber,5,True,149.52616520093144,3.340962699764515
VI,436,436,Patch,5,True,110.00255758452508,4.291904824329097
VI,436,436,Raw,5,True,154.41723047099387,3.870260259993053
VI,436,436,Trim,5,True,149.06312469824036,3.5638647084127464
VI,437,437,Full,5,True,74.75015762028492,2.786257480202324
VI,437,437,Global,5,True,158.20781285668988,4.128084589911833
VI,437,437,Huber,5,True,150.50300929211502,3.6952516406573976
VI,437,437,Patch,5,True,112.94206290884952,3.998707404442457
VI,437,437,Raw,5,True,157.630462759726,4.1164558620765765
VI,437,437,Trim,5,True,149.66384455688794,4.057358686036601
VI,438,438,Full,5,True,65.00861388552173,2.41652974630887
VI,438,438,Global,5,True,156.4768605177645,3.758153200140708
VI,438,438,Huber,5,True,149.5256712089153,3.72484486365516
VI,438,438,Patch,5,True,109.9216800447456,3.916485085372895
VI,438,438,Raw,5,True,155.5321801257188,3.754134038713569
VI,438,438,Trim,5,True,148.9758224309425,3.8401854751321096
VI,439,439,Full,5,True,57.65876560219139,1.8959695795287617
VI,439,439,Global,5,True,153.57673834559958,3.823176533351988
VI,439,439,Huber,5,True,147.43922704720654,3.600741636836416
VI,439,439,Patch,5,True,106.3759429193574,3.826239431181599
VI,439,439,Raw,5,True,152.93797862567027,3.8234814464384015
VI,439,439,Trim,5,True,147.12200516516586,3.651892370817536
VI,440,440,Full,5,True,45.63212631304666,1.8545399421038888
VI,440,440,Global,5,True,150.049085547073,3.726772149739852
VI,440,440,Huber,5,True,144.3006973477901,3.80313700020894
VI,440,440,Patch,5,True,98.05060099049766,3.305507315473699
VI,440,440,Raw,5,True,149.45292951539764,3.725059796678949
VI,440,440,Trim,5,True,144.40380922423236,3.625129482681823
VI,441,441,Full,5,True,36.312294464695576,3.1029879885913774
VI,441,441,Global,5,True,146.95916278974906,2.547387353549382
VI,441,441,Huber,5,True,141.32435938634003,2.209669662561425
VI,441,441,Patch,5,True,92.55467394409663,3.060251101294636
VI,441,441,Raw,5,True,145.08881904291752,2.5465044951390343
VI,441,441,Trim,5,True,142.1230647168019,2.382982417162168
VI,442,442,Full,5,True,35.670440677648365,2.268182812490246
VI,442,442,Global,5,True,148.312742067955,3.778915496041087
VI,442,442,Huber,5,True,143.85384998157207,3.3318684961896463
VI,442,442,Patch,5,True,96.88538903445593,4.229684612582108
VI,442,442,Raw,5,True,146.4823309670713,3.772998551341629
VI,442,442,Trim,5,True,145.82717022890353,3.389324786508487
VI,443,443,Full,5,True,38.740625533590425,2.552531807198546
VI,443,443,Global,5,True,147.7741652871737,2.941087319831728
VI,443,443,Huber,5,True,144.9091758368182,2.468315762216268
VI,443,443,Patch,5,True,95.8247297901475,2.709740726497643
VI,443,443,Raw,5,True,146.48653630998825,2.937470927114524
VI,443,443,Trim,5,True,146.20725690206666,2.669983314797167
VI,444,444,Full,5,True,124.17167580395176,1.089528523996445
VI,444,444,Global,5,True,167.6830350030391,5.863553510513937
VI,444,444,Huber,5,True,147.2024173329937,3.2904038901064467
VI,444,444,Patch,5,True,127.82947610001008,7.636070246394986
VI,444,444,Raw,5,True,172.34104793923038,5.863091894907294
VI,444,444,Trim,5,True,147.95850698450246,3.654935379088004
VI,445,445,Full,5,True,45.9385385350553,2.239015036415517
VI,445,445,Global,5,True,151.43212196443898,4.574714793810772
VI,445,445,Huber,5,True,147.78132851447137,4.116979405063437
VI,445,445,Patch,5,True,97.4439520121024,4.0420834762651845
VI,445,445,Raw,5,True,150.4942992918685,4.575003530929429
VI,445,445,Trim,5,True,148.4040748094321,4.395736762009545
VI,446,446,Full,5,True,47.1982222984912,2.070231760757632
VI,446,446,Global,5,True,153.57014228925036,4.674320180462669
VI,446,446,Huber,5,True,149.61864103857977,4.389972281941292
VI,446,446,Patch,5,True,101.84930455968644,4.150485286836001
VI,446,446,Raw,5,True,152.65429388816386,4.668216241596157
VI,446,446,Trim,5,True,149.66378812562292,4.567925243785133
VI,447,447,Full,5,True,56.44279075697842,2.13464952469475
VI,447,447,Global,5,True,155.67051367661435,4.722139793386914
VI,447,447,Huber,5,True,150.10192567239002,4.563372554274034
VI,447,447,Patch,5,True,106.32035299276028,4.609073243836154
VI,447,447,Raw,5,True,156.31158012692268,4.711058864228564
VI,447,447,Trim,5,True,149.57059128404478,4.479245616341332
VI,448,448,Full,5,True,57.95180943259352,0.9824135346538484
VI,448,448,Global,5,True,154.803473746485,2.96667651919644
VI,448,448,Huber,5,True,146.9296399870269,2.846330017637443
VI,448,448,Patch,5,True,105.68254911854734,2.760635329178088
VI,448,448,Raw,5,True,155.9983146350554,2.965553677973826
VI,448,448,Trim,5,True,146.18690810308908,2.8490267016642985
VI,449,449,Full,5,True,55.02511455443944,1.9770146258976111
VI,449,449,Global,5,True,149.82234576526272,3.5980266028243
VI,449,449,Huber,5,True,143.46952129905685,3.1132778045180576
VI,449,449,Patch,5,True,103.95254667920165,3.6393412687564255
VI,449,449,Raw,5,True,150.78185114145845,3.597105730105673
VI,449,449,Trim,5,True,142.55756252162348,3.165884613860548
VI,450,450,Full,5,True,62.95800444668484,2.1191752209502988
VI,450,450,Global,5,True,155.6892422004158,3.823175875602274
VI,450,450,Huber,5,True,148.23621103023842,3.224603513997076
VI,450,450,Patch,5,True,111.2165444165755,3.8978714750521126
VI,450,450,Raw,5,True,155.47497847227908,3.824413176327965
VI,450,450,Trim,5,True,148.44769136094743,3.1413915391682594
VI,451,451,Full,5,True,72.65191191559703,3.211530532214074
VI,451,451,Global,5,True,158.9858561262264,4.604553707547791
VI,451,451,Huber,5,True,152.73289044735975,3.73307063566499
VI,451,451,Patch,5,True,114.5748896003814,4.93774833327017
VI,451,451,Raw,5,True,158.85189399847462,4.605068951313856
VI,451,451,Trim,5,True,152.04037071071232,3.720656116383236
VI,452,452,Full,5,True,78.20182135047182,2.873853448234863
VI,452,452,Global,5,True,163.69301999809946,4.794852962486491
VI,452,452,Huber,5,True,155.90987232807254,3.973799268791707
VI,452,452,Patch,5,True,114.8572200439096,4.720907984220753
VI,452,452,Raw,5,True,163.66963793154125,4.793978737122647
VI,452,452,Trim,5,True,154.08876073177663,4.012138907805455
VI,453,453,Full,5,True,77.37092126632169,2.569097298313928
VI,453,453,Global,5,True,161.3718034567739,4.786603969635877
VI,453,453,Huber,5,True,157.20633553953144,4.065581745377407
VI,453,453,Patch,5,True,113.90884206317152,5.027390692843923
VI,453,453,Raw,5,True,161.8967098410207,4.789933815158202
VI,453,453,Trim,5,True,155.60980566120594,4.229160172873994
VI,454,454,Full,5,True,74.0689891516366,2.37923479463655
VI,454,454,Global,5,True,158.5305721383278,4.736574667630518
VI,454,454,Huber,5,True,155.64450311565523,4.1862062555567165
VI,454,454,Patch,5,True,107.3697561169488,4.041298671058096
VI,454,454,Raw,5,True,159.27083929792474,4.728037460193026
VI,454,454,Trim,5,True,155.82638028668197,4.2731916241936165
VI,455,455,Full,5,True,73.81229766191727,2.800912055827489
VI,455,455,Global,5,True,157.5930793743994,4.899779547048176
VI,455,455,Huber,5,True,154.249708143781,4.441609975454618
VI,455,455,Patch,5,True,108.41244896284596,4.166436566224364
VI,455,455,Raw,5,True,158.01201864051944,4.897572003053823
VI,455,455,Trim,5,True,155.18878167148455,4.392943780354739
VI,456,456,Full,5,True,68.68918270247597,2.9226336960360464
VI,456,456,Global,5,True,156.73897798088265,4.721681097296702
VI,456,456,Huber,5,True,152.98900575294527,4.371772266348145
VI,456,456,Patch,5,True,110.8964918018994,4.361470007086317
VI,456,456,Raw,5,True,156.2457750609023,4.72301902551871
VI,456,456,Trim,5,True,153.49609413685977,4.294968475696774
VI,457,457,Full,5,True,61.53227366051264,2.205680865517716
VI,457,457,Global,5,True,151.60816593601993,3.579116542902652
VI,457,457,Huber,5,True,147.82164124310273,2.847241857522453
VI,457,457,Patch,5,True,109.53803904986644,3.982988380008298
VI,457,457,Raw,5,True,150.93935476566324,3.5796779663758955
VI,457,457,Trim,5,True,148.11380931037567,2.857721059653144
VI,458,458,Full,5,True,62.59651086594996,2.2675971503649857
VI,458,458,Global,5,True,156.99964357260168,3.2620968515791064
VI,458,458,Huber,5,True,151.894462766893,2.918530430952086
VI,458,458,Patch,5,True,113.22780403180852,4.0182258415981655
VI,458,458,Raw,5,True,156.04705017163317,3.263562019435532
VI,458,458,Trim,5,True,152.04769716341204,2.960488448885973
VI,459,459,Full,5,True,63.58665160171105,2.761561950682572
VI,459,459,Global,5,True,157.69213578666557,3.7702842044334703
VI,459,459,Huber,5,True,153.47516867669228,3.188182669976161
VI,459,459,Patch,5,True,112.74934505165048,4.186030770951729
VI,459,459,Raw,5,True,157.79103943944355,3.7737435414664335
VI,459,459,Trim,5,True,153.74531994207152,3.424718491004211
VI,460,460,Full,5,True,64.45973160204323,2.874688126844163
VI,460,460,Global,5,True,159.4368672830677,3.910769639982665
VI,460,460,Huber,5,True,155.94580852703467,3.4345220724400303
VI,460,460,Patch,5,True,112.32383766237405,4.321546982295775
VI,460,460,Raw,5,True,159.36000022009333,3.908467388043813
VI,460,460,Trim,5,True,156.0493726159438,3.791002454560626
VI,461,461,Full,5,True,68.41710199125988,3.3756071508371868
VI,461,461,Global,5,True,161.94418777022736,4.3081757342868885
VI,461,461,Huber,5,True,157.70237461012053,3.86149671065904
VI,461,461,Patch,5,True,114.32341580918973,4.651554456105996
VI,461,461,Raw,5,True,162.2849130641518,4.306370352916023
VI,461,461,Trim,5,True,157.47892507740406,4.088801035286502
VI,462,462,Full,5,True,72.9780777219024,3.694726446235037
VI,462,462,Global,5,True,162.72137250275622,4.691123356175196
VI,462,462,Huber,5,True,159.06098805514745,4.18355933112549
VI,462,462,Patch,5,True,116.23705004625958,4.95746381121864
VI,462,462,Raw,5,True,163.50685752222506,4.693263098056791
VI,462,462,Trim,5,True,159.5627712458313,4.260560779327033
VI,463,463,Full,5,True,76.6952120906973,4.01114230337584
VI,463,463,Global,5,True,162.01428878694307,4.895034702302827
VI,463,463,Huber,5,True,157.43545858348585,4.364434934608432
VI,463,463,Patch,5,True,118.06547958031148,5.229240675599399
VI,463,463,Raw,5,True,163.7571900887607,4.893208214725043
VI,463,463,Trim,5,True,157.15913277644864,4.298680944231853
VI,464,464,Full,5,True,78.7178874697036,4.145529888730935
VI,464,464,Global,5,True,160.82511921004937,4.938831947030656
VI,464,464,Huber,5,True,154.99163987884378,4.520005400093342
VI,464,464,Patch,5,True,119.61628832669147,5.848103758204068
VI,464,464,Raw,5,True,163.03552504275268,4.942242450597696
VI,464,464,Trim,5,True,154.464319421792,4.399252048498627
VI,465,465,Full,5,True,68.84470403646405,3.15071825606308
VI,465,465,Global,5,True,158.04612239575755,5.321908698674645
VI,465,465,Huber,5,True,152.03149734235478,4.639547211208188
VI,465,465,Patch,5,True,118.08338115323694,5.88312698319376
VI,465,465,Raw,5,True,160.28291114218197,5.327247627420182
VI,465,465,Trim,5,True,150.32564442175055,4.527203943935149
VI,466,466,Full,5,True,63.15353762476449,2.246866098814364
VI,466,466,Global,5,True,156.98721648724603,3.9666345110254952
VI,466,466,Huber,5,True,152.1722888862267,2.8202037974630514
VI,466,466,Patch,5,True,116.81527871617058,5.191953288548096
VI,466,466,Raw,5,True,158.38519675306642,3.966486363322274
VI,466,466,Trim,5,True,153.08274831292246,2.8240749161357703
VI,467,467,Full,5,True,61.331935196302624,2.3710423418255964
VI,467,467,Global,5,True,156.25060408356725,4.223212869060425
VI,467,467,Huber,5,True,154.87303498996403,3.211128255144041
VI,467,467,Patch,5,True,113.49517551885816,5.046661935199468
VI,467,467,Raw,5,True,157.10042863126333,4.223985681750916
VI,467,467,Trim,5,True,156.45616324168216,3.424411023446481
VI,468,468,Full,5,True,68.01516772672726,2.3923555155777585
VI,468,468,Global,5,True,158.26889806037897,4.318589626753008
VI,468,468,Huber,5,True,157.15500261644937,3.4679137974457745
VI,468,468,Patch,5,True,115.69331470232898,4.927431310919039
VI,468,468,Raw,5,True,159.71379852934558,4.317961230113899
VI,468,468,Trim,5,True,158.09578264203668,3.688904590941883
VI,469,469,Full,5,True,81.76440254825451,3.019050904906962
VI,469,469,Global,5,True,162.27165147699307,4.500885439434953
VI,469,469,Huber,5,True,158.93578184416052,3.670320006851045
VI,469,469,Patch,5,True,121.06176311595236,5.052025380281336
VI,469,469,Raw,5,True,164.41283346979083,4.499554948512818
VI,469,469,Trim,5,True,159.1292257469908,3.806179940114829
VI,470,470,Full,5,True,95.26213122160806,2.9665373721133017
VI,470,470,Global,5,True,165.43856967998147,4.737545853116181
VI,470,470,Huber,5,True,161.7264534307665,4.079177540155845
VI,470,470,Patch,5,True,126.24994913409827,4.969061944449418
VI,470,470,Raw,5,True,168.47792352185516,4.733876511946597
VI,470,470,Trim,5,True,160.801457915237,4.100522456749384
VI,471,471,Full,5,True,98.61146425374804,3.4441015274400644
VI,471,471,Global,5,True,165.3552359038582,4.492460700009355
VI,471,471,Huber,5,True,160.56467393271967,4.030204137447554
VI,471,471,Patch,5,True,125.24141549359504,4.858652909662426
VI,471,471,Raw,5,True,168.540370667617,4.489848647556441
VI,471,471,Trim,5,True,159.58036856006453,3.9782666464122194
VI,472,472,Full,5,True,98.15371050916715,3.933496499439992
VI,472,472,Global,5,True,162.14754828262105,4.801447116224091
VI,472,472,Huber,5,True,157.15382502133298,4.382677994476969
VI,472,472,Patch,5,True,123.42113290553505,5.305688322851419
VI,472,472,Raw,5,True,165.18652273482476,4.806885564793334
VI,472,472,Trim,5,True,155.47457116838552,4.255506446335828
VI,473,473,Full,5,True,81.88965815791343,2.1990721127643496
VI,473,473,Global,5,True,161.552080402221,4.792235155194415
VI,473,473,Huber,5,True,155.74560067448266,4.204206310076672
VI,473,473,Patch,5,True,122.47264725045429,5.537258638177412
VI,473,473,Raw,5,True,164.85193150082614,4.789726674404808
VI,473,473,Trim,5,True,152.7167947942346,4.0938892901811625
VI,474,474,Full,5,True,89.47341344144098,2.964013823661657
VI,474,474,Global,5,True,167.97795616522228,5.826457647602899
VI,474,474,Huber,5,True,161.62125037502244,4.677118262820573
VI,474,474,Patch,5,True,129.98336026831203,6.159024973424288
VI,474,474,Raw,5,True,171.10746601169603,5.825611411772505
VI,474,474,Trim,5,True,160.37013161829114,4.544704723063258
VI,475,475,Full,5,True,81.67504567170721,2.3812934734320725
VI,475,475,Global,5,True,165.16364493145167,4.573168758012851
VI,475,475,Huber,5,True,158.5422903126464,3.227381058013207
VI,475,475,Patch,5,True,125.09352025374446,4.630924662465208
VI,475,475,Raw,5,True,166.53033184232336,4.585165822509142
VI,475,475,Trim,5,True,157.9606349310897,3.1804923315855387
VI,476,476,Full,5,True,85.99407992821828,2.6014976675378136
VI,476,476,Global,5,True,164.0921169775374,4.368251363396191
VI,476,476,Huber,5,True,158.97901255202456,3.3233691125689817
VI,476,476,Patch,5,True,122.1217556539128,4.534339241765817
VI,476,476,Raw,5,True,165.63737457253956,4.369650766929111
VI,476,476,Trim,5,True,158.1774413402438,3.392645390325067
VI,477,477,Full,5,True,86.2255876346522,4.657765718054046
VI,477,477,Global,5,True,163.22922526199275,5.856046179794848
VI,477,477,Huber,5,True,159.804229045811,5.026365022397243
VI,477,477,Patch,5,True,123.37850245669512,6.341563734959521
VI,477,477,Raw,5,True,165.24091147041318,5.869206893816471
VI,477,477,Trim,5,True,159.55655375619816,5.046615610257951
VI,478,478,Full,5,True,86.8051627306931,4.568075775782963
VI,478,478,Global,5,True,161.99137361433992,5.2344143124682985
VI,478,478,Huber,5,True,157.85333402112693,4.435910213827451
VI,478,478,Patch,5,True,122.21875623495676,5.718295069269557
VI,478,478,Raw,5,True,163.58721742226982,5.238646460137752
VI,478,478,Trim,5,True,158.07429034705285,4.356351348023265
VI,479,479,Full,5,True,159.60411032141903,0.9329343847008048
VI,479,479,Global,5,True,194.721189665732,11.744087894952171
VI,479,479,Huber,5,True,155.8880702196662,3.6263857096409073
VI,479,479,Patch,5,True,173.49584511275674,10.46366158374281
VI,479,479,Raw,5,True,203.5249748131855,11.744639129814235
VI,479,479,Trim,5,True,156.2879471928683,3.532586218644304
VI,480,480,Full,5,True,86.58285487618707,5.35100436867985
VI,480,480,Global,5,True,156.7510471592087,5.677651636143556
VI,480,480,Huber,5,True,153.90573959422818,5.0789334442234
VI,480,480,Patch,5,True,121.11540446507183,7.652239265225912
VI,480,480,Raw,5,True,158.04843675767742,5.677169437626035
VI,480,480,Trim,5,True,153.55266883245565,4.768951966018661
VI,481,481,Full,5,True,83.34836171966002,4.599059718633675
VI,481,481,Global,5,True,159.09225795051051,5.398827542390266
VI,481,481,Huber,5,True,156.15510929496926,4.652171800639595
VI,481,481,Patch,5,True,118.58735137675728,7.085273027601295
VI,481,481,Raw,5,True,159.91745587638613,5.403138264223485
VI,481,481,Trim,5,True,156.45810579341406,4.519354102822377
VI,482,482,Full,5,True,84.62602630430392,5.028257480418996
VI,482,482,Global,5,True,162.59980085646023,5.941658374663126
VI,482,482,Huber,5,True,158.00839741003884,4.861229548465449
VI,482,482,Patch,5,True,118.13276310251086,7.050109245976799
VI,482,482,Raw,5,True,164.09311544498522,5.947059170733103
VI,482,482,Trim,5,True,158.4279331152311,4.892963742213864
VI,483,483,Full,5,True,81.91276840892834,4.546458421926083
VI,483,483,Global,5,True,164.0638957973468,5.73365924249593
VI,483,483,Huber,5,True,160.58396007624384,4.807402553600287
VI,483,483,Patch,5,True,115.50939120881328,6.291252503152039
VI,483,483,Raw,5,True,165.21642108741028,5.737151975109041
VI,483,483,Trim,5,True,161.15713651089845,4.918403650514476
VI,484,484,Full,5,True,76.97157097236249,3.590369606542698
VI,484,484,Global,5,True,166.15493575613803,5.732988166628205
VI,484,484,Huber,5,True,162.38383065732117,4.877581383911304
VI,484,484,Patch,5,True,117.62225571099845,6.197439654974203
VI,484,484,Raw,5,True,167.34798664846667,5.7326579743340815
VI,484,484,Trim,5,True,162.54973173031044,5.115886161166065
VI,485,485,Full,5,True,69.04464575169388,3.2501099476241464
VI,485,485,Global,5,True,166.25775443678916,5.282272364385537
VI,485,485,Huber,5,True,160.9473051072963,4.723666153586795
VI,485,485,Patch,5,True,117.97066443545148,5.76249349470469
VI,485,485,Raw,5,True,166.52782353570214,5.2902074328912585
VI,485,485,Trim,5,True,161.32763517365598,4.841160592687894
VI,486,486,Full,5,True,60.97338844536061,2.880859773738778
VI,486,486,Global,5,True,163.85891084679432,5.0812979991907055
VI,486,486,Huber,5,True,159.14967137943768,4.589852434391567
VI,486,486,Patch,5,True,111.78051351176843,5.042221367662269
VI,486,486,Raw,5,True,163.63394875232078,5.084658214301643
VI,486,486,Trim,5,True,159.67310030724863,4.588029836158126
VI,487,487,Full,5,True,56.28434019450973,2.45857450210686
VI,487,487,Global,5,True,161.9072879732224,4.865629651733932
VI,487,487,Huber,5,True,157.67213528216485,4.572457416263652
VI,487,487,Patch,5,True,108.31480871731604,4.651265620260131
VI,487,487,Raw,5,True,162.33302582102706,4.862560300243368
VI,487,487,Trim,5,True,157.48189805174474,4.561376489478593
VI,488,488,Full,5,True,46.10385403203014,2.4850536946068456
VI,488,488,Global,5,True,161.04848335153105,5.084815026014487
VI,488,488,Huber,5,True,155.78703080310618,4.260502026818392
VI,488,488,Patch,5,True,103.25474579476266,5.731258289726901
VI,488,488,Raw,5,True,160.2814450115434,5.084847014862418
VI,488,488,Trim,5,True,156.42159237039905,4.004337267951672
VI,489,489,Full,5,True,41.81000408504872,2.727687244888887
VI,489,489,Global,5,True,159.56060938462932,3.855274741768501
VI,489,489,Huber,5,True,157.08282920413012,2.9596146031556394
VI,489,489,Patch,5,True,103.21536536611018,4.481415320156049
VI,489,489,Raw,5,True,157.88911818080743,3.855593469475862
VI,489,489,Trim,5,True,159.1549833619181,3.2382674483699416
VI,490,490,Full,5,True,44.25801602730783,2.608200051202989
VI,490,490,Global,5,True,159.53810702211945,4.910303957614552
VI,490,490,Huber,5,True,158.49781064549182,3.657488916865464
VI,490,490,Patch,5,True,103.14588311988815,4.735400630089568
VI,490,490,Raw,5,True,159.4669451912292,4.909791761762118
VI,490,490,Trim,5,True,160.41969575574052,3.968738769753978
VI,491,491,Full,5,True,45.93889238101931,2.2590505662196194
VI,491,491,Global,5,True,160.1918957645155,4.775339867751619
VI,491,491,Huber,5,True,159.99812632330327,4.1332525615216085
VI,491,491,Patch,5,True,102.69787087210808,4.505041446067324
VI,491,491,Raw,5,True,160.7025961983861,4.7729001496963255
VI,491,491,Trim,5,True,161.09377865867484,4.595049319735405
VI,492,492,Full,5,True,54.15574736977751,2.646531166182425
VI,492,492,Global,5,True,162.13924425696584,5.074480508924792
VI,492,492,Huber,5,True,160.52189848473546,4.249228462612318
VI,492,492,Patch,5,True,105.21725862424653,4.860549739363893
VI,492,492,Raw,5,True,162.76283258347044,5.061854850531099
VI,492,492,Trim,5,True,162.07005612054704,4.702705894508763
VI,493,493,Full,5,True,66.02383111042872,3.215147314775637
VI,493,493,Global,5,True,162.91850737144415,4.58333392520531
VI,493,493,Huber,5,True,157.67823893066472,4.17644450673438
VI,493,493,Patch,5,True,112.29236609013256,4.833130141930566
VI,493,493,Raw,5,True,164.8485698434802,4.585160890125459
VI,493,493,Trim,5,True,158.54319953541705,4.3520948337202165
VI,494,494,Full,5,True,68.448668451843,2.366577739636111
VI,494,494,Global,5,True,160.08379716827184,4.050095954931947
VI,494,494,Huber,5,True,155.6524072066567,3.8830246714848817
VI,494,494,Patch,5,True,111.27475551915892,4.196438857068412
VI,494,494,Raw,5,True,163.25450961827596,4.049155193490695
VI,494,494,Trim,5,True,154.8499894164035,3.79289599465565
VI,495,495,Full,5,True,65.22731701054305,2.76828306878302
VI,495,495,Global,5,True,157.27158693719446,4.375778998937102
VI,495,495,Huber,5,True,152.74140412206572,4.30194416705511
VI,495,495,Patch,5,True,110.28082820946678,4.526072031927573
VI,495,495,Raw,5,True,159.6935494394601,4.376803175920447
VI,495,495,Trim,5,True,151.94189618607564,4.18885456354746
VI,496,496,Full,5,True,62.41115261730916,2.9841995000990207
VI,496,496,Global,5,True,158.69122421111186,4.585572781873113
VI,496,496,Huber,5,True,153.01492164384436,4.0899473812521085
VI,496,496,Patch,5,True,110.80167321052068,5.099127983708204
VI,496,496,Raw,5,True,159.83648528594318,4.5839344021908985
VI,496,496,Trim,5,True,152.71631104733606,3.924609119654716
VI,497,497,Full,5,True,70.46743444369731,3.2129323086452697
VI,497,497,Global,5,True,161.35226695548317,4.102970429006791
VI,497,497,Huber,5,True,155.93215552813584,2.836582070373438
VI,497,497,Patch,5,True,113.1845729075954,4.179162536508112
VI,497,497,Raw,5,True,161.61785519189502,4.108755928939475
VI,497,497,Trim,5,True,155.69834167296702,2.834298464367704
VI,498,498,Full,5,True,68.37043965189253,2.8998036596477688
VI,498,498,Global,5,True,166.1859596970952,4.198848386299572
VI,498,498,Huber,5,True,160.17637323267195,3.326347557678145
VI,498,498,Patch,5,True,114.42907668714491,4.240889328370231
VI,498,498,Raw,5,True,165.45131217094985,4.198495889448975
VI,498,498,Trim,5,True,159.72933411235311,3.2921241127891943
VI,499,499,Full,5,True,79.03668473389162,3.212515050654581
VI,499,499,Global,5,True,167.4788675099717,4.986430748444829
VI,499,499,Huber,5,True,162.5055554229429,3.768593626403339
VI,499,499,Patch,5,True,115.8998336936188,5.0591068192145565
VI,499,499,Raw,5,True,167.48140703936653,4.987555551973278
VI,499,499,Trim,5,True,162.29358635455526,3.764951875068353
VI,500,500,Full,5,True,73.68731878640739,3.084155104252506
VI,500,500,Global,5,True,166.85169895937625,4.755431242106066
VI,500,500,Huber,5,True,163.02436073540463,3.9528756727112175
VI,500,500,Patch,5,True,119.65711996060789,5.3899258814247055
VI,500,500,Raw,5,True,167.20424121106038,4.760534057352257
VI,500,500,Trim,5,True,163.3679711757207,4.103355391199413
