comparison,trajectory,order,block,posthoc,target,base,et_target,et_base,Dt_mm,eR_target,eR_base,Dr_deg
PH_vs_Huber,II,143,0,0,PatchHuber,Huber,29.0954029327775,71.3052520569424,-42.20984912416489,1.9368878596348007,0.6542226946679328,1.2826651649668679
PH_vs_Huber,II,144,0,0,PatchHuber,Huber,25.49713480890645,70.41446425131798,-44.91732944241153,1.956387452067256,0.743915758818129,1.2124716932491268
PH_vs_Huber,II,145,0,0,PatchHuber,Huber,24.160844247552056,70.10134858661921,-45.940504339067154,1.7819416926718334,0.7432731308021482,1.0386685618696854
PH_vs_Huber,II,146,0,0,PatchHuber,Huber,23.530695094926465,70.13588682836131,-46.60519173343484,1.6485081398912584,0.7284109651757138,0.9200971747155446
PH_vs_Huber,II,147,0,0,PatchHuber,Huber,24.11480705006056,70.3974736054376,-46.282666555377034,1.6195742422753563,0.4492921558047975,1.1702820864705588
PH_vs_Huber,II,148,0,0,PatchHuber,Huber,22.33532977403229,69.98966478578608,-47.65433501175379,1.5138311179861346,0.7178611424175922,0.7959699755685423
PH_vs_Huber,II,149,0,0,PatchHuber,Huber,19.62688092568913,70.73107628595035,-51.10419536026122,1.4438925785022936,0.7440171703934393,0.6998754081088543
PH_vs_Huber,II,150,0,0,PatchHuber,Huber,21.337917014362542,70.49407262055222,-49.15615560618967,1.5010197335112554,0.8212843117607708,0.6797354217504846
PH_vs_Huber,II,151,0,0,PatchHuber,Huber,22.50977903857877,70.88309228374357,-48.373313245164795,1.3378037998907484,0.7799852154905176,0.5578185844002308
PH_vs_Huber,II,152,0,0,PatchHuber,Huber,19.39632140766662,71.15486335128912,-51.758541943622504,1.4316466160627912,0.908701446715986,0.5229451693468052
PH_vs_Huber,II,153,0,0,PatchHuber,Huber,14.72908536874017,71.4891345948437,-56.76004922610353,0.8334085349868526,1.059546409637509,-0.22613787465065627
PH_vs_Huber,II,154,0,0,PatchHuber,Huber,15.847786383455388,70.68019053986538,-54.83240415640999,1.2051668792253811,0.8772111997728103,0.32795567945257087
PH_vs_Huber,II,155,0,0,PatchHuber,Huber,17.06033984620499,71.48521484527377,-54.424874999068784,0.8364307494996608,1.1343696276879216,-0.2979388781882608
PH_vs_Huber,II,156,0,0,PatchHuber,Huber,17.191532209941606,72.42812041011511,-55.23658820017351,0.9684527604409134,1.1080205597150987,-0.13956779927418528
PH_vs_Huber,II,157,0,0,PatchHuber,Huber,19.24509187731336,72.91586794521774,-53.670776067904384,0.9673978522346456,1.1034670796222477,-0.13606922738760208
PH_vs_Huber,II,158,0,0,PatchHuber,Huber,18.20134991646023,71.56076747685721,-53.35941756039698,0.9397140084477014,1.275374339260775,-0.33566033081307367
PH_vs_Huber,II,159,0,0,PatchHuber,Huber,16.79261689629329,71.95347438980738,-55.160857493514094,1.0831684736400766,1.2575705344042514,-0.17440206076417475
PH_vs_Huber,II,160,0,0,PatchHuber,Huber,17.373241755435195,71.59779507357824,-54.224553318143045,0.8589708159474492,1.228629174418571,-0.3696583584711217
PH_vs_Huber,II,161,0,0,PatchHuber,Huber,16.15044130843865,70.64625043855634,-54.495809130117685,1.1700260334901669,1.1450161936909893,0.02500983979917759
PH_vs_Huber,II,162,0,0,PatchHuber,Huber,14.497042409762695,69.64922179498559,-55.152179385222894,1.1321394022493572,1.0310729106693124,0.10106649158004477
PH_vs_Huber,II,163,0,0,PatchHuber,Huber,13.690531057949812,68.153406374551,-54.462875316601185,1.2786999770850025,1.0373947907367838,0.24130518634821874
PH_vs_Huber,II,164,0,0,PatchHuber,Huber,12.57125998883308,67.88902177628421,-55.31776178745113,1.0698257737837316,0.9232206277225588,0.1466051460611728
PH_vs_Huber,II,165,0,0,PatchHuber,Huber,9.430508052447534,64.62469750009674,-55.19418944764921,1.0688285810658738,1.2100884850048113,-0.1412599039389375
PH_vs_Huber,II,166,0,0,PatchHuber,Huber,11.567847160883645,66.36449259008825,-54.7966454292046,0.7903143060279454,1.0699008544737516,-0.2795865484458062
PH_vs_Huber,II,167,0,0,PatchHuber,Huber,10.99527098514805,66.90696361607868,-55.91169263093063,0.790411322339167,1.0830109346495451,-0.2925996123103781
PH_vs_Huber,II,168,0,0,PatchHuber,Huber,10.900511555701204,66.25759319065234,-55.35708163495114,0.6107401657034796,1.290143377693482,-0.6794032119900025
PH_vs_Huber,II,169,0,0,PatchHuber,Huber,11.229976437597454,65.86348172308129,-54.633505285483835,0.8091010557678834,1.34028175514894,-0.5311806993810567
PH_vs_Huber,II,170,0,0,PatchHuber,Huber,8.601688523522482,64.71611766690282,-56.114429143380335,0.8201869253109465,1.273493792712834,-0.4533068674018875
PH_vs_Huber,II,171,0,0,PatchHuber,Huber,7.843049928578583,65.38437495705908,-57.5413250284805,0.7877072737447499,1.136193078065897,-0.3484858043211472
PH_vs_Huber,II,172,0,0,PatchHuber,Huber,7.877278715736272,65.90359700088561,-58.02631828514934,0.7250623967678436,1.102413581048148,-0.37735118428030434
PH_vs_Huber,II,173,0,0,PatchHuber,Huber,6.887551699608123,65.80162349710187,-58.91407179749375,1.058090505239069,1.1562977076619534,-0.09820720242288439
PH_vs_Huber,II,174,0,0,PatchHuber,Huber,6.422480938555737,67.47563254243543,-61.0531516038797,1.013695128415808,1.2099293369745177,-0.19623420855870966
PH_vs_Huber,II,175,0,0,PatchHuber,Huber,8.434245158697037,66.48838476036921,-58.054139601672176,1.1143927786934555,1.0012915036473342,0.11310127504612133
PH_vs_Huber,II,176,0,0,PatchHuber,Huber,7.845222958038207,65.56979861768687,-57.724575659648664,1.2378081481142942,1.115991665582675,0.12181648253161925
PH_vs_Huber,II,177,0,0,PatchHuber,Huber,10.930564396954557,66.0905139250735,-55.159949528118936,1.3493433213628376,1.1618577258326217,0.18748559553021593
PH_vs_Huber,II,178,0,0,PatchHuber,Huber,13.219697884171962,66.32683990085233,-53.10714201668037,1.328175362244859,1.0354713127491366,0.2927040494957225
PH_vs_Huber,II,179,0,0,PatchHuber,Huber,14.96434919682454,65.94076086675666,-50.97641166993212,1.200662949457698,0.8821204534416752,0.3185424960160227
PH_vs_Huber,II,180,0,0,PatchHuber,Huber,16.36041504844131,66.70869996777266,-50.34828491933135,1.318767393717179,0.9386648543661632,0.3801025393510159
PH_vs_Huber,II,181,0,0,PatchHuber,Huber,14.0754826113729,67.20681107584346,-53.13132846447056,0.8775359225468906,0.7900637899187264,0.08747213262816422
PH_vs_Huber,II,182,0,0,PatchHuber,Huber,17.446785902827173,70.13208731551371,-52.68530141268654,0.902576819220998,0.9375190837152548,-0.03494226449425686
PH_vs_Huber,II,183,0,0,PatchHuber,Huber,16.478421876286983,70.10461900983556,-53.62619713354857,0.8923007638809027,0.951945137888061,-0.059644374007158274
PH_vs_Huber,II,184,0,0,PatchHuber,Huber,19.957891363320694,71.54797071612097,-51.590079352800274,0.8637579670308926,0.9565313478829102,-0.09277338085201758
PH_vs_Huber,II,185,0,0,PatchHuber,Huber,26.332390314424572,73.22376599283373,-46.89137567840916,1.4568660381348464,1.2961850545766436,0.16068098355820282
PH_vs_Huber,II,186,0,0,PatchHuber,Huber,22.05727110163989,71.86454112025294,-49.807270018613046,1.1886834196657594,1.286927061294391,-0.09824364162863164
PH_vs_Huber,II,187,0,0,PatchHuber,Huber,24.17625752209524,72.867608365387,-48.69135084329176,1.3803839503676545,1.3449839733300826,0.03539997703757192
PH_vs_Huber,II,188,0,0,PatchHuber,Huber,25.2434045120942,71.50097931715153,-46.25757480505733,1.2024737461429678,1.328828505841094,-0.12635475969812626
PH_vs_Huber,II,189,0,0,PatchHuber,Huber,22.40774042170994,69.58033318834484,-47.1725927666349,1.3151419140387517,1.2097875925514838,0.10535432148726787
PH_vs_Huber,II,190,0,0,PatchHuber,Huber,22.09685450502783,68.5396055186027,-46.44275101357486,1.1331708512293317,1.1593358674954155,-0.026165016266083807
PH_vs_Huber,II,191,0,0,PatchHuber,Huber,18.26841527160307,67.96811502971478,-49.699699758111706,0.9727674171395676,1.2335662315322775,-0.2607988143927099
PH_vs_Huber,II,192,0,0,PatchHuber,Huber,18.76141794837869,66.66569320532763,-47.904275256948935,0.8914349067056618,1.1739163872238,-0.28248148051813826
PH_vs_Huber,II,193,1,0,PatchHuber,Huber,20.63095346130114,66.11108826204784,-45.480134800746704,0.8323958612400683,1.1450168067179378,-0.31262094547786956
PH_vs_Huber,II,194,1,0,PatchHuber,Huber,17.209466625839035,64.80545999170135,-47.59599336586232,0.6112465004982903,1.1094625518008356,-0.4982160513025453
PH_vs_Huber,II,195,1,0,PatchHuber,Huber,24.22887626828728,64.79149520428084,-40.562618935993555,0.7881267989738858,1.1408285416742896,-0.3527017427004038
PH_vs_Huber,II,196,1,0,PatchHuber,Huber,25.26047480641712,64.20065827902089,-38.94018347260376,0.7544389042264901,0.8797804103659917,-0.12534150613950168
PH_vs_Huber,II,197,1,0,PatchHuber,Huber,26.694690111227477,61.92936656222378,-35.234676450996304,0.9823242372349744,1.0060312951360828,-0.023707057901108386
PH_vs_Huber,II,238,1,0,PatchHuber,Huber,26.38611125954333,43.30605121640526,-16.919939956861928,0.733842526952487,0.4955678379731666,0.23827468897932036
PH_vs_Huber,II,239,1,0,PatchHuber,Huber,34.91224691116511,46.38044032807797,-11.468193416912854,0.7918189792390314,0.7457162232739315,0.04610275596509994
PH_vs_Huber,II,240,1,0,PatchHuber,Huber,35.950056122377745,45.35734615467705,-9.407290032299308,0.7423753975489823,0.4403665908328915,0.3020088067160908
PH_vs_Huber,II,241,1,0,PatchHuber,Huber,41.0381299892174,47.50381611906656,-6.465686129849161,0.9089693242056168,0.6289405478058936,0.28002877639972323
PH_vs_Huber,II,242,1,0,PatchHuber,Huber,36.6836978466168,47.600001561660434,-10.916303715043632,0.8113733863794741,0.6840427622721169,0.12733062410735718
PH_vs_Huber,II,243,1,0,PatchHuber,Huber,43.34986329065018,47.072493598850336,-3.7226303082001593,0.980681203909596,0.7008645685082904,0.27981663540130564
PH_vs_Huber,II,244,1,0,PatchHuber,Huber,44.538921869348506,45.66657689856901,-1.1276550292205059,0.9098134808483536,0.7967767370374784,0.11303674381087514
PH_vs_Huber,II,245,1,0,PatchHuber,Huber,44.0171680736006,46.43352141282846,-2.416353339227861,0.8468916108053329,0.7226075282171556,0.12428408258817736
PH_vs_Huber,II,246,1,0,PatchHuber,Huber,37.16380602045344,45.74410651128511,-8.580300490831668,0.7604360545117013,0.6868351884656602,0.0736008660460411
PH_vs_Huber,II,247,1,0,PatchHuber,Huber,44.29552778769902,45.28511516696851,-0.9895873792694871,0.8264357550289232,0.677487931695287,0.1489478233336362
PH_vs_Huber,II,248,1,0,PatchHuber,Huber,42.96160705229827,46.01846284942158,-3.056855797123312,0.7569248072800964,0.7191110933266136,0.037813713953482764
PH_vs_Huber,II,249,1,0,PatchHuber,Huber,42.15324222658934,43.524652023779154,-1.3714097971898127,0.7034553067051085,0.801296696663313,-0.09784138995820457
PH_vs_Huber,II,250,1,0,PatchHuber,Huber,40.72789806960956,44.02021363030024,-3.2923155606906818,0.7116182276980223,0.7505066472185358,-0.03888841952051347
PH_vs_Huber,II,251,1,0,PatchHuber,Huber,41.840523507371394,45.401156080884185,-3.560632573512791,0.6851170539898459,0.7532826675303984,-0.0681656135405525
PH_vs_Huber,II,252,1,0,PatchHuber,Huber,39.572753625885255,43.75048246716626,-4.177728841281002,0.6141955264725221,0.6863078441723572,-0.07211231769983517
PH_vs_Huber,II,253,1,0,PatchHuber,Huber,41.47391536137695,43.88655668193705,-2.4126413205600983,0.6298015483086082,0.7152774635650204,-0.08547591525641218
PH_vs_Huber,II,254,1,0,PatchHuber,Huber,38.85870758200922,43.531959237934906,-4.673251655925689,0.4776193760318528,0.6395859179527663,-0.16196654192091353
PH_vs_Huber,II,255,1,0,PatchHuber,Huber,35.31644154722677,44.4687908618941,-9.152349314667326,0.4430149570177213,0.7377967823513741,-0.2947818253336528
PH_vs_Huber,II,256,1,0,PatchHuber,Huber,39.01101211411613,44.38449317992094,-5.37348106580481,0.6672130117020049,0.7106788354079193,-0.04346582370591445
PH_vs_Huber,II,257,1,0,PatchHuber,Huber,38.28375101611673,44.55545620551595,-6.271705189399221,0.7022648266164727,0.8136472287315554,-0.11138240211508266
PH_vs_Huber,II,258,1,0,PatchHuber,Huber,35.90684664394565,44.07738322205095,-8.170536578105299,0.5798681075660589,0.8372753595200466,-0.2574072519539877
PH_vs_Huber,II,259,1,0,PatchHuber,Huber,39.18860717959918,44.82718732307155,-5.6385801434723675,0.7428882207282311,0.7938257267130666,-0.050937505984835485
PH_vs_Huber,II,260,1,0,PatchHuber,Huber,39.04441629780581,46.96095247071096,-7.916536172905147,0.967999095325326,1.0112288129337197,-0.04322971760839367
PH_vs_Huber,II,261,1,0,PatchHuber,Huber,38.35751866557158,46.37578271566485,-8.018264050093265,0.8688590381599798,0.8390630167770347,0.029796021382945126
PH_vs_Huber,II,262,1,0,PatchHuber,Huber,40.05098130862803,46.95999680305983,-6.909015494431799,0.7819914572178289,0.8400633347342973,-0.05807187751646836
PH_vs_Huber,II,263,1,0,PatchHuber,Huber,32.896384712413855,47.65991828773789,-14.763533575324033,0.577319017626123,0.8051318076111134,-0.22781278998499033
PH_vs_Huber,II,264,1,0,PatchHuber,Huber,39.425834294101925,48.3225676767439,-8.896733382641976,0.9334671849172804,1.0037064454960922,-0.0702392605788118
PH_vs_Huber,II,265,1,0,PatchHuber,Huber,44.96767864856375,50.9573340921586,-5.989655443594849,1.133289867125958,0.9428770954173488,0.19041277170860915
PH_vs_Huber,II,266,1,0,PatchHuber,Huber,47.03901012589019,50.57353792640942,-3.5345278005192355,1.0856337889992005,1.0389156334849188,0.04671815551428171
PH_vs_Huber,II,267,1,0,PatchHuber,Huber,44.067196477655855,49.12867169029001,-5.061475212634157,0.9657880050029568,0.9900509305629832,-0.024262925560026405
PH_vs_Huber,II,268,1,0,PatchHuber,Huber,45.23437687568051,51.71048363317247,-6.476106757491962,0.9200226836981014,0.9692576234464249,-0.04923493974832349
PH_vs_Huber,II,269,1,0,PatchHuber,Huber,52.25117495856624,54.0210434134442,-1.7698684548779582,1.150999460935503,1.1081406555839044,0.04285880535159858
PH_vs_Huber,II,270,1,0,PatchHuber,Huber,52.18079486589159,53.79575285333013,-1.6149579874385367,1.1032054780125424,1.098016759292971,0.0051887187195713835
PH_vs_Huber,II,271,1,0,PatchHuber,Huber,56.48139675542155,56.23783772816915,0.24355902725240242,1.2173467254959611,1.0574448058591095,0.15990191963685163
PH_vs_Huber,II,272,1,0,PatchHuber,Huber,64.30671203826108,59.49805606798471,4.808655970276369,1.2697123365237435,1.0296054997046893,0.2401068368190542
PH_vs_Huber,II,273,1,0,PatchHuber,Huber,71.8167529591021,62.79627735611436,9.020475602987744,1.401898601939121,1.1256394927076696,0.27625910923145147
PH_vs_Huber,II,274,1,0,PatchHuber,Huber,75.79854154614327,64.01273587148326,11.785805674660011,1.5369986432047715,1.094611584833286,0.4423870583714855
PH_vs_Huber,II,275,1,0,PatchHuber,Huber,72.85124219960929,64.76340778538844,8.08783441422085,1.511805121498288,1.1628655069014808,0.3489396145968071
PH_vs_Huber,II,276,1,0,PatchHuber,Huber,74.92499149414581,65.95243536226504,8.97255613188078,1.3441975806568591,1.146382716829543,0.19781486382731606
PH_vs_Huber,II,277,1,0,PatchHuber,Huber,74.96821500253921,66.46382073691623,8.504394265622977,1.4227778558467048,1.0454217603249525,0.3773560955217523
PH_vs_Huber,II,278,1,0,PatchHuber,Huber,79.3059031127182,68.41366299276818,10.892240119950017,1.3452530738958828,1.0756461957213423,0.26960687817454043
PH_vs_Huber,II,279,1,0,PatchHuber,Huber,80.20571404429576,70.38282266364662,9.82289138064914,1.414031278652568,1.0863771561602027,0.32765412249236525
PH_vs_Huber,II,280,1,0,PatchHuber,Huber,78.63523653617119,71.3677080744493,7.267528461721895,1.4957941509136488,1.1173923062677535,0.3784018446458952
PH_vs_Huber,II,281,1,0,PatchHuber,Huber,78.9282430663811,71.76828957375875,7.15995349262235,1.4580503701997838,1.103888909883139,0.35416146031664475
PH_vs_Huber,II,282,1,0,PatchHuber,Huber,76.11878394669199,71.94207769437625,4.176706252315739,1.4394233344150786,0.9781319756739388,0.4612913587411398
PH_vs_Huber,II,283,2,0,PatchHuber,Huber,78.25551144169422,71.85631228513164,6.399199156562588,1.3409507970773586,0.9567593675131092,0.38419142956424945
PH_vs_Huber,II,284,2,0,PatchHuber,Huber,73.85214836149599,70.06072907412914,3.7914192873668497,1.3609174383289666,0.9148031819244056,0.44611425640456104
PH_vs_Huber,II,285,2,0,PatchHuber,Huber,69.50633689411093,67.4429798190232,2.063357075087737,1.2451693107558806,0.9774934931592972,0.2676758175965833
PH_vs_Huber,II,286,2,0,PatchHuber,Huber,68.18630843168276,67.69389688468365,0.49241154699910794,1.225441849818428,0.9331622798728914,0.2922795699455367
PH_vs_Huber,II,287,2,0,PatchHuber,Huber,66.59371211714871,67.89020830341232,-1.2964961862636102,1.303829688864777,0.9381622945499072,0.3656673943148697
PH_vs_Huber,II,288,2,0,PatchHuber,Huber,68.22031226748781,68.84669292591998,-0.6263806584321685,1.2822149409338983,1.044351220479237,0.23786372045466142
PH_vs_Huber,II,289,2,0,PatchHuber,Huber,72.81432283583588,70.83995817906849,1.974364656767392,1.3772120659081295,0.9586053101804856,0.41860675572764394
PH_vs_Huber,II,290,2,0,PatchHuber,Huber,73.26168714422037,70.59177223098385,2.669914913236525,1.3480260362638057,0.8175342511790803,0.5304917850847254
PH_vs_Huber,II,291,2,0,PatchHuber,Huber,70.29568406939555,70.22179299497616,0.07389107441939302,1.313211198816308,0.9894738323925756,0.3237373664237324
PH_vs_Huber,II,292,2,0,PatchHuber,Huber,71.64075751742796,70.24076482856437,1.3999926888635912,1.4643959219319629,1.076347061759141,0.3880488601728218
PH_vs_Huber,II,293,2,0,PatchHuber,Huber,67.07579911406613,67.2315088000859,-0.15570968601977597,1.4321444139440933,1.025735432904107,0.40640898103998624
PH_vs_Huber,II,294,2,0,PatchHuber,Huber,64.885048289071,63.94410718408394,0.9409411049870542,1.2772598240744115,1.0598093181807635,0.217450505893648
PH_vs_Huber,II,295,2,0,PatchHuber,Huber,64.82287464647565,62.75867053939442,2.064204107081231,1.4104505652912485,1.1734533988333316,0.2369971664579169
PH_vs_Huber,II,296,2,0,PatchHuber,Huber,65.10746035687394,66.61195927863933,-1.5044989217653892,1.4923435453151592,1.0413990996180635,0.4509444456970957
PH_vs_Huber,II,297,2,0,PatchHuber,Huber,62.62370945180358,65.72283627208459,-3.0991268202810147,1.4716676091027108,1.0623653774632853,0.4093022316394255
PH_vs_Huber,II,298,2,0,PatchHuber,Huber,63.03461811923707,66.85354706899032,-3.818928949753257,1.2813170345271725,0.9764407559829168,0.3048762785442557
PH_vs_Huber,II,299,2,0,PatchHuber,Huber,65.48447273218902,66.67894434439735,-1.194471612208332,1.3151336716424515,0.9978231525294282,0.3173105191130233
PH_vs_Huber,II,300,2,0,PatchHuber,Huber,63.3234802254153,67.58107286961368,-4.257592644198375,1.3330241083175185,0.9820022021237472,0.35102190619377127
PH_vs_Huber,II,301,2,0,PatchHuber,Huber,66.1586115683591,69.01182064983905,-2.853209081479946,1.3603036580273054,0.9995110200454952,0.36079263798181016
PH_vs_Huber,II,302,2,0,PatchHuber,Huber,65.01032752514085,64.35972418447143,0.65060334066942,1.4077807342277662,1.3050034659063068,0.10277726832145939
PH_vs_Huber,II,303,2,0,PatchHuber,Huber,64.2112201908025,69.57843523718624,-5.367215046383734,1.3899873828492142,1.0239300205694328,0.36605736227978136
PH_vs_Huber,II,304,2,0,PatchHuber,Huber,65.97984092639713,66.94924548577971,-0.969404559382582,1.507474666965127,1.0905722064082035,0.4169024605569236
PH_vs_Huber,II,305,2,0,PatchHuber,Huber,65.07266742190129,67.35410482634933,-2.2814374044480417,1.4465551239534116,1.047162213313935,0.39939291063947646
PH_vs_Huber,II,306,2,0,PatchHuber,Huber,62.55805892975653,67.66567836423744,-5.10761943448091,1.4419477515573773,1.0898843552888593,0.352063396268518
PH_vs_Huber,II,307,2,0,PatchHuber,Huber,63.61693754909278,67.60260198414295,-3.985664435050168,1.4467835798711517,1.009495246103867,0.4372883337672846
PH_vs_Huber,II,308,2,0,PatchHuber,Huber,64.96673049429114,67.33059848078328,-2.3638679864921386,1.5329658871439964,1.1782596933842289,0.35470619375976753
PH_vs_Huber,II,309,2,0,PatchHuber,Huber,66.58660734557982,67.4948226142841,-0.9082152687042822,1.6762542962609912,1.1414501246588762,0.534804171602115
PH_vs_Huber,II,310,2,0,PatchHuber,Huber,65.66428238687908,67.74509400177236,-2.0808116148932783,1.682333923015228,1.097913778811439,0.5844201442037891
PH_vs_Huber,II,311,2,0,PatchHuber,Huber,62.56799579066258,66.82410409620583,-4.2561083055432505,1.5404383501425598,1.1225827325465032,0.4178556175960566
PH_vs_Huber,II,312,2,0,PatchHuber,Huber,61.893995188496056,65.35308995388658,-3.4590947653905246,1.67141396010665,1.106675738762259,0.564738221344391
PH_vs_Huber,II,313,2,0,PatchHuber,Huber,61.05382281908504,66.22919578631681,-5.175372967231766,1.705270796575498,1.093460852208619,0.611809944366879
PH_vs_Huber,II,314,2,0,PatchHuber,Huber,58.70981229430912,64.73460477220847,-6.024792477899354,1.5994755753324108,1.0767829943655791,0.5226925809668317
PH_vs_Huber,II,315,2,0,PatchHuber,Huber,57.91390268829365,65.77957291259604,-7.865670224302384,1.7067932387884586,1.065743045753591,0.6410501930348675
PH_vs_Huber,II,316,2,0,PatchHuber,Huber,56.77750487796988,64.90384195720993,-8.126337079240052,1.7561414744241708,1.142823316449707,0.6133181579744638
PH_vs_Huber,II,317,2,0,PatchHuber,Huber,55.95167369620405,64.68922666282596,-8.737552966621912,1.7215151397927873,1.0235128107242644,0.6980023290685229
PH_vs_Huber,II,318,2,0,PatchHuber,Huber,55.088593649490086,64.30153495030626,-9.212941300816176,1.8187066174442943,1.1494963011572392,0.6692103162870551
PH_vs_Huber,II,319,2,0,PatchHuber,Huber,52.857758484377065,64.0870096274617,-11.229251143084632,1.6097587214378857,1.1154580561170462,0.4943006653208395
PH_vs_Huber,II,320,2,0,PatchHuber,Huber,53.85974195076304,63.5830108702108,-9.723268919447762,1.7177324905458475,1.1520194909704524,0.5657129995753951
PH_vs_Huber,II,321,2,0,PatchHuber,Huber,51.66572554950665,62.4010191646098,-10.735293615103153,1.695883024590396,1.0645988586988189,0.6312841658915771
PH_vs_Huber,II,322,2,0,PatchHuber,Huber,51.28529401859189,62.51519028790816,-11.22989626931627,1.6895228240728313,1.0673023263571089,0.6222204977157224
PH_vs_Huber,II,323,2,0,PatchHuber,Huber,50.48175200080457,62.03287669424424,-11.551124693439668,1.7830717065767567,1.0555694643556075,0.7275022422211492
PH_vs_Huber,II,324,2,0,PatchHuber,Huber,51.3416609735293,62.54200194334819,-11.200340969818889,1.69882693397895,0.9747089740392264,0.7241179599397235
PH_vs_Huber,II,325,2,0,PatchHuber,Huber,49.783525182917074,61.8233573087532,-12.039832125836128,1.7685188209472646,0.9412578057999764,0.8272610151472882
PH_vs_Huber,II,326,2,0,PatchHuber,Huber,48.48931769394283,60.08363185839055,-11.594314164447717,1.724077368862734,0.9591703481821504,0.7649070206805836
PH_vs_Huber,II,327,2,0,PatchHuber,Huber,48.45398977113125,60.7340962687793,-12.280106497648049,1.6891232144957855,0.9977993033733504,0.6913239111224351
PH_vs_Huber,II,328,2,0,PatchHuber,Huber,48.16347993804354,61.14527279222404,-12.981792854180505,1.7350823996779243,1.109547090605186,0.6255353090727382
PH_vs_Huber,II,329,2,0,PatchHuber,Huber,47.87825342528877,59.43059226296831,-11.552338837679542,1.6346241102878665,0.9979429909612382,0.6366811193266283
PH_vs_Huber,II,330,2,0,PatchHuber,Huber,44.16436955950677,59.0461376823916,-14.881768122884836,1.6408484364962157,1.0146048414108455,0.6262435950853702
PH_vs_Huber,II,331,2,0,PatchHuber,Huber,47.25105545792007,59.319294851647975,-12.068239393727907,1.6095129686100598,1.034999336315695,0.5745136322943647
PH_vs_Huber,II,332,2,0,PatchHuber,Huber,46.82504909338738,58.946484001975534,-12.121434908588157,1.642616484323301,1.0269580535947462,0.6156584307285549
PH_vs_Huber,II,333,3,0,PatchHuber,Huber,46.87092551597276,59.65670651956702,-12.78578100359426,1.6205086219900364,1.0969744264373025,0.523534195552734
PH_vs_Huber,II,334,3,0,PatchHuber,Huber,47.14232074387104,58.22898387919805,-11.086663135327008,1.9378707240283728,1.0579484814650115,0.8799222425633613
PH_vs_Huber,II,335,3,0,PatchHuber,Huber,49.800323390208085,58.66752828786795,-8.867204897659867,1.735903354313269,1.0845906568198642,0.6513126974934047
PH_vs_Huber,II,336,3,0,PatchHuber,Huber,46.3377430338784,57.8629957609068,-11.525252727028402,1.818541048706284,0.942373721472208,0.8761673272340761
PH_vs_Huber,II,337,3,0,PatchHuber,Huber,46.903322426731336,57.653056875874114,-10.749734449142778,1.758510829894128,0.998733842830417,0.7597769870637111
PH_vs_Huber,II,338,3,0,PatchHuber,Huber,47.7915610646702,58.56317486139925,-10.77161379672905,2.0740581874267723,1.0711054564759854,1.0029527309507869
PH_vs_Huber,II,339,3,0,PatchHuber,Huber,46.596767925039,58.20921117473755,-11.612443249698543,1.8181863559594105,1.107703710966299,0.7104826449931114
PH_vs_Huber,II,340,3,0,PatchHuber,Huber,46.25630928704278,56.95835062978211,-10.702041342739328,2.0406890376722147,1.0314431498631584,1.0092458878090562
PH_vs_Huber,II,341,3,0,PatchHuber,Huber,46.03754313418695,56.76860605666386,-10.731062922476916,2.004829856329132,1.0078380654668422,0.9969917908622898
PH_vs_Huber,II,342,3,0,PatchHuber,Huber,43.71792124924626,57.63337347806387,-13.915452228817607,2.01581710614836,1.060715646346644,0.955101459801716
PH_vs_Huber,II,343,3,0,PatchHuber,Huber,44.96435651782603,57.52603267429733,-12.5616761564713,2.0494106576640343,1.0142262395827573,1.035184418081277
PH_vs_Huber,II,344,3,0,PatchHuber,Huber,45.06727834566529,57.07045281980369,-12.003174474138405,2.1169493913895105,1.0714493835174503,1.0455000078720602
PH_vs_Huber,II,345,3,0,PatchHuber,Huber,45.71423402925469,55.96685338283784,-10.25261935358315,2.151717734267859,1.025313458928968,1.126404275338891
PH_vs_Huber,II,346,3,0,PatchHuber,Huber,45.06447034068727,56.29026588063725,-11.225795539949978,1.9559396322254752,1.016408102849612,0.9395315293758633
PH_vs_Huber,II,347,3,0,PatchHuber,Huber,26.460457168618724,56.803371414509456,-30.342914245890732,1.307663356147149,1.1300390557600035,0.17762430038714538
PH_vs_Huber,II,348,3,0,PatchHuber,Huber,43.83349893722038,56.49403683905983,-12.660537901839454,1.9058083305012112,0.9286214870545604,0.9771868434466509
PH_vs_Huber,II,349,3,0,PatchHuber,Huber,43.42668872512408,57.06190291298946,-13.63521418786538,2.3128134607860478,0.9905316059406364,1.3222818548454114
PH_vs_Huber,II,350,3,0,PatchHuber,Huber,42.86004602969682,56.29879620782672,-13.4387501781299,2.0815497198339665,0.9445205741474684,1.137029145686498
PH_vs_Huber,II,351,3,0,PatchHuber,Huber,43.99184828134263,56.49727388017271,-12.505425598830087,2.039444692500413,0.917377411200712,1.122067281299701
PH_vs_Huber,II,352,3,0,PatchHuber,Huber,43.57723768713108,54.86661653658852,-11.289378849457442,2.035473142183025,1.0814067618908274,0.9540663802921976
PH_vs_Huber,II,353,3,0,PatchHuber,Huber,43.19658451831358,55.64756160320627,-12.450977084892692,2.113221152520756,1.0150919236111384,1.0981292289096174
PH_vs_Huber,II,354,3,0,PatchHuber,Huber,44.832225296228366,55.750002462065616,-10.91777716583725,2.19973004250416,0.875017241423053,1.324712801081107
PH_vs_Huber,II,355,3,0,PatchHuber,Huber,45.51860566694396,56.76180339077752,-11.24319772383356,2.289058757468102,0.8972415900875883,1.3918171673805135
PH_vs_Huber,II,356,3,0,PatchHuber,Huber,43.40956216110377,55.49424364445122,-12.084681483347445,2.350722895340852,0.859680156920391,1.491042738420461
PH_vs_Huber,II,357,3,0,PatchHuber,Huber,42.0428788166568,55.70489551134638,-13.662016694689576,2.158722421492472,0.8466030232342395,1.3121193982582326
PH_vs_Huber,II,358,3,0,PatchHuber,Huber,43.50241090930393,55.57233492882762,-12.06992401952369,2.10095097960126,0.9962942276446451,1.104656751956615
PH_vs_Huber,II,359,3,0,PatchHuber,Huber,42.104557779012325,54.77097240220391,-12.666414623191585,2.276367382666664,0.9948097648545282,1.281557617812136
PH_vs_Huber,II,360,3,0,PatchHuber,Huber,41.52432392275941,53.89850114022004,-12.374177217460634,2.3407675390138385,0.8854408088960103,1.4553267301178283
PH_vs_Huber,II,361,3,0,PatchHuber,Huber,40.93299142011092,54.00656592806319,-13.073574507952266,2.271151861492338,0.8759600750121964,1.3951917864801415
PH_vs_Huber,II,362,3,0,PatchHuber,Huber,41.42342901528426,55.20211987878697,-13.778690863502703,2.395128389544569,0.9553387471613308,1.4397896423832384
PH_vs_Huber,II,363,3,0,PatchHuber,Huber,42.91206864445167,54.64372460719114,-11.731655962739467,2.2426613361237235,0.9328378887045966,1.3098234474191268
PH_vs_Huber,II,364,3,0,PatchHuber,Huber,41.55219775934217,54.03604126017905,-12.483843500836876,2.3525326142668583,0.902243023420892,1.4502895908459663
PH_vs_Huber,II,365,3,0,PatchHuber,Huber,41.70594042480314,54.04068053110668,-12.334740106303542,2.2482102165489595,0.8372236394009682,1.4109865771479912
PH_vs_Huber,II,366,3,0,PatchHuber,Huber,39.4955864025653,53.92803614566936,-14.432449743104058,2.511789209134708,0.9928569905208772,1.518932218613831
PH_vs_Huber,II,367,3,0,PatchHuber,Huber,43.2753561741307,54.117687090344496,-10.842330916213797,2.4498748893855047,0.939909919367934,1.5099649700175708
PH_vs_Huber,II,368,3,0,PatchHuber,Huber,38.44347729315378,52.48382157393382,-14.04034428078004,2.533903649920483,0.9101835139766188,1.623720135943864
PH_vs_Huber,II,369,3,0,PatchHuber,Huber,40.15321075308957,52.473152334038375,-12.319941580948807,2.435681042383686,0.9372282377077666,1.4984528046759196
PH_vs_Huber,II,370,3,0,PatchHuber,Huber,40.20504795745664,52.44240826080641,-12.237360303349767,2.4253384055111966,0.9521654686770042,1.4731729368341924
PH_vs_Huber,II,371,3,0,PatchHuber,Huber,42.646469284936366,53.14846879784892,-10.501999512912555,2.4324391385722444,0.8674690622586281,1.5649700763136163
PH_vs_Huber,II,372,3,0,PatchHuber,Huber,40.60628133004303,52.83448601848863,-12.2282046884456,2.2938475646681726,0.8850911872170191,1.4087563774511536
PH_vs_Huber,II,373,3,0,PatchHuber,Huber,40.81492390031902,52.73947246312197,-11.924548562802947,2.400669721547676,0.8788735263254269,1.5217961952222492
PH_vs_Huber,II,374,3,0,PatchHuber,Huber,42.05840064434669,52.7256622690793,-10.66726162473261,2.500351938148692,0.8722923243103631,1.6280596138383288
PH_vs_Huber,II,375,3,0,PatchHuber,Huber,40.551197597448684,52.270520433618,-11.719322836169319,2.395314373566189,0.8605457284848501,1.534768645081339
PH_vs_Huber,II,376,3,0,PatchHuber,Huber,43.66936229697957,52.9631323188693,-9.293770021889728,2.3430687517554545,0.9378759609652686,1.4051927907901858
PH_vs_Huber,II,377,3,0,PatchHuber,Huber,41.437907994305874,51.50796177704326,-10.07005378273739,2.1443036135549693,0.7867630590635674,1.3575405544914019
PH_vs_Huber,II,378,3,0,PatchHuber,Huber,42.62234308218592,53.56926253769264,-10.946919455506716,2.109351669226317,0.9319967925543629,1.177354876671954
PH_vs_Huber,II,379,3,0,PatchHuber,Huber,42.22569528881977,52.68100209448995,-10.455306805670176,2.085142961050128,0.8958525054955709,1.1892904555545574
PH_vs_Huber,II,380,3,0,PatchHuber,Huber,43.96497722952383,53.681727740311935,-9.716750510788103,2.1792750842884256,1.0209125543679292,1.1583625299204965
PH_vs_Huber,II,381,3,0,PatchHuber,Huber,45.17570466886816,53.13444355811445,-7.958738889246291,2.1465135701580853,0.929072513030106,1.2174410571279792
PH_vs_Huber,II,382,3,0,PatchHuber,Huber,41.67205659002126,52.84062572412175,-11.168569134100487,2.008122306866349,0.929024552858426,1.079097754007923
PH_vs_Huber,II,383,4,0,PatchHuber,Huber,42.71195420572344,51.70978905364421,-8.997834847920771,1.95313150163094,0.9694774243372838,0.9836540772936563
PH_vs_Huber,II,384,4,0,PatchHuber,Huber,39.57140145672757,51.27805553523508,-11.706654078507512,1.8775160881467787,0.9185875951427818,0.958928493003997
PH_vs_Huber,II,385,4,0,PatchHuber,Huber,40.75735799361935,51.95990545626039,-11.202547462641036,1.8901360671636376,0.9673787857154144,0.9227572814482232
PH_vs_Huber,II,386,4,0,PatchHuber,Huber,41.0119754774616,51.7035061573328,-10.6915306798712,1.7948371152033669,1.0187229542674865,0.7761141609358804
PH_vs_Huber,II,387,4,0,PatchHuber,Huber,39.81395433852672,51.29780735519024,-11.483853016663517,1.798943943625355,0.8424249074256449,0.95651903619971
PH_vs_Huber,II,388,4,0,PatchHuber,Huber,43.67203002666831,51.19747841472426,-7.525448388055949,1.845950512764012,0.9227891275952862,0.9231613851687257
PH_vs_Huber,II,389,4,0,PatchHuber,Huber,42.07565483713634,50.89735375721271,-8.821698920076372,1.924905105760535,0.9396290607583018,0.9852760450022333
PH_vs_Huber,II,390,4,0,PatchHuber,Huber,40.5154166454944,50.540070437974016,-10.024653792479619,1.83973209056968,0.9754631340911684,0.8642689564785115
PH_vs_Huber,II,391,4,0,PatchHuber,Huber,41.28600462273303,51.56275411035071,-10.276749487617678,1.8202960327291455,1.05003403535528,0.7702619973738656
PH_vs_Huber,II,392,4,0,PatchHuber,Huber,42.8962051675565,51.07159930207406,-8.17539413451756,1.6090473535047003,1.0509966603713206,0.5580506931333797
PH_vs_Huber,II,393,4,0,PatchHuber,Huber,42.06549922454952,50.89617200308426,-8.83067277853474,1.7408104237592157,0.9548578811483084,0.7859525426109073
PH_vs_Huber,II,394,4,0,PatchHuber,Huber,41.003019642333015,50.03215261084901,-9.029132968515995,1.6478854978862247,0.937318950884766,0.7105665470014587
PH_vs_Huber,II,395,4,0,PatchHuber,Huber,42.45223433999276,50.74183079544338,-8.289596455450614,1.6919194090346703,0.9840538794550652,0.7078655295796051
PH_vs_Huber,II,396,4,0,PatchHuber,Huber,44.59802205283397,51.71174288503387,-7.113720832199903,1.6952908306773062,1.0183179333770291,0.6769728973002771
PH_vs_Huber,II,397,4,0,PatchHuber,Huber,42.69461933682015,50.85826688324132,-8.163647546421167,1.740506527945366,1.0859926864119984,0.6545138415333676
PH_vs_Huber,II,398,4,0,PatchHuber,Huber,43.33453507723769,51.42974484189685,-8.09520976465916,1.7358138610967015,1.0264340331084902,0.7093798279882113
PH_vs_Huber,II,399,4,0,PatchHuber,Huber,39.74482759796261,50.91939011903384,-11.17456252107123,1.685609846767054,1.0013772722416472,0.6842325745254068
PH_vs_Huber,II,400,4,0,PatchHuber,Huber,42.37672035941444,51.07554756926893,-8.698827209854485,1.7233175703665031,1.1635937764460826,0.5597237939204205
PH_vs_Huber,II,401,4,0,PatchHuber,Huber,41.88716356096806,50.46602109750679,-8.578857536538727,1.586757089018514,1.1804808143014291,0.40627627471708494
PH_vs_Huber,II,402,4,0,PatchHuber,Huber,41.02584982073213,51.10423281568016,-10.078382994948036,1.8302509207028448,1.1662067349258964,0.6640441857769483
PH_vs_Huber,II,403,4,0,PatchHuber,Huber,41.59508404904893,50.88913574754821,-9.294051698499281,1.9561717675128416,1.071349445982107,0.8848223215307347
PH_vs_Huber,II,404,4,0,PatchHuber,Huber,41.291896234620985,51.509775252688605,-10.21787901806762,1.846019515424956,1.112841910152291,0.7331776052726648
PH_vs_Huber,II,405,4,0,PatchHuber,Huber,40.96316950741544,50.98310115323713,-10.019931645821693,1.7699191318803618,1.18948397512086,0.5804351567595019
PH_vs_Huber,II,406,4,0,PatchHuber,Huber,40.4905641890329,50.40439704240954,-9.91383285337664,1.75434964463176,1.0617802368925442,0.6925694077392157
PH_vs_Huber,II,407,4,0,PatchHuber,Huber,40.77601935185238,50.97369429063528,-10.197674938782896,1.7294817108172753,1.1138218470912162,0.6156598637260591
PH_vs_Huber,II,408,4,0,PatchHuber,Huber,41.09429375610796,51.09307597288983,-9.99878221678187,1.836884399138399,1.1395721685293387,0.6973122306090602
PH_vs_Huber,II,409,4,0,PatchHuber,Huber,40.19285497091668,50.436586889090606,-10.243731918173928,1.785064725074716,1.147231701403867,0.6378330236708489
PH_vs_Huber,II,410,4,0,PatchHuber,Huber,40.112912854686925,51.19983260639001,-11.086919751703086,1.9401624411956355,1.2208267697791078,0.7193356714165278
PH_vs_Huber,II,411,4,0,PatchHuber,Huber,40.660643182914576,50.28598548547218,-9.625342302557605,1.6794213591205829,1.0349101801817129,0.64451117893887
PH_vs_Huber,II,412,4,0,PatchHuber,Huber,40.51905076066785,51.475974921820495,-10.956924161152642,1.7043228657156102,1.1013100789573762,0.603012786758234
PH_vs_Huber,II,413,4,0,PatchHuber,Huber,41.0403505602792,51.20595017167182,-10.165599611392622,1.7475046404304255,1.0671093671400431,0.6803952732903824
PH_vs_Huber,II,414,4,0,PatchHuber,Huber,36.74043090982675,50.43833403209141,-13.697903122264663,1.882528639676127,0.9689182233621422,0.9136104163139848
PH_vs_Huber,II,415,4,0,PatchHuber,Huber,39.80523766213638,50.901024799990026,-11.095787137853648,1.7868200731056734,0.9890326823829428,0.7977873907227305
PH_vs_Huber,II,416,4,0,PatchHuber,Huber,38.595994879984815,51.01981289744413,-12.423818017459318,1.7343240237326034,1.0623781860727028,0.6719458376599006
PH_vs_Huber,II,417,4,0,PatchHuber,Huber,36.90517186659367,50.258922920416,-13.353751053822329,1.737981298062068,1.1111553778476158,0.6268259202144522
PH_vs_Huber,II,418,4,0,PatchHuber,Huber,37.214603608813256,51.734186744729605,-14.51958313591635,1.7307686439692198,1.0863560521653055,0.6444125918039143
PH_vs_Huber,II,419,4,0,PatchHuber,Huber,35.59207419594401,50.92464230417962,-15.332568108235613,1.6540996055096189,0.9699159768747672,0.6841836286348517
PH_vs_Huber,II,420,4,0,PatchHuber,Huber,35.4289797987167,51.00028242105071,-15.57130262233401,1.7265935790167022,0.984813063970726,0.7417805150459762
PH_vs_Huber,II,421,4,0,PatchHuber,Huber,37.441584567035065,51.265530644789365,-13.8239460777543,1.6823355434219385,1.0538896492776533,0.6284458941442852
PH_vs_Huber,II,422,4,0,PatchHuber,Huber,35.959285641153066,50.98637025341889,-15.027084612265824,1.7420600972945053,0.9475077831293024,0.7945523141652029
PH_vs_Huber,II,423,4,0,PatchHuber,Huber,37.2313668049765,49.89379847375392,-12.662431668777415,1.6549349708211778,1.10052014811949,0.5544148227016878
PH_vs_Huber,II,424,4,0,PatchHuber,Huber,37.99099447679245,50.81445243932803,-12.823457962535578,1.7581838882202276,1.0879187040917364,0.6702651841284912
PH_vs_Huber,II,425,4,0,PatchHuber,Huber,35.98355755574406,50.099806575058544,-14.11624901931448,1.6421300901376394,1.1171159781094693,0.5250141120281702
PH_vs_Huber,II,426,4,0,PatchHuber,Huber,35.14474713332696,50.09076590395895,-14.946018770631994,1.805790620700862,1.048097832191843,0.757692788509019
PH_vs_Huber,II,427,4,0,PatchHuber,Huber,36.56767791264968,49.71349876337505,-13.145820850725372,1.757774824318518,0.9398907387941264,0.8178840855243916
PH_vs_Huber,II,428,4,0,PatchHuber,Huber,36.46832243569893,49.89745505328533,-13.429132617586397,1.8450758326034191,1.0173136781876586,0.8277621544157605
PH_vs_Huber,II,429,4,0,PatchHuber,Huber,35.45913976452357,50.446593937050544,-14.987454172526974,1.878170080838074,0.8966738140712388,0.9814962667668351
PH_vs_Huber,II,430,4,0,PatchHuber,Huber,36.46484938548756,49.68297537103089,-13.218125985543331,1.7360840896245535,1.040063815433359,0.6960202741911945
PH_vs_Huber,II,431,4,0,PatchHuber,Huber,36.010748318007224,48.90143257104827,-12.890684253041044,1.751627446029263,0.9282166221950948,0.8234108238341681
PH_vs_Huber,II,432,4,0,PatchHuber,Huber,35.32655510886609,49.00809956445125,-13.681544455585161,1.8663172637660037,1.0671039376992648,0.7992133260667389
PH_vs_Huber,II,433,5,0,PatchHuber,Huber,34.58363522619385,48.0647342592591,-13.481099033065249,1.852122033909396,1.0913014425810583,0.7608205913283377
PH_vs_Huber,II,434,5,0,PatchHuber,Huber,35.351173914484,48.54714025299819,-13.19596633851419,1.8494868463220395,1.0062532433841196,0.8432336029379199
PH_vs_Huber,II,435,5,0,PatchHuber,Huber,37.19328397459269,47.22412100142489,-10.030837026832202,1.667707933247661,0.9380715896013596,0.7296363436463014
PH_vs_Huber,II,436,5,0,PatchHuber,Huber,35.68012073374553,47.23655840045488,-11.55643766670935,1.835213048586232,0.911225317408656,0.9239877311775759
PH_vs_Huber,II,437,5,0,PatchHuber,Huber,34.132421967697674,47.193920070038,-13.061498102340323,1.8470499185341285,1.0439817892980952,0.8030681292360333
PH_vs_Huber,II,438,5,0,PatchHuber,Huber,35.83303764881245,46.98351850401148,-11.150480855199028,1.953246530296076,0.9211055761803284,1.0321409541157476
PH_vs_Huber,II,439,5,0,PatchHuber,Huber,36.06152497618097,47.00157325111187,-10.940048274930902,1.9518629376560968,1.0958980524083617,0.8559648852477351
PH_vs_Huber,II,440,5,0,PatchHuber,Huber,34.78754392918786,46.6811435809397,-11.893599651751835,1.933777770494848,1.0182637184337349,0.9155140520611131
PH_vs_Huber,II,441,5,0,PatchHuber,Huber,37.3651751867417,45.751625786622725,-8.386450599881023,2.070396343198404,1.0679853341631396,1.0024110090352645
PH_vs_Huber,II,442,5,0,PatchHuber,Huber,35.66503534405501,46.82169458715818,-11.156659243103164,1.9741413829954728,1.0573665771521548,0.916774805843318
PH_vs_Huber,II,443,5,0,PatchHuber,Huber,38.41720050665622,46.81383412438384,-8.396633617727616,2.111821119622152,1.1881684503268577,0.9236526692952944
PH_vs_Huber,II,444,5,0,PatchHuber,Huber,38.36799126470104,46.92376295789917,-8.555771693198132,2.1304230773202524,1.0780821912287517,1.0523408860915007
PH_vs_Huber,II,445,5,0,PatchHuber,Huber,36.70035332929447,46.60983477936452,-9.909481450070047,2.203108374686419,1.0497909051953689,1.1533174694910502
PH_vs_Huber,II,446,5,0,PatchHuber,Huber,37.28768809109256,46.1119961610716,-8.82430806997904,2.2589061364983776,1.129992288728722,1.1289138477696556
PH_vs_Huber,II,447,5,0,PatchHuber,Huber,37.265121952566325,45.361509208477074,-8.096387255910749,2.3240485298832163,1.123394120602358,1.2006544092808582
PH_vs_Huber,II,448,5,0,PatchHuber,Huber,39.20367607354631,45.10055785727027,-5.8968817837239556,2.4482333454705807,1.1481940549734564,1.3000392904971243
PH_vs_Huber,II,449,5,0,PatchHuber,Huber,38.124214434095606,45.31476862619471,-7.190554192099107,2.4878224105259577,1.200402560940757,1.2874198495852007
PH_vs_Huber,II,450,5,0,PatchHuber,Huber,38.35234696946135,44.27158015086881,-5.919233181407456,2.2560311736706864,1.0912647821983843,1.164766391472302
PH_vs_Huber,II,451,5,0,PatchHuber,Huber,38.334982688746415,43.85013877832517,-5.515156089578753,2.42235088452106,1.2010529800495744,1.2212979044714858
PH_vs_Huber,II,452,5,0,PatchHuber,Huber,40.07263396074251,44.09505021201913,-4.022416251276624,2.5397047383404576,1.2320429728933258,1.3076617654471319
PH_vs_Huber,II,453,5,0,PatchHuber,Huber,37.64720553763206,43.8944027447874,-6.247197207155338,2.2867794529473104,1.2015625216448926,1.0852169313024178
PH_vs_Huber,II,454,5,0,PatchHuber,Huber,38.152632061141816,41.85039897734104,-3.697766916199221,2.121665968021616,1.1327291394517234,0.9889368285698925
PH_vs_Huber,II,455,5,0,PatchHuber,Huber,37.461626333556666,43.571354613533366,-6.1097282799767,2.3190684853476813,1.096491624780003,1.2225768605676783
PH_vs_Huber,II,456,5,0,PatchHuber,Huber,39.96537648613853,43.53383959080563,-3.568463104667096,2.198119738480859,1.236548282397758,0.9615714560831008
PH_vs_Huber,II,457,5,0,PatchHuber,Huber,41.49573444918117,39.938034600323896,1.5576998488572755,2.223663208038986,1.0608650066296177,1.1627982014093685
PH_vs_Huber,II,458,5,0,PatchHuber,Huber,38.98571881414245,42.85768225552624,-3.871963441383791,2.2462840839622533,1.2212929038570997,1.0249911801051537
PH_vs_Huber,II,459,5,0,PatchHuber,Huber,40.373461060115545,43.459402399085874,-3.085941338970329,2.186427388491752,1.175096968435947,1.0113304200558053
PH_vs_Huber,II,460,5,0,PatchHuber,Huber,42.59347638085717,42.60275279120758,-0.009276410350409492,2.029819302575643,1.1259286931719814,0.9038906094036616
PH_vs_Huber,II,461,5,0,PatchHuber,Huber,40.74153304965028,41.67051197029382,-0.9289789206435444,1.9620241386753143,1.0430281600274425,0.9189959786478719
PH_vs_Huber,II,462,5,0,PatchHuber,Huber,39.76526513839404,41.830070789660525,-2.0648056512664823,2.026948360411644,1.1043956803909674,0.9225526800206767
PH_vs_Huber,II,463,5,0,PatchHuber,Huber,38.95577890818184,41.057258104123214,-2.101479195941373,1.894944481427392,0.9776481421377642,0.9172963392896277
PH_vs_Huber,II,464,5,0,PatchHuber,Huber,39.76084520200833,41.44778441220589,-1.6869392101975578,1.9347347335927652,0.9383688653505154,0.9963658682422497
PH_vs_Huber,II,465,5,0,PatchHuber,Huber,38.79347282153383,40.62776571418549,-1.8342928926516606,1.8350481416152569,0.9232399200432696,0.9118082215719873
PH_vs_Huber,II,466,5,0,PatchHuber,Huber,38.56559941203752,40.039093421206026,-1.4734940091685047,1.9375632385018529,0.836518660157067,1.1010445783447858
PH_vs_Huber,II,467,5,0,PatchHuber,Huber,37.18186644777232,40.2105959056004,-3.028729457828078,1.8933658749211384,0.9939324875633476,0.8994333873577908
PH_vs_Huber,II,468,5,0,PatchHuber,Huber,40.44938464964269,39.095288533035394,1.3540961166072947,1.9829106070816709,1.0818378053798152,0.9010728017018557
PH_vs_Huber,II,469,5,0,PatchHuber,Huber,39.16572619807338,39.035537828207815,0.13018836986556437,1.896929521960662,0.9354352065214112,0.9614943154392507
PH_vs_Huber,II,470,5,0,PatchHuber,Huber,39.81260760864673,39.22730684379429,0.5853007648524411,2.008784203937764,0.9562124469355964,1.0525717570021675
PH_vs_Huber,II,471,5,0,PatchHuber,Huber,40.4893668657458,39.50827067419124,0.9810961915545633,2.0207908143840614,0.979401096217018,1.0413897181670433
PH_vs_Huber,II,472,5,0,PatchHuber,Huber,39.93502324480727,39.072921864100415,0.8621013807068536,2.0384127268212318,0.6780113781946749,1.360401348626557
PH_vs_Huber,II,473,5,0,PatchHuber,Huber,38.87277377217093,41.34053780463197,-2.467764032461041,2.026236563702879,0.9765770544993616,1.0496595092035172
PH_vs_Huber,II,474,5,0,PatchHuber,Huber,37.27177049224818,39.151549224371,-1.8797787321228228,2.129326523087022,0.8614076446982649,1.2679188783887572
PH_vs_Huber,II,475,5,0,PatchHuber,Huber,36.778787426155176,40.17269345421237,-3.393906028057195,2.034652075794614,0.8944395855522246,1.1402124902423894
PH_vs_Huber,II,476,5,0,PatchHuber,Huber,39.89173955893269,40.96035229175739,-1.0686127328246968,2.2378480649583805,0.9158655631003194,1.321982501858061
PH_vs_Huber,II,477,5,0,PatchHuber,Huber,44.18186214182979,45.38030023453385,-1.198438092704059,2.840229762253614,1.25748790486763,1.582741857385984
PH_vs_Huber,II,478,5,0,PatchHuber,Huber,53.22220855330002,49.74282111853241,3.4793874347676095,3.6368173445867664,1.5967956804637105,2.040021664123056
PH_vs_Huber,II,479,5,0,PatchHuber,Huber,65.48107921419168,57.64869116612833,7.8323880480633505,4.928229099091868,2.451822219496242,2.476406879595626
PH_vs_Huber,II,480,5,0,PatchHuber,Huber,94.49827695537276,89.16612521217212,5.33215174320064,7.918808255890429,5.912674894820597,2.006133361069832
PH_vs_Huber,II,481,5,0,PatchHuber,Huber,124.95237779840949,128.32449699332062,-3.3721191949111358,9.77137455920795,8.83824870384489,0.9331258553630608
PH_vs_Huber,II,482,5,0,PatchHuber,Huber,124.7656040810191,130.81526409553928,-6.049660014520171,9.327244252493946,8.264097841982569,1.0631464105113775
PH_vs_Huber,II,483,6,0,PatchHuber,Huber,119.68489998338288,126.07682351999928,-6.391923536616403,8.429958997530367,7.352708944841125,1.0772500526892417
PH_vs_Huber,II,484,6,0,PatchHuber,Huber,118.76434317947258,125.04007001715512,-6.275726837682541,8.457469240808129,7.593413929126068,0.8640553116820611
PH_vs_Huber,II,485,6,0,PatchHuber,Huber,120.20875060542312,129.92669325808234,-9.717942652659218,8.268488107937408,7.359472806540734,0.909015301396674
PH_vs_Huber,II,486,6,0,PatchHuber,Huber,112.5607607244323,120.5083442477374,-7.947583523305099,8.16312075868703,7.326208034910584,0.8369127237764467
PH_vs_Huber,II,487,6,0,PatchHuber,Huber,99.56085317340454,104.74635350999404,-5.185500336589499,6.986446787560352,5.9563009158670175,1.0301458716933345
PH_vs_Huber,II,488,6,0,PatchHuber,Huber,89.73267433151375,92.11321568997764,-2.380541358463887,7.039715024473538,5.737099987225753,1.3026150372477847
PH_vs_Huber,II,489,6,0,PatchHuber,Huber,101.84790670106396,105.8308427177818,-3.9829360167178436,8.193825608074276,7.001676955776055,1.1921486522982203
PH_vs_Huber,II,490,6,0,PatchHuber,Huber,103.2433250402581,110.88903058966144,-7.6457055494033455,8.871944286100206,8.076366098015423,0.7955781880847823
PH_vs_Huber,II,491,6,0,PatchHuber,Huber,92.91785319594756,94.96220347425938,-2.044350278311825,8.500127961368275,7.267739123583397,1.2323888377848782
PH_vs_Huber,II,492,6,0,PatchHuber,Huber,81.37529147899431,80.28129972644759,1.093991752546728,8.339507148736855,6.622941689147195,1.7165654595896598
PH_vs_Huber,II,493,6,0,PatchHuber,Huber,67.12802218022954,66.92823817912678,0.1997840011027563,7.529456498124828,5.626962093546854,1.9024944045779746
PH_vs_Huber,II,494,6,0,PatchHuber,Huber,50.28538169411418,49.7512633871034,0.5341183070107789,6.062072954291727,3.246649572298117,2.81542338199361
PH_vs_Huber,II,495,6,0,PatchHuber,Huber,32.84097722403038,40.72232930962511,-7.881352085594727,3.87863369078044,1.7794146155927892,2.099219075187651
PH_vs_Huber,II,496,6,0,PatchHuber,Huber,20.93177228077409,38.53152355125828,-17.59975127048419,2.6289168896806303,1.4494016055183732,1.1795152841622571
PH_vs_Huber,II,497,6,0,PatchHuber,Huber,16.227801770083705,37.18777052225133,-20.959968752167622,2.176504674416165,1.2673428653159873,0.9091618091001779
PH_vs_Huber,II,498,6,0,PatchHuber,Huber,11.26478676153218,36.492991864302674,-25.228205102770495,1.6168572503130645,1.211302435854576,0.4055548144584884
PH_vs_Huber,II,499,6,0,PatchHuber,Huber,5.574871703472287,36.12066335005603,-30.54579164658374,1.3574252516552312,1.1448138671092891,0.21261138454594208
PH_vs_Huber,II,500,6,0,PatchHuber,Huber,6.415474022940664,36.29605521231457,-29.880581189373906,1.0161291361355231,1.310180856239481,-0.29405172010395786
PH_vs_Huber,II,501,6,0,PatchHuber,Huber,6.294555351745224,35.32395313684073,-29.029397785095505,0.9830965394707744,1.1211425445093754,-0.1380460050386011
PH_vs_Huber,II,502,6,0,PatchHuber,Huber,11.764489103686618,35.37987005529577,-23.61538095160915,0.7855975860210488,1.1510258578144676,-0.36542827179341886
PH_vs_Huber,II,503,6,0,PatchHuber,Huber,13.75190034039194,34.787721517365135,-21.035821176973194,0.6410988467325679,1.1216232141078364,-0.4805243673752685
PH_vs_Huber,II,504,6,0,PatchHuber,Huber,13.220311967398192,33.50530232173629,-20.284990354338095,0.8275714513562401,1.1055821278122568,-0.27801067645601674
PH_vs_Huber,II,505,6,0,PatchHuber,Huber,15.736230165791342,33.31143973609391,-17.57520957030257,0.6085851773092581,1.0439174754114002,-0.43533229810214213
PH_vs_Huber,II,506,6,0,PatchHuber,Huber,17.36289386962689,33.69637956318382,-16.333485693556927,0.8077346637843972,1.0845517540964351,-0.27681709031203794
PH_vs_Huber,II,507,6,0,PatchHuber,Huber,24.22159918971176,34.004306417152485,-9.782707227440724,1.0341367396638643,0.9816138892424944,0.05252285042136995
PH_vs_Huber,II,508,6,0,PatchHuber,Huber,21.842109203296275,34.670049445707576,-12.827940242411302,1.1372625133548897,1.119339791820228,0.01792272153466179
PH_vs_Huber,II,509,6,0,PatchHuber,Huber,17.199715542847258,32.77411212972938,-15.574396586882123,0.7847809643696562,1.0320041778566966,-0.24722321348704046
PH_vs_Huber,II,510,6,0,PatchHuber,Huber,18.81896382029941,32.424196526464144,-13.605232706164735,0.7542924620673358,1.1035704937080435,-0.3492780316407077
PH_vs_Huber,II,602,6,0,PatchHuber,Huber,42.092314271227146,30.497337546616254,11.594976724610891,1.2465235840070654,0.5925267450280868,0.6539968389789786
PH_vs_Huber,II,603,6,0,PatchHuber,Huber,39.86992743892184,30.652627600306563,9.21729983861528,1.1292453735942427,0.5115437321581077,0.617701641436135
PH_vs_Huber,II,604,6,0,PatchHuber,Huber,43.659959259383214,30.890814373562257,12.769144885820957,1.1752193222836127,0.6646140575189983,0.5106052647646144
PH_vs_Huber,II,605,6,0,PatchHuber,Huber,40.30158800555848,30.707769484813245,9.593818520745234,1.1351042727038931,0.4796702708190042,0.655434001884889
PH_vs_Huber,II,606,6,0,PatchHuber,Huber,42.15288904772533,32.23512764596309,9.917761401762242,1.0668082238355965,0.5873174869208209,0.4794907369147756
PH_vs_Huber,II,607,6,0,PatchHuber,Huber,38.292190449575465,30.03281074389604,8.259379705679425,0.961277699120795,0.5763109464014284,0.38496675271936653
PH_vs_Huber,II,608,6,0,PatchHuber,Huber,38.07207130474658,28.904006497663,9.168064807083578,0.9105794881249022,0.6399854129563475,0.2705940751685547
PH_vs_Huber,II,609,6,0,PatchHuber,Huber,35.653390655774714,29.80982583999807,5.843564815776645,0.7871730370039227,0.5803729066071704,0.20680013039675227
PH_vs_Huber,II,610,6,0,PatchHuber,Huber,37.34299364671583,29.60820375210885,7.734789894606983,0.7934383151307185,0.6044190134001063,0.1890193017306122
PH_vs_Huber,II,611,6,0,PatchHuber,Huber,36.05604040625375,27.699588400132644,8.356452006121106,0.8083940440213161,0.695489283501821,0.11290476051949505
PH_vs_Huber,II,612,6,0,PatchHuber,Huber,34.65276106403968,27.484850077342443,7.167910986697237,0.7457681773050222,0.5894745869285685,0.15629359037645374
PH_vs_Huber,II,613,6,0,PatchHuber,Huber,33.6173506496928,26.622124002143423,6.99522664754938,0.6973271309280643,0.6202133974568259,0.0771137334712384
PH_vs_Huber,II,614,6,0,PatchHuber,Huber,35.70062142875824,25.80162006025947,9.89900136849877,0.8209304845117672,0.6140883213023874,0.20684216320937976
PH_vs_Huber,II,615,6,0,PatchHuber,Huber,39.30581072617454,26.3288657633657,12.97694496280884,0.920963672577546,0.600978311790348,0.31998536078719797
PH_vs_Huber,II,616,6,0,PatchHuber,Huber,32.26458680011292,26.149654584957325,6.114932215155598,0.8425100520637112,0.4586204535481987,0.3838895985155125
PH_vs_Huber,II,617,6,0,PatchHuber,Huber,40.92715365794004,25.83977879529454,15.0873748626455,1.0579947434146622,0.5568842012379432,0.5011105421767189
PH_vs_Huber,II,618,6,0,PatchHuber,Huber,42.67823604292687,24.70235408133808,17.97588196158879,1.037041162087827,0.5921810741280448,0.44486008795978227
PH_vs_Huber,II,619,6,0,PatchHuber,Huber,42.4015454585814,26.90680051765873,15.494744940922672,1.080337404846433,0.5098109440209807,0.5705264608254522
PH_vs_Huber,II,620,6,0,PatchHuber,Huber,44.42740003178087,24.92726918981266,19.50013084196821,1.1248761935672786,0.5757290284477733,0.5491471651195053
PH_vs_Huber,II,621,6,0,PatchHuber,Huber,47.33236763149024,25.302434613531844,22.0299330179584,1.2739304845898984,0.6121589985662497,0.6617714860236488
PH_vs_Huber,II,622,6,0,PatchHuber,Huber,49.74325222948667,25.47631916280484,24.26693306668183,1.2108444796630065,0.7179473612000445,0.4928971184629619
PH_vs_Huber,II,623,6,0,PatchHuber,Huber,49.29969345042982,25.296329864889437,24.003363585540384,1.0374784004741666,0.6662746482119707,0.37120375226219593
PH_vs_Huber,II,624,7,0,PatchHuber,Huber,49.22692208744203,24.572608951548226,24.6543131358938,1.1843770870917831,0.8432527719099265,0.3411243151818566
PH_vs_Huber,II,625,7,0,PatchHuber,Huber,46.18077415175418,24.82126181461779,21.359512337136387,0.8914670296908477,0.8024522973997212,0.08901473229112644
PH_vs_Huber,II,626,7,0,PatchHuber,Huber,47.07850001090812,25.195010275244403,21.88348973566372,1.0186185086434325,0.6663152093341557,0.35230329930927684
PH_vs_Huber,II,627,7,0,PatchHuber,Huber,47.67081162919076,25.43416381865073,22.236647810540028,1.0043842210488807,0.8591720399084657,0.145212181140415
PH_vs_Huber,II,628,7,0,PatchHuber,Huber,47.44758960240161,25.512797967126644,21.934791635274962,1.3686183974276411,0.924671142237072,0.4439472551905691
PH_vs_Huber,II,629,7,0,PatchHuber,Huber,40.55634453005103,19.889894117291902,20.666450412759126,0.9184909830599052,0.8371683677940602,0.08132261526584494
PH_vs_Huber,II,630,7,0,PatchHuber,Huber,36.62060546703674,18.014082213810912,18.606523253225827,0.968195470035144,1.056762543557522,-0.08856707352237814
PH_vs_Huber,II,631,7,0,PatchHuber,Huber,36.345330938793,17.356583303078775,18.988747635714223,1.2896370380293334,1.107211870469924,0.1824251675594093
PH_vs_Huber,II,632,7,0,PatchHuber,Huber,37.405536794722565,16.900871034783155,20.50466575993941,1.3478987305751735,1.1223198055423609,0.22557892503281263
PH_vs_Huber,II,633,7,0,PatchHuber,Huber,39.03047803641577,17.410972245515747,21.619505790900025,0.984730968802793,1.111096125528784,-0.1263651567259909
PH_vs_Huber,II,634,7,0,PatchHuber,Huber,40.399039063377934,18.897590673411383,21.50144838996655,1.092809175353451,1.1750144670434932,-0.0822052916900422
PH_vs_Huber,II,635,7,0,PatchHuber,Huber,38.754488392624346,18.8415966386657,19.912891753958647,1.0521439891942237,1.1491871258283033,-0.0970431366340796
PH_vs_Huber,II,636,7,0,PatchHuber,Huber,42.44233429236245,19.222970828717475,23.219363463644978,1.1130519420964504,1.2685539901011371,-0.1555020480046867
PH_vs_Huber,II,637,7,0,PatchHuber,Huber,42.91893099193158,19.38641825400077,23.532512737930812,1.2045582439699611,1.2002890797346744,0.004269164235286782
PH_vs_Huber,II,638,7,0,PatchHuber,Huber,42.73250010575149,21.574095320582572,21.15840478516892,0.9558001858310068,1.1991456746679123,-0.24334548883690554
PH_vs_Huber,II,639,7,0,PatchHuber,Huber,43.3529360778089,22.363885856229565,20.989050221579333,1.267561331566888,1.3044933273680042,-0.03693199580111606
PH_vs_Huber,II,640,7,0,PatchHuber,Huber,44.18125333251344,23.777333120042943,20.4039202124705,1.056107905003114,1.2706021379150048,-0.21449423291189085
PH_vs_Huber,II,641,7,0,PatchHuber,Huber,45.09976923976358,24.006460065302527,21.093309174461055,1.360248012343951,1.356240663622582,0.004007348721368986
PH_vs_Huber,II,642,7,0,PatchHuber,Huber,45.25743713053781,24.01019775858221,21.2472393719556,1.1523468329050035,1.2213193157941875,-0.068972482889184
PH_vs_Huber,II,643,7,0,PatchHuber,Huber,42.96199261977772,24.145412027338136,18.816580592439582,1.196593987583073,1.1953750110941486,0.0012189764889243282
PH_vs_Huber,II,644,7,0,PatchHuber,Huber,44.91747364271123,25.15222192588457,19.765251716826658,1.3163778127232393,1.1721126806187847,0.14426513210445457
PH_vs_Huber,II,645,7,0,PatchHuber,Huber,46.09083703284381,24.33177329948698,21.75906373335683,1.3726055493521694,0.9568932029540902,0.4157123463980792
PH_vs_Huber,II,646,7,0,PatchHuber,Huber,43.50438147225287,26.10331219197576,17.401069280277106,1.0642130386526942,1.2304438357374003,-0.16623079708470612
PH_vs_Huber,II,647,7,0,PatchHuber,Huber,42.62486673416489,27.26015962632841,15.36470710783648,1.103369159128904,1.2773642726563676,-0.17399511352746355
PH_vs_Huber,II,648,7,0,PatchHuber,Huber,42.4177933618739,28.599748565856647,13.81804479601725,1.3257278486635966,1.282995286232024,0.04273256243157264
PH_vs_Huber,II,649,7,0,PatchHuber,Huber,41.28395159088757,28.551770002567984,12.732181588319584,1.3305080858816172,1.2602411116553085,0.07026697422630868
PH_vs_Huber,II,650,7,0,PatchHuber,Huber,39.061056182677234,27.397684160987865,11.66337202168937,1.256990013349664,1.2150798492464865,0.041910164103177605
PH_vs_Huber,II,651,7,0,PatchHuber,Huber,38.29214889691541,27.913158002040973,10.378990894874434,1.3218877715239623,1.2924519179654566,0.029435853558505753
PH_vs_Huber,II,652,7,0,PatchHuber,Huber,38.35183715104868,27.877117784653315,10.474719366395362,1.3145977034158485,1.2988229096121433,0.015774793803705167
PH_vs_Huber,II,653,7,0,PatchHuber,Huber,39.45650060950547,27.2405328629524,12.21596774655307,1.5864753393791622,1.20781824330756,0.37865709607160225
PH_vs_Huber,II,654,7,0,PatchHuber,Huber,40.91864579442304,29.49952279946779,11.419122994955252,1.4888769489375784,1.331497027872376,0.1573799210652025
PH_vs_Huber,II,655,7,0,PatchHuber,Huber,39.11613656968856,30.05909162894069,9.057044940747868,1.3175818769467458,1.252743739519506,0.06483813742723976
PH_vs_Huber,II,656,7,0,PatchHuber,Huber,40.417061750494106,29.64418438573313,10.772877364760976,1.3768625772661522,1.1799248033795098,0.19693777388664246
PH_vs_Huber,II,657,7,0,PatchHuber,Huber,41.69541654171951,30.199834973744352,11.495581567975158,1.6154078653063264,1.2577446015467673,0.35766326375955915
PH_vs_Huber,II,658,7,0,PatchHuber,Huber,40.624986041187725,31.97949799478543,8.645488046402296,1.5858938840611971,1.2710512459312198,0.31484263812997737
PH_vs_Huber,II,659,7,0,PatchHuber,Huber,40.89872938860123,31.33558183925773,9.563147549343501,1.4780600296828303,1.264127076179142,0.21393295350368824
PH_vs_Huber,II,660,7,0,PatchHuber,Huber,39.57655149706158,31.971555807261264,7.604995689800315,1.62803831226454,1.3045553991087266,0.32348291315581346
PH_vs_Huber,II,661,7,0,PatchHuber,Huber,40.29754213041777,31.679821788978096,8.617720341439671,1.7554765398283396,1.2461616946691183,0.5093148451592213
PH_vs_Huber,II,662,7,0,PatchHuber,Huber,37.98676634590169,30.590652545328457,7.396113800573236,1.5695378452718112,1.2227390149911563,0.34679883028065484
PH_vs_Huber,II,663,7,0,PatchHuber,Huber,36.2610746608248,30.321799452833503,5.939275207991294,1.4885927833909605,1.3282175577957052,0.1603752255952553
PH_vs_Huber,II,664,7,0,PatchHuber,Huber,36.6344959218044,30.246846865444432,6.387649056359969,1.5469023258440868,1.3031370239723077,0.24376530187177914
PH_vs_Huber,II,665,7,0,PatchHuber,Huber,35.75790481857075,31.808448022629776,3.949456795940975,1.4954144622526275,1.3187255392138544,0.17668892303877315
PH_vs_Huber,II,666,7,0,PatchHuber,Huber,33.11339042085313,33.33969639823092,-0.22630597737779112,1.5372918493171668,1.317434748568554,0.21985710074861275
PH_vs_Huber,II,667,7,0,PatchHuber,Huber,33.571395622597855,35.10713482378039,-1.5357392011825368,1.4920957776491808,1.357987287973371,0.1341084896758098
PH_vs_Huber,II,668,7,0,PatchHuber,Huber,33.06200722716022,37.2776797742327,-4.215672547072479,1.1126012016562006,1.3375782653574595,-0.22497706370125892
PH_vs_Huber,II,669,7,0,PatchHuber,Huber,32.81449403490624,38.34607026771303,-5.531576232806792,1.5694197319929206,1.3605543291889337,0.2088654028039869
PH_vs_Huber,II,670,7,0,PatchHuber,Huber,34.24170698128121,37.95223166582737,-3.710524684546158,1.4898574670941662,1.2765018086012203,0.2133556584929459
PH_vs_Huber,II,671,7,0,PatchHuber,Huber,30.68992285196605,37.20877084289503,-6.518847990928979,1.4813860449084202,1.388671729941749,0.09271431496667115
PH_vs_Huber,II,672,7,0,PatchHuber,Huber,30.302289816841,37.86858825342696,-7.5662984365859565,1.2411715698293175,1.322305145064793,-0.08113357523547537
PH_vs_Huber,II,673,7,0,PatchHuber,Huber,32.09752596152202,39.29633510155708,-7.19880914003506,1.3952624692165376,1.320703759796915,0.07455870941962273
PH_vs_Huber,II,674,8,0,PatchHuber,Huber,30.24167799683424,37.14074873714063,-6.899070740306392,1.0062188005103383,1.3792389334677693,-0.37302013295743097
PH_vs_Huber,II,675,8,0,PatchHuber,Huber,31.43275430292098,34.47460798504814,-3.041853682127158,1.1717728209844234,1.357651954847109,-0.18587913386268573
PH_vs_Huber,II,676,8,0,PatchHuber,Huber,32.52429945431852,33.2274288762256,-0.7031294219070787,1.0740614508660038,1.2943291250064382,-0.22026767414043436
PH_vs_Huber,II,677,8,0,PatchHuber,Huber,32.2543852504102,31.994027868198312,0.26035738221188964,0.728565247417156,1.330990011367266,-0.6024247639501099
PH_vs_Huber,II,678,8,0,PatchHuber,Huber,33.689118738198296,29.46622382036622,4.222894917832075,0.9678107883070196,1.3133000554400251,-0.34548926713300554
PH_vs_Huber,II,679,8,0,PatchHuber,Huber,28.925086149379187,27.84032025129955,1.0847658980796382,0.7581259430199541,1.1975844581081856,-0.4394585150882315
PH_vs_Huber,II,680,8,0,PatchHuber,Huber,29.939369981672364,31.96368587370144,-2.024315892029076,0.8848766605477917,1.218872415710294,-0.33399575516250224
PH_vs_Huber,II,681,8,0,PatchHuber,Huber,33.47097557205389,36.1204004621405,-2.649424890086614,1.1995228845521204,1.1282338590203556,0.07128902553176486
PH_vs_Huber,II,682,8,0,PatchHuber,Huber,33.11628258175304,38.10935564328195,-4.993073061528911,1.07352721154592,1.2787385005911869,-0.20521128904526686
PH_vs_Huber,II,683,8,0,PatchHuber,Huber,31.02181513271203,36.499665232472,-5.477850099759966,1.1334302172606607,1.2622907688289369,-0.12886055156827614
PH_vs_Huber,II,684,8,0,PatchHuber,Huber,30.50425199161337,35.99077228443609,-5.486520292822721,1.1887897225832722,1.2099191182480225,-0.02112939566475025
PH_vs_Huber,II,685,8,0,PatchHuber,Huber,32.68161038671976,36.80514758787041,-4.123537201150647,1.2470221156593984,1.184370497454515,0.0626516182048833
PH_vs_Huber,II,686,8,0,PatchHuber,Huber,31.080718833845243,34.62481987400604,-3.5441010401608004,1.2608943322137962,1.0452509497147453,0.2156433824990509
PH_vs_Huber,II,687,8,0,PatchHuber,Huber,31.275929315728582,35.628665391373225,-4.352736075644643,1.3410106664954593,1.1649107579083493,0.17609990858711
PH_vs_Huber,II,688,8,0,PatchHuber,Huber,31.50049943140458,35.37890885152796,-3.878409420123379,1.266211759449106,1.0579999540024934,0.20821180544661266
PH_vs_Huber,II,689,8,0,PatchHuber,Huber,30.17693893859542,35.600897297460214,-5.423958358864795,1.1762562902785791,1.1503465830967707,0.025909707181808406
PH_vs_Huber,II,690,8,0,PatchHuber,Huber,31.480679320193563,34.54111451625161,-3.060435196058048,1.363150334614502,1.0143645696663153,0.3487857649481867
PH_vs_Huber,II,691,8,0,PatchHuber,Huber,30.322793882364884,34.49241697761823,-4.169623095253343,1.445195407155513,1.159355116153215,0.28584029100229813
PH_vs_Huber,II,692,8,0,PatchHuber,Huber,32.23969176834392,34.110264237714446,-1.8705724693705292,1.528763810906644,1.1109908086061555,0.4177730023004884
PH_vs_Huber,II,693,8,0,PatchHuber,Huber,33.61665429163789,34.2835694116245,-0.666915119986605,1.629061248927957,1.0708407862951466,0.5582204626328104
PH_vs_Huber,II,694,8,0,PatchHuber,Huber,34.07100882065936,32.52412469679033,1.5468841238690274,1.642886770207423,0.988860261152321,0.6540265090551021
PH_vs_Huber,II,695,8,0,PatchHuber,Huber,31.69112156495031,33.06786746244104,-1.376745897490732,1.5400358517914825,0.9911507184501764,0.5488851333413061
PH_vs_Huber,II,696,8,0,PatchHuber,Huber,33.5749652262879,31.64492259608769,1.9300426302002123,1.6844650312628018,0.9162597364120126,0.7682052948507891
PH_vs_Huber,II,697,8,0,PatchHuber,Huber,33.162567170302765,32.24522869780796,0.917338472494805,1.7545951497675214,0.9439925223584608,0.8106026274090606
PH_vs_Huber,II,698,8,0,PatchHuber,Huber,30.54359924170528,30.367967076699323,0.17563216500595757,1.604255421094389,0.9963711591959292,0.6078842618984597
PH_vs_Huber,II,699,8,0,PatchHuber,Huber,30.81897307622264,30.09991761348952,0.7190554627331203,1.6712209247490843,0.9638221325788252,0.7073987921702591
PH_vs_Huber,II,700,8,0,PatchHuber,Huber,29.465985253360504,29.959547474668454,-0.49356222130795047,1.7285069996004248,0.9128713749670316,0.8156356246333931
PH_vs_Huber,II,701,8,0,PatchHuber,Huber,30.56546709344325,30.83819137556751,-0.2727242821242619,1.6167175529465352,0.960427204277007,0.6562903486695282
PH_vs_Huber,III,154,0,1,PatchHuber,Huber,38.35113778224813,67.96338475512147,-29.612246972873336,1.848514089997965,1.2822691942016708,0.5662448957962942
PH_vs_Huber,III,155,0,1,PatchHuber,Huber,38.75922953944964,67.43862876609877,-28.67939922664913,2.0313064730618704,1.2722704855692442,0.7590359874926262
PH_vs_Huber,III,156,0,1,PatchHuber,Huber,37.2598995719973,67.17021553971261,-29.910315967715313,1.840746387284793,1.158600224671736,0.6821461626130569
PH_vs_Huber,III,157,0,1,PatchHuber,Huber,36.78156210933399,66.13619738737788,-29.354635278043887,1.884226051636718,1.272718251179068,0.61150780045765
PH_vs_Huber,III,158,0,1,PatchHuber,Huber,38.45096932726224,67.27670226039646,-28.82573293313422,1.7643287639259182,1.1443051359353276,0.6200236279905906
PH_vs_Huber,III,159,0,1,PatchHuber,Huber,41.60870326743751,68.41460090442469,-26.805897636987176,1.7976202355983366,1.266011995335019,0.5316082402633175
PH_vs_Huber,III,160,0,1,PatchHuber,Huber,43.81067135465542,70.12753384171289,-26.31686248705747,1.617248686407654,1.2452347114939797,0.3720139749136744
PH_vs_Huber,III,161,0,1,PatchHuber,Huber,42.90821725206239,69.00605137453682,-26.09783412247443,1.8703117012108628,1.190357005755715,0.6799546954551479
PH_vs_Huber,III,162,0,1,PatchHuber,Huber,46.09978281105696,69.0279512004133,-22.928168389356337,1.9733327490795631,1.234572938060347,0.7387598110192162
PH_vs_Huber,III,163,0,1,PatchHuber,Huber,44.59796417554906,70.05895465311303,-25.460990477563975,1.829688789634533,1.1993122030215329,0.6303765866130002
PH_vs_Huber,III,164,0,1,PatchHuber,Huber,45.85668260460415,70.27452122023281,-24.41783861562866,1.8863814809608896,1.090459498650095,0.7959219823107946
PH_vs_Huber,III,165,0,1,PatchHuber,Huber,45.4924237503405,68.83208515563015,-23.339661405289654,1.8622928494083049,1.1338586231677112,0.7284342262405936
PH_vs_Huber,III,166,0,1,PatchHuber,Huber,46.19086216860577,69.20045962224113,-23.009597453635358,1.897448124890169,1.1107438581844151,0.7867042667057538
PH_vs_Huber,III,167,0,1,PatchHuber,Huber,44.47709696628949,68.12494513746,-23.647848171170516,1.9430865540433424,1.0388457162418971,0.9042408378014453
PH_vs_Huber,III,168,0,1,PatchHuber,Huber,44.20663503210572,67.6369867865989,-23.430351754493174,1.912740036571125,1.1000617096796377,0.8126783268914872
PH_vs_Huber,III,169,0,1,PatchHuber,Huber,45.98161168067914,67.37052577089986,-21.388914090220723,1.949177145398328,1.0966636845159277,0.8525134608824003
PH_vs_Huber,III,170,0,1,PatchHuber,Huber,44.84453235041862,65.25556127854692,-20.411028928128303,2.021042199908071,1.0022920500305723,1.0187501498774987
PH_vs_Huber,III,171,0,1,PatchHuber,Huber,48.150833485681005,65.28898520977798,-17.13815172409697,2.1532677812575027,1.0261098115648155,1.1271579696926872
PH_vs_Huber,III,172,0,1,PatchHuber,Huber,48.08107022070261,64.06740088475578,-15.986330664053177,2.230539540293444,0.956533695141958,1.274005845151486
PH_vs_Huber,III,173,0,1,PatchHuber,Huber,50.837784532176784,64.42975564483787,-13.591971112661085,2.227729392068424,1.0482977485211027,1.1794316435473213
PH_vs_Huber,III,174,0,1,PatchHuber,Huber,48.14433958928728,64.1991646208547,-16.054825031567425,2.164531913578962,1.2716564498282843,0.8928754637506777
PH_vs_Huber,III,175,0,1,PatchHuber,Huber,51.15325336904372,64.61737599812761,-13.464122629083896,2.291348554135498,1.3116342088887534,0.9797143452467447
PH_vs_Huber,III,176,0,1,PatchHuber,Huber,51.41629616716288,64.36358606968945,-12.947289902526563,2.1492177437202837,1.3435963017152288,0.8056214420050549
PH_vs_Huber,III,177,0,1,PatchHuber,Huber,52.03808203390975,65.09985167269187,-13.061769638782117,2.218006798620193,1.1315278552770511,1.0864789433431419
PH_vs_Huber,III,178,0,1,PatchHuber,Huber,54.1155909972472,65.26002634109474,-11.14443534384754,2.203008421207945,1.1932632817763134,1.0097451394316317
PH_vs_Huber,III,179,0,1,PatchHuber,Huber,52.146635055010144,64.46841333283365,-12.321778277823505,2.3151792898242824,1.2375936542790886,1.0775856355451938
PH_vs_Huber,III,180,0,1,PatchHuber,Huber,51.69034299353737,62.70640256165963,-11.016059568122259,2.297745408456295,1.1780882749794273,1.1196571334768677
PH_vs_Huber,III,181,0,1,PatchHuber,Huber,52.42072919300579,61.0836685704509,-8.662939377445106,2.398262620451253,1.2879995839008305,1.1102630365504225
PH_vs_Huber,III,182,0,1,PatchHuber,Huber,52.93132128136656,61.726893122766505,-8.795571841399948,2.629325855394765,1.3546518833783183,1.2746739720164466
PH_vs_Huber,III,183,0,1,PatchHuber,Huber,50.94569739525672,60.32893587466853,-9.383238479411808,2.943646672331625,1.268104875189337,1.675541797142288
PH_vs_Huber,III,184,0,1,PatchHuber,Huber,53.73028514551683,59.45192636022919,-5.721641214712356,2.687882754526484,1.300480046116545,1.387402708409939
PH_vs_Huber,III,185,0,1,PatchHuber,Huber,53.50149020900951,58.78713682900249,-5.285646619992981,3.0436850065059264,1.4088208412975372,1.6348641652083893
PH_vs_Huber,III,186,0,1,PatchHuber,Huber,54.5184550344755,58.37500650576566,-3.8565514712901603,3.0327178780313355,1.45348027242517,1.5792376056061654
PH_vs_Huber,III,187,0,1,PatchHuber,Huber,54.51358545261181,58.69424417589512,-4.180658723283315,2.942710598088412,1.5043802423584418,1.4383303557299703
PH_vs_Huber,III,188,0,1,PatchHuber,Huber,53.95220568236671,58.51536752087452,-4.56316183850781,3.165774332859419,1.6969004406079282,1.4688738922514908
PH_vs_Huber,III,189,0,1,PatchHuber,Huber,53.1735486667672,57.61318012409858,-4.439631457331373,3.305509754901616,1.6030001520747812,1.702509602826835
PH_vs_Huber,III,190,0,1,PatchHuber,Huber,56.274409526010345,57.67920423098816,-1.4047947049778173,3.210252613432383,1.382924634070792,1.8273279793615913
PH_vs_Huber,III,191,0,1,PatchHuber,Huber,58.03268641740022,58.9959283987832,-0.9632419813829785,3.205158939413098,1.3425543313478785,1.8626046080652194
PH_vs_Huber,III,192,0,1,PatchHuber,Huber,56.92430860849932,60.03744942701219,-3.113140818512875,3.052312672576836,1.0201267137387784,2.032185958838058
PH_vs_Huber,III,193,0,1,PatchHuber,Huber,55.81297191065178,63.28151262884835,-7.468540718196564,2.84233237651519,1.052403964749967,1.789928411765223
PH_vs_Huber,III,194,0,1,PatchHuber,Huber,54.72464395174219,65.89695898517616,-11.172315033433968,2.765998772526818,1.0826493435095332,1.6833494290172846
PH_vs_Huber,III,195,0,1,PatchHuber,Huber,52.11096493512508,67.73343481447829,-15.622469879353204,2.635962242335629,1.3429164008304786,1.2930458415051505
PH_vs_Huber,III,196,0,1,PatchHuber,Huber,53.51977953563599,69.68750300592647,-16.167723470290483,2.668178096793441,1.566525766057547,1.101652330735894
PH_vs_Huber,III,197,0,1,PatchHuber,Huber,53.80486715275905,70.42483190989503,-16.619964757135982,2.585309712709403,1.6352647294481104,0.9500449832612927
PH_vs_Huber,III,198,0,1,PatchHuber,Huber,54.23861859732138,71.2590741985663,-17.02045560124492,2.606195816203029,1.7065961422692668,0.8995996739337624
PH_vs_Huber,III,199,0,1,PatchHuber,Huber,55.10370945844596,71.39818196645035,-16.29447250800439,2.4743368463782827,1.6987446212081407,0.7755922251701419
PH_vs_Huber,III,200,0,1,PatchHuber,Huber,54.06088112109144,71.10873576484323,-17.04785464375179,2.474836084327902,1.818294615988853,0.6565414683390489
PH_vs_Huber,III,201,0,1,PatchHuber,Huber,52.60567061546556,66.5994498450381,-13.993779229572532,2.2503516175308613,1.9778365700137963,0.272515047517065
PH_vs_Huber,III,202,0,1,PatchHuber,Huber,51.32327879145488,69.07720754312892,-17.75392875167404,2.4544047351719365,1.6682641704277397,0.7861405647441968
PH_vs_Huber,III,203,0,1,PatchHuber,Huber,47.11317005305068,68.067395529323,-20.954225476272313,2.239424705473658,1.351123513336346,0.8883011921373118
PH_vs_Huber,III,204,1,1,PatchHuber,Huber,46.98467971850096,66.91382414051,-19.92914442200904,2.208791454065393,1.4455254384755554,0.7632660155898376
PH_vs_Huber,III,205,1,1,PatchHuber,Huber,51.80040084057168,68.85010551707194,-17.049704676500255,2.51630438653148,1.4857902019611358,1.0305141845703443
PH_vs_Huber,III,206,1,1,PatchHuber,Huber,49.77469475567922,68.29854220964636,-18.523847453967136,2.158997241847288,1.4553459880048718,0.703651253842416
PH_vs_Huber,III,207,1,1,PatchHuber,Huber,47.53397168613579,68.2339489636711,-20.699977277535304,2.2141618197555157,1.4436123682912043,0.7705494514643114
PH_vs_Huber,III,208,1,1,PatchHuber,Huber,45.71406550227557,66.7431466014507,-21.029081099175137,2.1298874040894744,1.4897677024175566,0.6401197016719178
PH_vs_Huber,III,209,1,1,PatchHuber,Huber,44.88209135800593,66.40467291437271,-21.52258155636678,2.230042295550473,1.3487580713948917,0.8812842241555814
PH_vs_Huber,III,210,1,1,PatchHuber,Huber,45.64362297365359,67.5746669021862,-21.931043928532603,2.303836067887005,1.4214018529454733,0.8824342149415316
PH_vs_Huber,III,211,1,1,PatchHuber,Huber,44.09946440964917,65.44975462528114,-21.350290215631972,2.280329164254506,1.2956485425233728,0.9846806217311332
PH_vs_Huber,III,212,1,1,PatchHuber,Huber,43.1611277235704,65.43933905636074,-22.278211332790335,2.273552925224513,1.3503102245107266,0.9232427007137864
PH_vs_Huber,III,213,1,1,PatchHuber,Huber,46.67056389551284,66.91336340902174,-20.2427995135089,2.407860453785996,1.3014887424527406,1.1063717113332552
PH_vs_Huber,III,214,1,1,PatchHuber,Huber,43.457941751867295,65.851786685901,-22.39384493403371,2.221679384822981,1.273647780282978,0.948031604540003
PH_vs_Huber,III,215,1,1,PatchHuber,Huber,44.7739411773228,66.6958142811397,-21.921873103816907,2.2013447535660253,1.359535363680343,0.8418093898856824
PH_vs_Huber,III,216,1,1,PatchHuber,Huber,44.90663211604231,66.09013047824988,-21.183498362207565,2.4656703600852827,1.3674045456463793,1.0982658144389035
PH_vs_Huber,III,217,1,1,PatchHuber,Huber,41.24722868765924,63.708008303276735,-22.460779615617497,2.315939217269885,1.2165321351925833,1.0994070820773016
PH_vs_Huber,III,218,1,1,PatchHuber,Huber,41.98675240990828,62.30989460800276,-20.32314219809448,2.2380307023718187,1.2415561452265165,0.9964745571453022
PH_vs_Huber,III,219,1,1,PatchHuber,Huber,41.69489424274058,61.13883370048786,-19.443939457747277,2.290794978051682,1.1378396678121214,1.1529553102395604
PH_vs_Huber,III,220,1,1,PatchHuber,Huber,40.79328087676157,61.61187923252952,-20.818598355767946,2.559633575742813,1.1718994161171752,1.3877341596256376
PH_vs_Huber,III,221,1,1,PatchHuber,Huber,42.08067959896218,61.288791432014094,-19.208111833051916,2.242651692122372,1.157056231375467,1.0855954607469047
PH_vs_Huber,III,222,1,1,PatchHuber,Huber,44.07430970843309,62.13557332926219,-18.061263620829102,2.347188038663844,1.1924029139672556,1.1547851246965886
PH_vs_Huber,III,223,1,1,PatchHuber,Huber,48.16692732605774,62.720759802942005,-14.553832476884267,2.705944737709076,1.237251944243577,1.4686927934654992
PH_vs_Huber,III,224,1,1,PatchHuber,Huber,47.80605098335057,61.35964509488413,-13.553594111533556,2.6466036080358943,1.335166239401116,1.3114373686347784
PH_vs_Huber,III,225,1,1,PatchHuber,Huber,46.96270497436093,61.81738776471836,-14.85468279035743,2.631393677913528,1.3615760477457934,1.2698176301677346
PH_vs_Huber,III,226,1,1,PatchHuber,Huber,48.16637819110003,62.9345858760508,-14.768207684950767,2.914127186832234,1.5219630896998635,1.3921640971323703
PH_vs_Huber,III,227,1,1,PatchHuber,Huber,50.31635866014572,61.48997489443958,-11.17361623429386,3.032890761312533,1.340519385805559,1.692371375506974
PH_vs_Huber,III,228,1,1,PatchHuber,Huber,47.094635722991775,60.848079933509794,-13.753444210518019,3.1881281854258985,1.5119435784948938,1.6761846069310047
PH_vs_Huber,III,229,1,1,PatchHuber,Huber,47.31555943691096,59.17902531252435,-11.863465875613393,3.062350703599676,1.4603011799319765,1.6020495236676997
PH_vs_Huber,III,230,1,1,PatchHuber,Huber,48.51379627656237,60.87169899443805,-12.357902717875682,3.100470528542154,1.503083629615647,1.5973868989265072
PH_vs_Huber,III,231,1,1,PatchHuber,Huber,49.6116168735929,60.964601778645005,-11.352984905052104,2.999779950202992,1.424007614825766,1.575772335377226
PH_vs_Huber,III,232,1,1,PatchHuber,Huber,50.75564848311462,59.48922680160211,-8.733578318487488,3.0550862404377788,1.4844400887088958,1.570646151728883
PH_vs_Huber,III,233,1,1,PatchHuber,Huber,48.2641012372833,58.98624654763654,-10.722145310353241,2.9299449806849083,1.4939675001290886,1.4359774805558196
PH_vs_Huber,III,234,1,1,PatchHuber,Huber,45.01631602763137,61.44718033644174,-16.43086430881037,2.828398161157057,1.6891410677875638,1.1392570933694932
PH_vs_Huber,III,235,1,1,PatchHuber,Huber,47.194949234871295,61.10258543747564,-13.907636202604344,2.8214340924623285,1.572970483922836,1.2484636085394925
PH_vs_Huber,III,236,1,1,PatchHuber,Huber,46.83884041734576,62.88175635971929,-16.042915942373533,2.8761780932785928,1.7019345811478066,1.1742435121307861
PH_vs_Huber,III,237,1,1,PatchHuber,Huber,46.73271149147469,62.55684747883268,-15.824135987357991,2.7957851064842423,1.5051047787177958,1.2906803277664465
PH_vs_Huber,III,238,1,1,PatchHuber,Huber,45.21080369535627,61.85718446238779,-16.646380767031523,2.705420821374269,1.706244265913947,0.9991765554603222
PH_vs_Huber,III,239,1,1,PatchHuber,Huber,44.77933979857264,59.28621918180024,-14.506879383227599,2.5303289050885467,1.6765047209904351,0.8538241840981116
PH_vs_Huber,III,240,1,1,PatchHuber,Huber,42.95034580649118,59.4290899178696,-16.47874411137842,2.679058068947108,1.7149410116953374,0.9641170572517705
PH_vs_Huber,III,241,1,1,PatchHuber,Huber,44.97754359060257,62.30261104083053,-17.325067450227955,2.5723649021419,1.806339142240123,0.7660257599017772
PH_vs_Huber,III,242,1,1,PatchHuber,Huber,46.85545093206356,63.3420540400394,-16.48660310797584,2.685574904438875,1.824188808048539,0.8613860963903359
PH_vs_Huber,III,243,1,1,PatchHuber,Huber,46.35167179726411,61.62350985555554,-15.27183805829143,2.753637347043315,1.795671228715222,0.957966118328093
PH_vs_Huber,III,244,1,1,PatchHuber,Huber,46.60664769643006,60.75813416945938,-14.151486473029323,2.6599886602231035,1.7487793824308706,0.9112092777922329
PH_vs_Huber,III,245,1,1,PatchHuber,Huber,46.23366830689263,59.9843802819524,-13.750711975059765,2.570649361827757,1.7251461700021915,0.8455031918255655
PH_vs_Huber,III,246,1,1,PatchHuber,Huber,46.47461052300597,61.13961614555628,-14.66500562255031,2.713858727517671,1.767184261226297,0.9466744662913742
PH_vs_Huber,III,247,1,1,PatchHuber,Huber,42.63135903187841,60.89265049220543,-18.261291460327023,2.335422431586234,1.692806969575634,0.6426154620106002
PH_vs_Huber,III,248,1,1,PatchHuber,Huber,38.09014251190766,59.728787623699695,-21.638645111792037,2.35598961093621,1.6175144547639684,0.7384751561722418
PH_vs_Huber,III,249,1,1,PatchHuber,Huber,38.50950887690132,59.293024869359,-20.78351599245768,2.4107167799418,1.750490814097788,0.6602259658440119
PH_vs_Huber,III,250,1,1,PatchHuber,Huber,38.95784085774632,59.14674527821101,-20.188904420464688,2.631251884809593,1.5521330596233436,1.0791188251862494
PH_vs_Huber,III,251,1,1,PatchHuber,Huber,40.71439762972606,59.30160375928555,-18.58720612955949,2.591653084876949,1.7948920149596823,0.7967610699172667
PH_vs_Huber,III,252,1,1,PatchHuber,Huber,37.62021014167205,57.28292168532656,-19.662711543654517,2.6533276497477027,1.4288134745973264,1.2245141751503763
PH_vs_Huber,III,253,1,1,PatchHuber,Huber,33.34409834114162,57.08274018126701,-23.738641840125396,2.2888082806962595,1.4194066156713534,0.8694016650249061
PH_vs_Huber,III,254,2,1,PatchHuber,Huber,31.519930322606484,57.3366311564338,-25.81670083382732,2.546082910954127,1.5312599132759317,1.0148229976781953
PH_vs_Huber,III,255,2,1,PatchHuber,Huber,32.636140610855115,57.4964057801421,-24.860265169286983,2.626036672643429,1.3936946799877905,1.2323419926556385
PH_vs_Huber,III,256,2,1,PatchHuber,Huber,30.89680787859069,58.09080479037792,-27.193996911787234,2.393631115036753,1.4484769789200886,0.9451541361166644
PH_vs_Huber,III,257,2,1,PatchHuber,Huber,33.99725540419767,58.80287995355304,-24.80562454935537,2.573445890120188,1.3765957593955558,1.1968501307246324
PH_vs_Huber,III,258,2,1,PatchHuber,Huber,31.459330365864243,58.14692021738806,-26.687589851523814,2.4059956167717766,1.4386394149059387,0.9673562018658379
PH_vs_Huber,III,259,2,1,PatchHuber,Huber,32.37824812575147,60.76944143671773,-28.39119331096626,2.4382595540119696,1.5175832027574412,0.9206763512545284
PH_vs_Huber,III,260,2,1,PatchHuber,Huber,31.51705802492925,60.66143299628166,-29.144374971352413,2.189256872925883,1.4692436155447024,0.7200132573811806
PH_vs_Huber,III,261,2,1,PatchHuber,Huber,33.43360383960529,62.46186644449296,-29.028262604887672,2.4427576300783023,1.560475556076503,0.8822820740017994
PH_vs_Huber,III,262,2,1,PatchHuber,Huber,33.14062416387854,63.6894297955262,-30.54880563164766,2.163213193675499,1.4931491669631545,0.6700640267123446
PH_vs_Huber,III,263,2,1,PatchHuber,Huber,33.29479234892408,64.04782351770804,-30.753031168783963,1.7424752263556686,1.3929430710406976,0.34953215531497106
PH_vs_Huber,III,264,2,1,PatchHuber,Huber,34.0627004313741,64.10932689399348,-30.046626462619386,1.7322462428984668,1.403887447030158,0.32835879586830874
PH_vs_Huber,III,265,2,1,PatchHuber,Huber,30.92798089313257,63.38843839409386,-32.46045750096129,1.5826200456250803,1.497004634519864,0.08561541110521631
PH_vs_Huber,III,266,2,1,PatchHuber,Huber,32.36107265500111,62.63810996902974,-30.277037314028632,1.3106612277700158,1.3715886450436383,-0.0609274172736225
PH_vs_Huber,III,267,2,1,PatchHuber,Huber,31.431131990928936,62.92541844127937,-31.494286450350433,1.1892457770696216,1.3389678490664856,-0.14972207199686394
PH_vs_Huber,III,268,2,1,PatchHuber,Huber,31.203489776782785,63.75253789245891,-32.54904811567613,1.2130009451473458,1.3228159267045116,-0.10981498155716585
PH_vs_Huber,III,269,2,1,PatchHuber,Huber,30.926132489314867,63.99131109534279,-33.06517860602792,0.9669869846686472,1.4042539463030592,-0.43726696163441203
PH_vs_Huber,III,270,2,1,PatchHuber,Huber,27.967055221326603,62.65935170074699,-34.692296479420385,1.2723151157347266,1.4383518950695888,-0.16603677933486227
PH_vs_Huber,III,271,2,1,PatchHuber,Huber,29.89426325254319,62.97937443424874,-33.08511118170555,1.2616386074750097,1.491673039677462,-0.23003443220245234
PH_vs_Huber,III,272,2,1,PatchHuber,Huber,27.851079674854983,58.70927517235302,-30.858195497498034,1.0436382239244002,1.6366350495120676,-0.5929968255876674
PH_vs_Huber,III,273,2,1,PatchHuber,Huber,29.83641058592832,63.39600558006238,-33.55959499413406,1.096913362552728,1.598479012929234,-0.501565650376506
PH_vs_Huber,III,274,2,1,PatchHuber,Huber,30.806297688622237,65.09768048801699,-34.29138279939475,1.004624241903795,1.4759059992845778,-0.4712817573807828
PH_vs_Huber,III,275,2,1,PatchHuber,Huber,30.64251780450133,64.45034470827181,-33.80782690377048,0.8758411867066916,1.3634369916610722,-0.4875958049543806
PH_vs_Huber,III,276,2,1,PatchHuber,Huber,29.106874446895777,64.08700202686876,-34.98012757997299,0.8137382101974018,1.640846539086296,-0.8271083288888943
PH_vs_Huber,III,277,2,1,PatchHuber,Huber,29.52939189898607,63.56723675103999,-34.03784485205392,0.7027805449167358,1.6739172336626464,-0.9711366887459106
PH_vs_Huber,III,278,2,1,PatchHuber,Huber,25.64256370196356,63.41791607568409,-37.77535237372053,0.6476880671418387,1.6552950302839025,-1.0076069631420639
PH_vs_Huber,III,279,2,1,PatchHuber,Huber,25.712105090195376,63.86269923657614,-38.15059414638077,0.7004433195796986,1.7943717053586088,-1.0939283857789102
PH_vs_Huber,III,280,2,1,PatchHuber,Huber,25.541496614393456,62.262709574300736,-36.72121295990728,0.815375146322092,1.7477651398171197,-0.9323899934950277
PH_vs_Huber,III,281,2,1,PatchHuber,Huber,23.802849261554613,62.15774497917234,-38.35489571761773,0.8205383549221692,1.8373171609606456,-1.0167788060384764
PH_vs_Huber,III,282,2,1,PatchHuber,Huber,22.339434703059418,61.22101832459355,-38.88158362153413,0.609258143330293,1.8939105948918389,-1.2846524515615458
PH_vs_Huber,III,283,2,1,PatchHuber,Huber,23.447707503498403,60.68257528941033,-37.23486778591193,0.5111626364287568,1.6169815781776444,-1.1058189417488875
PH_vs_Huber,III,284,2,1,PatchHuber,Huber,21.76437282454643,61.66645721326384,-39.90208438871741,0.7305360969706052,1.7551658868241309,-1.0246297898535257
PH_vs_Huber,III,285,2,1,PatchHuber,Huber,22.678247307615763,61.959482369186254,-39.28123506157049,0.6813474157599285,1.7858482343575184,-1.10450081859759
PH_vs_Huber,III,286,2,1,PatchHuber,Huber,21.771298741404298,61.15030538124744,-39.37900663984314,0.5572976220254802,1.8656150764442812,-1.308317454418801
PH_vs_Huber,III,287,2,1,PatchHuber,Huber,20.378806638908525,60.7804364192826,-40.40162978037408,0.6888740441025766,1.6470473901488791,-0.9581733460463026
PH_vs_Huber,III,288,2,1,PatchHuber,Huber,18.922797762947344,60.52344237000186,-41.60064460705452,0.6959730954404393,1.6545168911591557,-0.9585437957187164
PH_vs_Huber,III,289,2,1,PatchHuber,Huber,20.48579946639038,60.75982557193437,-40.274026105543996,0.7730014298498119,1.8538398367008169,-1.0808384068510049
PH_vs_Huber,III,290,2,1,PatchHuber,Huber,19.305842425787024,59.85033719541909,-40.54449476963207,1.039734503758171,1.446583350661287,-0.4068488469031162
PH_vs_Huber,III,291,2,1,PatchHuber,Huber,19.05548132285766,60.43376563935862,-41.37828431650096,0.9667377935229028,1.630447662685451,-0.6637098691625481
PH_vs_Huber,III,292,2,1,PatchHuber,Huber,19.6557672207888,60.83192830009767,-41.17616107930887,0.9317261267367536,1.6426826293405716,-0.710956502603818
PH_vs_Huber,III,293,2,1,PatchHuber,Huber,18.79547208844228,60.40106961987393,-41.60559753143165,1.197135938217919,1.5064663732370749,-0.3093304350191559
PH_vs_Huber,III,294,2,1,PatchHuber,Huber,20.445649994150504,60.65727020521931,-40.211620211068805,1.236007110299068,1.5968771977741807,-0.36087008747511273
PH_vs_Huber,III,295,2,1,PatchHuber,Huber,15.860292432182124,60.58486165512089,-44.72456922293877,1.2172721099951145,1.6408955737518007,-0.42362346375668625
PH_vs_Huber,III,296,2,1,PatchHuber,Huber,15.174046159209452,60.25833254288393,-45.084286383674474,1.099235542719016,1.6550146660773497,-0.5557791233583338
PH_vs_Huber,III,297,2,1,PatchHuber,Huber,16.284709794674296,59.80826169446345,-43.523551899789155,1.406573170351803,1.6009512138989024,-0.19437804354709942
PH_vs_Huber,III,298,2,1,PatchHuber,Huber,16.079387721609912,60.28307470144125,-44.20368697983134,1.4675257587013486,1.5157514813204178,-0.04822572261906921
PH_vs_Huber,III,299,2,1,PatchHuber,Huber,18.524263229211325,59.80099209526843,-41.2767288660571,1.354652412947769,1.428577503631944,-0.07392509068417485
PH_vs_Huber,III,300,2,1,PatchHuber,Huber,18.26599127627681,59.41407254732307,-41.148081271046266,1.5856515468706107,1.4391982126609442,0.14645333420966655
PH_vs_Huber,III,301,2,1,PatchHuber,Huber,19.315962993768142,59.61113064319877,-40.295167649430624,1.4965233051176732,1.33428317179496,0.16224013332271325
PH_vs_Huber,III,302,2,1,PatchHuber,Huber,15.525287408907422,59.036226480725375,-43.51093907181795,1.362256119894928,1.395762260547928,-0.03350614065300017
PH_vs_Huber,III,303,2,1,PatchHuber,Huber,17.729469069829662,59.52218265127716,-41.7927135814475,1.463450416020723,1.411042067462007,0.0524083485587159
PH_vs_Huber,III,304,3,1,PatchHuber,Huber,15.547114072831269,58.47638098652914,-42.92926691369787,1.8036252235484809,1.1046010204774048,0.699024203071076
PH_vs_Huber,III,305,3,1,PatchHuber,Huber,18.194647369491936,58.04160110767468,-39.84695373818275,1.5769475899644585,1.1348359926200584,0.4421115973444001
PH_vs_Huber,III,306,3,1,PatchHuber,Huber,17.246419426255386,58.14370785339835,-40.89728842714296,1.732525011135248,1.2293989770089666,0.5031260341262813
PH_vs_Huber,III,307,3,1,PatchHuber,Huber,17.641131165440807,58.69136329033901,-41.0502321248982,1.6217592031988604,1.177147716646728,0.44461148655213245
PH_vs_Huber,III,308,3,1,PatchHuber,Huber,19.19225373605272,58.7568281561047,-39.56457442005198,1.7409512520684378,1.219415642904567,0.5215356091638708
PH_vs_Huber,III,309,3,1,PatchHuber,Huber,18.353128605364088,58.56724893156591,-40.21412032620182,1.7361694649995645,1.1236272800397642,0.6125421849598003
PH_vs_Huber,III,310,3,1,PatchHuber,Huber,19.92934929087711,58.51348018362564,-38.58413089274853,1.6008616703779142,1.2525344962556664,0.3483271741222478
PH_vs_Huber,III,311,3,1,PatchHuber,Huber,19.02800465130443,57.30890043413738,-38.28089578283295,2.186748133865315,0.9378323508243628,1.2489157830409523
PH_vs_Huber,III,312,3,1,PatchHuber,Huber,18.1998587842956,56.427830417827735,-38.227971633532135,2.763531718144124,0.8541823275102443,1.9093493906338799
PH_vs_Huber,III,313,3,1,PatchHuber,Huber,17.33196931251275,55.41234763759329,-38.080378325080545,2.8163245716683742,0.7396395358219399,2.0766850358464346
PH_vs_Huber,III,314,3,1,PatchHuber,Huber,18.663534688642645,55.36572105295461,-36.70218636431197,2.741752760083156,0.8068965394214601,1.934856220661696
PH_vs_Huber,III,315,3,1,PatchHuber,Huber,18.58114485968665,54.82770880230412,-36.24656394261747,2.308157588435509,0.747855251900642,1.5603023365348667
PH_vs_Huber,III,316,3,1,PatchHuber,Huber,21.016540513863703,55.826846069000815,-34.81030555513711,2.248100962969467,0.8885002765259202,1.3596006864435466
PH_vs_Huber,III,317,3,1,PatchHuber,Huber,21.44557934609679,54.75915081721401,-33.313571471117214,2.451746349582744,0.8740391412350738,1.5777072083476704
PH_vs_Huber,III,318,3,1,PatchHuber,Huber,20.939304906800736,55.890951830742615,-34.95164692394188,2.4207101008050658,0.9576950252655482,1.4630150755395177
PH_vs_Huber,III,319,3,1,PatchHuber,Huber,19.80548028243009,55.39730676970621,-35.59182648727612,2.2842269043405112,0.930808158687356,1.3534187456531552
PH_vs_Huber,III,320,3,1,PatchHuber,Huber,20.98666665382969,55.87658334590184,-34.88991669207215,2.2286247710165035,1.0226308420361487,1.2059939289803547
PH_vs_Huber,III,321,3,1,PatchHuber,Huber,21.823583034759096,55.988054430158925,-34.16447139539983,2.1741440118599145,1.0258996213343594,1.148244390525555
PH_vs_Huber,III,322,3,1,PatchHuber,Huber,20.780765807493985,56.12223587709404,-35.34147006960006,1.9533566002761609,0.9610986959907998,0.9922579042853611
PH_vs_Huber,III,323,3,1,PatchHuber,Huber,19.345224167885696,56.3928074090962,-37.0475832412105,1.8256966539729265,1.0491274139600624,0.7765692400128641
PH_vs_Huber,III,324,3,1,PatchHuber,Huber,19.16318664542093,56.99493498033728,-37.83174833491635,1.6255821597191848,1.090019488360295,0.5355626713588899
PH_vs_Huber,III,325,3,1,PatchHuber,Huber,21.238014677055165,57.48407751733544,-36.246062840280274,1.6883331175385652,1.054988372517122,0.6333447450214431
PH_vs_Huber,III,326,3,1,PatchHuber,Huber,20.42782716639656,57.68446759632367,-37.25664042992711,1.5170277294603258,1.089853097224483,0.42717463223584273
PH_vs_Huber,III,327,3,1,PatchHuber,Huber,24.63026577040768,57.44537971465199,-32.81511394424432,1.359580069556255,1.100000935468617,0.2595791340876379
PH_vs_Huber,III,328,3,1,PatchHuber,Huber,23.762164821011872,57.59268803200286,-33.83052321099099,1.4552685046196447,0.961937484219378,0.4933310204002668
PH_vs_Huber,III,329,3,1,PatchHuber,Huber,22.149920435401995,56.85959346637655,-34.70967303097456,1.7426476284400647,0.9590646909972214,0.7835829374428434
PH_vs_Huber,III,330,3,1,PatchHuber,Huber,21.79007870998994,56.417895073199126,-34.62781636320919,1.6283226792318763,0.9301907723635632,0.6981319068683132
PH_vs_Huber,III,331,3,1,PatchHuber,Huber,20.93265560411985,56.424525923488645,-35.49187031936879,1.5778699708024957,0.9390124597889984,0.6388575110134973
PH_vs_Huber,III,332,3,1,PatchHuber,Huber,21.37017282229656,55.97881970321072,-34.60864688091416,1.6663099605583649,0.8467978980494921,0.8195120625088728
PH_vs_Huber,III,333,3,1,PatchHuber,Huber,23.94635203321833,56.79298546768752,-32.8466334344692,1.630323592097686,0.9220948202777768,0.7082287718199092
PH_vs_Huber,III,334,3,1,PatchHuber,Huber,21.1391903486857,56.89421090742353,-35.755020558737826,1.731868214040062,0.8537137456140365,0.8781544684260256
PH_vs_Huber,III,335,3,1,PatchHuber,Huber,21.657864925118595,57.042273023238494,-35.3844080981199,1.5435381964937889,0.9639758240591434,0.5795623724346455
PH_vs_Huber,III,336,3,1,PatchHuber,Huber,21.39705534515672,56.02401205287232,-34.62695670771561,1.5123374895685782,0.8498398319055878,0.6624976576629904
PH_vs_Huber,III,337,3,1,PatchHuber,Huber,19.32652558030943,57.60281986492935,-38.27629428461992,1.4358491963497315,0.9770916376156996,0.4587575587340319
PH_vs_Huber,III,338,3,1,PatchHuber,Huber,19.40286228084905,56.709998541645575,-37.307136260796526,1.5410034894801932,1.0631628121636107,0.4778406773165824
PH_vs_Huber,III,339,3,1,PatchHuber,Huber,19.064968500101703,56.697182115341576,-37.63221361523988,1.5846967700355303,0.9383771757669924,0.6463195942685379
PH_vs_Huber,III,340,3,1,PatchHuber,Huber,21.03791494056071,57.219137800316375,-36.181222859755664,1.5075283209369883,0.9833745777566182,0.5241537431803701
PH_vs_Huber,III,341,3,1,PatchHuber,Huber,18.995801108190022,57.11922497002856,-38.12342386183854,1.358434201160872,0.9558667387556152,0.40256746240525687
PH_vs_Huber,III,342,3,1,PatchHuber,Huber,16.104311479954962,56.35786150767209,-40.253550027717125,1.5708776058274403,0.9654209367791156,0.6054566690483247
PH_vs_Huber,III,343,3,1,PatchHuber,Huber,18.173709146557524,56.71060629763398,-38.53689715107646,1.4872413588232962,1.0039900920987097,0.4832512667245865
PH_vs_Huber,III,344,3,1,PatchHuber,Huber,14.448743177352696,56.57804865151391,-42.129305474161214,1.6923845005860416,1.0407131437473889,0.6516713568386527
PH_vs_Huber,III,345,3,1,PatchHuber,Huber,16.84925752234036,56.85626528240092,-40.00700776006056,1.5761565045870964,0.9820891888065352,0.5940673157805613
PH_vs_Huber,III,346,3,1,PatchHuber,Huber,14.072202778216758,56.376956209448025,-42.30475343123127,1.7340712068373494,0.9460387806190544,0.788032426218295
PH_vs_Huber,III,347,3,1,PatchHuber,Huber,15.590103665332569,54.72057467486584,-39.13047100953327,1.543157537989905,0.91157504215117,0.6315824958387349
PH_vs_Huber,III,348,3,1,PatchHuber,Huber,15.78281667430645,53.59491802556792,-37.812101351261475,1.4664422755340152,1.0305920577020709,0.43585021783194433
PH_vs_Huber,III,349,3,1,PatchHuber,Huber,13.858521776968946,54.84839005924364,-40.9898682822747,1.6956641820703184,1.0369202560758233,0.6587439259944952
PH_vs_Huber,III,350,3,1,PatchHuber,Huber,9.535459488482172,54.40368813925837,-44.8682286507762,1.943119090151422,1.078638296006698,0.8644807941447239
PH_vs_Huber,III,351,3,1,PatchHuber,Huber,13.32084439854062,54.81897265576635,-41.49812825722573,1.5342887517034598,1.1187681708173969,0.4155205808860629
PH_vs_Huber,III,352,3,1,PatchHuber,Huber,13.777262081519908,54.69533371735736,-40.91807163583745,1.2940255033062165,1.0799044505813442,0.21412105272487225
PH_vs_Huber,III,353,3,1,PatchHuber,Huber,14.936119134825663,53.762964057002776,-38.826844922177116,1.558367237698591,1.017427974124424,0.540939263574167
PH_vs_Huber,III,354,4,1,PatchHuber,Huber,13.06535225951184,53.33045744747917,-40.26510518796733,1.693014818980426,1.0554097301532832,0.6376050888271427
PH_vs_Huber,III,355,4,1,PatchHuber,Huber,13.584665789327556,52.796445652516304,-39.21177986318875,1.5121998334726685,1.038144469433706,0.4740553640389624
PH_vs_Huber,III,356,4,1,PatchHuber,Huber,11.435635522126136,52.29188462812633,-40.8562491060002,1.6730683357913112,1.1686684961972122,0.504399839594099
PH_vs_Huber,III,357,4,1,PatchHuber,Huber,12.52744242752942,51.4701486174625,-38.94270618993308,1.6779869586645828,1.0342925595115335,0.6436943991530493
PH_vs_Huber,III,358,4,1,PatchHuber,Huber,12.430131634804598,52.09105965634379,-39.66092802153919,1.4414666772039328,1.0378580283898935,0.40360864881403935
PH_vs_Huber,III,359,4,1,PatchHuber,Huber,14.588270664217234,52.72004799043189,-38.13177732621465,1.6782650439410087,1.029249242615926,0.6490158013250826
PH_vs_Huber,III,360,4,1,PatchHuber,Huber,16.322864571158902,52.2754708860193,-35.9526063148604,1.4156424482063004,1.0428952980863628,0.37274715011993753
PH_vs_Huber,III,361,4,1,PatchHuber,Huber,15.071736091780116,52.859260231880135,-37.78752414010002,1.7366791686681722,1.0825776767029736,0.6541014919651986
PH_vs_Huber,III,362,4,1,PatchHuber,Huber,17.564967128900655,52.99243254995181,-35.42746542105115,1.7172630714314052,1.0106790684081604,0.7065840030232449
PH_vs_Huber,III,363,4,1,PatchHuber,Huber,15.972558821702211,53.59924237627982,-37.62668355457761,1.7022959236290218,1.1354579726861238,0.566837950942898
PH_vs_Huber,III,364,4,1,PatchHuber,Huber,16.35305954549745,53.24715580365082,-36.89409625815337,1.9727599274733767,1.051892268348946,0.9208676591244307
PH_vs_Huber,III,365,4,1,PatchHuber,Huber,15.75144970080564,52.482767626129096,-36.73131792532345,2.07861574333592,0.9350222961045592,1.143593447231361
PH_vs_Huber,III,366,4,1,PatchHuber,Huber,14.451657847464404,52.67327341702429,-38.22161556955989,2.1043940149707603,0.9660390323145192,1.1383549826562411
PH_vs_Huber,III,367,4,1,PatchHuber,Huber,15.636544661337153,52.26800116447442,-36.631456503137265,2.2105806745559407,0.9205783225003192,1.2900023520556214
PH_vs_Huber,III,368,4,1,PatchHuber,Huber,16.281405523475495,52.97070475020029,-36.6892992267248,2.2837989031064265,0.8752836462384728,1.4085152568679538
PH_vs_Huber,III,369,4,1,PatchHuber,Huber,13.729462393862804,52.94305882233306,-39.213596428470254,2.334351536146369,0.7605754173808634,1.5737761187655055
PH_vs_Huber,III,370,4,1,PatchHuber,Huber,17.01853702678951,52.49853355221959,-35.47999652543008,2.3135615762742625,0.8499694615386583,1.4635921147356044
PH_vs_Huber,III,371,4,1,PatchHuber,Huber,16.518081769654618,50.925869373961575,-34.40778760430696,2.420439220827165,0.8739639783795878,1.5464752424475772
PH_vs_Huber,III,372,4,1,PatchHuber,Huber,15.177606818069432,50.971382394709146,-35.79377557663972,2.3158419335771963,0.8640450570725722,1.451796876504624
PH_vs_Huber,III,373,4,1,PatchHuber,Huber,15.21519686446171,50.55820500967653,-35.34300814521482,2.2271110908563907,1.0551378968402505,1.1719731940161402
PH_vs_Huber,III,374,4,1,PatchHuber,Huber,16.170461425878806,49.10306234198931,-32.9326009161105,2.3118727484141712,0.9084605158336204,1.4034122325805507
PH_vs_Huber,III,375,4,1,PatchHuber,Huber,17.23133566486514,48.79548249735754,-31.5641468324924,2.273783345594539,0.9769936451578966,1.2967897004366424
PH_vs_Huber,III,376,4,1,PatchHuber,Huber,18.146176362298903,48.13250604037584,-29.986329678076935,2.223072445952244,1.0314565201335,1.1916159258187442
PH_vs_Huber,III,377,4,1,PatchHuber,Huber,21.59922156702077,47.33258893171552,-25.73336736469475,2.390422843298422,0.8378552571673866,1.552567586131035
PH_vs_Huber,III,378,4,1,PatchHuber,Huber,20.572496133645483,46.0099357210323,-25.437439587386816,2.3585109001785542,0.9297300981907012,1.4287808019878532
PH_vs_Huber,III,379,4,1,PatchHuber,Huber,20.34209023082957,45.55362394619216,-25.21153371536259,2.518174343469842,0.9212936203349926,1.5968807231348494
PH_vs_Huber,III,380,4,1,PatchHuber,Huber,21.015215305292926,43.83071208051865,-22.815496775225725,2.485499090395892,0.83189455791488,1.653604532481012
PH_vs_Huber,III,381,4,1,PatchHuber,Huber,19.77472594879466,43.482133918409005,-23.707407969614344,2.325630644643397,1.0084840526533505,1.3171465919900467
PH_vs_Huber,III,382,4,1,PatchHuber,Huber,22.22744519963944,41.82012659622548,-19.592681396586038,2.4553082522916374,0.9342548609974616,1.521053391294176
PH_vs_Huber,III,383,4,1,PatchHuber,Huber,22.145699918470868,40.43486692586405,-18.289167007393182,2.1510597115109107,1.2506709113293346,0.9003888001815761
PH_vs_Huber,III,384,4,1,PatchHuber,Huber,23.119806393916136,39.82838838890775,-16.70858199499161,2.087611996234196,1.1280042874367644,0.9596077087974315
PH_vs_Huber,III,385,4,1,PatchHuber,Huber,26.254443649500523,38.87779518015291,-12.623351530652386,2.2223456917169457,0.9404400743188936,1.281905617398052
PH_vs_Huber,III,386,4,1,PatchHuber,Huber,27.38879216013862,38.6911556377432,-11.30236347760458,2.1908474985246134,0.8191904452259605,1.371657053298653
PH_vs_Huber,III,387,4,1,PatchHuber,Huber,29.897885015320877,38.60574604995541,-8.70786103463453,2.387441424159432,0.6433220456352597,1.7441193785241722
PH_vs_Huber,III,388,4,1,PatchHuber,Huber,30.924540662866995,38.63045879156308,-7.705918128696084,2.1073793924298942,0.5881256537749094,1.5192537386549847
PH_vs_Huber,III,389,4,1,PatchHuber,Huber,31.716407304539903,37.6966624945155,-5.980255189975598,2.0544915121231586,0.4476044907937245,1.6068870213294342
PH_vs_Huber,III,390,4,1,PatchHuber,Huber,32.19458455669096,37.93260438182809,-5.73801982513713,1.909085919856537,0.4849243346514961,1.424161585205041
PH_vs_Huber,III,391,4,1,PatchHuber,Huber,31.546185412520813,38.942239861565824,-7.39605444904501,1.8767573835763736,0.5038063380127601,1.3729510455636134
PH_vs_Huber,III,392,4,1,PatchHuber,Huber,31.868275199559967,38.38399918958129,-6.515723990021321,2.011283639766642,0.4821305438510915,1.5291530959155506
PH_vs_Huber,III,393,4,1,PatchHuber,Huber,30.61828050116196,38.27560009430441,-7.65731959314245,1.799262480125995,0.4124656609180778,1.3867968192079174
PH_vs_Huber,III,394,4,1,PatchHuber,Huber,30.19250322096186,40.03639941079437,-9.843896189832506,1.7072865222317295,0.4684055652605474,1.238880956971182
PH_vs_Huber,III,395,4,1,PatchHuber,Huber,28.329373234222828,40.788628371109816,-12.459255136886988,1.6037380664777283,0.5060226073629855,1.0977154591147427
PH_vs_Huber,III,396,4,1,PatchHuber,Huber,28.51017314275919,41.22032817854835,-12.71015503578916,1.6138256685057164,0.507450373053783,1.1063752954519335
PH_vs_Huber,III,397,4,1,PatchHuber,Huber,28.1026196648398,41.62405677617047,-13.52143711133067,1.6025798261729596,0.4880260408597492,1.1145537853132104
PH_vs_Huber,III,398,4,1,PatchHuber,Huber,28.019951049399584,42.02486275323262,-14.004911703833034,1.5682524400215814,0.4084166888740682,1.1598357511475132
PH_vs_Huber,III,399,4,1,PatchHuber,Huber,27.93471825936823,42.1416439222318,-14.206925662863572,1.3803556962266288,0.5120552119971499,0.8683004842294789
PH_vs_Huber,III,400,4,1,PatchHuber,Huber,27.253329964810646,42.9970080368982,-15.743678072087555,1.4388018678594845,0.4949495948839364,0.9438522729755481
PH_vs_Huber,III,401,4,1,PatchHuber,Huber,25.887976323007173,43.05078975362154,-17.162813430614364,1.3385633674979789,0.4604281680892123,0.8781351994087666
PH_vs_Huber,III,402,4,1,PatchHuber,Huber,26.60911458232968,42.812961051564095,-16.203846469234414,1.3242853016650369,0.5088988599336325,0.8153864417314044
PH_vs_Huber,III,403,4,1,PatchHuber,Huber,25.51961288535319,43.39913581825095,-17.879522932897757,1.288195686271273,0.4343087496850734,0.8538869365861995
PH_vs_Huber,III,404,5,1,PatchHuber,Huber,26.1613129825442,43.40339944378293,-17.24208646123873,1.461373547154625,0.5465029894359493,0.9148705577186756
PH_vs_Huber,III,405,5,1,PatchHuber,Huber,25.52409935226809,43.80228106440231,-18.278181712134216,1.4072641807680766,0.5209941493955474,0.8862700313725291
PH_vs_Huber,III,406,5,1,PatchHuber,Huber,26.420734472024343,43.8582046855261,-17.437470213501754,1.2947685498919754,0.5824358734898655,0.71233267640211
PH_vs_Huber,III,407,5,1,PatchHuber,Huber,24.662338814583904,44.38910352020751,-19.72676470562361,1.5002875861798128,0.5523180505164943,0.9479695356633185
PH_vs_Huber,III,408,5,1,PatchHuber,Huber,25.755334607556197,44.31421511011527,-18.558880502559074,1.435164948551379,0.5898300906649288,0.8453348578864504
PH_vs_Huber,III,409,5,1,PatchHuber,Huber,24.97193172293579,44.25567863964937,-19.28374691671358,1.1640525371749593,0.5267604260736813,0.6372921111012779
PH_vs_Huber,III,410,5,1,PatchHuber,Huber,23.99731970033704,45.03228157906845,-21.034961878731412,1.3020399451226523,0.6929390132054644,0.609100931917188
PH_vs_Huber,III,411,5,1,PatchHuber,Huber,23.984394175557263,45.92726851712018,-21.94287434156292,1.1976467990901127,0.6026003449011241,0.5950464541889886
PH_vs_Huber,III,412,5,1,PatchHuber,Huber,22.68880780147918,46.88336055403518,-24.194552752556,1.3404473177990437,0.7054641369070453,0.6349831808919983
PH_vs_Huber,III,413,5,1,PatchHuber,Huber,22.69715883069388,47.39630308185511,-24.69914425116123,1.0977396211609989,0.6259749339421445,0.47176468721885434
PH_vs_Huber,III,414,5,1,PatchHuber,Huber,23.282020457680694,46.99648017733035,-23.714459719649653,1.1881975222303611,0.6156078590872152,0.572589663143146
PH_vs_Huber,III,415,5,1,PatchHuber,Huber,22.525690104404323,47.1986715089316,-24.672981404527274,1.3171809036052895,0.7591525823244895,0.5580283212808
PH_vs_Huber,III,416,5,1,PatchHuber,Huber,24.248864512950664,47.84225488899345,-23.593390376042787,1.240414284661628,0.6704855033279201,0.5699287813337078
PH_vs_Huber,III,417,5,1,PatchHuber,Huber,22.75885350294105,47.6639701917293,-24.905116688788247,1.2983422630238353,0.6821867658698986,0.6161554971539367
PH_vs_Huber,III,418,5,1,PatchHuber,Huber,23.673410838667312,46.95347101441714,-23.280060175749828,1.1542117344596072,0.7627106079346907,0.39150112652491653
PH_vs_Huber,III,419,5,1,PatchHuber,Huber,22.599410398931344,47.064997494462375,-24.46558709553103,1.1433449556707675,0.6962153164031946,0.447129639267573
PH_vs_Huber,III,420,5,1,PatchHuber,Huber,24.590090528688197,45.54052547264906,-20.95043494396086,1.1642311732342,0.8711043914928708,0.2931267817413291
PH_vs_Huber,III,421,5,1,PatchHuber,Huber,23.90185816723441,45.92880666134235,-22.02694849410794,1.0118017499448255,0.9690850519277944,0.04271669801703115
PH_vs_Huber,III,422,5,1,PatchHuber,Huber,23.41048650419347,46.01139592852512,-22.600909424331647,1.1005952955902585,0.6924552152751758,0.40814008031508264
PH_vs_Huber,III,423,5,1,PatchHuber,Huber,23.61496506223949,45.931013107233866,-22.316048044994375,0.990083726871282,0.8834344397991549,0.10664928707212706
PH_vs_Huber,III,424,5,1,PatchHuber,Huber,23.538719110874958,45.78779973012112,-22.249080619246165,1.162460664677256,0.8593469352400407,0.30311372943721526
PH_vs_Huber,III,425,5,1,PatchHuber,Huber,24.664386018500323,45.37790091020949,-20.713514891709167,1.015775286478755,0.9467823534379688,0.06899293304078624
PH_vs_Huber,III,426,5,1,PatchHuber,Huber,23.955829554129625,44.333550176156926,-20.3777206220273,1.122171224039892,0.9303818175116676,0.1917894065282244
PH_vs_Huber,III,427,5,1,PatchHuber,Huber,24.37265751070276,45.09179419294407,-20.719136682241313,0.9805425293347364,0.8879120456375742,0.0926304836971622
PH_vs_Huber,III,428,5,1,PatchHuber,Huber,24.44565216946702,45.22445690502722,-20.778804735560197,0.9447125254612948,1.0300976627067149,-0.08538513724542007
PH_vs_Huber,III,429,5,1,PatchHuber,Huber,24.17943117962314,44.90362956061728,-20.724198380994142,0.8425056298970341,0.994893395755329,-0.15238776585829483
PH_vs_Huber,III,430,5,1,PatchHuber,Huber,25.46782456142552,44.83203522649213,-19.36421066506661,0.9123516469688004,0.9402515582282384,-0.027899911259437915
PH_vs_Huber,III,431,5,1,PatchHuber,Huber,24.68388772656755,43.86905420941964,-19.185166482852086,0.7858811530515667,1.0541783250602996,-0.26829717200873293
PH_vs_Huber,III,432,5,1,PatchHuber,Huber,25.31553521040592,44.38783701666067,-19.07230180625475,0.6797801037759544,1.075575142469592,-0.39579503869363764
PH_vs_Huber,III,433,5,1,PatchHuber,Huber,26.61167196235401,43.322556618950536,-16.710884656596527,1.031395619166021,1.1648656003170144,-0.1334699811509934
PH_vs_Huber,III,434,5,1,PatchHuber,Huber,26.915802375032825,42.6126315057588,-15.696829130725973,0.8682837569520763,0.9149090543887471,-0.046625297436670876
PH_vs_Huber,III,435,5,1,PatchHuber,Huber,28.256559766602773,42.67258527876764,-14.416025512164868,0.9076751755084158,1.1076025636533533,-0.1999273881449375
PH_vs_Huber,III,436,5,1,PatchHuber,Huber,27.762383627123015,41.727001093813,-13.964617466689987,0.7152269675239656,1.0232167519928057,-0.30798978446884007
PH_vs_Huber,III,437,5,1,PatchHuber,Huber,28.61577503847819,40.47711888645702,-11.86134384797883,0.9192337127055116,1.0143126214149645,-0.0950789087094529
PH_vs_Huber,III,438,5,1,PatchHuber,Huber,28.153150033268453,40.84963556944198,-12.696485536173526,0.7065505549480706,0.9756474990019935,-0.2690969440539229
PH_vs_Huber,III,439,5,1,PatchHuber,Huber,27.98117978107934,40.25338941488012,-12.272209633800777,0.9202779020612128,0.9928002341673708,-0.072522332106158
PH_vs_Huber,III,440,5,1,PatchHuber,Huber,29.21684858789725,39.92627361282244,-10.709425024925192,0.940648076269768,0.9632138071397864,-0.022565730870018452
PH_vs_Huber,III,441,5,1,PatchHuber,Huber,28.77052314589581,39.736646607740425,-10.966123461844614,1.073548624068814,1.0103181791264555,0.06323044494235841
PH_vs_Huber,III,442,5,1,PatchHuber,Huber,30.365354640556287,38.26610242110635,-7.900747780550066,0.9465687132677364,1.19806923304429,-0.2515005197765535
PH_vs_Huber,III,443,5,1,PatchHuber,Huber,30.94694042368626,38.65435422416631,-7.707413800480051,0.7441010289542771,0.9612557650267434,-0.21715473607246627
PH_vs_Huber,III,444,5,1,PatchHuber,Huber,31.222168781792004,39.55804206618752,-8.335873284395515,0.8932872870739726,0.8691420545654923,0.02414523250848033
PH_vs_Huber,III,445,5,1,PatchHuber,Huber,30.690383928130743,38.492866257404806,-7.8024823292740635,0.6281500566166114,0.9389306335106689,-0.31078057689405747
PH_vs_Huber,III,446,5,1,PatchHuber,Huber,31.755128173922543,37.63758515762205,-5.882456983699505,0.7037330638507748,0.9976726176308542,-0.2939395537800794
PH_vs_Huber,III,447,5,1,PatchHuber,Huber,32.80107501603463,36.99566781542999,-4.194592799395359,0.5918376626426003,0.88279317948769,-0.2909555168450897
PH_vs_Huber,III,448,5,1,PatchHuber,Huber,32.66311281245765,36.70039857554109,-4.037285763083439,0.6208845125516704,0.7942850103135938,-0.17340049776192334
PH_vs_Huber,III,449,5,1,PatchHuber,Huber,32.82199581606907,38.90227608589894,-6.080280269829871,0.5550941615944414,0.8833155405977157,-0.3282213790032743
PH_vs_Huber,III,450,5,1,PatchHuber,Huber,34.768561854996605,38.79020598176195,-4.021644126765345,0.8489854766124962,0.8720690044930686,-0.02308352788057233
PH_vs_Huber,III,451,5,1,PatchHuber,Huber,34.270467642164064,38.92178848221221,-4.651320840048143,0.7837630264329869,0.769248454723526,0.01451457170946091
PH_vs_Huber,III,452,5,1,PatchHuber,Huber,35.25605356748482,39.78511433638649,-4.529060768901672,0.7690722033494432,0.8403009615983642,-0.07122875824892105
PH_vs_Huber,III,453,5,1,PatchHuber,Huber,35.476592428204306,39.42798330151452,-3.951390873310217,0.6528795338218155,0.7490595330742305,-0.09617999925241494
PH_vs_Huber,III,454,6,1,PatchHuber,Huber,35.036133187039646,40.0691629496316,-5.033029762591951,0.7219770878514057,0.7846928957032193,-0.06271580785181363
PH_vs_Huber,III,455,6,1,PatchHuber,Huber,37.0406174530097,40.01605033527657,-2.9754328822668654,0.5893481033719946,0.893662337902752,-0.30431423453075734
PH_vs_Huber,III,456,6,1,PatchHuber,Huber,36.836260398911264,41.28727820224275,-4.451017803331489,0.6670920126019156,0.9038623346268704,-0.23677032202495474
PH_vs_Huber,III,457,6,1,PatchHuber,Huber,37.06528522715268,41.78749451240924,-4.722209285256561,0.8112065495403773,0.8749431438952768,-0.06373659435489953
PH_vs_Huber,III,458,6,1,PatchHuber,Huber,36.396821188022805,41.94199195556401,-5.545170767541208,0.88889902098253,0.9122164332830432,-0.023317412300513207
PH_vs_Huber,III,459,6,1,PatchHuber,Huber,36.70485744444812,41.79485990479146,-5.090002460343335,0.7479773101934837,0.9037892885255576,-0.15581197833207394
PH_vs_Huber,III,460,6,1,PatchHuber,Huber,36.39342441192417,41.25727993545153,-4.863855523527356,0.8796227810544218,0.8420279752798069,0.03759480577461494
PH_vs_Huber,III,461,6,1,PatchHuber,Huber,35.13068913143653,41.73870108631543,-6.608011954878897,0.8090925947757663,0.9199111697962784,-0.11081857502051207
PH_vs_Huber,III,462,6,1,PatchHuber,Huber,35.25176885066547,41.39279213572649,-6.141023285061017,0.7923999872082952,0.9132178275188798,-0.12081784031058462
PH_vs_Huber,III,463,6,1,PatchHuber,Huber,34.62025722889549,41.531981127817645,-6.911723898922155,0.9657428886573736,0.8808744237336231,0.08486846492375044
PH_vs_Huber,III,464,6,1,PatchHuber,Huber,37.00825389367787,40.49456536345967,-3.4863114697818034,0.9738426910890104,0.8766440553453619,0.09719863574364851
PH_vs_Huber,III,465,6,1,PatchHuber,Huber,36.094387340950846,39.43198776737864,-3.337600426427791,1.1947904513112702,0.7755367208085626,0.41925373050270753
PH_vs_Huber,III,466,6,1,PatchHuber,Huber,38.66757716969727,39.40968296100567,-0.7421057913084042,0.9596304772972404,0.7888831425404325,0.17074733475680792
PH_vs_Huber,III,467,6,1,PatchHuber,Huber,40.16614887495996,39.237896611271694,0.9282522636882646,1.1800054613025357,0.947894768157686,0.23211069314484967
PH_vs_Huber,III,468,6,1,PatchHuber,Huber,40.55167149966244,38.30214030573953,2.2495311939229126,1.041937706128298,0.881988379311236,0.15994932681706198
PH_vs_Huber,III,469,6,1,PatchHuber,Huber,41.84351008839808,37.96533481073884,3.8781752776592384,1.196395095542677,0.9000716773486694,0.29632341819400754
PH_vs_Huber,III,470,6,1,PatchHuber,Huber,41.43108381300514,37.12750978092605,4.303574032079091,1.1931886071324456,0.8444481857578348,0.3487404213746108
PH_vs_Huber,III,471,6,1,PatchHuber,Huber,42.14029622780373,36.39856022624348,5.741736001560248,1.2369908929758937,0.8779915205421265,0.3589993724337672
PH_vs_Huber,III,472,6,1,PatchHuber,Huber,43.18908663918577,35.67436494287296,7.5147216963128045,1.3219339010465514,0.8839437487507162,0.43799015229583516
PH_vs_Huber,III,473,6,1,PatchHuber,Huber,42.92147599858468,35.549866710728075,7.371609287856607,1.2719369280239177,0.8570956333268612,0.41484129469705644
PH_vs_Huber,III,474,6,1,PatchHuber,Huber,42.44762499540224,36.31221460710228,6.135410388299967,1.2705978262451174,0.826174172736574,0.4444236535085434
PH_vs_Huber,III,475,6,1,PatchHuber,Huber,42.90634071833538,36.95918948322408,5.947151235111299,1.2246899159597413,0.8864372962320687,0.3382526197276726
PH_vs_Huber,III,476,6,1,PatchHuber,Huber,45.383524305092486,36.436752596992974,8.946771708099511,1.2447071347765646,0.7892814911505387,0.4554256436260259
PH_vs_Huber,III,477,6,1,PatchHuber,Huber,47.15692707477426,36.084001766028976,11.072925308745283,1.3590072308081285,0.9035565789174644,0.455450651890664
PH_vs_Huber,III,478,6,1,PatchHuber,Huber,48.72616888155653,36.58372010151558,12.14244878004095,1.355576636282331,0.7354294175921487,0.6201472186901822
PH_vs_Huber,III,479,6,1,PatchHuber,Huber,48.833783511508486,36.54199201336395,12.291791498144534,1.4546604964657357,0.8624862295616053,0.5921742669041304
PH_vs_Huber,III,480,6,1,PatchHuber,Huber,50.98661737220342,36.10593998846149,14.880677383741926,1.4078751701831622,0.9426183289679598,0.4652568412152024
PH_vs_Huber,III,481,6,1,PatchHuber,Huber,52.2861888201528,36.3078583331578,15.978330486994999,1.6431863637545427,0.9192228822992592,0.7239634814552836
PH_vs_Huber,III,482,6,1,PatchHuber,Huber,52.57888642845913,36.86550946500483,15.713376963454301,1.4773651942992594,0.8931844322344151,0.5841807620648443
PH_vs_Huber,III,483,6,1,PatchHuber,Huber,54.90637370936203,37.04066746274072,17.865706246621308,1.4791700993922796,0.926809599351858,0.5523605000404216
PH_vs_Huber,III,484,6,1,PatchHuber,Huber,55.71405045875375,36.7954656284608,18.91858483029295,1.5018282611846516,0.9083162606946392,0.5935120004900124
PH_vs_Huber,III,485,6,1,PatchHuber,Huber,56.28645212298356,36.73485386051546,19.551598262468104,1.749040245440204,0.9459715121650788,0.8030687332751253
PH_vs_Huber,III,486,6,1,PatchHuber,Huber,57.737212466126806,36.409416318798,21.327796147328804,1.5349984861100971,0.9339209560118694,0.6010775300982277
PH_vs_Huber,III,487,6,1,PatchHuber,Huber,55.80661514081096,35.36554880403763,20.441066336773332,1.654416167473201,0.893148655429032,0.761267512044169
PH_vs_Huber,III,488,6,1,PatchHuber,Huber,55.104822230502585,34.483420843640275,20.62140138686231,1.967383263988368,1.0270789338980693,0.9403043300902987
PH_vs_Huber,III,489,6,1,PatchHuber,Huber,56.15837354225834,35.51902133371182,20.63935220854652,1.9264643578446223,1.055070826612828,0.8713935312317944
PH_vs_Huber,III,490,6,1,PatchHuber,Huber,55.61628939021723,34.01260467897493,21.603684711242302,1.8723709954010053,1.0313314019508442,0.8410395934501611
PH_vs_Huber,III,491,6,1,PatchHuber,Huber,56.0123230064345,34.30694279421342,21.70538021222108,1.9260377473900248,1.0204200528402567,0.905617694549768
PH_vs_Huber,III,492,6,1,PatchHuber,Huber,54.90382359177864,35.43970352301192,19.464120068766718,2.155512129317733,1.0671060601082636,1.0884060692094693
PH_vs_Huber,III,493,6,1,PatchHuber,Huber,55.81885623042848,35.469065501618104,20.349790728810376,1.8852085232913047,1.0098244341865528,0.875384089104752
PH_vs_Huber,III,494,6,1,PatchHuber,Huber,56.00066580520068,35.08432868623777,20.916337118962915,1.99765623748899,1.0254020174463507,0.9722542200426392
PH_vs_Huber,III,495,6,1,PatchHuber,Huber,58.38732123569495,36.64513509923071,21.74218613646424,2.0954888792388693,1.0978931409741275,0.9975957382647418
PH_vs_Huber,III,496,6,1,PatchHuber,Huber,57.598683278365655,36.62126944943852,20.977413828927133,2.2231179409442365,1.0167304775836887,1.2063874633605478
PH_vs_Huber,III,497,6,1,PatchHuber,Huber,57.403686209535735,37.13686780346197,20.266818406073767,2.1769504057182125,1.1070529362292665,1.069897469488946
PH_vs_Huber,III,498,6,1,PatchHuber,Huber,60.048105027271774,37.8097776588329,22.238327368438874,2.356114528866544,1.0528397665729017,1.3032747622936425
PH_vs_Huber,III,499,6,1,PatchHuber,Huber,58.57088745218412,38.496132625081664,20.074754827102453,2.3213580056298984,1.116564014270722,1.2047939913591763
PH_vs_Huber,III,500,6,1,PatchHuber,Huber,56.50580497746766,36.31793119380248,20.187873783665182,2.152299371599178,1.0469504575392192,1.1053489140599586
PH_vs_Huber,III,501,6,1,PatchHuber,Huber,55.438459851786206,39.17483085551737,16.263628996268835,1.9870432019425828,1.1054335229185182,0.8816096790240646
PH_vs_Huber,III,502,6,1,PatchHuber,Huber,58.39782600955857,40.28783885061206,18.10998715894651,2.2185594798176687,1.0461621600779465,1.1723973197397222
PH_vs_Huber,III,503,6,1,PatchHuber,Huber,55.38942234915125,39.44175336583098,15.947668983320277,1.9279983834593388,1.0055132791068653,0.9224851043524736
PH_vs_Huber,III,504,7,1,PatchHuber,Huber,55.41987663546551,38.27818752100815,17.141689114457364,2.0864240000445533,1.050800453578295,1.0356235464662582
PH_vs_Huber,III,505,7,1,PatchHuber,Huber,53.543854226793016,37.72771446459669,15.816139762196329,1.95107411171894,1.017472954464672,0.9336011572542682
PH_vs_Huber,III,506,7,1,PatchHuber,Huber,52.03366250289644,37.21204610153736,14.82161640135908,2.0168402362542426,1.1823025393323658,0.8345376969218767
PH_vs_Huber,III,507,7,1,PatchHuber,Huber,49.68652825753543,39.35311645246176,10.333411805073666,1.80368862368264,1.0006299063075954,0.8030587173750445
PH_vs_Huber,III,508,7,1,PatchHuber,Huber,48.888404034807785,38.50269432703876,10.385709707769024,1.9184537748190715,1.0893152328255682,0.8291385419935033
PH_vs_Huber,III,509,7,1,PatchHuber,Huber,45.6010741320237,37.37358837618078,8.22748575584292,1.8913823175669613,1.1865953234183588,0.7047869941486025
PH_vs_Huber,III,510,7,1,PatchHuber,Huber,44.29937362990416,38.22490109171147,6.074472538192687,1.7111405417696628,1.0101670210402176,0.7009735207294452
PH_vs_Huber,III,511,7,1,PatchHuber,Huber,39.68880917526078,38.94119383901586,0.7476153362449196,1.4438249158669534,1.0383992199828784,0.40542569588407495
PH_vs_Huber,III,512,7,1,PatchHuber,Huber,38.59794264192082,38.18457630159224,0.41336634032857944,1.4260664806115837,0.9902514443217736,0.4358150362898101
PH_vs_Huber,III,513,7,1,PatchHuber,Huber,37.70865663349981,38.61673213671624,-0.9080755032164305,1.3073833610906145,0.8004373858201237,0.5069459752704908
PH_vs_Huber,III,514,7,1,PatchHuber,Huber,35.45308875028843,36.98084802831928,-1.5277592780308495,1.395797529538003,0.9591080320098392,0.4366894975281638
PH_vs_Huber,III,515,7,1,PatchHuber,Huber,33.31222063921652,37.26261915500876,-3.950398515792237,1.3311392384915524,0.8166127016744131,0.5145265368171392
PH_vs_Huber,III,516,7,1,PatchHuber,Huber,32.45929946543956,36.07219818315664,-3.61289871771708,1.364411623686965,0.7411866691925095,0.6232249544944555
PH_vs_Huber,III,517,7,1,PatchHuber,Huber,32.6127180500841,36.36455641904004,-3.7518383689559442,1.4127842752178594,0.7576552400485512,0.6551290351693082
PH_vs_Huber,III,518,7,1,PatchHuber,Huber,31.20844001112386,34.565330107985694,-3.356890096861836,1.3430125851864714,0.7191634537424162,0.6238491314440552
PH_vs_Huber,III,519,7,1,PatchHuber,Huber,34.72230120027716,34.49367059468322,0.2286306055939349,1.7035376551630517,0.889602064684115,0.8139355904789367
PH_vs_Huber,III,520,7,1,PatchHuber,Huber,34.73002425695299,33.992867389296215,0.7371568676567719,1.5746758818758333,0.8392861761059536,0.7353897057698797
PH_vs_Huber,III,521,7,1,PatchHuber,Huber,33.60888603218641,33.234997833928226,0.37388819825818587,1.6616051026976624,0.8647781975804391,0.7968269051172233
PH_vs_Huber,III,522,7,1,PatchHuber,Huber,36.34694067744186,31.865445298399,4.481495379042858,2.0102175821643904,0.8756988805194392,1.1345187016449512
PH_vs_Huber,III,523,7,1,PatchHuber,Huber,37.6361147612901,31.914105339672115,5.722009421617987,2.1178958663968683,0.8509344096008067,1.2669614567960616
PH_vs_Huber,III,524,7,1,PatchHuber,Huber,37.06706828503018,31.55259982781243,5.5144684572177525,2.2196251745127697,0.9279068649597813,1.2917183095529885
PH_vs_Huber,IV,216,0,0,PatchHuber,Huber,83.55532827450142,131.9190532623958,-48.363724987894386,3.144566894324688,3.4675278067057174,-0.32296091238102953
PH_vs_Huber,IV,217,0,0,PatchHuber,Huber,80.35005248781373,130.67526489874314,-50.32521241092941,2.598801549304205,2.695283364938377,-0.09648181563417202
PH_vs_Huber,IV,218,0,0,PatchHuber,Huber,83.61419623784458,135.1293641648002,-51.51516792695561,3.397420414011978,3.636744951270188,-0.23932453725821023
PH_vs_Huber,IV,219,0,0,PatchHuber,Huber,83.40719599977182,135.03560587855637,-51.62840987878455,3.2692990170084584,3.208773626870218,0.06052539013824054
PH_vs_Huber,IV,220,0,0,PatchHuber,Huber,86.26494465419111,137.9271070012999,-51.66216234710879,3.992501170779997,3.868690516347133,0.1238106544328641
PH_vs_Huber,IV,221,0,0,PatchHuber,Huber,91.0587357396938,135.7266690587718,-44.66793331907799,3.47602274590939,3.3271967962093303,0.1488259497000599
PH_vs_Huber,IV,222,0,0,PatchHuber,Huber,99.83685667049971,140.92105735022582,-41.08420067972611,3.894324281784087,3.989510489335368,-0.09518620755128104
PH_vs_Huber,IV,223,0,0,PatchHuber,Huber,101.79159461081686,142.57360294501817,-40.78200833420131,3.1317523369257527,3.5340315614650355,-0.4022792245392828
PH_vs_Huber,IV,224,0,0,PatchHuber,Huber,100.62411286688732,140.10263580687905,-39.478522939991734,3.165153183037407,3.563379269989845,-0.3982260869524379
PH_vs_Huber,IV,225,0,0,PatchHuber,Huber,102.18882029584591,140.22693348899978,-38.03811319315386,3.295293220403559,3.4050580755881925,-0.10976485518463353
PH_vs_Huber,IV,226,0,0,PatchHuber,Huber,106.1505792587134,143.5114987348704,-37.360919476156994,3.7241800163449335,3.896508610414823,-0.17232859406988954
PH_vs_Huber,IV,227,0,0,PatchHuber,Huber,103.063832559144,140.86233260288589,-37.79850004374188,3.194189728789238,3.1429714956152486,0.051218233173989436
PH_vs_Huber,IV,228,0,0,PatchHuber,Huber,101.90579874104284,142.65741307444176,-40.75161433339892,3.3259711514218253,3.5649215950883857,-0.23895044366656037
PH_vs_Huber,IV,229,0,0,PatchHuber,Huber,100.14439262888932,144.57004182169794,-44.42564919280862,3.6036145597813887,3.887876509544408,-0.2842619497630192
PH_vs_Huber,IV,230,0,0,PatchHuber,Huber,102.8829011310213,145.92501449386495,-43.04211336284365,3.97090202479246,4.238374541905852,-0.26747251711339226
PH_vs_Huber,IV,231,0,0,PatchHuber,Huber,99.48876680419288,139.4449530432851,-39.95618623909222,2.9443356452354426,3.001573210816696,-0.05723756558125359
PH_vs_Huber,IV,232,0,0,PatchHuber,Huber,101.93907437204682,139.13832020558573,-37.19924583353891,3.5732116670080543,3.397634841929218,0.17557682507883632
PH_vs_Huber,IV,233,0,0,PatchHuber,Huber,103.94658486900369,138.90528679673565,-34.958701927731965,3.9315384005618728,3.698132825327252,0.2334055752346207
PH_vs_Huber,IV,234,0,0,PatchHuber,Huber,98.40901959943862,131.58766052653218,-33.178640927093554,3.3731143455298387,2.698419125886429,0.6746952196434095
PH_vs_Huber,IV,235,0,0,PatchHuber,Huber,98.17986611316675,131.68804049335282,-33.50817438018606,3.567086821192096,2.878885773998081,0.6882010471940148
PH_vs_Huber,IV,236,0,0,PatchHuber,Huber,100.92452420330112,135.13634501557178,-34.21182081227066,3.926496693090761,3.342261213489502,0.5842354796012592
PH_vs_Huber,IV,237,0,0,PatchHuber,Huber,95.93964757324537,136.67022659673052,-40.73057902348515,4.489154537835415,3.855291679993589,0.6338628578418266
PH_vs_Huber,IV,238,0,0,PatchHuber,Huber,91.10010547939751,134.88949363612517,-43.789388156727654,3.971591172067554,3.096760990792564,0.8748301812749899
PH_vs_Huber,IV,239,0,0,PatchHuber,Huber,96.98561689012811,139.84387221535715,-42.85825532522904,4.165613241941448,3.5883331665879665,0.5772800753534812
PH_vs_Huber,IV,240,0,0,PatchHuber,Huber,97.17112449466607,140.07106572537054,-42.89994123070447,4.358623420163603,3.937467577211345,0.42115584295225794
PH_vs_Huber,IV,241,0,0,PatchHuber,Huber,97.13464421772214,138.01235585483136,-40.877711637109215,3.759226437564232,2.920160684912923,0.839065752651309
PH_vs_Huber,IV,242,0,0,PatchHuber,Huber,100.26539573108914,140.14813074684173,-39.88273501575259,4.007167052915284,3.055656741938308,0.9515103109769756
PH_vs_Huber,IV,243,0,0,PatchHuber,Huber,102.96689499809054,138.1983600687714,-35.231465070680855,4.467166604437876,3.49372387032955,0.9734427341083265
PH_vs_Huber,IV,244,0,0,PatchHuber,Huber,105.42635967519816,137.5319075704348,-32.105547895236654,5.043256504565941,3.823413229105255,1.2198432754606863
PH_vs_Huber,IV,245,0,0,PatchHuber,Huber,107.56085885678672,137.24554795170891,-29.68468909492219,4.31213985977921,2.800364807418912,1.511775052360298
PH_vs_Huber,IV,246,0,0,PatchHuber,Huber,110.06660335263244,139.87945905814644,-29.812855705513996,4.511623892131634,3.104393727288659,1.4072301648429746
PH_vs_Huber,IV,247,0,0,PatchHuber,Huber,110.24680268314242,140.03942832863063,-29.792625645488215,5.081131463944096,3.607494187745891,1.4736372761982048
PH_vs_Huber,IV,248,0,0,PatchHuber,Huber,112.55439967964494,142.89384831041673,-30.339448630771784,5.470491559302843,4.220077240324626,1.2504143189782173
PH_vs_Huber,IV,249,0,0,PatchHuber,Huber,109.09435806814147,140.1726442666936,-31.07828619855212,4.7523824866549225,3.297775561527159,1.4546069251277634
PH_vs_Huber,IV,250,0,0,PatchHuber,Huber,113.33665449014872,141.07130950034548,-27.73465501019676,4.755406474341881,3.610540216002042,1.1448662583398392
PH_vs_Huber,IV,251,0,0,PatchHuber,Huber,114.28180556040677,141.45556693471536,-27.173761374308597,4.9407247852774026,4.034713276089654,0.9060115091877483
PH_vs_Huber,IV,252,0,0,PatchHuber,Huber,111.7199607220932,141.72064673175868,-30.000686009665472,4.786430744192265,4.187331581147737,0.5990991630445279
PH_vs_Huber,IV,253,0,0,PatchHuber,Huber,108.24387469039716,137.43474267740768,-29.19086798701052,3.9164521433990735,3.2100784518974246,0.706373691501649
PH_vs_Huber,IV,254,0,0,PatchHuber,Huber,104.64473720589292,134.2191371429058,-29.57439993701287,4.5026580285616165,3.595893915932972,0.9067641126286445
PH_vs_Huber,IV,255,0,0,PatchHuber,Huber,113.8920587966765,142.39639891409522,-28.50434011741872,4.681514378577843,3.934839785976932,0.7466745926009106
PH_vs_Huber,IV,256,0,0,PatchHuber,Huber,113.22950827981282,140.53290598183298,-27.303397702020163,3.5528891907409896,3.0876234518275445,0.46526573891344514
PH_vs_Huber,IV,257,0,0,PatchHuber,Huber,113.94838708796304,142.434822541284,-28.486435453320965,4.543978801101737,3.779088438830146,0.7648903622715912
PH_vs_Huber,IV,258,0,0,PatchHuber,Huber,112.57866580334546,145.45731352957714,-32.87864772623168,4.8938440077161935,3.988997968808395,0.9048460389077984
PH_vs_Huber,IV,259,0,0,PatchHuber,Huber,110.90180861845644,142.6076194150961,-31.705810796639668,5.216444883683399,4.260702004020364,0.9557428796630356
PH_vs_Huber,IV,260,0,0,PatchHuber,Huber,108.091647522079,141.04489054618676,-32.95324302410776,4.485898011950452,3.2618813845739174,1.2240166273765345
PH_vs_Huber,IV,261,0,0,PatchHuber,Huber,106.20057138005124,137.70214834327936,-31.501576963228118,5.114380803674087,3.722706145004583,1.391674658669504
PH_vs_Huber,IV,262,0,0,PatchHuber,Huber,105.2832911699887,135.6668803099799,-30.383589139991187,5.342428210775696,3.786248471854402,1.5561797389212946
PH_vs_Huber,IV,263,0,0,PatchHuber,Huber,95.55063134445956,129.96469054545122,-34.41405920099166,5.067716336649203,4.092856777914581,0.9748595587346216
PH_vs_Huber,IV,264,0,0,PatchHuber,Huber,90.85244494662108,125.2593304974196,-34.40688555079852,3.838205114203371,2.690533158915656,1.147671955287715
PH_vs_Huber,IV,265,0,0,PatchHuber,Huber,92.69600470886309,128.7098308614061,-36.013826152543004,3.9294825397920015,3.391000403746974,0.5384821360450274
PH_vs_Huber,IV,266,1,0,PatchHuber,Huber,95.67238339662651,131.1039074642543,-35.43152406762778,4.3136410616379655,3.721797981273449,0.5918430803645163
PH_vs_Huber,IV,267,1,0,PatchHuber,Huber,91.46541625183988,130.6995758912723,-39.23415963943242,3.443087792291972,2.7325998045329296,0.7104879877590422
PH_vs_Huber,IV,268,1,0,PatchHuber,Huber,91.4649946238379,133.0832862280043,-41.618291604166416,3.1410347791774664,3.394142724825604,-0.25310794564813754
PH_vs_Huber,IV,269,1,0,PatchHuber,Huber,88.20785188285433,131.80087045295303,-43.59301857009871,2.962072228213028,3.4477884798135343,-0.48571625160050624
PH_vs_Huber,IV,270,1,0,PatchHuber,Huber,85.91582154668284,130.9115350622464,-44.995713515563565,3.9405165351613296,3.887337731486572,0.0531788036747578
PH_vs_Huber,IV,271,1,0,PatchHuber,Huber,85.97554114747723,130.9669278937908,-44.991386746313566,2.434916317545309,2.3601183078707546,0.07479800967455441
PH_vs_Huber,IV,272,1,0,PatchHuber,Huber,84.72327283904112,131.01949145665657,-46.29621861761545,3.018769720687008,2.9856688875252058,0.033100833161802345
PH_vs_Huber,IV,273,1,0,PatchHuber,Huber,80.91464336191183,126.56999578109124,-45.65535241917941,3.255730635715613,3.2712112894824465,-0.015480653766833719
PH_vs_Huber,IV,274,1,0,PatchHuber,Huber,79.3339428891798,125.86583432139156,-46.531891432211765,3.341361454202109,3.4972253862314533,-0.15586393202934445
PH_vs_Huber,IV,275,1,0,PatchHuber,Huber,82.86491501769066,128.59748769407474,-45.73257267638408,2.4286650804194863,2.507042110540421,-0.07837703012093478
PH_vs_Huber,IV,276,1,0,PatchHuber,Huber,82.67676862502782,130.0556884476775,-47.37891982264969,2.7486626980268394,2.731624396160022,0.017038301866817207
PH_vs_Huber,IV,277,1,0,PatchHuber,Huber,81.41743722492802,129.6038402919378,-48.18640306700976,3.821277676908041,4.015571605355018,-0.19429392844697713
PH_vs_Huber,IV,278,1,0,PatchHuber,Huber,83.83171177978745,132.2582381218926,-48.426526342105134,3.957540474546563,3.910341188997288,0.04719928554927533
PH_vs_Huber,IV,279,1,0,PatchHuber,Huber,87.6099707765566,131.91596654508467,-44.30599576852808,3.924891433271695,3.8815007944325495,0.04339063883914562
PH_vs_Huber,IV,280,1,0,PatchHuber,Huber,90.40547914272406,130.83623417813695,-40.430755035412886,3.907693582301944,3.725214432979735,0.1824791493222091
PH_vs_Huber,IV,281,1,0,PatchHuber,Huber,94.75502241859454,132.7727308909751,-38.017708472380576,3.642514447020988,3.8998252299933385,-0.25731078297235044
PH_vs_Huber,IV,282,1,0,PatchHuber,Huber,93.40638165718426,131.53234326285525,-38.125961605670994,4.033563183487825,4.089581859701664,-0.05601867621383949
PH_vs_Huber,IV,283,1,0,PatchHuber,Huber,91.9201861275334,129.56072005044555,-37.640533922912155,3.087810127791476,3.2145859801586427,-0.12677585236716693
PH_vs_Huber,IV,284,1,0,PatchHuber,Huber,95.86153322511048,134.64820522715956,-38.78667200204909,3.827811081375385,3.487512221719168,0.3402988596562171
PH_vs_Huber,IV,285,1,0,PatchHuber,Huber,97.52837422013155,135.67546259806866,-38.14708837793711,2.8391828654777718,2.905013076201783,-0.06583021072401118
PH_vs_Huber,IV,286,1,0,PatchHuber,Huber,99.19010457214917,137.56598080831242,-38.37587623616325,3.3845410283490813,3.5535730773659204,-0.1690320490168391
PH_vs_Huber,IV,287,1,0,PatchHuber,Huber,98.585894453596,137.97138035284084,-39.38548589924484,3.634945667567461,3.8409348124946177,-0.2059891449271567
PH_vs_Huber,IV,288,1,0,PatchHuber,Huber,101.5406304105286,137.8585949588052,-36.317964548276606,3.6814537569909542,3.869341246078032,-0.18788748908707786
PH_vs_Huber,IV,289,1,0,PatchHuber,Huber,104.28970713217105,135.64586286331664,-31.35615573114559,3.9226652591773647,4.206435862295969,-0.283770603118604
PH_vs_Huber,IV,290,1,0,PatchHuber,Huber,104.94176887143404,136.74240274879986,-31.800633877365826,3.860685438960483,4.356929107517105,-0.4962436685566214
PH_vs_Huber,IV,291,1,0,PatchHuber,Huber,106.03330328110896,134.66344763928873,-28.630144358179777,3.9655853838109754,4.461079048621266,-0.49549366481029056
PH_vs_Huber,IV,292,1,0,PatchHuber,Huber,106.55787725756922,132.9969908810482,-26.439113623478974,3.871877976864125,4.189215940875484,-0.31733796401135894
PH_vs_Huber,IV,293,1,0,PatchHuber,Huber,108.58902172444706,132.65529982992436,-24.066278105477295,3.1521196450054862,3.260885161189072,-0.10876551618358565
PH_vs_Huber,IV,294,1,0,PatchHuber,Huber,107.62779901638255,133.1585766726829,-25.530777656300344,3.462236504606906,3.4892680220898,-0.027031517482893896
PH_vs_Huber,IV,295,1,0,PatchHuber,Huber,104.66861493564237,133.97759246406622,-29.308977528423853,3.160853885348131,3.0909043127387528,0.0699495726093784
PH_vs_Huber,IV,296,1,0,PatchHuber,Huber,102.96796631641692,134.98734700247033,-32.01938068605341,3.4767337544475247,3.794504339127757,-0.3177705846802321
PH_vs_Huber,IV,297,1,0,PatchHuber,Huber,101.55992692916924,135.36466290545468,-33.80473597628544,3.260538904308894,3.2502746830060247,0.010264221302869192
PH_vs_Huber,IV,298,1,0,PatchHuber,Huber,99.7150890632202,133.92524921792577,-34.21016015470556,2.8231341448746594,2.852706633715627,-0.029572488840967637
PH_vs_Huber,IV,299,1,0,PatchHuber,Huber,101.2492957317198,134.17542070171564,-32.92612496999584,4.063844857810105,4.121121891396403,-0.05727703358629821
PH_vs_Huber,IV,300,1,0,PatchHuber,Huber,100.3985853162075,133.31381794203412,-32.91523262582662,4.152650500782562,3.775229208630191,0.37742129215237075
PH_vs_Huber,IV,301,1,0,PatchHuber,Huber,96.26031610115808,130.95117601713477,-34.69085991597669,3.831985162402868,3.723436180333816,0.10854898206905217
PH_vs_Huber,IV,302,1,0,PatchHuber,Huber,97.14096156879856,130.40422798340217,-33.263266414603606,3.686840820046971,3.2665748383693147,0.42026598167765616
PH_vs_Huber,IV,303,1,0,PatchHuber,Huber,98.97480695692047,129.9928328286939,-31.018025871773432,3.702499341792212,3.049695359325357,0.652803982466855
PH_vs_Huber,IV,304,1,0,PatchHuber,Huber,105.38158479198512,132.17944043091887,-26.797855638933754,4.807504735771434,3.748686314617432,1.058818421154002
PH_vs_Huber,IV,305,1,0,PatchHuber,Huber,105.06006440672866,133.3462521339207,-28.286187727192043,4.642852411729146,3.6698142323468663,0.97303817938228
PH_vs_Huber,IV,306,1,0,PatchHuber,Huber,107.64407263612756,136.86775324441194,-29.223680608284383,4.354456928163825,3.32157180058258,1.032885127581245
PH_vs_Huber,IV,307,1,0,PatchHuber,Huber,106.46635724333451,137.70955392446476,-31.243196681130243,4.325049753912714,3.1615787914414604,1.163470962471254
PH_vs_Huber,IV,308,1,0,PatchHuber,Huber,109.576622319033,139.67932505588598,-30.102702736852976,3.716605938155272,2.9562985268752224,0.7603074112800496
PH_vs_Huber,IV,309,1,0,PatchHuber,Huber,112.50858469277284,141.2525068212984,-28.743922128525554,3.5864249465020657,2.502518938030026,1.0839060084720398
PH_vs_Huber,IV,310,1,0,PatchHuber,Huber,116.6296875978652,142.82948653408306,-26.19979893621786,4.412847479597793,3.7598861211475607,0.6529613584502321
PH_vs_Huber,IV,311,1,0,PatchHuber,Huber,117.00507454987198,142.79157343970434,-25.78649888983236,4.43073302214927,3.7645735500847777,0.6661594720644923
PH_vs_Huber,IV,312,1,0,PatchHuber,Huber,118.18746373077305,140.4998554791119,-22.31239174833884,4.1307795496776505,3.2730017188558373,0.8577778308218131
PH_vs_Huber,IV,313,1,0,PatchHuber,Huber,115.40920605122456,138.5692115667457,-23.16000551552115,4.0224955302739325,3.180917292991832,0.8415782372821003
PH_vs_Huber,IV,314,1,0,PatchHuber,Huber,115.17415428307385,135.39005315973642,-20.21589887666258,3.607584108124213,2.9597605093079853,0.6478235988162275
PH_vs_Huber,IV,315,1,0,PatchHuber,Huber,114.86805910807372,132.36322954147855,-17.495170433404823,4.252526723006995,3.791237034610992,0.46128968839600315
PH_vs_Huber,IV,316,2,0,PatchHuber,Huber,115.72225125281798,130.96761297170576,-15.245361718887779,3.788194264433544,3.211913097247039,0.5762811671865049
PH_vs_Huber,IV,317,2,0,PatchHuber,Huber,116.04000263740134,130.73353847829216,-14.693535840890817,3.460745103952428,3.1373204355567053,0.3234246683957229
PH_vs_Huber,IV,318,2,0,PatchHuber,Huber,113.08872007871562,130.83346472147105,-17.74474464275542,3.255681092811826,2.7939046583199243,0.46177643449190153
PH_vs_Huber,IV,319,2,0,PatchHuber,Huber,109.02668240158512,129.79323500190773,-20.766552600322612,3.0850190521170453,2.5934460591020265,0.4915729930150188
PH_vs_Huber,IV,320,2,0,PatchHuber,Huber,107.84246672299814,131.5917740585199,-23.74930733552175,3.3579693280105443,3.405997570104988,-0.04802824209444356
PH_vs_Huber,IV,321,2,0,PatchHuber,Huber,114.0154806296781,133.60209847005987,-19.586617840381777,3.487421315590073,3.6200380100896266,-0.1326166944995535
PH_vs_Huber,IV,322,2,0,PatchHuber,Huber,114.56316649731644,135.45607500061072,-20.89290850329428,3.5307155976962714,3.331635114099963,0.19908048359630826
PH_vs_Huber,IV,323,2,0,PatchHuber,Huber,112.36965722920444,133.02615221848592,-20.656494989281484,2.9439094591664494,3.129146579592543,-0.18523712042609342
PH_vs_Huber,IV,324,2,0,PatchHuber,Huber,111.92749194936812,132.97043251114982,-21.042940561781705,3.5373981524216096,3.891603737627443,-0.35420558520583345
PH_vs_Huber,IV,325,2,0,PatchHuber,Huber,107.60535404361764,133.3080950949348,-25.70274105131716,2.5810320223556387,3.123099322379047,-0.5420673000234082
PH_vs_Huber,IV,326,2,0,PatchHuber,Huber,105.62368295652584,132.46950539719998,-26.84582244067414,3.30098743639484,3.603906462054985,-0.3029190256601453
PH_vs_Huber,IV,327,2,0,PatchHuber,Huber,101.82391131476548,131.10664137327527,-29.282730058509784,3.797274928018185,4.041545463217917,-0.24427053519973185
PH_vs_Huber,IV,328,2,0,PatchHuber,Huber,101.9791019342098,130.04431576689674,-28.06521383268695,2.7810665526555995,3.330103455544376,-0.5490369028887763
PH_vs_Huber,IV,329,2,0,PatchHuber,Huber,98.0698241314353,131.05426912568242,-32.98444499424713,3.352012905852916,3.707257247848184,-0.355244341995268
PH_vs_Huber,IV,330,2,0,PatchHuber,Huber,92.11664806553485,129.5867207539866,-37.470072688451765,2.6114419602470456,2.7225043665240003,-0.11106240627695474
PH_vs_Huber,IV,331,2,0,PatchHuber,Huber,98.8183965381577,130.63115387671016,-31.81275733855246,3.0490418461487496,3.311279381242324,-0.26223753509357417
PH_vs_Huber,IV,332,2,0,PatchHuber,Huber,91.62404466142527,127.67593350707564,-36.05188884565037,3.282814473363353,3.731456734555158,-0.44864226119180506
PH_vs_Huber,IV,333,2,0,PatchHuber,Huber,92.95932956948056,126.60961580577008,-33.65028623628952,2.798121774237895,3.0613347341917008,-0.26321295995380556
PH_vs_Huber,IV,334,2,0,PatchHuber,Huber,93.08636962615654,126.03385057144696,-32.94748094529042,3.274671553061613,3.412709809872536,-0.13803825681092308
PH_vs_Huber,IV,335,2,0,PatchHuber,Huber,95.4464886476934,127.37126525275794,-31.924776605064537,3.4891576700630056,4.0300995919943166,-0.540941921931311
PH_vs_Huber,IV,336,2,0,PatchHuber,Huber,98.23113185695746,126.29048612773607,-28.059354270778613,3.091843199098918,3.332393565686449,-0.24055036658753082
PH_vs_Huber,IV,337,2,0,PatchHuber,Huber,98.6788263278784,126.0858827031349,-27.407056375256502,3.346021794063217,3.893157841186407,-0.5471360471231903
PH_vs_Huber,IV,338,2,0,PatchHuber,Huber,93.9193131575052,124.18326553310384,-30.263952375598635,2.317768115097828,2.9678888288089054,-0.6501207137110772
PH_vs_Huber,IV,339,2,0,PatchHuber,Huber,89.30111990977349,123.99746453079844,-34.69634462102495,2.716087532187184,3.269826036357118,-0.5537385041699339
PH_vs_Huber,IV,340,2,0,PatchHuber,Huber,93.13251116373782,125.59204715191004,-32.45953598817222,2.85751301674488,3.67844364420958,-0.8209306274646999
PH_vs_Huber,IV,341,2,0,PatchHuber,Huber,96.76427444707062,127.29427238087924,-30.529997933808616,2.195548749997532,2.8684407892089703,-0.6728920392114381
PH_vs_Huber,IV,342,2,0,PatchHuber,Huber,88.87227538979856,129.11854793664423,-40.246272546845674,2.8676903420621334,3.663600010682964,-0.7959096686208307
PH_vs_Huber,IV,343,2,0,PatchHuber,Huber,103.63650725727454,129.45112557277795,-25.81461831550341,2.663347490943776,3.0134359207762724,-0.3500884298324962
PH_vs_Huber,IV,344,2,0,PatchHuber,Huber,104.91462306584872,131.26952462398856,-26.354901558139844,3.2536656957156267,3.679017468955802,-0.4253517732401755
PH_vs_Huber,IV,345,2,0,PatchHuber,Huber,102.08894765866916,130.43016853265817,-28.341220873989016,3.673850177394733,3.923251689389392,-0.24940151199465888
PH_vs_Huber,IV,346,2,0,PatchHuber,Huber,96.430716717165,126.63558754579772,-30.20487082863272,2.8957013512403864,3.174477991011542,-0.27877663977115574
PH_vs_Huber,IV,347,2,0,PatchHuber,Huber,86.40496256008011,121.68585354389532,-35.28089098381521,3.070765301922458,3.475677477796752,-0.4049121758742942
PH_vs_Huber,IV,348,2,0,PatchHuber,Huber,85.67110101806894,120.6768496369058,-35.00574861883686,3.525929201416248,3.737142099264025,-0.21121289784777675
PH_vs_Huber,IV,349,2,0,PatchHuber,Huber,86.47173117504848,121.07357303631365,-34.60184186126517,2.4370546735567533,3.0645705622176767,-0.6275158886609233
PH_vs_Huber,IV,350,2,0,PatchHuber,Huber,90.00244852496913,122.52297695193532,-32.520528426966195,2.503005091338822,3.323313189905832,-0.8203080985670099
PH_vs_Huber,IV,351,2,0,PatchHuber,Huber,99.33593156237578,123.34647336283636,-24.010541800460587,2.124066878508077,2.660333969958113,-0.536267091450036
PH_vs_Huber,IV,352,2,0,PatchHuber,Huber,110.62104873833292,127.75234294744472,-17.1312942091118,2.4851534980661425,3.0869912540252886,-0.6018377559591461
PH_vs_Huber,IV,353,2,0,PatchHuber,Huber,115.5471409973806,130.06698366799475,-14.519842670614153,2.8571554518284383,3.4921393739525004,-0.6349839221240621
PH_vs_Huber,IV,354,2,0,PatchHuber,Huber,123.26738515477729,131.52142312472677,-8.25403796994948,2.494935754013267,2.811402288870354,-0.3164665348570872
PH_vs_Huber,IV,355,2,0,PatchHuber,Huber,127.66957035243858,133.74266973176557,-6.07309937932699,2.9874258238129743,3.4444277103343683,-0.45700188652139406
PH_vs_Huber,IV,356,2,0,PatchHuber,Huber,123.67865893959366,131.51754360520917,-7.83888466561551,2.743087377025984,2.865347306004393,-0.12225992897840898
PH_vs_Huber,IV,357,2,0,PatchHuber,Huber,119.2316346092452,129.0749336892904,-9.843299080045185,2.5586703383582994,2.957296864914372,-0.39862652655607267
PH_vs_Huber,IV,358,2,0,PatchHuber,Huber,128.63053164094066,131.65312874442438,-3.0225971034837187,3.4151309130254344,3.494590558936852,-0.07945964591141763
PH_vs_Huber,IV,359,2,0,PatchHuber,Huber,128.74110326194102,129.7407124143377,-0.9996091523966868,3.0128054111335745,2.685552210278729,0.32725320085484544
PH_vs_Huber,IV,360,2,0,PatchHuber,Huber,128.85025901264638,131.3604180744043,-2.5101590617579177,3.2299820609890086,3.1641028311356787,0.06587922985332995
PH_vs_Huber,IV,361,2,0,PatchHuber,Huber,128.2979046507381,131.27253045796942,-2.9746258072313196,3.274660186808225,2.888983374950999,0.3856768118572256
PH_vs_Huber,IV,362,2,0,PatchHuber,Huber,126.24471920177282,129.72779250291228,-3.4830733011394557,3.175072349754724,2.8839987897956267,0.29107355995909723
PH_vs_Huber,IV,363,2,0,PatchHuber,Huber,124.17016015993988,126.33035414359328,-2.1601939836534,3.7667638979389344,3.4530147475894157,0.31374915034951867
PH_vs_Huber,IV,364,2,0,PatchHuber,Huber,117.6384375356137,122.78232641471996,-5.143888879106257,3.53342985880652,3.192464229980541,0.34096562882597903
PH_vs_Huber,IV,365,2,0,PatchHuber,Huber,117.2111000486079,121.18239604585108,-3.9712959972431747,3.5138016931963496,3.025926454298197,0.48787523889815265
PH_vs_Huber,IV,366,3,0,PatchHuber,Huber,113.9864001629366,120.6473821549603,-6.660981992023693,3.228872873698302,2.7578613839520214,0.4710114897462807
PH_vs_Huber,IV,367,3,0,PatchHuber,Huber,111.92263441687332,119.7636530197064,-7.841018602833074,3.147846625562588,2.555995792881774,0.5918508326808141
PH_vs_Huber,IV,368,3,0,PatchHuber,Huber,108.90318880522088,119.49526434771914,-10.592075542498264,3.8818542402720033,3.2798955008850235,0.6019587393869799
PH_vs_Huber,IV,369,3,0,PatchHuber,Huber,113.44095613130808,119.84122126038812,-6.40026512908004,3.9767387954733335,3.3155826952551597,0.6611561002181738
PH_vs_Huber,IV,370,3,0,PatchHuber,Huber,110.3857718742756,118.56989536950692,-8.184123495231319,3.631564143941092,3.191122927593685,0.44044121634740696
PH_vs_Huber,IV,371,3,0,PatchHuber,Huber,115.3195448174922,121.30833081414968,-5.988785996657484,2.7294061423883944,2.1096976756090027,0.6197084667793917
PH_vs_Huber,VI,0,0,0,PatchHuber,Huber,89.23532731735456,137.80211559671113,-48.56678827935657,5.415370849675565,4.725143915022509,0.6902269346530554
PH_vs_Huber,VI,1,0,0,PatchHuber,Huber,89.25609902185873,137.4099014134543,-48.15380239159556,4.748255459212246,4.172898283486231,0.5753571757260154
PH_vs_Huber,VI,2,0,0,PatchHuber,Huber,93.22185758255496,139.37858816870744,-46.15673058615248,5.945957124794927,5.507928747921981,0.43802837687294627
PH_vs_Huber,VI,3,0,0,PatchHuber,Huber,96.66466968366278,138.93976703494354,-42.27509735128076,4.470884694098201,3.677022423841322,0.7938622702568789
PH_vs_Huber,VI,4,0,0,PatchHuber,Huber,92.60843118703949,134.90078553778338,-42.29235435074389,5.481980785506281,4.323982441380863,1.157998344125418
PH_vs_Huber,VI,5,0,0,PatchHuber,Huber,93.01536328566596,131.14662471839424,-38.13126143272828,6.013549392470212,4.714330005367564,1.2992193871026485
PH_vs_Huber,VI,6,0,0,PatchHuber,Huber,97.36747109360624,132.95212387286983,-35.58465277926359,6.4935230827687285,5.234492203733785,1.2590308790349436
PH_vs_Huber,VI,7,0,0,PatchHuber,Huber,99.00824092301174,133.4362440324334,-34.42800310942165,5.51245221964408,4.05016001785038,1.4622922017937006
PH_vs_Huber,VI,8,0,0,PatchHuber,Huber,99.88411174460398,137.02797432303734,-37.14386257843336,5.878825914260858,4.74162213960683,1.1372037746540284
PH_vs_Huber,VI,9,0,0,PatchHuber,Huber,111.2503723172546,145.90834163879467,-34.657969321540065,6.156950561617185,5.52016764184728,0.6367829197699049
PH_vs_Huber,VI,10,0,0,PatchHuber,Huber,111.9878971720758,148.02399208372285,-36.03609491164704,6.410709607193411,5.967494807307152,0.4432147998862588
PH_vs_Huber,VI,11,0,0,PatchHuber,Huber,104.6031828743851,141.01823988058243,-36.41505700619733,4.644300437214063,4.460226305170366,0.18407413204369671
PH_vs_Huber,VI,12,0,0,PatchHuber,Huber,102.68854304038832,141.6340205181665,-38.94547747777817,6.052129446124095,5.54878632142511,0.5033431246989846
PH_vs_Huber,VI,13,0,0,PatchHuber,Huber,114.76036367991333,151.15764452242652,-36.3972808425132,5.297733606072825,5.234953298238778,0.0627803078340472
PH_vs_Huber,VI,14,0,0,PatchHuber,Huber,113.95652334439222,151.68100981960896,-37.724486475216736,5.35643411261102,5.164794510331132,0.19163960227988852
PH_vs_Huber,VI,15,0,0,PatchHuber,Huber,105.05023200928046,139.15105159899295,-34.100819589712486,6.001943834488888,5.16419060456093,0.8377532299279578
PH_vs_Huber,VI,16,0,0,PatchHuber,Huber,102.52080198880738,133.11218539670466,-30.591383407897283,6.675403992769609,5.562687008736858,1.112716984032751
PH_vs_Huber,VI,17,0,0,PatchHuber,Huber,97.01039963136584,129.38906380677898,-32.378664175413135,5.554007537073082,3.970275346626495,1.5837321904465873
PH_vs_Huber,VI,18,0,0,PatchHuber,Huber,88.68115240605974,125.42467638217168,-36.743523976111945,4.8400072689125935,4.109190301006953,0.7308169679056409
PH_vs_Huber,VI,19,0,0,PatchHuber,Huber,87.7428215466544,129.228603987643,-41.4857824409886,5.4915852024143605,4.709139594578355,0.7824456078360056
PH_vs_Huber,VI,20,0,0,PatchHuber,Huber,94.7355856821476,135.69837415684344,-40.96278847469584,5.520581544965289,5.373611520676767,0.1469700242885219
PH_vs_Huber,VI,21,0,0,PatchHuber,Huber,90.723799405932,139.66155574094984,-48.93775633501784,4.544210808845434,5.777291316453333,-1.233080507607899
PH_vs_Huber,VI,22,0,0,PatchHuber,Huber,78.21156122397475,132.18979623858544,-53.97823501461069,3.6627472340070577,3.745641817415021,-0.0828945834079633
PH_vs_Huber,VI,23,0,0,PatchHuber,Huber,65.99214553512469,125.51429391511076,-59.522148379986064,3.8734789284570574,4.081024570013564,-0.20754564155650623
PH_vs_Huber,VI,24,0,0,PatchHuber,Huber,63.37673891562139,122.52332998373517,-59.14659106811378,4.093265184395366,4.133471648659319,-0.04020646426395302
PH_vs_Huber,VI,25,0,0,PatchHuber,Huber,73.11897023735449,128.3498809126856,-55.2309106753311,4.51713052117451,4.957354244588723,-0.44022372341421345
PH_vs_Huber,VI,26,0,0,PatchHuber,Huber,81.19042147444117,133.84608499099338,-52.65566351655221,3.1751087348771527,3.667897305062597,-0.4927885701854442
PH_vs_Huber,VI,27,0,0,PatchHuber,Huber,87.0295664235245,136.00036320847278,-48.97079678494828,3.851502248649661,4.037953311250676,-0.18645106260101496
PH_vs_Huber,VI,28,0,0,PatchHuber,Huber,91.91051450790168,138.5431158623876,-46.632601354485914,4.308013173865318,4.519758297137071,-0.21174512327175332
PH_vs_Huber,VI,29,0,0,PatchHuber,Huber,88.46829470811666,134.75626363686044,-46.28796892874378,4.666882554566406,5.092310704345219,-0.4254281497788126
PH_vs_Huber,VI,30,0,0,PatchHuber,Huber,84.91827144448345,132.7072466317472,-47.78897518726376,4.126297830675032,3.8372231898578497,0.28907464081718226
PH_vs_Huber,VI,31,0,0,PatchHuber,Huber,87.11418515610856,137.53930391135245,-50.425118755243886,3.4630054146596354,3.467199524597752,-0.004194109938116419
PH_vs_Huber,VI,32,0,0,PatchHuber,Huber,91.0617135014424,137.3862457657483,-46.3245322643059,5.023665401609654,4.670098391206825,0.3535670104028297
PH_vs_Huber,VI,33,0,0,PatchHuber,Huber,97.47280809014184,141.45886230182592,-43.98605421168408,4.197756973223745,4.254904986196723,-0.057148012972978
PH_vs_Huber,VI,34,0,0,PatchHuber,Huber,93.34450960438092,134.65997739271106,-41.31546778833014,3.76471525822877,3.6322935110280543,0.13242174720071587
PH_vs_Huber,VI,35,0,0,PatchHuber,Huber,89.90400749416243,131.48921124297726,-41.585203748814834,5.241814169474447,4.913289352964585,0.3285248165098613
PH_vs_Huber,VI,36,0,0,PatchHuber,Huber,81.32715115611761,125.1777638029965,-43.850612646878886,4.810095266560149,4.144080956903095,0.6660143096570534
PH_vs_Huber,VI,37,0,0,PatchHuber,Huber,80.90732933163494,124.45529900770758,-43.54796967607264,4.222508997257616,3.2651009428447506,0.9574080544128658
PH_vs_Huber,VI,38,0,0,PatchHuber,Huber,80.6318568691548,128.3749324762752,-47.7430756071204,5.337023158700553,4.515654191056767,0.8213689676437861
PH_vs_Huber,VI,39,0,0,PatchHuber,Huber,83.94737479243668,131.0586476619768,-47.11127286954013,5.7207878150614375,5.171669441322898,0.5491183737385397
PH_vs_Huber,VI,40,0,0,PatchHuber,Huber,88.04516630116788,133.53661477412942,-45.49144847296154,4.435153038286058,3.942779661301416,0.49237337698464145
PH_vs_Huber,VI,41,0,0,PatchHuber,Huber,88.78276454906712,132.66361742162766,-43.88085287256054,5.3656291490027685,4.484367888967686,0.8812612600350826
PH_vs_Huber,VI,42,0,0,PatchHuber,Huber,90.79706145800829,130.3204110096332,-39.52334955162492,5.90475004803038,5.029722092212317,0.8750279558180623
PH_vs_Huber,VI,43,0,0,PatchHuber,Huber,88.79891634944055,124.9158255647655,-36.11690921532495,4.916718003681539,3.754481749373204,1.1622362543083349
PH_vs_Huber,VI,44,0,0,PatchHuber,Huber,91.81059622988336,128.3794864942668,-36.568890264383455,5.827090717231243,4.363813962097732,1.4632767551335117
PH_vs_Huber,VI,45,0,0,PatchHuber,Huber,94.7349417329139,130.81258325552278,-36.077641522608886,6.408332122676066,5.299803218265207,1.1085289044108597
PH_vs_Huber,VI,46,0,0,PatchHuber,Huber,97.78716420943844,133.949350430999,-36.16218622156056,5.205163253322081,3.913531106142878,1.2916321471792034
PH_vs_Huber,VI,47,0,0,PatchHuber,Huber,107.98539061360796,142.45191792165852,-34.46652730805056,5.746135769023949,4.689143610882617,1.0569921581413322
PH_vs_Huber,VI,48,0,0,PatchHuber,Huber,107.41847115731908,141.4009236192341,-33.98245246191503,5.672313104365644,4.765053907256736,0.9072591971089077
PH_vs_Huber,VI,49,0,0,PatchHuber,Huber,95.7921308287015,132.52810312100544,-36.73597229230394,4.563502790967715,3.358738560767494,1.204764230200221
PH_vs_Huber,VI,50,0,0,PatchHuber,Huber,98.9392520256724,136.4228932872893,-37.483641261616896,5.592747954536996,4.757181333947007,0.8355666205899892
PH_vs_Huber,VI,51,0,0,PatchHuber,Huber,108.2578276251356,144.36044377390084,-36.102616148765236,5.645898302735417,4.89801287911567,0.7478854236197474
PH_vs_Huber,VI,52,0,0,PatchHuber,Huber,106.72941903080314,143.1490615673607,-36.41964253655755,4.742398963927899,3.9510368273624903,0.7913621365654087
PH_vs_Huber,VI,53,0,0,PatchHuber,Huber,102.26190519045883,133.21084410069287,-30.948938910234034,5.643669305918867,4.377410522675887,1.2662587832429804
PH_vs_Huber,VI,54,0,0,PatchHuber,Huber,100.12659177277548,129.55045912332292,-29.42386735054744,6.957117873746472,4.916847179363095,2.040270694383377
PH_vs_Huber,VI,55,0,0,PatchHuber,Huber,90.66308515981596,125.1735513672769,-34.51046620746094,6.147559480983589,3.9734657194747114,2.174093761508878
PH_vs_Huber,VI,56,0,0,PatchHuber,Huber,85.41900218685653,122.44882312109254,-37.029820934236014,5.40496280383567,4.799469673245115,0.6054931305905553
PH_vs_Huber,VI,57,0,0,PatchHuber,Huber,83.3342588907891,127.5615080552561,-44.227249164467,4.623734515259295,3.770102473647811,0.8536320416114838
PH_vs_Huber,VI,58,0,0,PatchHuber,Huber,86.16966782152213,130.76965828777162,-44.599990466249494,5.02940885921972,4.705062178008356,0.324346681211364
PH_vs_Huber,VI,59,0,0,PatchHuber,Huber,85.59552795395871,135.1427211821213,-49.5471932281626,2.5076810703782413,3.300646344075828,-0.7929652736975865
PH_vs_Huber,VI,60,0,0,PatchHuber,Huber,77.12867478773433,131.40607850915023,-54.27740372141591,3.06734749039445,3.831526463601882,-0.7641789732074318
PH_vs_Huber,VI,61,0,0,PatchHuber,Huber,70.71301077662402,128.02727724983137,-57.314266473207354,4.17818577826551,4.978979196325467,-0.800793418059957
PH_vs_Huber,VI,62,0,0,PatchHuber,Huber,63.49884822470725,122.16609568440958,-58.66724745970233,3.487844908867769,3.78793090398725,-0.3000859951194812
PH_vs_Huber,VI,63,0,0,PatchHuber,Huber,66.0164546399612,125.74218020942293,-59.72572556946173,3.9184371433679694,4.362493665699415,-0.4440565223314459
PH_vs_Huber,VI,64,0,0,PatchHuber,Huber,73.02199839926297,129.39541667208647,-56.3734182728235,3.1566105931250306,3.5764796253638838,-0.4198690322388532
PH_vs_Huber,VI,65,0,0,PatchHuber,Huber,77.86037829799011,131.0228526451071,-53.162474347116984,4.138328842293427,4.537460739016119,-0.3991318967226922
PH_vs_Huber,VI,66,0,0,PatchHuber,Huber,84.84904221695935,131.88153598865634,-47.03249377169699,3.131862424256145,3.017014212374841,0.1148482118813039
PH_vs_Huber,VI,67,0,0,PatchHuber,Huber,83.30381670951884,128.13138292110614,-44.827566211587296,4.048441857568465,3.990568727392875,0.057873130175589704
PH_vs_Huber,VI,68,0,0,PatchHuber,Huber,83.05894128936806,125.2300025993641,-42.171061309996034,5.410880281727235,5.378195822422516,0.032684459304719304
PH_vs_Huber,VI,69,0,0,PatchHuber,Huber,77.58879023801751,124.9922614596308,-47.40347122161329,4.4876680925656665,4.336776793594948,0.15089129897071807
PH_vs_Huber,VI,70,1,0,PatchHuber,Huber,83.61012176652491,132.40601765963635,-48.795895893111435,4.371458845437715,4.438331940242912,-0.06687309480519676
PH_vs_Huber,VI,71,1,0,PatchHuber,Huber,87.33492439214528,132.629757062281,-45.294832670135705,3.959762512448607,3.8302172259922793,0.1295452864563278
PH_vs_Huber,VI,72,1,0,PatchHuber,Huber,91.29221586880767,133.58350666778014,-42.29129079897247,4.936016907328842,4.698287101819908,0.23772980550893408
PH_vs_Huber,VI,73,1,0,PatchHuber,Huber,92.040377479684,130.16828521549238,-38.12790773580838,5.992568602957111,5.536822842541244,0.45574576041586745
PH_vs_Huber,VI,74,1,0,PatchHuber,Huber,85.9724878182686,126.2995021097404,-40.3270142914718,4.786430912796346,4.153179855104359,0.6332510576919876
PH_vs_Huber,VI,75,1,0,PatchHuber,Huber,82.90718810108271,125.13824088863716,-42.23105278755445,5.475598798140295,4.602627403071235,0.8729713950690599
PH_vs_Huber,VI,76,1,0,PatchHuber,Huber,79.30554163039068,126.84164381329954,-47.53610218290886,4.33021021753254,3.7445362158493594,0.5856740016831803
PH_vs_Huber,VI,77,1,0,PatchHuber,Huber,79.79241160343457,130.1313138477612,-50.33890224432662,5.127710996817816,4.459826687549701,0.667884309268115
PH_vs_Huber,VI,78,1,0,PatchHuber,Huber,86.71276826905142,131.92587918160444,-45.21311091255302,5.578707554022316,4.953484437415936,0.6252231166063797
PH_vs_Huber,VI,79,1,0,PatchHuber,Huber,88.13671822102249,132.83238662472073,-44.695668403698235,4.663539004242146,3.483961598796269,1.1795774054458774
PH_vs_Huber,VI,80,1,0,PatchHuber,Huber,91.56664009385712,131.62432603824226,-40.05768594438514,5.542322968714976,4.300818839705783,1.2415041290091935
PH_vs_Huber,VI,81,1,0,PatchHuber,Huber,93.66272011659736,127.2344532533398,-33.57173313674244,6.184162627697639,5.091473182270178,1.0926894454274612
PH_vs_Huber,VI,82,1,0,PatchHuber,Huber,89.41235026500935,126.8800764062502,-37.467726141240846,5.2552626504528535,3.590108518672733,1.6651541317801204
PH_vs_Huber,VI,83,1,0,PatchHuber,Huber,89.986956187256,128.66120762809365,-38.67425144083765,6.227367000571318,4.5389395384801325,1.6884274620911857
PH_vs_Huber,VI,84,1,0,PatchHuber,Huber,97.91992031011392,134.04813931753344,-36.12821900741952,6.493123574984473,5.319345151653597,1.1737784233308766
PH_vs_Huber,VI,85,1,0,PatchHuber,Huber,105.54619962419788,139.97169902284722,-34.425499398649336,4.921347443578678,3.8364834762667424,1.0848639673119354
PH_vs_Huber,VI,86,1,0,PatchHuber,Huber,106.3869454889832,140.08189762041815,-33.694952131434945,5.248751007479291,4.370710291164661,0.8780407163146302
PH_vs_Huber,VI,87,1,0,PatchHuber,Huber,99.70934700364651,133.63885798345285,-33.92951097980634,5.971377065233116,5.243249326215245,0.7281277390178715
PH_vs_Huber,VI,88,1,0,PatchHuber,Huber,91.8240480162685,128.94321519739523,-37.11916718112673,5.479828411442869,4.011116053655111,1.4687123577877577
PH_vs_Huber,VI,89,1,0,PatchHuber,Huber,99.20689876835934,136.13694074246564,-36.9300419741063,5.554138670168294,4.402621378761356,1.1515172914069378
PH_vs_Huber,VI,90,1,0,PatchHuber,Huber,102.59964603021406,138.1940187737383,-35.59437274352423,4.989640608720633,3.880855126394689,1.1087854823259438
PH_vs_Huber,VI,91,1,0,PatchHuber,Huber,100.8933480347821,134.01614651069266,-33.12279847591057,5.120272582864005,4.089580521257964,1.0306920616060413
PH_vs_Huber,VI,92,1,0,PatchHuber,Huber,100.52736217640847,130.87909044662717,-30.3517282702187,6.286323716503141,4.669514726996623,1.6168089895065174
PH_vs_Huber,VI,93,1,0,PatchHuber,Huber,94.14994117855822,127.0775127327759,-32.92757155421768,6.729987425159916,5.136619811781708,1.5933676133782075
PH_vs_Huber,VI,94,1,0,PatchHuber,Huber,82.75486182961517,121.6140135805291,-38.85915175091394,4.716612127851558,3.865496029330296,0.8511160985212625
PH_vs_Huber,VI,95,1,0,PatchHuber,Huber,85.49139234783611,127.2840199729268,-41.79262762509069,5.160597821654834,4.526154021885306,0.634443799769528
PH_vs_Huber,VI,96,1,0,PatchHuber,Huber,84.90167188945603,130.87731776965936,-45.97564588020333,5.601472471915614,5.163281288587106,0.4381911833285086
PH_vs_Huber,VI,97,1,0,PatchHuber,Huber,84.94610115294557,135.14893782172197,-50.2028366687764,4.261017555372711,5.281223463788358,-1.0202059084156465
PH_vs_Huber,VI,98,1,0,PatchHuber,Huber,80.79380396578533,133.4830625268188,-52.68925856103347,2.4369047295146755,3.395523286982237,-0.9586185574675614
PH_vs_Huber,VI,99,1,0,PatchHuber,Huber,73.31624148237674,130.4846677278952,-57.16842624551845,3.692015322371118,4.215862708948677,-0.5238473865775592
PH_vs_Huber,VI,100,1,0,PatchHuber,Huber,62.690996969022,122.24594092368363,-59.55494395466163,3.971529259850018,4.542266947917626,-0.570737688067608
PH_vs_Huber,VI,101,1,0,PatchHuber,Huber,68.52123256295718,127.76671034548168,-59.2454777825245,4.616335256204578,5.091464808847536,-0.475129552642958
PH_vs_Huber,VI,102,1,0,PatchHuber,Huber,73.59823059363815,130.52989303781723,-56.93166244417908,3.3541710252805546,3.797148866487184,-0.44297784120662964
PH_vs_Huber,VI,103,1,0,PatchHuber,Huber,78.47092952403055,132.25568046664475,-53.784750942614195,3.874925551667956,4.067857728195046,-0.19293217652708972
PH_vs_Huber,VI,104,1,0,PatchHuber,Huber,85.07478186424784,132.0613258031214,-46.98654393887357,4.719320614110131,4.668923079452019,0.0503975346581127
PH_vs_Huber,VI,105,1,0,PatchHuber,Huber,82.54284166576838,128.8718398271333,-46.32899816136492,3.389293351961961,3.244983307440229,0.14431004452173202
PH_vs_Huber,VI,106,1,0,PatchHuber,Huber,81.02326167511947,123.9142066884707,-42.89094501335123,4.590728110133719,4.610395403617354,-0.01966729348363483
PH_vs_Huber,VI,107,1,0,PatchHuber,Huber,78.54134999103088,127.89266566878308,-49.3513156777522,3.980808941616772,3.853789002625106,0.12701993899166597
PH_vs_Huber,VI,108,1,0,PatchHuber,Huber,84.04577879790776,134.614974171632,-50.569195373724256,3.646965996247748,3.353656960329124,0.2933090359186239
PH_vs_Huber,VI,109,1,0,PatchHuber,Huber,89.70862398760003,135.47880327575157,-45.77017928815154,4.74366438000191,4.703976066208016,0.039688313793893926
PH_vs_Huber,VI,110,1,0,PatchHuber,Huber,90.66753636296998,133.85862196668285,-43.191085603712864,4.227642730640994,3.810357152782886,0.41728557785810816
PH_vs_Huber,VI,111,1,0,PatchHuber,Huber,90.87594722153624,132.13325340052887,-41.257306178992636,3.678855702445207,3.0682455532288877,0.6106101492163192
PH_vs_Huber,VI,112,1,0,PatchHuber,Huber,86.84006936513255,127.69626249774429,-40.856193132611736,4.954543085417624,4.4896525376349,0.46489054778272454
PH_vs_Huber,VI,113,1,0,PatchHuber,Huber,83.82853894943511,126.84885533158904,-43.02031638215392,4.47365133092647,3.81380255386726,0.6598487770592096
PH_vs_Huber,VI,114,1,0,PatchHuber,Huber,80.45955830940557,128.43710912112917,-47.9775508117236,4.287298753958509,3.3343703109018943,0.9529284430566145
PH_vs_Huber,VI,115,1,0,PatchHuber,Huber,80.83388038434691,131.67101519655137,-50.837134812204454,5.2581317569894415,4.461143219567791,0.7969885374216501
PH_vs_Huber,VI,116,1,0,PatchHuber,Huber,83.72916984568764,132.49108206217167,-48.761912216484035,4.675066638253453,3.924102658312261,0.7509639799411918
PH_vs_Huber,VI,117,1,0,PatchHuber,Huber,90.8993062028012,134.61899360076987,-43.71968739796867,5.828300326834043,4.44208554308321,1.386214783750833
PH_vs_Huber,VI,118,1,0,PatchHuber,Huber,92.22136936890315,133.9651839763251,-41.74381460742195,6.463479954866167,5.381654980092339,1.081824974773828
PH_vs_Huber,VI,119,1,0,PatchHuber,Huber,101.64458528650066,139.19079843739323,-37.54621315089257,5.675622803421786,4.1162638086618895,1.5593589947598963
PH_vs_Huber,VI,120,1,0,PatchHuber,Huber,105.77917752564224,141.1590681495923,-35.37989062395005,5.716833559169022,4.350669685344371,1.3661638738246502
PH_vs_Huber,VI,121,1,0,PatchHuber,Huber,108.28517911642726,146.40415794726223,-38.118978830834976,6.856363264798468,5.35285887486194,1.503504389936528
PH_vs_Huber,VI,122,1,0,PatchHuber,Huber,110.17042696133473,148.39727748126472,-38.22685051993,5.417926548097475,4.191282422295099,1.2266441258023768
PH_vs_Huber,VI,123,1,0,PatchHuber,Huber,119.6174460829583,154.0236394261045,-34.4061933431462,5.581342354370756,4.482104127200869,1.099238227169887
PH_vs_Huber,VI,124,1,0,PatchHuber,Huber,125.26661791710303,160.35695218730137,-35.09033427019834,5.975473145705275,5.063797432554844,0.9116757131504318
PH_vs_Huber,VI,125,1,0,PatchHuber,Huber,118.50366160447705,154.764879565075,-36.26121796059796,6.294007796609106,5.425254862025802,0.8687529345833047
PH_vs_Huber,VI,126,1,0,PatchHuber,Huber,109.7092619884054,145.1172579126868,-35.407995924281394,5.493646939429189,4.268075903414993,1.2255710360141956
PH_vs_Huber,VI,127,1,0,PatchHuber,Huber,113.11437583980458,153.11565862417,-40.00128278436543,5.113718184525895,4.306127673956462,0.8075905105694332
PH_vs_Huber,VI,128,1,0,PatchHuber,Huber,120.60324311868472,159.06446443272714,-38.46122131404242,5.166098723910058,4.450046332701605,0.7160523912084527
PH_vs_Huber,VI,129,1,0,PatchHuber,Huber,125.42793996968668,161.1570867820051,-35.72914681231843,6.07867142469481,5.581847431188272,0.4968239935065375
PH_vs_Huber,VI,130,1,0,PatchHuber,Huber,114.83450154480347,147.00124343421362,-32.16674188941015,5.370421279302582,4.035065658387611,1.3353556209149708
PH_vs_Huber,VI,131,1,0,PatchHuber,Huber,112.3162436482123,144.28456022609762,-31.968316577885318,6.297443890493628,4.476413349188193,1.8210305413054346
PH_vs_Huber,VI,132,1,0,PatchHuber,Huber,103.42617638269192,139.88333230485557,-36.45715592216365,6.39740613069352,5.123329403100132,1.2740767275933882
PH_vs_Huber,VI,133,1,0,PatchHuber,Huber,98.67171976314874,138.45791371996805,-39.786193956819304,4.680431101488043,3.67570047100325,1.0047306304847932
PH_vs_Huber,VI,134,1,0,PatchHuber,Huber,102.66637921900828,144.8546922931333,-42.18831307412502,5.0858279035039935,4.203060158855789,0.8827677446482047
PH_vs_Huber,VI,135,1,0,PatchHuber,Huber,103.72430524183623,150.818499694745,-47.09419445290875,4.354577433608402,4.779772244749091,-0.42519481114068824
PH_vs_Huber,VI,136,1,0,PatchHuber,Huber,96.75742365882786,147.85535907957882,-51.09793542075096,3.864202600233292,5.0042438906999855,-1.1400412904666934
PH_vs_Huber,VI,137,1,0,PatchHuber,Huber,85.47679692474516,140.8387711466966,-55.36197422195143,3.072446818655828,3.4796826021199765,-0.4072357834641487
PH_vs_Huber,VI,138,1,0,PatchHuber,Huber,81.99567311693106,137.88147206389704,-55.88579894696598,3.922096124664387,4.470488630688403,-0.5483925060240162
PH_vs_Huber,VI,139,1,0,PatchHuber,Huber,75.78204436310828,136.04409424340045,-60.26204988029217,2.8059531590780904,3.068875618327891,-0.2629224592498005
PH_vs_Huber,VI,140,2,0,PatchHuber,Huber,87.42933387044374,145.23893105591017,-57.80959718546643,4.123324881099787,4.641760525666574,-0.5184356445667868
PH_vs_Huber,VI,141,2,0,PatchHuber,Huber,93.03731584465372,147.99048535912033,-54.95316951446661,3.616518254111976,4.179425640538692,-0.5629073864267156
PH_vs_Huber,VI,142,2,0,PatchHuber,Huber,96.9693176616911,147.2571455803161,-50.287827918625,3.302242877940353,3.153595814147652,0.14864706379270087
PH_vs_Huber,VI,143,2,0,PatchHuber,Huber,106.0319546654518,152.7791005412263,-46.74714587577451,4.455283302842187,4.390015823021314,0.06526747982087322
PH_vs_Huber,VI,144,2,0,PatchHuber,Huber,97.86070483399554,145.5115321879103,-47.65082735391475,3.8610139988034566,3.715596340156112,0.1454176586473448
PH_vs_Huber,VI,145,2,0,PatchHuber,Huber,98.7272901321138,144.25133386733788,-45.52404373522408,5.553849180208197,5.3313341450721,0.22251503513609716
PH_vs_Huber,VI,146,2,0,PatchHuber,Huber,98.08992781274884,145.78261097621717,-47.69268316346833,4.930459244968227,4.9087699589995015,0.021689285968725436
PH_vs_Huber,VI,147,2,0,PatchHuber,Huber,103.84078716177292,152.4870776543273,-48.64629049255437,5.261946029061384,5.061203179633785,0.20074284942759935
PH_vs_Huber,VI,148,2,0,PatchHuber,Huber,104.76172485873384,151.98060497713118,-47.21888011839734,4.9761642801468495,4.775663927048965,0.20050035309788417
PH_vs_Huber,VI,149,2,0,PatchHuber,Huber,109.1121555802812,153.75555298372393,-44.643397403442734,4.340010759630212,4.505895617955847,-0.1658848583256347
PH_vs_Huber,VI,150,2,0,PatchHuber,Huber,108.96634631053529,151.1186024708177,-42.15225616028242,5.688044864175853,5.694800289043263,-0.006755424867409765
PH_vs_Huber,VI,151,2,0,PatchHuber,Huber,102.28122408068243,143.31451211053474,-41.0332880298523,4.710655967835446,4.441965157792323,0.2686908100431227
PH_vs_Huber,VI,152,2,0,PatchHuber,Huber,93.06832185917916,136.99857612418327,-43.93025426500411,4.324500817770801,3.5150972247535077,0.8094035930172931
PH_vs_Huber,VI,153,2,0,PatchHuber,Huber,95.59076171056756,143.0192735523717,-47.428511841804124,4.980338206162284,4.376603767377119,0.6037344387851649
PH_vs_Huber,VI,154,2,0,PatchHuber,Huber,93.09682064905788,143.653252634475,-50.55643198541712,4.479817810400422,3.5853893976149926,0.8944284127854294
PH_vs_Huber,VI,155,2,0,PatchHuber,Huber,100.35528430599004,150.14923521473932,-49.79395090874928,5.096311296481361,4.68847765575352,0.40783364072784156
PH_vs_Huber,VI,156,2,0,PatchHuber,Huber,101.44214273196164,148.9212693332442,-47.47912660128256,4.327525300989324,3.5382429975919747,0.7892823033973491
PH_vs_Huber,VI,157,2,0,PatchHuber,Huber,103.85344154973389,150.0269784505687,-46.173536900834804,5.486369714119751,4.549174908131821,0.9371948059879296
PH_vs_Huber,VI,158,2,0,PatchHuber,Huber,100.60219603870564,144.60033148658096,-43.99813544787531,5.005632451037831,3.786554447551581,1.2190780034862505
PH_vs_Huber,VI,159,2,0,PatchHuber,Huber,105.4353172461336,144.21705131270008,-38.781734066566486,5.535575945360368,4.607326215290013,0.9282497300703554
PH_vs_Huber,VI,160,2,0,PatchHuber,Huber,105.7357060032595,143.54131117240814,-37.80560516914865,5.404640227322887,3.8632417259675016,1.5413985013553857
PH_vs_Huber,VI,161,2,0,PatchHuber,Huber,110.88352598201436,150.60577669810226,-39.7222507160879,6.407239714311296,5.126653307817679,1.280586406493617
PH_vs_Huber,VI,162,2,0,PatchHuber,Huber,109.96196518576944,150.67898556392444,-40.717020378155,5.199049170409602,4.1925271507204265,1.006522019689175
PH_vs_Huber,VI,163,2,0,PatchHuber,Huber,122.83151360646328,159.9672272628906,-37.13571365642731,6.529660040419684,5.6595182845797645,0.8701417558399198
PH_vs_Huber,VI,164,2,0,PatchHuber,Huber,116.91974133888756,155.29028176332716,-38.3705404244396,4.966837567133419,4.297910266419836,0.668927300713583
PH_vs_Huber,VI,165,2,0,PatchHuber,Huber,112.20338422495531,150.04022782364862,-37.83684359869331,6.143772054131192,5.300653854732121,0.8431181993990711
PH_vs_Huber,VI,166,2,0,PatchHuber,Huber,107.87216314932014,146.6889082687036,-38.81674511938347,3.8474160723119737,2.728121397487499,1.1192946748244745
PH_vs_Huber,VI,167,2,0,PatchHuber,Huber,115.6782068676722,156.1077106799426,-40.42950381227041,4.185939777862079,3.763506339779757,0.42243343808232225
PH_vs_Huber,VI,168,2,0,PatchHuber,Huber,121.06997234797996,159.73723819514373,-38.667265847163776,4.716734822242208,4.32881980675679,0.38791501548541873
PH_vs_Huber,VI,169,2,0,PatchHuber,Huber,125.84595909065122,163.81148081736575,-37.96552172671453,5.921162138289524,5.725604636589529,0.19555750169999442
PH_vs_Huber,VI,170,2,0,PatchHuber,Huber,119.98970940101076,155.36604772090567,-35.37633831989491,5.3744289091073245,4.33506918772437,1.0393597213829544
PH_vs_Huber,VI,171,2,0,PatchHuber,Huber,111.5797241036098,146.2881433889572,-34.70841928534739,5.121479827740607,3.4221278372717947,1.699351990468812
PH_vs_Huber,VI,172,2,0,PatchHuber,Huber,109.53387615334258,143.78506937334217,-34.25119321999959,6.442759671424996,4.944177456161832,1.4985822152631645
PH_vs_Huber,VI,173,2,0,PatchHuber,Huber,103.142756226017,139.75663201927813,-36.61387579326113,4.614829721510142,4.026192157281027,0.5886375642291144
PH_vs_Huber,VI,174,2,0,PatchHuber,Huber,103.6253486523349,145.47562790102694,-41.85027924869203,4.338816370428648,3.427910898796577,0.9109054716320713
PH_vs_Huber,VI,175,2,0,PatchHuber,Huber,108.85169836911248,153.15484827399558,-44.3031499048831,5.064379639776212,4.9911876335827,0.07319200619351207
PH_vs_Huber,VI,176,2,0,PatchHuber,Huber,103.76290445675612,154.120354292475,-50.357449835718896,2.92412102519176,4.449641115975592,-1.5255200907838322
PH_vs_Huber,VI,177,2,0,PatchHuber,Huber,94.5547665135566,147.91033122557025,-53.355564712013646,2.43327652959454,3.4398075711634464,-1.0065310415689064
PH_vs_Huber,VI,178,2,0,PatchHuber,Huber,87.5854466069488,144.6515210007423,-57.066074393793485,2.8931640081447623,3.220986370843561,-0.32782236269879883
PH_vs_Huber,VI,179,2,0,PatchHuber,Huber,81.23260629800572,138.36975251684424,-57.137146218838524,3.339721079003965,3.382445159298915,-0.042724080294950006
PH_vs_Huber,VI,180,2,0,PatchHuber,Huber,75.32833149931206,136.52688461646642,-61.19855311715436,2.7768366777326428,2.919353131180031,-0.14251645344738817
PH_vs_Huber,VI,181,2,0,PatchHuber,Huber,79.90537204530013,139.62682510715177,-59.72145306185165,2.607300562387097,2.932740444149493,-0.32543988176239624
PH_vs_Huber,VI,182,2,0,PatchHuber,Huber,85.84994152721661,143.64846791314585,-57.798526385929236,2.624586186999757,3.018860816347248,-0.39427462934749125
PH_vs_Huber,VI,183,2,0,PatchHuber,Huber,90.41397285911076,147.758728829502,-57.34475597039123,2.7425284071187286,3.12367587847573,-0.38114747135700133
PH_vs_Huber,VI,184,2,0,PatchHuber,Huber,98.58606033818018,150.6624654473581,-52.07640510917793,2.786193941019737,3.196755207358443,-0.4105612663387057
PH_vs_Huber,VI,185,2,0,PatchHuber,Huber,98.269703091975,149.6945046707028,-51.424801578727795,3.0677841028864186,3.1366065116340187,-0.06882240874760015
PH_vs_Huber,VI,186,2,0,PatchHuber,Huber,94.31460510677248,143.65928315051062,-49.34467804373814,3.014776831347947,2.976927023636037,0.03784980771190982
PH_vs_Huber,VI,187,2,0,PatchHuber,Huber,90.50790357397813,137.49913678731224,-46.99123321333411,3.131463690016664,3.1981525210248765,-0.06668883100821255
PH_vs_Huber,VI,188,2,0,PatchHuber,Huber,90.76581302132954,142.70990871574963,-51.9440956944201,3.130989468687757,3.2405835586927805,-0.1095940900050234
PH_vs_Huber,VI,189,2,0,PatchHuber,Huber,97.01292940473633,149.89684244905297,-52.88391304431664,4.134563036718083,4.087523121042654,0.047039915675428645
PH_vs_Huber,VI,190,2,0,PatchHuber,Huber,100.34031165079384,150.49738354233057,-50.15707189153673,4.655044696067238,4.736551161326254,-0.08150646525901628
PH_vs_Huber,VI,191,2,0,PatchHuber,Huber,105.88418952086344,156.46757728781327,-50.583387766949826,4.629785442929114,4.917673914803459,-0.2878884718743455
PH_vs_Huber,VI,192,2,0,PatchHuber,Huber,104.84936708394962,148.44784742132907,-43.598480337379456,4.35924884762554,4.476406239980532,-0.11715739235499179
PH_vs_Huber,VI,193,2,0,PatchHuber,Huber,100.7123734758374,144.35343992093232,-43.64106644509492,4.135481952681575,3.81507503946734,0.3204069132142351
PH_vs_Huber,VI,194,2,0,PatchHuber,Huber,94.79085078919734,138.56380601192197,-43.77295522272463,4.17242348811511,3.377205258268116,0.7952182298469945
PH_vs_Huber,VI,195,2,0,PatchHuber,Huber,89.44629517179074,136.39988795760294,-46.953592785812205,3.6633199805873073,2.748505020954879,0.9148149596324284
PH_vs_Huber,VI,196,2,0,PatchHuber,Huber,96.72845949948012,145.2643312597603,-48.53587176028017,5.248695566252782,4.462847888068656,0.7858476781841262
PH_vs_Huber,VI,197,2,0,PatchHuber,Huber,97.5819647517603,147.73788529825774,-50.15592054649744,4.726784423416041,4.297158243090679,0.4296261803253625
PH_vs_Huber,VI,198,2,0,PatchHuber,Huber,100.3568110817271,148.89218795717866,-48.53537687545156,4.58241658060227,4.201380244015467,0.3810363365868028
PH_vs_Huber,VI,199,2,0,PatchHuber,Huber,101.14942795806134,148.04684093048314,-46.897412972421805,4.231275960154004,3.599210430115521,0.6320655300384832
PH_vs_Huber,VI,200,2,0,PatchHuber,Huber,102.3250004407661,148.22968668594535,-45.90468624517925,4.235814778775993,3.1387967093122064,1.097018069463787
PH_vs_Huber,VI,201,2,0,PatchHuber,Huber,104.59440744930234,149.21199151676254,-44.6175840674602,5.882762894997959,4.831049537437494,1.0517133575604651
PH_vs_Huber,VI,202,2,0,PatchHuber,Huber,102.29105220768449,143.31495199593354,-41.023899788249054,5.662876598922179,4.150268129133724,1.5126084697884554
PH_vs_Huber,VI,203,2,0,PatchHuber,Huber,108.28405859403269,145.8314636033175,-37.547405009284816,5.44997118656238,3.883972526980128,1.5659986595822524
PH_vs_Huber,VI,204,2,0,PatchHuber,Huber,106.8207904813918,145.20140481890297,-38.380614337511176,5.290965706133438,3.752936250354096,1.5380294557793417
PH_vs_Huber,VI,205,2,0,PatchHuber,Huber,109.33776572695822,149.44596479779895,-40.108199070840726,4.906170680212422,3.856910046406356,1.0492606338060657
PH_vs_Huber,VI,206,2,0,PatchHuber,Huber,110.52205796438707,151.30119030115557,-40.7791323367685,4.536021586576539,3.609517180267955,0.9265044063085841
PH_vs_Huber,VI,207,2,0,PatchHuber,Huber,115.45769811255094,157.35844018044236,-41.900742067891414,5.817297188097038,5.167603669140925,0.6496935189561137
PH_vs_Huber,VI,208,2,0,PatchHuber,Huber,114.13562519080934,154.73864297801512,-40.603017787205786,5.144911475528861,4.754215143725169,0.39069633180369223
PH_vs_Huber,VI,209,2,0,PatchHuber,Huber,110.54337882284403,148.64162042234005,-38.09824159949602,4.9122245156033655,4.406971974269161,0.5052525413342046
PH_vs_Huber,VI,210,2,0,PatchHuber,Huber,116.37431753669968,155.6089058429227,-39.23458830622302,5.248808568706128,4.687472695716418,0.5613358729897096
PH_vs_Huber,VI,211,2,0,PatchHuber,Huber,119.01233273541864,160.103865630643,-41.091532895224375,3.724892930490151,3.9658461700457024,-0.2409532395555516
PH_vs_Huber,VI,212,2,0,PatchHuber,Huber,119.4211568205495,162.57294091089787,-43.15178409034837,4.5629184226679,4.560347220495661,0.002571202172238607
PH_vs_Huber,VI,213,2,0,PatchHuber,Huber,125.00618509797198,165.19141585873936,-40.18523076076738,4.737519332489002,4.469435206598343,0.26808412589065966
PH_vs_Huber,VI,214,2,0,PatchHuber,Huber,122.76317201721912,162.60109490240697,-39.83792288518785,5.205204374541909,4.268662718727122,0.9365416558147865
PH_vs_Huber,VI,215,2,0,PatchHuber,Huber,119.467530573439,156.54513218788003,-37.07760161444102,5.41950486917919,4.392289513765267,1.0272153554139232
PH_vs_Huber,VI,216,2,0,PatchHuber,Huber,116.54107063105305,150.8621081274388,-34.321037496385756,5.581632194510065,4.718199613071867,0.8634325814381976
PH_vs_Huber,VI,217,2,0,PatchHuber,Huber,106.18999479867084,142.13884850600675,-35.948853707335914,5.722421104416224,4.711529663865089,1.0108914405511351
PH_vs_Huber,VI,218,2,0,PatchHuber,Huber,104.46843381745556,143.08811599444016,-38.6196821769846,3.924993897109736,2.8360245780772275,1.0889693190325085
PH_vs_Huber,VI,219,3,0,PatchHuber,Huber,103.75345625804688,149.0153468099918,-45.261890551944916,3.866955452866679,3.333258595971461,0.5336968568952183
PH_vs_Huber,VI,220,3,0,PatchHuber,Huber,106.43680498396256,154.33739419314523,-47.90058920918267,3.722927168520184,3.813380203094144,-0.09045303457396026
PH_vs_Huber,VI,221,3,0,PatchHuber,Huber,106.89502723081998,158.98235699478104,-52.087329763961066,3.174566842142634,4.635824847623482,-1.4612580054808482
PH_vs_Huber,VI,222,3,0,PatchHuber,Huber,101.37484795248618,154.56669922416003,-53.191851271673855,2.5492823983410644,4.101624326937123,-1.5523419285960585
PH_vs_Huber,VI,223,3,0,PatchHuber,Huber,96.50866832652004,153.09477381857707,-56.58610549205703,3.3887962611460454,4.251030482206112,-0.8622342210600662
PH_vs_Huber,VI,224,3,0,PatchHuber,Huber,84.7904924611245,143.0384322442578,-58.24793978313329,2.912754033261756,2.5134326739978463,0.39932135926390977
PH_vs_Huber,VI,225,3,0,PatchHuber,Huber,77.8536678458407,139.23332051768406,-61.37965267184336,2.4053762564545966,2.765996152687411,-0.36061989623281443
PH_vs_Huber,VI,226,3,0,PatchHuber,Huber,82.39150348845591,144.19702463558536,-61.805521147129454,2.478840850864646,2.7889673419232635,-0.31012649105861767
PH_vs_Huber,VI,227,3,0,PatchHuber,Huber,88.02986699540398,149.1379305149723,-61.10806351956833,2.7515010006258462,3.237562820930258,-0.4860618203044118
PH_vs_Huber,VI,228,3,0,PatchHuber,Huber,96.3604276691974,156.21774363563293,-59.85731596643552,3.3646459593910465,3.950646550456992,-0.5860005910659454
PH_vs_Huber,VI,229,3,0,PatchHuber,Huber,96.2679018953739,155.76340679382938,-59.49550489845548,3.644456860008314,4.224029904894952,-0.5795730448866379
PH_vs_Huber,VI,230,3,0,PatchHuber,Huber,105.65979909620977,159.11981397779635,-53.46001488158659,4.346743909422452,4.627550429132273,-0.28080651970982107
PH_vs_Huber,VI,231,3,0,PatchHuber,Huber,100.9647132541742,153.53323607635423,-52.56852282218003,2.3595199744716857,2.779390080875872,-0.4198701064041863
PH_vs_Huber,VI,232,3,0,PatchHuber,Huber,100.72755540630313,150.30241445272745,-49.57485904642432,3.072125202808674,3.2121145862563987,-0.1399893834477246
PH_vs_Huber,VI,233,3,0,PatchHuber,Huber,97.5486644826222,147.55781744589896,-50.00915296327676,3.63728723625723,3.651989576690269,-0.014702340433038863
PH_vs_Huber,VI,234,3,0,PatchHuber,Huber,93.40681596212214,146.13070599966147,-52.723890037539334,2.392000042669795,2.5365164678232643,-0.14451642515346919
PH_vs_Huber,VI,235,3,0,PatchHuber,Huber,99.56428421572672,153.39673412741337,-53.83244991168665,3.292496068089215,3.3947488248265936,-0.10225275673737855
PH_vs_Huber,VI,236,3,0,PatchHuber,Huber,102.0805980343445,157.18773796860785,-55.107139934263344,4.297126365970572,4.586800548595988,-0.2896741826254168
PH_vs_Huber,VI,237,3,0,PatchHuber,Huber,100.1856522332188,156.00590013068654,-55.82024789746774,2.9594800238433074,3.5261614531404564,-0.5666814292971489
PH_vs_Huber,VI,238,3,0,PatchHuber,Huber,106.88590175643913,158.86745655152157,-51.981554795082445,3.506103982482065,4.176153614992916,-0.6700496325108514
PH_vs_Huber,VI,239,3,0,PatchHuber,Huber,107.53665906507771,154.68636925411298,-47.14971018903526,4.085251827315107,4.077659318576538,0.0075925087385684265
PH_vs_Huber,VI,240,3,0,PatchHuber,Huber,105.05984212707888,151.12748198152144,-46.06763985444256,4.308393753652117,4.147014121414784,0.16137963223733287
PH_vs_Huber,VI,241,3,0,PatchHuber,Huber,101.02547789851016,146.79733257654192,-45.77185467803176,4.775373816899011,4.188034750899416,0.5873390659995952
PH_vs_Huber,VI,242,3,0,PatchHuber,Huber,102.13357965584257,147.51353292331297,-45.3799532674704,5.044031703352464,4.117041173538095,0.9269905298143684
PH_vs_Huber,VI,243,3,0,PatchHuber,Huber,101.45522990478996,151.9710687668266,-50.51583886203663,5.011113193133595,4.228238060070209,0.7828751330633859
PH_vs_Huber,VI,244,3,0,PatchHuber,Huber,98.1380508721,149.99399191698384,-51.85594104488385,3.652430753437793,2.873868565964276,0.7785621874735167
PH_vs_Huber,VI,245,3,0,PatchHuber,Huber,103.86983906890283,154.2478948366535,-50.378055767750666,3.958030955956639,3.865850920666858,0.09218003528978125
PH_vs_Huber,VI,246,3,0,PatchHuber,Huber,104.82969534792538,154.3040666940926,-49.47437134616722,4.421778592879955,4.2493006597895135,0.17247793309044113
PH_vs_Huber,VI,247,3,0,PatchHuber,Huber,104.53509188315512,151.59935589426098,-47.06426401110586,3.6919352596641137,2.933231563077051,0.7587036965870628
PH_vs_Huber,VI,248,3,0,PatchHuber,Huber,108.23893496344066,154.0813232693152,-45.842388305874536,4.696996625553029,3.7510331983532463,0.945963427199783
PH_vs_Huber,VI,249,3,0,PatchHuber,Huber,107.43776434085066,152.64065587442062,-45.202891533569954,5.445322656429535,4.514889371689888,0.9304332847396468
PH_vs_Huber,VI,250,3,0,PatchHuber,Huber,104.01700057960385,146.02206866105965,-42.0050680814558,4.277977397452253,2.871724196503048,1.4062532009492053
PH_vs_Huber,VI,251,3,0,PatchHuber,Huber,109.1457190343242,149.82660571439405,-40.68088668006985,5.026719249575345,3.411297174764501,1.6154220748108443
PH_vs_Huber,VI,252,3,0,PatchHuber,Huber,112.13054258652708,152.84417095368423,-40.71362836715714,5.993787031157697,4.37784399801885,1.615943033138847
PH_vs_Huber,VI,253,3,0,PatchHuber,Huber,110.53301115160208,153.58132068559837,-43.04830953399629,4.677438104357438,3.634338029470716,1.0431000748867216
PH_vs_Huber,VI,254,3,0,PatchHuber,Huber,111.04287888990218,154.74000166040997,-43.69712277050779,4.84876063819865,3.9651983840960456,0.8835622541026042
PH_vs_Huber,VI,255,3,0,PatchHuber,Huber,114.40123432160226,156.8656139390728,-42.46437961747054,4.98994155442652,4.194040695456288,0.7959008589702314
PH_vs_Huber,VI,256,3,0,PatchHuber,Huber,113.49932009400231,158.00194979636444,-44.50262970236213,4.742216700286202,3.993643326094601,0.7485733741916012
PH_vs_Huber,VI,257,3,0,PatchHuber,Huber,116.88816514331296,157.09860666305354,-40.210441519740584,4.516410516806113,4.254779595281912,0.2616309215242012
PH_vs_Huber,VI,258,3,0,PatchHuber,Huber,117.55592307470675,153.44308026284747,-35.88715718814072,4.939440453632226,4.398054706920284,0.5413857467119421
PH_vs_Huber,VI,259,3,0,PatchHuber,Huber,115.74784754033752,155.22548101403294,-39.47763347369542,3.809418505667389,3.460764316792142,0.3486541888752468
PH_vs_Huber,VI,260,3,0,PatchHuber,Huber,124.35781794115798,162.67726574858895,-38.319447807430976,4.783875323956029,4.745261274914247,0.03861404904178212
PH_vs_Huber,VI,261,3,0,PatchHuber,Huber,120.36552196404708,161.34006350516944,-40.97454154112236,4.278517101770214,4.293061023500268,-0.01454392173005381
PH_vs_Huber,VI,262,3,0,PatchHuber,Huber,124.29635584576332,163.1456532742671,-38.849297428503775,4.78361011136923,4.730976715549281,0.052633395819948525
PH_vs_Huber,VI,263,3,0,PatchHuber,Huber,121.5077532226118,159.58922494248236,-38.081471719870564,4.076032183099266,3.4721775294206205,0.6038546536786455
PH_vs_Huber,VI,264,3,0,PatchHuber,Huber,123.19360897773596,161.77560204323558,-38.58199306549962,4.581824908113439,4.169999514314936,0.4118253937985026
PH_vs_Huber,VI,265,3,0,PatchHuber,Huber,114.03858212207162,150.4278149934572,-36.38923287138557,3.9240755029982695,2.5271844342614567,1.3968910687368128
PH_vs_Huber,VI,266,3,0,PatchHuber,Huber,112.54321103477618,149.65396894676343,-37.11075791198725,4.638832179007732,3.551416911245286,1.087415267762446
PH_vs_Huber,VI,267,3,0,PatchHuber,Huber,106.19657919557324,145.6281579824973,-39.431578786924064,5.4411592647648295,4.258228436787679,1.1829308279771507
PH_vs_Huber,VI,268,3,0,PatchHuber,Huber,108.848441279478,149.93645245580743,-41.08801117632943,3.68030975753489,3.276185425850484,0.4041243316844061
PH_vs_Huber,VI,269,3,0,PatchHuber,Huber,109.49835303969692,155.591096776484,-46.09274373678707,4.22260037049322,4.30277021901359,-0.08016984852037012
PH_vs_Huber,VI,270,3,0,PatchHuber,Huber,107.3935664337848,157.03663347347995,-49.643067039695154,3.303979027439382,3.692322785824077,-0.3883437583846949
PH_vs_Huber,VI,271,3,0,PatchHuber,Huber,110.206728017714,162.4804766308792,-52.273748613165196,3.242030875860745,4.724419128676197,-1.482388252815452
PH_vs_Huber,VI,272,3,0,PatchHuber,Huber,103.26648453171694,155.60572073549616,-52.33923620377922,1.3227706923703095,3.035621045516144,-1.7128503531458346
PH_vs_Huber,VI,273,3,0,PatchHuber,Huber,100.3638658416035,154.57066027688447,-54.20679443528097,2.1417832296803896,3.509512507420555,-1.3677292777401653
PH_vs_Huber,VI,274,3,0,PatchHuber,Huber,90.4358389451485,147.7428617125053,-57.307022767356784,1.6057471884046728,2.2441047295396004,-0.6383575411349276
PH_vs_Huber,VI,275,3,0,PatchHuber,Huber,84.55848887504038,146.2981211615947,-61.739632286554325,2.7938821920218984,3.225388185985324,-0.4315059939634258
PH_vs_Huber,VI,276,3,0,PatchHuber,Huber,82.0459767610018,145.12602395933962,-63.08004719833782,3.513087540321902,3.783551678238954,-0.27046413791705204
PH_vs_Huber,VI,277,3,0,PatchHuber,Huber,82.68674353517561,145.13002943830296,-62.44328590312735,2.443451470207832,2.777061376353101,-0.3336099061452691
PH_vs_Huber,VI,278,3,0,PatchHuber,Huber,89.83678903974095,151.72857321245428,-61.89178417271333,3.2074300769864883,3.737029736183729,-0.5295996591972405
PH_vs_Huber,VI,279,3,0,PatchHuber,Huber,91.08868780769396,153.21548329481425,-62.12679548712029,2.3304722166942424,3.042266591459347,-0.7117943747651045
PH_vs_Huber,VI,280,3,0,PatchHuber,Huber,95.47741525975084,156.14308009131332,-60.66566483156248,3.3364163102715345,4.077629737173798,-0.7412134269022639
PH_vs_Huber,VI,281,3,0,PatchHuber,Huber,98.10530340707136,154.68876095390462,-56.58345754683326,2.4334892442892944,2.744098930063547,-0.31060968577425285
PH_vs_Huber,VI,282,3,0,PatchHuber,Huber,103.494855165719,159.54522834797905,-56.050373182260046,3.5894442307489496,4.02263923089621,-0.43319500014726
PH_vs_Huber,VI,283,3,0,PatchHuber,Huber,100.63997754070355,153.7430225309828,-53.10304499027926,2.408626820709464,2.7441522528579108,-0.3355254321484469
PH_vs_Huber,VI,284,3,0,PatchHuber,Huber,100.8690246051338,151.27940470170515,-50.410380096571345,3.481384572514585,3.793403377495725,-0.3120188049811401
PH_vs_Huber,VI,285,3,0,PatchHuber,Huber,94.14278878617031,145.77693090376707,-51.63414211759675,2.231912265883496,2.648231614836805,-0.416319348953309
PH_vs_Huber,VI,286,3,0,PatchHuber,Huber,94.43110964126328,148.8047613914013,-54.37365175013804,1.92696815294498,2.1567989607055416,-0.22983080776056153
PH_vs_Huber,VI,287,3,0,PatchHuber,Huber,101.2339137872446,158.0850038561238,-56.85109006887919,3.566065442804588,3.939393942947075,-0.37332850014248686
PH_vs_Huber,VI,288,3,0,PatchHuber,Huber,102.82052047493023,157.014585252346,-54.19406477741576,2.848187784210604,4.25922292998582,-1.4110351457752164
PH_vs_Huber,VI,289,3,0,PatchHuber,Huber,100.35898017428885,157.4859362768606,-57.126956102571754,2.575488670511669,3.005169187141897,-0.4296805166302282
PH_vs_Huber,VI,290,3,0,PatchHuber,Huber,108.96615635279302,162.1776402637298,-53.21148391093679,3.703640469587819,4.277068544085089,-0.57342807449727
PH_vs_Huber,VI,291,3,0,PatchHuber,Huber,108.93113812456842,159.07139636722283,-50.14025824265441,4.698455832620962,4.851516622489505,-0.15306078986854388
PH_vs_Huber,VI,292,3,0,PatchHuber,Huber,103.19027607160903,151.24927204669484,-48.05899597508581,3.366268139492832,3.483306189313382,-0.11703804982054988
PH_vs_Huber,VI,293,3,0,PatchHuber,Huber,104.66484321290676,148.56935932869794,-43.90451611579118,4.146393245550461,4.018348608539498,0.12804463701096225
PH_vs_Huber,VI,294,3,0,PatchHuber,Huber,96.02313371908384,141.96583576127173,-45.94270204218789,3.6692638611097834,2.738995947872291,0.9302679132374925
PH_vs_Huber,VI,295,3,0,PatchHuber,Huber,101.63572042828686,148.29362805108332,-46.65790762279646,4.028677321983829,3.349220928541901,0.679456393441928
PH_vs_Huber,VI,296,3,0,PatchHuber,Huber,103.85935040540797,154.3151453587438,-50.455794953335825,4.791534836882635,4.281311400829811,0.5102234360528239
PH_vs_Huber,VI,297,3,0,PatchHuber,Huber,103.73447663190666,154.80261026932078,-51.06813363741412,3.794790245068964,3.2884868380767287,0.5063034069922354
PH_vs_Huber,VI,298,3,0,PatchHuber,Huber,107.39406972538276,156.46163193080122,-49.067562205418454,3.253312216354844,3.0982504518267064,0.15506176452813758
PH_vs_Huber,VI,299,3,0,PatchHuber,Huber,111.77916642232562,160.48123206801984,-48.70206564569422,4.374237287362396,4.2432484419000005,0.13098884546239553
PH_vs_Huber,VI,300,3,0,PatchHuber,Huber,109.31855591877398,156.63643118648685,-47.317875267712864,4.0350347476301085,3.228593212425804,0.8064415352043044
PH_vs_Huber,VI,301,3,0,PatchHuber,Huber,106.7784181583747,153.6266381050139,-46.848219946639205,3.398365320254208,2.5412207107294726,0.8571446095247355
PH_vs_Huber,VI,302,3,0,PatchHuber,Huber,107.93598185062268,154.34574215941146,-46.409760308788776,4.688375853141715,3.7870934481461576,0.9012824049955577
PH_vs_Huber,VI,303,3,0,PatchHuber,Huber,105.90423647970356,149.40850083419664,-43.50426435449309,4.497491947567475,3.3606372880440984,1.1368546595233768
PH_vs_Huber,VI,304,3,0,PatchHuber,Huber,104.05815689442773,145.5773090622963,-41.51915216786858,3.7179100398758336,2.2092979839089306,1.508612055966903
PH_vs_Huber,VI,305,3,0,PatchHuber,Huber,110.67260580026466,152.19391847917694,-41.52131267891228,5.240497594130031,3.5623620564010965,1.6781355377289344
PH_vs_Huber,VI,306,3,0,PatchHuber,Huber,113.8676130341145,153.44715966576445,-39.57954663164995,4.73024120016198,3.080578651323371,1.649662548838609
PH_vs_Huber,VI,307,3,0,PatchHuber,Huber,114.93410637040157,157.60810310686782,-42.67399673646625,5.751576063213954,4.280086878991827,1.4714891842221274
PH_vs_Huber,VI,308,3,0,PatchHuber,Huber,114.45480766048388,156.8262192957856,-42.37141163530171,4.6061380952818345,3.284059460484696,1.3220786347971383
PH_vs_Huber,VI,309,3,0,PatchHuber,Huber,119.61025248396017,161.27879446248835,-41.66854197852818,5.073770604629846,4.109867394229468,0.9639032104003782
PH_vs_Huber,VI,310,3,0,PatchHuber,Huber,120.91763696188696,161.63383074018242,-40.71619377829546,5.532196504872282,4.756387068029556,0.7758094368427253
PH_vs_Huber,VI,311,3,0,PatchHuber,Huber,117.72844073592142,159.42116135974567,-41.69272062382424,4.372139955279799,3.688576772208984,0.6835631830708149
PH_vs_Huber,VI,312,3,0,PatchHuber,Huber,120.37640649126104,158.68028400179335,-38.30387751053232,4.93779152736483,4.642570888500007,0.29522063886482286
PH_vs_Huber,VI,313,3,0,PatchHuber,Huber,118.03411353526786,154.56520269248608,-36.53108915721822,3.7531833705241824,3.538771333812304,0.21441203671187825
PH_vs_Huber,VI,314,3,0,PatchHuber,Huber,118.4475968297984,158.53563902168074,-40.08804219188234,3.750921611798687,3.329901824509544,0.421019787289143
PH_vs_Huber,VI,315,4,0,PatchHuber,Huber,123.4156592992111,161.32733384595838,-37.91167454674728,2.921515494910658,3.3281820012499224,-0.40666650633926427
PH_vs_Huber,VI,316,4,0,PatchHuber,Huber,125.9545251837592,166.2483412260992,-40.29381604234,5.073106490888731,4.938211935235288,0.13489455565344244
PH_vs_Huber,VI,317,4,0,PatchHuber,Huber,125.36679511005738,165.66429029133815,-40.297495181280766,4.345822920589862,4.672347531242207,-0.3265246106523447
PH_vs_Huber,VI,318,4,0,PatchHuber,Huber,126.31519944272088,164.62419825580528,-38.3089988130844,4.849655957746167,4.132324147461612,0.7173318102845547
PH_vs_Huber,VI,319,4,0,PatchHuber,Huber,126.66219039878028,163.52231667124747,-36.860126272467184,4.016139954140246,3.814528873066584,0.20161108107366177
PH_vs_Huber,VI,320,4,0,PatchHuber,Huber,121.62531656904484,160.17169089177293,-38.546374322728084,3.5389175303587783,2.868596819774208,0.6703207105845701
PH_vs_Huber,VI,321,4,0,PatchHuber,Huber,123.62407698338816,158.62315619528576,-34.999079211897595,4.717566587408703,4.342899139900062,0.37466744750864045
PH_vs_Huber,VI,322,4,0,PatchHuber,Huber,117.79192875707118,154.79366259635543,-37.001733839284256,4.235619752489788,3.825968556976712,0.4096511955130757
PH_vs_Huber,VI,323,4,0,PatchHuber,Huber,109.1728596702421,148.15007706590396,-38.97721739566185,3.643130997208749,2.954026926266095,0.6891040709426539
PH_vs_Huber,VI,324,4,0,PatchHuber,Huber,108.04055135781007,151.92480737577375,-43.88425601796368,3.3181020294429446,2.848061703534217,0.4700403259087276
PH_vs_Huber,VI,325,4,0,PatchHuber,Huber,108.47031395929748,154.05688383141057,-45.58656987211309,2.715418303233727,2.709053625966508,0.006364677267219232
PH_vs_Huber,VI,326,4,0,PatchHuber,Huber,110.96480081172857,161.1754642918815,-50.21066348015293,3.988769911105496,4.567118004918831,-0.5783480938133354
PH_vs_Huber,VI,327,4,0,PatchHuber,Huber,111.52695138299065,163.72272252684112,-52.19577114385048,3.3648882183398863,4.285257088941029,-0.920368870601143
PH_vs_Huber,VI,328,4,0,PatchHuber,Huber,111.86009599809746,164.17473623924815,-52.314640241150684,2.291467353912186,4.259530362586597,-1.9680630086744109
PH_vs_Huber,VI,329,4,0,PatchHuber,Huber,108.45401871171066,159.711074161439,-51.25705544972834,1.3399011899535007,3.1442577198069004,-1.8043565298533997
PH_vs_Huber,VI,330,4,0,PatchHuber,Huber,100.382762248888,155.21973289687512,-54.836970647987116,0.974665710408118,2.2123645893834434,-1.2376988789753254
PH_vs_Huber,VI,331,4,0,PatchHuber,Huber,99.23568041723132,156.07030254541826,-56.834622128186936,2.464714617801648,3.6616479613430015,-1.1969333435413536
PH_vs_Huber,VI,332,4,0,PatchHuber,Huber,93.53798157541624,154.0263392197743,-60.48835764435805,1.895323950463351,3.1144491258554177,-1.2191251753920667
PH_vs_Huber,VI,333,4,0,PatchHuber,Huber,84.80583044097688,145.88222318130656,-61.07639274032968,2.49539221510512,2.754305872398044,-0.2589136572929238
PH_vs_Huber,VI,334,4,0,PatchHuber,Huber,85.97947453053598,147.03889234401228,-61.0594178134763,1.929189937389033,2.034598850313641,-0.10540891292460808
PH_vs_Huber,VI,335,4,0,PatchHuber,Huber,86.13406721499867,148.47769818119332,-62.34363096619465,1.6392745696277646,1.7780782970312046,-0.13880372740343994
PH_vs_Huber,VI,336,4,0,PatchHuber,Huber,92.661196164136,156.20104319676793,-63.539847032631926,2.78596171937518,3.586443134197669,-0.8004814148224892
PH_vs_Huber,VI,337,4,0,PatchHuber,Huber,95.65462384286238,158.77748713132362,-63.12286328846125,2.638301029220245,3.547297125922258,-0.9089960967020128
PH_vs_Huber,VI,338,4,0,PatchHuber,Huber,96.18957782015268,158.45633826314335,-62.26676044299067,2.340599683100302,3.253359279042595,-0.9127595959422927
PH_vs_Huber,VI,339,4,0,PatchHuber,Huber,97.4666885265876,156.0184906831803,-58.551802156592686,2.114977119881408,2.6610711465415458,-0.5460940266601377
PH_vs_Huber,VI,340,4,0,PatchHuber,Huber,101.52307046440838,157.0689052266467,-55.54583476223833,1.7081523208260396,2.5041180511898062,-0.7959657303637666
PH_vs_Huber,VI,341,4,0,PatchHuber,Huber,104.07699274828654,159.13596453685707,-55.05897178857053,3.3771052867026574,4.130704181234356,-0.7535988945316987
PH_vs_Huber,VI,342,4,0,PatchHuber,Huber,104.00082027221004,156.7280729744063,-52.72725270219627,2.98661796673224,3.719185442855172,-0.7325674761229322
PH_vs_Huber,VI,343,4,0,PatchHuber,Huber,100.97014017953956,152.0125667555605,-51.042426576020944,2.790398772867632,3.4069016909653524,-0.6165029180977206
PH_vs_Huber,VI,344,4,0,PatchHuber,Huber,97.59270848882292,150.1002590471483,-52.50755055832539,2.096122737451274,2.613461317246192,-0.5173385797949179
PH_vs_Huber,VI,345,4,0,PatchHuber,Huber,96.62659567072762,152.8180538043268,-56.191458133599184,1.8795304957328285,2.4663450554864315,-0.586814559753603
PH_vs_Huber,VI,346,4,0,PatchHuber,Huber,103.0277040422274,161.4504722479737,-58.422768205746294,3.706894141714947,3.946522813593576,-0.2396286718786289
PH_vs_Huber,VI,347,4,0,PatchHuber,Huber,106.55406458468896,163.78182469147762,-57.227760106788665,3.286969926443589,4.009914428900841,-0.7229445024572523
PH_vs_Huber,VI,348,4,0,PatchHuber,Huber,104.43840061097836,162.23338044105878,-57.79497983008042,2.630369591820408,3.47591700100671,-0.845547409186302
PH_vs_Huber,VI,349,4,0,PatchHuber,Huber,107.8637145931288,160.92570871365444,-53.06199412052564,2.279314938590788,3.106386542820485,-0.827071604229697
PH_vs_Huber,VI,350,4,0,PatchHuber,Huber,106.60537409856173,158.49111173799096,-51.88573763942924,2.0013964321970783,2.8184148260768773,-0.817018393879799
PH_vs_Huber,VI,351,4,0,PatchHuber,Huber,107.5764729308157,157.35274775707472,-49.776274826259026,3.8121712973130575,4.1257240848633945,-0.313552787550337
PH_vs_Huber,VI,352,4,0,PatchHuber,Huber,108.1295524996866,153.38319404747716,-45.253641547790565,3.573511850752097,3.570175000709556,0.0033368500425412506
PH_vs_Huber,VI,353,4,0,PatchHuber,Huber,105.74802901837393,149.44595449206145,-43.69792547368752,3.3190348907600677,3.090158231870446,0.2288766588896216
PH_vs_Huber,VI,354,4,0,PatchHuber,Huber,100.05998562936088,144.37807365371145,-44.31808802435057,3.444768921862201,2.455697648286005,0.989071273576196
PH_vs_Huber,VI,355,4,0,PatchHuber,Huber,102.4508938264262,148.018419762775,-45.567525936348815,2.8771863713768377,1.9842496627724844,0.8929367086043534
PH_vs_Huber,VI,356,4,0,PatchHuber,Huber,105.74404104130168,153.39030564961683,-47.64626460831515,4.369229589100076,3.606374577097984,0.7628550120020923
PH_vs_Huber,VI,357,4,0,PatchHuber,Huber,104.47975499529016,154.70915542736725,-50.229400432077085,3.904324126660781,3.420699753478886,0.483624373181895
PH_vs_Huber,VI,358,4,0,PatchHuber,Huber,106.006090984791,155.9170830493866,-49.910992064595604,3.50361502963183,3.157427970510545,0.3461870591212848
PH_vs_Huber,VI,359,4,0,PatchHuber,Huber,108.02479410686296,157.8924079095667,-49.86761380270376,2.6906690673602607,3.0510141493147525,-0.3603450819544918
PH_vs_Huber,VI,360,4,0,PatchHuber,Huber,107.13366855030488,155.5764177908474,-48.44274924054251,2.651051155719008,2.2932674744629558,0.3577836812560524
PH_vs_Huber,VI,361,4,0,PatchHuber,Huber,111.83007260710056,157.48711577823104,-45.65704317113048,4.705151980993058,3.826129251373159,0.8790227296198991
PH_vs_Huber,VI,362,4,0,PatchHuber,Huber,108.88282330790894,155.07713544577408,-46.19431213786514,4.340374295773183,3.4174338473529824,0.9229404484202002
PH_vs_Huber,VI,363,4,0,PatchHuber,Huber,108.30499909002997,152.03329284373362,-43.72829375370365,4.107346456262834,2.992013035428204,1.1153334208346304
PH_vs_Huber,VI,364,4,0,PatchHuber,Huber,104.9399817974874,146.9893985813967,-42.049416783909294,3.784443607458517,2.6508144865794607,1.133629120879056
PH_vs_Huber,VI,365,4,0,PatchHuber,Huber,106.44613437849236,147.1954650842673,-40.74933070577495,3.474110355693598,1.964376398375256,1.5097339573183421
PH_vs_Huber,VI,366,4,0,PatchHuber,Huber,112.46083620702548,151.96608702111396,-39.505250814088484,5.5043994840568375,3.619127300425849,1.8852721836309887
PH_vs_Huber,VI,367,4,0,PatchHuber,Huber,112.06079508698022,154.05274227080255,-41.99194718382233,4.7689523649981815,3.345247713528155,1.4237046514700267
PH_vs_Huber,VI,368,4,0,PatchHuber,Huber,109.14985160620304,155.27008807498268,-46.12023646877964,4.580265751359533,3.027950848725752,1.5523149026337806
PH_vs_Huber,VI,369,4,0,PatchHuber,Huber,118.76613990909382,160.66401945247534,-41.89787954338152,5.779551707063141,4.607127848673842,1.1724238583892994
PH_vs_Huber,VI,370,4,0,PatchHuber,Huber,117.9353560122174,158.6941689642653,-40.75881295204789,4.588615380314731,3.2282332786227945,1.3603821016919362
PH_vs_Huber,VI,371,4,0,PatchHuber,Huber,121.83998317354884,159.94894463077696,-38.10896145722812,5.280053601945994,4.245511984194525,1.0345416177514695
PH_vs_Huber,VI,372,4,0,PatchHuber,Huber,118.65254450182503,155.63585721250104,-36.983312710676,4.107172577470385,3.154006850864966,0.9531657266054188
PH_vs_Huber,VI,373,4,0,PatchHuber,Huber,118.78053756399564,151.51405060400026,-32.733513040004624,3.5581690747521164,2.3424193550449,1.2157497197072162
PH_vs_Huber,VI,374,4,0,PatchHuber,Huber,119.10645962566606,149.9928182643365,-30.886358638670444,4.629841980947864,3.4242616528551446,1.2055803280927195
PH_vs_Huber,VI,375,4,0,PatchHuber,Huber,119.24765915947792,150.8369295113812,-31.589270351903266,3.496096467047765,2.479226875402514,1.0168695916452508
PH_vs_Huber,VI,376,4,0,PatchHuber,Huber,122.15463811025457,154.22829636522,-32.07365825496542,4.074564370957498,3.4946594311689188,0.5799049397885794
PH_vs_Huber,VI,377,4,0,PatchHuber,Huber,114.68787980007434,154.4000751110944,-39.712195311020054,3.901961356992717,2.9965157097546413,0.9054456472380759
PH_vs_Huber,VI,378,4,0,PatchHuber,Huber,114.903652914322,155.4091047876993,-40.50545187337731,4.723479832374803,3.817874653136019,0.9056051792387843
PH_vs_Huber,VI,379,4,0,PatchHuber,Huber,114.90938382333428,153.4716087960104,-38.56222497267612,3.712776757803304,2.65454829680686,1.0582284609964439
PH_vs_Huber,VI,380,4,0,PatchHuber,Huber,120.28845224803668,155.01695329028058,-34.728501042243906,4.524466347806164,3.984500388565896,0.5399659592402677
PH_vs_Huber,VI,381,4,0,PatchHuber,Huber,117.75118405078776,150.63654955005325,-32.88536549926549,3.490627539136225,2.7098113972916886,0.7808161418445363
PH_vs_Huber,VI,382,4,0,PatchHuber,Huber,116.55687609984558,151.42755870349046,-34.87068260364488,4.085167206870858,3.5922717209533293,0.4928954859175292
PH_vs_Huber,VI,383,4,0,PatchHuber,Huber,107.49436529453456,144.5817182232416,-37.08735292870705,3.360178325055057,2.7077349173587613,0.6524434076962957
PH_vs_Huber,VI,384,4,0,PatchHuber,Huber,107.49735668725,148.752912994422,-41.255556307171986,4.381181897486391,3.550430425983199,0.8307514715031918
PH_vs_Huber,VI,385,4,0,PatchHuber,Huber,106.98075637345998,149.0809301966489,-42.10017382318891,3.63944020684348,2.697508456254624,0.9419317505888563
PH_vs_Huber,VI,386,4,0,PatchHuber,Huber,106.29491818131945,151.88706949733944,-45.592151316019994,4.568113205927169,3.832828766354965,0.735284439572204
PH_vs_Huber,VI,387,4,0,PatchHuber,Huber,102.25857149977354,152.13036770142676,-49.871796201653225,3.1399674829661963,2.7400795778321334,0.3998879051340629
PH_vs_Huber,VI,388,4,0,PatchHuber,Huber,104.51210768195055,155.0321617937575,-50.52005411180694,3.5753840053112564,3.5597868712707097,0.015597134040546745
PH_vs_Huber,VI,389,4,0,PatchHuber,Huber,103.4357445159529,155.6407154301818,-52.20497091422891,3.1834955124762425,3.8058077539934496,-0.6223122415172071
PH_vs_Huber,VI,390,4,0,PatchHuber,Huber,100.9444125919871,155.22869822620578,-54.284285634218676,3.4382322642448244,4.009865271452775,-0.571633007207951
PH_vs_Huber,VI,391,4,0,PatchHuber,Huber,91.1562022785,149.4000005593447,-58.2437982808447,2.394224519348462,2.598299053936906,-0.20407453458844405
PH_vs_Huber,VI,392,4,0,PatchHuber,Huber,88.56311191797742,146.4041558007682,-57.84104388279077,3.150437388704,3.019959209729076,0.13047817897492386
PH_vs_Huber,VI,393,4,0,PatchHuber,Huber,90.13284520069077,145.79654920932308,-55.66370400863231,2.471371120267817,2.3523141718323517,0.11905694843546533
PH_vs_Huber,VI,394,4,0,PatchHuber,Huber,89.87785542903097,147.9973637542485,-58.11950832521754,3.0078079787583185,3.42288235460313,-0.41507437584481144
PH_vs_Huber,VI,395,4,0,PatchHuber,Huber,91.75253134213928,148.33903635548694,-56.58650501334766,2.081643303854442,2.645054217137428,-0.5634109132829859
PH_vs_Huber,VI,396,4,0,PatchHuber,Huber,93.22135141508872,148.7150386455431,-55.493687230454384,2.805721244387406,3.2932998281973784,-0.48757858380997243
PH_vs_Huber,VI,397,4,0,PatchHuber,Huber,97.1669832757606,147.92545132726957,-50.75846805150897,2.975146934410664,3.3241511034155247,-0.34900416900486064
PH_vs_Huber,VI,398,4,0,PatchHuber,Huber,96.0928591588912,146.6477199812929,-50.55486082240171,3.2464208376576766,3.649667027708556,-0.40324619005087925
PH_vs_Huber,VI,399,4,0,PatchHuber,Huber,95.6505384009513,144.1980156405123,-48.54747723956099,3.535582709582838,3.8124558376045705,-0.2768731280217325
PH_vs_Huber,VI,400,4,0,PatchHuber,Huber,94.85777176739144,139.97818298568822,-45.12041121829678,3.890209125284116,3.986966100837433,-0.09675697555331686
PH_vs_Huber,VI,401,4,0,PatchHuber,Huber,99.42495175000776,143.16331335948684,-43.73836160947907,3.9742039934307782,4.324737208878554,-0.35053321544777605
PH_vs_Huber,VI,402,4,0,PatchHuber,Huber,101.49691642643218,146.46029858429162,-44.96338215785944,4.667701604012166,4.691462705478013,-0.023761101465847645
PH_vs_Huber,VI,403,4,0,PatchHuber,Huber,96.40635801202582,148.03819393407113,-51.63183592204531,3.043771274467398,3.031126404372104,0.012644870095294358
PH_vs_Huber,VI,404,4,0,PatchHuber,Huber,97.8346506645188,148.8791219140012,-51.044471249482385,3.278540575646317,3.101218528297381,0.17732204734893564
PH_vs_Huber,VI,405,4,0,PatchHuber,Huber,101.05398588709032,149.19970454740093,-48.14571866031061,3.607157109335843,3.4794790169577072,0.12767809237813577
PH_vs_Huber,VI,406,4,0,PatchHuber,Huber,101.81067698728413,146.25813190416966,-44.44745491688553,3.7298594772029374,3.5321362533757963,0.19772322382714114
PH_vs_Huber,VI,407,4,0,PatchHuber,Huber,103.38554739558126,144.81079347204755,-41.425246076466294,4.0072454535584034,3.723245622933253,0.28399983062515055
PH_vs_Huber,VI,408,4,0,PatchHuber,Huber,101.16597542105758,142.02173695844684,-40.855761537389256,4.575724461192328,3.911110995717545,0.6646134654747828
PH_vs_Huber,VI,409,4,0,PatchHuber,Huber,99.598901746116,144.23760674275044,-44.638704996634445,3.507798286788598,2.6538648116728685,0.8539334751157295
PH_vs_Huber,VI,410,4,0,PatchHuber,Huber,100.33365195819304,145.20783063530612,-44.87417867711308,4.140919632628667,3.5209015545180384,0.6200180781106286
PH_vs_Huber,VI,411,4,0,PatchHuber,Huber,99.00221167616176,146.36964812091034,-47.36743644474858,3.1608294292981083,2.5041983855944743,0.656631043703634
PH_vs_Huber,VI,412,4,0,PatchHuber,Huber,102.11005068526984,149.31244612099343,-47.20239543572359,3.7992669387229774,3.322650033536452,0.4766169051865252
PH_vs_Huber,VI,413,4,0,PatchHuber,Huber,102.22151413319776,148.64997326712987,-46.42845913393211,4.271801438338266,4.269484281365984,0.002317156972281964
PH_vs_Huber,VI,414,4,0,PatchHuber,Huber,103.33300340621032,147.8969012235727,-44.56389781736239,3.573551864418531,2.855403587005281,0.7181482774132499
PH_vs_Huber,VI,415,4,0,PatchHuber,Huber,103.684814831751,146.81257683843214,-43.12776200668114,4.52894791074733,3.586748037292662,0.9421998734546677
PH_vs_Huber,VI,416,4,0,PatchHuber,Huber,103.1645510797597,143.69708527094892,-40.532534191189214,5.78002288694266,4.6107213771783,1.1693015097643604
PH_vs_Huber,VI,417,4,0,PatchHuber,Huber,102.9069258866901,141.91005431963478,-39.00312843294468,4.110534081447267,2.951378296210331,1.159155785236936
PH_vs_Huber,VI,418,5,0,PatchHuber,Huber,107.5574006067366,145.10081994176852,-37.54341933503191,5.336030301432269,3.824088208765598,1.5119420926666716
PH_vs_Huber,VI,419,5,0,PatchHuber,Huber,104.84998149969066,146.31737498012745,-41.4673934804368,3.9983276267586314,2.655697378940468,1.3426302478181635
PH_vs_Huber,VI,420,5,0,PatchHuber,Huber,105.72804258195296,147.90211989415488,-42.174077312201916,5.060250654473668,3.3249670467852472,1.7352836076884208
PH_vs_Huber,VI,421,5,0,PatchHuber,Huber,110.61107146970242,150.00243866183715,-39.39136719213472,5.426919220462455,3.9761661367697902,1.450753083692665
PH_vs_Huber,VI,422,5,0,PatchHuber,Huber,115.11820547044115,150.0670050171344,-34.94879954669324,5.2638998434123945,4.034838343961423,1.2290614994509719
PH_vs_Huber,VI,423,5,0,PatchHuber,Huber,113.79537270044052,148.18399928702556,-34.38862658658503,4.820980075807385,3.954646668074504,0.8663334077328808
PH_vs_Huber,VI,424,5,0,PatchHuber,Huber,117.29120913980152,146.4388913000184,-29.14768216021689,5.031223558979984,4.156456055222738,0.874767503757246
PH_vs_Huber,VI,425,5,0,PatchHuber,Huber,114.14824313282035,142.382193922672,-28.233950789851647,5.268477576851856,4.106227099306839,1.162250477545017
PH_vs_Huber,VI,426,5,0,PatchHuber,Huber,117.9638028727853,146.48309185189305,-28.519288979107756,5.164042242978366,4.307892256872674,0.8561499861056916
PH_vs_Huber,VI,427,5,0,PatchHuber,Huber,119.24730970256527,148.65817136954456,-29.410861666979287,5.452581324841928,4.718236275760118,0.73434504908181
PH_vs_Huber,VI,428,5,0,PatchHuber,Huber,113.39057027481924,150.10493871190693,-36.714368437087685,5.446308236748648,5.022783740440822,0.4235244963078264
PH_vs_Huber,VI,429,5,0,PatchHuber,Huber,110.65595349220962,150.2289377750609,-39.57298428285128,4.404066651614646,3.028947775856146,1.3751188757585
PH_vs_Huber,VI,430,5,0,PatchHuber,Huber,113.36943607942813,149.10438856251105,-35.73495248308292,4.6753775540839095,3.135704423866503,1.5396731302174067
PH_vs_Huber,VI,431,5,0,PatchHuber,Huber,114.972231424296,146.99891724415505,-32.026685819859054,4.562910231111579,2.9916068417826125,1.5713033893289667
PH_vs_Huber,VI,432,5,0,PatchHuber,Huber,112.77330676381582,144.16699739563768,-31.393690631821855,4.075462440028158,3.445355204299597,0.6301072357285609
PH_vs_Huber,VI,433,5,0,PatchHuber,Huber,106.8551538791383,142.00757295978298,-35.15241908064468,4.007347086910984,3.095172148961246,0.9121749379497386
PH_vs_Huber,VI,434,5,0,PatchHuber,Huber,108.42034478862212,146.26575200790967,-37.84540721928755,4.6014928927779,3.7688254922580455,0.8326674005198544
PH_vs_Huber,VI,435,5,0,PatchHuber,Huber,105.07213829338728,148.04060732591054,-42.96846903252326,3.456037062008388,2.583947405378097,0.8720896566302909
PH_vs_Huber,VI,436,5,0,PatchHuber,Huber,104.54313155129688,149.52616520093144,-44.983033649634564,3.785788212317223,3.340962699764515,0.4448255125527081
PH_vs_Huber,VI,437,5,0,PatchHuber,Huber,102.85815636252336,150.50300929211502,-47.644852929591664,3.5879647809348083,3.6952516406573976,-0.10728685972258933
PH_vs_Huber,VI,438,5,0,PatchHuber,Huber,98.91525208149406,149.5256712089153,-50.61041912742124,3.0310975453181155,3.72484486365516,-0.6937473183370444
PH_vs_Huber,VI,439,5,0,PatchHuber,Huber,94.91209408717329,147.43922704720654,-52.527132960033256,3.1005050474410045,3.600741636836416,-0.5002365893954113
PH_vs_Huber,VI,440,5,0,PatchHuber,Huber,87.96434438764885,144.3006973477901,-56.336352960141255,3.2027935699562624,3.80313700020894,-0.6003434302526776
PH_vs_Huber,VI,441,5,0,PatchHuber,Huber,85.29430920979561,141.32435938634003,-56.03005017654442,2.505168987782208,2.209669662561425,0.2954993252207827
PH_vs_Huber,VI,442,5,0,PatchHuber,Huber,89.49089845925431,143.85384998157207,-54.36295152231776,3.298246947692855,3.3318684961896463,-0.03362154849679122
PH_vs_Huber,VI,443,5,0,PatchHuber,Huber,88.31149896021888,144.9091758368182,-56.59767687659932,2.024320286389115,2.468315762216268,-0.44399547582715293
PH_vs_Huber,VI,444,5,0,PatchHuber,Huber,89.34252277734119,147.2024173329937,-57.8598945556525,2.767455553055223,3.2904038901064467,-0.5229483370512238
PH_vs_Huber,VI,445,5,0,PatchHuber,Huber,92.47939877107216,147.78132851447137,-55.301929743399214,3.7800780218310712,4.116979405063437,-0.3369013832323655
PH_vs_Huber,VI,446,5,0,PatchHuber,Huber,98.8537966281012,149.61864103857977,-50.764844410478574,3.832195943915185,4.389972281941292,-0.5577763380261067
PH_vs_Huber,VI,447,5,0,PatchHuber,Huber,100.32867424048425,150.10192567239002,-49.77325143190578,4.3130478564589945,4.563372554274034,-0.2503246978150395
PH_vs_Huber,VI,448,5,0,PatchHuber,Huber,97.9335048738728,146.9296399870269,-48.99613511315408,2.690964344425455,2.846330017637443,-0.15536567321198813
PH_vs_Huber,VI,449,5,0,PatchHuber,Huber,97.66647063326609,143.46952129905685,-45.803050665790764,3.0242320915264083,3.1132778045180576,-0.08904571299164932
PH_vs_Huber,VI,450,5,0,PatchHuber,Huber,102.09937250876972,148.23621103023842,-46.136838521468704,3.1875880447651723,3.224603513997076,-0.0370154692319038
PH_vs_Huber,VI,451,5,0,PatchHuber,Huber,105.14429296208392,152.73289044735975,-47.58859748527583,3.798796269550255,3.73307063566499,0.06572563388526476
PH_vs_Huber,VI,452,5,0,PatchHuber,Huber,104.914337611283,155.90987232807254,-50.995534716789535,3.886701815326438,3.973799268791707,-0.08709745346526931
PH_vs_Huber,VI,453,5,0,PatchHuber,Huber,104.12344934761056,157.20633553953144,-53.08288619192088,3.982678235778342,4.065581745377407,-0.08290350959906467
PH_vs_Huber,VI,454,5,0,PatchHuber,Huber,107.15803411661162,155.64450311565523,-48.48646899904361,4.230895221462279,4.1862062555567165,0.04468896590556248
PH_vs_Huber,VI,455,5,0,PatchHuber,Huber,108.34139605331188,154.249708143781,-45.90831209046911,4.427941038524415,4.441609975454618,-0.013668936930202769
PH_vs_Huber,VI,456,5,0,PatchHuber,Huber,109.28460467310828,152.98900575294527,-43.704401079837,4.722272105923296,4.371772266348145,0.35049983957515085
PH_vs_Huber,VI,457,5,0,PatchHuber,Huber,104.6077284990502,147.82164124310273,-43.213912744052536,3.5802628818789994,2.847241857522453,0.7330210243565465
PH_vs_Huber,VI,458,5,0,PatchHuber,Huber,103.85296497223652,151.894462766893,-48.04149779465649,3.7101459195640265,2.918530430952086,0.7916154886119404
PH_vs_Huber,VI,459,5,0,PatchHuber,Huber,103.48400074651435,153.47516867669228,-49.99116793017792,3.785072977115754,3.188182669976161,0.596890307139593
PH_vs_Huber,VI,460,5,0,PatchHuber,Huber,103.05544155796711,155.94580852703467,-52.89036696906756,3.813530834955254,3.4345220724400303,0.37900876251522364
PH_vs_Huber,VI,461,5,0,PatchHuber,Huber,104.26452400554756,157.70237461012053,-53.43785060457297,4.247575098837055,3.86149671065904,0.38607838817801543
PH_vs_Huber,VI,462,5,0,PatchHuber,Huber,108.57864191736095,159.06098805514745,-50.48234613778649,4.616803987581018,4.18355933112549,0.43324465645552745
PH_vs_Huber,VI,463,5,0,PatchHuber,Huber,109.57270521207283,157.43545858348585,-47.86275337141302,5.102106660025775,4.364434934608432,0.7376717254173437
PH_vs_Huber,VI,464,5,0,PatchHuber,Huber,109.8914457283426,154.99163987884378,-45.10019415050118,5.714781202609947,4.520005400093342,1.194775802516605
PH_vs_Huber,VI,465,5,0,PatchHuber,Huber,109.84791156927704,152.03149734235478,-42.18358577307774,5.555644625423022,4.639547211208188,0.9160974142148337
PH_vs_Huber,VI,466,5,0,PatchHuber,Huber,108.9983448653596,152.1722888862267,-43.17394402086711,4.402260401948619,2.8202037974630514,1.582056604485568
PH_vs_Huber,VI,467,5,0,PatchHuber,Huber,110.89869295336548,154.87303498996403,-43.97434203659854,4.704716787138788,3.211128255144041,1.4935885319947473
PH_vs_Huber,VI,468,5,0,PatchHuber,Huber,111.13981238972578,157.15500261644937,-46.01519022672359,4.730279906004951,3.4679137974457745,1.2623661085591769
PH_vs_Huber,VI,469,5,0,PatchHuber,Huber,115.75075127459446,158.93578184416052,-43.18503056956605,5.061725989304071,3.670320006851045,1.3914059824530258
PH_vs_Huber,VI,470,5,0,PatchHuber,Huber,120.47355588983017,161.7264534307665,-41.25289754093633,5.127287978477926,4.079177540155845,1.0481104383220812
PH_vs_Huber,VI,471,5,0,PatchHuber,Huber,121.72565381966405,160.56467393271967,-38.839020113055625,5.016984666155218,4.030204137447554,0.9867805287076639
PH_vs_Huber,VI,472,5,0,PatchHuber,Huber,118.02454297675624,157.15382502133298,-39.12928204457674,5.312610183255193,4.382677994476969,0.9299321887782233
PH_vs_Huber,VI,473,5,0,PatchHuber,Huber,116.34668030719035,155.74560067448266,-39.398920367292305,5.522788179905266,4.204206310076672,1.318581869828594
PH_vs_Huber,VI,474,5,0,PatchHuber,Huber,121.7968260655122,161.62125037502244,-39.824424309510235,5.705084834719389,4.677118262820573,1.0279665718988156
PH_vs_Huber,VI,475,5,0,PatchHuber,Huber,114.87537211559705,158.5422903126464,-43.666918197049355,4.182309009978803,3.227381058013207,0.9549279519655958
PH_vs_Huber,VI,476,5,0,PatchHuber,Huber,111.65254012445595,158.97901255202456,-47.3264724275686,4.776990703468472,3.3233691125689817,1.4536215908994907
PH_vs_Huber,VI,477,5,0,PatchHuber,Huber,117.87537240757584,159.804229045811,-41.928856638235175,6.329482933767154,5.026365022397243,1.3031179113699105
PH_vs_Huber,VI,478,5,0,PatchHuber,Huber,117.10679148529834,157.85333402112693,-40.74654253582858,6.06044314003756,4.435910213827451,1.624532926210109
PH_vs_Huber,VI,479,5,0,PatchHuber,Huber,117.87758145219188,155.8880702196662,-38.010488767474314,5.26674744562922,3.6263857096409073,1.640361735988313
PH_vs_Huber,VI,480,5,0,PatchHuber,Huber,114.42176463636416,153.90573959422818,-39.48397495786402,6.204692668864537,5.0789334442234,1.1257592246411363
PH_vs_Huber,VI,481,5,0,PatchHuber,Huber,111.19527910490385,156.15510929496926,-44.95983019006542,5.739284431372197,4.652171800639595,1.0871126307326024
PH_vs_Huber,VI,482,5,0,PatchHuber,Huber,110.506599490191,158.00839741003884,-47.501797919847846,5.521994823678022,4.861229548465449,0.6607652752125732
PH_vs_Huber,VI,483,5,0,PatchHuber,Huber,106.97765725711194,160.58396007624384,-53.6063028191319,5.450260711255134,4.807402553600287,0.6428581576548469
PH_vs_Huber,VI,484,5,0,PatchHuber,Huber,107.65055660576688,162.38383065732117,-54.73327405155429,5.250931719964063,4.877581383911304,0.37335033605275925
PH_vs_Huber,VI,485,5,0,PatchHuber,Huber,106.93515606220498,160.9473051072963,-54.01214904509132,4.781129369152915,4.723666153586795,0.057463215566119885
PH_vs_Huber,VI,486,5,0,PatchHuber,Huber,102.8688548852414,159.14967137943768,-56.28081649419627,4.00575714089254,4.589852434391567,-0.5840952934990264
PH_vs_Huber,VI,487,5,0,PatchHuber,Huber,98.56062311184516,157.67213528216485,-59.111512170319685,3.993309185532696,4.572457416263652,-0.5791482307309561
PH_vs_Huber,VI,488,5,0,PatchHuber,Huber,95.37407246629148,155.78703080310618,-60.4129583368147,4.197837788666994,4.260502026818392,-0.06266423815139799
PH_vs_Huber,VI,489,5,0,PatchHuber,Huber,98.30690020824284,157.08282920413012,-58.775928995887284,3.150311398748338,2.9596146031556394,0.1906967955926988
PH_vs_Huber,VI,490,5,0,PatchHuber,Huber,95.09222802632311,158.49781064549182,-63.40558261916871,3.1138157680878478,3.657488916865464,-0.5436731487776161
PH_vs_Huber,VI,491,5,0,PatchHuber,Huber,96.8211330213523,159.99812632330327,-63.17699330195097,3.7774213754569046,4.1332525615216085,-0.3558311860647039
PH_vs_Huber,VI,492,5,0,PatchHuber,Huber,100.06070474783051,160.52189848473546,-60.461193736904946,3.988951386728714,4.249228462612318,-0.2602770758836037
PH_vs_Huber,VI,493,5,0,PatchHuber,Huber,101.70787736300107,157.67823893066472,-55.970361567663645,4.006057088560196,4.17644450673438,-0.170387418174184
PH_vs_Huber,VI,494,5,0,PatchHuber,Huber,101.74930206881068,155.6524072066567,-53.903105137846026,3.776229672866745,3.8830246714848817,-0.1067949986181369
PH_vs_Huber,VI,495,5,0,PatchHuber,Huber,100.48794302652266,152.74140412206572,-52.25346109554306,4.28068836366511,4.30194416705511,-0.021255803389999883
PH_vs_Huber,VI,496,5,0,PatchHuber,Huber,101.57349093764763,153.01492164384436,-51.441430706196726,4.066648058880441,4.0899473812521085,-0.023299322371667763
PH_vs_Huber,VI,497,5,0,PatchHuber,Huber,103.14076121437492,155.93215552813584,-52.79139431376092,2.9873888343294004,2.836582070373438,0.15080676395596226
PH_vs_Huber,VI,498,5,0,PatchHuber,Huber,104.42192029793551,160.17637323267195,-55.754452934736435,3.375569121302891,3.326347557678145,0.04922156362474572
PH_vs_Huber,VI,499,5,0,PatchHuber,Huber,104.88160914238313,162.5055554229429,-57.62394628055978,3.673931002356724,3.768593626403339,-0.09466262404661485
PH_vs_Huber,VI,500,5,0,PatchHuber,Huber,109.65735142914234,163.02436073540463,-53.36700930626229,4.161114720928512,3.9528756727112175,0.20823904821729444
PH_vs_Patch,II,143,0,0,PatchHuber,Patch,29.0954029327775,38.39221029477905,-9.296807362001548,1.9368878596348007,0.866979882480121,1.0699079771546796
PH_vs_Patch,II,144,0,0,PatchHuber,Patch,25.49713480890645,36.407282233377714,-10.910147424471266,1.956387452067256,1.108335177572935,0.8480522744943209
PH_vs_Patch,II,145,0,0,PatchHuber,Patch,24.160844247552056,37.57965748254473,-13.418813234992676,1.7819416926718334,0.8049060329402552,0.9770356597315782
PH_vs_Patch,II,146,0,0,PatchHuber,Patch,23.530695094926465,33.53962709941984,-10.008932004493374,1.6485081398912584,0.820517536974967,0.8279906029162915
PH_vs_Patch,II,147,0,0,PatchHuber,Patch,24.11480705006056,35.681824066466035,-11.567017016405476,1.6195742422753563,0.8208432624766683,0.798730979798688
PH_vs_Patch,II,148,0,0,PatchHuber,Patch,22.33532977403229,35.84367395157885,-13.508344177546562,1.5138311179861346,0.8335861368061964,0.6802449811799381
PH_vs_Patch,II,149,0,0,PatchHuber,Patch,19.62688092568913,35.67955822280118,-16.052677297112048,1.4438925785022936,0.976450369362839,0.46744220913945456
PH_vs_Patch,II,150,0,0,PatchHuber,Patch,21.337917014362542,40.1552770903259,-18.81736007596336,1.5010197335112554,1.1038389898147225,0.3971807436965329
PH_vs_Patch,II,151,0,0,PatchHuber,Patch,22.50977903857877,36.75847123115415,-14.248692192575376,1.3378037998907484,0.7422185251681401,0.5955852747226082
PH_vs_Patch,II,152,0,0,PatchHuber,Patch,19.39632140766662,35.765355266363606,-16.369033858696987,1.4316466160627912,0.7935619384445818,0.6380846776182094
PH_vs_Patch,II,153,0,0,PatchHuber,Patch,14.72908536874017,36.205604304928045,-21.476518936187873,0.8334085349868526,0.7533877753885828,0.08002075959826982
PH_vs_Patch,II,154,0,0,PatchHuber,Patch,15.847786383455388,34.60010282314159,-18.752316439686204,1.2051668792253811,1.1237441410718711,0.08142273815350998
PH_vs_Patch,II,155,0,0,PatchHuber,Patch,17.06033984620499,38.66879887719021,-21.608459030985223,0.8364307494996608,1.2470715712380296,-0.4106408217383688
PH_vs_Patch,II,156,0,0,PatchHuber,Patch,17.191532209941606,37.17947696812527,-19.987944758183666,0.9684527604409134,0.9604616742311974,0.007991086209716003
PH_vs_Patch,II,157,0,0,PatchHuber,Patch,19.24509187731336,41.416160156074895,-22.171068278761535,0.9673978522346456,1.0041112590614996,-0.03671340682685398
PH_vs_Patch,II,158,0,0,PatchHuber,Patch,18.20134991646023,39.27608048028538,-21.07473056382515,0.9397140084477014,1.2546484876151338,-0.31493447916743245
PH_vs_Patch,II,159,0,0,PatchHuber,Patch,16.79261689629329,35.98687586496337,-19.194258968670084,1.0831684736400766,0.8840358081301103,0.19913266550996633
PH_vs_Patch,II,160,0,0,PatchHuber,Patch,17.373241755435195,34.99572721164034,-17.622485456205148,0.8589708159474492,0.9973969042252696,-0.13842608827782044
PH_vs_Patch,II,161,0,0,PatchHuber,Patch,16.15044130843865,34.93448765600339,-18.78404634756474,1.1700260334901669,1.1460301733426352,0.023995860147531634
PH_vs_Patch,II,162,0,0,PatchHuber,Patch,14.497042409762695,31.945974709720293,-17.448932299957598,1.1321394022493572,0.9321463616522178,0.1999930405971394
PH_vs_Patch,II,163,0,0,PatchHuber,Patch,13.690531057949812,31.170412584118072,-17.47988152616826,1.2786999770850025,1.2824860819248636,-0.003786104839861082
PH_vs_Patch,II,164,0,0,PatchHuber,Patch,12.57125998883308,30.436350250016886,-17.865090261183806,1.0698257737837316,0.9185264327062436,0.151299341077488
PH_vs_Patch,II,165,0,0,PatchHuber,Patch,9.430508052447534,31.590065289686457,-22.15955723723892,1.0688285810658738,1.1695520074983945,-0.10072342643252075
PH_vs_Patch,II,166,0,0,PatchHuber,Patch,11.567847160883645,31.960778886197264,-20.39293172531362,0.7903143060279454,1.0162545070468918,-0.2259402010189464
PH_vs_Patch,II,167,0,0,PatchHuber,Patch,10.99527098514805,32.16785444021253,-21.17258345506448,0.790411322339167,1.0082902092090178,-0.2178788868698508
PH_vs_Patch,II,168,0,0,PatchHuber,Patch,10.900511555701204,33.80365937793189,-22.90314782223069,0.6107401657034796,0.9987810898751094,-0.38804092417162983
PH_vs_Patch,II,169,0,0,PatchHuber,Patch,11.229976437597454,36.03719068807958,-24.80721425048213,0.8091010557678834,0.7586694666440972,0.0504315891237862
PH_vs_Patch,II,170,0,0,PatchHuber,Patch,8.601688523522482,34.73352083798911,-26.131832314466628,0.8201869253109465,1.0193898345803751,-0.19920290926942863
PH_vs_Patch,II,171,0,0,PatchHuber,Patch,7.843049928578583,38.637911863541845,-30.79486193496326,0.7877072737447499,1.3034281211150605,-0.5157208473703105
PH_vs_Patch,II,172,0,0,PatchHuber,Patch,7.877278715736272,39.5377960841404,-31.660517368404133,0.7250623967678436,1.047826686628143,-0.32276428986029937
PH_vs_Patch,II,173,0,0,PatchHuber,Patch,6.887551699608123,40.86082722564551,-33.97327552603738,1.058090505239069,0.8556149152509226,0.2024755899881464
PH_vs_Patch,II,174,0,0,PatchHuber,Patch,6.422480938555737,41.73919574189407,-35.316714803338336,1.013695128415808,1.100805945013882,-0.08711081659807407
PH_vs_Patch,II,175,0,0,PatchHuber,Patch,8.434245158697037,44.01374345973301,-35.57949830103597,1.1143927786934555,1.0692720715950432,0.045120707098412316
PH_vs_Patch,II,176,0,0,PatchHuber,Patch,7.845222958038207,47.8334268729765,-39.988203914938296,1.2378081481142942,2.037027493672802,-0.7992193455585077
PH_vs_Patch,II,177,0,0,PatchHuber,Patch,10.930564396954557,54.85289486757736,-43.9223304706228,1.3493433213628376,2.472242485810895,-1.1228991644480575
PH_vs_Patch,II,178,0,0,PatchHuber,Patch,13.219697884171962,53.04448211619852,-39.82478423202656,1.328175362244859,2.1408544562920384,-0.8126790940471793
PH_vs_Patch,II,179,0,0,PatchHuber,Patch,14.96434919682454,58.37101296671843,-43.406663769893896,1.200662949457698,2.6802428352340324,-1.4795798857763345
PH_vs_Patch,II,180,0,0,PatchHuber,Patch,16.36041504844131,54.94633180967224,-38.585916761230926,1.318767393717179,1.4186328450824028,-0.09986545136522373
PH_vs_Patch,II,181,0,0,PatchHuber,Patch,14.0754826113729,55.41101742482884,-41.33553481345594,0.8775359225468906,1.027818781544257,-0.15028285899736638
PH_vs_Patch,II,182,0,0,PatchHuber,Patch,17.446785902827173,61.122787266056285,-43.67600136322911,0.902576819220998,1.3377554339281612,-0.43517861470716324
PH_vs_Patch,II,183,0,0,PatchHuber,Patch,16.478421876286983,62.22801537277389,-45.74959349648691,0.8923007638809027,1.1152274278511027,-0.2229266639702
PH_vs_Patch,II,184,0,0,PatchHuber,Patch,19.957891363320694,70.95463313539508,-50.99674177207439,0.8637579670308926,1.6377479793685064,-0.7739900123376138
PH_vs_Patch,II,185,0,0,PatchHuber,Patch,26.332390314424572,71.29144599662072,-44.95905568219615,1.4568660381348464,2.1440007378991712,-0.6871346997643248
PH_vs_Patch,II,186,0,0,PatchHuber,Patch,22.05727110163989,69.80564493253914,-47.74837383089925,1.1886834196657594,1.8338668405519667,-0.6451834208862073
PH_vs_Patch,II,187,0,0,PatchHuber,Patch,24.17625752209524,74.77518562404543,-50.59892810195019,1.3803839503676545,2.1471636860044856,-0.7667797356368311
PH_vs_Patch,II,188,0,0,PatchHuber,Patch,25.2434045120942,79.16240850629984,-53.91900399420564,1.2024737461429678,2.3240162120000365,-1.1215424658570687
PH_vs_Patch,II,189,0,0,PatchHuber,Patch,22.40774042170994,76.48063675096026,-54.07289632925032,1.3151419140387517,1.942005664357436,-0.6268637503186842
PH_vs_Patch,II,190,0,0,PatchHuber,Patch,22.09685450502783,78.96486834087091,-56.86801383584307,1.1331708512293317,1.9866707807296813,-0.8534999295003496
PH_vs_Patch,II,191,0,0,PatchHuber,Patch,18.26841527160307,78.02880636966513,-59.76039109806206,0.9727674171395676,1.906985531542857,-0.9342181144032894
PH_vs_Patch,II,192,0,0,PatchHuber,Patch,18.76141794837869,81.18408167221693,-62.42266372383824,0.8914349067056618,1.9082958841613569,-1.016860977455695
PH_vs_Patch,II,193,1,0,PatchHuber,Patch,20.63095346130114,78.79140770489572,-58.16045424359458,0.8323958612400683,1.6624702221623513,-0.830074360922283
PH_vs_Patch,II,194,1,0,PatchHuber,Patch,17.209466625839035,76.89454710301793,-59.68508047717889,0.6112465004982903,1.1777729560893546,-0.5665264555910643
PH_vs_Patch,II,195,1,0,PatchHuber,Patch,24.22887626828728,81.93643823522834,-57.70756196694106,0.7881267989738858,1.0827820390436558,-0.29465524006976995
PH_vs_Patch,II,196,1,0,PatchHuber,Patch,25.26047480641712,77.58907609244235,-52.32860128602523,0.7544389042264901,0.4982044792808305,0.25623442494565957
PH_vs_Patch,II,197,1,0,PatchHuber,Patch,26.694690111227477,77.70629276733462,-51.011602656107144,0.9823242372349744,0.4632923151886901,0.5190319220462843
PH_vs_Patch,II,238,1,0,PatchHuber,Patch,26.38611125954333,33.95494003011903,-7.568828770575703,0.733842526952487,0.7868449564472367,-0.05300242949474976
PH_vs_Patch,II,239,1,0,PatchHuber,Patch,34.91224691116511,35.45322070156229,-0.5409737903971745,0.7918189792390314,1.2027663443767451,-0.4109473651377137
PH_vs_Patch,II,240,1,0,PatchHuber,Patch,35.950056122377745,29.060357534070917,6.889698588306828,0.7423753975489823,0.7161177948987223,0.026257602650260004
PH_vs_Patch,II,241,1,0,PatchHuber,Patch,41.0381299892174,30.71077091643448,10.327359072782922,0.9089693242056168,0.930370250555658,-0.021400926350041205
PH_vs_Patch,II,242,1,0,PatchHuber,Patch,36.6836978466168,33.67353148059891,3.0101663660178914,0.8113733863794741,1.262409887838594,-0.45103650145912
PH_vs_Patch,II,243,1,0,PatchHuber,Patch,43.34986329065018,36.82865155989114,6.521211730759035,0.980681203909596,1.2216616490298464,-0.2409804451202504
PH_vs_Patch,II,244,1,0,PatchHuber,Patch,44.538921869348506,40.08410049696312,4.454821372385389,0.9098134808483536,1.2348943039676863,-0.32508082311933273
PH_vs_Patch,II,245,1,0,PatchHuber,Patch,44.0171680736006,37.45406282072099,6.563105252879609,0.8468916108053329,1.1824148318703511,-0.3355232210650182
PH_vs_Patch,II,246,1,0,PatchHuber,Patch,37.16380602045344,37.824405748806335,-0.6605997283528922,0.7604360545117013,0.9369316879310576,-0.17649563341935637
PH_vs_Patch,II,247,1,0,PatchHuber,Patch,44.29552778769902,41.76834728839959,2.5271804992994333,0.8264357550289232,1.0950531498927167,-0.26861739486379355
PH_vs_Patch,II,248,1,0,PatchHuber,Patch,42.96160705229827,40.33202063839625,2.629586413902018,0.7569248072800964,0.8738448387441973,-0.1169200314641009
PH_vs_Patch,II,249,1,0,PatchHuber,Patch,42.15324222658934,36.59768864901912,5.5555535775702225,0.7034553067051085,1.0452335545080094,-0.3417782478029009
PH_vs_Patch,II,250,1,0,PatchHuber,Patch,40.72789806960956,29.805888990680547,10.922009078929012,0.7116182276980223,0.6238006227560251,0.0878176049419972
PH_vs_Patch,II,251,1,0,PatchHuber,Patch,41.840523507371394,34.65897145240095,7.181552054970446,0.6851170539898459,0.8758597130425284,-0.1907426590526825
PH_vs_Patch,II,252,1,0,PatchHuber,Patch,39.572753625885255,32.54027419379623,7.032479432089026,0.6141955264725221,0.7723576852704026,-0.15816215879788054
PH_vs_Patch,II,253,1,0,PatchHuber,Patch,41.47391536137695,33.73284548341017,7.74106987796678,0.6298015483086082,0.8329052107023642,-0.203103662393756
PH_vs_Patch,II,254,1,0,PatchHuber,Patch,38.85870758200922,33.68261991819367,5.176087663815544,0.4776193760318528,0.5047365889528554,-0.027117212921002665
PH_vs_Patch,II,255,1,0,PatchHuber,Patch,35.31644154722677,38.93594705193085,-3.6195055047040796,0.4430149570177213,0.8613260745757613,-0.41831111755803996
PH_vs_Patch,II,256,1,0,PatchHuber,Patch,39.01101211411613,35.208030305640214,3.802981808475913,0.6672130117020049,0.7238923192299872,-0.05667930752798234
PH_vs_Patch,II,257,1,0,PatchHuber,Patch,38.28375101611673,35.03860393380146,3.2451470823152704,0.7022648266164727,0.9076165543826256,-0.20535172776615285
PH_vs_Patch,II,258,1,0,PatchHuber,Patch,35.90684664394565,36.52235654251561,-0.615509898569961,0.5798681075660589,0.9184777034259995,-0.33860959585994066
PH_vs_Patch,II,259,1,0,PatchHuber,Patch,39.18860717959918,38.45515964995551,0.7334475296436693,0.7428882207282311,0.965560541225878,-0.22267232049764685
PH_vs_Patch,II,260,1,0,PatchHuber,Patch,39.04441629780581,39.13830792039291,-0.09389162258710115,0.967999095325326,0.988283801208884,-0.02028470588355802
PH_vs_Patch,II,261,1,0,PatchHuber,Patch,38.35751866557158,39.09513655466185,-0.7376178890902665,0.8688590381599798,1.2773990026150663,-0.40853996445508656
PH_vs_Patch,II,262,1,0,PatchHuber,Patch,40.05098130862803,38.981626559853375,1.069354748774657,0.7819914572178289,1.2385336185535438,-0.4565421613357149
PH_vs_Patch,II,263,1,0,PatchHuber,Patch,32.896384712413855,39.45640821481319,-6.560023502399332,0.577319017626123,0.8870523734897255,-0.3097333558636025
PH_vs_Patch,II,264,1,0,PatchHuber,Patch,39.425834294101925,40.025580692745,-0.5997463986430773,0.9334671849172804,0.8687159120206756,0.06475127289660487
PH_vs_Patch,II,265,1,0,PatchHuber,Patch,44.96767864856375,47.48657158129013,-2.5188929327263807,1.133289867125958,1.2476492884096262,-0.11435942128366827
PH_vs_Patch,II,266,1,0,PatchHuber,Patch,47.03901012589019,50.10316063376639,-3.0641505078762066,1.0856337889992005,1.33207901702511,-0.2464452280259095
PH_vs_Patch,II,267,1,0,PatchHuber,Patch,44.067196477655855,45.00862733270124,-0.9414308550453825,0.9657880050029568,1.285977238680262,-0.3201892336773051
PH_vs_Patch,II,268,1,0,PatchHuber,Patch,45.23437687568051,57.55824901399824,-12.323872138317732,0.9200226836981014,1.4479086730897806,-0.5278859893916792
PH_vs_Patch,II,269,1,0,PatchHuber,Patch,52.25117495856624,65.35725861412602,-13.106083655559786,1.150999460935503,2.274888885897174,-1.123889424961671
PH_vs_Patch,II,270,1,0,PatchHuber,Patch,52.18079486589159,64.90065457889493,-12.719859713003338,1.1032054780125424,2.0342769136336862,-0.9310714356211438
PH_vs_Patch,II,271,1,0,PatchHuber,Patch,56.48139675542155,76.66735192545762,-20.185955170036074,1.2173467254959611,3.3044153159083254,-2.0870685904123643
PH_vs_Patch,II,272,1,0,PatchHuber,Patch,64.30671203826108,84.77919788311549,-20.472485844854404,1.2697123365237435,3.578698797525389,-2.3089864610016457
PH_vs_Patch,II,273,1,0,PatchHuber,Patch,71.8167529591021,94.37443148166388,-22.557678522561773,1.401898601939121,4.748557500393288,-3.3466588984541668
PH_vs_Patch,II,274,1,0,PatchHuber,Patch,75.79854154614327,100.0631160346191,-24.26457448847583,1.5369986432047715,5.802720891766797,-4.265722248562025
PH_vs_Patch,II,275,1,0,PatchHuber,Patch,72.85124219960929,102.65122005250473,-29.799977852895438,1.511805121498288,7.243807899031375,-5.732002777533087
PH_vs_Patch,II,276,1,0,PatchHuber,Patch,74.92499149414581,93.35758299784874,-18.432591503702923,1.3441975806568591,4.128545476630912,-2.7843478959740535
PH_vs_Patch,II,277,1,0,PatchHuber,Patch,74.96821500253921,93.36908284441348,-18.400867841874273,1.4227778558467048,5.762970244943318,-4.340192389096614
PH_vs_Patch,II,278,1,0,PatchHuber,Patch,79.3059031127182,102.06561325167029,-22.759710138952087,1.3452530738958828,6.599298797288448,-5.254045723392565
PH_vs_Patch,II,279,1,0,PatchHuber,Patch,80.20571404429576,95.03059167903074,-14.824877634734975,1.414031278652568,5.366826837389676,-3.952795558737108
PH_vs_Patch,II,280,1,0,PatchHuber,Patch,78.63523653617119,97.98763654425083,-19.35240000807964,1.4957941509136488,6.22435020850181,-4.728556057588161
PH_vs_Patch,II,281,1,0,PatchHuber,Patch,78.9282430663811,89.7546521970801,-10.826409130699005,1.4580503701997838,3.918482504042891,-2.460432133843107
PH_vs_Patch,II,282,1,0,PatchHuber,Patch,76.11878394669199,94.85357736685005,-18.734793420158056,1.4394233344150786,4.606532468716454,-3.1671091343013753
PH_vs_Patch,II,283,2,0,PatchHuber,Patch,78.25551144169422,89.96396047697061,-11.708449035276388,1.3409507970773586,3.303521332752616,-1.9625705356752574
PH_vs_Patch,II,284,2,0,PatchHuber,Patch,73.85214836149599,84.50668703909605,-10.654538677600058,1.3609174383289666,3.5339876475162626,-2.173070209187296
PH_vs_Patch,II,285,2,0,PatchHuber,Patch,69.50633689411093,81.05339748145957,-11.54706058734864,1.2451693107558806,2.6977832384029226,-1.452613927647042
PH_vs_Patch,II,286,2,0,PatchHuber,Patch,68.18630843168276,75.8742266678673,-7.687918236184544,1.225441849818428,1.6146981529362527,-0.38925630311782466
PH_vs_Patch,II,287,2,0,PatchHuber,Patch,66.59371211714871,74.92205553495704,-8.328343417808327,1.303829688864777,1.93963114265556,-0.635801453790783
PH_vs_Patch,II,288,2,0,PatchHuber,Patch,68.22031226748781,78.5330446104494,-10.312732342961581,1.2822149409338983,1.9242352753938865,-0.6420203344599882
PH_vs_Patch,II,289,2,0,PatchHuber,Patch,72.81432283583588,80.02199658425639,-7.207673748420504,1.3772120659081295,1.987930324904608,-0.6107182589964786
PH_vs_Patch,II,290,2,0,PatchHuber,Patch,73.26168714422037,80.47333631202595,-7.211649167805575,1.3480260362638057,1.7036543454197275,-0.3556283091559218
PH_vs_Patch,II,291,2,0,PatchHuber,Patch,70.29568406939555,78.27450479729485,-7.978820727899304,1.313211198816308,1.8126440843460676,-0.4994328855297596
PH_vs_Patch,II,292,2,0,PatchHuber,Patch,71.64075751742796,81.84921981566019,-10.208462298232234,1.4643959219319629,1.9155034330366625,-0.4511075111046996
PH_vs_Patch,II,293,2,0,PatchHuber,Patch,67.07579911406613,75.89521062518186,-8.819411511115732,1.4321444139440933,1.7090482375114802,-0.27690382356738685
PH_vs_Patch,II,294,2,0,PatchHuber,Patch,64.885048289071,75.26465084691483,-10.379602557843839,1.2772598240744115,1.752425320518489,-0.47516549644407746
PH_vs_Patch,II,295,2,0,PatchHuber,Patch,64.82287464647565,74.54786387578181,-9.72498922930616,1.4104505652912485,1.6535759791395137,-0.24312541384826525
PH_vs_Patch,II,296,2,0,PatchHuber,Patch,65.10746035687394,73.12169773220113,-8.014237375327184,1.4923435453151592,1.797747203066041,-0.30540365775088185
PH_vs_Patch,II,297,2,0,PatchHuber,Patch,62.62370945180358,70.8778461509393,-8.254136699135728,1.4716676091027108,1.7228133470580105,-0.2511457379552997
PH_vs_Patch,II,298,2,0,PatchHuber,Patch,63.03461811923707,71.55832206515093,-8.523703945913866,1.2813170345271725,1.7493605700332533,-0.4680435355060808
PH_vs_Patch,II,299,2,0,PatchHuber,Patch,65.48447273218902,73.41763165672384,-7.933158924534823,1.3151336716424515,1.7635908252381365,-0.44845715359568494
PH_vs_Patch,II,300,2,0,PatchHuber,Patch,63.3234802254153,69.21954986597602,-5.896069640560718,1.3330241083175185,1.565140476469963,-0.23211636815244452
PH_vs_Patch,II,301,2,0,PatchHuber,Patch,66.1586115683591,74.15457012682563,-7.995958558466526,1.3603036580273054,1.7630603883844491,-0.40275673035714377
PH_vs_Patch,II,302,2,0,PatchHuber,Patch,65.01032752514085,71.7000040573419,-6.689676532201048,1.4077807342277662,1.849658207669984,-0.4418774734422177
PH_vs_Patch,II,303,2,0,PatchHuber,Patch,64.2112201908025,70.80593164176982,-6.59471145096731,1.3899873828492142,1.7919847598143552,-0.40199737696514104
PH_vs_Patch,II,304,2,0,PatchHuber,Patch,65.97984092639713,71.26292768156675,-5.28308675516962,1.507474666965127,1.6863428261331015,-0.17886815916797438
PH_vs_Patch,II,305,2,0,PatchHuber,Patch,65.07266742190129,71.17381741086655,-6.101149988965261,1.4465551239534116,1.814369809684213,-0.36781468573080134
PH_vs_Patch,II,306,2,0,PatchHuber,Patch,62.55805892975653,71.09849116248029,-8.54043223272376,1.4419477515573773,1.8404517595268544,-0.39850400796947705
PH_vs_Patch,II,307,2,0,PatchHuber,Patch,63.61693754909278,70.23582100070723,-6.618883451614451,1.4467835798711517,1.5578257993023612,-0.11104221943120951
PH_vs_Patch,II,308,2,0,PatchHuber,Patch,64.96673049429114,73.46966378512415,-8.502933290833013,1.5329658871439964,1.8074086730337915,-0.2744427858897951
PH_vs_Patch,II,309,2,0,PatchHuber,Patch,66.58660734557982,72.62972264183144,-6.043115296251614,1.6762542962609912,1.8064188666196117,-0.1301645703586205
PH_vs_Patch,II,310,2,0,PatchHuber,Patch,65.66428238687908,74.27988139563826,-8.615599008759176,1.682333923015228,1.8397115737568464,-0.15737765074161825
PH_vs_Patch,II,311,2,0,PatchHuber,Patch,62.56799579066258,72.23021820166139,-9.662222410998808,1.5404383501425598,1.6590481985408292,-0.11860984839826938
PH_vs_Patch,II,312,2,0,PatchHuber,Patch,61.893995188496056,73.69815541028372,-11.804160221787662,1.67141396010665,1.4340313332378984,0.23738262686875156
PH_vs_Patch,II,313,2,0,PatchHuber,Patch,61.05382281908504,80.29823297824075,-19.244410159155706,1.705270796575498,2.1340349773355927,-0.4287641807600946
PH_vs_Patch,II,314,2,0,PatchHuber,Patch,58.70981229430912,71.57764533447113,-12.867833040162012,1.5994755753324108,1.4663842504419542,0.1330913248904566
PH_vs_Patch,II,315,2,0,PatchHuber,Patch,57.91390268829365,74.35211462667607,-16.438211938382416,1.7067932387884586,1.152286370521865,0.5545068682665935
PH_vs_Patch,II,316,2,0,PatchHuber,Patch,56.77750487796988,72.5881142674654,-15.810609389495518,1.7561414744241708,1.2659200198141751,0.49022145460999567
PH_vs_Patch,II,317,2,0,PatchHuber,Patch,55.95167369620405,76.6529153104302,-20.701241614226156,1.7215151397927873,0.6987130357849567,1.0228021040078306
PH_vs_Patch,II,318,2,0,PatchHuber,Patch,55.088593649490086,79.3594844546955,-24.27089080520542,1.8187066174442943,1.4510936554904366,0.36761296195385773
PH_vs_Patch,II,319,2,0,PatchHuber,Patch,52.857758484377065,87.36857428694756,-34.5108158025705,1.6097587214378857,1.566485345465915,0.043273375971970784
PH_vs_Patch,II,320,2,0,PatchHuber,Patch,53.85974195076304,91.70417101561566,-37.84442906485262,1.7177324905458475,2.073407449152018,-0.35567495860617027
PH_vs_Patch,II,321,2,0,PatchHuber,Patch,51.66572554950665,84.7608593632579,-33.09513381375125,1.695883024590396,1.6848128680602887,0.011070156530107234
PH_vs_Patch,II,322,2,0,PatchHuber,Patch,51.28529401859189,105.41110119078988,-54.12580717219799,1.6895228240728313,1.806811921010308,-0.11728909693747669
PH_vs_Patch,II,323,2,0,PatchHuber,Patch,50.48175200080457,112.90566549451351,-62.423913493708945,1.7830717065767567,2.7385073779535904,-0.9554356713768337
PH_vs_Patch,II,324,2,0,PatchHuber,Patch,51.3416609735293,120.25111706404084,-68.90945609051154,1.69882693397895,4.532420054979943,-2.8335931210009937
PH_vs_Patch,II,325,2,0,PatchHuber,Patch,49.783525182917074,130.71072869673924,-80.92720351382216,1.7685188209472646,8.695462615690339,-6.9269437947430745
PH_vs_Patch,II,326,2,0,PatchHuber,Patch,48.48931769394283,137.91333285592148,-89.42401516197864,1.724077368862734,9.989196339443492,-8.265118970580758
PH_vs_Patch,II,327,2,0,PatchHuber,Patch,48.45398977113125,149.8750056845451,-101.42101591341385,1.6891232144957855,12.708378916214263,-11.019255701718478
PH_vs_Patch,II,328,2,0,PatchHuber,Patch,48.16347993804354,160.4800015299922,-112.31652159194866,1.7350823996779243,12.478382206982332,-10.743299807304407
PH_vs_Patch,II,329,2,0,PatchHuber,Patch,47.87825342528877,134.7323993417811,-86.85414591649234,1.6346241102878665,10.583248978373524,-8.948624868085657
PH_vs_Patch,II,330,2,0,PatchHuber,Patch,44.16436955950677,129.37311907400357,-85.2087495144968,1.6408484364962157,9.953934147378558,-8.313085710882342
PH_vs_Patch,II,331,2,0,PatchHuber,Patch,47.25105545792007,126.00161098360304,-78.75055552568298,1.6095129686100598,9.553662117150152,-7.944149148540092
PH_vs_Patch,II,332,2,0,PatchHuber,Patch,46.82504909338738,116.10790328419888,-69.2828541908115,1.642616484323301,7.690650985031803,-6.048034500708503
PH_vs_Patch,II,333,3,0,PatchHuber,Patch,46.87092551597276,113.92971163443708,-67.05878611846433,1.6205086219900364,7.499089612172554,-5.878580990182518
PH_vs_Patch,II,334,3,0,PatchHuber,Patch,47.14232074387104,97.51229895262716,-50.36997820875612,1.9378707240283728,5.256468124348958,-3.318597400320585
PH_vs_Patch,II,335,3,0,PatchHuber,Patch,49.800323390208085,87.42835638952103,-37.62803299931294,1.735903354313269,4.207742638735151,-2.4718392844218817
PH_vs_Patch,II,336,3,0,PatchHuber,Patch,46.3377430338784,78.21796804298114,-31.880225009102745,1.818541048706284,2.9887828435393518,-1.1702417948330677
PH_vs_Patch,II,337,3,0,PatchHuber,Patch,46.903322426731336,74.5086266867165,-27.60530425998516,1.758510829894128,2.723047008175873,-0.964536178281745
PH_vs_Patch,II,338,3,0,PatchHuber,Patch,47.7915610646702,69.06444838260589,-21.27288731793569,2.0740581874267723,2.1691154376289683,-0.09505725020219602
PH_vs_Patch,II,339,3,0,PatchHuber,Patch,46.596767925039,75.96704816039035,-29.370280235351345,1.8181863559594105,2.327942599947279,-0.5097562439878687
PH_vs_Patch,II,340,3,0,PatchHuber,Patch,46.25630928704278,60.15437477084646,-13.898065483803677,2.0406890376722147,1.305543931579011,0.7351451060932037
PH_vs_Patch,II,341,3,0,PatchHuber,Patch,46.03754313418695,69.35610952278478,-23.31856638859783,2.004829856329132,1.259313046686683,0.7455168096424489
PH_vs_Patch,II,342,3,0,PatchHuber,Patch,43.71792124924626,67.29863484710327,-23.580713597857013,2.01581710614836,1.0131932645671895,1.0026238415811706
PH_vs_Patch,II,343,3,0,PatchHuber,Patch,44.96435651782603,59.654626042165866,-14.690269524339833,2.0494106576640343,0.7586379784719455,1.2907726791920888
PH_vs_Patch,II,344,3,0,PatchHuber,Patch,45.06727834566529,61.38624140343426,-16.318963057768975,2.1169493913895105,0.8249347892563584,1.2920146021331522
PH_vs_Patch,II,345,3,0,PatchHuber,Patch,45.71423402925469,58.89005873702818,-13.175824707773486,2.151717734267859,0.9196231168097364,1.2320946174581227
PH_vs_Patch,II,346,3,0,PatchHuber,Patch,45.06447034068727,53.57478037514748,-8.510310034460211,1.9559396322254752,1.070546404411535,0.8853932278139403
PH_vs_Patch,II,347,3,0,PatchHuber,Patch,26.460457168618724,54.57052778329002,-28.110070614671294,1.307663356147149,1.0977456587058096,0.20991769744133926
PH_vs_Patch,II,348,3,0,PatchHuber,Patch,43.83349893722038,48.3435514474657,-4.510052510245323,1.9058083305012112,0.9815424829697064,0.9242658475315049
PH_vs_Patch,II,349,3,0,PatchHuber,Patch,43.42668872512408,48.95647513054235,-5.529786405418271,2.3128134607860478,1.395369080573447,0.9174443802126007
PH_vs_Patch,II,350,3,0,PatchHuber,Patch,42.86004602969682,47.606810444213664,-4.746764414516846,2.0815497198339665,1.5071275623750062,0.5744221574589603
PH_vs_Patch,II,351,3,0,PatchHuber,Patch,43.99184828134263,48.72756315419981,-4.73571487285718,2.039444692500413,1.293766102837954,0.7456785896624591
PH_vs_Patch,II,352,3,0,PatchHuber,Patch,43.57723768713108,46.44590896429671,-2.8686712771656317,2.035473142183025,1.40261233803967,0.632860804143355
PH_vs_Patch,II,353,3,0,PatchHuber,Patch,43.19658451831358,48.88894705308643,-5.692362534772855,2.113221152520756,1.5813295267229002,0.5318916257978556
PH_vs_Patch,II,354,3,0,PatchHuber,Patch,44.832225296228366,50.61055656388022,-5.778331267651858,2.19973004250416,1.590437982803343,0.6092920597008169
PH_vs_Patch,II,355,3,0,PatchHuber,Patch,45.51860566694396,50.50136804714958,-4.982762380205621,2.289058757468102,1.5696887524477698,0.719370005020332
PH_vs_Patch,II,356,3,0,PatchHuber,Patch,43.40956216110377,47.97349231130791,-4.563930150204136,2.350722895340852,1.6115079299108004,0.7392149654300515
PH_vs_Patch,II,357,3,0,PatchHuber,Patch,42.0428788166568,47.62942303670145,-5.586544220044651,2.158722421492472,1.3812833112716465,0.7774391102208256
PH_vs_Patch,II,358,3,0,PatchHuber,Patch,43.50241090930393,46.64228170151667,-3.13987079221274,2.10095097960126,1.3353145976408778,0.7656363819603824
PH_vs_Patch,II,359,3,0,PatchHuber,Patch,42.104557779012325,46.37502148139253,-4.270463702380205,2.276367382666664,1.3214615442597537,0.9549058384069105
PH_vs_Patch,II,360,3,0,PatchHuber,Patch,41.52432392275941,45.09950899145972,-3.575185068700314,2.3407675390138385,1.3707864193906396,0.9699811196231989
PH_vs_Patch,II,361,3,0,PatchHuber,Patch,40.93299142011092,43.53241099547847,-2.5994195753675484,2.271151861492338,1.3722324646814372,0.8989193968109008
PH_vs_Patch,II,362,3,0,PatchHuber,Patch,41.42342901528426,43.97861148655515,-2.5551824712708893,2.395128389544569,1.4966916358227351,0.8984367537218341
PH_vs_Patch,II,363,3,0,PatchHuber,Patch,42.91206864445167,44.13889446412691,-1.2268258196752413,2.2426613361237235,1.4695113326426614,0.7731500034810621
PH_vs_Patch,II,364,3,0,PatchHuber,Patch,41.55219775934217,42.46199806324852,-0.9098003039063514,2.3525326142668583,1.4662582252659746,0.8862743890008837
PH_vs_Patch,II,365,3,0,PatchHuber,Patch,41.70594042480314,41.8797348835455,-0.1737944587423641,2.2482102165489595,1.577890105905616,0.6703201106433434
PH_vs_Patch,II,366,3,0,PatchHuber,Patch,39.4955864025653,40.70672092986794,-1.2111345273026402,2.511789209134708,1.7270291572355383,0.7847600518991698
PH_vs_Patch,II,367,3,0,PatchHuber,Patch,43.2753561741307,42.74414786171908,0.5312083124116214,2.4498748893855047,1.5060924448209478,0.9437824445645568
PH_vs_Patch,II,368,3,0,PatchHuber,Patch,38.44347729315378,39.79672284846155,-1.3532455553077725,2.533903649920483,1.802144643034014,0.7317590068864688
PH_vs_Patch,II,369,3,0,PatchHuber,Patch,40.15321075308957,40.553617088269085,-0.4004063351795182,2.435681042383686,1.5203236974395515,0.9153573449441346
PH_vs_Patch,II,370,3,0,PatchHuber,Patch,40.20504795745664,40.95474115443744,-0.7496931969808003,2.4253384055111966,1.458247825863216,0.9670905796479805
PH_vs_Patch,II,371,3,0,PatchHuber,Patch,42.646469284936366,40.94713871609483,1.699330568841539,2.4324391385722444,1.236408799202324,1.1960303393699203
PH_vs_Patch,II,372,3,0,PatchHuber,Patch,40.60628133004303,37.79385959796214,2.8124217320808924,2.2938475646681726,1.411460008735512,0.8823875559326606
PH_vs_Patch,II,373,3,0,PatchHuber,Patch,40.81492390031902,38.26587255908438,2.5490513412346445,2.400669721547676,1.2163042982531556,1.1843654232945204
PH_vs_Patch,II,374,3,0,PatchHuber,Patch,42.05840064434669,38.067071665626045,3.991328978720645,2.500351938148692,1.358526131607808,1.1418258065408837
PH_vs_Patch,II,375,3,0,PatchHuber,Patch,40.551197597448684,36.70600985339544,3.8451877440532414,2.395314373566189,1.0864594507465943,1.3088549228195947
PH_vs_Patch,II,376,3,0,PatchHuber,Patch,43.66936229697957,38.03722909586816,5.632133201111408,2.3430687517554545,1.0792262018053032,1.2638425499501513
PH_vs_Patch,II,377,3,0,PatchHuber,Patch,41.437907994305874,38.59147634068892,2.8464316536169534,2.1443036135549693,0.8804017607340612,1.2639018528209083
PH_vs_Patch,II,378,3,0,PatchHuber,Patch,42.62234308218592,39.051765028820014,3.5705780533659066,2.109351669226317,0.7692355865577053,1.3401160826686116
PH_vs_Patch,II,379,3,0,PatchHuber,Patch,42.22569528881977,36.79129510796831,5.434400180851462,2.085142961050128,0.8782948018615679,1.2068481591885603
PH_vs_Patch,II,380,3,0,PatchHuber,Patch,43.96497722952383,38.38576321162206,5.579214017901769,2.1792750842884256,0.928548632310498,1.2507264519779278
PH_vs_Patch,II,381,3,0,PatchHuber,Patch,45.17570466886816,37.35890796926563,7.816796699602527,2.1465135701580853,0.6448034880518193,1.5017100821062659
PH_vs_Patch,II,382,3,0,PatchHuber,Patch,41.67205659002126,36.476182744631295,5.195873845389968,2.008122306866349,0.6976857668080506,1.3104365400582982
PH_vs_Patch,II,383,4,0,PatchHuber,Patch,42.71195420572344,35.22859013300225,7.483364072721187,1.95313150163094,0.6667624141563501,1.28636908747459
PH_vs_Patch,II,384,4,0,PatchHuber,Patch,39.57140145672757,34.499176294783474,5.072225161944097,1.8775160881467787,0.5822158285085124,1.2953002596382663
PH_vs_Patch,II,385,4,0,PatchHuber,Patch,40.75735799361935,35.219763759498925,5.5375942341204265,1.8901360671636376,0.5100105118871502,1.3801255552764875
PH_vs_Patch,II,386,4,0,PatchHuber,Patch,41.0119754774616,32.52723021502976,8.484745262431836,1.7948371152033669,0.5227274864803411,1.2721096287230258
PH_vs_Patch,II,387,4,0,PatchHuber,Patch,39.81395433852672,31.712541212060746,8.101413126465975,1.798943943625355,0.6741674505867118,1.124776493038643
PH_vs_Patch,II,388,4,0,PatchHuber,Patch,43.67203002666831,32.95784919018796,10.714180836480352,1.845950512764012,0.6253584470037439,1.220592065760268
PH_vs_Patch,II,389,4,0,PatchHuber,Patch,42.07565483713634,32.19298281395376,9.882672023182579,1.924905105760535,0.5295065023090617,1.3953986034514734
PH_vs_Patch,II,390,4,0,PatchHuber,Patch,40.5154166454944,30.69058308593045,9.824833559563949,1.83973209056968,0.7352023582972486,1.1045297322724315
PH_vs_Patch,II,391,4,0,PatchHuber,Patch,41.28600462273303,32.61821229242397,8.667792330309062,1.8202960327291455,0.6277331365650246,1.1925628961641208
PH_vs_Patch,II,392,4,0,PatchHuber,Patch,42.8962051675565,32.21751219875433,10.678692968802174,1.6090473535047003,0.2706462027751924,1.338401150729508
PH_vs_Patch,II,393,4,0,PatchHuber,Patch,42.06549922454952,35.413759176264776,6.6517400482847435,1.7408104237592157,0.2774259886015093,1.4633844351577063
PH_vs_Patch,II,394,4,0,PatchHuber,Patch,41.003019642333015,33.04487077809169,7.958148864241323,1.6478854978862247,0.416152914419974,1.2317325834662507
PH_vs_Patch,II,395,4,0,PatchHuber,Patch,42.45223433999276,34.02973094010019,8.422503399892577,1.6919194090346703,0.4048286310157824,1.2870907780188878
PH_vs_Patch,II,396,4,0,PatchHuber,Patch,44.59802205283397,35.23121940050158,9.366802652332389,1.6952908306773062,0.1695240777532307,1.5257667529240755
PH_vs_Patch,II,397,4,0,PatchHuber,Patch,42.69461933682015,33.28065579202157,9.413963544798584,1.740506527945366,0.2699821179364262,1.4705244100089399
PH_vs_Patch,II,398,4,0,PatchHuber,Patch,43.33453507723769,33.76643609770676,9.56809897953093,1.7358138610967015,0.217900572780968,1.5179132883157336
PH_vs_Patch,II,399,4,0,PatchHuber,Patch,39.74482759796261,32.16324262607062,7.581584971891992,1.685609846767054,0.2234869540032265,1.4621228927638275
PH_vs_Patch,II,400,4,0,PatchHuber,Patch,42.37672035941444,33.74454371674124,8.632176642673201,1.7233175703665031,0.1415291058089905,1.5817884645575127
PH_vs_Patch,II,401,4,0,PatchHuber,Patch,41.88716356096806,32.14424462735926,9.742918933608806,1.586757089018514,0.3903150759129795,1.1964420131055347
PH_vs_Patch,II,402,4,0,PatchHuber,Patch,41.02584982073213,32.786533922054375,8.239315898677752,1.8302509207028448,0.4137865342356445,1.4164643864672004
PH_vs_Patch,II,403,4,0,PatchHuber,Patch,41.59508404904893,32.62965862744126,8.96542542160767,1.9561717675128416,0.1161955773020993,1.8399761902107423
PH_vs_Patch,II,404,4,0,PatchHuber,Patch,41.291896234620985,32.92948712802006,8.362409106600929,1.846019515424956,0.1855221373958295,1.6604973780291263
PH_vs_Patch,II,405,4,0,PatchHuber,Patch,40.96316950741544,31.25824013878127,9.704929368634165,1.7699191318803618,0.2579765306330537,1.511942601247308
PH_vs_Patch,II,406,4,0,PatchHuber,Patch,40.4905641890329,30.12773862591596,10.362825563116942,1.75434964463176,0.1504824724966414,1.6038671721351185
PH_vs_Patch,II,407,4,0,PatchHuber,Patch,40.77601935185238,31.625482570425184,9.1505367814272,1.7294817108172753,0.157462969283378,1.5720187415338973
PH_vs_Patch,II,408,4,0,PatchHuber,Patch,41.09429375610796,31.868467717030377,9.225826039077582,1.836884399138399,0.3360734804263426,1.5008109187120564
PH_vs_Patch,II,409,4,0,PatchHuber,Patch,40.19285497091668,29.95704704448528,10.235807926431399,1.785064725074716,0.407151575073472,1.377913150001244
PH_vs_Patch,II,410,4,0,PatchHuber,Patch,40.112912854686925,32.489416836110166,7.623496018576759,1.9401624411956355,0.3162695333218355,1.6238929078738
PH_vs_Patch,II,411,4,0,PatchHuber,Patch,40.660643182914576,31.94476650910415,8.715876673810428,1.6794213591205829,0.2745961965060373,1.4048251626145456
PH_vs_Patch,II,412,4,0,PatchHuber,Patch,40.51905076066785,33.346911609650014,7.172139151017838,1.7043228657156102,0.3762183077660312,1.328104557949579
PH_vs_Patch,II,413,4,0,PatchHuber,Patch,41.0403505602792,31.90102905591476,9.139321504364442,1.7475046404304255,0.218300722473346,1.5292039179570796
PH_vs_Patch,II,414,4,0,PatchHuber,Patch,36.74043090982675,30.84027086005621,5.9001600497705375,1.882528639676127,0.4357866444784008,1.446741995197726
PH_vs_Patch,II,415,4,0,PatchHuber,Patch,39.80523766213638,32.85199394852268,6.953243713613695,1.7868200731056734,0.5748307382139188,1.2119893348917545
PH_vs_Patch,II,416,4,0,PatchHuber,Patch,38.595994879984815,31.39086610854025,7.2051287714445635,1.7343240237326034,0.2360184827667339,1.4983055409658694
PH_vs_Patch,II,417,4,0,PatchHuber,Patch,36.90517186659367,31.063777317535155,5.8413945490585135,1.737981298062068,0.2291159881009013,1.5088653099611666
PH_vs_Patch,II,418,4,0,PatchHuber,Patch,37.214603608813256,32.19002844021199,5.024575168601267,1.7307686439692198,0.3871964731465217,1.3435721708226982
PH_vs_Patch,II,419,4,0,PatchHuber,Patch,35.59207419594401,31.264309701300355,4.327764494643652,1.6540996055096189,0.5811985871415632,1.0729010183680556
PH_vs_Patch,II,420,4,0,PatchHuber,Patch,35.4289797987167,32.27723688330853,3.151742915408171,1.7265935790167022,0.7587942548565323,0.9677993241601699
PH_vs_Patch,II,421,4,0,PatchHuber,Patch,37.441584567035065,33.1208659340955,4.320718632939567,1.6823355434219385,0.4797688404191259,1.2025667030028127
PH_vs_Patch,II,422,4,0,PatchHuber,Patch,35.959285641153066,32.33281069741452,3.6264749437385433,1.7420600972945053,0.6495634580466442,1.092496639247861
PH_vs_Patch,II,423,4,0,PatchHuber,Patch,37.2313668049765,31.677112620187533,5.55425418478897,1.6549349708211778,0.4433874224225667,1.2115475483986111
PH_vs_Patch,II,424,4,0,PatchHuber,Patch,37.99099447679245,33.18699326528112,4.804001211511334,1.7581838882202276,0.298859206575753,1.4593246816444747
PH_vs_Patch,II,425,4,0,PatchHuber,Patch,35.98355755574406,32.8785367757728,3.1050207799712624,1.6421300901376394,0.4529283285729745,1.1892017615646648
PH_vs_Patch,II,426,4,0,PatchHuber,Patch,35.14474713332696,31.66008152441898,3.484665608907978,1.805790620700862,0.5014337034906678,1.3043569172101943
PH_vs_Patch,II,427,4,0,PatchHuber,Patch,36.56767791264968,33.345991267344886,3.2216866453047928,1.757774824318518,0.5515113979846767,1.2062634263338414
PH_vs_Patch,II,428,4,0,PatchHuber,Patch,36.46832243569893,31.569207352059752,4.8991150836391775,1.8450758326034191,0.5175703985858517,1.3275054340175674
PH_vs_Patch,II,429,4,0,PatchHuber,Patch,35.45913976452357,32.00138262460421,3.4577571399193587,1.878170080838074,0.5196848412997166,1.3584852395383573
PH_vs_Patch,II,430,4,0,PatchHuber,Patch,36.46484938548756,32.770664681601055,3.6941847038865063,1.7360840896245535,0.3868116902979923,1.3492723993265612
PH_vs_Patch,II,431,4,0,PatchHuber,Patch,36.010748318007224,32.875077719003855,3.135670599003369,1.751627446029263,0.4718499020818061,1.2797775439474568
PH_vs_Patch,II,432,4,0,PatchHuber,Patch,35.32655510886609,31.167508674398203,4.159046434467886,1.8663172637660037,0.3065932553079806,1.559724008458023
PH_vs_Patch,II,433,5,0,PatchHuber,Patch,34.58363522619385,32.24730365460908,2.336331571584772,1.852122033909396,0.6082155716072374,1.2439064623021587
PH_vs_Patch,II,434,5,0,PatchHuber,Patch,35.351173914484,33.61277453237346,1.7383993821105435,1.8494868463220395,0.4186745851288554,1.4308122611931842
PH_vs_Patch,II,435,5,0,PatchHuber,Patch,37.19328397459269,33.26599890612427,3.9272850684684215,1.667707933247661,0.5924003990206202,1.0753075342270408
PH_vs_Patch,II,436,5,0,PatchHuber,Patch,35.68012073374553,32.62819387772927,3.051926856016266,1.835213048586232,0.6706478442974344,1.1645652042887975
PH_vs_Patch,II,437,5,0,PatchHuber,Patch,34.132421967697674,32.947159258199456,1.1852627094982182,1.8470499185341285,0.5857446815259317,1.2613052370081967
PH_vs_Patch,II,438,5,0,PatchHuber,Patch,35.83303764881245,31.798267225887564,4.034770422924886,1.953246530296076,0.7055107939161526,1.2477357363799233
PH_vs_Patch,II,439,5,0,PatchHuber,Patch,36.06152497618097,32.96091770447485,3.1006072717061173,1.9518629376560968,0.7865476065746116,1.165315331081485
PH_vs_Patch,II,440,5,0,PatchHuber,Patch,34.78754392918786,32.30613374426507,2.481410184922794,1.933777770494848,0.7134799100992469,1.220297860395601
PH_vs_Patch,II,441,5,0,PatchHuber,Patch,37.3651751867417,33.90710263494317,3.45807255179853,2.070396343198404,0.7627331920513005,1.3076631511471035
PH_vs_Patch,II,442,5,0,PatchHuber,Patch,35.66503534405501,31.89817660770748,3.766858736347533,1.9741413829954728,0.7877252652056324,1.1864161177898405
PH_vs_Patch,II,443,5,0,PatchHuber,Patch,38.41720050665622,32.929005026253336,5.4881954804028865,2.111821119622152,0.8153788711811721,1.29644224844098
PH_vs_Patch,II,444,5,0,PatchHuber,Patch,38.36799126470104,32.33189302428809,6.036098240412947,2.1304230773202524,0.674636361530547,1.4557867157897055
PH_vs_Patch,II,445,5,0,PatchHuber,Patch,36.70035332929447,33.16085520880434,3.53949812049013,2.203108374686419,1.008149417509259,1.1949589571771602
PH_vs_Patch,II,446,5,0,PatchHuber,Patch,37.28768809109256,31.250524020482043,6.037164070610519,2.2589061364983776,0.9891794026391896,1.269726733859188
PH_vs_Patch,II,447,5,0,PatchHuber,Patch,37.265121952566325,32.86517178543458,4.399950167131742,2.3240485298832163,0.9492817363428472,1.3747667935403691
PH_vs_Patch,II,448,5,0,PatchHuber,Patch,39.20367607354631,31.279866922131305,7.923809151415007,2.4482333454705807,1.1143793331339251,1.3338540123366556
PH_vs_Patch,II,449,5,0,PatchHuber,Patch,38.124214434095606,34.68505453028224,3.439159903813369,2.4878224105259577,1.5350742707180869,0.9527481398078708
PH_vs_Patch,II,450,5,0,PatchHuber,Patch,38.35234696946135,32.22495077419294,6.12739619526841,2.2560311736706864,1.161613656805738,1.0944175168649484
PH_vs_Patch,II,451,5,0,PatchHuber,Patch,38.334982688746415,32.75383181429998,5.581150874446436,2.42235088452106,1.4727018080365182,0.949649076484542
PH_vs_Patch,II,452,5,0,PatchHuber,Patch,40.07263396074251,33.794969737964365,6.277664222778142,2.5397047383404576,1.518527911354374,1.0211768269860837
PH_vs_Patch,II,453,5,0,PatchHuber,Patch,37.64720553763206,34.73817206825219,2.909033469379871,2.2867794529473104,1.0989182782469036,1.1878611747004069
PH_vs_Patch,II,454,5,0,PatchHuber,Patch,38.152632061141816,33.65471735772674,4.497914703415077,2.121665968021616,0.8975254687925538,1.224140499229062
PH_vs_Patch,II,455,5,0,PatchHuber,Patch,37.461626333556666,33.60627290320351,3.855353430353155,2.3190684853476813,0.984281911867014,1.3347865734806672
PH_vs_Patch,II,456,5,0,PatchHuber,Patch,39.96537648613853,35.26217990209943,4.703196584039098,2.198119738480859,0.9602416239121432,1.2378781145687157
PH_vs_Patch,II,457,5,0,PatchHuber,Patch,41.49573444918117,36.61822432147829,4.877510127702884,2.223663208038986,0.5870899050390598,1.6365733029999263
PH_vs_Patch,II,458,5,0,PatchHuber,Patch,38.98571881414245,34.23113062106781,4.754588193074639,2.2462840839622533,0.831587408765495,1.4146966751967582
PH_vs_Patch,II,459,5,0,PatchHuber,Patch,40.373461060115545,35.36881209832978,5.004648961785769,2.186427388491752,0.9746287358166136,1.2117986526751388
PH_vs_Patch,II,460,5,0,PatchHuber,Patch,42.59347638085717,38.54943392575987,4.044042455097298,2.029819302575643,0.736723858221627,1.293095444354016
PH_vs_Patch,II,461,5,0,PatchHuber,Patch,40.74153304965028,37.839988077981616,2.901544971668663,1.9620241386753143,0.9246173633263668,1.0374067753489475
PH_vs_Patch,II,462,5,0,PatchHuber,Patch,39.76526513839404,35.36168286856155,4.403582269832491,2.026948360411644,0.8778927294736119,1.1490556309380322
PH_vs_Patch,II,463,5,0,PatchHuber,Patch,38.95577890818184,37.01048887466576,1.9452900335160805,1.894944481427392,0.887372097253703,1.007572384173689
PH_vs_Patch,II,464,5,0,PatchHuber,Patch,39.76084520200833,40.13776404638696,-0.3769188443786291,1.9347347335927652,3.1731707120455552,-1.23843597845279
PH_vs_Patch,II,465,5,0,PatchHuber,Patch,38.79347282153383,56.65401798216477,-17.860545160630934,1.8350481416152569,5.511780518078262,-3.676732376463005
PH_vs_Patch,II,466,5,0,PatchHuber,Patch,38.56559941203752,98.6941561046121,-60.128556692574584,1.9375632385018529,10.035169294568693,-8.09760605606684
PH_vs_Patch,II,467,5,0,PatchHuber,Patch,37.18186644777232,171.7000988340696,-134.51823238629726,1.8933658749211384,14.950267586810003,-13.056901711888866
PH_vs_Patch,II,468,5,0,PatchHuber,Patch,40.44938464964269,199.1818841370477,-158.732499487405,1.9829106070816709,14.849433467543149,-12.866522860461478
PH_vs_Patch,II,469,5,0,PatchHuber,Patch,39.16572619807338,117.19143932884892,-78.02571313077553,1.896929521960662,11.912132468543357,-10.015202946582695
PH_vs_Patch,II,470,5,0,PatchHuber,Patch,39.81260760864673,48.56630107729963,-8.753693468652898,2.008784203937764,2.0147593232601064,-0.005975119322342515
PH_vs_Patch,II,471,5,0,PatchHuber,Patch,40.4893668657458,44.36790470977503,-3.878537844029232,2.0207908143840614,1.2051542472763852,0.8156365671076762
PH_vs_Patch,II,472,5,0,PatchHuber,Patch,39.93502324480727,73.38513229585845,-33.450109051051186,2.0384127268212318,5.188637463742331,-3.150224736921099
PH_vs_Patch,II,473,5,0,PatchHuber,Patch,38.87277377217093,191.20865036842144,-152.3358765962505,2.026236563702879,14.575858630513338,-12.549622066810459
PH_vs_Patch,II,474,5,0,PatchHuber,Patch,37.27177049224818,235.6320549334349,-198.3602844411867,2.129326523087022,14.863892200333051,-12.73456567724603
PH_vs_Patch,II,475,5,0,PatchHuber,Patch,36.778787426155176,312.03566894906265,-275.25688152290746,2.034652075794614,13.716053667828282,-11.681401592033668
PH_vs_Patch,II,476,5,0,PatchHuber,Patch,39.89173955893269,376.85181509872814,-336.96007553979547,2.2378480649583805,9.870240479598037,-7.632392414639656
PH_vs_Patch,II,477,5,0,PatchHuber,Patch,44.18186214182979,300.0,-255.81813785817022,2.840229762253614,0.0,2.840229762253614
PH_vs_Patch,II,478,5,0,PatchHuber,Patch,53.22220855330002,300.00000000000006,-246.77779144670004,3.6368173445867664,0.0,3.6368173445867664
PH_vs_Patch,II,479,5,0,PatchHuber,Patch,65.48107921419168,300.0,-234.51892078580832,4.928229099091868,0.0,4.928229099091868
PH_vs_Patch,II,480,5,0,PatchHuber,Patch,94.49827695537276,300.0,-205.50172304462723,7.918808255890429,0.0,7.918808255890429
PH_vs_Patch,II,481,5,0,PatchHuber,Patch,124.95237779840949,300.0,-175.0476222015905,9.77137455920795,0.0,9.77137455920795
PH_vs_Patch,II,482,5,0,PatchHuber,Patch,124.7656040810191,300.0,-175.2343959189809,9.327244252493946,0.0,9.327244252493946
PH_vs_Patch,II,483,6,0,PatchHuber,Patch,119.68489998338288,299.99999999999994,-180.31510001661707,8.429958997530367,0.0,8.429958997530367
PH_vs_Patch,II,484,6,0,PatchHuber,Patch,118.76434317947258,300.0,-181.23565682052742,8.457469240808129,0.0,8.457469240808129
PH_vs_Patch,II,485,6,0,PatchHuber,Patch,120.20875060542312,299.99999999999994,-179.79124939457682,8.268488107937408,0.0,8.268488107937408
PH_vs_Patch,II,486,6,0,PatchHuber,Patch,112.5607607244323,300.0,-187.4392392755677,8.16312075868703,0.0,8.16312075868703
PH_vs_Patch,II,487,6,0,PatchHuber,Patch,99.56085317340454,300.0,-200.43914682659545,6.986446787560352,0.0,6.986446787560352
PH_vs_Patch,II,488,6,0,PatchHuber,Patch,89.73267433151375,300.0,-210.26732566848625,7.039715024473538,0.0,7.039715024473538
PH_vs_Patch,II,489,6,0,PatchHuber,Patch,101.84790670106396,300.0,-198.15209329893605,8.193825608074276,0.0,8.193825608074276
PH_vs_Patch,II,490,6,0,PatchHuber,Patch,103.2433250402581,300.0,-196.7566749597419,8.871944286100206,0.0,8.871944286100206
PH_vs_Patch,II,491,6,0,PatchHuber,Patch,92.91785319594756,300.0,-207.08214680405246,8.500127961368275,0.0,8.500127961368275
PH_vs_Patch,II,492,6,0,PatchHuber,Patch,81.37529147899431,300.00000000000006,-218.62470852100574,8.339507148736855,0.0,8.339507148736855
PH_vs_Patch,II,493,6,0,PatchHuber,Patch,67.12802218022954,300.00000000000006,-232.8719778197705,7.529456498124828,0.0,7.529456498124828
PH_vs_Patch,II,494,6,0,PatchHuber,Patch,50.28538169411418,300.00000000000006,-249.7146183058859,6.062072954291727,0.0,6.062072954291727
PH_vs_Patch,II,495,6,0,PatchHuber,Patch,32.84097722403038,300.0,-267.1590227759696,3.87863369078044,0.0,3.87863369078044
PH_vs_Patch,II,496,6,0,PatchHuber,Patch,20.93177228077409,300.0,-279.0682277192259,2.6289168896806303,0.0,2.6289168896806303
PH_vs_Patch,II,497,6,0,PatchHuber,Patch,16.227801770083705,300.0,-283.7721982299163,2.176504674416165,0.0,2.176504674416165
PH_vs_Patch,II,498,6,0,PatchHuber,Patch,11.26478676153218,300.00000000000006,-288.73521323846785,1.6168572503130645,0.0,1.6168572503130645
PH_vs_Patch,II,499,6,0,PatchHuber,Patch,5.574871703472287,299.99999999999994,-294.42512829652765,1.3574252516552312,0.0,1.3574252516552312
PH_vs_Patch,II,500,6,0,PatchHuber,Patch,6.415474022940664,345.2087315498976,-338.79325752695695,1.0161291361355231,14.672322873219755,-13.656193737084232
PH_vs_Patch,II,501,6,0,PatchHuber,Patch,6.294555351745224,257.32121098766913,-251.0266556359239,0.9830965394707744,14.627225947278726,-13.644129407807952
PH_vs_Patch,II,502,6,0,PatchHuber,Patch,11.764489103686618,142.61618953309534,-130.8517004294087,0.7855975860210488,12.589254530543297,-11.803656944522247
PH_vs_Patch,II,503,6,0,PatchHuber,Patch,13.75190034039194,91.63144801732984,-77.8795476769379,0.6410988467325679,8.318587979430943,-7.6774891326983745
PH_vs_Patch,II,504,6,0,PatchHuber,Patch,13.220311967398192,129.64662893097295,-116.42631696357476,0.8275714513562401,13.05243200448731,-12.22486055313107
PH_vs_Patch,II,505,6,0,PatchHuber,Patch,15.736230165791342,127.89450939897436,-112.15827923318302,0.6085851773092581,12.765474174990356,-12.156888997681097
PH_vs_Patch,II,506,6,0,PatchHuber,Patch,17.36289386962689,97.92790728309642,-80.56501341346953,0.8077346637843972,8.18529352977615,-7.377558865991753
PH_vs_Patch,II,507,6,0,PatchHuber,Patch,24.22159918971176,87.13040739733255,-62.90880820762079,1.0341367396638643,6.278513678341104,-5.24437693867724
PH_vs_Patch,II,508,6,0,PatchHuber,Patch,21.842109203296275,87.19920181420656,-65.35709261091029,1.1372625133548897,5.937542645356956,-4.800280132002066
PH_vs_Patch,II,509,6,0,PatchHuber,Patch,17.199715542847258,76.38431332995907,-59.18459778711181,0.7847809643696562,3.9295718612670174,-3.1447908968973612
PH_vs_Patch,II,510,6,0,PatchHuber,Patch,18.81896382029941,90.58101225800078,-71.76204843770137,0.7542924620673358,6.596133231135918,-5.8418407690685825
PH_vs_Patch,II,602,6,0,PatchHuber,Patch,42.092314271227146,10.522946986672451,31.569367284554694,1.2465235840070654,0.8771611216630677,0.3693624623439977
PH_vs_Patch,II,603,6,0,PatchHuber,Patch,39.86992743892184,12.538226047340874,27.331701391580967,1.1292453735942427,0.8363288380078615,0.2929165355863812
PH_vs_Patch,II,604,6,0,PatchHuber,Patch,43.659959259383214,14.296883928236625,29.36307533114659,1.1752193222836127,0.733684396200581,0.4415349260830317
PH_vs_Patch,II,605,6,0,PatchHuber,Patch,40.30158800555848,12.4031985395709,27.898389465987577,1.1351042727038931,0.5835578811463544,0.5515463915575387
PH_vs_Patch,II,606,6,0,PatchHuber,Patch,42.15288904772533,15.311747075733487,26.841141971991846,1.0668082238355965,0.5175541349400439,0.5492540888955526
PH_vs_Patch,II,607,6,0,PatchHuber,Patch,38.292190449575465,11.163054546629075,27.129135902946388,0.961277699120795,0.1731819613060512,0.7880957378147437
PH_vs_Patch,II,608,6,0,PatchHuber,Patch,38.07207130474658,13.25941250996804,24.81265879477854,0.9105794881249022,0.2756758271937623,0.6349036609311398
PH_vs_Patch,II,609,6,0,PatchHuber,Patch,35.653390655774714,14.2936667084333,21.359723947341415,0.7871730370039227,0.3247418474499277,0.46243118955399504
PH_vs_Patch,II,610,6,0,PatchHuber,Patch,37.34299364671583,18.229978842567306,19.113014804148527,0.7934383151307185,0.3379302956869984,0.4555080194437201
PH_vs_Patch,II,611,6,0,PatchHuber,Patch,36.05604040625375,18.01940322690269,18.03663717935106,0.8083940440213161,0.7860986435126528,0.0222954005086633
PH_vs_Patch,II,612,6,0,PatchHuber,Patch,34.65276106403968,21.552161163106422,13.100599900933258,0.7457681773050222,0.3378161640359745,0.40795201326904773
PH_vs_Patch,II,613,6,0,PatchHuber,Patch,33.6173506496928,20.76515447546748,12.852196174225323,0.6973271309280643,0.5356690577136352,0.16165807321442915
PH_vs_Patch,II,614,6,0,PatchHuber,Patch,35.70062142875824,21.244664910447785,14.455956518310455,0.8209304845117672,0.7147106563650227,0.10621982814674447
PH_vs_Patch,II,615,6,0,PatchHuber,Patch,39.30581072617454,22.329284977277837,16.976525748896705,0.920963672577546,1.0089077867803151,-0.08794411420276915
PH_vs_Patch,II,616,6,0,PatchHuber,Patch,32.26458680011292,23.47310940638808,8.791477393724843,0.8425100520637112,0.9747484214447985,-0.13223836938108724
PH_vs_Patch,II,617,6,0,PatchHuber,Patch,40.92715365794004,27.7336763872648,13.193477270675238,1.0579947434146622,0.9419240346385082,0.116070708776154
PH_vs_Patch,II,618,6,0,PatchHuber,Patch,42.67823604292687,27.15025311009981,15.527982932827058,1.037041162087827,0.9937300849204538,0.04331107716737326
PH_vs_Patch,II,619,6,0,PatchHuber,Patch,42.4015454585814,30.021759785640505,12.379785672940898,1.080337404846433,1.175134257321907,-0.09479685247547409
PH_vs_Patch,II,620,6,0,PatchHuber,Patch,44.42740003178087,28.98753548397588,15.43986454780499,1.1248761935672786,1.2016941550230988,-0.0768179614558202
PH_vs_Patch,II,621,6,0,PatchHuber,Patch,47.33236763149024,32.89950986177892,14.432857769711326,1.2739304845898984,1.392287530248242,-0.1183570456583436
PH_vs_Patch,II,622,6,0,PatchHuber,Patch,49.74325222948667,36.22260759096562,13.520644638521048,1.2108444796630065,1.447241092163524,-0.23639661250051747
PH_vs_Patch,II,623,6,0,PatchHuber,Patch,49.29969345042982,36.48285624068988,12.816837209739944,1.0374784004741666,1.2446276431810257,-0.20714924270685908
PH_vs_Patch,II,624,7,0,PatchHuber,Patch,49.22692208744203,37.56858065802282,11.65834142941921,1.1843770870917831,1.4848448334479856,-0.30046774635620244
PH_vs_Patch,II,625,7,0,PatchHuber,Patch,46.18077415175418,37.18815258017901,8.992621571575171,0.8914670296908477,1.0895603875318518,-0.19809335784100413
PH_vs_Patch,II,626,7,0,PatchHuber,Patch,47.07850001090812,38.89989083591922,8.1786091749889,1.0186185086434325,1.377725798320669,-0.3591072896772365
PH_vs_Patch,II,627,7,0,PatchHuber,Patch,47.67081162919076,39.9486712777533,7.72214035143746,1.0043842210488807,1.0903867679498251,-0.08600254690094444
PH_vs_Patch,II,628,7,0,PatchHuber,Patch,47.44758960240161,38.24241904509815,9.205170557303454,1.3686183974276411,1.6875359721366685,-0.3189175747090274
PH_vs_Patch,II,629,7,0,PatchHuber,Patch,40.55634453005103,31.55830576069453,8.998038769356498,0.9184909830599052,1.2318406081494782,-0.313349625089573
PH_vs_Patch,II,630,7,0,PatchHuber,Patch,36.62060546703674,28.95589859470676,7.66470687232998,0.968195470035144,0.8800856794540359,0.08810979058110802
PH_vs_Patch,II,631,7,0,PatchHuber,Patch,36.345330938793,25.023622890757245,11.321708048035752,1.2896370380293334,1.2407349665982643,0.04890207143106906
PH_vs_Patch,II,632,7,0,PatchHuber,Patch,37.405536794722565,26.91845448967708,10.487082305045483,1.3478987305751735,1.0484272440933304,0.2994714864818431
PH_vs_Patch,II,633,7,0,PatchHuber,Patch,39.03047803641577,30.192278788581728,8.838199247834044,0.984730968802793,1.127068475666042,-0.14233750686324909
PH_vs_Patch,II,634,7,0,PatchHuber,Patch,40.399039063377934,30.58001716103336,9.819021902344574,1.092809175353451,1.282289207595028,-0.18948003224157706
PH_vs_Patch,II,635,7,0,PatchHuber,Patch,38.754488392624346,30.36258205252416,8.391906340100185,1.0521439891942237,1.4739517893325325,-0.42180780013830876
PH_vs_Patch,II,636,7,0,PatchHuber,Patch,42.44233429236245,35.32174469016952,7.120589602192936,1.1130519420964504,1.580987923048634,-0.4679359809521835
PH_vs_Patch,II,637,7,0,PatchHuber,Patch,42.91893099193158,38.26734425278033,4.651586739151249,1.2045582439699611,2.075874388084347,-0.871316144114386
PH_vs_Patch,II,638,7,0,PatchHuber,Patch,42.73250010575149,35.46195024331934,7.270549862432148,0.9558001858310068,1.7072703730026315,-0.7514701871716247
PH_vs_Patch,II,639,7,0,PatchHuber,Patch,43.3529360778089,40.12776748980396,3.2251685880049408,1.267561331566888,2.25102138394492,-0.9834600523780319
PH_vs_Patch,II,640,7,0,PatchHuber,Patch,44.18125333251344,39.41997070278544,4.761282629728001,1.056107905003114,1.972528987062634,-0.91642108205952
PH_vs_Patch,II,641,7,0,PatchHuber,Patch,45.09976923976358,40.580568568090406,4.519200671673175,1.360248012343951,2.2456436025075908,-0.8853955901636397
PH_vs_Patch,II,642,7,0,PatchHuber,Patch,45.25743713053781,41.55872159406443,3.6987155364733795,1.1523468329050035,2.0600386830691737,-0.9076918501641702
PH_vs_Patch,II,643,7,0,PatchHuber,Patch,42.96199261977772,40.443650891636096,2.518341728141621,1.196593987583073,2.289746207913726,-1.093152220330653
PH_vs_Patch,II,644,7,0,PatchHuber,Patch,44.91747364271123,41.46054913418489,3.456924508526342,1.3163778127232393,2.4473141747422065,-1.1309363620189672
PH_vs_Patch,II,645,7,0,PatchHuber,Patch,46.09083703284381,43.86986094674222,2.2209760861015866,1.3726055493521694,2.500019446060193,-1.1274138967080238
PH_vs_Patch,II,646,7,0,PatchHuber,Patch,43.50438147225287,43.603242183669394,-0.09886071141652764,1.0642130386526942,2.3161362546989555,-1.2519232160462612
PH_vs_Patch,II,647,7,0,PatchHuber,Patch,42.62486673416489,44.18683565554768,-1.5619689213827925,1.103369159128904,2.357502826299786,-1.254133667170882
PH_vs_Patch,II,648,7,0,PatchHuber,Patch,42.4177933618739,46.040654639514365,-3.6228612776404674,1.3257278486635966,2.277436814760895,-0.9517089660972984
PH_vs_Patch,II,649,7,0,PatchHuber,Patch,41.28395159088757,43.69105622549596,-2.4071046346083946,1.3305080858816172,1.9823679688688196,-0.6518598829872024
PH_vs_Patch,II,650,7,0,PatchHuber,Patch,39.061056182677234,43.45408781104939,-4.393031628372157,1.256990013349664,2.2120890907555246,-0.9550990774058605
PH_vs_Patch,II,651,7,0,PatchHuber,Patch,38.29214889691541,45.827170653446125,-7.535021756530718,1.3218877715239623,2.452349210999972,-1.1304614394760097
PH_vs_Patch,II,652,7,0,PatchHuber,Patch,38.35183715104868,44.79027441101755,-6.438437259968872,1.3145977034158485,2.2816033046763957,-0.9670056012605472
PH_vs_Patch,II,653,7,0,PatchHuber,Patch,39.45650060950547,41.69125652218741,-2.2347559126819405,1.5864753393791622,2.4850603113694136,-0.8985849719902514
PH_vs_Patch,II,654,7,0,PatchHuber,Patch,40.91864579442304,43.822944269566015,-2.904298475142973,1.4888769489375784,2.3828451150015524,-0.893968166063974
PH_vs_Patch,II,655,7,0,PatchHuber,Patch,39.11613656968856,43.22727574297,-4.111139173281444,1.3175818769467458,2.051701993292525,-0.7341201163457793
PH_vs_Patch,II,656,7,0,PatchHuber,Patch,40.417061750494106,44.57942969743935,-4.1623679469452455,1.3768625772661522,2.2637059589007125,-0.8868433816345602
PH_vs_Patch,II,657,7,0,PatchHuber,Patch,41.69541654171951,46.33551746528817,-4.64010092356866,1.6154078653063264,2.513570840340889,-0.8981629750345625
PH_vs_Patch,II,658,7,0,PatchHuber,Patch,40.624986041187725,47.028621791133496,-6.403635749945771,1.5858938840611971,1.9322348701994916,-0.34634098613829445
PH_vs_Patch,II,659,7,0,PatchHuber,Patch,40.89872938860123,53.00713441445328,-12.10840502585205,1.4780600296828303,2.1552780346877585,-0.6772180050049281
PH_vs_Patch,II,660,7,0,PatchHuber,Patch,39.57655149706158,53.96600210730617,-14.389450610244587,1.62803831226454,2.125147015937967,-0.49710870367342697
PH_vs_Patch,II,661,7,0,PatchHuber,Patch,40.29754213041777,51.533506184826834,-11.235964054409067,1.7554765398283396,2.1097449929705703,-0.35426845314223065
PH_vs_Patch,II,662,7,0,PatchHuber,Patch,37.98676634590169,47.38725239949216,-9.40048605359047,1.5695378452718112,1.9032759160361803,-0.3337380707643691
PH_vs_Patch,II,663,7,0,PatchHuber,Patch,36.2610746608248,45.29860155006645,-9.037526889241654,1.4885927833909605,1.798781325518231,-0.31018854212727054
PH_vs_Patch,II,664,7,0,PatchHuber,Patch,36.6344959218044,43.21601213210562,-6.581516210301217,1.5469023258440868,1.7379302615668504,-0.19102793572276355
PH_vs_Patch,II,665,7,0,PatchHuber,Patch,35.75790481857075,41.78612751317306,-6.028222694602306,1.4954144622526275,1.552183394157575,-0.05676893190494736
PH_vs_Patch,II,666,7,0,PatchHuber,Patch,33.11339042085313,40.97402182327607,-7.860631402422939,1.5372918493171668,1.622974012365241,-0.08568216304807419
PH_vs_Patch,II,667,7,0,PatchHuber,Patch,33.571395622597855,40.94258276725971,-7.371187144661853,1.4920957776491808,1.641931198369064,-0.14983542071988332
PH_vs_Patch,II,668,7,0,PatchHuber,Patch,33.06200722716022,40.94671147151047,-7.884704244350246,1.1126012016562006,1.5781396350740005,-0.4655384334177999
PH_vs_Patch,II,669,7,0,PatchHuber,Patch,32.81449403490624,43.3766403299978,-10.562146295091559,1.5694197319929206,1.864195024004296,-0.2947752920113753
PH_vs_Patch,II,670,7,0,PatchHuber,Patch,34.24170698128121,41.72500410283254,-7.483297121551331,1.4898574670941662,1.700548700139782,-0.21069123304561588
PH_vs_Patch,II,671,7,0,PatchHuber,Patch,30.68992285196605,39.53654505282717,-8.846622200861123,1.4813860449084202,1.5096400074318903,-0.028253962523470122
PH_vs_Patch,II,672,7,0,PatchHuber,Patch,30.302289816841,39.23285554901371,-8.930565732172713,1.2411715698293175,1.4607775654029058,-0.2196059955735883
PH_vs_Patch,II,673,7,0,PatchHuber,Patch,32.09752596152202,40.17746845212334,-8.079942490601326,1.3952624692165376,1.8944672366321271,-0.4992047674155895
PH_vs_Patch,II,674,8,0,PatchHuber,Patch,30.24167799683424,40.629877476312906,-10.388199479478665,1.0062188005103383,1.6855553133761956,-0.6793365128658573
PH_vs_Patch,II,675,8,0,PatchHuber,Patch,31.43275430292098,39.58993331495788,-8.157179012036902,1.1717728209844234,1.44005119709635,-0.26827837611192673
PH_vs_Patch,II,676,8,0,PatchHuber,Patch,32.52429945431852,39.24885706940263,-6.724557615084109,1.0740614508660038,1.344246470764192,-0.2701850198981881
PH_vs_Patch,II,677,8,0,PatchHuber,Patch,32.2543852504102,37.50044724965447,-5.246061999244269,0.728565247417156,1.2728854250982071,-0.5443201776810511
PH_vs_Patch,II,678,8,0,PatchHuber,Patch,33.689118738198296,40.96813497640094,-7.279016238202644,0.9678107883070196,1.5467065434055831,-0.5788957550985635
PH_vs_Patch,II,679,8,0,PatchHuber,Patch,28.925086149379187,41.14145060662818,-12.216364457248996,0.7581259430199541,1.3491702393691536,-0.5910442963491995
PH_vs_Patch,II,680,8,0,PatchHuber,Patch,29.939369981672364,42.62034652564583,-12.680976543973465,0.8848766605477917,1.3064442346318923,-0.4215675740841006
PH_vs_Patch,II,681,8,0,PatchHuber,Patch,33.47097557205389,49.03670788219807,-15.565732310144185,1.1995228845521204,1.590546368034139,-0.39102348348201854
PH_vs_Patch,II,682,8,0,PatchHuber,Patch,33.11628258175304,49.91749366308925,-16.801211081336213,1.07352721154592,1.7009483184449372,-0.6274211068990172
PH_vs_Patch,II,683,8,0,PatchHuber,Patch,31.02181513271203,47.01041301468515,-15.988597881973117,1.1334302172606607,1.6971321815394438,-0.563701964278783
PH_vs_Patch,II,684,8,0,PatchHuber,Patch,30.50425199161337,43.36356160320943,-12.859309611596064,1.1887897225832722,1.544594226796674,-0.3558045042134017
PH_vs_Patch,II,685,8,0,PatchHuber,Patch,32.68161038671976,46.169611085689134,-13.488000698969373,1.2470221156593984,1.559280116300477,-0.31225800064107867
PH_vs_Patch,II,686,8,0,PatchHuber,Patch,31.080718833845243,48.02935967631069,-16.948640842465448,1.2608943322137962,1.5969415186448863,-0.3360471864310901
PH_vs_Patch,II,687,8,0,PatchHuber,Patch,31.275929315728582,47.17272453042877,-15.896795214700191,1.3410106664954593,1.7955266242051813,-0.454515957709722
PH_vs_Patch,II,688,8,0,PatchHuber,Patch,31.50049943140458,50.025250171840256,-18.524750740435675,1.266211759449106,1.3586786787507477,-0.09246691930164164
PH_vs_Patch,II,689,8,0,PatchHuber,Patch,30.17693893859542,46.423563160997126,-16.246624222401707,1.1762562902785791,1.6762221951269345,-0.49996590484835535
PH_vs_Patch,II,690,8,0,PatchHuber,Patch,31.480679320193563,51.7926857540366,-20.312006433843035,1.363150334614502,2.3152774610260853,-0.9521271264115834
PH_vs_Patch,II,691,8,0,PatchHuber,Patch,30.322793882364884,60.97214135094523,-30.649347468580345,1.445195407155513,3.431829841817087,-1.986634434661574
PH_vs_Patch,II,692,8,0,PatchHuber,Patch,32.23969176834392,50.654473488763664,-18.414781720419747,1.528763810906644,1.7126478660987634,-0.18388405519211948
PH_vs_Patch,II,693,8,0,PatchHuber,Patch,33.61665429163789,52.06411724548354,-18.447462953845644,1.629061248927957,1.719466525163333,-0.09040527623537598
PH_vs_Patch,II,694,8,0,PatchHuber,Patch,34.07100882065936,49.70247104774507,-15.631462227085713,1.642886770207423,1.811631471085903,-0.16874470087847993
PH_vs_Patch,II,695,8,0,PatchHuber,Patch,31.69112156495031,51.89672570402974,-20.20560413907943,1.5400358517914825,1.8446750003450745,-0.304639148553592
PH_vs_Patch,II,696,8,0,PatchHuber,Patch,33.5749652262879,54.50876420622775,-20.93379897993985,1.6844650312628018,2.038546933345928,-0.35408190208312607
PH_vs_Patch,II,697,8,0,PatchHuber,Patch,33.162567170302765,46.90381225199199,-13.741245081689222,1.7545951497675214,1.9324248770722727,-0.17782972730475133
PH_vs_Patch,II,698,8,0,PatchHuber,Patch,30.54359924170528,50.46070622930083,-19.917106987595552,1.604255421094389,2.0917901456532912,-0.48753472455890234
PH_vs_Patch,II,699,8,0,PatchHuber,Patch,30.81897307622264,48.75600674743723,-17.937033671214593,1.6712209247490843,2.087424823171681,-0.41620389842259664
PH_vs_Patch,II,700,8,0,PatchHuber,Patch,29.465985253360504,47.27816579833933,-17.812180544978826,1.7285069996004248,2.217336166967072,-0.4888291673666474
PH_vs_Patch,II,701,8,0,PatchHuber,Patch,30.56546709344325,50.412896441567945,-19.847429348124695,1.6167175529465352,2.3097424861293443,-0.6930249331828091
PH_vs_Patch,III,154,0,1,PatchHuber,Patch,38.35113778224813,41.9946891542407,-3.6435513719925723,1.848514089997965,1.4233208781664837,0.4251932118314814
PH_vs_Patch,III,155,0,1,PatchHuber,Patch,38.75922953944964,50.007816482752254,-11.248586943302612,2.0313064730618704,1.9340568244091811,0.09724964865268926
PH_vs_Patch,III,156,0,1,PatchHuber,Patch,37.2598995719973,46.64115387267729,-9.381254300679991,1.840746387284793,1.9482884370757787,-0.1075420497909858
PH_vs_Patch,III,157,0,1,PatchHuber,Patch,36.78156210933399,49.21341355106141,-12.431851441727417,1.884226051636718,1.8977875908911397,-0.013561539254421717
PH_vs_Patch,III,158,0,1,PatchHuber,Patch,38.45096932726224,46.50609431933407,-8.055124992071825,1.7643287639259182,1.555891915812347,0.20843684811357122
PH_vs_Patch,III,159,0,1,PatchHuber,Patch,41.60870326743751,52.8283888409086,-11.21968557347109,1.7976202355983366,1.869948124176891,-0.07232788857855432
PH_vs_Patch,III,160,0,1,PatchHuber,Patch,43.81067135465542,50.80936243765587,-6.998691083000452,1.617248686407654,1.469383550033256,0.14786513637439813
PH_vs_Patch,III,161,0,1,PatchHuber,Patch,42.90821725206239,50.56239951915683,-7.654182267094434,1.8703117012108628,1.6664859064982285,0.2038257947126343
PH_vs_Patch,III,162,0,1,PatchHuber,Patch,46.09978281105696,55.552038303533465,-9.452255492476503,1.9733327490795631,2.03607715416633,-0.06274440508676693
PH_vs_Patch,III,163,0,1,PatchHuber,Patch,44.59796417554906,52.57491123918012,-7.976947063631059,1.829688789634533,1.5525697818372348,0.27711900779729826
PH_vs_Patch,III,164,0,1,PatchHuber,Patch,45.85668260460415,53.80938251938419,-7.952699914780034,1.8863814809608896,1.5448006545234725,0.34158082643741716
PH_vs_Patch,III,165,0,1,PatchHuber,Patch,45.4924237503405,50.77424188490348,-5.281818134562982,1.8622928494083049,1.363718944733271,0.49857390467503393
PH_vs_Patch,III,166,0,1,PatchHuber,Patch,46.19086216860577,51.11295608180082,-4.922093913195049,1.897448124890169,1.5289965016678233,0.3684516232223456
PH_vs_Patch,III,167,0,1,PatchHuber,Patch,44.47709696628949,50.59787871017127,-6.1207817438817855,1.9430865540433424,1.3641585995422332,0.5789279545011092
PH_vs_Patch,III,168,0,1,PatchHuber,Patch,44.20663503210572,49.85288406931689,-5.64624903721117,1.912740036571125,1.3522729537469893,0.5604670828241356
PH_vs_Patch,III,169,0,1,PatchHuber,Patch,45.98161168067914,52.2958847592836,-6.314273078604465,1.949177145398328,1.6591441012863757,0.2900330441119523
PH_vs_Patch,III,170,0,1,PatchHuber,Patch,44.84453235041862,51.47515459595859,-6.630622245539975,2.021042199908071,1.3790549424101293,0.6419872574979417
PH_vs_Patch,III,171,0,1,PatchHuber,Patch,48.150833485681005,55.415191684015056,-7.264358198334051,2.1532677812575027,1.6799315667558117,0.47333621450169105
PH_vs_Patch,III,172,0,1,PatchHuber,Patch,48.08107022070261,53.76512822411206,-5.684058003409454,2.230539540293444,1.888639213519865,0.34190032677357896
PH_vs_Patch,III,173,0,1,PatchHuber,Patch,50.837784532176784,55.88752394364223,-5.0497394114654455,2.227729392068424,1.6117096130223374,0.6160197790460866
PH_vs_Patch,III,174,0,1,PatchHuber,Patch,48.14433958928728,54.48430544348688,-6.339965854199605,2.164531913578962,1.783326904603483,0.38120500897547904
PH_vs_Patch,III,175,0,1,PatchHuber,Patch,51.15325336904372,56.767055878545925,-5.613802509502207,2.291348554135498,1.8222436964208149,0.46910485771468324
PH_vs_Patch,III,176,0,1,PatchHuber,Patch,51.41629616716288,56.48423387437697,-5.067937707214085,2.1492177437202837,1.802982645717904,0.34623509800237984
PH_vs_Patch,III,177,0,1,PatchHuber,Patch,52.03808203390975,60.84978634516411,-8.81170431125436,2.218006798620193,1.9866348494775523,0.2313719491426407
PH_vs_Patch,III,178,0,1,PatchHuber,Patch,54.1155909972472,61.23279277113303,-7.117201773885824,2.203008421207945,1.8218821783081725,0.3811262428997726
PH_vs_Patch,III,179,0,1,PatchHuber,Patch,52.146635055010144,60.22418265806091,-8.077547603050768,2.3151792898242824,1.8323487658564388,0.48283052396784365
PH_vs_Patch,III,180,0,1,PatchHuber,Patch,51.69034299353737,60.381676899067415,-8.691333905530044,2.297745408456295,2.0323216926380177,0.2654237158182773
PH_vs_Patch,III,181,0,1,PatchHuber,Patch,52.42072919300579,59.20708575885007,-6.7863565658442795,2.398262620451253,2.005824246317358,0.3924383741338948
PH_vs_Patch,III,182,0,1,PatchHuber,Patch,52.93132128136656,61.01760695654308,-8.08628567517652,2.629325855394765,2.08344139143471,0.5458844639600549
PH_vs_Patch,III,183,0,1,PatchHuber,Patch,50.94569739525672,60.76518223607085,-9.819484840814127,2.943646672331625,2.6512447376424304,0.2924019346891944
PH_vs_Patch,III,184,0,1,PatchHuber,Patch,53.73028514551683,60.24065333942255,-6.51036819390572,2.687882754526484,2.492703051986227,0.19517970254025707
PH_vs_Patch,III,185,0,1,PatchHuber,Patch,53.50149020900951,60.065801905967945,-6.564311696958434,3.0436850065059264,2.517449889485902,0.5262351170200246
PH_vs_Patch,III,186,0,1,PatchHuber,Patch,54.5184550344755,62.29285633644877,-7.7744013019732705,3.0327178780313355,2.876626914727127,0.15609096330420869
PH_vs_Patch,III,187,0,1,PatchHuber,Patch,54.51358545261181,59.8292710417542,-5.31568558914239,2.942710598088412,2.6156763340011486,0.32703426408726344
PH_vs_Patch,III,188,0,1,PatchHuber,Patch,53.95220568236671,60.7061872339596,-6.7539815515928865,3.165774332859419,2.9541491680081253,0.21162516485129368
PH_vs_Patch,III,189,0,1,PatchHuber,Patch,53.1735486667672,62.88455728595496,-9.711008619187758,3.305509754901616,3.119220109748706,0.18628964515291013
PH_vs_Patch,III,190,0,1,PatchHuber,Patch,56.274409526010345,64.2915324039084,-8.01712287789806,3.210252613432383,3.1592980836338485,0.050954529798534764
PH_vs_Patch,III,191,0,1,PatchHuber,Patch,58.03268641740022,69.13720834382804,-11.104521926427815,3.205158939413098,3.0683602497736,0.13679868963949815
PH_vs_Patch,III,192,0,1,PatchHuber,Patch,56.92430860849932,67.30127125680369,-10.37696264830437,3.052312672576836,2.543196289096875,0.5091163834799612
PH_vs_Patch,III,193,0,1,PatchHuber,Patch,55.81297191065178,68.15256505752596,-12.33959314687418,2.84233237651519,2.406452800437425,0.43587957607776495
PH_vs_Patch,III,194,0,1,PatchHuber,Patch,54.72464395174219,66.41018043000916,-11.685536478266975,2.765998772526818,2.235707882671697,0.5302908898551206
PH_vs_Patch,III,195,0,1,PatchHuber,Patch,52.11096493512508,66.37048907530033,-14.259524140175245,2.635962242335629,2.3006301168503644,0.3353321254852646
PH_vs_Patch,III,196,0,1,PatchHuber,Patch,53.51977953563599,68.26604461981687,-14.746265084180877,2.668178096793441,2.432870080127512,0.23530801666592893
PH_vs_Patch,III,197,0,1,PatchHuber,Patch,53.80486715275905,66.73719615410978,-12.93232900135073,2.585309712709403,2.312077473290603,0.27323223941880004
PH_vs_Patch,III,198,0,1,PatchHuber,Patch,54.23861859732138,66.17436684411443,-11.935748246793054,2.606195816203029,2.45279398214966,0.15340183405336916
PH_vs_Patch,III,199,0,1,PatchHuber,Patch,55.10370945844596,65.94521783171064,-10.841508373264674,2.4743368463782827,2.109702740833655,0.36463410554462783
PH_vs_Patch,III,200,0,1,PatchHuber,Patch,54.06088112109144,66.00388638139547,-11.943005260304034,2.474836084327902,2.137770816315265,0.3370652680126369
PH_vs_Patch,III,201,0,1,PatchHuber,Patch,52.60567061546556,65.23285374153429,-12.627183126068722,2.2503516175308613,1.900495337681539,0.3498562798493223
PH_vs_Patch,III,202,0,1,PatchHuber,Patch,51.32327879145488,61.69903934599606,-10.37576055454118,2.4544047351719365,2.202933158629858,0.2514715765420785
PH_vs_Patch,III,203,0,1,PatchHuber,Patch,47.11317005305068,59.91478498775663,-12.801614934705952,2.239424705473658,1.9924657796808365,0.2469589257928213
PH_vs_Patch,III,204,1,1,PatchHuber,Patch,46.98467971850096,60.93134148946356,-13.9466617709626,2.208791454065393,2.116023558976764,0.09276789508862882
PH_vs_Patch,III,205,1,1,PatchHuber,Patch,51.80040084057168,67.02699758298738,-15.226596742415694,2.51630438653148,2.427268398538144,0.08903598799333601
PH_vs_Patch,III,206,1,1,PatchHuber,Patch,49.77469475567922,66.26326544285416,-16.488570687174942,2.158997241847288,1.8489374411411716,0.31005980070611616
PH_vs_Patch,III,207,1,1,PatchHuber,Patch,47.53397168613579,66.21033644971338,-18.67636476357759,2.2141618197555157,2.1162929303675684,0.09786888938794736
PH_vs_Patch,III,208,1,1,PatchHuber,Patch,45.71406550227557,63.04167418346386,-17.327608681188295,2.1298874040894744,2.129805032239996,8.23718494782355e-05
PH_vs_Patch,III,209,1,1,PatchHuber,Patch,44.88209135800593,61.26015450513077,-16.37806314712484,2.230042295550473,2.230642354258129,-0.0006000587076560038
PH_vs_Patch,III,210,1,1,PatchHuber,Patch,45.64362297365359,63.93484936217863,-18.29122638852504,2.303836067887005,2.361660039214847,-0.057823971327842116
PH_vs_Patch,III,211,1,1,PatchHuber,Patch,44.09946440964917,59.99373710905277,-15.8942726994036,2.280329164254506,2.0783844207287654,0.20194474352574066
PH_vs_Patch,III,212,1,1,PatchHuber,Patch,43.1611277235704,54.345257647534986,-11.184129923964583,2.273552925224513,2.190556018026604,0.08299690719790886
PH_vs_Patch,III,213,1,1,PatchHuber,Patch,46.67056389551284,57.79630345215107,-11.12573955663823,2.407860453785996,2.6617457980828463,-0.2538853442968505
PH_vs_Patch,III,214,1,1,PatchHuber,Patch,43.457941751867295,53.80894125082926,-10.350999498961961,2.221679384822981,2.2895674326559146,-0.06788804783293356
PH_vs_Patch,III,215,1,1,PatchHuber,Patch,44.7739411773228,57.43944995158216,-12.665508774259365,2.2013447535660253,2.5182424195626054,-0.3168976659965801
PH_vs_Patch,III,216,1,1,PatchHuber,Patch,44.90663211604231,56.57388069099374,-11.66724857495143,2.4656703600852827,2.6054743898592405,-0.13980402977395778
PH_vs_Patch,III,217,1,1,PatchHuber,Patch,41.24722868765924,52.29020247245328,-11.042973784794043,2.315939217269885,2.2407431760366485,0.07519604123323642
PH_vs_Patch,III,218,1,1,PatchHuber,Patch,41.98675240990828,51.69026661167448,-9.703514201766204,2.2380307023718187,2.5636881809208205,-0.32565747854900184
PH_vs_Patch,III,219,1,1,PatchHuber,Patch,41.69489424274058,48.17664959670693,-6.481755353966349,2.290794978051682,2.1418246038202238,0.1489703742314581
PH_vs_Patch,III,220,1,1,PatchHuber,Patch,40.79328087676157,48.44076803114513,-7.647487154383562,2.559633575742813,2.301101076457113,0.25853249928569966
PH_vs_Patch,III,221,1,1,PatchHuber,Patch,42.08067959896218,47.2394364861,-5.1587568871378195,2.242651692122372,1.852019526244522,0.39063216587784977
PH_vs_Patch,III,222,1,1,PatchHuber,Patch,44.07430970843309,48.02822191184801,-3.953912203414916,2.347188038663844,2.08014997462627,0.26703806403757424
PH_vs_Patch,III,223,1,1,PatchHuber,Patch,48.16692732605774,51.84411270293287,-3.67718537687513,2.705944737709076,1.99797178608854,0.7079729516205362
PH_vs_Patch,III,224,1,1,PatchHuber,Patch,47.80605098335057,53.71094994950848,-5.9048989661579085,2.6466036080358943,1.9659892120741047,0.6806143959617896
PH_vs_Patch,III,225,1,1,PatchHuber,Patch,46.96270497436093,60.091493926479714,-13.128788952118782,2.631393677913528,1.6651263425237572,0.9662673353897708
PH_vs_Patch,III,226,1,1,PatchHuber,Patch,48.16637819110003,58.1357797837228,-9.969401592622773,2.914127186832234,2.1855235256117367,0.7286036612204971
PH_vs_Patch,III,227,1,1,PatchHuber,Patch,50.31635866014572,57.37445225121191,-7.058093591066196,3.032890761312533,2.072134794486132,0.960755966826401
PH_vs_Patch,III,228,1,1,PatchHuber,Patch,47.094635722991775,53.66774669232501,-6.573110969333236,3.1881281854258985,2.411592716248962,0.7765354691769364
PH_vs_Patch,III,229,1,1,PatchHuber,Patch,47.31555943691096,53.7824108154512,-6.466851378540241,3.062350703599676,2.428820056894639,0.633530646705037
PH_vs_Patch,III,230,1,1,PatchHuber,Patch,48.51379627656237,61.52510797777863,-13.011311701216265,3.100470528542154,2.489666314586751,0.6108042139554031
PH_vs_Patch,III,231,1,1,PatchHuber,Patch,49.6116168735929,61.68719627906973,-12.07557940547683,2.999779950202992,2.5954721028180674,0.40430784738492465
PH_vs_Patch,III,232,1,1,PatchHuber,Patch,50.75564848311462,64.84704467390885,-14.091396190794235,3.0550862404377788,2.998233809320055,0.05685243111772387
PH_vs_Patch,III,233,1,1,PatchHuber,Patch,48.2641012372833,62.53358498556175,-14.269483748278454,2.9299449806849083,2.4502200708841744,0.4797249098007339
PH_vs_Patch,III,234,1,1,PatchHuber,Patch,45.01631602763137,61.101316839936366,-16.085000812304997,2.828398161157057,2.097797815105661,0.7306003460513959
PH_vs_Patch,III,235,1,1,PatchHuber,Patch,47.194949234871295,64.46999610275329,-17.27504686788199,2.8214340924623285,2.570338644110846,0.25109544835148245
PH_vs_Patch,III,236,1,1,PatchHuber,Patch,46.83884041734576,63.170200721189104,-16.331360303843347,2.8761780932785928,2.494300121692058,0.3818779715865346
PH_vs_Patch,III,237,1,1,PatchHuber,Patch,46.73271149147469,66.12057259687637,-19.387861105401683,2.7957851064842423,2.0277969178893005,0.7679881885949418
PH_vs_Patch,III,238,1,1,PatchHuber,Patch,45.21080369535627,66.17973937981512,-20.96893568445885,2.705420821374269,2.1460334334337383,0.5593873879405309
PH_vs_Patch,III,239,1,1,PatchHuber,Patch,44.77933979857264,65.99279569080555,-21.213455892232908,2.5303289050885467,2.3725016599276816,0.1578272451608651
PH_vs_Patch,III,240,1,1,PatchHuber,Patch,42.95034580649118,72.30643139750445,-29.356085591013276,2.679058068947108,2.5633272578952533,0.11573081105185468
PH_vs_Patch,III,241,1,1,PatchHuber,Patch,44.97754359060257,74.77067040868226,-29.793126818079692,2.5723649021419,2.570726087884949,0.0016388142569510045
PH_vs_Patch,III,242,1,1,PatchHuber,Patch,46.85545093206356,77.4224879669958,-30.56703703493224,2.685574904438875,2.760341343038488,-0.0747664385996134
PH_vs_Patch,III,243,1,1,PatchHuber,Patch,46.35167179726411,80.03635387578683,-33.68468207852272,2.753637347043315,3.021615302894513,-0.2679779558511983
PH_vs_Patch,III,244,1,1,PatchHuber,Patch,46.60664769643006,78.07518203343427,-31.468534337004215,2.6599886602231035,2.905993384325772,-0.2460047241026686
PH_vs_Patch,III,245,1,1,PatchHuber,Patch,46.23366830689263,79.04535430467767,-32.81168599778504,2.570649361827757,2.8686209044050432,-0.2979715425772862
PH_vs_Patch,III,246,1,1,PatchHuber,Patch,46.47461052300597,79.52636437768905,-33.05175385468308,2.713858727517671,2.884362170883167,-0.17050344336549594
PH_vs_Patch,III,247,1,1,PatchHuber,Patch,42.63135903187841,78.78232946037586,-36.15097042849745,2.335422431586234,2.813992137182314,-0.4785697055960796
PH_vs_Patch,III,248,1,1,PatchHuber,Patch,38.09014251190766,74.5179477723897,-36.427805260482046,2.35598961093621,2.637998100122419,-0.2820084891862087
PH_vs_Patch,III,249,1,1,PatchHuber,Patch,38.50950887690132,74.43787070252796,-35.92836182562664,2.4107167799418,2.93690240955772,-0.5261856296159202
PH_vs_Patch,III,250,1,1,PatchHuber,Patch,38.95784085774632,76.9529546627261,-37.99511380497978,2.631251884809593,2.7586692919673985,-0.12741740715780558
PH_vs_Patch,III,251,1,1,PatchHuber,Patch,40.71439762972606,78.67428094140773,-37.95988331168167,2.591653084876949,2.8930731082317687,-0.30142002335481966
PH_vs_Patch,III,252,1,1,PatchHuber,Patch,37.62021014167205,75.47187629486143,-37.851666153189385,2.6533276497477027,2.739259642972788,-0.08593199322508527
PH_vs_Patch,III,253,1,1,PatchHuber,Patch,33.34409834114162,69.99151335037513,-36.64741500923351,2.2888082806962595,2.541926293238848,-0.2531180125425885
PH_vs_Patch,III,254,2,1,PatchHuber,Patch,31.519930322606484,62.27923045879881,-30.759300136192323,2.546082910954127,2.9204756726906216,-0.3743927617364946
PH_vs_Patch,III,255,2,1,PatchHuber,Patch,32.636140610855115,59.33606402660847,-26.699923415753354,2.626036672643429,2.614266660299046,0.01177001234438313
PH_vs_Patch,III,256,2,1,PatchHuber,Patch,30.89680787859069,60.47525279868289,-29.5784449200922,2.393631115036753,2.6855343101001163,-0.29190319506336326
PH_vs_Patch,III,257,2,1,PatchHuber,Patch,33.99725540419767,60.10382683504901,-26.106571430851346,2.573445890120188,2.9429686430690225,-0.3695227529488343
PH_vs_Patch,III,258,2,1,PatchHuber,Patch,31.459330365864243,59.730241571534,-28.27091120566976,2.4059956167717766,2.789074023673453,-0.38307840690167616
PH_vs_Patch,III,259,2,1,PatchHuber,Patch,32.37824812575147,59.12658208398244,-26.748333958230972,2.4382595540119696,2.829379925354752,-0.3911203713427822
PH_vs_Patch,III,260,2,1,PatchHuber,Patch,31.51705802492925,55.96952206977394,-24.45246404484469,2.189256872925883,2.650423740224752,-0.46116686729886913
PH_vs_Patch,III,261,2,1,PatchHuber,Patch,33.43360383960529,60.103172407527225,-26.669568567921935,2.4427576300783023,3.212636517736005,-0.7698788876577027
PH_vs_Patch,III,262,2,1,PatchHuber,Patch,33.14062416387854,64.77702380016609,-31.63639963628755,2.163213193675499,2.6411327705074865,-0.4779195768319875
PH_vs_Patch,III,263,2,1,PatchHuber,Patch,33.29479234892408,59.30406435524877,-26.009272006324693,1.7424752263556686,2.575830032973435,-0.8333548066177663
PH_vs_Patch,III,264,2,1,PatchHuber,Patch,34.0627004313741,60.34015614590943,-26.277455714535336,1.7322462428984668,2.232327473064053,-0.5000812301655861
PH_vs_Patch,III,265,2,1,PatchHuber,Patch,30.92798089313257,57.81646940724242,-26.888488514109852,1.5826200456250803,2.05059977241213,-0.4679797267870496
PH_vs_Patch,III,266,2,1,PatchHuber,Patch,32.36107265500111,57.128856488666415,-24.767783833665305,1.3106612277700158,2.4191825290663966,-1.1085213012963808
PH_vs_Patch,III,267,2,1,PatchHuber,Patch,31.431131990928936,54.10085895418029,-22.669726963251353,1.1892457770696216,1.9651395215719765,-0.7758937445023548
PH_vs_Patch,III,268,2,1,PatchHuber,Patch,31.203489776782785,56.24100231589943,-25.037512539116644,1.2130009451473458,2.0577410205269184,-0.8447400753795726
PH_vs_Patch,III,269,2,1,PatchHuber,Patch,30.926132489314867,55.30774893598412,-24.381616446669256,0.9669869846686472,1.9442388914038735,-0.9772519067352263
PH_vs_Patch,III,270,2,1,PatchHuber,Patch,27.967055221326603,51.77277408431645,-23.80571886298985,1.2723151157347266,1.9945013269219556,-0.722186211187229
PH_vs_Patch,III,271,2,1,PatchHuber,Patch,29.89426325254319,46.60445479567692,-16.710191543133732,1.2616386074750097,2.354865242064127,-1.0932266345891175
PH_vs_Patch,III,272,2,1,PatchHuber,Patch,27.851079674854983,48.00464305943691,-20.153563384581926,1.0436382239244002,3.112719102512955,-2.0690808785885544
PH_vs_Patch,III,273,2,1,PatchHuber,Patch,29.83641058592832,48.56353538848565,-18.727124802557327,1.096913362552728,2.867860691098554,-1.7709473285458257
PH_vs_Patch,III,274,2,1,PatchHuber,Patch,30.806297688622237,49.379957612113,-18.573659923490766,1.004624241903795,2.5240181082282187,-1.5193938663244237
PH_vs_Patch,III,275,2,1,PatchHuber,Patch,30.64251780450133,47.78938810926194,-17.14687030476061,0.8758411867066916,2.121968227362318,-1.2461270406556264
PH_vs_Patch,III,276,2,1,PatchHuber,Patch,29.106874446895777,48.68421167711383,-19.577337230218053,0.8137382101974018,2.6390127928778084,-1.8252745826804067
PH_vs_Patch,III,277,2,1,PatchHuber,Patch,29.52939189898607,45.85355796898234,-16.324166069996267,0.7027805449167358,2.4778147269684982,-1.7750341820517623
PH_vs_Patch,III,278,2,1,PatchHuber,Patch,25.64256370196356,47.46530480020346,-21.822741098239902,0.6476880671418387,3.2370283151731924,-2.5893402480313537
PH_vs_Patch,III,279,2,1,PatchHuber,Patch,25.712105090195376,44.60144938548283,-18.889344295287454,0.7004433195796986,3.154075997407773,-2.4536326778280744
PH_vs_Patch,III,280,2,1,PatchHuber,Patch,25.541496614393456,43.98219647684448,-18.440699862451023,0.815375146322092,2.7963884356637223,-1.9810132893416303
PH_vs_Patch,III,281,2,1,PatchHuber,Patch,23.802849261554613,41.29782690845897,-17.49497764690436,0.8205383549221692,3.0743607087013824,-2.2538223537792135
PH_vs_Patch,III,282,2,1,PatchHuber,Patch,22.339434703059418,37.04248096213505,-14.703046259075634,0.609258143330293,3.1073056878006438,-2.4980475444703507
PH_vs_Patch,III,283,2,1,PatchHuber,Patch,23.447707503498403,38.70938526052404,-15.261677757025634,0.5111626364287568,2.791220209618555,-2.280057573189798
PH_vs_Patch,III,284,2,1,PatchHuber,Patch,21.76437282454643,38.89964424944127,-17.135271424894842,0.7305360969706052,3.323897375392824,-2.593361278422219
PH_vs_Patch,III,285,2,1,PatchHuber,Patch,22.678247307615763,38.55266580705298,-15.874418499437219,0.6813474157599285,3.5612280840693105,-2.879880668309382
PH_vs_Patch,III,286,2,1,PatchHuber,Patch,21.771298741404298,36.84998073249664,-15.078681991092342,0.5572976220254802,3.24269710307688,-2.6853994810514
PH_vs_Patch,III,287,2,1,PatchHuber,Patch,20.378806638908525,34.39850088652539,-14.019694247616865,0.6888740441025766,3.1948152332723594,-2.505941189169783
PH_vs_Patch,III,288,2,1,PatchHuber,Patch,18.922797762947344,35.32363813440883,-16.400840371461488,0.6959730954404393,3.0409872342187936,-2.345014138778354
PH_vs_Patch,III,289,2,1,PatchHuber,Patch,20.48579946639038,34.10692152721242,-13.621122060822042,0.7730014298498119,3.008843530965867,-2.235842101116055
PH_vs_Patch,III,290,2,1,PatchHuber,Patch,19.305842425787024,36.32069513311399,-17.01485270732697,1.039734503758171,2.8252590291310957,-1.7855245253729248
PH_vs_Patch,III,291,2,1,PatchHuber,Patch,19.05548132285766,37.21867247457723,-18.163191151719573,0.9667377935229028,2.7609501810196915,-1.7942123874967888
PH_vs_Patch,III,292,2,1,PatchHuber,Patch,19.6557672207888,34.41042245457891,-14.754655233790107,0.9317261267367536,2.21193474383934,-1.2802086171025866
PH_vs_Patch,III,293,2,1,PatchHuber,Patch,18.79547208844228,37.35488907070767,-18.55941698226539,1.197135938217919,2.4235270630484678,-1.2263911248305488
PH_vs_Patch,III,294,2,1,PatchHuber,Patch,20.445649994150504,36.430582289833055,-15.984932295682551,1.236007110299068,2.4616596401114146,-1.2256525298123466
PH_vs_Patch,III,295,2,1,PatchHuber,Patch,15.860292432182124,35.3610044260212,-19.50071199383908,1.2172721099951145,2.460071165030944,-1.2427990550358297
PH_vs_Patch,III,296,2,1,PatchHuber,Patch,15.174046159209452,40.20166430106947,-25.027618141860017,1.099235542719016,2.739771341566376,-1.64053579884736
PH_vs_Patch,III,297,2,1,PatchHuber,Patch,16.284709794674296,37.42321996041756,-21.138510165743266,1.406573170351803,2.1121954729819663,-0.7056223026301633
PH_vs_Patch,III,298,2,1,PatchHuber,Patch,16.079387721609912,39.62189209744965,-23.54250437583974,1.4675257587013486,2.500688789028096,-1.0331630303267474
PH_vs_Patch,III,299,2,1,PatchHuber,Patch,18.524263229211325,37.46217859425328,-18.937915365041956,1.354652412947769,2.2282663263483147,-0.8736139134005456
PH_vs_Patch,III,300,2,1,PatchHuber,Patch,18.26599127627681,36.449908988718335,-18.183917712441524,1.5856515468706107,2.0331434079240007,-0.44749186105339
PH_vs_Patch,III,301,2,1,PatchHuber,Patch,19.315962993768142,39.5798739505905,-20.26391095682236,1.4965233051176732,2.8230559868090914,-1.3265326816914182
PH_vs_Patch,III,302,2,1,PatchHuber,Patch,15.525287408907422,39.37837584984124,-23.853088440933817,1.362256119894928,2.6006786684811245,-1.2384225485861966
PH_vs_Patch,III,303,2,1,PatchHuber,Patch,17.729469069829662,38.57764788998302,-20.848178820153358,1.463450416020723,2.313206654695343,-0.84975623867462
PH_vs_Patch,III,304,3,1,PatchHuber,Patch,15.547114072831269,34.62033047182561,-19.07321639899434,1.8036252235484809,2.140828889668819,-0.33720366612033814
PH_vs_Patch,III,305,3,1,PatchHuber,Patch,18.194647369491936,35.78977191443254,-17.595124544940607,1.5769475899644585,2.1894759234631707,-0.6125283334987122
PH_vs_Patch,III,306,3,1,PatchHuber,Patch,17.246419426255386,35.39757161611433,-18.15115218985894,1.732525011135248,2.149157932596056,-0.4166329214608082
PH_vs_Patch,III,307,3,1,PatchHuber,Patch,17.641131165440807,37.75977316256476,-20.118641997123955,1.6217592031988604,2.2710651828218493,-0.649305979622989
PH_vs_Patch,III,308,3,1,PatchHuber,Patch,19.19225373605272,40.12446452524349,-20.93221078919077,1.7409512520684378,2.2135200116266587,-0.47256875955822086
PH_vs_Patch,III,309,3,1,PatchHuber,Patch,18.353128605364088,39.01850119729099,-20.6653725919269,1.7361694649995645,2.302457042113676,-0.5662875771141116
PH_vs_Patch,III,310,3,1,PatchHuber,Patch,19.92934929087711,41.32215610218119,-21.39280681130408,1.6008616703779142,1.709518285898656,-0.1086566155207418
PH_vs_Patch,III,311,3,1,PatchHuber,Patch,19.02800465130443,37.05492536968015,-18.02692071837572,2.186748133865315,2.907699282362153,-0.7209511484968378
PH_vs_Patch,III,312,3,1,PatchHuber,Patch,18.1998587842956,33.51028202277816,-15.310423238482564,2.763531718144124,3.43747150225338,-0.673939784109256
PH_vs_Patch,III,313,3,1,PatchHuber,Patch,17.33196931251275,31.377580944943016,-14.045611632430266,2.8163245716683742,3.7065075525627615,-0.8901829808943873
PH_vs_Patch,III,314,3,1,PatchHuber,Patch,18.663534688642645,26.0044029026713,-7.340868214028653,2.741752760083156,3.020313665477128,-0.27856090539397194
PH_vs_Patch,III,315,3,1,PatchHuber,Patch,18.58114485968665,24.92476751834584,-6.343622658659189,2.308157588435509,2.6492519917089954,-0.3410944032734866
PH_vs_Patch,III,316,3,1,PatchHuber,Patch,21.016540513863703,26.986658374836946,-5.970117860973243,2.248100962969467,2.9906681044269248,-0.742567141457458
PH_vs_Patch,III,317,3,1,PatchHuber,Patch,21.44557934609679,28.75076260099756,-7.305183254900772,2.451746349582744,2.6530530956850886,-0.20130674610234456
PH_vs_Patch,III,318,3,1,PatchHuber,Patch,20.939304906800736,31.88129638700394,-10.941991480203203,2.4207101008050658,3.0415492314175663,-0.6208391306125005
PH_vs_Patch,III,319,3,1,PatchHuber,Patch,19.80548028243009,27.82708317819985,-8.02160289576976,2.2842269043405112,2.62203494022429,-0.33780803588377895
PH_vs_Patch,III,320,3,1,PatchHuber,Patch,20.98666665382969,28.66149039767885,-7.67482374384916,2.2286247710165035,2.4148003614376314,-0.18617559042112797
PH_vs_Patch,III,321,3,1,PatchHuber,Patch,21.823583034759096,28.989060838134595,-7.165477803375499,2.1741440118599145,2.259500298464077,-0.08535628660416261
PH_vs_Patch,III,322,3,1,PatchHuber,Patch,20.780765807493985,28.81752253142473,-8.036756723930743,1.9533566002761609,2.580868322688415,-0.627511722412254
PH_vs_Patch,III,323,3,1,PatchHuber,Patch,19.345224167885696,28.33009854296277,-8.984874375077073,1.8256966539729265,2.550287350242005,-0.7245906962690787
PH_vs_Patch,III,324,3,1,PatchHuber,Patch,19.16318664542093,29.061153298400928,-9.89796665298,1.6255821597191848,2.4132068339050243,-0.7876246741858395
PH_vs_Patch,III,325,3,1,PatchHuber,Patch,21.238014677055165,24.39072056681609,-3.1527058897609237,1.6883331175385652,1.8941362250535965,-0.20580310751503128
PH_vs_Patch,III,326,3,1,PatchHuber,Patch,20.42782716639656,24.9886452111232,-4.560818044726638,1.5170277294603258,1.2101807295122835,0.3068469999480423
PH_vs_Patch,III,327,3,1,PatchHuber,Patch,24.63026577040768,25.05643757443481,-0.4261718040271312,1.359580069556255,0.5497710262165602,0.8098090433396948
PH_vs_Patch,III,328,3,1,PatchHuber,Patch,23.762164821011872,22.365276240307335,1.3968885807045375,1.4552685046196447,1.314261333847664,0.14100717077198066
PH_vs_Patch,III,329,3,1,PatchHuber,Patch,22.149920435401995,21.08533446050112,1.0645859749008757,1.7426476284400647,1.4389913051373886,0.3036563233026761
PH_vs_Patch,III,330,3,1,PatchHuber,Patch,21.79007870998994,19.24034879573193,2.549729914258009,1.6283226792318763,1.2057928843497958,0.42252979488208053
PH_vs_Patch,III,331,3,1,PatchHuber,Patch,20.93265560411985,20.372207537995003,0.5604480661248488,1.5778699708024957,1.3718507360834973,0.2060192347189984
PH_vs_Patch,III,332,3,1,PatchHuber,Patch,21.37017282229656,19.35752497169798,2.0126478505985794,1.6663099605583649,1.2252103185268124,0.4410996420315525
PH_vs_Patch,III,333,3,1,PatchHuber,Patch,23.94635203321833,22.51793651619877,1.428415517019559,1.630323592097686,1.6974011091876682,-0.06707751708998222
PH_vs_Patch,III,334,3,1,PatchHuber,Patch,21.1391903486857,21.482831093199646,-0.343640744513948,1.731868214040062,1.622090529377019,0.10977768466304316
PH_vs_Patch,III,335,3,1,PatchHuber,Patch,21.657864925118595,18.905098497480942,2.7527664276376527,1.5435381964937889,1.0549415287709911,0.48859666772279775
PH_vs_Patch,III,336,3,1,PatchHuber,Patch,21.39705534515672,18.62037343021853,2.7766819149381874,1.5123374895685782,1.360944778461084,0.1513927111074942
PH_vs_Patch,III,337,3,1,PatchHuber,Patch,19.32652558030943,19.23650578307152,0.09001979723790754,1.4358491963497315,1.4444970395417664,-0.008647843192034932
PH_vs_Patch,III,338,3,1,PatchHuber,Patch,19.40286228084905,17.349213566273047,2.0536487145760027,1.5410034894801932,1.5089405489975072,0.032062940482685987
PH_vs_Patch,III,339,3,1,PatchHuber,Patch,19.064968500101703,16.96512302802361,2.099845472078094,1.5846967700355303,1.3150134235952078,0.26968334644032255
PH_vs_Patch,III,340,3,1,PatchHuber,Patch,21.03791494056071,19.62477101887651,1.4131439216842026,1.5075283209369883,1.46048554091801,0.047042780018978325
PH_vs_Patch,III,341,3,1,PatchHuber,Patch,18.995801108190022,16.762745579162406,2.2330555290276166,1.358434201160872,1.3885302378981137,-0.030096036737241594
PH_vs_Patch,III,342,3,1,PatchHuber,Patch,16.104311479954962,19.66464266342245,-3.5603311834674862,1.5708776058274403,1.874702534699349,-0.3038249288719088
PH_vs_Patch,III,343,3,1,PatchHuber,Patch,18.173709146557524,15.832675797757489,2.3410333488000354,1.4872413588232962,1.4503875307371588,0.03685382808613746
PH_vs_Patch,III,344,3,1,PatchHuber,Patch,14.448743177352696,14.8139963385622,-0.3652531612095036,1.6923845005860416,1.6165060695783324,0.07587843100770919
PH_vs_Patch,III,345,3,1,PatchHuber,Patch,16.84925752234036,15.886781296991996,0.9624762253483627,1.5761565045870964,1.4486922086444074,0.12746429594268904
PH_vs_Patch,III,346,3,1,PatchHuber,Patch,14.072202778216758,16.25211047600925,-2.1799076977924923,1.7340712068373494,1.6446163152472335,0.08945489159011588
PH_vs_Patch,III,347,3,1,PatchHuber,Patch,15.590103665332569,15.213321156904875,0.37678250842769323,1.543157537989905,1.574136551677542,-0.030979013687637114
PH_vs_Patch,III,348,3,1,PatchHuber,Patch,15.78281667430645,17.700838230940786,-1.9180215566343364,1.4664422755340152,1.7560505800249169,-0.2896083044909017
PH_vs_Patch,III,349,3,1,PatchHuber,Patch,13.858521776968946,16.52089415962725,-2.6623723826583046,1.6956641820703184,1.9670103753255483,-0.2713461932552299
PH_vs_Patch,III,350,3,1,PatchHuber,Patch,9.535459488482172,16.207042520768997,-6.671583032286826,1.943119090151422,1.999202380266806,-0.056083290115384044
PH_vs_Patch,III,351,3,1,PatchHuber,Patch,13.32084439854062,14.67472689266956,-1.3538824941289391,1.5342887517034598,1.8145577912868216,-0.2802690395833618
PH_vs_Patch,III,352,3,1,PatchHuber,Patch,13.777262081519908,14.584602538123711,-0.8073404566038036,1.2940255033062165,2.113470481180036,-0.8194449778738198
PH_vs_Patch,III,353,3,1,PatchHuber,Patch,14.936119134825663,11.517624761156032,3.418494373669631,1.558367237698591,1.6330687950230052,-0.07470155732441408
PH_vs_Patch,III,354,4,1,PatchHuber,Patch,13.06535225951184,12.439020035388754,0.626332224123086,1.693014818980426,2.019801232569137,-0.3267864135887111
PH_vs_Patch,III,355,4,1,PatchHuber,Patch,13.584665789327556,17.34699882857622,-3.762333039248663,1.5121998334726685,2.3219510333102598,-0.8097511998375913
PH_vs_Patch,III,356,4,1,PatchHuber,Patch,11.435635522126136,16.924574167657127,-5.488938645530991,1.6730683357913112,2.4380065113964564,-0.7649381756051452
PH_vs_Patch,III,357,4,1,PatchHuber,Patch,12.52744242752942,18.07477053245421,-5.547328104924789,1.6779869586645828,2.742530340948219,-1.064543382283636
PH_vs_Patch,III,358,4,1,PatchHuber,Patch,12.430131634804598,16.146694454942292,-3.7165628201376943,1.4414666772039328,2.55782475704323,-1.1163580798392971
PH_vs_Patch,III,359,4,1,PatchHuber,Patch,14.588270664217234,18.21930522564549,-3.6310345614282546,1.6782650439410087,2.753072136279132,-1.0748070923381232
PH_vs_Patch,III,360,4,1,PatchHuber,Patch,16.322864571158902,16.41170267224022,-0.0888381010813184,1.4156424482063004,2.401078177452694,-0.9854357292463936
PH_vs_Patch,III,361,4,1,PatchHuber,Patch,15.071736091780116,17.242239140812956,-2.17050304903284,1.7366791686681722,2.76359520473114,-1.0269160360629679
PH_vs_Patch,III,362,4,1,PatchHuber,Patch,17.564967128900655,17.442700914085343,0.12226621481531197,1.7172630714314052,2.9534987826735333,-1.236235711242128
PH_vs_Patch,III,363,4,1,PatchHuber,Patch,15.972558821702211,13.173922283101058,2.798636538601153,1.7022959236290218,2.5482356423294297,-0.8459397187004078
PH_vs_Patch,III,364,4,1,PatchHuber,Patch,16.35305954549745,17.074420840580874,-0.7213612950834225,1.9727599274733767,3.089233852815204,-1.1164739253418272
PH_vs_Patch,III,365,4,1,PatchHuber,Patch,15.75144970080564,17.764273048170715,-2.0128233473650745,2.07861574333592,2.830593451204888,-0.751977707868968
PH_vs_Patch,III,366,4,1,PatchHuber,Patch,14.451657847464404,18.121466340879305,-3.6698084934149016,2.1043940149707603,3.076073574235036,-0.9716795592642757
PH_vs_Patch,III,367,4,1,PatchHuber,Patch,15.636544661337153,19.33438349595909,-3.6978388346219386,2.2105806745559407,2.937426712302749,-0.7268460377468084
PH_vs_Patch,III,368,4,1,PatchHuber,Patch,16.281405523475495,12.963023977169088,3.318381546306407,2.2837989031064265,2.8880022861629078,-0.6042033830564812
PH_vs_Patch,III,369,4,1,PatchHuber,Patch,13.729462393862804,16.504637200334862,-2.7751748064720587,2.334351536146369,3.1100794176905726,-0.7757278815442037
PH_vs_Patch,III,370,4,1,PatchHuber,Patch,17.01853702678951,13.664099545708536,3.354437481080973,2.3135615762742625,2.6602415281666305,-0.346679951892368
PH_vs_Patch,III,371,4,1,PatchHuber,Patch,16.518081769654618,16.61609785050097,-0.09801608084635305,2.420439220827165,2.904905547472346,-0.48446632664518097
PH_vs_Patch,III,372,4,1,PatchHuber,Patch,15.177606818069432,11.902743344728105,3.274863473341327,2.3158419335771963,2.6541380867296893,-0.33829615315249306
PH_vs_Patch,III,373,4,1,PatchHuber,Patch,15.21519686446171,11.611095940922306,3.604100923539404,2.2271110908563907,2.5253063577099595,-0.2981952668535688
PH_vs_Patch,III,374,4,1,PatchHuber,Patch,16.170461425878806,12.250484249187974,3.919977176690832,2.3118727484141712,2.908876987423937,-0.5970042390097658
PH_vs_Patch,III,375,4,1,PatchHuber,Patch,17.23133566486514,12.301006863957944,4.930328800907194,2.273783345594539,2.7440301210717597,-0.4702467754772206
PH_vs_Patch,III,376,4,1,PatchHuber,Patch,18.146176362298903,12.202891585370384,5.943284776928518,2.223072445952244,2.7806354119220447,-0.5575629659698005
PH_vs_Patch,III,377,4,1,PatchHuber,Patch,21.59922156702077,11.77418538013635,9.82503618688442,2.390422843298422,2.83912655443852,-0.448703711140098
PH_vs_Patch,III,378,4,1,PatchHuber,Patch,20.572496133645483,13.705975784705448,6.8665203489400355,2.3585109001785542,2.7653746927581992,-0.406863792579645
PH_vs_Patch,III,379,4,1,PatchHuber,Patch,20.34209023082957,14.3289846778831,6.01310555294647,2.518174343469842,3.008461820383342,-0.49028747691350016
PH_vs_Patch,III,380,4,1,PatchHuber,Patch,21.015215305292926,12.080558222227422,8.934657083065504,2.485499090395892,2.709814433041275,-0.224315342645383
PH_vs_Patch,III,381,4,1,PatchHuber,Patch,19.77472594879466,15.820182820848055,3.9545431279466055,2.325630644643397,2.90136529451454,-0.5757346498711429
PH_vs_Patch,III,382,4,1,PatchHuber,Patch,22.22744519963944,17.309044048660922,4.918401150978518,2.4553082522916374,3.0153352177123502,-0.5600269654207128
PH_vs_Patch,III,383,4,1,PatchHuber,Patch,22.145699918470868,20.06542455296556,2.080275365505308,2.1510597115109107,3.453265712891292,-1.3022060013803811
PH_vs_Patch,III,384,4,1,PatchHuber,Patch,23.119806393916136,18.982179328935125,4.137627064981011,2.087611996234196,2.9898596746169126,-0.9022476783827167
PH_vs_Patch,III,385,4,1,PatchHuber,Patch,26.254443649500523,17.956880415445454,8.297563234055069,2.2223456917169457,3.0780232983382887,-0.855677606621343
PH_vs_Patch,III,386,4,1,PatchHuber,Patch,27.38879216013862,21.32010501439377,6.06868714574485,2.1908474985246134,3.1923916844372493,-1.001544185912636
PH_vs_Patch,III,387,4,1,PatchHuber,Patch,29.897885015320877,20.677081286859394,9.220803728461483,2.387441424159432,3.1486306776911404,-0.7611892535317084
PH_vs_Patch,III,388,4,1,PatchHuber,Patch,30.924540662866995,20.17319363029139,10.751347032575605,2.1073793924298942,2.804946648886866,-0.6975672564569719
PH_vs_Patch,III,389,4,1,PatchHuber,Patch,31.716407304539903,24.98063935680294,6.735767947736964,2.0544915121231586,3.0889708516022267,-1.0344793394790681
PH_vs_Patch,III,390,4,1,PatchHuber,Patch,32.19458455669096,22.601233937190266,9.593350619500697,1.909085919856537,2.651283857943408,-0.7421979380868711
PH_vs_Patch,III,391,4,1,PatchHuber,Patch,31.546185412520813,19.536134742231624,12.01005067028919,1.8767573835763736,2.7969949083297045,-0.920237524753331
PH_vs_Patch,III,392,4,1,PatchHuber,Patch,31.868275199559967,25.588600791703783,6.279674407856184,2.011283639766642,2.9632920196725574,-0.9520083799059154
PH_vs_Patch,III,393,4,1,PatchHuber,Patch,30.61828050116196,24.639260718347035,5.979019782814923,1.799262480125995,3.019331733550366,-1.220069253424371
PH_vs_Patch,III,394,4,1,PatchHuber,Patch,30.19250322096186,23.106080994257024,7.086422226704837,1.7072865222317295,2.3568538287104674,-0.649567306478738
PH_vs_Patch,III,395,4,1,PatchHuber,Patch,28.329373234222828,23.27763650446263,5.051736729760197,1.6037380664777283,2.86652237139096,-1.2627843049132317
PH_vs_Patch,III,396,4,1,PatchHuber,Patch,28.51017314275919,25.223436397105072,3.2867367456541174,1.6138256685057164,2.822589957669323,-1.2087642891636068
PH_vs_Patch,III,397,4,1,PatchHuber,Patch,28.1026196648398,24.63334266308536,3.4692770017544383,1.6025798261729596,2.6591890317185145,-1.056609205545555
PH_vs_Patch,III,398,4,1,PatchHuber,Patch,28.019951049399584,22.992132531271377,5.027818518128207,1.5682524400215814,2.2287757659279728,-0.6605233259063914
PH_vs_Patch,III,399,4,1,PatchHuber,Patch,27.93471825936823,24.45107741376836,3.4836408455998686,1.3803556962266288,2.470182374714014,-1.0898266784873851
PH_vs_Patch,III,400,4,1,PatchHuber,Patch,27.253329964810646,23.586042279352164,3.667287685458483,1.4388018678594845,1.9233033137898603,-0.4845014459303758
PH_vs_Patch,III,401,4,1,PatchHuber,Patch,25.887976323007173,24.373582716014088,1.5143936069930852,1.3385633674979789,2.3602195339592007,-1.0216561664612218
PH_vs_Patch,III,402,4,1,PatchHuber,Patch,26.60911458232968,24.061977288567284,2.547137293762397,1.3242853016650369,2.127958888596077,-0.8036735869310403
PH_vs_Patch,III,403,4,1,PatchHuber,Patch,25.51961288535319,25.43391023915531,0.08570264619788048,1.288195686271273,2.453328358959399,-1.1651326726881261
PH_vs_Patch,III,404,5,1,PatchHuber,Patch,26.1613129825442,23.55269882275605,2.60861415978815,1.461373547154625,1.792795322691237,-0.331421775536612
PH_vs_Patch,III,405,5,1,PatchHuber,Patch,25.52409935226809,24.395086004570253,1.129013347697839,1.4072641807680766,2.032338469369884,-0.6250742886018075
PH_vs_Patch,III,406,5,1,PatchHuber,Patch,26.420734472024343,23.93150048793529,2.4892339840890543,1.2947685498919754,1.886443388053084,-0.5916748381611086
PH_vs_Patch,III,407,5,1,PatchHuber,Patch,24.662338814583904,25.281097927914487,-0.618759113330583,1.5002875861798128,1.9209513797127644,-0.4206637935329516
PH_vs_Patch,III,408,5,1,PatchHuber,Patch,25.755334607556197,24.21249708147113,1.5428375260850657,1.435164948551379,2.197870471399902,-0.7627055228485231
PH_vs_Patch,III,409,5,1,PatchHuber,Patch,24.97193172293579,21.942847914630228,3.029083808305561,1.1640525371749593,1.7919390131605508,-0.6278864759855916
PH_vs_Patch,III,410,5,1,PatchHuber,Patch,23.99731970033704,22.15372883689572,1.843590863441321,1.3020399451226523,1.5313420361966974,-0.2293020910740451
PH_vs_Patch,III,411,5,1,PatchHuber,Patch,23.984394175557263,19.682017414834064,4.302376760723199,1.1976467990901127,1.422158833256277,-0.22451203416616416
PH_vs_Patch,III,412,5,1,PatchHuber,Patch,22.68880780147918,21.595512556987504,1.0932952444916744,1.3404473177990437,1.4298770938136414,-0.08942977601459767
PH_vs_Patch,III,413,5,1,PatchHuber,Patch,22.69715883069388,21.09549272370477,1.6016661069891107,1.0977396211609989,1.5915691121790072,-0.4938294910180083
PH_vs_Patch,III,414,5,1,PatchHuber,Patch,23.282020457680694,20.66987104902703,2.6121494086536643,1.1881975222303611,1.387155012736047,-0.1989574905056859
PH_vs_Patch,III,415,5,1,PatchHuber,Patch,22.525690104404323,21.992179106184487,0.5335109982198354,1.3171809036052895,1.5419223806672595,-0.22474147706197
PH_vs_Patch,III,416,5,1,PatchHuber,Patch,24.248864512950664,21.029467078349494,3.21939743460117,1.240414284661628,1.3943244678115343,-0.15391018314990634
PH_vs_Patch,III,417,5,1,PatchHuber,Patch,22.75885350294105,22.126112139007155,0.6327413639338957,1.2983422630238353,1.5642961168772376,-0.2659538538534023
PH_vs_Patch,III,418,5,1,PatchHuber,Patch,23.673410838667312,21.685392503914372,1.9880183347529403,1.1542117344596072,1.1810945411456255,-0.02688280668601828
PH_vs_Patch,III,419,5,1,PatchHuber,Patch,22.599410398931344,22.623923328041435,-0.02451292911009162,1.1433449556707675,1.3749716597235857,-0.23162670405281816
PH_vs_Patch,III,420,5,1,PatchHuber,Patch,24.590090528688197,24.24519913343753,0.3448913952506665,1.1642311732342,1.261800105158103,-0.09756893192390304
PH_vs_Patch,III,421,5,1,PatchHuber,Patch,23.90185816723441,21.47765006200504,2.4242081052293685,1.0118017499448255,0.9325793891767236,0.07922236076810196
PH_vs_Patch,III,422,5,1,PatchHuber,Patch,23.41048650419347,24.06605942552479,-0.65557292133132,1.1005952955902585,1.1851936152687474,-0.08459831967848896
PH_vs_Patch,III,423,5,1,PatchHuber,Patch,23.61496506223949,19.69087250841529,3.9240925538242024,0.990083726871282,0.8714816523543707,0.1186020745169113
PH_vs_Patch,III,424,5,1,PatchHuber,Patch,23.538719110874958,21.807933658994035,1.730785451880923,1.162460664677256,0.8954012501349689,0.2670594145422871
PH_vs_Patch,III,425,5,1,PatchHuber,Patch,24.664386018500323,22.86352706510773,1.800858953392595,1.015775286478755,1.22635577787552,-0.21058049139676505
PH_vs_Patch,III,426,5,1,PatchHuber,Patch,23.955829554129625,21.69924874083509,2.256580813294537,1.122171224039892,1.0506602630927488,0.07151096094714315
PH_vs_Patch,III,427,5,1,PatchHuber,Patch,24.37265751070276,23.996246541845316,0.3764109688574422,0.9805425293347364,1.0727102195082088,-0.09216769017347237
PH_vs_Patch,III,428,5,1,PatchHuber,Patch,24.44565216946702,22.262443713189416,2.1832084562776046,0.9447125254612948,0.9731902287853316,-0.028477703324036763
PH_vs_Patch,III,429,5,1,PatchHuber,Patch,24.17943117962314,23.78000048693507,0.3994306926880711,0.8425056298970341,1.0292556854577242,-0.18675005556069002
PH_vs_Patch,III,430,5,1,PatchHuber,Patch,25.46782456142552,24.19807662098956,1.269747940435959,0.9123516469688004,1.229365744633777,-0.31701409766497646
PH_vs_Patch,III,431,5,1,PatchHuber,Patch,24.68388772656755,25.392737073337884,-0.7088493467703323,0.7858811530515667,1.1958266963885351,-0.4099455433369684
PH_vs_Patch,III,432,5,1,PatchHuber,Patch,25.31553521040592,25.213029119932088,0.10250609047383108,0.6797801037759544,1.2414595014468448,-0.5616793976708904
PH_vs_Patch,III,433,5,1,PatchHuber,Patch,26.61167196235401,24.685917984061568,1.925753978292441,1.031395619166021,1.3386205376077174,-0.3072249184416964
PH_vs_Patch,III,434,5,1,PatchHuber,Patch,26.915802375032825,26.878687014243717,0.03711536078910882,0.8682837569520763,1.2445356339499944,-0.3762518769979182
PH_vs_Patch,III,435,5,1,PatchHuber,Patch,28.256559766602773,27.239382836959862,1.0171769296429112,0.9076751755084158,1.322090489570475,-0.4144153140620592
PH_vs_Patch,III,436,5,1,PatchHuber,Patch,27.762383627123015,26.400216828119863,1.3621667990031519,0.7152269675239656,1.0531995231624176,-0.33797255563845197
PH_vs_Patch,III,437,5,1,PatchHuber,Patch,28.61577503847819,23.886267929915203,4.729507108562988,0.9192337127055116,1.0565736771245118,-0.1373399644190002
PH_vs_Patch,III,438,5,1,PatchHuber,Patch,28.153150033268453,22.61019479146613,5.542955241802321,0.7065505549480706,1.133575468394656,-0.42702491344658533
PH_vs_Patch,III,439,5,1,PatchHuber,Patch,27.98117978107934,22.867845329688706,5.113334451390635,0.9202779020612128,0.8234029887792178,0.09687491328199505
PH_vs_Patch,III,440,5,1,PatchHuber,Patch,29.21684858789725,22.04451202777953,7.172336560117721,0.940648076269768,0.8057231898949223,0.13492488637484568
PH_vs_Patch,III,441,5,1,PatchHuber,Patch,28.77052314589581,21.199599466273455,7.570923679622357,1.073548624068814,0.8642991288762367,0.20924949519257718
PH_vs_Patch,III,442,5,1,PatchHuber,Patch,30.365354640556287,24.03150625210276,6.333848388453529,0.9465687132677364,0.7628725710207229,0.18369614224701347
PH_vs_Patch,III,443,5,1,PatchHuber,Patch,30.94694042368626,24.428110820874156,6.518829602812104,0.7441010289542771,1.1046373887672598,-0.3605363598129827
PH_vs_Patch,III,444,5,1,PatchHuber,Patch,31.222168781792004,24.01659385513254,7.205574926659462,0.8932872870739726,1.1156735215016045,-0.22238623442763183
PH_vs_Patch,III,445,5,1,PatchHuber,Patch,30.690383928130743,24.51462300730432,6.1757609208264235,0.6281500566166114,0.896474542685146,-0.26832448606853465
PH_vs_Patch,III,446,5,1,PatchHuber,Patch,31.755128173922543,25.734283455212875,6.020844718709668,0.7037330638507748,1.123758053232054,-0.4200249893812791
PH_vs_Patch,III,447,5,1,PatchHuber,Patch,32.80107501603463,27.63077699241441,5.170298023620219,0.5918376626426003,1.203952775385339,-0.6121151127427387
PH_vs_Patch,III,448,5,1,PatchHuber,Patch,32.66311281245765,27.665878710610507,4.997234101847141,0.6208845125516704,1.1002156566543473,-0.47933114410267685
PH_vs_Patch,III,449,5,1,PatchHuber,Patch,32.82199581606907,28.35044447581144,4.47155134025763,0.5550941615944414,1.2983094239501864,-0.7432152623557451
PH_vs_Patch,III,450,5,1,PatchHuber,Patch,34.768561854996605,29.776816105712623,4.991745749283982,0.8489854766124962,1.2126464728719055,-0.3636609962594093
PH_vs_Patch,III,451,5,1,PatchHuber,Patch,34.270467642164064,29.824053886781265,4.4464137553828,0.7837630264329869,1.1868647184937084,-0.40310169206072155
PH_vs_Patch,III,452,5,1,PatchHuber,Patch,35.25605356748482,32.03645068364574,3.21960288383908,0.7690722033494432,1.4351726743524755,-0.6661004710030324
PH_vs_Patch,III,453,5,1,PatchHuber,Patch,35.476592428204306,30.97075142410793,4.505841004096375,0.6528795338218155,1.375264032700747,-0.7223844988789315
PH_vs_Patch,III,454,6,1,PatchHuber,Patch,35.036133187039646,30.039049088404717,4.997084098634929,0.7219770878514057,0.9137598645449698,-0.19178277669356414
PH_vs_Patch,III,455,6,1,PatchHuber,Patch,37.0406174530097,31.08417997293822,5.956437480071482,0.5893481033719946,1.171252195568808,-0.5819040921968134
PH_vs_Patch,III,456,6,1,PatchHuber,Patch,36.836260398911264,31.79104128933611,5.045219109575154,0.6670920126019156,1.092934285099762,-0.42584227249784645
PH_vs_Patch,III,457,6,1,PatchHuber,Patch,37.06528522715268,29.68208675510612,7.383198472046558,0.8112065495403773,0.6904158556058572,0.12079069393452013
PH_vs_Patch,III,458,6,1,PatchHuber,Patch,36.396821188022805,30.306741719202385,6.09007946882042,0.88889902098253,1.1552488469289417,-0.26634982594641166
PH_vs_Patch,III,459,6,1,PatchHuber,Patch,36.70485744444812,30.005978726401903,6.69887871804622,0.7479773101934837,1.1224983985664978,-0.3745210883730141
PH_vs_Patch,III,460,6,1,PatchHuber,Patch,36.39342441192417,30.41862074247959,5.974803669444583,0.8796227810544218,0.9741698997059356,-0.09454711865151377
PH_vs_Patch,III,461,6,1,PatchHuber,Patch,35.13068913143653,28.2337663419949,6.896922789441632,0.8090925947757663,0.845716527795443,-0.0366239330196767
PH_vs_Patch,III,462,6,1,PatchHuber,Patch,35.25176885066547,28.575679261622504,6.676089589042967,0.7923999872082952,1.0320367933687484,-0.23963680616045324
PH_vs_Patch,III,463,6,1,PatchHuber,Patch,34.62025722889549,29.44165560171253,5.17860162718296,0.9657428886573736,0.9807042377008036,-0.01496134904343005
PH_vs_Patch,III,464,6,1,PatchHuber,Patch,37.00825389367787,32.21411128083226,4.794142612845604,0.9738426910890104,0.7800370924086255,0.19380559868038494
PH_vs_Patch,III,465,6,1,PatchHuber,Patch,36.094387340950846,33.72181901521552,2.3725683257353225,1.1947904513112702,0.8278454939072253,0.36694495740404487
PH_vs_Patch,III,466,6,1,PatchHuber,Patch,38.66757716969727,38.31478274896145,0.3527944207358189,0.9596304772972404,0.9269908164415004,0.032639660855739994
PH_vs_Patch,III,467,6,1,PatchHuber,Patch,40.16614887495996,40.19558531687071,-0.029436441910753786,1.1800054613025357,0.945515461269868,0.23449000003266773
PH_vs_Patch,III,468,6,1,PatchHuber,Patch,40.55167149966244,41.43626453670853,-0.8845930370460877,1.041937706128298,0.9788951812494612,0.06304252487883677
PH_vs_Patch,III,469,6,1,PatchHuber,Patch,41.84351008839808,45.84657595491471,-4.003065866516636,1.196395095542677,1.022506384547069,0.173888710995608
PH_vs_Patch,III,470,6,1,PatchHuber,Patch,41.43108381300514,41.81851143681027,-0.38742762380513085,1.1931886071324456,1.2117934364268064,-0.018604829294360803
PH_vs_Patch,III,471,6,1,PatchHuber,Patch,42.14029622780373,42.38848320418245,-0.24818697637871878,1.2369908929758937,1.113166335687365,0.12382455728852881
PH_vs_Patch,III,472,6,1,PatchHuber,Patch,43.18908663918577,42.06650454789701,1.1225820912887556,1.3219339010465514,1.000413793030506,0.32152010801604547
PH_vs_Patch,III,473,6,1,PatchHuber,Patch,42.92147599858468,42.27757630001332,0.6438996985713601,1.2719369280239177,0.8455818541522223,0.42635507387169536
PH_vs_Patch,III,474,6,1,PatchHuber,Patch,42.44762499540224,44.26200224182355,-1.8143772464213086,1.2705978262451174,1.030722753293472,0.23987507295164545
PH_vs_Patch,III,475,6,1,PatchHuber,Patch,42.90634071833538,44.13070947818082,-1.22436875984544,1.2246899159597413,1.0326470027716104,0.19204291318813094
PH_vs_Patch,III,476,6,1,PatchHuber,Patch,45.383524305092486,46.33052529094693,-0.9470009858544444,1.2447071347765646,0.9817110803596522,0.26299605441691243
PH_vs_Patch,III,477,6,1,PatchHuber,Patch,47.15692707477426,47.97577544883089,-0.8188483740566284,1.3590072308081285,0.8644985641372439,0.49450866667088456
PH_vs_Patch,III,478,6,1,PatchHuber,Patch,48.72616888155653,49.37136776197893,-0.6451988804223987,1.355576636282331,0.6845984435573841,0.6709781927249469
PH_vs_Patch,III,479,6,1,PatchHuber,Patch,48.833783511508486,49.71918766457193,-0.8854041530634476,1.4546604964657357,0.8928368575265622,0.5618236389391735
PH_vs_Patch,III,480,6,1,PatchHuber,Patch,50.98661737220342,50.88153281996462,0.1050845522388002,1.4078751701831622,0.7497581874704685,0.6581169827126937
PH_vs_Patch,III,481,6,1,PatchHuber,Patch,52.2861888201528,52.849658866104456,-0.5634700459516537,1.6431863637545427,0.9137313879355304,0.7294549758190123
PH_vs_Patch,III,482,6,1,PatchHuber,Patch,52.57888642845913,56.783146532050615,-4.204260103591487,1.4773651942992594,1.0613300176757687,0.41603517662349065
PH_vs_Patch,III,483,6,1,PatchHuber,Patch,54.90637370936203,55.725878022666045,-0.8195043133040159,1.4791700993922796,0.9419914777551236,0.537178621637156
PH_vs_Patch,III,484,6,1,PatchHuber,Patch,55.71405045875375,61.4597908372228,-5.745740378469044,1.5018282611846516,1.084323969272356,0.41750429191229554
PH_vs_Patch,III,485,6,1,PatchHuber,Patch,56.28645212298356,57.06852175849277,-0.7820696355092096,1.749040245440204,1.0704807749368923,0.6785594705033118
PH_vs_Patch,III,486,6,1,PatchHuber,Patch,57.737212466126806,57.83836607604108,-0.10115360991427735,1.5349984861100971,0.912561739173517,0.6224367469365801
PH_vs_Patch,III,487,6,1,PatchHuber,Patch,55.80661514081096,58.43295944725102,-2.6263443064400604,1.654416167473201,1.2717874935805604,0.38262867389264055
PH_vs_Patch,III,488,6,1,PatchHuber,Patch,55.104822230502585,56.258155297760766,-1.1533330672581812,1.967383263988368,1.5628485487875687,0.4045347152007992
PH_vs_Patch,III,489,6,1,PatchHuber,Patch,56.15837354225834,53.72401894789833,2.434354594360009,1.9264643578446223,1.6651441931142357,0.26132016473038666
PH_vs_Patch,III,490,6,1,PatchHuber,Patch,55.61628939021723,53.2963004961131,2.319988894104135,1.8723709954010053,1.6841333454436973,0.18823764995730796
PH_vs_Patch,III,491,6,1,PatchHuber,Patch,56.0123230064345,53.32736547608663,2.684957530347873,1.9260377473900248,1.5960502226188606,0.3299875247711641
PH_vs_Patch,III,492,6,1,PatchHuber,Patch,54.90382359177864,48.98142379524929,5.922399796529348,2.155512129317733,1.6401697709508634,0.5153423583668695
PH_vs_Patch,III,493,6,1,PatchHuber,Patch,55.81885623042848,56.75116184650224,-0.9323056160737622,1.8852085232913047,2.6229258408808582,-0.7377173175895535
PH_vs_Patch,III,494,6,1,PatchHuber,Patch,56.00066580520068,73.2395975525064,-17.238931747305713,1.99765623748899,4.51605007362971,-2.5183938361407203
PH_vs_Patch,III,495,6,1,PatchHuber,Patch,58.38732123569495,100.44190703501484,-42.05458579931989,2.0954888792388693,8.475712634159308,-6.380223754920438
PH_vs_Patch,III,496,6,1,PatchHuber,Patch,57.598683278365655,126.63248438047242,-69.03380110210676,2.2231179409442365,11.196339618321025,-8.973221677376788
PH_vs_Patch,III,497,6,1,PatchHuber,Patch,57.403686209535735,133.06142613863213,-75.6577399290964,2.1769504057182125,11.60556075373831,-9.428610348020097
PH_vs_Patch,III,498,6,1,PatchHuber,Patch,60.048105027271774,148.9395686780108,-88.89146365073903,2.356114528866544,12.286627174355528,-9.930512645488985
PH_vs_Patch,III,499,6,1,PatchHuber,Patch,58.57088745218412,71.2054827628086,-12.634595310624483,2.3213580056298984,4.207593303808989,-1.8862352981790904
PH_vs_Patch,III,500,6,1,PatchHuber,Patch,56.50580497746766,55.73324694158839,0.7725580358792712,2.152299371599178,2.133098184997157,0.019201186602020748
PH_vs_Patch,III,501,6,1,PatchHuber,Patch,55.438459851786206,56.75100436349786,-1.312544511711657,1.9870432019425828,1.7089377648931636,0.27810543704941915
PH_vs_Patch,III,502,6,1,PatchHuber,Patch,58.39782600955857,61.96121447110761,-3.5633884615490388,2.2185594798176687,1.8358531187416247,0.38270636107604394
PH_vs_Patch,III,503,6,1,PatchHuber,Patch,55.38942234915125,58.77651819517198,-3.3870958460207277,1.9279983834593388,1.5528298247281764,0.3751685587311624
PH_vs_Patch,III,504,7,1,PatchHuber,Patch,55.41987663546551,58.65803652816296,-3.238159892697446,2.0864240000445533,1.93458109848104,0.1518429015635132
PH_vs_Patch,III,505,7,1,PatchHuber,Patch,53.543854226793016,57.52350573410531,-3.9796515073122976,1.95107411171894,1.92324918016252,0.027824931556420074
PH_vs_Patch,III,506,7,1,PatchHuber,Patch,52.03366250289644,56.2086230554931,-4.174960552596659,2.0168402362542426,1.7863397386279476,0.230500497626295
PH_vs_Patch,III,507,7,1,PatchHuber,Patch,49.68652825753543,58.51130155117774,-8.82477329364231,1.80368862368264,1.9306081133396744,-0.12691948965703448
PH_vs_Patch,III,508,7,1,PatchHuber,Patch,48.888404034807785,57.238556550306825,-8.35015251549904,1.9184537748190715,1.612385631314885,0.30606814350418654
PH_vs_Patch,III,509,7,1,PatchHuber,Patch,45.6010741320237,55.675527753581534,-10.074453621557836,1.8913823175669613,1.7810534969607872,0.1103288206061741
PH_vs_Patch,III,510,7,1,PatchHuber,Patch,44.29937362990416,56.81980271448675,-12.520429084582588,1.7111405417696628,1.32610972982415,0.3850308119455128
PH_vs_Patch,III,511,7,1,PatchHuber,Patch,39.68880917526078,56.02073204277775,-16.331922867516973,1.4438249158669534,1.0173727355217246,0.4264521803452288
PH_vs_Patch,III,512,7,1,PatchHuber,Patch,38.59794264192082,63.19295038549264,-24.59500774357182,1.4260664806115837,1.343008772974058,0.08305770763752562
PH_vs_Patch,III,513,7,1,PatchHuber,Patch,37.70865663349981,59.0074828759894,-21.298826242489596,1.3073833610906145,0.639581441537724,0.6678019195528905
PH_vs_Patch,III,514,7,1,PatchHuber,Patch,35.45308875028843,55.61179655410336,-20.158707803814927,1.395797529538003,1.1958083116907303,0.19998921784727264
PH_vs_Patch,III,515,7,1,PatchHuber,Patch,33.31222063921652,49.91459321114887,-16.60237257193235,1.3311392384915524,0.7220373197995387,0.6091019186920137
PH_vs_Patch,III,516,7,1,PatchHuber,Patch,32.45929946543956,46.782377507645066,-14.323078042205509,1.364411623686965,0.6689283922444145,0.6954832314425505
PH_vs_Patch,III,517,7,1,PatchHuber,Patch,32.6127180500841,56.41133486558777,-23.79861681550367,1.4127842752178594,2.139418763864392,-0.7266344886465324
PH_vs_Patch,III,518,7,1,PatchHuber,Patch,31.20844001112386,127.13776139834368,-95.92932138721983,1.3430125851864714,9.6610738947686,-8.318061309582129
PH_vs_Patch,III,519,7,1,PatchHuber,Patch,34.72230120027716,108.6645691314364,-73.94226793115924,1.7035376551630517,8.550341678411224,-6.846804023248172
PH_vs_Patch,III,520,7,1,PatchHuber,Patch,34.73002425695299,126.28894499703338,-91.5589207400804,1.5746758818758333,9.485050433479188,-7.910374551603354
PH_vs_Patch,III,521,7,1,PatchHuber,Patch,33.60888603218641,104.53429429004372,-70.9254082578573,1.6616051026976624,8.404359373249536,-6.742754270551873
PH_vs_Patch,III,522,7,1,PatchHuber,Patch,36.34694067744186,149.3121505937671,-112.96520991632522,2.0102175821643904,11.235982249163694,-9.225764666999304
PH_vs_Patch,III,523,7,1,PatchHuber,Patch,37.6361147612901,154.48048837569846,-116.84437361440835,2.1178958663968683,11.516146036271504,-9.398250169874636
PH_vs_Patch,III,524,7,1,PatchHuber,Patch,37.06706828503018,165.5629518440727,-128.4958835590425,2.2196251745127697,12.359096558661458,-10.139471384148688
PH_vs_Patch,IV,216,0,0,PatchHuber,Patch,83.55532827450142,108.79352974954855,-25.238201475047134,3.144566894324688,3.1947789091225847,-0.05021201479789683
PH_vs_Patch,IV,217,0,0,PatchHuber,Patch,80.35005248781373,108.34401277098574,-27.993960283172015,2.598801549304205,3.325104294503892,-0.7263027451996868
PH_vs_Patch,IV,218,0,0,PatchHuber,Patch,83.61419623784458,110.91781683463142,-27.303620596786843,3.397420414011978,3.834501369576096,-0.43708095556411797
PH_vs_Patch,IV,219,0,0,PatchHuber,Patch,83.40719599977182,110.4583992592986,-27.051203259526787,3.2692990170084584,3.8655058493219863,-0.5962068323135279
PH_vs_Patch,IV,220,0,0,PatchHuber,Patch,86.26494465419111,110.48883401434264,-24.22388936015153,3.992501170779997,4.241947576609327,-0.24944640582932998
PH_vs_Patch,IV,221,0,0,PatchHuber,Patch,91.0587357396938,112.1220407894605,-21.063305049766697,3.47602274590939,3.865755520010425,-0.3897327741010348
PH_vs_Patch,IV,222,0,0,PatchHuber,Patch,99.83685667049971,118.8277153537537,-18.99085868325399,3.894324281784087,4.539656456014959,-0.6453321742308722
PH_vs_Patch,IV,223,0,0,PatchHuber,Patch,101.79159461081686,121.13617277773471,-19.344578166917856,3.1317523369257527,3.965260591971049,-0.8335082550452961
PH_vs_Patch,IV,224,0,0,PatchHuber,Patch,100.62411286688732,117.71760416710156,-17.09349130021424,3.165153183037407,3.959658241905846,-0.794505058868439
PH_vs_Patch,IV,225,0,0,PatchHuber,Patch,102.18882029584591,118.3536421628596,-16.164821867013686,3.295293220403559,3.878034520263819,-0.5827412998602601
PH_vs_Patch,IV,226,0,0,PatchHuber,Patch,106.1505792587134,120.80016334413853,-14.649584085425118,3.7241800163449335,4.158783483713007,-0.43460346736807365
PH_vs_Patch,IV,227,0,0,PatchHuber,Patch,103.063832559144,118.97325025542538,-15.90941769628138,3.194189728789238,3.643315399586736,-0.449125670797498
PH_vs_Patch,IV,228,0,0,PatchHuber,Patch,101.90579874104284,122.45988078088074,-20.554082039837894,3.3259711514218253,4.310210521789417,-0.9842393703675913
PH_vs_Patch,IV,229,0,0,PatchHuber,Patch,100.14439262888932,122.77497972933584,-22.63058710044652,3.6036145597813887,4.586797606949235,-0.983183047167846
PH_vs_Patch,IV,230,0,0,PatchHuber,Patch,102.8829011310213,120.3287489018384,-17.445847770817096,3.97090202479246,3.935904688010021,0.03499733678243899
PH_vs_Patch,IV,231,0,0,PatchHuber,Patch,99.48876680419288,115.21921869693362,-15.730451892740746,2.9443356452354426,2.954536949057492,-0.010201303822049645
PH_vs_Patch,IV,232,0,0,PatchHuber,Patch,101.93907437204682,121.62316089498896,-19.68408652294214,3.5732116670080543,3.5197812738357044,0.05343039317234988
PH_vs_Patch,IV,233,0,0,PatchHuber,Patch,103.94658486900369,122.7044781598217,-18.757893290818018,3.9315384005618728,4.082178100600171,-0.15063970003829796
PH_vs_Patch,IV,234,0,0,PatchHuber,Patch,98.40901959943862,119.2240902463853,-20.81507064694668,3.3731143455298387,3.742580826860441,-0.3694664813306021
PH_vs_Patch,IV,235,0,0,PatchHuber,Patch,98.17986611316675,117.608604630165,-19.42873851699825,3.567086821192096,4.219004003722699,-0.6519171825306027
PH_vs_Patch,IV,236,0,0,PatchHuber,Patch,100.92452420330112,119.75621056376464,-18.83168636046352,3.926496693090761,4.576384816717202,-0.6498881236264413
PH_vs_Patch,IV,237,0,0,PatchHuber,Patch,95.93964757324537,115.6975728411406,-19.75792526789523,4.489154537835415,5.264387119491362,-0.7752325816559464
PH_vs_Patch,IV,238,0,0,PatchHuber,Patch,91.10010547939751,113.00796029482954,-21.90785481543203,3.971591172067554,4.756869550567232,-0.7852783784996777
PH_vs_Patch,IV,239,0,0,PatchHuber,Patch,96.98561689012811,117.48939300670617,-20.503776116578052,4.165613241941448,4.568526330034071,-0.40291308809262283
PH_vs_Patch,IV,240,0,0,PatchHuber,Patch,97.17112449466607,114.52968178952048,-17.358557294854407,4.358623420163603,4.367725680540361,-0.009102260376757876
PH_vs_Patch,IV,241,0,0,PatchHuber,Patch,97.13464421772214,116.12290660613876,-18.988262388416615,3.759226437564232,4.02544265231507,-0.26621621475083845
PH_vs_Patch,IV,242,0,0,PatchHuber,Patch,100.26539573108914,116.6281795783735,-16.362783847284362,4.007167052915284,3.995125137622249,0.012041915293034666
PH_vs_Patch,IV,243,0,0,PatchHuber,Patch,102.96689499809054,120.2224393079261,-17.255544309835557,4.467166604437876,4.792356966310138,-0.325190361872262
PH_vs_Patch,IV,244,0,0,PatchHuber,Patch,105.42635967519816,125.74151853200458,-20.31515885680642,5.043256504565941,5.352458156030936,-0.3092016514649947
PH_vs_Patch,IV,245,0,0,PatchHuber,Patch,107.56085885678672,127.25321705576172,-19.692358198975,4.31213985977921,4.796542737340733,-0.4844028775615232
PH_vs_Patch,IV,246,0,0,PatchHuber,Patch,110.06660335263244,128.96333805164613,-18.89673469901369,4.511623892131634,5.206242408548268,-0.6946185164166341
PH_vs_Patch,IV,247,0,0,PatchHuber,Patch,110.24680268314242,127.75513533019492,-17.508332647052498,5.081131463944096,5.651008134786094,-0.5698766708419987
PH_vs_Patch,IV,248,0,0,PatchHuber,Patch,112.55439967964494,127.28380857576902,-14.72940889612407,5.470491559302843,5.8386109651621085,-0.3681194058592654
PH_vs_Patch,IV,249,0,0,PatchHuber,Patch,109.09435806814147,126.22590723926946,-17.131549171127986,4.7523824866549225,4.9976312864396455,-0.24524879978472303
PH_vs_Patch,IV,250,0,0,PatchHuber,Patch,113.33665449014872,127.60638254109216,-14.269728050943442,4.755406474341881,5.018349886507513,-0.2629434121656322
PH_vs_Patch,IV,251,0,0,PatchHuber,Patch,114.28180556040677,128.31553813042805,-14.033732570021286,4.9407247852774026,5.192434439321092,-0.2517096540436894
PH_vs_Patch,IV,252,0,0,PatchHuber,Patch,111.7199607220932,124.55247342438712,-12.832512702293911,4.786430744192265,4.848293238262686,-0.06186249407042066
PH_vs_Patch,IV,253,0,0,PatchHuber,Patch,108.24387469039716,120.65167184062727,-12.40779715023011,3.9164521433990735,3.999149368914458,-0.08269722551538461
PH_vs_Patch,IV,254,0,0,PatchHuber,Patch,104.64473720589292,116.90371397054852,-12.2589767646556,4.5026580285616165,4.698362639112156,-0.19570461055053912
PH_vs_Patch,IV,255,0,0,PatchHuber,Patch,113.8920587966765,124.06936639962528,-10.177307602948787,4.681514378577843,4.9773473685608325,-0.2958329899829897
PH_vs_Patch,IV,256,0,0,PatchHuber,Patch,113.22950827981282,124.44082810361137,-11.211319823798547,3.5528891907409896,4.083967162256546,-0.5310779715155567
PH_vs_Patch,IV,257,0,0,PatchHuber,Patch,113.94838708796304,127.49877981551828,-13.550392727555234,4.543978801101737,5.034476767603132,-0.4904979665013949
PH_vs_Patch,IV,258,0,0,PatchHuber,Patch,112.57866580334546,129.08326669621292,-16.504600892867458,4.8938440077161935,5.294685207212795,-0.40084119949660124
PH_vs_Patch,IV,259,0,0,PatchHuber,Patch,110.90180861845644,125.77636409747176,-14.874555479015314,5.216444883683399,5.128526767432426,0.08791811625097345
PH_vs_Patch,IV,260,0,0,PatchHuber,Patch,108.091647522079,123.11215823862184,-15.020510716542844,4.485898011950452,4.389039598482548,0.09685841346790358
PH_vs_Patch,IV,261,0,0,PatchHuber,Patch,106.20057138005124,120.8660103869747,-14.66543900692345,5.114380803674087,4.729271775915247,0.3851090277588396
PH_vs_Patch,IV,262,0,0,PatchHuber,Patch,105.2832911699887,120.96921662016148,-15.685925450172775,5.342428210775696,4.62472110789653,0.7177071028791664
PH_vs_Patch,IV,263,0,0,PatchHuber,Patch,95.55063134445956,118.08192640918216,-22.5312950647226,5.067716336649203,5.262450150079286,-0.19473381343008356
PH_vs_Patch,IV,264,0,0,PatchHuber,Patch,90.85244494662108,116.2121887750805,-25.35974382845943,3.838205114203371,4.261697846352547,-0.42349273214917593
PH_vs_Patch,IV,265,0,0,PatchHuber,Patch,92.69600470886309,120.6604562256936,-27.964451516830508,3.9294825397920015,5.649985839095174,-1.7205032993031724
PH_vs_Patch,IV,266,1,0,PatchHuber,Patch,95.67238339662651,120.41904686690825,-24.74666347028173,4.3136410616379655,4.838326607796726,-0.5246855461587607
PH_vs_Patch,IV,267,1,0,PatchHuber,Patch,91.46541625183988,118.56019292299416,-27.09477667115428,3.443087792291972,3.967145844118293,-0.5240580518263211
PH_vs_Patch,IV,268,1,0,PatchHuber,Patch,91.4649946238379,115.53745388454912,-24.072459260711227,3.1410347791774664,4.037666531328329,-0.8966317521508622
PH_vs_Patch,IV,269,1,0,PatchHuber,Patch,88.20785188285433,110.14794926331304,-21.94009738045871,2.962072228213028,3.466954019943676,-0.5048817917306478
PH_vs_Patch,IV,270,1,0,PatchHuber,Patch,85.91582154668284,111.18306935098173,-25.26724780429889,3.9405165351613296,4.030505012343296,-0.08998847718196634
PH_vs_Patch,IV,271,1,0,PatchHuber,Patch,85.97554114747723,113.34916923069969,-27.373628083222457,2.434916317545309,2.804662688275092,-0.369746370729783
PH_vs_Patch,IV,272,1,0,PatchHuber,Patch,84.72327283904112,108.19512408216644,-23.47185124312533,3.018769720687008,3.0231313606524663,-0.004361639965458242
PH_vs_Patch,IV,273,1,0,PatchHuber,Patch,80.91464336191183,105.98425669876688,-25.069613336855056,3.255730635715613,3.4386376341170406,-0.18290699840142777
PH_vs_Patch,IV,274,1,0,PatchHuber,Patch,79.3339428891798,102.6459666894892,-23.312023800309404,3.341361454202109,3.5265581741188816,-0.18519671991677278
PH_vs_Patch,IV,275,1,0,PatchHuber,Patch,82.86491501769066,107.67357637823942,-24.808661360548754,2.4286650804194863,2.48705721326302,-0.05839213284353395
PH_vs_Patch,IV,276,1,0,PatchHuber,Patch,82.67676862502782,111.9976762054367,-29.320907580408885,2.7486626980268394,3.3093615173002258,-0.5606988192733864
PH_vs_Patch,IV,277,1,0,PatchHuber,Patch,81.41743722492802,108.5212136825192,-27.10377645759118,3.821277676908041,4.058241712529645,-0.23696403562160384
PH_vs_Patch,IV,278,1,0,PatchHuber,Patch,83.83171177978745,108.83073520115944,-24.999023421371987,3.957540474546563,4.076504238237742,-0.11896376369117911
PH_vs_Patch,IV,279,1,0,PatchHuber,Patch,87.6099707765566,107.9818522617438,-20.371881485187203,3.924891433271695,4.40085063426988,-0.47595920099818523
PH_vs_Patch,IV,280,1,0,PatchHuber,Patch,90.40547914272406,109.01749057025977,-18.612011427535705,3.907693582301944,4.211288701692375,-0.30359511939043093
PH_vs_Patch,IV,281,1,0,PatchHuber,Patch,94.75502241859454,115.21245725204652,-20.457434833451984,3.642514447020988,4.351194872776125,-0.7086804257551367
PH_vs_Patch,IV,282,1,0,PatchHuber,Patch,93.40638165718426,114.62509093348037,-21.21870927629611,4.033563183487825,4.732688452958775,-0.69912526947095
PH_vs_Patch,IV,283,1,0,PatchHuber,Patch,91.9201861275334,109.72938115977556,-17.809195032242158,3.087810127791476,3.6334651808167,-0.5456550530252242
PH_vs_Patch,IV,284,1,0,PatchHuber,Patch,95.86153322511048,114.67360836655564,-18.812075141445163,3.827811081375385,4.064244808145585,-0.23643372677019947
PH_vs_Patch,IV,285,1,0,PatchHuber,Patch,97.52837422013155,118.87333269442053,-21.344958474288973,2.8391828654777718,3.0600101654387912,-0.22082729996101946
PH_vs_Patch,IV,286,1,0,PatchHuber,Patch,99.19010457214917,118.85674018379387,-19.666635611644708,3.3845410283490813,3.94136468640018,-0.5568236580510986
PH_vs_Patch,IV,287,1,0,PatchHuber,Patch,98.585894453596,120.93610703228404,-22.350212578688044,3.634945667567461,4.226488104216749,-0.5915424366492879
PH_vs_Patch,IV,288,1,0,PatchHuber,Patch,101.5406304105286,119.95108223233584,-18.41045182180723,3.6814537569909542,4.265061749338797,-0.5836079923478423
PH_vs_Patch,IV,289,1,0,PatchHuber,Patch,104.28970713217105,121.60085797415512,-17.311150841984073,3.9226652591773647,5.19597827588549,-1.273313016708125
PH_vs_Patch,IV,290,1,0,PatchHuber,Patch,104.94176887143404,123.1783446382918,-18.23657576685777,3.860685438960483,4.661647750017372,-0.8009623110568889
PH_vs_Patch,IV,291,1,0,PatchHuber,Patch,106.03330328110896,122.20064172927462,-16.167338448165665,3.9655853838109754,4.304816989007779,-0.33923160519680406
PH_vs_Patch,IV,292,1,0,PatchHuber,Patch,106.55787725756922,120.85050185325842,-14.292624595689205,3.871877976864125,4.001576118544996,-0.1296981416808709
PH_vs_Patch,IV,293,1,0,PatchHuber,Patch,108.58902172444706,126.2941421190982,-17.705120394651132,3.1521196450054862,3.297059538202545,-0.1449398931970589
PH_vs_Patch,IV,294,1,0,PatchHuber,Patch,107.62779901638255,127.07638362182828,-19.44858460544573,3.462236504606906,3.664825836851475,-0.20258933224456888
PH_vs_Patch,IV,295,1,0,PatchHuber,Patch,104.66861493564237,125.46582279503548,-20.79720785939311,3.160853885348131,2.853734058702752,0.30711982664537896
PH_vs_Patch,IV,296,1,0,PatchHuber,Patch,102.96796631641692,127.14234890598816,-24.174382589571238,3.4767337544475247,3.644958311006768,-0.16822455655924307
PH_vs_Patch,IV,297,1,0,PatchHuber,Patch,101.55992692916924,131.771566217131,-30.211639287961773,3.260538904308894,4.284223109021559,-1.0236842047126649
PH_vs_Patch,IV,298,1,0,PatchHuber,Patch,99.7150890632202,126.15512107027624,-26.440032007056033,2.8231341448746594,3.447219660792006,-0.6240855159173466
PH_vs_Patch,IV,299,1,0,PatchHuber,Patch,101.2492957317198,126.7045742599718,-25.45527852825201,4.063844857810105,4.920675553872143,-0.8568306960620378
PH_vs_Patch,IV,300,1,0,PatchHuber,Patch,100.3985853162075,120.63396036815617,-20.235375051948665,4.152650500782562,4.324715186974456,-0.1720646861918942
PH_vs_Patch,IV,301,1,0,PatchHuber,Patch,96.26031610115808,116.72727059482727,-20.466954493669192,3.831985162402868,3.975437756749931,-0.14345259434706303
PH_vs_Patch,IV,302,1,0,PatchHuber,Patch,97.14096156879856,115.55330497883564,-18.41234341003708,3.686840820046971,3.5443345394415,0.14250628060547088
PH_vs_Patch,IV,303,1,0,PatchHuber,Patch,98.97480695692047,120.13057946038296,-21.155772503462487,3.702499341792212,3.6668001811937794,0.03569916059843248
PH_vs_Patch,IV,304,1,0,PatchHuber,Patch,105.38158479198512,124.66309576623271,-19.281510974247595,4.807504735771434,4.463617782399987,0.34388695337144704
PH_vs_Patch,IV,305,1,0,PatchHuber,Patch,105.06006440672866,126.01725896961696,-20.957194562888304,4.642852411729146,4.761191783158525,-0.11833937142937856
PH_vs_Patch,IV,306,1,0,PatchHuber,Patch,107.64407263612756,136.19961346627127,-28.555540830143713,4.354456928163825,5.302457230855955,-0.9480003026921304
PH_vs_Patch,IV,307,1,0,PatchHuber,Patch,106.46635724333451,132.04312533168587,-25.576768088351358,4.325049753912714,4.165220566110971,0.15982918780174327
PH_vs_Patch,IV,308,1,0,PatchHuber,Patch,109.576622319033,130.6841678755537,-21.10754555652069,3.716605938155272,3.5649842685867985,0.15162166956847356
PH_vs_Patch,IV,309,1,0,PatchHuber,Patch,112.50858469277284,138.66122137938046,-26.15263668660762,3.5864249465020657,3.616035224679869,-0.029610278177803373
PH_vs_Patch,IV,310,1,0,PatchHuber,Patch,116.6296875978652,139.88820287509816,-23.25851527723296,4.412847479597793,4.374828530169445,0.038018949428347604
PH_vs_Patch,IV,311,1,0,PatchHuber,Patch,117.00507454987198,141.05357126324913,-24.048496713377148,4.43073302214927,4.8416909895778,-0.41095796742852997
PH_vs_Patch,IV,312,1,0,PatchHuber,Patch,118.18746373077305,142.33471343356706,-24.147249702794014,4.1307795496776505,5.109406427518984,-0.9786268778413332
PH_vs_Patch,IV,313,1,0,PatchHuber,Patch,115.40920605122456,139.3917588619283,-23.98255281070375,4.0224955302739325,3.6705657788271697,0.35192975144676275
PH_vs_Patch,IV,314,1,0,PatchHuber,Patch,115.17415428307385,136.16899710948027,-20.994842826406426,3.607584108124213,3.3894343368013145,0.21814977132289837
PH_vs_Patch,IV,315,1,0,PatchHuber,Patch,114.86805910807372,139.547800906442,-24.679741798368283,4.252526723006995,3.932087571190676,0.320439151816319
PH_vs_Patch,IV,316,2,0,PatchHuber,Patch,115.72225125281798,139.03130041662556,-23.309049163807572,3.788194264433544,3.570724250530816,0.2174700139027279
PH_vs_Patch,IV,317,2,0,PatchHuber,Patch,116.04000263740134,147.28182107700135,-31.24181843960001,3.460745103952428,4.888166685346924,-1.427421581394496
PH_vs_Patch,IV,318,2,0,PatchHuber,Patch,113.08872007871562,166.05587000449532,-52.967149925779694,3.255681092811826,8.574922181151594,-5.319241088339768
PH_vs_Patch,IV,319,2,0,PatchHuber,Patch,109.02668240158512,146.59411178791524,-37.56742938633012,3.0850190521170453,4.391238338722352,-1.3062192866053066
PH_vs_Patch,IV,320,2,0,PatchHuber,Patch,107.84246672299814,143.15501669815822,-35.31254997516008,3.3579693280105443,4.497307968210632,-1.1393386402000876
PH_vs_Patch,IV,321,2,0,PatchHuber,Patch,114.0154806296781,139.53323396954238,-25.517753339864285,3.487421315590073,3.938917325068031,-0.4514960094779581
PH_vs_Patch,IV,322,2,0,PatchHuber,Patch,114.56316649731644,146.05648180607113,-31.49331530875469,3.5307155976962714,4.204347035780787,-0.6736314380845152
PH_vs_Patch,IV,323,2,0,PatchHuber,Patch,112.36965722920444,142.42091154666247,-30.05125431745803,2.9439094591664494,3.686503236344005,-0.7425937771775555
PH_vs_Patch,IV,324,2,0,PatchHuber,Patch,111.92749194936812,142.53966388980734,-30.612171940439225,3.5373981524216096,5.027876742587124,-1.4904785901655146
PH_vs_Patch,IV,325,2,0,PatchHuber,Patch,107.60535404361764,132.21239194126235,-24.607037897644716,2.5810320223556387,2.333920423895363,0.24711159846027586
PH_vs_Patch,IV,326,2,0,PatchHuber,Patch,105.62368295652584,135.00878364456275,-29.385100688036914,3.30098743639484,3.327600513856732,-0.02661307746189223
PH_vs_Patch,IV,327,2,0,PatchHuber,Patch,101.82391131476548,127.49989128818164,-25.675979973416162,3.797274928018185,3.0353945266374054,0.7618804013807794
PH_vs_Patch,IV,328,2,0,PatchHuber,Patch,101.9791019342098,128.57118989483988,-26.59208796063008,2.7810665526555995,2.442859524077844,0.3382070285777554
PH_vs_Patch,IV,329,2,0,PatchHuber,Patch,98.0698241314353,129.87798723302652,-31.80816310159122,3.352012905852916,3.5187759694607927,-0.16676306360787674
PH_vs_Patch,IV,330,2,0,PatchHuber,Patch,92.11664806553485,127.02478600058906,-34.908137935054214,2.6114419602470456,2.4878860028273926,0.12355595741965297
PH_vs_Patch,IV,331,2,0,PatchHuber,Patch,98.8183965381577,139.24384181575996,-40.425445277602265,3.0490418461487496,3.6929308907635754,-0.6438890446148258
PH_vs_Patch,IV,332,2,0,PatchHuber,Patch,91.62404466142527,132.66775234061507,-41.043707679189794,3.282814473363353,4.234322287340825,-0.9515078139774715
PH_vs_Patch,IV,333,2,0,PatchHuber,Patch,92.95932956948056,129.1595766387939,-36.20024706931335,2.798121774237895,3.4523602276447027,-0.6542384534068075
PH_vs_Patch,IV,334,2,0,PatchHuber,Patch,93.08636962615654,125.53901365221712,-32.45264402606058,3.274671553061613,4.178954494314531,-0.9042829412529176
PH_vs_Patch,IV,335,2,0,PatchHuber,Patch,95.4464886476934,132.65317306123248,-37.20668441353908,3.4891576700630056,4.506296983159086,-1.01713931309608
PH_vs_Patch,IV,336,2,0,PatchHuber,Patch,98.23113185695746,134.3881787073457,-36.15704685038824,3.091843199098918,3.8462824960062383,-0.7544392969073201
PH_vs_Patch,IV,337,2,0,PatchHuber,Patch,98.6788263278784,133.71688227270675,-35.03805594482836,3.346021794063217,4.062230882483792,-0.7162090884205754
PH_vs_Patch,IV,338,2,0,PatchHuber,Patch,93.9193131575052,130.8836342333714,-36.964321075866195,2.317768115097828,3.342281936488419,-1.0245138213905909
PH_vs_Patch,IV,339,2,0,PatchHuber,Patch,89.30111990977349,131.50021559998805,-42.19909569021456,2.716087532187184,3.184794406072448,-0.4687068738852638
PH_vs_Patch,IV,340,2,0,PatchHuber,Patch,93.13251116373782,133.57142742205323,-40.438916258315416,2.85751301674488,3.366920083912276,-0.509407067167396
PH_vs_Patch,IV,341,2,0,PatchHuber,Patch,96.76427444707062,139.39391369439238,-42.62963924732176,2.195548749997532,2.663901948726651,-0.46835319872911896
PH_vs_Patch,IV,342,2,0,PatchHuber,Patch,88.87227538979856,142.16407964024663,-53.29180425044807,2.8676903420621334,3.6223031187676846,-0.7546127767055513
PH_vs_Patch,IV,343,2,0,PatchHuber,Patch,103.63650725727454,147.67866684276584,-44.04215958549129,2.663347490943776,3.3003283105569885,-0.6369808196132123
PH_vs_Patch,IV,344,2,0,PatchHuber,Patch,104.91462306584872,153.0877693904223,-48.17314632457358,3.2536656957156267,4.157242652658025,-0.9035769569423979
PH_vs_Patch,IV,345,2,0,PatchHuber,Patch,102.08894765866916,147.46227532156513,-45.373327662895974,3.673850177394733,4.2572202286013,-0.5833700512065669
PH_vs_Patch,IV,346,2,0,PatchHuber,Patch,96.430716717165,143.1009272759223,-46.67021055875729,2.8957013512403864,3.343699217455435,-0.44799786621504856
PH_vs_Patch,IV,347,2,0,PatchHuber,Patch,86.40496256008011,131.79048703167786,-45.38552447159775,3.070765301922458,3.5839541590942803,-0.5131888571718224
PH_vs_Patch,IV,348,2,0,PatchHuber,Patch,85.67110101806894,132.33274135882166,-46.661640340752726,3.525929201416248,3.66695192974749,-0.14102272833124196
PH_vs_Patch,IV,349,2,0,PatchHuber,Patch,86.47173117504848,128.45106191817086,-41.97933074312239,2.4370546735567533,2.6173740831623413,-0.180319409605588
PH_vs_Patch,IV,350,2,0,PatchHuber,Patch,90.00244852496913,139.44339113205177,-49.44094260708265,2.503005091338822,3.453532634492809,-0.9505275431539868
PH_vs_Patch,IV,351,2,0,PatchHuber,Patch,99.33593156237578,138.18243919980335,-38.84650763742758,2.124066878508077,2.7443029283496028,-0.6202360498415258
PH_vs_Patch,IV,352,2,0,PatchHuber,Patch,110.62104873833292,146.05661429000554,-35.435565551672624,2.4851534980661425,3.41397773535496,-0.9288242372888176
PH_vs_Patch,IV,353,2,0,PatchHuber,Patch,115.5471409973806,148.81233503427498,-33.265194036894385,2.8571554518284383,3.4636602863988037,-0.6065048345703654
PH_vs_Patch,IV,354,2,0,PatchHuber,Patch,123.26738515477729,156.595173831268,-33.32778867649071,2.494935754013267,3.648467991871757,-1.15353223785849
PH_vs_Patch,IV,355,2,0,PatchHuber,Patch,127.66957035243858,156.88998264126997,-29.220412288831383,2.9874258238129743,3.9452279960722514,-0.9578021722592771
PH_vs_Patch,IV,356,2,0,PatchHuber,Patch,123.67865893959366,152.51707928776008,-28.838420348166423,2.743087377025984,3.816801528175591,-1.0737141511496073
PH_vs_Patch,IV,357,2,0,PatchHuber,Patch,119.2316346092452,143.6212620092292,-24.389627399984008,2.5586703383582994,3.4671101383398244,-0.908439799981525
PH_vs_Patch,IV,358,2,0,PatchHuber,Patch,128.63053164094066,157.60237724652802,-28.97184560558736,3.4151309130254344,3.917489467376342,-0.5023585543509075
PH_vs_Patch,IV,359,2,0,PatchHuber,Patch,128.74110326194102,164.10601387970834,-35.36491061776732,3.0128054111335745,2.8440419564917745,0.16876345464179998
PH_vs_Patch,IV,360,2,0,PatchHuber,Patch,128.85025901264638,162.45381152131293,-33.60355250866655,3.2299820609890086,2.9814161284739558,0.24856593251505288
PH_vs_Patch,IV,361,2,0,PatchHuber,Patch,128.2979046507381,166.6928199244576,-38.394915273719505,3.274660186808225,3.433723201826316,-0.1590630150180914
PH_vs_Patch,IV,362,2,0,PatchHuber,Patch,126.24471920177282,166.93000934489714,-40.68529014312432,3.175072349754724,3.679168596820375,-0.5040962470656511
PH_vs_Patch,IV,363,2,0,PatchHuber,Patch,124.17016015993988,161.9428473116093,-37.77268715166943,3.7667638979389344,5.026577682850016,-1.2598137849110818
PH_vs_Patch,IV,364,2,0,PatchHuber,Patch,117.6384375356137,156.79559237782914,-39.157154842215434,3.53342985880652,5.1411492855361285,-1.6077194267296084
PH_vs_Patch,IV,365,2,0,PatchHuber,Patch,117.2111000486079,152.12259691043664,-34.91149686182874,3.5138016931963496,5.023502382241031,-1.5097006890446818
PH_vs_Patch,IV,366,3,0,PatchHuber,Patch,113.9864001629366,148.14886522041,-34.16246505747338,3.228872873698302,4.387119995076318,-1.1582471213780154
PH_vs_Patch,IV,367,3,0,PatchHuber,Patch,111.92263441687332,149.25134067802065,-37.32870626114733,3.147846625562588,3.804881928664121,-0.6570353031015332
PH_vs_Patch,IV,368,3,0,PatchHuber,Patch,108.90318880522088,138.56538850924875,-29.66219970402787,3.8818542402720033,4.499496008486269,-0.6176417682142659
PH_vs_Patch,IV,369,3,0,PatchHuber,Patch,113.44095613130808,144.90573150615276,-31.464775374844677,3.9767387954733335,3.7439443026669337,0.23279449280639986
PH_vs_Patch,IV,370,3,0,PatchHuber,Patch,110.3857718742756,142.83929509035303,-32.45352321607743,3.631564143941092,3.02141226294323,0.6101518809978619
PH_vs_Patch,IV,371,3,0,PatchHuber,Patch,115.3195448174922,152.38188652527603,-37.06234170778383,2.7294061423883944,2.2816223213983142,0.4477838209900802
PH_vs_Patch,VI,0,0,0,PatchHuber,Patch,89.23532731735456,106.61129452244052,-17.375967205085956,5.415370849675565,5.764873846447402,-0.3495029967718368
PH_vs_Patch,VI,1,0,0,PatchHuber,Patch,89.25609902185873,108.88781266907915,-19.631713647220423,4.748255459212246,5.104143735386898,-0.35588827617465135
PH_vs_Patch,VI,2,0,0,PatchHuber,Patch,93.22185758255496,112.42273323651258,-19.200875653957624,5.945957124794927,6.387281172993511,-0.4413240481985836
PH_vs_Patch,VI,3,0,0,PatchHuber,Patch,96.66466968366278,116.88414374121584,-20.219474057553057,4.470884694098201,4.4508227784987655,0.020061915599435487
PH_vs_Patch,VI,4,0,0,PatchHuber,Patch,92.60843118703949,111.1019943999492,-18.49356321290972,5.481980785506281,5.052951589049166,0.42902919645711535
PH_vs_Patch,VI,5,0,0,PatchHuber,Patch,93.01536328566596,111.56584067977316,-18.550477394107205,6.013549392470212,5.993242296533156,0.020307095937056374
PH_vs_Patch,VI,6,0,0,PatchHuber,Patch,97.36747109360624,117.58284244097284,-20.2153713473666,6.4935230827687285,6.917776635006355,-0.4242535522376265
PH_vs_Patch,VI,7,0,0,PatchHuber,Patch,99.00824092301174,116.3236409284911,-17.31540000547936,5.51245221964408,5.932500773140361,-0.42004855349628034
PH_vs_Patch,VI,8,0,0,PatchHuber,Patch,99.88411174460398,114.86677845159817,-14.98266670699418,5.878825914260858,6.279582331728293,-0.4007564174674352
PH_vs_Patch,VI,9,0,0,PatchHuber,Patch,111.2503723172546,124.01804107555137,-12.767668758296765,6.156950561617185,6.490173052181121,-0.33322249056393627
PH_vs_Patch,VI,10,0,0,PatchHuber,Patch,111.9878971720758,121.5555372518435,-9.567640079767699,6.410709607193411,6.627160729402519,-0.2164511222091079
PH_vs_Patch,VI,11,0,0,PatchHuber,Patch,104.6031828743851,114.80487312469,-10.201690250304907,4.644300437214063,4.718637570827648,-0.07433713361358496
PH_vs_Patch,VI,12,0,0,PatchHuber,Patch,102.68854304038832,111.24357152841765,-8.555028488029322,6.052129446124095,6.261441209737575,-0.20931176361348047
PH_vs_Patch,VI,13,0,0,PatchHuber,Patch,114.76036367991333,125.39937352513884,-10.639009845225516,5.297733606072825,5.619949643749271,-0.322216037676446
PH_vs_Patch,VI,14,0,0,PatchHuber,Patch,113.95652334439222,132.62270357752033,-18.666180233128102,5.35643411261102,5.75342059011346,-0.3969864775024394
PH_vs_Patch,VI,15,0,0,PatchHuber,Patch,105.05023200928046,124.97331691159606,-19.923084902315594,6.001943834488888,5.62230094319518,0.37964289129370776
PH_vs_Patch,VI,16,0,0,PatchHuber,Patch,102.52080198880738,121.86514212780946,-19.344340139002085,6.675403992769609,6.59114282379671,0.08426116897289937
PH_vs_Patch,VI,17,0,0,PatchHuber,Patch,97.01039963136584,118.38797900301098,-21.37757937164514,5.554007537073082,5.752325799801375,-0.1983182627282929
PH_vs_Patch,VI,18,0,0,PatchHuber,Patch,88.68115240605974,116.0367131825352,-27.355560776475457,4.8400072689125935,5.521441798344215,-0.6814345294316215
PH_vs_Patch,VI,19,0,0,PatchHuber,Patch,87.7428215466544,113.16367839982114,-25.42085685316674,5.4915852024143605,6.0964822310448605,-0.6048970286305
PH_vs_Patch,VI,20,0,0,PatchHuber,Patch,94.7355856821476,116.4829812239137,-21.747395541766096,5.520581544965289,5.901642777317471,-0.3810612323521818
PH_vs_Patch,VI,21,0,0,PatchHuber,Patch,90.723799405932,112.59532936484356,-21.871529958911566,4.544210808845434,5.405327827005857,-0.8611170181604235
PH_vs_Patch,VI,22,0,0,PatchHuber,Patch,78.21156122397475,104.15326676880017,-25.94170554482541,3.6627472340070577,4.47216168853373,-0.8094144545266726
PH_vs_Patch,VI,23,0,0,PatchHuber,Patch,65.99214553512469,88.9037051283268,-22.911559593202114,3.8734789284570574,4.437350262247826,-0.5638713337907681
PH_vs_Patch,VI,24,0,0,PatchHuber,Patch,63.37673891562139,86.64287307149752,-23.26613415587613,4.093265184395366,4.495310873554623,-0.402045689159257
PH_vs_Patch,VI,25,0,0,PatchHuber,Patch,73.11897023735449,101.45842800479842,-28.339457767443932,4.51713052117451,5.048258954951448,-0.5311284337769386
PH_vs_Patch,VI,26,0,0,PatchHuber,Patch,81.19042147444117,105.92503864172004,-24.73461716727887,3.1751087348771527,3.934196820473365,-0.7590880855962121
PH_vs_Patch,VI,27,0,0,PatchHuber,Patch,87.0295664235245,110.34428266297247,-23.314716239447975,3.851502248649661,4.027344643574741,-0.17584239492508047
PH_vs_Patch,VI,28,0,0,PatchHuber,Patch,91.91051450790168,110.71818136966924,-18.807666861767558,4.308013173865318,4.241256492166768,0.06675668169854987
PH_vs_Patch,VI,29,0,0,PatchHuber,Patch,88.46829470811666,106.70332717331604,-18.23503246519938,4.666882554566406,5.600087948164995,-0.9332053935985885
PH_vs_Patch,VI,30,0,0,PatchHuber,Patch,84.91827144448345,102.1155538473895,-17.197282402906055,4.126297830675032,5.154637986140575,-1.0283401554655427
PH_vs_Patch,VI,31,0,0,PatchHuber,Patch,87.11418515610856,104.04005597040756,-16.925870814299003,3.4630054146596354,3.7525607657001943,-0.28955535104055885
PH_vs_Patch,VI,32,0,0,PatchHuber,Patch,91.0617135014424,112.4040240920315,-21.342310590589108,5.023665401609654,5.72278386230239,-0.6991184606927359
PH_vs_Patch,VI,33,0,0,PatchHuber,Patch,97.47280809014184,117.72858961317748,-20.255781523035637,4.197756973223745,4.754689909052607,-0.5569329358288622
PH_vs_Patch,VI,34,0,0,PatchHuber,Patch,93.34450960438092,111.89686964328467,-18.552360038903757,3.76471525822877,3.961402684499424,-0.19668742627065372
PH_vs_Patch,VI,35,0,0,PatchHuber,Patch,89.90400749416243,108.34765508547532,-18.443647591312896,5.241814169474447,4.964670481449255,0.27714368802519207
PH_vs_Patch,VI,36,0,0,PatchHuber,Patch,81.32715115611761,98.85846216940364,-17.53131101328603,4.810095266560149,5.297837443304182,-0.48774217674403353
PH_vs_Patch,VI,37,0,0,PatchHuber,Patch,80.90732933163494,103.21558066829851,-22.308251336663574,4.222508997257616,5.007426511880473,-0.7849175146228564
PH_vs_Patch,VI,38,0,0,PatchHuber,Patch,80.6318568691548,99.0777838368386,-18.445926967683803,5.337023158700553,6.140640726981275,-0.8036175682807212
PH_vs_Patch,VI,39,0,0,PatchHuber,Patch,83.94737479243668,104.69533395111804,-20.74795915868137,5.7207878150614375,6.556343588260287,-0.8355557731988492
PH_vs_Patch,VI,40,0,0,PatchHuber,Patch,88.04516630116788,109.24490028217735,-21.199733981009473,4.435153038286058,4.462353510361972,-0.02720047207591403
PH_vs_Patch,VI,41,0,0,PatchHuber,Patch,88.78276454906712,112.28025534665262,-23.4974907975855,5.3656291490027685,5.5206962990284,-0.15506715002563176
PH_vs_Patch,VI,42,0,0,PatchHuber,Patch,90.79706145800829,112.07521187864852,-21.27815042064023,5.90475004803038,6.4074414547705,-0.5026914067401203
PH_vs_Patch,VI,43,0,0,PatchHuber,Patch,88.79891634944055,111.44948314378118,-22.650566794340634,4.916718003681539,6.067725840088896,-1.1510078364073566
PH_vs_Patch,VI,44,0,0,PatchHuber,Patch,91.81059622988336,112.98038631461512,-21.16979008473176,5.827090717231243,6.580235143903086,-0.7531444266718426
PH_vs_Patch,VI,45,0,0,PatchHuber,Patch,94.7349417329139,112.88951672428485,-18.15457499137095,6.408332122676066,7.26857863316525,-0.8602465104891834
PH_vs_Patch,VI,46,0,0,PatchHuber,Patch,97.78716420943844,116.28141231374065,-18.4942481043022,5.205163253322081,5.8343654427038825,-0.6292021893818012
PH_vs_Patch,VI,47,0,0,PatchHuber,Patch,107.98539061360796,122.82462923932472,-14.83923862571676,5.746135769023949,5.784232534484252,-0.038096765460302606
PH_vs_Patch,VI,48,0,0,PatchHuber,Patch,107.41847115731908,118.48410399846652,-11.065632841147448,5.672313104365644,5.994394280975753,-0.3220811766101086
PH_vs_Patch,VI,49,0,0,PatchHuber,Patch,95.7921308287015,109.41018995143034,-13.618059122728837,4.563502790967715,4.8460179414677045,-0.28251515049998943
PH_vs_Patch,VI,50,0,0,PatchHuber,Patch,98.9392520256724,111.08161071790045,-12.142358692228044,5.592747954536996,6.217961571810586,-0.62521361727359
PH_vs_Patch,VI,51,0,0,PatchHuber,Patch,108.2578276251356,124.6379027901713,-16.38007516503569,5.645898302735417,6.102829528002945,-0.45693122526752816
PH_vs_Patch,VI,52,0,0,PatchHuber,Patch,106.72941903080314,130.05145222265736,-23.322033191854217,4.742398963927899,5.11284875218116,-0.3704497882532607
PH_vs_Patch,VI,53,0,0,PatchHuber,Patch,102.26190519045883,122.54823037261664,-20.28632518215781,5.643669305918867,5.592374948351854,0.05129435756701284
PH_vs_Patch,VI,54,0,0,PatchHuber,Patch,100.12659177277548,118.27272505311662,-18.146133280341132,6.957117873746472,7.396426018356026,-0.43930814460955414
PH_vs_Patch,VI,55,0,0,PatchHuber,Patch,90.66308515981596,110.20735081719988,-19.544265657383917,6.147559480983589,6.907566616926068,-0.7600071359424785
PH_vs_Patch,VI,56,0,0,PatchHuber,Patch,85.41900218685653,109.1843900386048,-23.765387851748272,5.40496280383567,6.4020357959058565,-0.9970729920701862
PH_vs_Patch,VI,57,0,0,PatchHuber,Patch,83.3342588907891,110.31469837491838,-26.980439484129278,4.623734515259295,6.196303883633497,-1.5725693683742028
PH_vs_Patch,VI,58,0,0,PatchHuber,Patch,86.16966782152213,111.62986481662575,-25.46019699510363,5.02940885921972,5.680447375894564,-0.651038516674844
PH_vs_Patch,VI,59,0,0,PatchHuber,Patch,85.59552795395871,110.15400684305172,-24.55847888909301,2.5076810703782413,2.8525405862467195,-0.3448595158684782
PH_vs_Patch,VI,60,0,0,PatchHuber,Patch,77.12867478773433,107.72712561402184,-30.598450826287518,3.06734749039445,3.5080277104362527,-0.4406802200418025
PH_vs_Patch,VI,61,0,0,PatchHuber,Patch,70.71301077662402,99.74728357920203,-29.034272802578016,4.17818577826551,5.294908830009082,-1.1167230517435724
PH_vs_Patch,VI,62,0,0,PatchHuber,Patch,63.49884822470725,85.13359717338902,-21.634748948681768,3.487844908867769,4.275509596205863,-0.7876646873380939
PH_vs_Patch,VI,63,0,0,PatchHuber,Patch,66.0164546399612,94.85088248803692,-28.83442784807572,3.9184371433679694,4.692396902249401,-0.7739597588814315
PH_vs_Patch,VI,64,0,0,PatchHuber,Patch,73.02199839926297,100.01614500593956,-26.994146606676594,3.1566105931250306,3.859980100608464,-0.7033695074834334
PH_vs_Patch,VI,65,0,0,PatchHuber,Patch,77.86037829799011,101.24185170523997,-23.381473407249857,4.138328842293427,4.700662559331128,-0.5623337170377019
PH_vs_Patch,VI,66,0,0,PatchHuber,Patch,84.84904221695935,107.5206241210674,-22.671581904108052,3.131862424256145,3.674123758317615,-0.5422613340614704
PH_vs_Patch,VI,67,0,0,PatchHuber,Patch,83.30381670951884,99.84566197751109,-16.541845267992244,4.048441857568465,4.973050826158106,-0.9246089685896415
PH_vs_Patch,VI,68,0,0,PatchHuber,Patch,83.05894128936806,99.99845440203426,-16.93951311266619,5.410880281727235,6.175757397150855,-0.7648771154236202
PH_vs_Patch,VI,69,0,0,PatchHuber,Patch,77.58879023801751,92.4233120006236,-14.834521762606087,4.4876680925656665,5.143842352733565,-0.6561742601678988
PH_vs_Patch,VI,70,1,0,PatchHuber,Patch,83.61012176652491,105.22116756203616,-21.611045795511245,4.371458845437715,5.495837612829422,-1.1243787673917067
PH_vs_Patch,VI,71,1,0,PatchHuber,Patch,87.33492439214528,109.77223450483656,-22.43731011269128,3.959762512448607,4.894436213660616,-0.934673701212009
PH_vs_Patch,VI,72,1,0,PatchHuber,Patch,91.29221586880767,110.8640076431236,-19.571791774315926,4.936016907328842,5.461294892795629,-0.5252779854667873
PH_vs_Patch,VI,73,1,0,PatchHuber,Patch,92.040377479684,108.3432981593289,-16.3029206796449,5.992568602957111,6.112736666039583,-0.12016806308247219
PH_vs_Patch,VI,74,1,0,PatchHuber,Patch,85.9724878182686,103.65104311341074,-17.678555295142132,4.786430912796346,5.1156617875926855,-0.3292308747963393
PH_vs_Patch,VI,75,1,0,PatchHuber,Patch,82.90718810108271,108.23586554397455,-25.328677442891845,5.475598798140295,6.385301225494455,-0.9097024273541603
PH_vs_Patch,VI,76,1,0,PatchHuber,Patch,79.30554163039068,100.06522079881218,-20.7596791684215,4.33021021753254,5.121522874382144,-0.7913126568496045
PH_vs_Patch,VI,77,1,0,PatchHuber,Patch,79.79241160343457,102.46708104007348,-22.674669436638908,5.127710996817816,5.659514267448774,-0.5318032706309577
PH_vs_Patch,VI,78,1,0,PatchHuber,Patch,86.71276826905142,107.306901873411,-20.59413360435957,5.578707554022316,5.962652737020765,-0.38394518299844904
PH_vs_Patch,VI,79,1,0,PatchHuber,Patch,88.13671822102249,112.05036116964529,-23.913642948622794,4.663539004242146,4.842557204879842,-0.1790182006376959
PH_vs_Patch,VI,80,1,0,PatchHuber,Patch,91.56664009385712,116.25891254080294,-24.69227244694582,5.542322968714976,5.726859342644239,-0.18453637392926314
PH_vs_Patch,VI,81,1,0,PatchHuber,Patch,93.66272011659736,113.76125723959606,-20.098537122998707,6.184162627697639,7.157817936553741,-0.9736553088561015
PH_vs_Patch,VI,82,1,0,PatchHuber,Patch,89.41235026500935,111.79077545288835,-22.378425187879003,5.2552626504528535,6.132534408084633,-0.8772717576317799
PH_vs_Patch,VI,83,1,0,PatchHuber,Patch,89.986956187256,107.445883050957,-17.458926863700995,6.227367000571318,6.853670916129637,-0.626303915558319
PH_vs_Patch,VI,84,1,0,PatchHuber,Patch,97.91992031011392,109.78683919563368,-11.866918885519752,6.493123574984473,7.200840926577611,-0.7077173515931383
PH_vs_Patch,VI,85,1,0,PatchHuber,Patch,105.54619962419788,122.31580547928814,-16.769605855090262,4.921347443578678,5.541166583427354,-0.6198191398486763
PH_vs_Patch,VI,86,1,0,PatchHuber,Patch,106.3869454889832,120.98600325813612,-14.599057769152921,5.248751007479291,5.638555928165458,-0.38980492068616623
PH_vs_Patch,VI,87,1,0,PatchHuber,Patch,99.70934700364651,111.99604175914132,-12.286694755494807,5.971377065233116,6.825601637842906,-0.8542245726097901
PH_vs_Patch,VI,88,1,0,PatchHuber,Patch,91.8240480162685,103.28622424567078,-11.462176229402274,5.479828411442869,5.366426508088112,0.11340190335475686
PH_vs_Patch,VI,89,1,0,PatchHuber,Patch,99.20689876835934,115.53250003673858,-16.325601268379245,5.554138670168294,5.897645791957519,-0.3435071217892247
PH_vs_Patch,VI,90,1,0,PatchHuber,Patch,102.59964603021406,123.46662455144772,-20.866978521233662,4.989640608720633,5.416350017709273,-0.42670940898864007
PH_vs_Patch,VI,91,1,0,PatchHuber,Patch,100.8933480347821,122.56595526176876,-21.67260722698667,5.120272582864005,4.908227680647379,0.21204490221662642
PH_vs_Patch,VI,92,1,0,PatchHuber,Patch,100.52736217640847,117.403151788855,-16.875789612446525,6.286323716503141,6.942664852008113,-0.656341135504972
PH_vs_Patch,VI,93,1,0,PatchHuber,Patch,94.14994117855822,109.23900904672192,-15.089067868163696,6.729987425159916,7.5931365960665875,-0.8631491709066719
PH_vs_Patch,VI,94,1,0,PatchHuber,Patch,82.75486182961517,106.02760537737146,-23.272743547756292,4.716612127851558,5.45793468557501,-0.7413225577234517
PH_vs_Patch,VI,95,1,0,PatchHuber,Patch,85.49139234783611,107.04862374228048,-21.557231394444372,5.160597821654834,6.761817079061095,-1.6012192574062611
PH_vs_Patch,VI,96,1,0,PatchHuber,Patch,84.90167188945603,107.47274583564852,-22.5710739461925,5.601472471915614,6.919813279869851,-1.318340807954237
PH_vs_Patch,VI,97,1,0,PatchHuber,Patch,84.94610115294557,109.56475824667058,-24.618657093725005,4.261017555372711,4.886597527357667,-0.6255799719849557
PH_vs_Patch,VI,98,1,0,PatchHuber,Patch,80.79380396578533,111.18507122962544,-30.391267263840106,2.4369047295146755,3.5587053758223304,-1.1218006463076549
PH_vs_Patch,VI,99,1,0,PatchHuber,Patch,73.31624148237674,101.2734413268856,-27.957199844508864,3.692015322371118,4.356718733690723,-0.6647034113196053
PH_vs_Patch,VI,100,1,0,PatchHuber,Patch,62.690996969022,83.8392519718918,-21.148255002869796,3.971529259850018,4.96384519022489,-0.9923159303748723
PH_vs_Patch,VI,101,1,0,PatchHuber,Patch,68.52123256295718,95.52515772391924,-27.003925160962055,4.616335256204578,5.603262278361531,-0.9869270221569533
PH_vs_Patch,VI,102,1,0,PatchHuber,Patch,73.59823059363815,99.62945542899617,-26.031224835358017,3.3541710252805546,4.116826709296411,-0.762655684015856
PH_vs_Patch,VI,103,1,0,PatchHuber,Patch,78.47092952403055,100.7927389408494,-22.32180941681885,3.874925551667956,4.445188573632289,-0.5702630219643332
PH_vs_Patch,VI,104,1,0,PatchHuber,Patch,85.07478186424784,105.46302758269309,-20.388245718445248,4.719320614110131,5.1758897493554885,-0.45656913524535714
PH_vs_Patch,VI,105,1,0,PatchHuber,Patch,82.54284166576838,99.72062706780233,-17.177785402033948,3.389293351961961,4.4967085971952665,-1.1074152452333057
PH_vs_Patch,VI,106,1,0,PatchHuber,Patch,81.02326167511947,96.50678023056976,-15.483518555450289,4.590728110133719,5.671747709743133,-1.0810195996094132
PH_vs_Patch,VI,107,1,0,PatchHuber,Patch,78.54134999103088,93.32849763655383,-14.78714764552295,3.980808941616772,4.95215344248187,-0.971344500865098
PH_vs_Patch,VI,108,1,0,PatchHuber,Patch,84.04577879790776,107.44860723931708,-23.402828441409326,3.646965996247748,4.410522584653262,-0.763556588405514
PH_vs_Patch,VI,109,1,0,PatchHuber,Patch,89.70862398760003,111.8481387855971,-22.139514797997066,4.74366438000191,5.8662270943723405,-1.1225627143704306
PH_vs_Patch,VI,110,1,0,PatchHuber,Patch,90.66753636296998,110.12055380925666,-19.45301744628668,4.227642730640994,4.205343085598151,0.02229964504284343
PH_vs_Patch,VI,111,1,0,PatchHuber,Patch,90.87594722153624,109.91922203044196,-19.04327480890572,3.678855702445207,4.050939255737649,-0.37208355329244247
PH_vs_Patch,VI,112,1,0,PatchHuber,Patch,86.84006936513255,101.47515328050658,-14.635083915374025,4.954543085417624,5.587426306831842,-0.6328832214142182
PH_vs_Patch,VI,113,1,0,PatchHuber,Patch,83.82853894943511,108.94057265265808,-25.112033703222963,4.47365133092647,5.09777547212774,-0.6241241412012704
PH_vs_Patch,VI,114,1,0,PatchHuber,Patch,80.45955830940557,103.0942430318242,-22.63468472241864,4.287298753958509,5.413302044906092,-1.1260032909475832
PH_vs_Patch,VI,115,1,0,PatchHuber,Patch,80.83388038434691,101.11779588700354,-20.283915502656626,5.2581317569894415,6.260478040121594,-1.0023462831321526
PH_vs_Patch,VI,116,1,0,PatchHuber,Patch,83.72916984568764,106.67046083499824,-22.941290989310602,4.675066638253453,5.361604554640608,-0.686537916387155
PH_vs_Patch,VI,117,1,0,PatchHuber,Patch,90.8993062028012,111.33707366003364,-20.43776745723244,5.828300326834043,6.035941743515086,-0.2076414166810432
PH_vs_Patch,VI,118,1,0,PatchHuber,Patch,92.22136936890315,114.57858644052033,-22.35721707161717,6.463479954866167,6.543625287880886,-0.08014533301471882
PH_vs_Patch,VI,119,1,0,PatchHuber,Patch,101.64458528650066,120.71442754889102,-19.069842262390367,5.675622803421786,5.915857212373739,-0.24023440895195325
PH_vs_Patch,VI,120,1,0,PatchHuber,Patch,105.77917752564224,123.4493970111332,-17.67021948549096,5.716833559169022,6.373867688220812,-0.65703412905179
PH_vs_Patch,VI,121,1,0,PatchHuber,Patch,108.28517911642726,125.094910170293,-16.809731053865747,6.856363264798468,7.249135821965966,-0.3927725571674987
PH_vs_Patch,VI,122,1,0,PatchHuber,Patch,110.17042696133473,127.6970643874385,-17.526637426103775,5.417926548097475,5.645394786887146,-0.2274682387896707
PH_vs_Patch,VI,123,1,0,PatchHuber,Patch,119.6174460829583,135.17431260242338,-15.556866519465089,5.581342354370756,5.818246489943843,-0.23690413557308698
PH_vs_Patch,VI,124,1,0,PatchHuber,Patch,125.26661791710303,139.72214676178558,-14.455528844682547,5.975473145705275,6.49472903258132,-0.5192558868760448
PH_vs_Patch,VI,125,1,0,PatchHuber,Patch,118.50366160447705,131.38993363748898,-12.886272033011934,6.294007796609106,6.663135911425856,-0.3691281148167498
PH_vs_Patch,VI,126,1,0,PatchHuber,Patch,109.7092619884054,120.6639831942623,-10.954721205856899,5.493646939429189,5.749502293177535,-0.25585535374834656
PH_vs_Patch,VI,127,1,0,PatchHuber,Patch,113.11437583980458,130.24097487989135,-17.126599040086774,5.113718184525895,5.626595591984976,-0.5128774074590803
PH_vs_Patch,VI,128,1,0,PatchHuber,Patch,120.60324311868472,140.19255799519556,-19.58931487651084,5.166098723910058,5.208789144748071,-0.04269042083801278
PH_vs_Patch,VI,129,1,0,PatchHuber,Patch,125.42793996968668,147.33599600944132,-21.90805603975464,6.07867142469481,5.99184599119481,0.0868254334999996
PH_vs_Patch,VI,130,1,0,PatchHuber,Patch,114.83450154480347,135.9867625945082,-21.152261049704734,5.370421279302582,4.963343374179429,0.40707790512315345
PH_vs_Patch,VI,131,1,0,PatchHuber,Patch,112.3162436482123,131.53415688322974,-19.217913235017434,6.297443890493628,6.625411100754254,-0.3279672102606268
PH_vs_Patch,VI,132,1,0,PatchHuber,Patch,103.42617638269192,125.1276618812012,-21.701485498509285,6.39740613069352,7.008704360713645,-0.6112982300201253
PH_vs_Patch,VI,133,1,0,PatchHuber,Patch,98.67171976314874,124.72973386601102,-26.058014102862273,4.680431101488043,5.733905797097426,-1.053474695609383
PH_vs_Patch,VI,134,1,0,PatchHuber,Patch,102.66637921900828,128.8403860422288,-26.174006823220523,5.0858279035039935,5.796791149987237,-0.7109632464832432
PH_vs_Patch,VI,135,1,0,PatchHuber,Patch,103.72430524183623,129.07589923335743,-25.3515939915212,4.354577433608402,4.88966653031696,-0.5350890967085578
PH_vs_Patch,VI,136,1,0,PatchHuber,Patch,96.75742365882786,122.30413700416491,-25.546713345337054,3.864202600233292,4.552002033064963,-0.687799432831671
PH_vs_Patch,VI,137,1,0,PatchHuber,Patch,85.47679692474516,113.80433845210268,-28.327541527357525,3.072446818655828,3.411096478616535,-0.3386496599607072
PH_vs_Patch,VI,138,1,0,PatchHuber,Patch,81.99567311693106,105.27643132457952,-23.28075820764846,3.922096124664387,4.545741492642773,-0.6236453679783862
PH_vs_Patch,VI,139,1,0,PatchHuber,Patch,75.78204436310828,100.59198575321244,-24.809941390104157,2.8059531590780904,3.3477785997115563,-0.5418254406334659
PH_vs_Patch,VI,140,2,0,PatchHuber,Patch,87.42933387044374,114.28097444565114,-26.851640575207398,4.123324881099787,4.4743273530432885,-0.3510024719435014
PH_vs_Patch,VI,141,2,0,PatchHuber,Patch,93.03731584465372,117.04614001728262,-24.008824172628906,3.616518254111976,4.120231548352234,-0.5037132942402582
PH_vs_Patch,VI,142,2,0,PatchHuber,Patch,96.9693176616911,119.49468803373418,-22.525370372043085,3.302242877940353,3.4281231020699687,-0.12588022412961575
PH_vs_Patch,VI,143,2,0,PatchHuber,Patch,106.0319546654518,127.1410712669161,-21.109116601464294,4.455283302842187,4.588563033171647,-0.13327973032945994
PH_vs_Patch,VI,144,2,0,PatchHuber,Patch,97.86070483399554,114.78658793480868,-16.925883100813138,3.8610139988034566,4.371941331283029,-0.5109273324795724
PH_vs_Patch,VI,145,2,0,PatchHuber,Patch,98.7272901321138,115.89502838270496,-17.16773825059117,5.553849180208197,6.362864828765578,-0.8090156485573807
PH_vs_Patch,VI,146,2,0,PatchHuber,Patch,98.08992781274884,109.8031214010367,-11.713193588287865,4.930459244968227,5.215249727793303,-0.284790482825076
PH_vs_Patch,VI,147,2,0,PatchHuber,Patch,103.84078716177292,121.62023601558454,-17.779448853811616,5.261946029061384,5.581768274902871,-0.319822245841487
PH_vs_Patch,VI,148,2,0,PatchHuber,Patch,104.76172485873384,123.97231047734508,-19.210585618611233,4.9761642801468495,5.652012246949585,-0.6758479668027357
PH_vs_Patch,VI,149,2,0,PatchHuber,Patch,109.1121555802812,126.9896863763319,-17.877530796050706,4.340010759630212,4.374561149399911,-0.0345503897696986
PH_vs_Patch,VI,150,2,0,PatchHuber,Patch,108.96634631053529,126.44412018681868,-17.477773876283393,5.688044864175853,5.701190325907317,-0.01314546173146347
PH_vs_Patch,VI,151,2,0,PatchHuber,Patch,102.28122408068243,121.31253958940196,-19.03131550871953,4.710655967835446,5.025600012892984,-0.3149440450575387
PH_vs_Patch,VI,152,2,0,PatchHuber,Patch,93.06832185917916,113.5888721386402,-20.520550279461034,4.324500817770801,4.897311538616736,-0.5728107208459354
PH_vs_Patch,VI,153,2,0,PatchHuber,Patch,95.59076171056756,116.30676399070316,-20.716002280135598,4.980338206162284,5.684676038726652,-0.7043378325643674
PH_vs_Patch,VI,154,2,0,PatchHuber,Patch,93.09682064905788,114.30076588034356,-21.203945231285687,4.479817810400422,4.91340755773702,-0.4335897473365984
PH_vs_Patch,VI,155,2,0,PatchHuber,Patch,100.35528430599004,122.86284735130752,-22.507563045317482,5.096311296481361,5.744222766100302,-0.6479114696189407
PH_vs_Patch,VI,156,2,0,PatchHuber,Patch,101.44214273196164,123.63434041915492,-22.192197687193286,4.327525300989324,4.3292153682762855,-0.0016900672869617495
PH_vs_Patch,VI,157,2,0,PatchHuber,Patch,103.85344154973389,127.00207826129184,-23.148636711557955,5.486369714119751,5.379228449826556,0.10714126429319482
PH_vs_Patch,VI,158,2,0,PatchHuber,Patch,100.60219603870564,124.24617202562386,-23.64397598691822,5.005632451037831,5.089107947512965,-0.08347549647513386
PH_vs_Patch,VI,159,2,0,PatchHuber,Patch,105.4353172461336,127.56359007315191,-22.12827282701832,5.535575945360368,6.241417366119818,-0.7058414207594499
PH_vs_Patch,VI,160,2,0,PatchHuber,Patch,105.7357060032595,123.58549807939286,-17.84979207613337,5.404640227322887,5.850321768440882,-0.4456815411179944
PH_vs_Patch,VI,161,2,0,PatchHuber,Patch,110.88352598201436,130.94358178900282,-20.06005580698846,6.407239714311296,6.980715730268034,-0.5734760159567376
PH_vs_Patch,VI,162,2,0,PatchHuber,Patch,109.96196518576944,129.0570573245797,-19.095092138810244,5.199049170409602,6.069856041842434,-0.8708068714328325
PH_vs_Patch,VI,163,2,0,PatchHuber,Patch,122.83151360646328,137.7613199104147,-14.929806303951423,6.529660040419684,6.989347407188656,-0.4596873667689714
PH_vs_Patch,VI,164,2,0,PatchHuber,Patch,116.91974133888756,129.57311886063127,-12.653377521743707,4.966837567133419,5.265556927196816,-0.29871936006339705
PH_vs_Patch,VI,165,2,0,PatchHuber,Patch,112.20338422495531,125.23470850556215,-13.031324280606839,6.143772054131192,6.290741331986733,-0.1469692778555407
PH_vs_Patch,VI,166,2,0,PatchHuber,Patch,107.87216314932014,122.02120849175994,-14.149045342439791,3.8474160723119737,3.795107920629401,0.052308151682572746
PH_vs_Patch,VI,167,2,0,PatchHuber,Patch,115.6782068676722,130.4623744706648,-14.784167602992596,4.185939777862079,4.364340047419373,-0.1784002695572937
PH_vs_Patch,VI,168,2,0,PatchHuber,Patch,121.06997234797996,138.0629156445311,-16.992943296551147,4.716734822242208,5.161815983633346,-0.44508116139113785
PH_vs_Patch,VI,169,2,0,PatchHuber,Patch,125.84595909065122,144.74494141700853,-18.898982326357313,5.921162138289524,5.647857198188334,0.27330494010118933
PH_vs_Patch,VI,170,2,0,PatchHuber,Patch,119.98970940101076,140.88356267696932,-20.893853275958563,5.3744289091073245,4.915664708409275,0.4587642006980497
PH_vs_Patch,VI,171,2,0,PatchHuber,Patch,111.5797241036098,132.1746966320138,-20.594972528403986,5.121479827740607,5.267450258461617,-0.14597043072101012
PH_vs_Patch,VI,172,2,0,PatchHuber,Patch,109.53387615334258,129.94616163173683,-20.412285478394253,6.442759671424996,7.067114875981134,-0.6243552045561378
PH_vs_Patch,VI,173,2,0,PatchHuber,Patch,103.142756226017,126.54791129065028,-23.405155064633277,4.614829721510142,5.302993761676103,-0.6881640401659617
PH_vs_Patch,VI,174,2,0,PatchHuber,Patch,103.6253486523349,128.36419644831113,-24.738847795976227,4.338816370428648,4.909439141550411,-0.5706227711217631
PH_vs_Patch,VI,175,2,0,PatchHuber,Patch,108.85169836911248,133.94169002407088,-25.089991654958396,5.064379639776212,5.794579278768219,-0.7301996389920067
PH_vs_Patch,VI,176,2,0,PatchHuber,Patch,103.76290445675612,126.68978445354098,-22.926879996784862,2.92412102519176,3.5316154229299395,-0.6074943977381793
PH_vs_Patch,VI,177,2,0,PatchHuber,Patch,94.5547665135566,121.39047252172978,-26.835706008173176,2.43327652959454,3.267208837851605,-0.8339323082570651
PH_vs_Patch,VI,178,2,0,PatchHuber,Patch,87.5854466069488,111.97413002498936,-24.388683418040557,2.8931640081447623,2.973899160263648,-0.08073515211888571
PH_vs_Patch,VI,179,2,0,PatchHuber,Patch,81.23260629800572,102.92261488245887,-21.690008584453153,3.339721079003965,3.5521527723099213,-0.21243169330595624
PH_vs_Patch,VI,180,2,0,PatchHuber,Patch,75.32833149931206,100.1257157226694,-24.79738422335734,2.7768366777326428,3.170122711997154,-0.39328603426451103
PH_vs_Patch,VI,181,2,0,PatchHuber,Patch,79.90537204530013,104.52636581892808,-24.62099377362796,2.607300562387097,2.945685415947529,-0.33838485356043213
PH_vs_Patch,VI,182,2,0,PatchHuber,Patch,85.84994152721661,110.57234744167748,-24.722405914460865,2.624586186999757,3.3675110583339083,-0.7429248713341514
PH_vs_Patch,VI,183,2,0,PatchHuber,Patch,90.41397285911076,113.2942760272293,-22.880303168118544,2.7425284071187286,3.251506402157356,-0.5089779950386273
PH_vs_Patch,VI,184,2,0,PatchHuber,Patch,98.58606033818018,119.49028063839224,-20.90422030021206,2.786193941019737,2.790128350356078,-0.003934409336340927
PH_vs_Patch,VI,185,2,0,PatchHuber,Patch,98.269703091975,117.78267412474182,-19.512971032766814,3.0677841028864186,3.0926401161634867,-0.0248560132770681
PH_vs_Patch,VI,186,2,0,PatchHuber,Patch,94.31460510677248,110.44628176597226,-16.131676659199783,3.014776831347947,3.821019625191991,-0.806242793844044
PH_vs_Patch,VI,187,2,0,PatchHuber,Patch,90.50790357397813,106.05650269045452,-15.548599116476396,3.131463690016664,4.084986181107969,-0.9535224910913054
PH_vs_Patch,VI,188,2,0,PatchHuber,Patch,90.76581302132954,105.08054603842098,-14.314733017091442,3.130989468687757,3.800020060204363,-0.6690305915166057
PH_vs_Patch,VI,189,2,0,PatchHuber,Patch,97.01292940473633,112.65998044810225,-15.64705104336592,4.134563036718083,4.437767363629319,-0.3032043269112359
PH_vs_Patch,VI,190,2,0,PatchHuber,Patch,100.34031165079384,118.95246649866483,-18.612154847870997,4.655044696067238,5.160009965825704,-0.5049652697584666
PH_vs_Patch,VI,191,2,0,PatchHuber,Patch,105.88418952086344,127.52775494865062,-21.64356542778718,4.629785442929114,5.302693630866647,-0.6729081879375327
PH_vs_Patch,VI,192,2,0,PatchHuber,Patch,104.84936708394962,121.50419386046838,-16.65482677651876,4.35924884762554,4.225220801520001,0.13402804610553964
PH_vs_Patch,VI,193,2,0,PatchHuber,Patch,100.7123734758374,118.99784791092038,-18.28547443508299,4.135481952681575,3.856897049771669,0.2785849029099059
PH_vs_Patch,VI,194,2,0,PatchHuber,Patch,94.79085078919734,110.27033512694946,-15.479484337752126,4.17242348811511,4.651971521179682,-0.47954803306457183
PH_vs_Patch,VI,195,2,0,PatchHuber,Patch,89.44629517179074,108.91215699075389,-19.46586181896315,3.6633199805873073,4.0655122382018565,-0.40219225761454913
PH_vs_Patch,VI,196,2,0,PatchHuber,Patch,96.72845949948012,114.57913174279976,-17.850672243319636,5.248695566252782,5.845418964178847,-0.5967233979260653
PH_vs_Patch,VI,197,2,0,PatchHuber,Patch,97.5819647517603,117.35544080921927,-19.77347605745898,4.726784423416041,5.191878901028776,-0.4650944776127348
PH_vs_Patch,VI,198,2,0,PatchHuber,Patch,100.3568110817271,121.32378048114708,-20.96696939941998,4.58241658060227,5.020684276150711,-0.4382676955484417
PH_vs_Patch,VI,199,2,0,PatchHuber,Patch,101.14942795806134,120.96059737284448,-19.811169414783137,4.231275960154004,3.956363651892163,0.27491230826184143
PH_vs_Patch,VI,200,2,0,PatchHuber,Patch,102.3250004407661,121.325282038329,-19.00028159756289,4.235814778775993,4.115532571501384,0.12028220727460948
PH_vs_Patch,VI,201,2,0,PatchHuber,Patch,104.59440744930234,124.16619870706708,-19.571791257764744,5.882762894997959,5.896123143297971,-0.013360248300012145
PH_vs_Patch,VI,202,2,0,PatchHuber,Patch,102.29105220768449,120.82298953648588,-18.53193732880139,5.662876598922179,6.182312208834393,-0.5194356099122137
PH_vs_Patch,VI,203,2,0,PatchHuber,Patch,108.28405859403269,127.06894704945412,-18.784888455421438,5.44997118656238,5.864984451770023,-0.4150132652076426
PH_vs_Patch,VI,204,2,0,PatchHuber,Patch,106.8207904813918,124.06618470756403,-17.245394226172237,5.290965706133438,5.65113720993093,-0.36017150379749197
PH_vs_Patch,VI,205,2,0,PatchHuber,Patch,109.33776572695822,125.10841881039332,-15.770653083435093,4.906170680212422,5.488917944098683,-0.5827472638862607
PH_vs_Patch,VI,206,2,0,PatchHuber,Patch,110.52205796438707,126.77330814972048,-16.251250185333404,4.536021586576539,5.291274059856501,-0.7552524732799615
PH_vs_Patch,VI,207,2,0,PatchHuber,Patch,115.45769811255094,130.4863287584412,-15.02863064589026,5.817297188097038,6.119653990358762,-0.30235680226172335
PH_vs_Patch,VI,208,2,0,PatchHuber,Patch,114.13562519080934,125.00752986545302,-10.871904674643687,5.144911475528861,5.391809278818463,-0.24689780328960165
PH_vs_Patch,VI,209,2,0,PatchHuber,Patch,110.54337882284403,121.5730469446428,-11.029668121798764,4.9122245156033655,5.440449427766749,-0.5282249121633837
PH_vs_Patch,VI,210,2,0,PatchHuber,Patch,116.37431753669968,127.42717485743036,-11.05285732073068,5.248808568706128,5.303307833215079,-0.054499264508951484
PH_vs_Patch,VI,211,2,0,PatchHuber,Patch,119.01233273541864,133.73111152155263,-14.718778786133996,3.724892930490151,4.40458276964502,-0.6796898391548694
PH_vs_Patch,VI,212,2,0,PatchHuber,Patch,119.4211568205495,137.97072450365684,-18.54956768310734,4.5629184226679,4.873595915094202,-0.3106774924263025
PH_vs_Patch,VI,213,2,0,PatchHuber,Patch,125.00618509797198,144.11779213668828,-19.1116070387163,4.737519332489002,4.363430839455977,0.3740884930330255
PH_vs_Patch,VI,214,2,0,PatchHuber,Patch,122.76317201721912,144.14449335922689,-21.381321342007766,5.205204374541909,4.66731556808484,0.5378888064570688
PH_vs_Patch,VI,215,2,0,PatchHuber,Patch,119.467530573439,139.2223721917587,-19.754841618319688,5.41950486917919,5.025115371335013,0.3943894978441769
PH_vs_Patch,VI,216,2,0,PatchHuber,Patch,116.54107063105305,135.14717803411742,-18.60610740306437,5.581632194510065,6.052049716445676,-0.4704175219356115
PH_vs_Patch,VI,217,2,0,PatchHuber,Patch,106.18999479867084,124.96377738251267,-18.773782583841836,5.722421104416224,5.899249581989454,-0.17682847757323028
PH_vs_Patch,VI,218,2,0,PatchHuber,Patch,104.46843381745556,128.673487504516,-24.205053687060442,3.924993897109736,4.5444910054746686,-0.6194971083649325
PH_vs_Patch,VI,219,3,0,PatchHuber,Patch,103.75345625804688,129.65340984211994,-25.89995358407306,3.866955452866679,4.660186245882271,-0.7932307930155922
PH_vs_Patch,VI,220,3,0,PatchHuber,Patch,106.43680498396256,129.6685365882074,-23.23173160424483,3.722927168520184,4.4712654520969926,-0.7483382835768086
PH_vs_Patch,VI,221,3,0,PatchHuber,Patch,106.89502723081998,127.34470997723274,-20.449682746412762,3.174566842142634,3.884000109429665,-0.7094332672870309
PH_vs_Patch,VI,222,3,0,PatchHuber,Patch,101.37484795248618,123.29775181278772,-21.922903860301545,2.5492823983410644,3.191614571573955,-0.6423321732328904
PH_vs_Patch,VI,223,3,0,PatchHuber,Patch,96.50866832652004,120.18018392080528,-23.67151559428524,3.3887962611460454,3.973323616847085,-0.5845273557010398
PH_vs_Patch,VI,224,3,0,PatchHuber,Patch,84.7904924611245,106.94216409402162,-22.15167163289712,2.912754033261756,3.362801194928538,-0.4500471616667818
PH_vs_Patch,VI,225,3,0,PatchHuber,Patch,77.8536678458407,100.3542113073841,-22.5005434615434,2.4053762564545966,2.819130800616885,-0.4137545441622885
PH_vs_Patch,VI,226,3,0,PatchHuber,Patch,82.39150348845591,104.56258158976324,-22.17107810130733,2.478840850864646,3.01174879660122,-0.5329079457365742
PH_vs_Patch,VI,227,3,0,PatchHuber,Patch,88.02986699540398,111.19551890695948,-23.1656519115555,2.7515010006258462,2.897705346725409,-0.1462043460995628
PH_vs_Patch,VI,228,3,0,PatchHuber,Patch,96.3604276691974,116.75112323024972,-20.39069556105231,3.3646459593910465,3.5031234258341097,-0.13847746644306325
PH_vs_Patch,VI,229,3,0,PatchHuber,Patch,96.2679018953739,116.62619744345636,-20.358295548082467,3.644456860008314,3.903696101841096,-0.25923924183278224
PH_vs_Patch,VI,230,3,0,PatchHuber,Patch,105.65979909620977,124.8624391491791,-19.20264005296933,4.346743909422452,4.210742453062444,0.13600145636000782
PH_vs_Patch,VI,231,3,0,PatchHuber,Patch,100.9647132541742,116.58618155228942,-15.621468298115218,2.3595199744716857,2.646056120954987,-0.2865361464833014
PH_vs_Patch,VI,232,3,0,PatchHuber,Patch,100.72755540630313,114.6250130788866,-13.89745767258347,3.072125202808674,3.772622119334143,-0.7004969165254691
PH_vs_Patch,VI,233,3,0,PatchHuber,Patch,97.5486644826222,111.80093090174108,-14.252266419118882,3.63728723625723,4.478612970201221,-0.8413257339439908
PH_vs_Patch,VI,234,3,0,PatchHuber,Patch,93.40681596212214,106.39476308817812,-12.987947126055985,2.392000042669795,2.9286558597832792,-0.5366558171134841
PH_vs_Patch,VI,235,3,0,PatchHuber,Patch,99.56428421572672,115.14511005603796,-15.580825840311249,3.292496068089215,3.790367189746848,-0.4978711216576328
PH_vs_Patch,VI,236,3,0,PatchHuber,Patch,102.0805980343445,119.62579358166398,-17.54519554731948,4.297126365970572,4.78956966956348,-0.4924433035929088
PH_vs_Patch,VI,237,3,0,PatchHuber,Patch,100.1856522332188,120.81631057234917,-20.630658339130363,2.9594800238433074,3.8465586923468864,-0.887078668503579
PH_vs_Patch,VI,238,3,0,PatchHuber,Patch,106.88590175643913,124.4736099566016,-17.58770820016248,3.506103982482065,3.709011380381913,-0.2029073978998479
PH_vs_Patch,VI,239,3,0,PatchHuber,Patch,107.53665906507771,122.2609299160595,-14.724270850981782,4.085251827315107,3.875013228590919,0.2102385987241875
PH_vs_Patch,VI,240,3,0,PatchHuber,Patch,105.05984212707888,118.92627864545894,-13.866436518380056,4.308393753652117,4.092631354696473,0.2157623989556443
PH_vs_Patch,VI,241,3,0,PatchHuber,Patch,101.02547789851016,114.78429320015915,-13.758815301648994,4.775373816899011,5.450605315840413,-0.6752314989414021
PH_vs_Patch,VI,242,3,0,PatchHuber,Patch,102.13357965584257,115.46736971846398,-13.333790062621418,5.044031703352464,5.54491700480369,-0.500885301451226
PH_vs_Patch,VI,243,3,0,PatchHuber,Patch,101.45522990478996,117.46069359464704,-16.00546368985708,5.011113193133595,5.320774427579246,-0.30966123444565063
PH_vs_Patch,VI,244,3,0,PatchHuber,Patch,98.1380508721,115.41386300084876,-17.27581212874877,3.652430753437793,4.149559749312294,-0.4971289958745011
PH_vs_Patch,VI,245,3,0,PatchHuber,Patch,103.86983906890283,123.96895612447648,-20.099117055573643,3.958030955956639,4.958500649220805,-1.000469693264166
PH_vs_Patch,VI,246,3,0,PatchHuber,Patch,104.82969534792538,124.6922904641099,-19.862595116184522,4.421778592879955,4.627067241045354,-0.20528864816539905
PH_vs_Patch,VI,247,3,0,PatchHuber,Patch,104.53509188315512,123.88322039885352,-19.348128515698406,3.6919352596641137,3.7140445024859146,-0.022109242821800823
PH_vs_Patch,VI,248,3,0,PatchHuber,Patch,108.23893496344066,123.92428319671252,-15.685348233271867,4.696996625553029,4.644311345863721,0.05268527968930847
PH_vs_Patch,VI,249,3,0,PatchHuber,Patch,107.43776434085066,124.50530493611492,-17.067540595264262,5.445322656429535,5.294930723625825,0.15039193280370977
PH_vs_Patch,VI,250,3,0,PatchHuber,Patch,104.01700057960385,120.19662370934202,-16.179623129738175,4.277977397452253,4.653159739886631,-0.3751823424343774
PH_vs_Patch,VI,251,3,0,PatchHuber,Patch,109.1457190343242,126.21493892452288,-17.06921989019868,5.026719249575345,5.680610164643484,-0.6538909150681391
PH_vs_Patch,VI,252,3,0,PatchHuber,Patch,112.13054258652708,128.91472729722838,-16.784184710701297,5.993787031157697,6.34186790151779,-0.34808087036009283
PH_vs_Patch,VI,253,3,0,PatchHuber,Patch,110.53301115160208,128.72745711506946,-18.194445963467373,4.677438104357438,5.304336121107137,-0.6268980167496991
PH_vs_Patch,VI,254,3,0,PatchHuber,Patch,111.04287888990218,126.22066100989124,-15.177782119989061,4.84876063819865,5.427014966977945,-0.5782543287792947
PH_vs_Patch,VI,255,3,0,PatchHuber,Patch,114.40123432160226,128.28514132622834,-13.883907004626082,4.98994155442652,5.505966443017515,-0.5160248885909953
PH_vs_Patch,VI,256,3,0,PatchHuber,Patch,113.49932009400231,127.05489318258589,-13.555573088583571,4.742216700286202,4.90229330174597,-0.16007660145976743
PH_vs_Patch,VI,257,3,0,PatchHuber,Patch,116.88816514331296,127.46972547344598,-10.581560330133016,4.516410516806113,4.833009503777306,-0.3165989869711927
PH_vs_Patch,VI,258,3,0,PatchHuber,Patch,117.55592307470675,124.7674224855385,-7.211499410831749,4.939440453632226,5.523995567144276,-0.5845551135120495
PH_vs_Patch,VI,259,3,0,PatchHuber,Patch,115.74784754033752,127.57123113799804,-11.823383597660523,3.809418505667389,3.822629770868747,-0.013211265201358291
PH_vs_Patch,VI,260,3,0,PatchHuber,Patch,124.35781794115798,137.5886157023425,-13.230797761184533,4.783875323956029,5.519715791237465,-0.7358404672814354
PH_vs_Patch,VI,261,3,0,PatchHuber,Patch,120.36552196404708,135.54444639926015,-15.178924435213077,4.278517101770214,4.903037499116931,-0.6245203973467168
PH_vs_Patch,VI,262,3,0,PatchHuber,Patch,124.29635584576332,142.9242434458222,-18.627887600058898,4.78361011136923,4.879794061341023,-0.09618394997179358
PH_vs_Patch,VI,263,3,0,PatchHuber,Patch,121.5077532226118,138.29805861984147,-16.790305397229673,4.076032183099266,3.764903727304011,0.31112845579525494
PH_vs_Patch,VI,264,3,0,PatchHuber,Patch,123.19360897773596,140.95832911433237,-17.76472013659641,4.581824908113439,4.251654160221309,0.3301707478921294
PH_vs_Patch,VI,265,3,0,PatchHuber,Patch,114.03858212207162,130.84879776757774,-16.81021564550612,3.9240755029982695,3.501592367825592,0.42248313517267766
PH_vs_Patch,VI,266,3,0,PatchHuber,Patch,112.54321103477618,130.04720084101243,-17.50398980623625,4.638832179007732,4.812970924857002,-0.17413874584926958
PH_vs_Patch,VI,267,3,0,PatchHuber,Patch,106.19657919557324,125.30180479014616,-19.10522559457293,5.4411592647648295,5.893899558375319,-0.4527402936104892
PH_vs_Patch,VI,268,3,0,PatchHuber,Patch,108.848441279478,129.0649809827141,-20.21653970323611,3.68030975753489,4.20551012625761,-0.5252003687227198
PH_vs_Patch,VI,269,3,0,PatchHuber,Patch,109.49835303969692,131.97370667913265,-22.475353639435724,4.22260037049322,5.071859321100682,-0.8492589506074619
PH_vs_Patch,VI,270,3,0,PatchHuber,Patch,107.3935664337848,129.2576914900922,-21.864125056307415,3.303979027439382,4.014221115628766,-0.7102420881893843
PH_vs_Patch,VI,271,3,0,PatchHuber,Patch,110.206728017714,128.82857814002128,-18.62185012230728,3.242030875860745,4.06364551819435,-0.8216146423336048
PH_vs_Patch,VI,272,3,0,PatchHuber,Patch,103.26648453171694,122.47317504464064,-19.2066905129237,1.3227706923703095,2.099091147593401,-0.7763204552230916
PH_vs_Patch,VI,273,3,0,PatchHuber,Patch,100.3638658416035,119.68934426997342,-19.32547842836992,2.1417832296803896,2.613447451504223,-0.4716642218238336
PH_vs_Patch,VI,274,3,0,PatchHuber,Patch,90.4358389451485,108.73501377883912,-18.299174833690614,1.6057471884046728,1.7060875431140423,-0.10034035470936953
PH_vs_Patch,VI,275,3,0,PatchHuber,Patch,84.55848887504038,105.7922245280083,-21.233735652967923,2.7938821920218984,3.0995917352115625,-0.30570954318966415
PH_vs_Patch,VI,276,3,0,PatchHuber,Patch,82.0459767610018,101.9906839033928,-19.94470714239101,3.513087540321902,3.5629641544312403,-0.0498766141093383
PH_vs_Patch,VI,277,3,0,PatchHuber,Patch,82.68674353517561,102.96802068995903,-20.281277154783425,2.443451470207832,2.4173555302581717,0.026095939949660085
PH_vs_Patch,VI,278,3,0,PatchHuber,Patch,89.83678903974095,111.55191594312434,-21.715126903383393,3.2074300769864883,3.582935666739591,-0.3755055897531028
PH_vs_Patch,VI,279,3,0,PatchHuber,Patch,91.08868780769396,111.11536186907294,-20.026674061378984,2.3304722166942424,2.3980117859028147,-0.06753956920857229
PH_vs_Patch,VI,280,3,0,PatchHuber,Patch,95.47741525975084,113.39873510088984,-17.921319841138995,3.3364163102715345,3.850037530470997,-0.5136212201994623
PH_vs_Patch,VI,281,3,0,PatchHuber,Patch,98.10530340707136,113.72005720424738,-15.614753797176022,2.4334892442892944,2.498157800053047,-0.06466855576375252
PH_vs_Patch,VI,282,3,0,PatchHuber,Patch,103.494855165719,121.61771371056447,-18.12285854484547,3.5894442307489496,3.6847912738263777,-0.09534704307742814
PH_vs_Patch,VI,283,3,0,PatchHuber,Patch,100.63997754070355,112.34296973028124,-11.702992189577685,2.408626820709464,2.842518015780472,-0.43389119507100826
PH_vs_Patch,VI,284,3,0,PatchHuber,Patch,100.8690246051338,114.32275875890674,-13.453734153772942,3.481384572514585,4.297241733883868,-0.8158571613692831
PH_vs_Patch,VI,285,3,0,PatchHuber,Patch,94.14278878617031,106.70792139144224,-12.565132605271927,2.231912265883496,2.800699010189771,-0.5687867443062751
PH_vs_Patch,VI,286,3,0,PatchHuber,Patch,94.43110964126328,107.13927350863972,-12.708163867376442,1.92696815294498,2.343807772144943,-0.41683961919996304
PH_vs_Patch,VI,287,3,0,PatchHuber,Patch,101.2339137872446,118.11070342453256,-16.876789637287956,3.566065442804588,4.253373808742959,-0.6873083659383705
PH_vs_Patch,VI,288,3,0,PatchHuber,Patch,102.82052047493023,119.03756166459569,-16.21704118966545,2.848187784210604,3.2020808347754715,-0.35389305056486764
PH_vs_Patch,VI,289,3,0,PatchHuber,Patch,100.35898017428885,119.52419944039065,-19.1652192661018,2.575488670511669,3.450497511078385,-0.875008840566716
PH_vs_Patch,VI,290,3,0,PatchHuber,Patch,108.96615635279302,123.60720713024126,-14.641050777448243,3.703640469587819,3.7230592372169458,-0.019418767629126865
PH_vs_Patch,VI,291,3,0,PatchHuber,Patch,108.93113812456842,122.60949465548526,-13.678356530916844,4.698455832620962,4.485377453104481,0.2130783795164808
PH_vs_Patch,VI,292,3,0,PatchHuber,Patch,103.19027607160903,115.5858894709985,-12.395613399389461,3.366268139492832,3.020315489449411,0.34595265004342135
PH_vs_Patch,VI,293,3,0,PatchHuber,Patch,104.66484321290676,112.2042199933669,-7.539376780460145,4.146393245550461,4.216906066055772,-0.0705128205053116
PH_vs_Patch,VI,294,3,0,PatchHuber,Patch,96.02313371908384,109.6361057165285,-13.61297199744466,3.6692638611097834,4.157174486838262,-0.4879106257284782
PH_vs_Patch,VI,295,3,0,PatchHuber,Patch,101.63572042828686,116.2040400179282,-14.568319589641334,4.028677321983829,4.555136975743403,-0.5264596537595736
PH_vs_Patch,VI,296,3,0,PatchHuber,Patch,103.85935040540797,118.93640722684046,-15.077056821432492,4.791534836882635,5.115984829713431,-0.3244499928307967
PH_vs_Patch,VI,297,3,0,PatchHuber,Patch,103.73447663190666,120.5100887365896,-16.775612104682935,3.794790245068964,4.112406761288646,-0.31761651621968223
PH_vs_Patch,VI,298,3,0,PatchHuber,Patch,107.39406972538276,124.46202840060567,-17.06795867522291,3.253312216354844,3.7342670949538417,-0.48095487859899766
PH_vs_Patch,VI,299,3,0,PatchHuber,Patch,111.77916642232562,128.24201275163702,-16.462846329311404,4.374237287362396,4.486485505351045,-0.11224821798864859
PH_vs_Patch,VI,300,3,0,PatchHuber,Patch,109.31855591877398,128.49812194220308,-19.179566023429103,4.0350347476301085,4.201806276961587,-0.16677152933147887
PH_vs_Patch,VI,301,3,0,PatchHuber,Patch,106.7784181583747,121.454556259476,-14.676138101101301,3.398365320254208,3.211959350645384,0.18640596960882405
PH_vs_Patch,VI,302,3,0,PatchHuber,Patch,107.93598185062268,122.68821142542942,-14.752229574806734,4.688375853141715,4.8665180828990735,-0.17814222975735827
PH_vs_Patch,VI,303,3,0,PatchHuber,Patch,105.90423647970356,120.60550922957816,-14.701272749874605,4.497491947567475,4.402146650955444,0.09534529661203095
PH_vs_Patch,VI,304,3,0,PatchHuber,Patch,104.05815689442773,116.31091497842664,-12.252758083998913,3.7179100398758336,3.953210874509966,-0.23530083463413254
PH_vs_Patch,VI,305,3,0,PatchHuber,Patch,110.67260580026466,124.37994957199464,-13.707343771729981,5.240497594130031,5.369972929129601,-0.12947533499956965
PH_vs_Patch,VI,306,3,0,PatchHuber,Patch,113.8676130341145,124.97872312256057,-11.111110088446068,4.73024120016198,5.053424080210986,-0.3231828800490062
PH_vs_Patch,VI,307,3,0,PatchHuber,Patch,114.93410637040157,128.13355835533326,-13.199451984931699,5.751576063213954,5.851495748398619,-0.09991968518466532
PH_vs_Patch,VI,308,3,0,PatchHuber,Patch,114.45480766048388,126.10511825872535,-11.650310598241475,4.6061380952818345,4.967276224802801,-0.3611381295209668
PH_vs_Patch,VI,309,3,0,PatchHuber,Patch,119.61025248396017,132.53289000463974,-12.922637520679572,5.073770604629846,5.106482390542901,-0.03271178591305457
PH_vs_Patch,VI,310,3,0,PatchHuber,Patch,120.91763696188696,129.2851678245824,-8.367530862695446,5.532196504872282,5.694367469882638,-0.16217096501035666
PH_vs_Patch,VI,311,3,0,PatchHuber,Patch,117.72844073592142,127.30320036949684,-9.574759633575411,4.372139955279799,4.447970756936301,-0.07583080165650191
PH_vs_Patch,VI,312,3,0,PatchHuber,Patch,120.37640649126104,126.40922151445336,-6.032815023192327,4.93779152736483,5.434181244442554,-0.49638971707772406
PH_vs_Patch,VI,313,3,0,PatchHuber,Patch,118.03411353526786,124.27491884981656,-6.240805314548695,3.7531833705241824,3.950514039833324,-0.19733066930914145
PH_vs_Patch,VI,314,3,0,PatchHuber,Patch,118.4475968297984,131.06146661339312,-12.613869783594723,3.750921611798687,3.761398697804496,-0.010477086005808989
PH_vs_Patch,VI,315,4,0,PatchHuber,Patch,123.4156592992111,135.4000724806328,-11.984413181421687,2.921515494910658,3.538524056471815,-0.6170085615611569
PH_vs_Patch,VI,316,4,0,PatchHuber,Patch,125.9545251837592,139.4561465812657,-13.501621397506497,5.073106490888731,5.734590682119768,-0.661484191231037
PH_vs_Patch,VI,317,4,0,PatchHuber,Patch,125.36679511005738,141.44553120132565,-16.07873609126827,4.345822920589862,4.773802547716223,-0.4279796271263612
PH_vs_Patch,VI,318,4,0,PatchHuber,Patch,126.31519944272088,140.7638199752554,-14.448620532534505,4.849655957746167,4.485229544860952,0.3644264128852148
PH_vs_Patch,VI,319,4,0,PatchHuber,Patch,126.66219039878028,142.4875665188782,-15.825376120097914,4.016139954140246,3.952522848131872,0.06361710600837389
PH_vs_Patch,VI,320,4,0,PatchHuber,Patch,121.62531656904484,138.9037016441471,-17.278385075102264,3.5389175303587783,2.9639657394224947,0.5749517909362836
PH_vs_Patch,VI,321,4,0,PatchHuber,Patch,123.62407698338816,137.96299454450386,-14.338917561115693,4.717566587408703,4.347577587432724,0.36998899997597867
PH_vs_Patch,VI,322,4,0,PatchHuber,Patch,117.79192875707118,132.37962419398912,-14.58769543691794,4.235619752489788,4.299104347535854,-0.06348459504606652
PH_vs_Patch,VI,323,4,0,PatchHuber,Patch,109.1728596702421,125.1675983923206,-15.994738722078495,3.643130997208749,4.4885786613782965,-0.8454476641695474
PH_vs_Patch,VI,324,4,0,PatchHuber,Patch,108.04055135781007,128.6047665902773,-20.564215232467234,3.3181020294429446,3.773406789375701,-0.4553047599327562
PH_vs_Patch,VI,325,4,0,PatchHuber,Patch,108.47031395929748,130.1814543233305,-21.711140364033028,2.715418303233727,3.586638296028809,-0.8712199927950817
PH_vs_Patch,VI,326,4,0,PatchHuber,Patch,110.96480081172857,132.95428622232515,-21.989485410596586,3.988769911105496,4.810764689751702,-0.8219947786462058
PH_vs_Patch,VI,327,4,0,PatchHuber,Patch,111.52695138299065,131.43836577867913,-19.91141439568848,3.3648882183398863,4.375107873603244,-1.0102196552633576
PH_vs_Patch,VI,328,4,0,PatchHuber,Patch,111.86009599809746,129.82494085936318,-17.964844861265718,2.291467353912186,3.3301087739997506,-1.0386414200875644
PH_vs_Patch,VI,329,4,0,PatchHuber,Patch,108.45401871171066,127.41897317874589,-18.964954467035227,1.3399011899535007,2.2567654206473184,-0.9168642306938177
PH_vs_Patch,VI,330,4,0,PatchHuber,Patch,100.382762248888,118.3831130854424,-18.000350836554404,0.974665710408118,1.5634248148576964,-0.5887591044495784
PH_vs_Patch,VI,331,4,0,PatchHuber,Patch,99.23568041723132,117.26615755161362,-18.030477134382295,2.464714617801648,3.0246207527635844,-0.5599061349619365
PH_vs_Patch,VI,332,4,0,PatchHuber,Patch,93.53798157541624,113.63471223091013,-20.096730655493886,1.895323950463351,2.613477827186542,-0.718153876723191
PH_vs_Patch,VI,333,4,0,PatchHuber,Patch,84.80583044097688,99.55045614693212,-14.744625705955244,2.49539221510512,2.7797232893479653,-0.2843310742428451
PH_vs_Patch,VI,334,4,0,PatchHuber,Patch,85.97947453053598,101.74337140841708,-15.763896877881095,1.929189937389033,1.9508093277377652,-0.02161939034873206
PH_vs_Patch,VI,335,4,0,PatchHuber,Patch,86.13406721499867,105.38661196370091,-19.25254474870225,1.6392745696277646,1.812729299078916,-0.17345472945115126
PH_vs_Patch,VI,336,4,0,PatchHuber,Patch,92.661196164136,112.59753520155188,-19.936339037415877,2.78596171937518,3.099054611340029,-0.31309289196484924
PH_vs_Patch,VI,337,4,0,PatchHuber,Patch,95.65462384286238,114.07377919170308,-18.419155348840704,2.638301029220245,2.7745495033869285,-0.1362484741666834
PH_vs_Patch,VI,338,4,0,PatchHuber,Patch,96.18957782015268,112.4955314336716,-16.305953613518923,2.340599683100302,2.552383447166976,-0.21178376406667399
PH_vs_Patch,VI,339,4,0,PatchHuber,Patch,97.4666885265876,113.01802466223828,-15.551336135650672,2.114977119881408,2.649461291086724,-0.5344841712053161
PH_vs_Patch,VI,340,4,0,PatchHuber,Patch,101.52307046440838,117.50069221933128,-15.977621754922907,1.7081523208260396,2.408381478318302,-0.7002291574922626
PH_vs_Patch,VI,341,4,0,PatchHuber,Patch,104.07699274828654,117.12006828954232,-13.043075541255774,3.3771052867026574,3.696964651090956,-0.31985936438829876
PH_vs_Patch,VI,342,4,0,PatchHuber,Patch,104.00082027221004,116.00560026333608,-12.004779991126043,2.98661796673224,3.635809849812025,-0.6491918830797849
PH_vs_Patch,VI,343,4,0,PatchHuber,Patch,100.97014017953956,114.03240911454095,-13.062268935001399,2.790398772867632,3.547907688606531,-0.757508915738899
PH_vs_Patch,VI,344,4,0,PatchHuber,Patch,97.59270848882292,110.352593893896,-12.759885405073078,2.096122737451274,2.85966510037148,-0.763542362920206
PH_vs_Patch,VI,345,4,0,PatchHuber,Patch,96.62659567072762,109.42392154065072,-12.7973258699231,1.8795304957328285,2.5279190872927693,-0.6483885915599408
PH_vs_Patch,VI,346,4,0,PatchHuber,Patch,103.0277040422274,119.64168900243936,-16.613984960211965,3.706894141714947,4.459486239681554,-0.7525920979666068
PH_vs_Patch,VI,347,4,0,PatchHuber,Patch,106.55406458468896,120.54380637704232,-13.989741792353357,3.286969926443589,3.884236345277726,-0.597266418834137
PH_vs_Patch,VI,348,4,0,PatchHuber,Patch,104.43840061097836,121.44823992367604,-17.00983931269768,2.630369591820408,3.387003695499585,-0.7566341036791768
PH_vs_Patch,VI,349,4,0,PatchHuber,Patch,107.8637145931288,123.56571876110657,-15.702004167977762,2.279314938590788,3.6347869727428144,-1.3554720341520263
PH_vs_Patch,VI,350,4,0,PatchHuber,Patch,106.60537409856173,117.42729459928276,-10.821920500721035,2.0013964321970783,2.116564442638792,-0.11516801044171388
PH_vs_Patch,VI,351,4,0,PatchHuber,Patch,107.5764729308157,118.49027818610396,-10.913805255288267,3.8121712973130575,3.657714493004401,0.15445680430865627
PH_vs_Patch,VI,352,4,0,PatchHuber,Patch,108.1295524996866,117.11473713250082,-8.985184632814224,3.573511850752097,3.192783924789378,0.3807279259627192
PH_vs_Patch,VI,353,4,0,PatchHuber,Patch,105.74802901837393,114.56293381524289,-8.814904796868959,3.3190348907600677,3.2035110559432263,0.11552383481684148
PH_vs_Patch,VI,354,4,0,PatchHuber,Patch,100.05998562936088,111.24161813063547,-11.181632501274592,3.444768921862201,3.641446371044897,-0.19667744918269614
PH_vs_Patch,VI,355,4,0,PatchHuber,Patch,102.4508938264262,114.58597604064144,-12.135082214215245,2.8771863713768377,3.1344181946923224,-0.25723182331548466
PH_vs_Patch,VI,356,4,0,PatchHuber,Patch,105.74404104130168,120.76430665384642,-15.020265612544733,4.369229589100076,4.596260285694582,-0.2270306965945057
PH_vs_Patch,VI,357,4,0,PatchHuber,Patch,104.47975499529016,119.91420347441988,-15.434448479129713,3.904324126660781,4.176314390454217,-0.27199026379343616
PH_vs_Patch,VI,358,4,0,PatchHuber,Patch,106.006090984791,123.32197035172229,-17.315879366931284,3.50361502963183,3.741547084778768,-0.23793205514693838
PH_vs_Patch,VI,359,4,0,PatchHuber,Patch,108.02479410686296,124.5285860611102,-16.503791954247248,2.6906690673602607,3.2269276607817834,-0.5362585934215227
PH_vs_Patch,VI,360,4,0,PatchHuber,Patch,107.13366855030488,123.02730110679929,-15.89363255649441,2.651051155719008,3.204898658911335,-0.5538475031923267
PH_vs_Patch,VI,361,4,0,PatchHuber,Patch,111.83007260710056,127.5595345364334,-15.729461929332842,4.705151980993058,4.719451175316599,-0.014299194323540654
PH_vs_Patch,VI,362,4,0,PatchHuber,Patch,108.88282330790894,121.1989401853906,-12.316116877481662,4.340374295773183,4.198826305118711,0.14154799065447143
PH_vs_Patch,VI,363,4,0,PatchHuber,Patch,108.30499909002997,120.95695076121604,-12.651951671186069,4.107346456262834,4.266693329048976,-0.15934687278614135
PH_vs_Patch,VI,364,4,0,PatchHuber,Patch,104.9399817974874,117.66796238468564,-12.727980587198232,3.784443607458517,3.921698696369561,-0.137255088911044
PH_vs_Patch,VI,365,4,0,PatchHuber,Patch,106.44613437849236,117.75574402196196,-11.3096096434696,3.474110355693598,4.283426449841293,-0.8093160941476945
PH_vs_Patch,VI,366,4,0,PatchHuber,Patch,112.46083620702548,120.4107004454544,-7.9498642384289155,5.5043994840568375,5.703135609007041,-0.19873612495020332
PH_vs_Patch,VI,367,4,0,PatchHuber,Patch,112.06079508698022,122.76858354033104,-10.707788453350815,4.7689523649981815,5.183861389940222,-0.4149090249420402
PH_vs_Patch,VI,368,4,0,PatchHuber,Patch,109.14985160620304,124.19994614372293,-15.050094537519882,4.580265751359533,4.864932690775,-0.2846669394154677
PH_vs_Patch,VI,369,4,0,PatchHuber,Patch,118.76613990909382,128.8420347176269,-10.075894808533064,5.779551707063141,5.905815658511793,-0.1262639514486521
PH_vs_Patch,VI,370,4,0,PatchHuber,Patch,117.9353560122174,129.71351738644546,-11.778161374228063,4.588615380314731,4.817962213240901,-0.2293468329261703
PH_vs_Patch,VI,371,4,0,PatchHuber,Patch,121.83998317354884,129.8769840467155,-8.037000873166662,5.280053601945994,5.211667531317531,0.06838607062846336
PH_vs_Patch,VI,372,4,0,PatchHuber,Patch,118.65254450182503,125.79637984648404,-7.14383534465901,4.107172577470385,3.71922490984999,0.38794766762039457
PH_vs_Patch,VI,373,4,0,PatchHuber,Patch,118.78053756399564,126.80905746785808,-8.028519903862446,3.5581690747521164,3.240004030149513,0.3181650446026034
PH_vs_Patch,VI,374,4,0,PatchHuber,Patch,119.10645962566606,124.66317742393504,-5.556717798268977,4.629841980947864,4.520285718665049,0.10955626228281545
PH_vs_Patch,VI,375,4,0,PatchHuber,Patch,119.24765915947792,125.40226314716062,-6.154603987682705,3.496096467047765,3.7158550375678137,-0.21975857052004866
PH_vs_Patch,VI,376,4,0,PatchHuber,Patch,122.15463811025457,129.9884119641889,-7.833773853934346,4.074564370957498,4.518846418941545,-0.44428204798404725
PH_vs_Patch,VI,377,4,0,PatchHuber,Patch,114.68787980007434,127.3348907883878,-12.647010988313454,3.901961356992717,4.111272117242214,-0.20931076024949657
PH_vs_Patch,VI,378,4,0,PatchHuber,Patch,114.903652914322,127.64735123466488,-12.743698320342887,4.723479832374803,4.650355193423325,0.07312463895147836
PH_vs_Patch,VI,379,4,0,PatchHuber,Patch,114.90938382333428,128.8480232625672,-13.93863943923293,3.712776757803304,3.533579195731364,0.17919756207193993
PH_vs_Patch,VI,380,4,0,PatchHuber,Patch,120.28845224803668,130.00945597239098,-9.721003724354304,4.524466347806164,4.313859539947805,0.21060680785835917
PH_vs_Patch,VI,381,4,0,PatchHuber,Patch,117.75118405078776,125.20797740359032,-7.456793352802563,3.490627539136225,3.173539094160922,0.31708844497530286
PH_vs_Patch,VI,382,4,0,PatchHuber,Patch,116.55687609984558,126.34221751538556,-9.785341415539975,4.085167206870858,4.204510645380964,-0.11934343851010532
PH_vs_Patch,VI,383,4,0,PatchHuber,Patch,107.49436529453456,119.52725962221176,-12.032894327677198,3.360178325055057,3.922779141697049,-0.562600816641992
PH_vs_Patch,VI,384,4,0,PatchHuber,Patch,107.49735668725,121.05819949489958,-13.560842807649578,4.381181897486391,4.660896597314744,-0.27971469982835284
PH_vs_Patch,VI,385,4,0,PatchHuber,Patch,106.98075637345998,120.89646732350748,-13.915710950047497,3.63944020684348,3.6712972855027775,-0.03185707865929732
PH_vs_Patch,VI,386,4,0,PatchHuber,Patch,106.29491818131945,116.28275051087076,-9.98783232955131,4.568113205927169,5.011823111119013,-0.4437099051918443
PH_vs_Patch,VI,387,4,0,PatchHuber,Patch,102.25857149977354,111.0773587319548,-8.818787232181265,3.1399674829661963,3.4629679209606627,-0.3230004379944664
PH_vs_Patch,VI,388,4,0,PatchHuber,Patch,104.51210768195055,118.26656357802936,-13.75445589607881,3.5753840053112564,3.652732898705758,-0.07734889339450168
PH_vs_Patch,VI,389,4,0,PatchHuber,Patch,103.4357445159529,117.45152166101816,-14.015777145065258,3.1834955124762425,3.705497046218975,-0.5220015337427326
PH_vs_Patch,VI,390,4,0,PatchHuber,Patch,100.9444125919871,112.16630931117204,-11.22189671918494,3.4382322642448244,3.977927802069887,-0.5396955378250627
PH_vs_Patch,VI,391,4,0,PatchHuber,Patch,91.1562022785,102.61799917142268,-11.461796892922678,2.394224519348462,2.5588351143036228,-0.16461059495516084
PH_vs_Patch,VI,392,4,0,PatchHuber,Patch,88.56311191797742,99.10518550572884,-10.542073587751418,3.150437388704,3.05245369339693,0.09798369530706985
PH_vs_Patch,VI,393,4,0,PatchHuber,Patch,90.13284520069077,98.15534061637946,-8.022495415688695,2.471371120267817,3.4304955280164653,-0.9591244077486483
PH_vs_Patch,VI,394,4,0,PatchHuber,Patch,89.87785542903097,99.11252596147092,-9.23467053243995,3.0078079787583185,3.435381364620059,-0.42757338586174054
PH_vs_Patch,VI,395,4,0,PatchHuber,Patch,91.75253134213928,100.16095973920562,-8.408428397066345,2.081643303854442,2.7705294447043607,-0.6888861408499185
PH_vs_Patch,VI,396,4,0,PatchHuber,Patch,93.22135141508872,98.44378633204414,-5.222434916955422,2.805721244387406,3.2057579693703744,-0.4000367249829684
PH_vs_Patch,VI,397,4,0,PatchHuber,Patch,97.1669832757606,101.33964584497312,-4.17266256921252,2.975146934410664,3.3372854916205807,-0.3621385572099167
PH_vs_Patch,VI,398,4,0,PatchHuber,Patch,96.0928591588912,100.27440658969562,-4.1815474308044145,3.2464208376576766,3.6777345416128018,-0.43131370395512514
PH_vs_Patch,VI,399,4,0,PatchHuber,Patch,95.6505384009513,101.93023602156136,-6.279697620610051,3.535582709582838,3.980300362450045,-0.44471765286720677
PH_vs_Patch,VI,400,4,0,PatchHuber,Patch,94.85777176739144,98.50210344526408,-3.6443316778726427,3.890209125284116,4.636964526873987,-0.746755401589871
PH_vs_Patch,VI,401,4,0,PatchHuber,Patch,99.42495175000776,104.92169647434558,-5.496744724337816,3.9742039934307782,4.8119879441762015,-0.8377839507454232
PH_vs_Patch,VI,402,4,0,PatchHuber,Patch,101.49691642643218,108.27786597263768,-6.780949546205505,4.667701604012166,5.724169027065978,-1.056467423053812
PH_vs_Patch,VI,403,4,0,PatchHuber,Patch,96.40635801202582,106.96392840928316,-10.557570397257336,3.043771274467398,3.947280296642536,-0.9035090221751378
PH_vs_Patch,VI,404,4,0,PatchHuber,Patch,97.8346506645188,106.73546973356852,-8.900819069049717,3.278540575646317,3.884045804778741,-0.6055052291324241
PH_vs_Patch,VI,405,4,0,PatchHuber,Patch,101.05398588709032,99.3114186269461,1.7425672601442272,3.607157109335843,3.4530879272325183,0.15406918210332465
PH_vs_Patch,VI,406,4,0,PatchHuber,Patch,101.81067698728413,98.1337166248408,3.6769603624433245,3.7298594772029374,3.480052046044364,0.2498074311585734
PH_vs_Patch,VI,407,4,0,PatchHuber,Patch,103.38554739558126,102.653664221705,0.7318831738762555,4.0072454535584034,3.83090405858416,0.1763413949742434
PH_vs_Patch,VI,408,4,0,PatchHuber,Patch,101.16597542105758,104.73460041116478,-3.568624990107196,4.575724461192328,4.775031678877177,-0.19930721768484894
PH_vs_Patch,VI,409,4,0,PatchHuber,Patch,99.598901746116,106.7009101705818,-7.102008424465808,3.507798286788598,3.7502331397964737,-0.2424348530078757
PH_vs_Patch,VI,410,4,0,PatchHuber,Patch,100.33365195819304,107.62369076962796,-7.290038811434911,4.140919632628667,4.283921012430425,-0.14300137980175798
PH_vs_Patch,VI,411,4,0,PatchHuber,Patch,99.00221167616176,107.91057357433787,-8.90836189817611,3.1608294292981083,3.623223104917937,-0.4623936756198286
PH_vs_Patch,VI,412,4,0,PatchHuber,Patch,102.11005068526984,110.60402062479396,-8.49396993952412,3.7992669387229774,4.306380819622135,-0.507113880899158
PH_vs_Patch,VI,413,4,0,PatchHuber,Patch,102.22151413319776,109.68005359918486,-7.458539465987101,4.271801438338266,4.514623111131647,-0.24282167279338118
PH_vs_Patch,VI,414,4,0,PatchHuber,Patch,103.33300340621032,110.54025867978804,-7.207255273577715,3.573551864418531,3.892708091838936,-0.3191562274204047
PH_vs_Patch,VI,415,4,0,PatchHuber,Patch,103.684814831751,109.2835951978766,-5.598780366125595,4.52894791074733,4.538533666421909,-0.00958575567457931
PH_vs_Patch,VI,416,4,0,PatchHuber,Patch,103.1645510797597,109.830825253759,-6.666274173999298,5.78002288694266,6.030213560299138,-0.25019067335647716
PH_vs_Patch,VI,417,4,0,PatchHuber,Patch,102.9069258866901,109.26481370680372,-6.357887820113618,4.110534081447267,4.795187326168884,-0.6846532447216171
PH_vs_Patch,VI,418,5,0,PatchHuber,Patch,107.5574006067366,111.24882553418814,-3.6914249274515356,5.336030301432269,5.844324627543536,-0.5082943261112662
PH_vs_Patch,VI,419,5,0,PatchHuber,Patch,104.84998149969066,107.5229545892946,-2.6729730896039428,3.9983276267586314,4.559421411292284,-0.5610937845336528
PH_vs_Patch,VI,420,5,0,PatchHuber,Patch,105.72804258195296,109.38941059463583,-3.661368012682871,5.060250654473668,5.415281215728608,-0.3550305612549396
PH_vs_Patch,VI,421,5,0,PatchHuber,Patch,110.61107146970242,112.8704882483637,-2.2594167786612758,5.426919220462455,5.64024560902039,-0.21332638855793462
PH_vs_Patch,VI,422,5,0,PatchHuber,Patch,115.11820547044115,118.35814128178424,-3.239935811343088,5.2638998434123945,5.611986541488402,-0.3480866980760071
PH_vs_Patch,VI,423,5,0,PatchHuber,Patch,113.79537270044052,116.92397127059604,-3.1285985701555177,4.820980075807385,5.027305600899789,-0.20632552509240387
PH_vs_Patch,VI,424,5,0,PatchHuber,Patch,117.29120913980152,119.64635748023576,-2.3551483404342406,5.031223558979984,5.2179595058649735,-0.18673594688498962
PH_vs_Patch,VI,425,5,0,PatchHuber,Patch,114.14824313282035,115.76485555695848,-1.6166124241381254,5.268477576851856,5.701984300162504,-0.4335067233106482
PH_vs_Patch,VI,426,5,0,PatchHuber,Patch,117.9638028727853,116.45518980420552,1.508613068579777,5.164042242978366,6.182712101780324,-1.0186698588019585
PH_vs_Patch,VI,427,5,0,PatchHuber,Patch,119.24730970256527,125.42275489334234,-6.175445190777069,5.452581324841928,6.31107403363345,-0.8584927087915224
PH_vs_Patch,VI,428,5,0,PatchHuber,Patch,113.39057027481924,120.6148172376187,-7.224246962799455,5.446308236748648,6.197740488349187,-0.751432251600539
PH_vs_Patch,VI,429,5,0,PatchHuber,Patch,110.65595349220962,119.46692762576178,-8.810974133552165,4.404066651614646,4.036395837884539,0.3676708137301068
PH_vs_Patch,VI,430,5,0,PatchHuber,Patch,113.36943607942813,118.9730073291211,-5.603571249692976,4.6753775540839095,4.166009980654614,0.5093675734292953
PH_vs_Patch,VI,431,5,0,PatchHuber,Patch,114.972231424296,116.0465586113006,-1.0743271870045987,4.562910231111579,4.167469824710676,0.39544040640090294
PH_vs_Patch,VI,432,5,0,PatchHuber,Patch,112.77330676381582,163.26844433546026,-50.495137571644435,4.075462440028158,11.933978163157509,-7.858515723129351
PH_vs_Patch,VI,433,5,0,PatchHuber,Patch,106.8551538791383,111.9997764602972,-5.144622581158899,4.007347086910984,4.244912494969723,-0.23756540805873883
PH_vs_Patch,VI,434,5,0,PatchHuber,Patch,108.42034478862212,113.04857874725742,-4.628233958635306,4.6014928927779,4.917394425884878,-0.3159015331069783
PH_vs_Patch,VI,435,5,0,PatchHuber,Patch,105.07213829338728,112.45097726464388,-7.378838971256599,3.456037062008388,3.717407869230994,-0.26137080722260597
PH_vs_Patch,VI,436,5,0,PatchHuber,Patch,104.54313155129688,110.00255758452508,-5.459426033228198,3.785788212317223,4.291904824329097,-0.5061166120118741
PH_vs_Patch,VI,437,5,0,PatchHuber,Patch,102.85815636252336,112.94206290884952,-10.083906546326162,3.5879647809348083,3.998707404442457,-0.41074262350764856
PH_vs_Patch,VI,438,5,0,PatchHuber,Patch,98.91525208149406,109.9216800447456,-11.00642796325154,3.0310975453181155,3.916485085372895,-0.8853875400547797
PH_vs_Patch,VI,439,5,0,PatchHuber,Patch,94.91209408717329,106.3759429193574,-11.463848832184112,3.1005050474410045,3.826239431181599,-0.7257343837405945
PH_vs_Patch,VI,440,5,0,PatchHuber,Patch,87.96434438764885,98.05060099049766,-10.086256602848806,3.2027935699562624,3.305507315473699,-0.10271374551743673
PH_vs_Patch,VI,441,5,0,PatchHuber,Patch,85.29430920979561,92.55467394409663,-7.260364734301021,2.505168987782208,3.060251101294636,-0.555082113512428
PH_vs_Patch,VI,442,5,0,PatchHuber,Patch,89.49089845925431,96.88538903445593,-7.3944905752016155,3.298246947692855,4.229684612582108,-0.9314376648892533
PH_vs_Patch,VI,443,5,0,PatchHuber,Patch,88.31149896021888,95.8247297901475,-7.513230829928617,2.024320286389115,2.709740726497643,-0.685420440108528
PH_vs_Patch,VI,444,5,0,PatchHuber,Patch,89.34252277734119,127.82947610001008,-38.486953322668896,2.767455553055223,7.636070246394986,-4.868614693339763
PH_vs_Patch,VI,445,5,0,PatchHuber,Patch,92.47939877107216,97.4439520121024,-4.964553241030245,3.7800780218310712,4.0420834762651845,-0.26200545443411327
PH_vs_Patch,VI,446,5,0,PatchHuber,Patch,98.8537966281012,101.84930455968644,-2.9955079315852515,3.832195943915185,4.150485286836001,-0.3182893429208158
PH_vs_Patch,VI,447,5,0,PatchHuber,Patch,100.32867424048425,106.32035299276028,-5.99167875227603,4.3130478564589945,4.609073243836154,-0.2960253873771599
PH_vs_Patch,VI,448,5,0,PatchHuber,Patch,97.9335048738728,105.68254911854734,-7.749044244674536,2.690964344425455,2.760635329178088,-0.06967098475263311
PH_vs_Patch,VI,449,5,0,PatchHuber,Patch,97.66647063326609,103.95254667920165,-6.286076045935559,3.0242320915264083,3.6393412687564255,-0.6151091772300172
PH_vs_Patch,VI,450,5,0,PatchHuber,Patch,102.09937250876972,111.2165444165755,-9.117171907805783,3.1875880447651723,3.8978714750521126,-0.7102834302869403
PH_vs_Patch,VI,451,5,0,PatchHuber,Patch,105.14429296208392,114.5748896003814,-9.430596638297473,3.798796269550255,4.93774833327017,-1.1389520637199149
PH_vs_Patch,VI,452,5,0,PatchHuber,Patch,104.914337611283,114.8572200439096,-9.942882432626604,3.886701815326438,4.720907984220753,-0.8342061688943154
PH_vs_Patch,VI,453,5,0,PatchHuber,Patch,104.12344934761056,113.90884206317152,-9.78539271556096,3.982678235778342,5.027390692843923,-1.044712457065581
PH_vs_Patch,VI,454,5,0,PatchHuber,Patch,107.15803411661162,107.3697561169488,-0.2117220003371898,4.230895221462279,4.041298671058096,0.18959655040418344
PH_vs_Patch,VI,455,5,0,PatchHuber,Patch,108.34139605331188,108.41244896284596,-0.07105290953407462,4.427941038524415,4.166436566224364,0.261504472300051
PH_vs_Patch,VI,456,5,0,PatchHuber,Patch,109.28460467310828,110.8964918018994,-1.6118871287911247,4.722272105923296,4.361470007086317,0.3608020988369791
PH_vs_Patch,VI,457,5,0,PatchHuber,Patch,104.6077284990502,109.53803904986644,-4.930310550816245,3.5802628818789994,3.982988380008298,-0.4027254981292985
PH_vs_Patch,VI,458,5,0,PatchHuber,Patch,103.85296497223652,113.22780403180852,-9.374839059571997,3.7101459195640265,4.0182258415981655,-0.30807992203413903
PH_vs_Patch,VI,459,5,0,PatchHuber,Patch,103.48400074651435,112.74934505165048,-9.265344305136125,3.785072977115754,4.186030770951729,-0.40095779383597474
PH_vs_Patch,VI,460,5,0,PatchHuber,Patch,103.05544155796711,112.32383766237405,-9.268396104406932,3.813530834955254,4.321546982295775,-0.5080161473405211
PH_vs_Patch,VI,461,5,0,PatchHuber,Patch,104.26452400554756,114.32341580918973,-10.058891803642169,4.247575098837055,4.651554456105996,-0.4039793572689403
PH_vs_Patch,VI,462,5,0,PatchHuber,Patch,108.57864191736095,116.23705004625958,-7.658408128898628,4.616803987581018,4.95746381121864,-0.3406598236376226
PH_vs_Patch,VI,463,5,0,PatchHuber,Patch,109.57270521207283,118.06547958031148,-8.492774368238642,5.102106660025775,5.229240675599399,-0.12713401557362403
PH_vs_Patch,VI,464,5,0,PatchHuber,Patch,109.8914457283426,119.61628832669147,-9.724842598348872,5.714781202609947,5.848103758204068,-0.13332255559412065
PH_vs_Patch,VI,465,5,0,PatchHuber,Patch,109.84791156927704,118.08338115323694,-8.235469583959897,5.555644625423022,5.88312698319376,-0.3274823577707382
PH_vs_Patch,VI,466,5,0,PatchHuber,Patch,108.9983448653596,116.81527871617058,-7.816933850810983,4.402260401948619,5.191953288548096,-0.789692886599477
PH_vs_Patch,VI,467,5,0,PatchHuber,Patch,110.89869295336548,113.49517551885816,-2.5964825654926784,4.704716787138788,5.046661935199468,-0.3419451480606801
PH_vs_Patch,VI,468,5,0,PatchHuber,Patch,111.13981238972578,115.69331470232898,-4.5535023126032,4.730279906004951,4.927431310919039,-0.1971514049140879
PH_vs_Patch,VI,469,5,0,PatchHuber,Patch,115.75075127459446,121.06176311595236,-5.311011841357896,5.061725989304071,5.052025380281336,0.009700609022734952
PH_vs_Patch,VI,470,5,0,PatchHuber,Patch,120.47355588983017,126.24994913409827,-5.776393244268107,5.127287978477926,4.969061944449418,0.158226034028508
PH_vs_Patch,VI,471,5,0,PatchHuber,Patch,121.72565381966405,125.24141549359504,-3.515761673930996,5.016984666155218,4.858652909662426,0.1583317564927924
PH_vs_Patch,VI,472,5,0,PatchHuber,Patch,118.02454297675624,123.42113290553505,-5.396589928778809,5.312610183255193,5.305688322851419,0.0069218604037732945
PH_vs_Patch,VI,473,5,0,PatchHuber,Patch,116.34668030719035,122.47264725045429,-6.125966943263933,5.522788179905266,5.537258638177412,-0.01447045827214577
PH_vs_Patch,VI,474,5,0,PatchHuber,Patch,121.7968260655122,129.98336026831203,-8.18653420279982,5.705084834719389,6.159024973424288,-0.45394013870489935
PH_vs_Patch,VI,475,5,0,PatchHuber,Patch,114.87537211559705,125.09352025374446,-10.218148138147413,4.182309009978803,4.630924662465208,-0.44861565248640556
PH_vs_Patch,VI,476,5,0,PatchHuber,Patch,111.65254012445595,122.1217556539128,-10.469215529456847,4.776990703468472,4.534339241765817,0.24265146170265517
PH_vs_Patch,VI,477,5,0,PatchHuber,Patch,117.87537240757584,123.37850245669512,-5.503130049119278,6.329482933767154,6.341563734959521,-0.012080801192366764
PH_vs_Patch,VI,478,5,0,PatchHuber,Patch,117.10679148529834,122.21875623495676,-5.111964749658412,6.06044314003756,5.718295069269557,0.3421480707680029
PH_vs_Patch,VI,479,5,0,PatchHuber,Patch,117.87758145219188,173.49584511275674,-55.618263660564864,5.26674744562922,10.46366158374281,-5.19691413811359
PH_vs_Patch,VI,480,5,0,PatchHuber,Patch,114.42176463636416,121.11540446507183,-6.693639828707674,6.204692668864537,7.652239265225912,-1.4475465963613754
PH_vs_Patch,VI,481,5,0,PatchHuber,Patch,111.19527910490385,118.58735137675728,-7.392072271853436,5.739284431372197,7.085273027601295,-1.3459885962290983
PH_vs_Patch,VI,482,5,0,PatchHuber,Patch,110.506599490191,118.13276310251086,-7.626163612319871,5.521994823678022,7.050109245976799,-1.5281144222987768
PH_vs_Patch,VI,483,5,0,PatchHuber,Patch,106.97765725711194,115.50939120881328,-8.53173395170134,5.450260711255134,6.291252503152039,-0.8409917918969052
PH_vs_Patch,VI,484,5,0,PatchHuber,Patch,107.65055660576688,117.62225571099845,-9.971699105231565,5.250931719964063,6.197439654974203,-0.94650793501014
PH_vs_Patch,VI,485,5,0,PatchHuber,Patch,106.93515606220498,117.97066443545148,-11.0355083732465,4.781129369152915,5.76249349470469,-0.9813641255517744
PH_vs_Patch,VI,486,5,0,PatchHuber,Patch,102.8688548852414,111.78051351176843,-8.911658626527029,4.00575714089254,5.042221367662269,-1.0364642267697288
PH_vs_Patch,VI,487,5,0,PatchHuber,Patch,98.56062311184516,108.31480871731604,-9.75418560547088,3.993309185532696,4.651265620260131,-0.6579564347274349
PH_vs_Patch,VI,488,5,0,PatchHuber,Patch,95.37407246629148,103.25474579476266,-7.880673328471175,4.197837788666994,5.731258289726901,-1.533420501059907
PH_vs_Patch,VI,489,5,0,PatchHuber,Patch,98.30690020824284,103.21536536611018,-4.90846515786734,3.150311398748338,4.481415320156049,-1.3311039214077112
PH_vs_Patch,VI,490,5,0,PatchHuber,Patch,95.09222802632311,103.14588311988815,-8.053655093565041,3.1138157680878478,4.735400630089568,-1.6215848620017206
PH_vs_Patch,VI,491,5,0,PatchHuber,Patch,96.8211330213523,102.69787087210808,-5.876737850755788,3.7774213754569046,4.505041446067324,-0.7276200706104192
PH_vs_Patch,VI,492,5,0,PatchHuber,Patch,100.06070474783051,105.21725862424653,-5.156553876416012,3.988951386728714,4.860549739363893,-0.8715983526351785
PH_vs_Patch,VI,493,5,0,PatchHuber,Patch,101.70787736300107,112.29236609013256,-10.584488727131486,4.006057088560196,4.833130141930566,-0.8270730533703698
PH_vs_Patch,VI,494,5,0,PatchHuber,Patch,101.74930206881068,111.27475551915892,-9.525453450348238,3.776229672866745,4.196438857068412,-0.42020918420166753
PH_vs_Patch,VI,495,5,0,PatchHuber,Patch,100.48794302652266,110.28082820946678,-9.792885182944119,4.28068836366511,4.526072031927573,-0.2453836682624626
PH_vs_Patch,VI,496,5,0,PatchHuber,Patch,101.57349093764763,110.80167321052068,-9.228182272873042,4.066648058880441,5.099127983708204,-1.0324799248277632
PH_vs_Patch,VI,497,5,0,PatchHuber,Patch,103.14076121437492,113.1845729075954,-10.043811693220476,2.9873888343294004,4.179162536508112,-1.191773702178712
PH_vs_Patch,VI,498,5,0,PatchHuber,Patch,104.42192029793551,114.42907668714491,-10.007156389209399,3.375569121302891,4.240889328370231,-0.8653202070673398
PH_vs_Patch,VI,499,5,0,PatchHuber,Patch,104.88160914238313,115.8998336936188,-11.018224551235676,3.673931002356724,5.0591068192145565,-1.3851758168578323
PH_vs_Patch,VI,500,5,0,PatchHuber,Patch,109.65735142914234,119.65711996060789,-9.999768531465548,4.161114720928512,5.3899258814247055,-1.2288111604961935
