name,method,flag,crc,csize,usize,lho
epos_dataset_iii/,0,0,0,0,0,0
epos_dataset_iii/0000.3d,8,8,1080449502,63409,224342,79
epos_dataset_iii/0000.pose,8,8,1345703944,64,88,63590
epos_dataset_iii/0001.3d,8,8,3896459466,63339,224342,63758
epos_dataset_iii/0001.pose,8,8,2594375580,64,88,127199
epos_dataset_iii/0002.3d,8,8,1138205516,62407,221365,127367
epos_dataset_iii/0002.pose,8,8,3471517527,65,88,189876
epos_dataset_iii/0003.3d,8,8,193177333,62009,219972,190045
epos_dataset_iii/0003.pose,8,8,3157361401,64,88,252156
epos_dataset_iii/0004.3d,8,8,1025395169,63066,223189,252324
epos_dataset_iii/0004.pose,8,8,3571181190,65,88,315492
epos_dataset_iii/0005.3d,8,8,1813168832,63320,224346,315661
epos_dataset_iii/0005.pose,8,8,408397877,64,89,379083
epos_dataset_iii/0006.3d,8,8,700159246,62711,222060,379251
epos_dataset_iii/0006.pose,8,8,3010311469,65,89,442064
epos_dataset_iii/0007.3d,8,8,977103259,63840,226515,442233
epos_dataset_iii/0007.pose,8,8,677204052,64,89,506175
epos_dataset_iii/0008.3d,8,8,3294984409,64949,229996,506343
epos_dataset_iii/0008.pose,8,8,3252953311,64,89,571394
epos_dataset_iii/0009.3d,8,8,1253421295,67082,237767,571562
epos_dataset_iii/0009.pose,8,8,150674586,65,89,638746
epos_dataset_iii/0010.3d,8,8,2586166523,69384,246249,638915
epos_dataset_iii/0010.pose,8,8,1804621020,64,89,708401
epos_dataset_iii/0011.3d,8,8,457242008,72027,255843,708569
epos_dataset_iii/0011.pose,8,8,1896206398,65,89,780698
epos_dataset_iii/0012.3d,8,8,3734360378,73092,259707,780867
epos_dataset_iii/0012.pose,8,8,666171344,64,89,854061
epos_dataset_iii/0013.3d,8,8,967875053,74157,263186,854229
epos_dataset_iii/0013.pose,8,8,822824778,64,89,928488
epos_dataset_iii/0014.3d,8,8,3458958270,67663,239915,928656
epos_dataset_iii/0014.pose,8,8,2616563220,64,89,996421
epos_dataset_iii/0015.3d,8,8,4066822837,67091,237846,996589
epos_dataset_iii/0015.pose,8,8,4189780722,64,89,1063782
epos_dataset_iii/0016.3d,8,8,3692705301,67528,239441,1063950
epos_dataset_iii/0016.pose,8,8,3767045997,65,89,1131580
epos_dataset_iii/0017.3d,8,8,2451378409,67196,237826,1131749
epos_dataset_iii/0017.pose,8,8,1540582628,66,88,1199047
epos_dataset_iii/0018.3d,8,8,728651620,65678,232515,1199217
epos_dataset_iii/0018.pose,8,8,2518812875,63,88,1264997
epos_dataset_iii/0019.3d,8,8,207605305,66027,233561,1265164
epos_dataset_iii/0019.pose,8,8,3169462196,65,88,1331293
epos_dataset_iii/0020.3d,8,8,1283280665,67075,236802,1331462
epos_dataset_iii/0020.pose,8,8,1726533765,65,88,1398639
epos_dataset_iii/0021.3d,8,8,59770693,67405,238205,1398808
epos_dataset_iii/0021.pose,8,8,1727723683,64,88,1466315
epos_dataset_iii/0022.3d,8,8,626953262,66803,235579,1466483
epos_dataset_iii/0022.pose,8,8,808817776,65,88,1533388
epos_dataset_iii/0023.3d,8,8,3486829414,66365,234261,1533557
epos_dataset_iii/0023.pose,8,8,3574567427,63,88,1600024
epos_dataset_iii/0024.3d,8,8,132128864,66477,234356,1600191
epos_dataset_iii/0024.pose,8,8,91992005,64,88,1666770
epos_dataset_iii/0025.3d,8,8,1904525839,66903,235402,1666938
epos_dataset_iii/0025.pose,8,8,679403658,65,88,1733943
epos_dataset_iii/0026.3d,8,8,3685121490,67763,239322,1734112
epos_dataset_iii/0026.pose,8,8,2377450780,65,88,1801977
epos_dataset_iii/0027.3d,8,8,3057568965,70718,250717,1802146
epos_dataset_iii/0027.pose,8,8,1094918405,63,88,1872966
epos_dataset_iii/0028.3d,8,8,515145627,70082,248334,1873133
epos_dataset_iii/0028.pose,8,8,3408364284,62,88,1943317
epos_dataset_iii/0029.3d,8,8,4054570882,67274,236740,1943483
epos_dataset_iii/0029.pose,8,8,420231592,64,88,2010859
epos_dataset_iii/0030.3d,8,8,584677316,66500,234477,2011027
epos_dataset_iii/0030.pose,8,8,3984353072,64,89,2077629
epos_dataset_iii/0031.3d,8,8,2208383991,68221,241189,2077797
epos_dataset_iii/0031.pose,8,8,3634615230,63,89,2146120
epos_dataset_iii/0032.3d,8,8,2120378808,70846,251318,2146287
epos_dataset_iii/0032.pose,8,8,2947133402,64,89,2217235
epos_dataset_iii/0033.3d,8,8,2424504997,71311,253256,2217403
epos_dataset_iii/0033.pose,8,8,55617302,65,89,2288816
epos_dataset_iii/0034.3d,8,8,2343029431,71841,256641,2288985
epos_dataset_iii/0034.pose,8,8,1862434437,64,89,2360928
epos_dataset_iii/0035.3d,8,8,2563286355,73752,264051,2361096
epos_dataset_iii/0035.pose,8,8,3159859554,63,89,2434950
epos_dataset_iii/0036.3d,8,8,3854266872,73210,262178,2435117
epos_dataset_iii/0036.pose,8,8,2187975598,64,89,2508429
epos_dataset_iii/0037.3d,8,8,245406203,71467,255073,2508597
epos_dataset_iii/0037.pose,8,8,479347551,65,89,2580166
epos_dataset_iii/0038.3d,8,8,3022840529,66694,236652,2580335
epos_dataset_iii/0038.pose,8,8,3399342101,63,89,2647131
epos_dataset_iii/0039.3d,8,8,831797715,63915,226329,2647298
epos_dataset_iii/0039.pose,8,8,2607547526,64,89,2711315
epos_dataset_iii/0040.3d,8,8,1582341512,62207,220335,2711483
epos_dataset_iii/0040.pose,8,8,2770981619,62,89,2773792
epos_dataset_iii/0041.3d,8,8,223870729,60929,215136,2773958
epos_dataset_iii/0041.pose,8,8,1037202092,64,89,2834989
epos_dataset_iii/0042.3d,8,8,427664000,68197,241234,2835157
epos_dataset_iii/0042.pose,8,8,2249395903,63,89,2903456
epos_dataset_iii/0043.3d,8,8,4169406481,68039,240658,2903623
epos_dataset_iii/0043.pose,8,8,3946168827,64,88,2971764
epos_dataset_iii/0044.3d,8,8,658278221,68998,244216,2971932
epos_dataset_iii/0044.pose,8,8,4191530304,65,88,3041032
epos_dataset_iii/0045.3d,8,8,385882395,69146,244129,3041201
epos_dataset_iii/0045.pose,8,8,3723482468,66,89,3110449
epos_dataset_iii/0046.3d,8,8,2722275364,70292,248272,3110619
epos_dataset_iii/0046.pose,8,8,911411958,64,89,3181013
epos_dataset_iii/0047.3d,8,8,3833493233,71082,251151,3181181
epos_dataset_iii/0047.pose,8,8,364053065,65,89,3252365
epos_dataset_iii/0048.3d,8,8,478713798,71772,253481,3252534
epos_dataset_iii/0048.pose,8,8,536315578,65,89,3324408
epos_dataset_iii/0049.3d,8,8,798287024,73244,259004,3324577
epos_dataset_iii/0049.pose,8,8,1599609898,65,89,3397923
epos_dataset_iii/0050.3d,8,8,2603216729,74067,261667,3398092
epos_dataset_iii/0050.pose,8,8,3050303949,64,89,3472261
epos_dataset_iii/0051.3d,8,8,2337999436,75756,267593,3472429
epos_dataset_iii/0051.pose,8,8,3216442684,64,89,3548287
epos_dataset_iii/0052.3d,8,8,143051854,68391,241834,3548455
epos_dataset_iii/0052.pose,8,8,3966027721,64,88,3616948
epos_dataset_iii/0053.3d,8,8,1240447447,70069,247993,3617116
epos_dataset_iii/0053.pose,8,8,235946097,64,88,3687287
epos_dataset_iii/0054.3d,8,8,2908381151,72203,256091,3687455
epos_dataset_iii/0054.pose,8,8,2142219480,64,88,3759760
epos_dataset_iii/0055.3d,8,8,3786704219,75386,268362,3759928
epos_dataset_iii/0055.pose,8,8,141368861,64,88,3835416
epos_dataset_iii/0056.3d,8,8,1030248476,69352,247551,3835584
epos_dataset_iii/0056.pose,8,8,2218417156,63,88,3905038
epos_dataset_iii/0057.3d,8,8,3087485119,70982,253578,3905205
epos_dataset_iii/0057.pose,8,8,3519066081,64,88,3976289
epos_dataset_iii/0058.3d,8,8,3243436791,72037,258272,3976457
epos_dataset_iii/0058.pose,8,8,664571871,64,88,4048596
epos_dataset_iii/0059.3d,8,8,3966391741,72508,260310,4048764
epos_dataset_iii/0059.pose,8,8,2457978614,63,88,4121374
epos_dataset_iii/0060.3d,8,8,875428408,73752,264814,4121541
epos_dataset_iii/0060.pose,8,8,2651967690,63,88,4195395
epos_dataset_iii/0061.3d,8,8,3596808989,74481,267738,4195562
epos_dataset_iii/0061.pose,8,8,1337047190,64,88,4270145
epos_dataset_iii/0062.3d,8,8,100431667,67833,243535,4270313
epos_dataset_iii/0062.pose,8,8,327980086,65,88,4338248
epos_dataset_iii/0063.3d,8,8,2951118576,68384,245484,4338417
epos_dataset_iii/0063.pose,8,8,1609610169,64,88,4406903
epos_dataset_iii/0064.3d,8,8,1482746377,68480,246140,4407071
epos_dataset_iii/0064.pose,8,8,853180186,63,88,4475653
epos_dataset_iii/0065.3d,8,8,283417719,68780,247116,4475820
epos_dataset_iii/0065.pose,8,8,4090395608,65,88,4544702
epos_dataset_iii/0066.3d,8,8,993681020,68949,247944,4544871
epos_dataset_iii/0066.pose,8,8,1354137530,64,88,4613922
epos_dataset_iii/0067.3d,8,8,1350173775,69543,250399,4614090
epos_dataset_iii/0067.pose,8,8,2632452195,62,88,4683735
epos_dataset_iii/0068.3d,8,8,527322847,69559,250549,4683901
epos_dataset_iii/0068.pose,8,8,3010702792,64,88,4753562
epos_dataset_iii/0069.3d,8,8,3378651624,70091,252499,4753730
epos_dataset_iii/0069.pose,8,8,1259622788,63,88,4823923
epos_dataset_iii/0070.3d,8,8,1881411329,70560,253595,4824090
epos_dataset_iii/0070.pose,8,8,1885150161,64,88,4894752
epos_dataset_iii/0071.3d,8,8,153768578,70832,254908,4894920
epos_dataset_iii/0071.pose,8,8,1463194435,64,88,4965854
epos_dataset_iii/0072.3d,8,8,2395319957,71237,255886,4966022
epos_dataset_iii/0072.pose,8,8,4106545709,65,88,5037361
epos_dataset_iii/0073.3d,8,8,3236430025,71245,256472,5037530
epos_dataset_iii/0073.pose,8,8,1079612464,64,88,5108877
epos_dataset_iii/0074.3d,8,8,2332694034,71189,255597,5109045
epos_dataset_iii/0074.pose,8,8,3252825265,63,88,5180336
epos_dataset_iii/0075.3d,8,8,825004634,71524,256919,5180503
epos_dataset_iii/0075.pose,8,8,2294485597,63,88,5252129
epos_dataset_iii/0076.3d,8,8,40614425,71235,256059,5252296
epos_dataset_iii/0076.pose,8,8,1897114572,63,88,5323633
epos_dataset_iii/0077.3d,8,8,3577194995,71269,255949,5323800
epos_dataset_iii/0077.pose,8,8,1874277588,65,88,5395171
epos_dataset_iii/0078.3d,8,8,1511141988,70983,255190,5395340
epos_dataset_iii/0078.pose,8,8,437804325,63,88,5466425
epos_dataset_iii/0079.3d,8,8,450102199,71538,256633,5466592
epos_dataset_iii/0079.pose,8,8,3433944490,65,88,5538232
epos_dataset_iii/0080.3d,8,8,1179455343,71333,256110,5538401
epos_dataset_iii/0080.pose,8,8,2337278759,62,88,5609836
epos_dataset_iii/0081.3d,8,8,2137435704,72116,258134,5610002
epos_dataset_iii/0081.pose,8,8,1622507927,64,88,5682220
epos_dataset_iii/0082.3d,8,8,4084747091,71151,255419,5682388
epos_dataset_iii/0082.pose,8,8,2494866713,64,88,5753641
epos_dataset_iii/0083.3d,8,8,1281548884,71565,256603,5753809
epos_dataset_iii/0083.pose,8,8,763601656,65,88,5825476
epos_dataset_iii/0084.3d,8,8,2837860262,71352,255533,5825645
epos_dataset_iii/0084.pose,8,8,2668459345,63,88,5897099
epos_dataset_iii/0085.3d,8,8,4214246626,71652,256471,5897266
epos_dataset_iii/0085.pose,8,8,1999794686,65,88,5969020
epos_dataset_iii/0086.3d,8,8,3651383105,71184,254971,5969189
epos_dataset_iii/0086.pose,8,8,3735166134,64,88,6040475
epos_dataset_iii/0087.3d,8,8,1849919729,71400,255747,6040643
epos_dataset_iii/0087.pose,8,8,3103367219,64,88,6112145
epos_dataset_iii/0088.3d,8,8,352060244,70773,253637,6112313
epos_dataset_iii/0088.pose,8,8,1365535343,64,88,6183188
epos_dataset_iii/0089.3d,8,8,846142529,71408,255366,6183356
epos_dataset_iii/0089.pose,8,8,486220726,65,88,6254866
epos_dataset_iii/0090.3d,8,8,1900393869,71308,255093,6255035
epos_dataset_iii/0090.pose,8,8,792426846,64,88,6326445
epos_dataset_iii/0091.3d,8,8,1151041876,71934,257428,6326613
epos_dataset_iii/0091.pose,8,8,2884027956,63,88,6398649
epos_dataset_iii/0092.3d,8,8,4048636127,72340,258694,6398816
epos_dataset_iii/0092.pose,8,8,3898950042,63,88,6471258
epos_dataset_iii/0093.3d,8,8,3909427115,73089,261621,6471425
epos_dataset_iii/0093.pose,8,8,2591986120,64,88,6544616
epos_dataset_iii/0094.3d,8,8,879749106,73598,263608,6544784
epos_dataset_iii/0094.pose,8,8,3352341867,64,88,6618484
epos_dataset_iii/0095.3d,8,8,89124949,74100,265863,6618652
epos_dataset_iii/0095.pose,8,8,656207179,63,88,6692854
epos_dataset_iii/0096.3d,8,8,1043623361,68064,243809,6693021
epos_dataset_iii/0096.pose,8,8,2799489892,63,88,6761187
epos_dataset_iii/0097.3d,8,8,2413611575,68263,244937,6761354
epos_dataset_iii/0097.pose,8,8,1313139819,64,88,6829719
epos_dataset_iii/0098.3d,8,8,3180179258,68831,247168,6829887
epos_dataset_iii/0098.pose,8,8,389362167,64,88,6898820
epos_dataset_iii/0099.3d,8,8,2967720227,69596,249525,6898988
epos_dataset_iii/0099.pose,8,8,3122101850,64,88,6968686
epos_dataset_iii/0100.3d,8,8,1912757634,69846,250935,6968854
epos_dataset_iii/0100.pose,8,8,2002872958,64,88,7038802
epos_dataset_iii/0101.3d,8,8,565237203,70221,251998,7038970
epos_dataset_iii/0101.pose,8,8,1161945120,64,88,7109293
epos_dataset_iii/0102.3d,8,8,569435814,70666,253484,7109461
epos_dataset_iii/0102.pose,8,8,3155730220,63,88,7180229
epos_dataset_iii/0103.3d,8,8,2055723822,71111,255461,7180396
epos_dataset_iii/0103.pose,8,8,2974979073,63,88,7251609
epos_dataset_iii/0104.3d,8,8,1257524337,72026,258465,7251776
epos_dataset_iii/0104.pose,8,8,3888685800,63,88,7323904
epos_dataset_iii/0105.3d,8,8,4072767002,72013,258996,7324071
epos_dataset_iii/0105.pose,8,8,2633626982,63,88,7396186
epos_dataset_iii/0106.3d,8,8,1628876548,72050,258935,7396353
epos_dataset_iii/0106.pose,8,8,2457148027,64,88,7468505
epos_dataset_iii/0107.3d,8,8,2603242495,72676,261211,7468673
epos_dataset_iii/0107.pose,8,8,741659159,64,88,7541451
epos_dataset_iii/0108.3d,8,8,1522842189,72620,260888,7541619
epos_dataset_iii/0108.pose,8,8,2152317174,65,88,7614341
epos_dataset_iii/0109.3d,8,8,734418107,73141,262435,7614510
epos_dataset_iii/0109.pose,8,8,2172602172,65,88,7687753
epos_dataset_iii/0110.3d,8,8,2118103222,72905,262136,7687922
epos_dataset_iii/0110.pose,8,8,1133481667,64,88,7760929
epos_dataset_iii/0111.3d,8,8,3192137925,73077,262378,7761097
epos_dataset_iii/0111.pose,8,8,2976264316,64,88,7834276
epos_dataset_iii/0112.3d,8,8,4053071812,73761,265026,7834444
epos_dataset_iii/0112.pose,8,8,2105394683,65,88,7908307
epos_dataset_iii/0113.3d,8,8,2691060895,67079,240793,7908476
epos_dataset_iii/0113.pose,8,8,4000920107,63,88,7975657
epos_dataset_iii/0114.3d,8,8,96191008,67600,242333,7975824
epos_dataset_iii/0114.pose,8,8,552760028,62,88,8043526
epos_dataset_iii/0115.3d,8,8,4230476628,66980,240637,8043692
epos_dataset_iii/0115.pose,8,8,1041076426,64,88,8110774
epos_dataset_iii/0116.3d,8,8,2533591461,67250,241868,8110942
epos_dataset_iii/0116.pose,8,8,3797144396,64,88,8178294
epos_dataset_iii/0117.3d,8,8,2238085492,67226,241156,8178462
epos_dataset_iii/0117.pose,8,8,214258140,65,88,8245790
epos_dataset_iii/0118.3d,8,8,1331343150,67161,241635,8245959
epos_dataset_iii/0118.pose,8,8,31147931,64,88,8313222
epos_dataset_iii/0119.3d,8,8,1961128720,67349,242044,8313390
epos_dataset_iii/0119.pose,8,8,4185132089,63,88,8380841
epos_dataset_iii/0120.3d,8,8,2166953305,67121,241806,8381008
epos_dataset_iii/0120.pose,8,8,3900916640,65,88,8448231
epos_dataset_iii/0121.3d,8,8,2907268312,67569,243003,8448400
epos_dataset_iii/0121.pose,8,8,2762802846,65,88,8516071
epos_dataset_iii/0122.3d,8,8,4010120226,67373,242624,8516240
epos_dataset_iii/0122.pose,8,8,431612583,63,88,8583715
epos_dataset_iii/0123.3d,8,8,3267793700,68049,244844,8583882
epos_dataset_iii/0123.pose,8,8,820179195,65,88,8652033
epos_dataset_iii/0124.3d,8,8,1571941529,67733,243721,8652202
epos_dataset_iii/0124.pose,8,8,1994562067,63,88,8720037
epos_dataset_iii/0125.3d,8,8,3275122683,68271,245890,8720204
epos_dataset_iii/0125.pose,8,8,1876660439,63,88,8788577
epos_dataset_iii/0126.3d,8,8,3867874057,67814,244450,8788744
epos_dataset_iii/0126.pose,8,8,2233035272,64,88,8856660
epos_dataset_iii/0127.3d,8,8,165942087,68241,245950,8856828
epos_dataset_iii/0127.pose,8,8,2578858526,63,88,8925171
epos_dataset_iii/0128.3d,8,8,1859027643,67797,244221,8925338
epos_dataset_iii/0128.pose,8,8,71997628,64,88,8993237
epos_dataset_iii/0129.3d,8,8,1807190450,67917,244872,8993405
epos_dataset_iii/0129.pose,8,8,256528181,65,88,9061424
epos_dataset_iii/0130.3d,8,8,714721235,68023,245313,9061593
epos_dataset_iii/0130.pose,8,8,2087170982,64,88,9129718
epos_dataset_iii/0131.3d,8,8,4141841799,67988,245016,9129886
epos_dataset_iii/0131.pose,8,8,2781892055,64,88,9197976
epos_dataset_iii/0132.3d,8,8,2325836467,68162,245653,9198144
epos_dataset_iii/0132.pose,8,8,768066951,63,89,9266408
epos_dataset_iii/0133.3d,8,8,2037052130,67878,244863,9266575
epos_dataset_iii/0133.pose,8,8,120807889,64,89,9334555
epos_dataset_iii/0134.3d,8,8,2210259511,68043,245334,9334723
epos_dataset_iii/0134.pose,8,8,967243228,65,89,9402868
epos_dataset_iii/0135.3d,8,8,385762723,68037,245236,9403037
epos_dataset_iii/0135.pose,8,8,951787884,64,89,9471176
epos_dataset_iii/0136.3d,8,8,1219329102,67906,244798,9471344
epos_dataset_iii/0136.pose,8,8,3781224824,64,89,9539352
epos_dataset_iii/0137.3d,8,8,977270226,68007,244908,9539520
epos_dataset_iii/0137.pose,8,8,3866361436,65,89,9607629
epos_dataset_iii/0138.3d,8,8,3387770044,68110,244956,9607798
epos_dataset_iii/0138.pose,8,8,1856107385,65,89,9676010
epos_dataset_iii/0139.3d,8,8,503901422,68182,245735,9676179
epos_dataset_iii/0139.pose,8,8,2381578721,65,89,9744463
epos_dataset_iii/0140.3d,8,8,3258348347,67589,243616,9744632
epos_dataset_iii/0140.pose,8,8,3157566761,65,89,9812323
epos_dataset_iii/0141.3d,8,8,2672577206,68104,245124,9812492
epos_dataset_iii/0141.pose,8,8,1609133425,63,89,9880698
epos_dataset_iii/0142.3d,8,8,3946680208,67607,243238,9880865
epos_dataset_iii/0142.pose,8,8,3879915223,65,89,9948574
epos_dataset_iii/0143.3d,8,8,2133062588,67984,244794,9948743
epos_dataset_iii/0143.pose,8,8,301640009,65,89,10016829
epos_dataset_iii/0144.3d,8,8,2694525808,68021,244449,10016998
epos_dataset_iii/0144.pose,8,8,1071854991,65,89,10085121
epos_dataset_iii/0145.3d,8,8,1410380556,67500,242542,10085290
epos_dataset_iii/0145.pose,8,8,2872655754,65,89,10152892
epos_dataset_iii/0146.3d,8,8,3420192099,67706,243518,10153061
epos_dataset_iii/0146.pose,8,8,2503184605,65,89,10220869
epos_dataset_iii/0147.3d,8,8,2242400694,67062,240884,10221038
epos_dataset_iii/0147.pose,8,8,545650573,64,89,10288202
epos_dataset_iii/0148.3d,8,8,3087567494,67121,240840,10288370
epos_dataset_iii/0148.pose,8,8,3877603820,64,89,10355593
epos_dataset_iii/0149.3d,8,8,2693345270,66085,237046,10355761
epos_dataset_iii/0149.pose,8,8,245569537,65,89,10421948
epos_dataset_iii/0150.3d,8,8,1686556922,66699,239296,10422117
epos_dataset_iii/0150.pose,8,8,615931906,64,89,10488918
epos_dataset_iii/0151.3d,8,8,2043983607,66061,236887,10489086
epos_dataset_iii/0151.pose,8,8,3081772067,64,89,10555249
epos_dataset_iii/0152.3d,8,8,1245411512,65991,236237,10555417
epos_dataset_iii/0152.pose,8,8,2701881857,64,89,10621510
epos_dataset_iii/0153.3d,8,8,3852866071,66217,237515,10621678
epos_dataset_iii/0153.pose,8,8,1242100298,65,89,10687997
epos_dataset_iii/0154.3d,8,8,2069587201,65910,235852,10688166
epos_dataset_iii/0154.pose,8,8,3557285555,65,89,10754178
epos_dataset_iii/0155.3d,8,8,2845676499,65928,236362,10754347
epos_dataset_iii/0155.pose,8,8,2850283561,65,89,10820377
epos_dataset_iii/0156.3d,8,8,2651949918,65903,236009,10820546
epos_dataset_iii/0156.pose,8,8,502715755,65,89,10886551
epos_dataset_iii/0157.3d,8,8,2543784442,65864,235817,10886720
epos_dataset_iii/0157.pose,8,8,1967019398,66,89,10952686
epos_dataset_iii/0158.3d,8,8,3662019057,65789,235440,10952856
epos_dataset_iii/0158.pose,8,8,2486247424,64,89,11018747
epos_dataset_iii/0159.3d,8,8,1486442217,65339,234335,11018915
epos_dataset_iii/0159.pose,8,8,4102751139,65,89,11084356
epos_dataset_iii/0160.3d,8,8,1170414135,66126,236629,11084525
epos_dataset_iii/0160.pose,8,8,2376698258,64,89,11150753
epos_dataset_iii/0161.3d,8,8,1186216242,65290,233716,11150921
epos_dataset_iii/0161.pose,8,8,1584315037,64,89,11216313
epos_dataset_iii/0162.3d,8,8,3935466710,65995,236127,11216481
epos_dataset_iii/0162.pose,8,8,1046415437,64,89,11282578
epos_dataset_iii/0163.3d,8,8,948023524,65813,235321,11282746
epos_dataset_iii/0163.pose,8,8,3805834104,63,89,11348661
epos_dataset_iii/0164.3d,8,8,1610436813,66422,237750,11348828
epos_dataset_iii/0164.pose,8,8,2548657932,65,89,11415352
epos_dataset_iii/0165.3d,8,8,1738108567,66842,239389,11415521
epos_dataset_iii/0165.pose,8,8,1179559154,64,89,11482465
epos_dataset_iii/0166.3d,8,8,506246459,67020,239548,11482633
epos_dataset_iii/0166.pose,8,8,3778823131,64,89,11549755
epos_dataset_iii/0167.3d,8,8,3878667363,67767,242547,11549923
epos_dataset_iii/0167.pose,8,8,1556744400,65,89,11617792
epos_dataset_iii/0168.3d,8,8,589654404,67585,241849,11617961
epos_dataset_iii/0168.pose,8,8,450311464,65,89,11685648
epos_dataset_iii/0169.3d,8,8,200773460,68881,246426,11685817
epos_dataset_iii/0169.pose,8,8,2678284208,65,89,11754800
epos_dataset_iii/0170.3d,8,8,81850363,68790,245735,11754969
epos_dataset_iii/0170.pose,8,8,1269922991,64,89,11823861
epos_dataset_iii/0171.3d,8,8,3345546894,69786,249204,11824029
epos_dataset_iii/0171.pose,8,8,571381339,64,89,11893917
epos_dataset_iii/0172.3d,8,8,2446732549,69315,247638,11894085
epos_dataset_iii/0172.pose,8,8,168861909,64,89,11963502
epos_dataset_iii/0173.3d,8,8,4186001030,69450,248453,11963670
epos_dataset_iii/0173.pose,8,8,1452022577,64,89,12033222
epos_dataset_iii/0174.3d,8,8,333231847,69571,248870,12033390
epos_dataset_iii/0174.pose,8,8,3679734308,65,89,12103063
epos_dataset_iii/0175.3d,8,8,4079500235,69593,248933,12103232
epos_dataset_iii/0175.pose,8,8,1092113942,65,89,12172927
epos_dataset_iii/0176.3d,8,8,2858779563,69114,247282,12173096
epos_dataset_iii/0176.pose,8,8,886685862,64,89,12242312
epos_dataset_iii/0177.3d,8,8,648700850,69196,248119,12242480
epos_dataset_iii/0177.pose,8,8,2825886510,65,89,12311778
epos_dataset_iii/0178.3d,8,8,3163059601,69204,247508,12311947
epos_dataset_iii/0178.pose,8,8,52986021,65,89,12381253
epos_dataset_iii/0179.3d,8,8,2149161544,69328,248209,12381422
epos_dataset_iii/0179.pose,8,8,1960277679,64,89,12450852
epos_dataset_iii/0180.3d,8,8,2262290048,69181,247875,12451020
epos_dataset_iii/0180.pose,8,8,3706895515,65,89,12520303
epos_dataset_iii/0181.3d,8,8,1924045005,69475,249042,12520472
epos_dataset_iii/0181.pose,8,8,3223797721,65,89,12590049
epos_dataset_iii/0182.3d,8,8,565008848,69616,249783,12590218
epos_dataset_iii/0182.pose,8,8,2512586151,66,89,12659936
epos_dataset_iii/0183.3d,8,8,821857094,70163,251243,12660106
epos_dataset_iii/0183.pose,8,8,664528641,65,89,12730371
epos_dataset_iii/0184.3d,8,8,186544816,69391,249514,12730540
epos_dataset_iii/0184.pose,8,8,3812183599,64,89,12800033
epos_dataset_iii/0185.3d,8,8,3708858580,69724,250728,12800201
epos_dataset_iii/0185.pose,8,8,2799372157,65,89,12870027
epos_dataset_iii/0186.3d,8,8,3710335343,69644,250430,12870196
epos_dataset_iii/0186.pose,8,8,977725658,64,89,12939942
epos_dataset_iii/0187.3d,8,8,3199729609,70094,252469,12940110
epos_dataset_iii/0187.pose,8,8,1502220446,65,89,13010306
epos_dataset_iii/0188.3d,8,8,3379545765,69720,251154,13010475
epos_dataset_iii/0188.pose,8,8,2430466458,65,89,13080297
epos_dataset_iii/0189.3d,8,8,934388081,70465,253840,13080466
epos_dataset_iii/0189.pose,8,8,2160706485,64,89,13151033
epos_dataset_iii/0190.3d,8,8,3327047920,70331,253424,13151201
epos_dataset_iii/0190.pose,8,8,2251233808,65,89,13221634
epos_dataset_iii/0191.3d,8,8,1165995624,70367,252872,13221803
epos_dataset_iii/0191.pose,8,8,4227739762,66,89,13292272
epos_dataset_iii/0192.3d,8,8,2220950742,70808,254822,13292442
epos_dataset_iii/0192.pose,8,8,1596507400,65,89,13363352
epos_dataset_iii/0193.3d,8,8,933586373,69987,251141,13363521
epos_dataset_iii/0193.pose,8,8,2966209094,66,89,13433610
epos_dataset_iii/0194.3d,8,8,1857350128,69747,250170,13433780
epos_dataset_iii/0194.pose,8,8,1841119986,65,89,13503629
epos_dataset_iii/0195.3d,8,8,4144683913,69191,248229,13503798
epos_dataset_iii/0195.pose,8,8,1435312029,64,89,13573091
epos_dataset_iii/0196.3d,8,8,1100453745,69586,249237,13573259
epos_dataset_iii/0196.pose,8,8,572689964,63,89,13642947
epos_dataset_iii/0197.3d,8,8,328082921,68801,245929,13643114
epos_dataset_iii/0197.pose,8,8,1768355363,65,89,13712017
epos_dataset_iii/0198.3d,8,8,851067775,68818,245901,13712186
epos_dataset_iii/0198.pose,8,8,4259969136,64,89,13781106
epos_dataset_iii/0199.3d,8,8,1266095617,69133,247080,13781274
epos_dataset_iii/0199.pose,8,8,1124413679,64,89,13850509
epos_dataset_iii/0200.3d,8,8,4217290299,68480,244303,13850677
epos_dataset_iii/0200.pose,8,8,2167604252,65,89,13919259
epos_dataset_iii/0201.3d,8,8,1283611832,67749,241475,13919428
epos_dataset_iii/0201.pose,8,8,880513867,65,89,13987279
epos_dataset_iii/0202.3d,8,8,2236312045,66743,237033,13987448
epos_dataset_iii/0202.pose,8,8,659016901,65,89,14054293
epos_dataset_iii/0203.3d,8,8,1931890946,66326,235745,14054462
epos_dataset_iii/0203.pose,8,8,2423279403,65,89,14120890
epos_dataset_iii/0204.3d,8,8,2355902697,66012,234541,14121059
epos_dataset_iii/0204.pose,8,8,3749264748,65,89,14187173
epos_dataset_iii/0205.3d,8,8,2037871831,65705,233667,14187342
epos_dataset_iii/0205.pose,8,8,1972436769,66,89,14253149
epos_dataset_iii/0206.3d,8,8,968682927,66164,235289,14253319
epos_dataset_iii/0206.pose,8,8,1976814173,65,89,14319585
epos_dataset_iii/0207.3d,8,8,3437057542,65362,231837,14319754
epos_dataset_iii/0207.pose,8,8,2849448428,66,89,14385218
epos_dataset_iii/0208.3d,8,8,3071621142,64492,228549,14385388
epos_dataset_iii/0208.pose,8,8,3782120957,66,89,14449982
epos_dataset_iii/0209.3d,8,8,2891431447,63484,225211,14450152
epos_dataset_iii/0209.pose,8,8,3670720707,65,89,14513738
epos_dataset_iii/0210.3d,8,8,105982318,63597,225299,14513907
epos_dataset_iii/0210.pose,8,8,684106455,65,89,14577606
epos_dataset_iii/0211.3d,8,8,1469690782,62946,223437,14577775
epos_dataset_iii/0211.pose,8,8,604900469,66,89,14640823
epos_dataset_iii/0212.3d,8,8,1408370663,62713,222499,14640993
epos_dataset_iii/0212.pose,8,8,2420274998,65,89,14703808
epos_dataset_iii/0213.3d,8,8,3886193802,62464,221958,14703977
epos_dataset_iii/0213.pose,8,8,2614758128,65,89,14766543
epos_dataset_iii/0214.3d,8,8,1674554376,62662,222567,14766712
epos_dataset_iii/0214.pose,8,8,3570667490,65,89,14829476
epos_dataset_iii/0215.3d,8,8,3640361236,63180,224466,14829645
epos_dataset_iii/0215.pose,8,8,4221967068,66,89,14892927
epos_dataset_iii/0216.3d,8,8,1014267946,63838,227405,14893097
epos_dataset_iii/0216.pose,8,8,127888722,65,89,14957037
epos_dataset_iii/0217.3d,8,8,115589645,64387,229131,14957206
epos_dataset_iii/0217.pose,8,8,1200548681,64,89,15021695
epos_dataset_iii/0218.3d,8,8,3452666880,63739,226599,15021863
epos_dataset_iii/0218.pose,8,8,1681551501,66,89,15085704
epos_dataset_iii/0219.3d,8,8,1854499878,64013,227996,15085874
epos_dataset_iii/0219.pose,8,8,3019596736,65,89,15149989
epos_dataset_iii/0220.3d,8,8,232022496,64515,229579,15150158
epos_dataset_iii/0220.pose,8,8,3103684404,66,89,15214775
epos_dataset_iii/0221.3d,8,8,2782455293,65134,231960,15214945
epos_dataset_iii/0221.pose,8,8,2861493442,65,89,15280181
epos_dataset_iii/0222.3d,8,8,1472133630,65521,233673,15280350
epos_dataset_iii/0222.pose,8,8,2213979054,63,89,15345973
epos_dataset_iii/0223.3d,8,8,236770274,65829,234597,15346140
epos_dataset_iii/0223.pose,8,8,1685538418,66,89,15412071
epos_dataset_iii/0224.3d,8,8,386012371,65233,232724,15412241
epos_dataset_iii/0224.pose,8,8,2659081644,65,89,15477576
epos_dataset_iii/0225.3d,8,8,906806215,64881,231544,15477745
epos_dataset_iii/0225.pose,8,8,3317599926,64,89,15542728
epos_dataset_iii/0226.3d,8,8,1116824842,65316,233541,15542896
epos_dataset_iii/0226.pose,8,8,2228145246,64,89,15608314
epos_dataset_iii/0227.3d,8,8,3369681373,65573,234689,15608482
epos_dataset_iii/0227.pose,8,8,1068252140,66,89,15674157
epos_dataset_iii/0228.3d,8,8,4014860384,65225,233050,15674327
epos_dataset_iii/0228.pose,8,8,2058503766,64,90,15739654
epos_dataset_iii/0229.3d,8,8,325048504,65490,233794,15739822
epos_dataset_iii/0229.pose,8,8,3275803552,66,90,15805414
epos_dataset_iii/0230.3d,8,8,3141410001,64119,229015,15805584
epos_dataset_iii/0230.pose,8,8,4233553496,65,90,15869805
epos_dataset_iii/0231.3d,8,8,1824337557,64188,229224,15869974
epos_dataset_iii/0231.pose,8,8,1818928372,66,90,15934264
epos_dataset_iii/0232.3d,8,8,1764648727,63364,226748,15934434
epos_dataset_iii/0232.pose,8,8,2686506673,65,90,15997900
epos_dataset_iii/0233.3d,8,8,1365970310,64355,230293,15998069
epos_dataset_iii/0233.pose,8,8,1154508648,65,90,16062526
epos_dataset_iii/0234.3d,8,8,3871460223,65401,234554,16062695
epos_dataset_iii/0234.pose,8,8,989390322,64,88,16128198
epos_dataset_iii/0235.3d,8,8,1244093148,66013,236535,16128366
epos_dataset_iii/0235.pose,8,8,1282401431,64,88,16194481
epos_dataset_iii/0236.3d,8,8,1031873304,65860,236142,16194649
epos_dataset_iii/0236.pose,8,8,4014965993,64,88,16260611
epos_dataset_iii/0237.3d,8,8,4141167886,66024,236262,16260779
epos_dataset_iii/0237.pose,8,8,2640635635,63,88,16326905
epos_dataset_iii/0238.3d,8,8,3357469043,65902,236159,16327072
epos_dataset_iii/0238.pose,8,8,1382622826,64,88,16393076
epos_dataset_iii/0239.3d,8,8,2893803868,65772,235453,16393244
epos_dataset_iii/0239.pose,8,8,4020174597,63,88,16459118
epos_dataset_iii/0240.3d,8,8,2743177395,67516,241962,16459285
epos_dataset_iii/0240.pose,8,8,451675341,63,88,16526903
epos_dataset_iii/0241.3d,8,8,2632739778,68758,246163,16527070
epos_dataset_iii/0241.pose,8,8,125426818,64,88,16595930
epos_dataset_iii/0242.3d,8,8,4180751476,69775,249897,16596098
epos_dataset_iii/0242.pose,8,8,1230945743,64,88,16665975
epos_dataset_iii/0243.3d,8,8,760181832,69160,247365,16666143
epos_dataset_iii/0243.pose,8,8,2569027850,64,88,16735405
epos_dataset_iii/0244.3d,8,8,2585997309,69257,247888,16735573
epos_dataset_iii/0244.pose,8,8,2824378594,64,88,16804932
epos_dataset_iii/0245.3d,8,8,1524220573,70200,251117,16805100
epos_dataset_iii/0245.pose,8,8,3917154061,63,88,16875402
epos_dataset_iii/0246.3d,8,8,3024611318,70554,252569,16875569
epos_dataset_iii/0246.pose,8,8,3584801595,65,88,16946225
epos_dataset_iii/0247.3d,8,8,3549101200,71253,255068,16946394
epos_dataset_iii/0247.pose,8,8,4133173223,64,88,17017749
epos_dataset_iii/0248.3d,8,8,1915944219,70733,253014,17017917
epos_dataset_iii/0248.pose,8,8,2544425875,63,88,17088752
epos_dataset_iii/0249.3d,8,8,1917881760,70501,251901,17088919
epos_dataset_iii/0249.pose,8,8,2794423261,65,88,17159522
epos_dataset_iii/0250.3d,8,8,3224661204,70445,251169,17159691
epos_dataset_iii/0250.pose,8,8,3845482338,63,88,17230238
epos_dataset_iii/0251.3d,8,8,4166169369,69439,247843,17230405
epos_dataset_iii/0251.pose,8,8,2061679737,65,88,17299946
epos_dataset_iii/0252.3d,8,8,2908995167,68918,245662,17300115
epos_dataset_iii/0252.pose,8,8,2086250646,65,88,17369135
epos_dataset_iii/0253.3d,8,8,2083211428,68171,242621,17369304
epos_dataset_iii/0253.pose,8,8,109096368,63,88,17437577
epos_dataset_iii/0254.3d,8,8,1460881819,68614,244278,17437744
epos_dataset_iii/0254.pose,8,8,3319830275,62,88,17506460
epos_dataset_iii/0255.3d,8,8,2984599434,68386,242787,17506626
epos_dataset_iii/0255.pose,8,8,357202061,64,88,17575114
epos_dataset_iii/0256.3d,8,8,180529842,68558,244026,17575282
epos_dataset_iii/0256.pose,8,8,1884390152,63,88,17643942
epos_dataset_iii/0257.3d,8,8,2656631023,68628,243984,17644109
epos_dataset_iii/0257.pose,8,8,3221334196,63,88,17712839
epos_dataset_iii/0258.3d,8,8,1091129218,68970,245708,17713006
epos_dataset_iii/0258.pose,8,8,2677627883,64,88,17782078
epos_dataset_iii/0259.3d,8,8,2214597255,70397,250592,17782246
epos_dataset_iii/0259.pose,8,8,3656550595,64,88,17852745
epos_dataset_iii/0260.3d,8,8,2424493865,71102,253887,17852913
epos_dataset_iii/0260.pose,8,8,703306552,64,88,17924117
epos_dataset_iii/0261.3d,8,8,4031499025,72765,259991,17924285
epos_dataset_iii/0261.pose,8,8,2759875221,64,88,17997152
epos_dataset_iii/0262.3d,8,8,3420473418,72571,259864,17997320
epos_dataset_iii/0262.pose,8,8,2937544185,64,88,18069993
epos_dataset_iii/0263.3d,8,8,3389879610,72725,260036,18070161
epos_dataset_iii/0263.pose,8,8,2078225243,65,88,18142988
epos_dataset_iii/0264.3d,8,8,3542267145,71618,255612,18143157
epos_dataset_iii/0264.pose,8,8,2535737718,64,88,18214877
epos_dataset_iii/0265.3d,8,8,2412967618,71037,253831,18215045
epos_dataset_iii/0265.pose,8,8,2110503383,64,88,18286184
epos_dataset_iii/0266.3d,8,8,2188893853,71140,253796,18286352
epos_dataset_iii/0266.pose,8,8,2650622904,65,89,18357594
epos_dataset_iii/0267.3d,8,8,2478419995,70930,253044,18357763
epos_dataset_iii/0267.pose,8,8,149299901,65,89,18428795
epos_dataset_iii/0268.3d,8,8,174120678,71072,253259,18428964
epos_dataset_iii/0268.pose,8,8,1792840898,65,89,18500138
epos_dataset_iii/0269.3d,8,8,1439517546,71054,252867,18500307
epos_dataset_iii/0269.pose,8,8,463189510,64,89,18571463
epos_dataset_iii/0270.3d,8,8,1053387960,71072,253221,18571631
epos_dataset_iii/0270.pose,8,8,3108825765,65,89,18642805
epos_dataset_iii/0271.3d,8,8,618128671,70715,252290,18642974
epos_dataset_iii/0271.pose,8,8,2480104255,63,89,18713791
epos_dataset_iii/0272.3d,8,8,1981460772,71329,254127,18713958
epos_dataset_iii/0272.pose,8,8,619278349,63,89,18785389
epos_dataset_iii/0273.3d,8,8,3393353754,72904,259730,18785556
epos_dataset_iii/0273.pose,8,8,607009881,65,89,18858562
epos_dataset_iii/0274.3d,8,8,4095885605,73901,263382,18858731
epos_dataset_iii/0274.pose,8,8,2162870831,64,89,18932734
epos_dataset_iii/0275.3d,8,8,3893304723,69004,246116,18932902
epos_dataset_iii/0275.pose,8,8,3276109529,64,89,19002008
epos_dataset_iii/0276.3d,8,8,3510528229,69390,247698,19002176
epos_dataset_iii/0276.pose,8,8,3083817839,65,89,19071668
epos_dataset_iii/0277.3d,8,8,216825511,70086,250241,19071837
epos_dataset_iii/0277.pose,8,8,1413329386,64,89,19142025
epos_dataset_iii/0278.3d,8,8,1088994683,70534,251511,19142193
epos_dataset_iii/0278.pose,8,8,4020988227,64,89,19212829
epos_dataset_iii/0279.3d,8,8,4085502458,72192,257581,19212997
epos_dataset_iii/0279.pose,8,8,1169824207,65,89,19285291
epos_dataset_iii/0280.3d,8,8,1915714726,73374,262512,19285460
epos_dataset_iii/0280.pose,8,8,39303950,63,89,19358936
epos_dataset_iii/0281.3d,8,8,215911288,74840,267244,19359103
epos_dataset_iii/0281.pose,8,8,690648234,64,89,19434045
epos_dataset_iii/0282.3d,8,8,3127270488,66705,237996,19434213
epos_dataset_iii/0282.pose,8,8,4061419,65,89,19501020
epos_dataset_iii/0283.3d,8,8,1752970258,67039,239217,19501189
epos_dataset_iii/0283.pose,8,8,4128505312,64,89,19568330
epos_dataset_iii/0284.3d,8,8,3205433056,66970,239041,19568498
epos_dataset_iii/0284.pose,8,8,2652609538,64,89,19635570
epos_dataset_iii/0285.3d,8,8,2719660151,66753,238210,19635738
epos_dataset_iii/0285.pose,8,8,12357612,62,89,19702593
epos_dataset_iii/0286.3d,8,8,2824530955,68013,242482,19702759
epos_dataset_iii/0286.pose,8,8,1496360219,64,89,19770874
epos_dataset_iii/0287.3d,8,8,3887638255,68775,245529,19771042
epos_dataset_iii/0287.pose,8,8,573126069,64,89,19839919
epos_dataset_iii/0288.3d,8,8,2980216269,68610,245121,19840087
epos_dataset_iii/0288.pose,8,8,875959855,63,89,19908799
epos_dataset_iii/0289.3d,8,8,2075388323,69027,246260,19908966
epos_dataset_iii/0289.pose,8,8,2264265885,63,89,19978095
epos_dataset_iii/0290.3d,8,8,2331361924,68599,244820,19978262
epos_dataset_iii/0290.pose,8,8,2669095173,62,89,20046963
epos_dataset_iii/0291.3d,8,8,4049434520,68116,243267,20047129
epos_dataset_iii/0291.pose,8,8,1959841301,65,89,20115347
epos_dataset_iii/0292.3d,8,8,2784294834,67710,241025,20115516
epos_dataset_iii/0292.pose,8,8,3949133723,65,89,20183328
epos_dataset_iii/0293.3d,8,8,74606787,67453,240415,20183497
epos_dataset_iii/0293.pose,8,8,430866242,63,88,20251052
epos_dataset_iii/0294.3d,8,8,356449667,67131,238817,20251219
epos_dataset_iii/0294.pose,8,8,462915235,63,88,20318452
epos_dataset_iii/0295.3d,8,8,6665984,66629,236891,20318619
epos_dataset_iii/0295.pose,8,8,2112251988,62,88,20385350
epos_dataset_iii/0296.3d,8,8,1844469162,66682,236960,20385516
epos_dataset_iii/0296.pose,8,8,588707567,65,88,20452300
epos_dataset_iii/0297.3d,8,8,697732181,66523,236455,20452469
epos_dataset_iii/0297.pose,8,8,130589283,64,88,20519094
epos_dataset_iii/0298.3d,8,8,1804519604,65673,233086,20519262
epos_dataset_iii/0298.pose,8,8,3742290510,63,88,20585037
epos_dataset_iii/0299.3d,8,8,784058241,65843,233561,20585204
epos_dataset_iii/0299.pose,8,8,1098326325,65,88,20651149
epos_dataset_iii/0300.3d,8,8,2694581110,66289,234953,20651318
epos_dataset_iii/0300.pose,8,8,1252577082,64,88,20717709
epos_dataset_iii/0301.3d,8,8,2238602892,66882,237010,20717877
epos_dataset_iii/0301.pose,8,8,3181480613,64,88,20784861
epos_dataset_iii/0302.3d,8,8,213168407,65945,233228,20785029
epos_dataset_iii/0302.pose,8,8,2918723070,64,88,20851076
epos_dataset_iii/0303.3d,8,8,989348413,65314,231670,20851244
epos_dataset_iii/0303.pose,8,8,297939107,65,88,20916660
epos_dataset_iii/0304.3d,8,8,2284551488,65419,231888,20916829
epos_dataset_iii/0304.pose,8,8,3236206392,64,88,20982350
epos_dataset_iii/0305.3d,8,8,1918745148,65914,233417,20982518
epos_dataset_iii/0305.pose,8,8,2025501950,64,88,21048534
epos_dataset_iii/0306.3d,8,8,3669361020,66320,235366,21048702
epos_dataset_iii/0306.pose,8,8,1048082782,65,88,21115124
epos_dataset_iii/0307.3d,8,8,1559225652,66915,237149,21115293
epos_dataset_iii/0307.pose,8,8,3523619211,62,88,21182310
epos_dataset_iii/0308.3d,8,8,572525531,67705,240539,21182476
epos_dataset_iii/0308.pose,8,8,286451896,63,88,21250283
epos_dataset_iii/0309.3d,8,8,1815765320,67922,241439,21250450
epos_dataset_iii/0309.pose,8,8,3305351718,64,88,21318474
epos_dataset_iii/0310.3d,8,8,399188817,68908,245306,21318642
epos_dataset_iii/0310.pose,8,8,2745839925,64,88,21387652
epos_dataset_iii/0311.3d,8,8,3703657550,69694,248537,21387820
epos_dataset_iii/0311.pose,8,8,2537522713,62,88,21457616
epos_dataset_iii/0312.3d,8,8,3504378546,70325,250751,21457782
epos_dataset_iii/0312.pose,8,8,1808846291,64,88,21528209
epos_dataset_iii/0313.3d,8,8,2667263243,71320,254724,21528377
epos_dataset_iii/0313.pose,8,8,989660303,63,88,21599799
epos_dataset_iii/0314.3d,8,8,575441903,72155,257491,21599966
epos_dataset_iii/0314.pose,8,8,4143946926,62,88,21672223
epos_dataset_iii/0315.3d,8,8,571104879,73029,261232,21672389
epos_dataset_iii/0315.pose,8,8,1973441097,64,88,21745520
epos_dataset_iii/0316.3d,8,8,1004930252,74084,264937,21745688
epos_dataset_iii/0316.pose,8,8,4280815560,63,88,21819874
epos_dataset_iii/0317.3d,8,8,2249853824,67439,241412,21820041
epos_dataset_iii/0317.pose,8,8,553066663,62,88,21887582
epos_dataset_iii/0318.3d,8,8,2418679834,68490,244514,21887748
epos_dataset_iii/0318.pose,8,8,3176434598,63,88,21956340
epos_dataset_iii/0319.3d,8,8,1489056536,68436,244566,21956507
epos_dataset_iii/0319.pose,8,8,25864909,63,88,22025045
epos_dataset_iii/0320.3d,8,8,3743205190,69916,250165,22025212
epos_dataset_iii/0320.pose,8,8,3526484364,62,88,22095230
epos_dataset_iii/0321.3d,8,8,3313677437,70280,251192,22095396
epos_dataset_iii/0321.pose,8,8,2605697193,64,88,22165778
epos_dataset_iii/0322.3d,8,8,1184930459,70171,251051,22165946
epos_dataset_iii/0322.pose,8,8,3695605908,64,88,22236219
epos_dataset_iii/0323.3d,8,8,2789636286,70510,251913,22236387
epos_dataset_iii/0323.pose,8,8,401201913,64,88,22306999
epos_dataset_iii/0324.3d,8,8,4044077411,70230,251065,22307167
epos_dataset_iii/0324.pose,8,8,2425137080,64,88,22377499
epos_dataset_iii/0325.3d,8,8,1740334924,70404,251967,22377667
epos_dataset_iii/0325.pose,8,8,3103186702,65,88,22448173
epos_dataset_iii/0326.3d,8,8,919744560,69176,247579,22448342
epos_dataset_iii/0326.pose,8,8,732861538,64,88,22517620
epos_dataset_iii/0327.3d,8,8,2831655655,69990,250119,22517788
epos_dataset_iii/0327.pose,8,8,912669177,64,88,22587880
epos_dataset_iii/0328.3d,8,8,17341750,69697,249262,22588048
epos_dataset_iii/0328.pose,8,8,3583090960,65,88,22657847
epos_dataset_iii/0329.3d,8,8,2219443079,69627,248958,22658016
epos_dataset_iii/0329.pose,8,8,3408767906,64,88,22727745
epos_dataset_iii/0330.3d,8,8,1102242028,69746,249730,22727913
epos_dataset_iii/0330.pose,8,8,2288655892,64,88,22797761
epos_dataset_iii/0331.3d,8,8,217676222,70084,250731,22797929
epos_dataset_iii/0331.pose,8,8,2809496545,64,88,22868115
epos_dataset_iii/0332.3d,8,8,1961793778,70463,252369,22868283
epos_dataset_iii/0332.pose,8,8,1063151135,64,88,22938848
epos_dataset_iii/0333.3d,8,8,38297242,70496,252318,22939016
epos_dataset_iii/0333.pose,8,8,1630385677,62,88,23009614
epos_dataset_iii/0334.3d,8,8,361394583,70348,251677,23009780
epos_dataset_iii/0334.pose,8,8,1976772812,64,88,23080230
epos_dataset_iii/0335.3d,8,8,1053155895,70795,253221,23080398
epos_dataset_iii/0335.pose,8,8,1686715189,64,88,23151295
epos_dataset_iii/0336.3d,8,8,906001539,70267,251531,23151463
epos_dataset_iii/0336.pose,8,8,226225097,64,88,23221832
epos_dataset_iii/0337.3d,8,8,1648179849,70786,253250,23222000
epos_dataset_iii/0337.pose,8,8,2165016700,65,88,23292888
epos_dataset_iii/0338.3d,8,8,3156150309,70386,251709,23293057
epos_dataset_iii/0338.pose,8,8,924555952,65,88,23363545
epos_dataset_iii/0339.3d,8,8,421585929,70817,253443,23363714
epos_dataset_iii/0339.pose,8,8,2358040252,65,88,23434633
epos_dataset_iii/0340.3d,8,8,824858677,70720,253119,23434802
epos_dataset_iii/0340.pose,8,8,3322320903,64,88,23505624
epos_dataset_iii/0341.3d,8,8,1600903408,71020,253786,23505792
epos_dataset_iii/0341.pose,8,8,3998842857,64,88,23576914
epos_dataset_iii/0342.3d,8,8,1754358458,70921,253716,23577082
epos_dataset_iii/0342.pose,8,8,831531369,64,88,23648105
epos_dataset_iii/0343.3d,8,8,3170864005,71100,254323,23648273
epos_dataset_iii/0343.pose,8,8,578020455,64,88,23719475
epos_dataset_iii/0344.3d,8,8,2945872150,71229,254983,23719643
epos_dataset_iii/0344.pose,8,8,1985900526,62,88,23790974
epos_dataset_iii/0345.3d,8,8,1172637658,71615,256504,23791140
epos_dataset_iii/0345.pose,8,8,2413226013,62,88,23862857
epos_dataset_iii/0346.3d,8,8,4065992042,71793,257264,23863023
epos_dataset_iii/0346.pose,8,8,3021305539,63,88,23934918
epos_dataset_iii/0347.3d,8,8,3958358402,72145,257961,23935085
epos_dataset_iii/0347.pose,8,8,4082891055,62,88,24007332
epos_dataset_iii/0348.3d,8,8,2619634779,71893,257819,24007498
epos_dataset_iii/0348.pose,8,8,3459823928,65,88,24079493
epos_dataset_iii/0349.3d,8,8,1205925040,72572,260140,24079662
epos_dataset_iii/0349.pose,8,8,616970503,64,88,24152336
epos_dataset_iii/0350.3d,8,8,3978796618,72377,259059,24152504
epos_dataset_iii/0350.pose,8,8,996644699,63,88,24224983
epos_dataset_iii/0351.3d,8,8,1969207500,72939,261475,24225150
epos_dataset_iii/0351.pose,8,8,222631543,64,88,24298191
epos_dataset_iii/0352.3d,8,8,2574570659,72967,261599,24298359
epos_dataset_iii/0352.pose,8,8,4293994364,63,88,24371428
epos_dataset_iii/0353.3d,8,8,1706499469,72963,261460,24371595
epos_dataset_iii/0353.pose,8,8,2129391620,64,88,24444660
epos_dataset_iii/0354.3d,8,8,2731737293,73492,263253,24444828
epos_dataset_iii/0354.pose,8,8,823644648,65,88,24518422
epos_dataset_iii/0355.3d,8,8,2387160917,73197,262663,24518591
epos_dataset_iii/0355.pose,8,8,1391119680,65,88,24591890
epos_dataset_iii/0356.3d,8,8,3870423499,74192,266025,24592059
epos_dataset_iii/0356.pose,8,8,2461851847,65,88,24666353
epos_dataset_iii/0357.3d,8,8,4193608946,66689,239196,24666522
epos_dataset_iii/0357.pose,8,8,646569157,64,88,24733313
epos_dataset_iii/0358.3d,8,8,3473419674,66799,239271,24733481
epos_dataset_iii/0358.pose,8,8,3689779674,63,88,24800382
epos_dataset_iii/0359.3d,8,8,3945642342,66768,239301,24800549
epos_dataset_iii/0359.pose,8,8,718554738,64,88,24867419
epos_dataset_iii/0360.3d,8,8,1636474640,67074,240520,24867587
epos_dataset_iii/0360.pose,8,8,1536750052,65,88,24934763
epos_dataset_iii/0361.3d,8,8,423633894,67440,241420,24934932
epos_dataset_iii/0361.pose,8,8,1870902525,63,88,25002474
epos_dataset_iii/0362.3d,8,8,3399662194,67458,241408,25002641
epos_dataset_iii/0362.pose,8,8,814750125,64,88,25070201
epos_dataset_iii/0363.3d,8,8,96638613,67813,242875,25070369
epos_dataset_iii/0363.pose,8,8,2205381770,63,88,25138284
epos_dataset_iii/0364.3d,8,8,3647879293,67621,241959,25138451
epos_dataset_iii/0364.pose,8,8,2767689465,64,88,25206174
epos_dataset_iii/0365.3d,8,8,2731873698,68048,243534,25206342
epos_dataset_iii/0365.pose,8,8,1935459646,63,88,25274492
epos_dataset_iii/0366.3d,8,8,405403514,68130,243933,25274659
epos_dataset_iii/0366.pose,8,8,1114594992,63,88,25342891
epos_dataset_iii/0367.3d,8,8,1349188061,68647,245539,25343058
epos_dataset_iii/0367.pose,8,8,499762841,61,88,25411807
epos_dataset_iii/0368.3d,8,8,1716952066,68656,245684,25411972
epos_dataset_iii/0368.pose,8,8,3965657870,65,88,25480730
epos_dataset_iii/0369.3d,8,8,38211878,68343,244824,25480899
epos_dataset_iii/0369.pose,8,8,1216098375,63,88,25549344
epos_dataset_iii/0370.3d,8,8,1108950423,68681,245868,25549511
epos_dataset_iii/0370.pose,8,8,3043885896,65,88,25618294
epos_dataset_iii/0371.3d,8,8,236514366,68745,246271,25618463
epos_dataset_iii/0371.pose,8,8,2419869057,63,88,25687310
epos_dataset_iii/0372.3d,8,8,2840735477,69094,247255,25687477
epos_dataset_iii/0372.pose,8,8,1551234352,63,88,25756673
epos_dataset_iii/0373.3d,8,8,2116610113,69544,248582,25756840
epos_dataset_iii/0373.pose,8,8,2668171889,63,88,25826486
epos_dataset_iii/0374.3d,8,8,3829555538,69262,248287,25826653
epos_dataset_iii/0374.pose,8,8,54467469,64,88,25896017
epos_dataset_iii/0375.3d,8,8,1823638260,69262,248360,25896185
epos_dataset_iii/0375.pose,8,8,836316808,63,88,25965549
epos_dataset_iii/0376.3d,8,8,3821832992,69468,248675,25965716
epos_dataset_iii/0376.pose,8,8,4009761683,64,88,26035286
epos_dataset_iii/0377.3d,8,8,3052618487,69398,248572,26035454
epos_dataset_iii/0377.pose,8,8,3257842002,64,88,26104954
epos_dataset_iii/0378.3d,8,8,312825564,70238,250999,26105122
epos_dataset_iii/0378.pose,8,8,4282837158,64,88,26175462
epos_dataset_iii/0379.3d,8,8,4253551263,70494,251928,26175630
epos_dataset_iii/0379.pose,8,8,215864717,63,88,26246226
epos_dataset_iii/0380.3d,8,8,4117880175,69898,250253,26246393
epos_dataset_iii/0380.pose,8,8,4290623843,65,88,26316393
epos_dataset_iii/0381.3d,8,8,233501176,70192,250945,26316562
epos_dataset_iii/0381.pose,8,8,2408443682,63,88,26386856
epos_dataset_iii/0382.3d,8,8,3111749497,70156,251006,26387023
epos_dataset_iii/0382.pose,8,8,1537961216,64,88,26457281
epos_dataset_iii/0383.3d,8,8,3414492705,70510,251466,26457449
epos_dataset_iii/0383.pose,8,8,1013156307,63,88,26528061
epos_dataset_iii/0384.3d,8,8,2225637772,70923,252990,26528228
epos_dataset_iii/0384.pose,8,8,1533651121,63,88,26599253
epos_dataset_iii/0385.3d,8,8,3442011575,70408,251481,26599420
epos_dataset_iii/0385.pose,8,8,220905413,63,88,26669930
epos_dataset_iii/0386.3d,8,8,100553754,70921,252369,26670097
epos_dataset_iii/0386.pose,8,8,1766657342,63,88,26741120
epos_dataset_iii/0387.3d,8,8,4188044288,70605,251267,26741287
epos_dataset_iii/0387.pose,8,8,2931055037,65,88,26811994
epos_dataset_iii/0388.3d,8,8,3280285339,71018,252741,26812163
epos_dataset_iii/0388.pose,8,8,402751249,64,88,26883283
epos_dataset_iii/0389.3d,8,8,2809332370,71080,252691,26883451
epos_dataset_iii/0389.pose,8,8,3067787536,63,88,26954633
epos_dataset_iii/0390.3d,8,8,405700758,71237,253258,26954800
epos_dataset_iii/0390.pose,8,8,3279526587,63,88,27026139
epos_dataset_iii/0391.3d,8,8,2534218137,71117,252812,27026306
epos_dataset_iii/0391.pose,8,8,4287692038,65,88,27097525
epos_dataset_iii/0392.3d,8,8,248466273,71037,252082,27097694
epos_dataset_iii/0392.pose,8,8,3543429313,63,88,27168833
epos_dataset_iii/0393.3d,8,8,4157176059,70730,251157,27169000
epos_dataset_iii/0393.pose,8,8,558655957,65,88,27239832
epos_dataset_iii/0394.3d,8,8,1334881169,71091,252318,27240001
epos_dataset_iii/0394.pose,8,8,1763354444,63,88,27311194
epos_dataset_iii/0395.3d,8,8,1141737991,70994,251911,27311361
epos_dataset_iii/0395.pose,8,8,832289985,63,88,27382457
epos_dataset_iii/0396.3d,8,8,1832209000,71146,252037,27382624
epos_dataset_iii/0396.pose,8,8,1470396896,64,88,27453872
epos_dataset_iii/0397.3d,8,8,3343617517,70817,250826,27454040
epos_dataset_iii/0397.pose,8,8,2658277568,63,88,27524959
epos_dataset_iii/0398.3d,8,8,1306981634,71141,251692,27525126
epos_dataset_iii/0398.pose,8,8,37904606,63,88,27596369
epos_dataset_iii/0399.3d,8,8,2435264640,70713,250163,27596536
epos_dataset_iii/0399.pose,8,8,3816115805,65,88,27667351
epos_dataset_iii/0400.3d,8,8,527711803,71001,251360,27667520
epos_dataset_iii/0400.pose,8,8,2590486714,61,88,27738623
epos_dataset_iii/0401.3d,8,8,550617717,71187,251198,27738788
epos_dataset_iii/0401.pose,8,8,4275166883,63,88,27810077
epos_dataset_iii/0402.3d,8,8,2740273512,70592,249682,27810244
epos_dataset_iii/0402.pose,8,8,3723302,65,88,27880938
epos_dataset_iii/0403.3d,8,8,3473624902,70150,247878,27881107
epos_dataset_iii/0403.pose,8,8,3887613922,64,88,27951359
epos_dataset_iii/0404.3d,8,8,3153722074,69516,245360,27951527
epos_dataset_iii/0404.pose,8,8,3113471559,62,88,28021145
epos_dataset_iii/0405.3d,8,8,1555577143,69576,245134,28021311
epos_dataset_iii/0405.pose,8,8,3373245395,63,88,28090989
epos_dataset_iii/0406.3d,8,8,3676681988,68876,242589,28091156
epos_dataset_iii/0406.pose,8,8,284537875,64,88,28160134
epos_dataset_iii/0407.3d,8,8,3886354999,68314,239928,28160302
epos_dataset_iii/0407.pose,8,8,2269072857,62,88,28228718
epos_dataset_iii/0408.3d,8,8,3655244855,67594,237159,28228884
epos_dataset_iii/0408.pose,8,8,1561037222,64,88,28296580
epos_dataset_iii/0409.3d,8,8,2435165934,66840,234845,28296748
epos_dataset_iii/0409.pose,8,8,3830669413,62,88,28363690
epos_dataset_iii/0410.3d,8,8,2160339423,66047,231735,28363856
epos_dataset_iii/0410.pose,8,8,2053559457,65,88,28430005
epos_dataset_iii/0411.3d,8,8,3079521665,65349,229005,28430174
epos_dataset_iii/0411.pose,8,8,1314770491,64,88,28495625
epos_dataset_iii/0412.3d,8,8,990550985,64874,227123,28495793
epos_dataset_iii/0412.pose,8,8,4214628688,63,88,28560769
epos_dataset_iii/0413.3d,8,8,3407053128,64733,226326,28560936
epos_dataset_iii/0413.pose,8,8,2649037048,64,88,28625771
epos_dataset_iii/0414.3d,8,8,1644700274,63426,221795,28625939
epos_dataset_iii/0414.pose,8,8,503998822,64,88,28689467
epos_dataset_iii/0415.3d,8,8,2234037139,63044,219759,28689635
epos_dataset_iii/0415.pose,8,8,3353473405,64,88,28752781
epos_dataset_iii/0416.3d,8,8,1730755810,62220,216811,28752949
epos_dataset_iii/0416.pose,8,8,1778840929,63,88,28815271
epos_dataset_iii/0417.3d,8,8,3323242147,61893,215352,28815438
epos_dataset_iii/0417.pose,8,8,3532278682,64,88,28877433
epos_dataset_iii/0418.3d,8,8,220619014,61558,214404,28877601
epos_dataset_iii/0418.pose,8,8,166502058,63,88,28939261
epos_dataset_iii/0419.3d,8,8,3227292608,60624,211380,28939428
epos_dataset_iii/0419.pose,8,8,913247854,63,88,29000154
epos_dataset_iii/0420.3d,8,8,3224669651,60443,210461,29000321
epos_dataset_iii/0420.pose,8,8,129959932,65,88,29060866
epos_dataset_iii/0421.3d,8,8,294984928,59733,207621,29061035
epos_dataset_iii/0421.pose,8,8,42826048,62,88,29120870
epos_dataset_iii/0422.3d,8,8,1421041443,58743,204884,29121036
epos_dataset_iii/0422.pose,8,8,998320136,63,88,29179881
epos_dataset_iii/0423.3d,8,8,2857268295,65709,228551,29180048
epos_dataset_iii/0423.pose,8,8,2132954915,63,88,29245859
epos_dataset_iii/0424.3d,8,8,2306160899,65558,227952,29246026
epos_dataset_iii/0424.pose,8,8,2685179878,65,88,29311686
epos_dataset_iii/0425.3d,8,8,3216904746,63890,221848,29311855
epos_dataset_iii/0425.pose,8,8,1732966836,63,88,29375847
epos_dataset_iii/0426.3d,8,8,867522774,63748,221440,29376014
epos_dataset_iii/0426.pose,8,8,347553596,64,88,29439864
epos_dataset_iii/0427.3d,8,8,1002805994,62084,215655,29440032
epos_dataset_iii/0427.pose,8,8,3241963209,63,88,29502218
epos_dataset_iii/0428.3d,8,8,1331173939,61387,212865,29502385
epos_dataset_iii/0428.pose,8,8,256244465,64,88,29563874
epos_dataset_iii/0429.3d,8,8,1240897124,60229,208488,29564042
epos_dataset_iii/0429.pose,8,8,1333431964,64,88,29624373
epos_dataset_iii/0430.3d,8,8,483817113,60077,208115,29624541
epos_dataset_iii/0430.pose,8,8,3520198388,63,88,29684720
epos_dataset_iii/0431.3d,8,8,2361002873,58840,203058,29684887
epos_dataset_iii/0431.pose,8,8,2064145377,62,88,29743829
epos_dataset_iii/0432.3d,8,8,445366895,64825,224268,29743995
epos_dataset_iii/0432.pose,8,8,2555440518,64,88,29808922
epos_dataset_iii/0433.3d,8,8,2105327993,64923,224215,29809090
epos_dataset_iii/0433.pose,8,8,3337525244,65,88,29874115
epos_dataset_iii/0434.3d,8,8,4133199662,62968,217757,29874284
epos_dataset_iii/0434.pose,8,8,3698538577,63,87,29937354
epos_dataset_iii/0435.3d,8,8,4190623263,62580,216271,29937521
epos_dataset_iii/0435.pose,8,8,2149768430,63,87,30000203
epos_dataset_iii/0436.3d,8,8,3854742394,61538,212619,30000370
epos_dataset_iii/0436.pose,8,8,2472443524,62,87,30062010
epos_dataset_iii/0437.3d,8,8,1060940337,60993,211010,30062176
epos_dataset_iii/0437.pose,8,8,4029650771,63,87,30123271
epos_dataset_iii/0438.3d,8,8,3986510193,59582,205806,30123438
epos_dataset_iii/0438.pose,8,8,1973294982,64,87,30183122
epos_dataset_iii/0439.3d,8,8,1553875250,65463,226471,30183290
epos_dataset_iii/0439.pose,8,8,922798561,64,87,30248855
epos_dataset_iii/0440.3d,8,8,3079779742,63872,220839,30249023
epos_dataset_iii/0440.pose,8,8,475547028,62,87,30312997
epos_dataset_iii/0441.3d,8,8,3722598029,63307,218615,30313163
epos_dataset_iii/0441.pose,8,8,2453036215,62,87,30376572
epos_dataset_iii/0442.3d,8,8,2250790479,62705,216984,30376738
epos_dataset_iii/0442.pose,8,8,3743505227,65,87,30439545
epos_dataset_iii/0443.3d,8,8,904245988,62999,217811,30439714
epos_dataset_iii/0443.pose,8,8,2298122745,64,87,30502815
epos_dataset_iii/0444.3d,8,8,3174917853,62173,215580,30502983
epos_dataset_iii/0444.pose,8,8,1338703234,64,87,30565258
epos_dataset_iii/0445.3d,8,8,4197763733,64349,223159,30565426
epos_dataset_iii/0445.pose,8,8,3548926209,65,87,30629877
epos_dataset_iii/0446.3d,8,8,1066506926,64827,224989,30630046
epos_dataset_iii/0446.pose,8,8,3998978246,63,87,30694975
epos_dataset_iii/0447.3d,8,8,994077582,64634,224726,30695142
epos_dataset_iii/0447.pose,8,8,4262876267,63,87,30759878
epos_dataset_iii/0448.3d,8,8,2400713912,65436,227865,30760045
epos_dataset_iii/0448.pose,8,8,1714017441,63,87,30825583
epos_dataset_iii/0449.3d,8,8,3288035848,67130,233220,30825750
epos_dataset_iii/0449.pose,8,8,3747351944,65,87,30892982
epos_dataset_iii/0450.3d,8,8,1398032568,67584,235132,30893151
epos_dataset_iii/0450.pose,8,8,1748474049,64,87,30960837
epos_dataset_iii/0451.3d,8,8,3155055202,69300,241520,30961005
epos_dataset_iii/0451.pose,8,8,1244105662,63,87,31030407
epos_dataset_iii/0452.3d,8,8,2200643627,70568,245965,31030574
epos_dataset_iii/0452.pose,8,8,111781644,64,87,31101244
epos_dataset_iii/0453.3d,8,8,1652380007,72298,252080,31101412
epos_dataset_iii/0453.pose,8,8,705452059,63,87,31173812
epos_dataset_iii/0454.3d,8,8,4226873917,74291,259005,31173979
epos_dataset_iii/0454.pose,8,8,2397064967,64,87,31248372
epos_dataset_iii/0455.3d,8,8,3682416439,67098,233926,31248540
epos_dataset_iii/0455.pose,8,8,3806996270,62,87,31315740
epos_dataset_iii/0456.3d,8,8,909154633,68355,237940,31315906
epos_dataset_iii/0456.pose,8,8,1733091520,63,87,31384363
epos_dataset_iii/0457.3d,8,8,645278347,68346,238870,31384530
epos_dataset_iii/0457.pose,8,8,3193508205,64,87,31452978
epos_dataset_iii/0458.3d,8,8,2654836481,69593,243213,31453146
epos_dataset_iii/0458.pose,8,8,2331695100,63,87,31522841
epos_dataset_iii/0459.3d,8,8,1610758613,68837,240556,31523008
epos_dataset_iii/0459.pose,8,8,3797829647,62,87,31591947
epos_dataset_iii/0460.3d,8,8,934200976,69249,242314,31592113
epos_dataset_iii/0460.pose,8,8,1842284970,63,87,31661464
epos_dataset_iii/0461.3d,8,8,1472121045,69087,241968,31661631
epos_dataset_iii/0461.pose,8,8,3107581414,64,87,31730820
epos_dataset_iii/0462.3d,8,8,2941378053,68798,241220,31730988
epos_dataset_iii/0462.pose,8,8,3381153574,63,87,31799888
epos_dataset_iii/0463.3d,8,8,3093560058,68706,240452,31800055
epos_dataset_iii/0463.pose,8,8,1836982346,61,87,31868863
epos_dataset_iii/0464.3d,8,8,1569858722,69143,242330,31869028
epos_dataset_iii/0464.pose,8,8,1304198251,62,87,31938273
epos_dataset_iii/0465.3d,8,8,888404584,67848,237593,31938439
epos_dataset_iii/0465.pose,8,8,1764235088,63,87,32006389
epos_dataset_iii/0466.3d,8,8,3376196823,66917,234311,32006556
epos_dataset_iii/0466.pose,8,8,3631211144,63,87,32073575
epos_dataset_iii/0467.3d,8,8,1407066575,66387,231916,32073742
epos_dataset_iii/0467.pose,8,8,4066061791,63,87,32140231
epos_dataset_iii/0468.3d,8,8,2055404644,66054,231354,32140398
epos_dataset_iii/0468.pose,8,8,1784561090,62,87,32206554
epos_dataset_iii/0469.3d,8,8,3518987930,66764,233497,32206720
epos_dataset_iii/0469.pose,8,8,530362368,62,87,32273586
epos_dataset_iii/0470.3d,8,8,4135479401,66579,232635,32273752
epos_dataset_iii/0470.pose,8,8,1875720400,63,87,32340433
epos_dataset_iii/0471.3d,8,8,681686229,66090,230395,32340600
epos_dataset_iii/0471.pose,8,8,1291327527,64,87,32406792
epos_dataset_iii/0472.3d,8,8,2037875512,66629,232292,32406960
epos_dataset_iii/0472.pose,8,8,3396340473,62,87,32473691
epos_dataset_iii/0473.3d,8,8,1992874475,66983,233529,32473857
epos_dataset_iii/0473.pose,8,8,3989646071,62,87,32540942
epos_dataset_iii/0474.3d,8,8,1977180857,67200,234741,32541108
epos_dataset_iii/0474.pose,8,8,38798112,63,87,32608410
epos_dataset_iii/0475.3d,8,8,2798382990,68453,238976,32608577
epos_dataset_iii/0475.pose,8,8,2359678621,63,87,32677132
epos_dataset_iii/0476.3d,8,8,4287644218,70456,245950,32677299
epos_dataset_iii/0476.pose,8,8,3247002968,63,87,32747857
epos_dataset_iii/0477.3d,8,8,3338178434,70550,246366,32748024
epos_dataset_iii/0477.pose,8,8,2894127862,64,88,32818676
epos_dataset_iii/0478.3d,8,8,1373728450,70986,247940,32818844
epos_dataset_iii/0478.pose,8,8,106701686,63,88,32889932
epos_dataset_iii/0479.3d,8,8,3843331127,71672,250340,32890099
epos_dataset_iii/0479.pose,8,8,2673846478,63,88,32961873
epos_dataset_iii/0480.3d,8,8,1617065986,70742,247446,32962040
epos_dataset_iii/0480.pose,8,8,2603615993,64,88,33032884
epos_dataset_iii/0481.3d,8,8,3891295233,71458,249397,33033052
epos_dataset_iii/0481.pose,8,8,3245885131,64,88,33104612
epos_dataset_iii/0482.3d,8,8,3241122321,70592,246555,33104780
epos_dataset_iii/0482.pose,8,8,3519294513,64,88,33175474
epos_dataset_iii/0483.3d,8,8,2986328401,69167,240828,33175642
epos_dataset_iii/0483.pose,8,8,3597582398,64,88,33244911
epos_dataset_iii/0484.3d,8,8,3637173597,67977,236996,33245079
epos_dataset_iii/0484.pose,8,8,1733541938,64,88,33313158
epos_dataset_iii/0485.3d,8,8,3735467693,68137,237008,33313326
epos_dataset_iii/0485.pose,8,8,1091059175,65,88,33381565
epos_dataset_iii/0486.3d,8,8,195734562,67413,234438,33381734
epos_dataset_iii/0486.pose,8,8,655547470,65,88,33449249
epos_dataset_iii/0487.3d,8,8,291742510,66877,232476,33449418
epos_dataset_iii/0487.pose,8,8,932885828,63,88,33516397
epos_dataset_iii/0488.3d,8,8,2571910258,65924,229135,33516564
epos_dataset_iii/0488.pose,8,8,202778152,65,88,33582590
epos_dataset_iii/0489.3d,8,8,2247131743,65769,228261,33582759
epos_dataset_iii/0489.pose,8,8,1907223146,65,88,33648630
epos_dataset_iii/0490.3d,8,8,1885054279,65910,229173,33648799
epos_dataset_iii/0490.pose,8,8,736763943,65,88,33714811
epos_dataset_iii/0491.3d,8,8,272528057,66411,230753,33714980
epos_dataset_iii/0491.pose,8,8,3159479834,64,88,33781493
epos_dataset_iii/0492.3d,8,8,3529199071,66083,229468,33781661
epos_dataset_iii/0492.pose,8,8,1111962798,64,88,33847846
epos_dataset_iii/0493.3d,8,8,2478323065,65858,228766,33848014
epos_dataset_iii/0493.pose,8,8,2280876457,64,88,33913974
epos_dataset_iii/0494.3d,8,8,1923499001,65845,228917,33914142
epos_dataset_iii/0494.pose,8,8,4096916051,65,88,33980089
epos_dataset_iii/0495.3d,8,8,109196769,66104,229730,33980258
epos_dataset_iii/0495.pose,8,8,1288004480,64,88,34046464
epos_dataset_iii/0496.3d,8,8,3475728786,66208,230355,34046632
epos_dataset_iii/0496.pose,8,8,2971207876,65,88,34112942
epos_dataset_iii/0497.3d,8,8,596319743,64987,226178,34113111
epos_dataset_iii/0497.pose,8,8,3743237705,64,88,34178200
epos_dataset_iii/0498.3d,8,8,2623833115,66084,229855,34178368
epos_dataset_iii/0498.pose,8,8,1476171272,64,88,34244554
epos_dataset_iii/0499.3d,8,8,2511517656,66147,230131,34244722
epos_dataset_iii/0499.pose,8,8,1612196831,64,88,34310971
epos_dataset_iii/0500.3d,8,8,3015226176,66463,231566,34311139
epos_dataset_iii/0500.pose,8,8,1603126862,64,88,34377704
epos_dataset_iii/0501.3d,8,8,4248430253,67108,234136,34377872
epos_dataset_iii/0501.pose,8,8,3228260838,63,88,34445082
epos_dataset_iii/0502.3d,8,8,1110175932,67564,235880,34445249
epos_dataset_iii/0502.pose,8,8,3085362945,64,88,34512915
epos_dataset_iii/0503.3d,8,8,3439531946,66819,233482,34513083
epos_dataset_iii/0503.pose,8,8,3473110419,64,88,34580004
epos_dataset_iii/0504.3d,8,8,4167276453,67450,235682,34580172
epos_dataset_iii/0504.pose,8,8,4289271585,64,88,34647724
epos_dataset_iii/0505.3d,8,8,735468753,67721,236618,34647892
epos_dataset_iii/0505.pose,8,8,2863389680,65,88,34715715
epos_dataset_iii/0506.3d,8,8,1265383751,68004,238064,34715884
epos_dataset_iii/0506.pose,8,8,3291183036,65,88,34783990
epos_dataset_iii/0507.3d,8,8,1754533429,68494,240181,34784159
epos_dataset_iii/0507.pose,8,8,3895560841,65,88,34852755
epos_dataset_iii/0508.3d,8,8,2694320983,69112,242029,34852924
epos_dataset_iii/0508.pose,8,8,3275504165,63,88,34922138
epos_dataset_iii/0509.3d,8,8,2838924284,69517,243530,34922305
epos_dataset_iii/0509.pose,8,8,97256259,64,88,34991924
epos_dataset_iii/0510.3d,8,8,4073857834,70260,245980,34992092
epos_dataset_iii/0510.pose,8,8,3830573182,64,88,35062454
epos_dataset_iii/0511.3d,8,8,2951353786,71628,250625,35062622
epos_dataset_iii/0511.pose,8,8,1034934229,64,88,35134352
epos_dataset_iii/0512.3d,8,8,2357089220,72951,255810,35134520
epos_dataset_iii/0512.pose,8,8,1308525497,65,88,35207573
epos_dataset_iii/0513.3d,8,8,2108833660,66307,232319,35207742
epos_dataset_iii/0513.pose,8,8,4280337131,64,88,35274151
epos_dataset_iii/0514.3d,8,8,3741530453,67144,235724,35274319
epos_dataset_iii/0514.pose,8,8,3252575998,64,88,35341565
epos_dataset_iii/0515.3d,8,8,2625268776,67522,236522,35341733
epos_dataset_iii/0515.pose,8,8,2124821918,64,88,35409357
epos_dataset_iii/0516.3d,8,8,3155395447,68097,238780,35409525
epos_dataset_iii/0516.pose,8,8,3825508696,65,88,35477724
epos_dataset_iii/0517.3d,8,8,3766518756,69655,244251,35477893
epos_dataset_iii/0517.pose,8,8,3921855003,64,88,35547650
epos_dataset_iii/0518.3d,8,8,2326255245,70395,246353,35547818
epos_dataset_iii/0518.pose,8,8,2287923202,65,88,35618315
epos_dataset_iii/0519.3d,8,8,4142979312,71802,251637,35618484
epos_dataset_iii/0519.pose,8,8,3785912811,62,88,35690388
epos_dataset_iii/0520.3d,8,8,2391994309,73342,257141,35690554
epos_dataset_iii/0520.pose,8,8,258074276,64,88,35763998
epos_dataset_iii/0521.3d,8,8,3684855044,65822,230882,35764166
epos_dataset_iii/0521.pose,8,8,1793418040,64,88,35830090
epos_dataset_iii/0522.3d,8,8,2391633282,66829,234484,35830258
epos_dataset_iii/0522.pose,8,8,3063244985,64,88,35897189
epos_dataset_iii/0523.3d,8,8,1858226178,67469,236585,35897357
epos_dataset_iii/0523.pose,8,8,3161833504,64,88,35964928
epos_dataset_iii/0524.3d,8,8,201148149,68875,241496,35965096
epos_dataset_iii/0524.pose,8,8,1222534768,65,88,36034073
epos_dataset_iii/0525.3d,8,8,4157018482,69718,244414,36034242
epos_dataset_iii/0525.pose,8,8,1750092415,64,88,36104062
epos_dataset_iii/0526.3d,8,8,1165791935,71323,250696,36104230
epos_dataset_iii/0526.pose,8,8,4160160221,64,88,36175655
epos_dataset_iii/0527.3d,8,8,455449464,73002,256685,36175823
epos_dataset_iii/0527.pose,8,8,2459410568,64,88,36248927
epos_dataset_iii/0528.3d,8,8,3332100824,65898,231944,36249095
epos_dataset_iii/0528.pose,8,8,2059732466,64,88,36315095
epos_dataset_iii/0529.3d,8,8,2303653758,66948,235952,36315263
epos_dataset_iii/0529.pose,8,8,3240498918,64,88,36382313
epos_dataset_iii/0530.3d,8,8,687203913,67446,237462,36382481
epos_dataset_iii/0530.pose,8,8,3812769753,65,88,36450029
epos_dataset_iii/0531.3d,8,8,1507953950,67969,239629,36450198
epos_dataset_iii/0531.pose,8,8,1344618382,65,88,36518269
epos_dataset_iii/0532.3d,8,8,313629218,69057,243888,36518438
epos_dataset_iii/0532.pose,8,8,592961322,65,88,36587597
epos_dataset_iii/0533.3d,8,8,1476531067,70051,247751,36587766
epos_dataset_iii/0533.pose,8,8,3493953199,65,88,36657919
epos_dataset_iii/0534.3d,8,8,999745836,71698,253768,36658088
epos_dataset_iii/0534.pose,8,8,3942732711,65,88,36729888
epos_dataset_iii/0535.3d,8,8,2089142312,65613,231950,36730057
epos_dataset_iii/0535.pose,8,8,1221658289,64,88,36795772
epos_dataset_iii/0536.3d,8,8,2777105350,66184,234269,36795940
epos_dataset_iii/0536.pose,8,8,3524190178,64,88,36862226
epos_dataset_iii/0537.3d,8,8,3672200103,67086,237496,36862394
epos_dataset_iii/0537.pose,8,8,1606945414,64,88,36929582
epos_dataset_iii/0538.3d,8,8,2989078735,66814,236963,36929750
epos_dataset_iii/0538.pose,8,8,2198104006,65,88,36996666
epos_dataset_iii/0539.3d,8,8,159878348,68301,242520,36996835
epos_dataset_iii/0539.pose,8,8,250848023,64,88,37065238
epos_dataset_iii/0540.3d,8,8,4264559694,69648,247921,37065406
epos_dataset_iii/0540.pose,8,8,464172144,65,88,37135156
epos_dataset_iii/0541.3d,8,8,4202535706,70109,249897,37135325
epos_dataset_iii/0541.pose,8,8,4009938905,64,88,37205536
epos_dataset_iii/0542.3d,8,8,256222170,71103,253520,37205704
epos_dataset_iii/0542.pose,8,8,1500794352,65,88,37276909
epos_dataset_iii/0543.3d,8,8,1321077378,65166,232920,37277078
epos_dataset_iii/0543.pose,8,8,1424383136,64,88,37342346
epos_dataset_iii/0544.3d,8,8,102093253,64865,232773,37342514
epos_dataset_iii/0544.pose,8,8,4059728120,65,88,37407481
epos_dataset_iii/0545.3d,8,8,396863921,65569,235025,37407650
epos_dataset_iii/0545.pose,8,8,2451748398,63,88,37473321
epos_dataset_iii/0546.3d,8,8,3333046611,65827,235740,37473488
epos_dataset_iii/0546.pose,8,8,4272857808,65,88,37539417
epos_dataset_iii/0547.3d,8,8,77439817,66412,238557,37539586
epos_dataset_iii/0547.pose,8,8,1571773491,64,88,37606100
epos_dataset_iii/0548.3d,8,8,3587957899,66529,239222,37606268
epos_dataset_iii/0548.pose,8,8,742270341,64,88,37672899
epos_dataset_iii/0549.3d,8,8,2798593217,67101,240959,37673067
epos_dataset_iii/0549.pose,8,8,3284083723,64,88,37740270
epos_dataset_iii/0550.3d,8,8,4240438179,67387,242961,37740438
epos_dataset_iii/0550.pose,8,8,3469252853,65,88,37807927
epos_dataset_iii/0551.3d,8,8,4003716728,67466,242701,37808096
epos_dataset_iii/0551.pose,8,8,236179475,63,88,37875664
epos_dataset_iii/0552.3d,8,8,2133727789,67745,244295,37875831
epos_dataset_iii/0552.pose,8,8,4050313533,64,88,37943678
epos_dataset_iii/0553.3d,8,8,2752765375,68679,247774,37943846
epos_dataset_iii/0553.pose,8,8,2034220334,64,88,38012627
epos_dataset_iii/0554.3d,8,8,4186764230,68104,246268,38012795
epos_dataset_iii/0554.pose,8,8,692989314,64,88,38081001
epos_dataset_iii/0555.3d,8,8,2661366114,68442,247174,38081169
epos_dataset_iii/0555.pose,8,8,37721883,64,88,38149713
epos_dataset_iii/0556.3d,8,8,1383202426,69337,250297,38149881
epos_dataset_iii/0556.pose,8,8,3233415255,63,88,38219320
epos_dataset_iii/0557.3d,8,8,2826428347,68706,248722,38219487
epos_dataset_iii/0557.pose,8,8,1424446953,65,88,38288295
epos_dataset_iii/0558.3d,8,8,1124996529,68915,249476,38288464
epos_dataset_iii/0558.pose,8,8,3749280287,65,88,38357481
epos_dataset_iii/0559.3d,8,8,1412518034,69660,252166,38357650
epos_dataset_iii/0559.pose,8,8,1180399986,64,88,38427412
epos_dataset_iii/0560.3d,8,8,2716599535,62822,227579,38427580
epos_dataset_iii/0560.pose,8,8,2737235425,65,88,38490504
epos_dataset_iii/0561.3d,8,8,3978483404,63104,228214,38490673
epos_dataset_iii/0561.pose,8,8,1995934581,64,88,38553879
epos_dataset_iii/0562.3d,8,8,3781879478,63173,228262,38554047
epos_dataset_iii/0562.pose,8,8,3696487430,64,89,38617322
epos_dataset_iii/0563.3d,8,8,3997647463,63252,228751,38617490
epos_dataset_iii/0563.pose,8,8,1958220345,65,89,38680844
epos_dataset_iii/0564.3d,8,8,1505660361,63240,228862,38681013
epos_dataset_iii/0564.pose,8,8,1336821296,65,89,38744355
epos_dataset_iii/0565.3d,8,8,1707671328,63847,230967,38744524
epos_dataset_iii/0565.pose,8,8,3273197844,65,89,38808473
epos_dataset_iii/0566.3d,8,8,2540928591,63721,230675,38808642
epos_dataset_iii/0566.pose,8,8,867128176,64,89,38872465
epos_dataset_iii/0567.3d,8,8,662120212,63720,230546,38872633
epos_dataset_iii/0567.pose,8,8,346705829,66,89,38936455
epos_dataset_iii/0568.3d,8,8,4054453338,63568,230191,38936625
epos_dataset_iii/0568.pose,8,8,1467507935,64,89,39000295
epos_dataset_iii/0569.3d,8,8,3321559543,63839,230683,39000463
epos_dataset_iii/0569.pose,8,8,3962797139,64,89,39064404
epos_dataset_iii/0570.3d,8,8,3445215472,63972,231184,39064572
epos_dataset_iii/0570.pose,8,8,3967137699,65,89,39128646
epos_dataset_iii/0571.3d,8,8,2570261095,64167,231529,39128815
epos_dataset_iii/0571.pose,8,8,1479223935,64,89,39193084
epos_dataset_iii/0572.3d,8,8,3751053428,64575,233384,39193252
epos_dataset_iii/0572.pose,8,8,408762528,65,89,39257929
epos_dataset_iii/0573.3d,8,8,2167524098,64144,231645,39258098
epos_dataset_iii/0573.pose,8,8,2064736622,65,89,39322344
epos_dataset_iii/0574.3d,8,8,505222506,64258,231579,39322513
epos_dataset_iii/0574.pose,8,8,2994888593,65,89,39386873
epos_dataset_iii/0575.3d,8,8,193295754,64172,231525,39387042
epos_dataset_iii/0575.pose,8,8,4123964449,64,89,39451316
epos_dataset_iii/0576.3d,8,8,1205550511,64383,231972,39451484
epos_dataset_iii/0576.pose,8,8,3731356446,65,89,39515969
epos_dataset_iii/0577.3d,8,8,3183220095,64496,232569,39516138
epos_dataset_iii/0577.pose,8,8,3884370684,66,89,39580736
epos_dataset_iii/0578.3d,8,8,2482239895,64621,233021,39580906
epos_dataset_iii/0578.pose,8,8,2759737605,65,89,39645629
epos_dataset_iii/0579.3d,8,8,599746325,64757,233649,39645798
epos_dataset_iii/0579.pose,8,8,2674639414,64,89,39710657
epos_dataset_iii/0580.3d,8,8,1246940377,64732,232923,39710825
epos_dataset_iii/0580.pose,8,8,347736552,65,89,39775659
epos_dataset_iii/0581.3d,8,8,3040118293,64593,232583,39775828
epos_dataset_iii/0581.pose,8,8,413588103,64,89,39840523
epos_dataset_iii/0582.3d,8,8,2090664728,64763,233245,39840691
epos_dataset_iii/0582.pose,8,8,2398418627,64,89,39905556
epos_dataset_iii/0583.3d,8,8,4176312850,64828,233151,39905724
epos_dataset_iii/0583.pose,8,8,1764074560,65,89,39970654
epos_dataset_iii/0584.3d,8,8,2740987261,65096,233956,39970823
epos_dataset_iii/0584.pose,8,8,856482412,63,89,40036021
epos_dataset_iii/0585.3d,8,8,3020207450,65310,234765,40036188
epos_dataset_iii/0585.pose,8,8,721231882,65,89,40101600
epos_dataset_iii/0586.3d,8,8,2013191084,65126,233663,40101769
epos_dataset_iii/0586.pose,8,8,3267574979,64,89,40166997
epos_dataset_iii/0587.3d,8,8,2459168595,65038,233249,40167165
epos_dataset_iii/0587.pose,8,8,9274006,65,89,40232305
epos_dataset_iii/0588.3d,8,8,10936672,64876,232436,40232474
epos_dataset_iii/0588.pose,8,8,1293215844,64,89,40297452
epos_dataset_iii/0589.3d,8,8,1116612556,64987,232564,40297620
epos_dataset_iii/0589.pose,8,8,2560527117,65,89,40362709
epos_dataset_iii/0590.3d,8,8,1034932150,64688,231628,40362878
epos_dataset_iii/0590.pose,8,8,1885968847,64,89,40427668
epos_dataset_iii/0591.3d,8,8,3011935994,64760,231915,40427836
epos_dataset_iii/0591.pose,8,8,745372514,63,89,40492698
epos_dataset_iii/0592.3d,8,8,3296644200,64972,231968,40492865
epos_dataset_iii/0592.pose,8,8,3732246150,64,89,40557939
epos_dataset_iii/0593.3d,8,8,783274549,64629,230310,40558107
epos_dataset_iii/0593.pose,8,8,1140912395,65,89,40622838
epos_dataset_iii/0594.3d,8,8,271207701,64069,228419,40623007
epos_dataset_iii/0594.pose,8,8,1773189610,63,89,40687178
epos_dataset_iii/0595.3d,8,8,1611427950,63798,227650,40687345
epos_dataset_iii/0595.pose,8,8,3811939685,65,89,40751245
epos_dataset_iii/0596.3d,8,8,1243245322,63493,225953,40751414
epos_dataset_iii/0596.pose,8,8,855800469,65,89,40815009
epos_dataset_iii/0597.3d,8,8,3461686749,63105,224435,40815178
epos_dataset_iii/0597.pose,8,8,4076498303,63,89,40878385
epos_dataset_iii/0598.3d,8,8,2283405424,62415,222032,40878552
epos_dataset_iii/0598.pose,8,8,1797370515,64,89,40941069
epos_dataset_iii/0599.3d,8,8,3551872457,62062,220919,40941237
epos_dataset_iii/0599.pose,8,8,777719248,64,89,41003401
epos_dataset_iii/0600.3d,8,8,4033170575,62198,220774,41003569
epos_dataset_iii/0600.pose,8,8,1302588635,63,89,41065869
epos_dataset_iii/0601.3d,8,8,3722939655,61250,217406,41066036
epos_dataset_iii/0601.pose,8,8,3707062161,64,89,41127388
epos_dataset_iii/0602.3d,8,8,907144507,61186,217114,41127556
epos_dataset_iii/0602.pose,8,8,3148964949,64,89,41188844
epos_dataset_iii/0603.3d,8,8,2798901106,61025,216586,41189012
epos_dataset_iii/0603.pose,8,8,2325844260,64,89,41250139
epos_dataset_iii/0604.3d,8,8,2387165289,61183,216793,41250307
epos_dataset_iii/0604.pose,8,8,934592715,65,89,41311592
epos_dataset_iii/0605.3d,8,8,3199403286,61036,216075,41311761
epos_dataset_iii/0605.pose,8,8,3333051148,65,89,41372899
epos_dataset_iii/0606.3d,8,8,3183607948,61375,217312,41373068
epos_dataset_iii/0606.pose,8,8,3433558988,63,89,41434545
epos_dataset_iii/0607.3d,8,8,2574069499,61086,216029,41434712
epos_dataset_iii/0607.pose,8,8,2390342883,64,89,41495900
epos_dataset_iii/0608.3d,8,8,3086272740,60889,215950,41496068
epos_dataset_iii/0608.pose,8,8,1610961125,64,89,41557059
epos_dataset_iii/0609.3d,8,8,4235414827,60857,215361,41557227
epos_dataset_iii/0609.pose,8,8,240530469,64,89,41618186
epos_dataset_iii/0610.3d,8,8,3458840824,60787,215392,41618354
epos_dataset_iii/0610.pose,8,8,1314346612,66,89,41679243
epos_dataset_iii/0611.3d,8,8,2431632523,60879,214877,41679413
epos_dataset_iii/0611.pose,8,8,4273615066,64,89,41740394
epos_dataset_iii/0612.3d,8,8,1015906645,60946,215795,41740562
epos_dataset_iii/0612.pose,8,8,347489405,64,89,41801610
epos_dataset_iii/0613.3d,8,8,2861169219,61589,217196,41801778
epos_dataset_iii/0613.pose,8,8,516306607,64,89,41863469
epos_dataset_iii/0614.3d,8,8,3800330338,60952,215356,41863637
epos_dataset_iii/0614.pose,8,8,791409538,65,89,41924691
epos_dataset_iii/0615.3d,8,8,2807485406,60940,215200,41924860
epos_dataset_iii/0615.pose,8,8,371526013,63,89,41985902
epos_dataset_iii/0616.3d,8,8,636987279,60798,214727,41986069
epos_dataset_iii/0616.pose,8,8,2753914437,65,89,42046969
epos_dataset_iii/0617.3d,8,8,3563232576,60651,214034,42047138
epos_dataset_iii/0617.pose,8,8,1721506566,64,89,42107891
epos_dataset_iii/0618.3d,8,8,3698396320,60385,213565,42108059
epos_dataset_iii/0618.pose,8,8,594571911,65,89,42168546
epos_dataset_iii/0619.3d,8,8,348206476,60720,214135,42168715
epos_dataset_iii/0619.pose,8,8,3692442101,65,89,42229537
epos_dataset_iii/0620.3d,8,8,2766542231,60744,214306,42229706
epos_dataset_iii/0620.pose,8,8,1074846109,65,89,42290552
epos_dataset_iii/0621.3d,8,8,3549428514,60317,213292,42290721
epos_dataset_iii/0621.pose,8,8,1104241366,64,89,42351140
epos_dataset_iii/0622.3d,8,8,1783584940,60522,213278,42351308
epos_dataset_iii/0622.pose,8,8,631502966,64,89,42411932
epos_dataset_iii/0623.3d,8,8,84854096,60669,213938,42412100
epos_dataset_iii/0623.pose,8,8,111859805,65,89,42472871
epos_dataset_iii/0624.3d,8,8,2311397079,61063,215371,42473040
epos_dataset_iii/0624.pose,8,8,113673949,65,89,42534205
epos_dataset_iii/0625.3d,8,8,1010436229,61726,218053,42534374
epos_dataset_iii/0625.pose,8,8,1623190427,64,89,42596202
epos_dataset_iii/0626.3d,8,8,1055241221,62747,221390,42596370
epos_dataset_iii/0626.pose,8,8,414823584,64,89,42659219
epos_dataset_iii/0627.3d,8,8,912116292,62746,220927,42659387
epos_dataset_iii/0627.pose,8,8,776050873,66,89,42722235
epos_dataset_iii/0628.3d,8,8,991986755,62766,221481,42722405
epos_dataset_iii/0628.pose,8,8,3371137577,64,89,42785273
epos_dataset_iii/0629.3d,8,8,691594359,62819,221875,42785441
epos_dataset_iii/0629.pose,8,8,2390525701,64,89,42848362
epos_dataset_iii/0630.3d,8,8,4024834305,63072,222629,42848530
epos_dataset_iii/0630.pose,8,8,1400184200,65,89,42911704
epos_dataset_iii/0631.3d,8,8,340583723,63008,222135,42911873
epos_dataset_iii/0631.pose,8,8,4056236014,66,89,42974983
epos_dataset_iii/0632.3d,8,8,4293763878,63564,223504,42975153
epos_dataset_iii/0632.pose,8,8,1590787325,65,89,43038819
epos_dataset_iii/0633.3d,8,8,544762004,63509,224149,43038988
epos_dataset_iii/0633.pose,8,8,389591613,65,89,43102599
epos_dataset_iii/0634.3d,8,8,717921700,63729,224484,43102768
epos_dataset_iii/0634.pose,8,8,2512948341,64,89,43166599
epos_dataset_iii/0635.3d,8,8,2234773265,63504,223013,43166767
epos_dataset_iii/0635.pose,8,8,3621606752,65,89,43230373
epos_dataset_iii/0636.3d,8,8,3217774655,63770,223978,43230542
epos_dataset_iii/0636.pose,8,8,3559149252,64,89,43294414
epos_dataset_iii/0637.3d,8,8,3059005706,63640,223056,43294582
epos_dataset_iii/0637.pose,8,8,762406018,64,89,43358324
epos_dataset_iii/0638.3d,8,8,2413112712,63479,222363,43358492
epos_dataset_iii/0638.pose,8,8,1960453124,65,89,43422073
epos_dataset_iii/0639.3d,8,8,2088239424,63683,222636,43422242
epos_dataset_iii/0639.pose,8,8,1011563319,65,89,43486027
epos_dataset_iii/0640.3d,8,8,1708079039,63448,222133,43486196
epos_dataset_iii/0640.pose,8,8,809685807,63,89,43549746
epos_dataset_iii/0641.3d,8,8,2581585758,62882,220375,43549913
epos_dataset_iii/0641.pose,8,8,3707218915,65,89,43612897
epos_dataset_iii/0642.3d,8,8,2133658077,62736,220185,43613066
epos_dataset_iii/0642.pose,8,8,2270913841,65,89,43675904
epos_dataset_iii/0643.3d,8,8,2725609505,62415,218633,43676073
epos_dataset_iii/0643.pose,8,8,2276143002,65,89,43738590
epos_dataset_iii/0644.3d,8,8,3149017507,62351,218637,43738759
epos_dataset_iii/0644.pose,8,8,1560258715,64,89,43801212
epos_dataset_iii/0645.3d,8,8,2865873228,61539,215158,43801380
epos_dataset_iii/0645.pose,8,8,3221514050,66,89,43863021
epos_dataset_iii/0646.3d,8,8,142545819,61608,215355,43863191
epos_dataset_iii/0646.pose,8,8,3125641023,65,89,43924901
epos_dataset_iii/0647.3d,8,8,1577319319,61568,214473,43925070
epos_dataset_iii/0647.pose,8,8,1337756039,64,89,43986740
epos_dataset_iii/0648.3d,8,8,521820910,61204,212797,43986908
epos_dataset_iii/0648.pose,8,8,1342624454,65,89,44048214
epos_dataset_iii/0649.3d,8,8,3238032761,61299,212933,44048383
epos_dataset_iii/0649.pose,8,8,2566201641,64,89,44109784
epos_dataset_iii/0650.3d,8,8,3870292499,61385,212217,44109952
epos_dataset_iii/0650.pose,8,8,917530415,64,89,44171439
epos_dataset_iii/0651.3d,8,8,1229838835,61236,211810,44171607
epos_dataset_iii/0651.pose,8,8,4221265179,65,89,44232945
epos_dataset_iii/0652.3d,8,8,2652547003,60725,209750,44233114
epos_dataset_iii/0652.pose,8,8,1655392813,64,89,44293941
epos_dataset_iii/0653.3d,8,8,2786078138,60310,208476,44294109
epos_dataset_iii/0653.pose,8,8,2999759962,64,89,44354521
epos_dataset_iii/0654.3d,8,8,187714223,60016,206925,44354689
epos_dataset_iii/0654.pose,8,8,1633523483,65,89,44414807
epos_dataset_iii/0655.3d,8,8,2895230919,59089,203395,44414976
epos_dataset_iii/0655.pose,8,8,3211056901,66,89,44474167
epos_dataset_iii/0656.3d,8,8,331341443,65951,227643,44474337
epos_dataset_iii/0656.pose,8,8,2316828437,65,89,44540390
epos_dataset_iii/0657.3d,8,8,3356385977,64553,222838,44540559
epos_dataset_iii/0657.pose,8,8,1581613238,65,89,44605214
epos_dataset_iii/0658.3d,8,8,1638727690,64440,222874,44605383
epos_dataset_iii/0658.pose,8,8,1452186227,65,89,44669925
epos_dataset_iii/0659.3d,8,8,1764915335,63736,220810,44670094
epos_dataset_iii/0659.pose,8,8,3775157568,65,89,44733932
epos_dataset_iii/0660.3d,8,8,1959011169,63292,218902,44734101
epos_dataset_iii/0660.pose,8,8,181650927,64,89,44797495
epos_dataset_iii/0661.3d,8,8,3033135686,61937,215312,44797663
epos_dataset_iii/0661.pose,8,8,2792943319,66,89,44859702
epos_dataset_iii/0662.3d,8,8,80214374,61694,214046,44859872
epos_dataset_iii/0662.pose,8,8,3257645199,65,89,44921668
epos_dataset_iii/0663.3d,8,8,872474653,60856,211244,44921837
epos_dataset_iii/0663.pose,8,8,1965348490,64,89,44982795
epos_dataset_iii/0664.3d,8,8,2265273293,58435,203126,44982963
epos_dataset_iii/0664.pose,8,8,541088699,65,89,45041500
epos_dataset_iii/0665.3d,8,8,917373763,64136,223043,45041669
epos_dataset_iii/0665.pose,8,8,90348409,64,89,45105907
epos_dataset_iii/0666.3d,8,8,1913411106,62545,217435,45106075
epos_dataset_iii/0666.pose,8,8,2327324172,64,89,45168722
epos_dataset_iii/0667.3d,8,8,2700101999,61362,213665,45168890
epos_dataset_iii/0667.pose,8,8,1677039958,64,89,45230354
epos_dataset_iii/0668.3d,8,8,3452892505,60957,212285,45230522
epos_dataset_iii/0668.pose,8,8,241442073,66,89,45291581
epos_dataset_iii/0669.3d,8,8,473555945,60602,210939,45291751
epos_dataset_iii/0669.pose,8,8,3954818172,63,87,45352455
epos_dataset_iii/0670.3d,8,8,2812872547,59386,207031,45352622
epos_dataset_iii/0670.pose,8,8,625592608,63,87,45412110
epos_dataset_iii/0671.3d,8,8,4141133406,59047,205900,45412277
epos_dataset_iii/0671.pose,8,8,4241835788,63,87,45471426
epos_dataset_iii/0672.3d,8,8,3324923090,66147,230559,45471593
epos_dataset_iii/0672.pose,8,8,3287133876,64,87,45537842
epos_dataset_iii/0673.3d,8,8,2291655579,65323,228551,45538010
epos_dataset_iii/0673.pose,8,8,1743593057,64,87,45603435
epos_dataset_iii/0674.3d,8,8,2406454980,65017,227283,45603603
epos_dataset_iii/0674.pose,8,8,382706157,64,87,45668722
epos_dataset_iii/0675.3d,8,8,3958834636,64822,226941,45668890
epos_dataset_iii/0675.pose,8,8,1781012527,63,87,45733814
epos_dataset_iii/0676.3d,8,8,3813586277,64438,225562,45733981
epos_dataset_iii/0676.pose,8,8,2761260097,62,87,45798521
epos_dataset_iii/0677.3d,8,8,3920126021,64379,225141,45798687
epos_dataset_iii/0677.pose,8,8,3793972104,63,87,45863168
epos_dataset_iii/0678.3d,8,8,2589640170,63936,223811,45863335
epos_dataset_iii/0678.pose,8,8,603717058,64,87,45927373
epos_dataset_iii/0679.3d,8,8,1390184733,63982,223260,45927541
epos_dataset_iii/0679.pose,8,8,3560345074,63,87,45991625
epos_dataset_iii/0680.3d,8,8,698954576,63589,221745,45991792
epos_dataset_iii/0680.pose,8,8,3125486741,64,87,46055483
epos_dataset_iii/0681.3d,8,8,3809937418,63989,223514,46055651
epos_dataset_iii/0681.pose,8,8,1387787950,65,87,46119742
epos_dataset_iii/0682.3d,8,8,4064573240,63811,222770,46119911
epos_dataset_iii/0682.pose,8,8,3268758322,63,87,46183824
epos_dataset_iii/0683.3d,8,8,3710577416,64466,224768,46183991
epos_dataset_iii/0683.pose,8,8,2458413484,65,87,46248559
epos_dataset_iii/0684.3d,8,8,995737046,65000,226858,46248728
epos_dataset_iii/0684.pose,8,8,509235865,63,87,46313830
epos_dataset_iii/0685.3d,8,8,2843529117,65713,229438,46313997
epos_dataset_iii/0685.pose,8,8,930509660,64,87,46379812
epos_dataset_iii/0686.3d,8,8,3563206089,65793,229977,46379980
epos_dataset_iii/0686.pose,8,8,3707024589,64,87,46445875
epos_dataset_iii/0687.3d,8,8,2556046037,64959,226798,46446043
epos_dataset_iii/0687.pose,8,8,2085254125,64,87,46511104
epos_dataset_iii/0688.3d,8,8,497236989,65972,230177,46511272
epos_dataset_iii/0688.pose,8,8,10290071,64,87,46577346
epos_dataset_iii/0689.3d,8,8,1863852302,65116,227476,46577514
epos_dataset_iii/0689.pose,8,8,236422545,64,87,46642732
epos_dataset_iii/0690.3d,8,8,3931687151,65373,227984,46642900
epos_dataset_iii/0690.pose,8,8,4098435004,65,87,46708375
epos_dataset_iii/0691.3d,8,8,93030054,65492,228387,46708544
epos_dataset_iii/0691.pose,8,8,4220536088,62,87,46774138
epos_dataset_iii/0692.3d,8,8,2722636697,66207,230745,46774304
epos_dataset_iii/0692.pose,8,8,2148437036,64,87,46840613
epos_dataset_iii/0693.3d,8,8,3755509588,67137,234166,46840781
epos_dataset_iii/0693.pose,8,8,1340172287,64,87,46908020
epos_dataset_iii/0694.3d,8,8,3321369644,67739,236172,46908188
epos_dataset_iii/0694.pose,8,8,3133651155,64,87,46976029
epos_dataset_iii/0695.3d,8,8,2431146846,68295,238716,46976197
epos_dataset_iii/0695.pose,8,8,1805897542,63,87,47044594
epos_dataset_iii/0696.3d,8,8,474007528,68473,239231,47044761
epos_dataset_iii/0696.pose,8,8,1869997199,63,87,47113336
epos_dataset_iii/0697.3d,8,8,1284620300,68842,240725,47113503
epos_dataset_iii/0697.pose,8,8,1741503338,62,87,47182447
epos_dataset_iii/0698.3d,8,8,3627240589,69800,243834,47182613
epos_dataset_iii/0698.pose,8,8,2600042684,64,87,47252515
epos_dataset_iii/0699.3d,8,8,3021837112,69936,244595,47252683
epos_dataset_iii/0699.pose,8,8,3096566184,64,87,47322721
epos_dataset_iii/0700.3d,8,8,3384436542,70298,245421,47322889
epos_dataset_iii/0700.pose,8,8,1813080735,65,87,47393289
epos_dataset_iii/0701.3d,8,8,3596311701,70698,246797,47393458
epos_dataset_iii/0701.pose,8,8,4045135408,64,87,47464258
epos_dataset_iii/0702.3d,8,8,2217627197,71788,250631,47464426
epos_dataset_iii/0702.pose,8,8,2612452102,64,87,47536316
epos_dataset_iii/0703.3d,8,8,3699086780,72222,253005,47536484
epos_dataset_iii/0703.pose,8,8,3008353928,64,87,47608808
epos_dataset_iii/0704.3d,8,8,3094938866,67602,236942,47608976
epos_dataset_iii/0704.pose,8,8,4255921445,64,87,47676680
epos_dataset_iii/0705.3d,8,8,2138469740,67221,235104,47676848
epos_dataset_iii/0705.pose,8,8,1071270064,64,87,47744171
epos_dataset_iii/0706.3d,8,8,1147795968,68306,239027,47744339
epos_dataset_iii/0706.pose,8,8,3247221560,65,87,47812747
epos_dataset_iii/0707.3d,8,8,4058503094,67684,236618,47812916
epos_dataset_iii/0707.pose,8,8,4089024049,64,87,47880702
epos_dataset_iii/0708.3d,8,8,3120615627,69556,243347,47880870
epos_dataset_iii/0708.pose,8,8,1810844933,63,87,47950528
epos_dataset_iii/0709.3d,8,8,601771963,69278,242550,47950695
epos_dataset_iii/0709.pose,8,8,4203234929,64,87,48020075
epos_dataset_iii/0710.3d,8,8,3445936677,71593,251015,48020243
epos_dataset_iii/0710.pose,8,8,2656772704,64,87,48091938
epos_dataset_iii/0711.3d,8,8,1391800258,71336,249418,48092106
epos_dataset_iii/0711.pose,8,8,4087028156,64,87,48163544
epos_dataset_iii/0712.3d,8,8,3957883843,70961,248818,48163712
epos_dataset_iii/0712.pose,8,8,3497184015,64,87,48234775
epos_dataset_iii/0713.3d,8,8,1195973701,72018,252420,48234943
epos_dataset_iii/0713.pose,8,8,2885259246,64,87,48307063
epos_dataset_iii/0714.3d,8,8,3659066463,71642,250833,48307231
epos_dataset_iii/0714.pose,8,8,1465640656,65,87,48378975
epos_dataset_iii/0715.3d,8,8,3513588614,72365,253067,48379144
epos_dataset_iii/0715.pose,8,8,856669016,65,87,48451611
epos_dataset_iii/0716.3d,8,8,3561835752,66291,231060,48451780
epos_dataset_iii/0716.pose,8,8,3052311982,65,87,48518173
epos_dataset_iii/0717.3d,8,8,717182131,65666,229867,48518342
epos_dataset_iii/0717.pose,8,8,2540292509,64,87,48584110
epos_dataset_iii/0718.3d,8,8,70799344,66500,232475,48584278
epos_dataset_iii/0718.pose,8,8,507675093,64,87,48650880
epos_dataset_iii/0719.3d,8,8,3484839093,66816,233345,48651048
epos_dataset_iii/0719.pose,8,8,1831994175,62,87,48717966
epos_dataset_iii/0720.3d,8,8,745539517,66931,234121,48718132
epos_dataset_iii/0720.pose,8,8,3821849197,64,87,48785165
epos_dataset_iii/0721.3d,8,8,3506232675,67124,234710,48785333
epos_dataset_iii/0721.pose,8,8,3867848270,64,87,48852559
epos_dataset_iii/0722.3d,8,8,1817102919,68734,240533,48852727
epos_dataset_iii/0722.pose,8,8,3321084191,65,87,48921563
epos_dataset_iii/0723.3d,8,8,1059089718,67632,236345,48921732
epos_dataset_iii/0723.pose,8,8,1131194630,65,87,48989466
epos_dataset_iii/0724.3d,8,8,426688147,68654,240468,48989635
epos_dataset_iii/0724.pose,8,8,1486856137,63,87,49058391
epos_dataset_iii/0725.3d,8,8,2108488573,69324,242417,49058558
epos_dataset_iii/0725.pose,8,8,2399885646,64,87,49127984
epos_dataset_iii/0726.3d,8,8,2311841419,69545,243531,49128152
epos_dataset_iii/0726.pose,8,8,4162829536,63,87,49197799
epos_dataset_iii/0727.3d,8,8,3713347932,69399,243225,49197966
epos_dataset_iii/0727.pose,8,8,39518111,64,87,49267467
epos_dataset_iii/0728.3d,8,8,421158392,70405,247100,49267635
epos_dataset_iii/0728.pose,8,8,3642912977,64,87,49338142
epos_dataset_iii/0729.3d,8,8,1066701291,71073,248831,49338310
epos_dataset_iii/0729.pose,8,8,2339216260,64,87,49409485
epos_dataset_iii/0730.3d,8,8,2428436007,71586,251324,49409653
epos_dataset_iii/0730.pose,8,8,3715284520,63,87,49481341
epos_dataset_iii/0731.3d,8,8,2860261926,71752,251631,49481508
epos_dataset_iii/0731.pose,8,8,1834825263,63,87,49553362
epos_dataset_iii/0732.3d,8,8,49872181,73755,258639,49553529
epos_dataset_iii/0732.pose,8,8,1940853098,64,87,49627386
epos_dataset_iii/0733.3d,8,8,3759188862,64858,227819,49627554
epos_dataset_iii/0733.pose,8,8,2874694964,64,87,49692514
epos_dataset_iii/0734.3d,8,8,2487228120,65144,228631,49692682
epos_dataset_iii/0734.pose,8,8,1220534549,63,87,49757928
epos_dataset_iii/0735.3d,8,8,3868271809,67185,235693,49758095
epos_dataset_iii/0735.pose,8,8,2321357940,63,87,49825382
epos_dataset_iii/0736.3d,8,8,891345416,67451,236889,49825549
epos_dataset_iii/0736.pose,8,8,2814363483,63,87,49893102
epos_dataset_iii/0737.3d,8,8,1509804973,66769,234247,49893269
epos_dataset_iii/0737.pose,8,8,323832068,64,87,49960140
epos_dataset_iii/0738.3d,8,8,607853977,67777,238349,49960308
epos_dataset_iii/0738.pose,8,8,3199252383,65,87,50028187
epos_dataset_iii/0739.3d,8,8,2780949498,67719,237656,50028356
epos_dataset_iii/0739.pose,8,8,2073355166,64,87,50096177
epos_dataset_iii/0740.3d,8,8,1225104300,67935,238740,50096345
epos_dataset_iii/0740.pose,8,8,2114492575,63,87,50164382
epos_dataset_iii/0741.3d,8,8,2868738819,69287,243762,50164549
epos_dataset_iii/0741.pose,8,8,711614483,65,87,50233938
epos_dataset_iii/0742.3d,8,8,847965131,69575,244194,50234107
epos_dataset_iii/0742.pose,8,8,648414807,65,87,50303784
epos_dataset_iii/0743.3d,8,8,1758962708,69149,243796,50303953
epos_dataset_iii/0743.pose,8,8,343666219,63,87,50373204
epos_dataset_iii/0744.3d,8,8,337797380,70196,247181,50373371
epos_dataset_iii/0744.pose,8,8,1535907400,63,87,50443669
epos_dataset_iii/0745.3d,8,8,4186062574,70979,249655,50443836
epos_dataset_iii/0745.pose,8,8,1504603117,63,87,50514917
epos_dataset_iii/0746.3d,8,8,29895598,70486,248157,50515084
epos_dataset_iii/0746.pose,8,8,2293643988,63,87,50585672
epos_dataset_iii/0747.3d,8,8,1780180392,71291,250977,50585839
epos_dataset_iii/0747.pose,8,8,2768994949,63,87,50657232
epos_dataset_iii/0748.3d,8,8,40924584,71695,252437,50657399
epos_dataset_iii/0748.pose,8,8,1536897387,65,87,50729196
epos_dataset_iii/0749.3d,8,8,3119370207,72584,256462,50729365
epos_dataset_iii/0749.pose,8,8,942849243,63,87,50802051
epos_dataset_iii/0750.3d,8,8,380547053,65868,232038,50802218
epos_dataset_iii/0750.pose,8,8,3647886515,63,87,50868188
epos_dataset_iii/0751.3d,8,8,3714905668,64715,228335,50868355
epos_dataset_iii/0751.pose,8,8,798448046,63,87,50933172
epos_dataset_iii/0752.3d,8,8,1033725703,65402,230806,50933339
epos_dataset_iii/0752.pose,8,8,474252383,65,87,50998843
epos_dataset_iii/0753.3d,8,8,2449580483,66618,234522,50999012
epos_dataset_iii/0753.pose,8,8,2782470779,65,87,51065732
epos_dataset_iii/0754.3d,8,8,2598951887,66612,235257,51065901
epos_dataset_iii/0754.pose,8,8,1225696030,63,87,51132615
epos_dataset_iii/0755.3d,8,8,3144625285,66707,236213,51132782
epos_dataset_iii/0755.pose,8,8,767855590,63,87,51199591
epos_dataset_iii/0756.3d,8,8,1900600367,66570,235662,51199758
epos_dataset_iii/0756.pose,8,8,3777542039,65,87,51266430
epos_dataset_iii/0757.3d,8,8,2913306896,67028,237048,51266599
epos_dataset_iii/0757.pose,8,8,1110386157,62,87,51333729
epos_dataset_iii/0758.3d,8,8,4099360635,68333,241760,51333895
epos_dataset_iii/0758.pose,8,8,2494951163,63,87,51402330
epos_dataset_iii/0759.3d,8,8,2681194615,68726,242960,51402497
epos_dataset_iii/0759.pose,8,8,3505193216,65,87,51471325
epos_dataset_iii/0760.3d,8,8,1253278909,69348,244479,51471494
epos_dataset_iii/0760.pose,8,8,3931108669,63,87,51540944
epos_dataset_iii/0761.3d,8,8,3493997602,67982,241022,51541111
epos_dataset_iii/0761.pose,8,8,899956164,61,86,51609195
epos_dataset_iii/0762.3d,8,8,1766399005,69188,244755,51609360
epos_dataset_iii/0762.pose,8,8,1118449657,63,86,51678650
epos_dataset_iii/0763.3d,8,8,232333607,69928,246931,51678817
epos_dataset_iii/0763.pose,8,8,1074858566,61,86,51748847
epos_dataset_iii/0764.3d,8,8,1077607547,69773,246360,51749012
epos_dataset_iii/0764.pose,8,8,1265238469,61,86,51818887
epos_dataset_iii/0765.3d,8,8,4253749296,69884,247073,51819052
epos_dataset_iii/0765.pose,8,8,4227744246,62,86,51889038
epos_dataset_iii/0766.3d,8,8,330548804,69916,246825,51889204
epos_dataset_iii/0766.pose,8,8,2382379962,62,86,51959222
epos_dataset_iii/0767.3d,8,8,1665382517,70685,249461,51959388
epos_dataset_iii/0767.pose,8,8,4000822515,63,86,52030175
epos_dataset_iii/0768.3d,8,8,3729649995,71053,250349,52030342
epos_dataset_iii/0768.pose,8,8,1857586409,62,86,52101497
epos_dataset_iii/0769.3d,8,8,315474281,71126,250850,52101663
epos_dataset_iii/0769.pose,8,8,1385605876,60,86,52172891
epos_dataset_iii/0770.3d,8,8,184974085,69855,246373,52173055
epos_dataset_iii/0770.pose,8,8,776082054,62,86,52243012
epos_dataset_iii/0771.3d,8,8,3186198561,72355,255557,52243178
epos_dataset_iii/0771.pose,8,8,3522577896,61,86,52315635
epos_dataset_iii/0772.3d,8,8,3084560830,65499,230726,52315800
epos_dataset_iii/0772.pose,8,8,3098813645,62,86,52381401
epos_dataset_iii/0773.3d,8,8,1294035284,66274,234393,52381567
epos_dataset_iii/0773.pose,8,8,1032085411,62,86,52447943
epos_dataset_iii/0774.3d,8,8,480240395,65727,232677,52448109
epos_dataset_iii/0774.pose,8,8,1495633842,61,86,52513938
epos_dataset_iii/0775.3d,8,8,3792290051,66500,235250,52514103
epos_dataset_iii/0775.pose,8,8,2497344230,62,86,52580705
epos_dataset_iii/0776.3d,8,8,3310520568,67126,237445,52580871
epos_dataset_iii/0776.pose,8,8,3538426233,63,86,52648099
epos_dataset_iii/0777.3d,8,8,2076490329,67685,239592,52648266
epos_dataset_iii/0777.pose,8,8,3848978705,59,86,52716053
epos_dataset_iii/0778.3d,8,8,1471643077,67504,239180,52716216
epos_dataset_iii/0778.pose,8,8,1418043778,61,86,52783822
epos_dataset_iii/0779.3d,8,8,286737112,68128,240638,52783987
epos_dataset_iii/0779.pose,8,8,1209850614,61,86,52852217
epos_dataset_iii/0780.3d,8,8,3503207413,69545,246378,52852382
epos_dataset_iii/0780.pose,8,8,117066076,63,86,52922029
epos_dataset_iii/0781.3d,8,8,994580512,68762,243754,52922196
epos_dataset_iii/0781.pose,8,8,3689928864,63,86,52991060
epos_dataset_iii/0782.3d,8,8,2387381531,68619,243349,52991227
epos_dataset_iii/0782.pose,8,8,3370790420,63,86,53059948
epos_dataset_iii/0783.3d,8,8,3327434747,70100,247893,53060115
epos_dataset_iii/0783.pose,8,8,2748252213,61,86,53130317
epos_dataset_iii/0784.3d,8,8,285003807,69437,246123,53130482
epos_dataset_iii/0784.pose,8,8,1853516702,61,86,53200021
epos_dataset_iii/0785.3d,8,8,666210300,69763,247074,53200186
epos_dataset_iii/0785.pose,8,8,2239188275,62,86,53270051
epos_dataset_iii/0786.3d,8,8,2851547624,71572,253645,53270217
epos_dataset_iii/0786.pose,8,8,1500374275,62,86,53341891
epos_dataset_iii/0787.3d,8,8,3543386622,63472,225034,53342057
epos_dataset_iii/0787.pose,8,8,3551263035,62,86,53405631
epos_dataset_iii/0788.3d,8,8,2630365495,63868,226632,53405797
epos_dataset_iii/0788.pose,8,8,1013442923,62,86,53469767
epos_dataset_iii/0789.3d,8,8,3054697040,64295,228111,53469933
epos_dataset_iii/0789.pose,8,8,996507711,62,86,53534330
epos_dataset_iii/0790.3d,8,8,413776791,64729,229147,53534496
epos_dataset_iii/0790.pose,8,8,2271340958,62,86,53599327
epos_dataset_iii/0791.3d,8,8,791664845,65162,230979,53599493
epos_dataset_iii/0791.pose,8,8,2362071069,62,86,53664757
epos_dataset_iii/0792.3d,8,8,3636323000,66015,234286,53664923
epos_dataset_iii/0792.pose,8,8,1346564220,61,86,53731040
epos_dataset_iii/0793.3d,8,8,1101953251,65762,232732,53731205
epos_dataset_iii/0793.pose,8,8,3399561307,59,86,53797069
epos_dataset_iii/0794.3d,8,8,3267712883,65905,233579,53797232
epos_dataset_iii/0794.pose,8,8,1722689856,61,86,53863239
epos_dataset_iii/0795.3d,8,8,3443901075,66747,236631,53863404
epos_dataset_iii/0795.pose,8,8,1079715097,62,86,53930253
epos_dataset_iii/0796.3d,8,8,775931806,65817,233475,53930419
epos_dataset_iii/0796.pose,8,8,122394997,60,86,53996338
epos_dataset_iii/0797.3d,8,8,158464735,65808,233687,53996502
epos_dataset_iii/0797.pose,8,8,1039256286,62,86,54062412
epos_dataset_iii/0798.3d,8,8,2355203956,67613,239810,54062578
epos_dataset_iii/0798.pose,8,8,2365410181,62,86,54130293
epos_dataset_iii/0799.3d,8,8,3687569252,66510,236130,54130459
epos_dataset_iii/0799.pose,8,8,181369273,63,86,54197071
epos_dataset_iii/0800.3d,8,8,500979736,67560,240117,54197238
epos_dataset_iii/0800.pose,8,8,2935131212,62,86,54264900
epos_dataset_iii/0801.3d,8,8,88725614,68281,242731,54265066
epos_dataset_iii/0801.pose,8,8,3642345579,62,86,54333449
epos_dataset_iii/0802.3d,8,8,613006964,67974,242088,54333615
epos_dataset_iii/0802.pose,8,8,2232398603,63,86,54401691
epos_dataset_iii/0803.3d,8,8,1392711399,69244,245992,54401858
epos_dataset_iii/0803.pose,8,8,2588477426,61,86,54471204
epos_dataset_iii/0804.3d,8,8,1206216526,69334,246020,54471369
epos_dataset_iii/0804.pose,8,8,4065574973,62,86,54540805
epos_dataset_iii/0805.3d,8,8,2759465451,67873,241336,54540971
epos_dataset_iii/0805.pose,8,8,3849633347,61,86,54608946
epos_dataset_iii/0806.3d,8,8,2891476519,69185,245571,54609111
epos_dataset_iii/0806.pose,8,8,3447344541,62,86,54678398
epos_dataset_iii/0807.3d,8,8,640254896,68683,243971,54678564
epos_dataset_iii/0807.pose,8,8,2178684519,61,86,54747349
epos_dataset_iii/0808.3d,8,8,3012070632,68626,244244,54747514
epos_dataset_iii/0808.pose,8,8,1973535667,62,86,54816242
epos_dataset_iii/0809.3d,8,8,810783357,68808,244724,54816408
epos_dataset_iii/0809.pose,8,8,1340492842,62,86,54885318
epos_dataset_iii/0810.3d,8,8,3387735959,68957,245566,54885484
epos_dataset_iii/0810.pose,8,8,1308365385,61,86,54954543
epos_dataset_iii/0811.3d,8,8,23330953,70185,250178,54954708
epos_dataset_iii/0811.pose,8,8,4286512947,62,86,55024995
epos_dataset_iii/0812.3d,8,8,241805661,69436,247800,55025161
epos_dataset_iii/0812.pose,8,8,3524394228,61,86,55094699
epos_dataset_iii/0813.3d,8,8,3299207308,70672,252045,55094864
epos_dataset_iii/0813.pose,8,8,2100907994,62,86,55165638
epos_dataset_iii/0814.3d,8,8,1314522301,70420,250649,55165804
epos_dataset_iii/0814.pose,8,8,4040059234,63,86,55236326
epos_dataset_iii/0815.3d,8,8,283812019,70806,252206,55236493
epos_dataset_iii/0815.pose,8,8,402617613,63,86,55307401
epos_dataset_iii/0816.3d,8,8,2410759778,70199,250180,55307568
epos_dataset_iii/0816.pose,8,8,3844589693,63,86,55377869
epos_dataset_iii/0817.3d,8,8,3106928226,70616,252046,55378036
epos_dataset_iii/0817.pose,8,8,2094566510,62,86,55448754
epos_dataset_iii/0818.3d,8,8,1927346639,70405,250788,55448920
epos_dataset_iii/0818.pose,8,8,4168541520,63,86,55519427
epos_dataset_iii/0819.3d,8,8,2005517277,69806,249369,55519594
epos_dataset_iii/0819.pose,8,8,1233942677,62,86,55589502
epos_dataset_iii/0820.3d,8,8,3431416541,71505,255423,55589668
epos_dataset_iii/0820.pose,8,8,3939876869,62,86,55661275
epos_dataset_iii/0821.3d,8,8,2681957965,64289,228937,55661441
epos_dataset_iii/0821.pose,8,8,4281277963,62,86,55725832
epos_dataset_iii/0822.3d,8,8,296500159,62489,223185,55725998
epos_dataset_iii/0822.pose,8,8,2518176551,62,86,55788589
epos_dataset_iii/0823.3d,8,8,428851139,65367,233099,55788755
epos_dataset_iii/0823.pose,8,8,585764231,63,86,55854224
epos_dataset_iii/0824.3d,8,8,2816892494,62325,222657,55854391
epos_dataset_iii/0824.pose,8,8,3724751448,63,86,55916818
epos_dataset_iii/0825.3d,8,8,3734164911,65488,233508,55916985
epos_dataset_iii/0825.pose,8,8,3530136844,62,86,55982575
epos_dataset_iii/0826.3d,8,8,2734518088,63215,225377,55982741
epos_dataset_iii/0826.pose,8,8,2488007476,62,86,56046058
epos_dataset_iii/0827.3d,8,8,1175712450,65269,233066,56046224
epos_dataset_iii/0827.pose,8,8,596245753,62,86,56111595
epos_dataset_iii/0828.3d,8,8,24677652,64097,229064,56111761
epos_dataset_iii/0828.pose,8,8,3083601491,63,86,56175960
epos_dataset_iii/0829.3d,8,8,4042314362,64545,230562,56176127
epos_dataset_iii/0829.pose,8,8,393962432,62,86,56240774
epos_dataset_iii/0830.3d,8,8,238709191,63907,228749,56240940
epos_dataset_iii/0830.pose,8,8,121166221,62,86,56304949
epos_dataset_iii/0831.3d,8,8,10737558,65394,233916,56305115
epos_dataset_iii/0831.pose,8,8,1316289753,61,86,56370611
epos_dataset_iii/0832.3d,8,8,3170409978,63612,227658,56370776
epos_dataset_iii/0832.pose,8,8,3694423516,63,86,56434490
epos_dataset_iii/0833.3d,8,8,2396875001,66056,236738,56434657
epos_dataset_iii/0833.pose,8,8,761207531,62,86,56500815
epos_dataset_iii/0834.3d,8,8,80060060,63364,226890,56500981
epos_dataset_iii/0834.pose,8,8,1840508045,63,86,56564447
epos_dataset_iii/0835.3d,8,8,4261135311,66776,238706,56564614
epos_dataset_iii/0835.pose,8,8,3696778173,63,86,56631492
epos_dataset_iii/0836.3d,8,8,3628109846,63822,227961,56631659
epos_dataset_iii/0836.pose,8,8,2477232759,62,86,56695583
epos_dataset_iii/0837.3d,8,8,3261136733,65816,236270,56695749
epos_dataset_iii/0837.pose,8,8,643851057,62,86,56761667
epos_dataset_iii/0838.3d,8,8,1068132401,65275,233242,56761833
epos_dataset_iii/0838.pose,8,8,1727506837,61,86,56827210
epos_dataset_iii/0839.3d,8,8,2662354889,65708,235471,56827375
epos_dataset_iii/0839.pose,8,8,1709114598,63,86,56893185
epos_dataset_iii/0840.3d,8,8,3580307125,64345,230352,56893352
epos_dataset_iii/0840.pose,8,8,1623441125,63,86,56957799
epos_dataset_iii/0841.3d,8,8,189449540,66289,237232,56957966
epos_dataset_iii/0841.pose,8,8,4051416683,63,86,57024357
epos_dataset_iii/0842.3d,8,8,3056781691,64230,230313,57024524
epos_dataset_iii/0842.pose,8,8,1349517196,62,86,57088856
epos_dataset_iii/0843.3d,8,8,2098674905,66805,239822,57089022
epos_dataset_iii/0843.pose,8,8,1468804249,63,86,57155929
epos_dataset_iii/0844.3d,8,8,2317628494,64001,229550,57156096
epos_dataset_iii/0844.pose,8,8,2313797302,62,86,57220199
epos_dataset_iii/0845.3d,8,8,4065506509,67672,242105,57220365
epos_dataset_iii/0845.pose,8,8,4069296008,61,86,57288139
epos_dataset_iii/0846.3d,8,8,4143516521,64034,229476,57288304
epos_dataset_iii/0846.pose,8,8,2924789559,61,86,57352440
epos_dataset_iii/0847.3d,8,8,4045361034,67274,241201,57352605
epos_dataset_iii/0847.pose,8,8,1632411294,62,86,57419981
epos_dataset_iii/0848.3d,8,8,2779506979,65446,234542,57420147
epos_dataset_iii/0848.pose,8,8,1968163568,61,86,57485695
epos_dataset_iii/0849.3d,8,8,1965145862,67159,240144,57485860
epos_dataset_iii/0849.pose,8,8,1781867031,61,86,57553121
epos_dataset_iii/0850.3d,8,8,1176716265,64551,231377,57553286
epos_dataset_iii/0850.pose,8,8,1251443691,61,86,57617939
epos_dataset_iii/0851.3d,8,8,2629117886,67578,242419,57618104
epos_dataset_iii/0851.pose,8,8,2727849276,62,86,57685784
epos_dataset_iii/0852.3d,8,8,506627756,65014,233223,57685950
epos_dataset_iii/0852.pose,8,8,2434321880,62,86,57751066
epos_dataset_iii/0853.3d,8,8,991267869,67483,241948,57751232
epos_dataset_iii/0853.pose,8,8,1146846695,61,86,57818817
epos_dataset_iii/0854.3d,8,8,1630459944,65838,236244,57818982
epos_dataset_iii/0854.pose,8,8,1560310741,61,86,57884922
epos_dataset_iii/0855.3d,8,8,2463596317,67720,243137,57885087
epos_dataset_iii/0855.pose,8,8,38407278,61,86,57952909
epos_dataset_iii/0856.3d,8,8,676035318,65294,234219,57953074
epos_dataset_iii/0856.pose,8,8,1544745092,61,86,58018470
epos_dataset_iii/0857.3d,8,8,3945327124,68026,244593,58018635
epos_dataset_iii/0857.pose,8,8,4267710859,62,86,58086763
epos_dataset_iii/0858.3d,8,8,2437110096,65906,236237,58086929
epos_dataset_iii/0858.pose,8,8,3532638427,61,86,58152937
epos_dataset_iii/0859.3d,8,8,2741720792,66946,240428,58153102
epos_dataset_iii/0859.pose,8,8,3826532562,63,86,58220150
epos_dataset_iii/0860.3d,8,8,4275670171,65835,236270,58220317
epos_dataset_iii/0860.pose,8,8,4270815362,63,86,58286254
epos_dataset_iii/0861.3d,8,8,4074850197,67788,242894,58286421
epos_dataset_iii/0861.pose,8,8,1068858504,61,86,58354311
epos_dataset_iii/0862.3d,8,8,1396098417,66065,237001,58354476
epos_dataset_iii/0862.pose,8,8,811579789,60,86,58420643
epos_dataset_iii/0863.3d,8,8,720146522,67955,243814,58420807
epos_dataset_iii/0863.pose,8,8,561808751,61,86,58488864
epos_dataset_iii/0864.3d,8,8,563312491,66050,237315,58489029
epos_dataset_iii/0864.pose,8,8,1329208943,62,86,58555181
epos_dataset_iii/0865.3d,8,8,3448953611,68649,246320,58555347
epos_dataset_iii/0865.pose,8,8,1750531340,62,86,58624098
epos_dataset_iii/0866.3d,8,8,140397748,66350,237749,58624264
epos_dataset_iii/0866.pose,8,8,1416614685,62,86,58690716
epos_dataset_iii/0867.3d,8,8,643282092,68487,245888,58690882
epos_dataset_iii/0867.pose,8,8,3371890854,63,86,58759471
epos_dataset_iii/0868.3d,8,8,1900907070,66756,239268,58759638
epos_dataset_iii/0868.pose,8,8,593591742,61,86,58826496
epos_dataset_iii/0869.3d,8,8,1414998618,67554,242380,58826661
epos_dataset_iii/0869.pose,8,8,3967297473,62,86,58894317
epos_dataset_iii/0870.3d,8,8,2359890312,67057,240902,58894483
epos_dataset_iii/0870.pose,8,8,348083670,61,86,58961642
epos_dataset_iii/0871.3d,8,8,2375010556,67915,243659,58961807
epos_dataset_iii/0871.pose,8,8,2009297325,60,86,59029824
epos_dataset_iii/0872.3d,8,8,1348065640,66299,237747,59029988
epos_dataset_iii/0872.pose,8,8,2303237663,62,86,59096389
epos_dataset_iii/0873.3d,8,8,1766863346,68576,246392,59096555
epos_dataset_iii/0873.pose,8,8,3862452863,60,86,59165233
epos_dataset_iii/0874.3d,8,8,1466711523,66774,239512,59165397
epos_dataset_iii/0874.pose,8,8,3574868618,61,86,59232273
epos_dataset_iii/0875.3d,8,8,3403988879,67881,244345,59232438
epos_dataset_iii/0875.pose,8,8,3094056424,62,86,59300421
epos_dataset_iii/0876.3d,8,8,1763540156,67821,243602,59300587
epos_dataset_iii/0876.pose,8,8,4013105215,62,86,59368510
epos_dataset_iii/0877.3d,8,8,2983102427,67468,242453,59368676
epos_dataset_iii/0877.pose,8,8,2944164363,62,86,59436246
epos_dataset_iii/0878.3d,8,8,1193610983,67502,242465,59436412
epos_dataset_iii/0878.pose,8,8,2673243993,63,86,59504016
epos_dataset_iii/0879.3d,8,8,1382085226,68022,244930,59504183
epos_dataset_iii/0879.pose,8,8,2938042525,61,86,59572307
epos_dataset_iii/0880.3d,8,8,253078284,67724,243374,59572472
epos_dataset_iii/0880.pose,8,8,11434228,61,86,59640298
epos_dataset_iii/0881.3d,8,8,671895132,68421,246323,59640463
epos_dataset_iii/0881.pose,8,8,2649158556,63,86,59708986
epos_dataset_iii/0882.3d,8,8,1638801737,66789,240577,59709153
epos_dataset_iii/0882.pose,8,8,1602110260,62,86,59776044
epos_dataset_iii/0883.3d,8,8,2756295505,69379,249767,59776210
epos_dataset_iii/0883.pose,8,8,2496999981,61,86,59845691
epos_dataset_iii/0884.3d,8,8,3753279686,67252,241675,59845856
epos_dataset_iii/0884.pose,8,8,460872028,62,86,59913210
epos_dataset_iii/0885.3d,8,8,2820415584,68154,245502,59913376
epos_dataset_iii/0885.pose,8,8,2070809663,62,86,59981632
epos_dataset_iii/0886.3d,8,8,3287049009,68209,245280,59981798
epos_dataset_iii/0886.pose,8,8,727332731,62,86,60050109
epos_dataset_iii/0887.3d,8,8,228285257,68248,245459,60050275
epos_dataset_iii/0887.pose,8,8,1435366565,61,86,60118625
epos_dataset_iii/0888.3d,8,8,1950980553,68162,245577,60118790
epos_dataset_iii/0888.pose,8,8,1796998527,61,86,60187054
epos_dataset_iii/0889.3d,8,8,2761469311,68209,245576,60187219
epos_dataset_iii/0889.pose,8,8,3455193747,61,86,60255530
epos_dataset_iii/0890.3d,8,8,1713244472,68297,246270,60255695
epos_dataset_iii/0890.pose,8,8,3703395266,62,86,60324094
epos_dataset_iii/0891.3d,8,8,3945948358,68867,247888,60324260
epos_dataset_iii/0891.pose,8,8,1597129728,61,86,60393229
epos_dataset_iii/0892.3d,8,8,4096927708,67536,242699,60393394
epos_dataset_iii/0892.pose,8,8,1536202113,62,86,60461032
epos_dataset_iii/0893.3d,8,8,4162052227,69693,251233,60461198
epos_dataset_iii/0893.pose,8,8,1494303277,63,86,60530993
epos_dataset_iii/0894.3d,8,8,2489649869,67699,243317,60531160
epos_dataset_iii/0894.pose,8,8,2905592324,61,86,60598961
epos_dataset_iii/0895.3d,8,8,2661932547,68569,247420,60599126
epos_dataset_iii/0895.pose,8,8,1551356169,61,86,60667797
epos_dataset_iii/0896.3d,8,8,1788812802,68245,245463,60667962
epos_dataset_iii/0896.pose,8,8,1129898885,61,86,60736309
epos_dataset_iii/0897.3d,8,8,568373560,68617,247174,60736474
epos_dataset_iii/0897.pose,8,8,1543061584,61,86,60805193
epos_dataset_iii/0898.3d,8,8,1878363650,68815,248044,60805358
epos_dataset_iii/0898.pose,8,8,2107593692,62,86,60874275
epos_dataset_iii/0899.3d,8,8,2950581358,68930,248433,60874441
epos_dataset_iii/0899.pose,8,8,1585747354,61,86,60943473
epos_dataset_iii/0900.3d,8,8,1264699537,68779,248026,60943638
epos_dataset_iii/0900.pose,8,8,2524683617,59,86,61012519
epos_dataset_iii/0901.3d,8,8,1787116237,69107,249137,61012682
epos_dataset_iii/0901.pose,8,8,2778890657,62,86,61081891
epos_dataset_iii/0902.3d,8,8,3516137002,68676,247939,61082057
epos_dataset_iii/0902.pose,8,8,1148484270,61,86,61150835
epos_dataset_iii/0903.3d,8,8,3900125735,68519,247190,61151000
epos_dataset_iii/0903.pose,8,8,1786517814,60,86,61219621
epos_dataset_iii/0904.3d,8,8,1440705625,68398,246691,61219785
epos_dataset_iii/0904.pose,8,8,3029476185,61,86,61288285
epos_dataset_iii/0905.3d,8,8,1857654187,68690,247896,61288450
epos_dataset_iii/0905.pose,8,8,2648727957,63,86,61357242
epos_dataset_iii/0906.3d,8,8,2467821427,68797,248350,61357409
epos_dataset_iii/0906.pose,8,8,1352592723,61,86,61426308
epos_dataset_iii/0907.3d,8,8,3075265735,69309,249806,61426473
epos_dataset_iii/0907.pose,8,8,3592241690,62,86,61495884
epos_dataset_iii/0908.3d,8,8,2801739269,69222,249719,61496050
epos_dataset_iii/0908.pose,8,8,2614423576,63,86,61565374
epos_dataset_iii/0909.3d,8,8,2586030520,69907,251791,61565541
epos_dataset_iii/0909.pose,8,8,3299263049,60,86,61635550
epos_dataset_iii/0910.3d,8,8,365864674,68899,248214,61635714
epos_dataset_iii/0910.pose,8,8,2427313738,61,86,61704715
epos_dataset_iii/0911.3d,8,8,3977996167,69432,250558,61704880
epos_dataset_iii/0911.pose,8,8,1616496589,61,86,61774414
epos_dataset_iii/0912.3d,8,8,457291356,69988,252320,61774579
epos_dataset_iii/0912.pose,8,8,1190392404,61,86,61844669
epos_dataset_iii/0913.3d,8,8,4275719545,68973,249002,61844834
epos_dataset_iii/0913.pose,8,8,3860424210,60,86,61913909
epos_dataset_iii/0914.3d,8,8,751365009,69303,250161,61914073
epos_dataset_iii/0914.pose,8,8,841434895,59,86,61983478
epos_dataset_iii/0915.3d,8,8,1353329436,69839,252383,61983641
epos_dataset_iii/0915.pose,8,8,694035689,60,86,62053582
epos_dataset_iii/0916.3d,8,8,2070588168,70370,253857,62053746
epos_dataset_iii/0916.pose,8,8,2540518204,61,86,62124218
epos_dataset_iii/0917.3d,8,8,1988280973,66376,239407,62124383
epos_dataset_iii/0917.pose,8,8,4165869279,61,86,62190861
epos_dataset_iii/0918.3d,8,8,279883886,66218,238633,62191026
epos_dataset_iii/0918.pose,8,8,2891341995,62,86,62257346
epos_dataset_iii/0919.3d,8,8,4187707962,67131,241922,62257512
epos_dataset_iii/0919.pose,8,8,313730568,61,86,62324745
epos_dataset_iii/0920.3d,8,8,2693868759,67374,243209,62324910
epos_dataset_iii/0920.pose,8,8,656040706,62,86,62392386
epos_dataset_iii/0921.3d,8,8,615749825,66846,240873,62392552
epos_dataset_iii/0921.pose,8,8,1567209246,62,86,62459500
epos_dataset_iii/0922.3d,8,8,1867776683,67816,244422,62459666
epos_dataset_iii/0922.pose,8,8,511287554,61,86,62527584
epos_dataset_iii/0923.3d,8,8,4121794128,68065,245383,62527749
epos_dataset_iii/0923.pose,8,8,389183251,62,86,62595916
epos_dataset_iii/0924.3d,8,8,1857905667,67694,243758,62596082
epos_dataset_iii/0924.pose,8,8,2910079731,61,86,62663878
epos_dataset_iii/0925.3d,8,8,3930278658,68068,245758,62664043
epos_dataset_iii/0925.pose,8,8,1013481920,61,86,62732213
epos_dataset_iii/0926.3d,8,8,1115782541,68972,248734,62732378
epos_dataset_iii/0926.pose,8,8,1294987382,63,86,62801452
epos_dataset_iii/0927.3d,8,8,1832729140,68357,246034,62801619
epos_dataset_iii/0927.pose,8,8,2630112106,60,86,62870078
epos_dataset_iii/0928.3d,8,8,1551537321,68709,248293,62870242
epos_dataset_iii/0928.pose,8,8,1333959029,62,86,62939053
epos_dataset_iii/0929.3d,8,8,336169563,69444,250031,62939219
epos_dataset_iii/0929.pose,8,8,17703269,61,86,63008765
epos_dataset_iii/0930.3d,8,8,3623493037,67607,244064,63008930
epos_dataset_iii/0930.pose,8,8,1405204061,62,86,63076639
epos_dataset_iii/0931.3d,8,8,3638739628,69876,252296,63076805
epos_dataset_iii/0931.pose,8,8,2932161277,62,86,63146783
epos_dataset_iii/0932.3d,8,8,398837009,70065,253328,63146949
epos_dataset_iii/0932.pose,8,8,1146667140,60,86,63217116
epos_dataset_iii/0933.3d,8,8,3633275140,68794,247851,63217280
epos_dataset_iii/0933.pose,8,8,2299425774,61,86,63286176
epos_dataset_iii/0934.3d,8,8,279095165,70537,254923,63286341
epos_dataset_iii/0934.pose,8,8,2728787021,62,86,63356980
epos_dataset_iii/0935.3d,8,8,818141112,70432,254604,63357146
epos_dataset_iii/0935.pose,8,8,1214807435,60,86,63427680
epos_dataset_iii/0936.3d,8,8,1560931895,69597,251459,63427844
epos_dataset_iii/0936.pose,8,8,3204959609,61,86,63497543
epos_dataset_iii/0937.3d,8,8,850729606,71084,256534,63497708
epos_dataset_iii/0937.pose,8,8,2366868592,61,86,63568894
epos_dataset_iii/0938.3d,8,8,211841436,71571,258012,63569059
epos_dataset_iii/0938.pose,8,8,1045398615,61,86,63640732
epos_dataset_iii/0939.3d,8,8,304691093,70428,254400,63640897
epos_dataset_iii/0939.pose,8,8,1842533285,63,86,63711427
epos_dataset_iii/0940.3d,8,8,1733335401,71883,259963,63711594
epos_dataset_iii/0940.pose,8,8,2308698055,61,86,63783579
epos_dataset_iii/0941.3d,8,8,2741518554,71701,258752,63783744
epos_dataset_iii/0941.pose,8,8,2456202600,63,86,63855547
epos_dataset_iii/0942.3d,8,8,2486366119,71150,256986,63855714
epos_dataset_iii/0942.pose,8,8,3669185470,60,86,63926966
epos_dataset_iii/0943.3d,8,8,3475798203,72049,260551,63927130
epos_dataset_iii/0943.pose,8,8,2973600717,59,86,63999281
epos_dataset_iii/0944.3d,8,8,959416612,72931,263861,63999444
epos_dataset_iii/0944.pose,8,8,294104076,61,86,64072477
epos_dataset_iii/0945.3d,8,8,4144736350,71947,259514,64072642
epos_dataset_iii/0945.pose,8,8,744626105,61,86,64144691
epos_dataset_iii/0946.3d,8,8,787632193,73012,263824,64144856
epos_dataset_iii/0946.pose,8,8,2103731319,62,86,64217970
epos_dataset_iii/0947.3d,8,8,271531770,73965,266714,64218136
epos_dataset_iii/0947.pose,8,8,3002209486,62,86,64292203
epos_dataset_iii/0948.3d,8,8,1395954617,73147,263942,64292369
epos_dataset_iii/0948.pose,8,8,2710287634,62,86,64365618
epos_dataset_iii/0949.3d,8,8,2374580172,74708,269832,64365784
epos_dataset_iii/0949.pose,8,8,912412726,61,86,64440594
epos_dataset_iii/0950.3d,8,8,895655163,74320,268760,64440759
epos_dataset_iii/0950.pose,8,8,2859053220,62,86,64515181
epos_dataset_iii/0951.3d,8,8,3649100185,73605,265595,64515347
epos_dataset_iii/0951.pose,8,8,1321877887,62,86,64589054
epos_dataset_iii/0952.3d,8,8,3750422218,74294,269323,64589220
epos_dataset_iii/0952.pose,8,8,2899149746,61,86,64663616
epos_dataset_iii/0953.3d,8,8,3318026422,75188,271699,64663781
epos_dataset_iii/0953.pose,8,8,3195588384,59,86,64739071
epos_dataset_iii/0954.3d,8,8,3478943660,74397,268792,64739234
epos_dataset_iii/0954.pose,8,8,207629847,61,86,64813733
epos_dataset_iii/0955.3d,8,8,3576495587,74907,271296,64813898
epos_dataset_iii/0955.pose,8,8,690726719,62,86,64888907
epos_dataset_iii/0956.3d,8,8,1696522209,75624,273590,64889073
epos_dataset_iii/0956.pose,8,8,1186238024,62,86,64964799
epos_dataset_iii/0957.3d,8,8,660547949,74704,270181,64964965
epos_dataset_iii/0957.pose,8,8,3824017382,60,86,65039771
epos_dataset_iii/0958.3d,8,8,2496704846,75399,272794,65039935
epos_dataset_iii/0958.pose,8,8,3632356987,62,86,65115436
epos_dataset_iii/0959.3d,8,8,180871150,76566,277061,65115602
epos_dataset_iii/0959.pose,8,8,4273173587,59,86,65192270
epos_dataset_iii/0960.3d,8,8,1051580939,75196,271573,65192433
epos_dataset_iii/0960.pose,8,8,4217237981,61,86,65267731
epos_dataset_iii/0961.3d,8,8,4165547182,76958,278255,65267896
epos_dataset_iii/0961.pose,8,8,2534695180,62,86,65344956
epos_dataset_iii/0962.3d,8,8,628652939,77021,278521,65345122
epos_dataset_iii/0962.pose,8,8,3302623699,60,86,65422245
epos_dataset_iii/0963.3d,8,8,3164685842,75761,274032,65422409
epos_dataset_iii/0963.pose,8,8,2328052837,62,86,65498272
epos_dataset_iii/0964.3d,8,8,2754176656,77489,280183,65498438
epos_dataset_iii/0964.pose,8,8,4146017272,63,86,65576029
epos_dataset_iii/0965.3d,8,8,439767903,78091,282196,65576196
epos_dataset_iii/0965.pose,8,8,4104021774,62,86,65654389
epos_dataset_iii/0966.3d,8,8,3313006745,76336,275969,65654555
epos_dataset_iii/0966.pose,8,8,1924309008,63,86,65730993
epos_dataset_iii/0967.3d,8,8,427939014,77823,281418,65731160
epos_dataset_iii/0967.pose,8,8,3132386022,61,86,65809085
epos_dataset_iii/0968.3d,8,8,3103220781,78293,283407,65809250
epos_dataset_iii/0968.pose,8,8,2427247851,61,86,65887645
epos_dataset_iii/0969.3d,8,8,219490550,77179,279032,65887810
epos_dataset_iii/0969.pose,8,8,1129139477,61,86,65965091
epos_dataset_iii/0970.3d,8,8,1490688748,78171,283404,65965256
epos_dataset_iii/0970.pose,8,8,1768974249,61,86,66043529
epos_dataset_iii/0971.3d,8,8,1226241794,78241,283364,66043694
epos_dataset_iii/0971.pose,8,8,2194881837,61,86,66122037
epos_dataset_iii/0972.3d,8,8,3952102705,78438,283503,66122202
epos_dataset_iii/0972.pose,8,8,880431148,61,86,66200742
epos_dataset_iii/0973.3d,8,8,279184850,78212,283712,66200907
epos_dataset_iii/0973.pose,8,8,1939551823,62,86,66279221
epos_dataset_iii/0974.3d,8,8,517633131,78372,283938,66279387
epos_dataset_iii/0974.pose,8,8,2928794809,61,86,66357861
epos_dataset_iii/0975.3d,8,8,2866297151,78395,283478,66358026
epos_dataset_iii/0975.pose,8,8,2296523044,62,86,66436523
epos_dataset_iii/0976.3d,8,8,1122467353,78665,284742,66436689
epos_dataset_iii/0976.pose,8,8,2579233283,59,86,66515456
epos_dataset_iii/0977.3d,8,8,4107498236,77597,281585,66515619
epos_dataset_iii/0977.pose,8,8,1342436669,61,86,66593318
epos_dataset_iii/0978.3d,8,8,2383565820,78807,284762,66593483
epos_dataset_iii/0978.pose,8,8,2822513501,61,86,66672392
epos_dataset_iii/0979.3d,8,8,829294229,78761,285784,66672557
epos_dataset_iii/0979.pose,8,8,944772458,60,86,66751420
epos_dataset_iii/0980.3d,8,8,1462216511,77744,281904,66751584
epos_dataset_iii/0980.pose,8,8,1657952717,61,86,66829430
epos_dataset_iii/0981.3d,8,8,2960204891,79312,287186,66829595
epos_dataset_iii/0981.pose,8,8,354805330,61,86,66909009
epos_dataset_iii/0982.3d,8,8,2857191416,78690,285352,66909174
epos_dataset_iii/0982.pose,8,8,3652755057,61,86,66987966
epos_dataset_iii/0983.3d,8,8,2255072700,78911,285997,66988131
epos_dataset_iii/0983.pose,8,8,3390356342,61,86,67067144
epos_dataset_iii/0984.3d,8,8,263552050,79740,288955,67067309
epos_dataset_iii/0984.pose,8,8,401751089,62,86,67147151
epos_dataset_iii/0985.3d,8,8,938231610,78590,285538,67147317
epos_dataset_iii/0985.pose,8,8,2057170347,63,86,67226009
epos_dataset_iii/0986.3d,8,8,3876446219,79241,287777,67226176
epos_dataset_iii/0986.pose,8,8,3993639705,62,86,67305519
epos_dataset_iii/0987.3d,8,8,2229738302,79295,288126,67305685
epos_dataset_iii/0987.pose,8,8,257628060,62,86,67385082
epos_dataset_iii/0988.3d,8,8,2248289803,79603,289441,67385248
epos_dataset_iii/0988.pose,8,8,1070769469,60,86,67464953
epos_dataset_iii/0989.3d,8,8,2550029165,80190,291253,67465117
epos_dataset_iii/0989.pose,8,8,938315360,61,86,67545409
epos_dataset_iii/0990.3d,8,8,3258106315,80368,291670,67545574
epos_dataset_iii/0990.pose,8,8,2082932815,60,86,67626044
epos_dataset_iii/0991.3d,8,8,1762964822,80047,290460,67626208
epos_dataset_iii/0991.pose,8,8,4243830591,60,86,67706357
epos_dataset_iii/0992.3d,8,8,1955474720,80588,292811,67706521
epos_dataset_iii/0992.pose,8,8,2957433740,63,86,67787211
epos_dataset_iii/0993.3d,8,8,2391229301,80081,290342,67787378
epos_dataset_iii/0993.pose,8,8,398376481,62,86,67867561
epos_dataset_iii/0994.3d,8,8,2620528165,81310,294592,67867727
epos_dataset_iii/0994.pose,8,8,1147842774,61,86,67949139
epos_dataset_iii/0995.3d,8,8,352619062,80156,291047,67949304
epos_dataset_iii/0995.pose,8,8,993685120,60,86,68029562
epos_dataset_iii/0996.3d,8,8,3375645421,80380,291438,68029726
epos_dataset_iii/0996.pose,8,8,556372810,61,86,68110208
epos_dataset_iii/0997.3d,8,8,659091899,80698,293005,68110373
epos_dataset_iii/0997.pose,8,8,3245476429,60,86,68191173
epos_dataset_iii/0998.3d,8,8,1379383080,79919,289508,68191337
epos_dataset_iii/0998.pose,8,8,2626068906,61,86,68271358
epos_dataset_iii/0999.3d,8,8,3453013288,79476,288044,68271523
epos_dataset_iii/0999.pose,8,8,1949747487,60,86,68351101
epos_dataset_iii/1000.3d,8,8,1940586084,80030,290992,68351265
epos_dataset_iii/1000.pose,8,8,1311729786,61,86,68431397
epos_dataset_iii/1001.3d,8,8,4166822842,79689,288697,68431562
epos_dataset_iii/1001.pose,8,8,1561771658,61,86,68511353
epos_dataset_iii/1002.3d,8,8,2557651693,78573,284405,68511518
epos_dataset_iii/1002.pose,8,8,3011197024,62,86,68590193
epos_dataset_iii/1003.3d,8,8,3876668610,80180,291627,68590359
epos_dataset_iii/1003.pose,8,8,2020994462,63,86,68670641
epos_dataset_iii/1004.3d,8,8,84912345,78361,284713,68670808
epos_dataset_iii/1004.pose,8,8,821557008,61,86,68749271
epos_dataset_iii/1005.3d,8,8,1417322290,78500,284606,68749436
epos_dataset_iii/1005.pose,8,8,3184928899,61,86,68828038
epos_dataset_iii/1006.3d,8,8,493167165,79998,290896,68828203
epos_dataset_iii/1006.pose,8,8,172768361,61,86,68908303
epos_dataset_iii/1007.3d,8,8,2064415555,78442,284268,68908468
epos_dataset_iii/1007.pose,8,8,4035801478,60,86,68987012
epos_dataset_iii/1008.3d,8,8,3883140958,79170,287281,68987176
epos_dataset_iii/1008.pose,8,8,4062939140,62,86,69066448
epos_dataset_iii/1009.3d,8,8,3002410778,79862,289327,69066614
epos_dataset_iii/1009.pose,8,8,4201705874,62,86,69146578
epos_dataset_iii/1010.3d,8,8,2122748942,77791,282433,69146744
epos_dataset_iii/1010.pose,8,8,2220962478,61,86,69224637
epos_dataset_iii/1011.3d,8,8,2514001280,78345,284909,69224802
epos_dataset_iii/1011.pose,8,8,2135725008,60,86,69303249
epos_dataset_iii/1012.3d,8,8,1999887395,79523,288038,69303413
epos_dataset_iii/1012.pose,8,8,3380548013,62,86,69383038
epos_dataset_iii/1013.3d,8,8,952912407,78220,284405,69383204
epos_dataset_iii/1013.pose,8,8,1716948302,63,86,69461526
epos_dataset_iii/1014.3d,8,8,1004599144,79689,289094,69461693
epos_dataset_iii/1014.pose,8,8,4277366136,62,86,69541484
epos_dataset_iii/1015.3d,8,8,3951761702,79158,287336,69541650
epos_dataset_iii/1015.pose,8,8,2443501734,63,86,69620910
epos_dataset_iii/1016.3d,8,8,3568226113,78364,284173,69621077
epos_dataset_iii/1016.pose,8,8,3103690996,61,86,69699543
epos_dataset_iii/1017.3d,8,8,3575859381,79890,290431,69699708
epos_dataset_iii/1017.pose,8,8,2753648709,63,86,69779700
epos_dataset_iii/1018.3d,8,8,2908082598,79028,286727,69779867
epos_dataset_iii/1018.pose,8,8,4262846997,63,86,69858997
epos_dataset_iii/1019.3d,8,8,3770408548,78683,285577,69859164
epos_dataset_iii/1019.pose,8,8,1553177300,61,86,69937949
epos_dataset_iii/1020.3d,8,8,3655702788,79769,289890,69938114
epos_dataset_iii/1020.pose,8,8,485569080,63,86,70017985
epos_dataset_iii/1021.3d,8,8,2717675572,78235,284626,70018152
epos_dataset_iii/1021.pose,8,8,818807197,62,86,70096489
epos_dataset_iii/1022.3d,8,8,907182755,79221,287439,70096655
epos_dataset_iii/1022.pose,8,8,2566960731,62,86,70175978
epos_dataset_iii/1023.3d,8,8,1872556199,79598,289394,70176144
epos_dataset_iii/1023.pose,8,8,3414160445,61,86,70255844
epos_dataset_iii/1024.3d,8,8,1563383478,79071,287220,70256009
epos_dataset_iii/1024.pose,8,8,2117689922,62,86,70335182
epos_dataset_iii/1025.3d,8,8,2616622582,79529,288574,70335348
epos_dataset_iii/1025.pose,8,8,3748542648,61,86,70414979
epos_dataset_iii/1026.3d,8,8,2589710992,78913,286796,70415144
epos_dataset_iii/1026.pose,8,8,2667999184,62,86,70494159
epos_dataset_iii/1027.3d,8,8,1988133405,79834,291609,70494325
epos_dataset_iii/1027.pose,8,8,3812919745,62,86,70574261
epos_dataset_iii/1028.3d,8,8,383712562,79629,288915,70574427
epos_dataset_iii/1028.pose,8,8,2618338266,60,86,70654158
epos_dataset_iii/1029.3d,8,8,2989826893,80009,290888,70654322
epos_dataset_iii/1029.pose,8,8,915333362,61,86,70734433
epos_dataset_iii/1030.3d,8,8,3239284342,80186,292192,70734598
epos_dataset_iii/1030.pose,8,8,2114128251,60,86,70814886
epos_dataset_iii/1031.3d,8,8,1479644645,79295,288617,70815050
epos_dataset_iii/1031.pose,8,8,3798659689,62,86,70894447
epos_dataset_iii/1032.3d,8,8,2932016955,81152,295228,70894613
epos_dataset_iii/1032.pose,8,8,4031499622,61,86,70975867
epos_dataset_iii/1033.3d,8,8,150181249,80022,290859,70976032
epos_dataset_iii/1033.pose,8,8,84129551,61,86,71056156
epos_dataset_iii/1034.3d,8,8,222764978,80830,294544,71056321
epos_dataset_iii/1034.pose,8,8,3774188890,61,86,71137253
epos_dataset_iii/1035.3d,8,8,3555763572,81450,296590,71137418
epos_dataset_iii/1035.pose,8,8,378268904,62,86,71218970
epos_dataset_iii/1036.3d,8,8,1830377229,80297,292529,71219136
epos_dataset_iii/1036.pose,8,8,1204311900,62,86,71299535
epos_dataset_iii/1037.3d,8,8,3212742558,81023,295035,71299701
epos_dataset_iii/1037.pose,8,8,4262127423,62,86,71380826
epos_dataset_iii/1038.3d,8,8,444340811,81208,296296,71380992
epos_dataset_iii/1038.pose,8,8,3826648979,62,86,71462302
epos_dataset_iii/1039.3d,8,8,3810499596,80792,295278,71462468
epos_dataset_iii/1039.pose,8,8,3342847349,61,86,71543362
epos_dataset_iii/1040.3d,8,8,1963209980,81352,296444,71543527
epos_dataset_iii/1040.pose,8,8,957741382,62,86,71624981
epos_dataset_iii/1041.3d,8,8,3517516846,81622,296780,71625147
epos_dataset_iii/1041.pose,8,8,1908379739,62,86,71706871
epos_dataset_iii/1042.3d,8,8,1901336145,81200,296787,71707037
epos_dataset_iii/1042.pose,8,8,3559635366,62,86,71788339
epos_dataset_iii/1043.3d,8,8,1402729444,81514,297516,71788505
epos_dataset_iii/1043.pose,8,8,1193975317,61,86,71870121
epos_dataset_iii/1044.3d,8,8,1581474820,82202,299334,71870286
epos_dataset_iii/1044.pose,8,8,2317536416,61,86,71952590
epos_dataset_iii/1045.3d,8,8,1644075903,81855,298070,71952755
epos_dataset_iii/1045.pose,8,8,4245491808,61,86,72034712
epos_dataset_iii/1046.3d,8,8,515631699,81901,299205,72034877
epos_dataset_iii/1046.pose,8,8,2104467856,60,86,72116880
epos_dataset_iii/1047.3d,8,8,772860498,82373,300553,72117044
epos_dataset_iii/1047.pose,8,8,3718382028,60,86,72199519
epos_dataset_iii/1048.3d,8,8,2566074062,81759,299066,72199683
epos_dataset_iii/1048.pose,8,8,2856805115,62,86,72281544
epos_dataset_iii/1049.3d,8,8,3771702690,82796,302892,72281710
epos_dataset_iii/1049.pose,8,8,2583976813,62,86,72364608
epos_dataset_iii/1050.3d,8,8,3360171764,82772,301260,72364774
epos_dataset_iii/1050.pose,8,8,2331363286,63,86,72447648
epos_dataset_iii/1051.3d,8,8,900522474,82006,300219,72447815
epos_dataset_iii/1051.pose,8,8,3362412345,62,86,72529923
epos_dataset_iii/1052.3d,8,8,2563952,83201,303769,72530089
epos_dataset_iii/1052.pose,8,8,2932423081,61,86,72613392
epos_dataset_iii/1053.3d,8,8,4037319092,82523,301073,72613557
epos_dataset_iii/1053.pose,8,8,1311002420,62,86,72696182
epos_dataset_iii/1054.3d,8,8,2580880047,82316,301296,72696348
epos_dataset_iii/1054.pose,8,8,3238203501,60,86,72778766
epos_dataset_iii/1055.3d,8,8,621836779,83293,304922,72778930
epos_dataset_iii/1055.pose,8,8,2788877363,61,86,72862325
epos_dataset_iii/1056.3d,8,8,936052577,82520,301433,72862490
epos_dataset_iii/1056.pose,8,8,2279239463,61,86,72945112
epos_dataset_iii/1057.3d,8,8,2650590149,82897,303880,72945277
epos_dataset_iii/1057.pose,8,8,1988863254,61,86,73028276
epos_dataset_iii/1058.3d,8,8,1296597605,84311,308620,73028441
epos_dataset_iii/1058.pose,8,8,3549497166,61,86,73112854
epos_dataset_iii/1059.3d,8,8,2918832585,82653,302206,73113019
epos_dataset_iii/1059.pose,8,8,4082620106,60,86,73195774
epos_dataset_iii/1060.3d,8,8,3295886800,83643,306569,73195938
epos_dataset_iii/1060.pose,8,8,116496938,62,86,73279683
epos_dataset_iii/1061.3d,8,8,3158560591,83843,307891,73279849
epos_dataset_iii/1061.pose,8,8,1827082897,61,86,73363794
epos_dataset_iii/1062.3d,8,8,3086242724,82317,301673,73363959
epos_dataset_iii/1062.pose,8,8,510829200,62,86,73446378
epos_dataset_iii/1063.3d,8,8,3058277698,84342,310240,73446544
epos_dataset_iii/1063.pose,8,8,3344118252,61,86,73530988
epos_dataset_iii/1064.3d,8,8,1499326547,83226,305766,73531153
epos_dataset_iii/1064.pose,8,8,2530785111,62,86,73614481
epos_dataset_iii/1065.3d,8,8,3534120917,82496,301910,73614647
epos_dataset_iii/1065.pose,8,8,2753995615,61,86,73697245
epos_dataset_iii/1066.3d,8,8,1064873011,83113,305609,73697410
epos_dataset_iii/1066.pose,8,8,4044253455,62,86,73780625
epos_dataset_iii/1067.3d,8,8,3949591837,83505,306919,73780791
epos_dataset_iii/1067.pose,8,8,3986553898,62,86,73864398
epos_dataset_iii/1068.3d,8,8,3920187412,82394,302443,73864564
epos_dataset_iii/1068.pose,8,8,3800042589,61,86,73947060
epos_dataset_iii/1069.3d,8,8,245229899,83956,308248,73947225
epos_dataset_iii/1069.pose,8,8,557410741,62,86,74031283
epos_dataset_iii/1070.3d,8,8,3974412802,84097,308467,74031449
epos_dataset_iii/1070.pose,8,8,2297027792,63,86,74115648
epos_dataset_iii/1071.3d,8,8,721088640,82303,302741,74115815
epos_dataset_iii/1071.pose,8,8,706179878,62,86,74198220
epos_dataset_iii/1072.3d,8,8,3043667779,83301,305864,74198386
epos_dataset_iii/1072.pose,8,8,2387091600,62,86,74281789
epos_dataset_iii/1073.3d,8,8,3303342654,82995,305261,74281955
epos_dataset_iii/1073.pose,8,8,3587212121,62,86,74365052
epos_dataset_iii/1074.3d,8,8,525936298,83414,305947,74365218
epos_dataset_iii/1074.pose,8,8,2955159568,61,86,74448734
epos_dataset_iii/1075.3d,8,8,1841156704,83625,307054,74448899
epos_dataset_iii/1075.pose,8,8,1211507513,63,86,74532626
epos_dataset_iii/1076.3d,8,8,2135571793,83338,305996,74532793
epos_dataset_iii/1076.pose,8,8,3701035183,62,86,74616233
epos_dataset_iii/1077.3d,8,8,1863052269,83344,305920,74616399
epos_dataset_iii/1077.pose,8,8,1385642256,62,86,74699845
epos_dataset_iii/1078.3d,8,8,2581800406,83671,307070,74700011
epos_dataset_iii/1078.pose,8,8,4138367100,63,86,74783784
epos_dataset_iii/1079.3d,8,8,1109705285,84483,310105,74783951
epos_dataset_iii/1079.pose,8,8,2621411316,61,86,74868536
epos_dataset_iii/1080.3d,8,8,2380684834,83291,305894,74868701
epos_dataset_iii/1080.pose,8,8,1212489826,62,86,74952094
epos_dataset_iii/1081.3d,8,8,731247213,82781,303840,74952260
epos_dataset_iii/1081.pose,8,8,586476565,61,86,75035143
epos_dataset_iii/1082.3d,8,8,928078164,84068,307914,75035308
epos_dataset_iii/1082.pose,8,8,3703491318,62,86,75119478
epos_dataset_iii/1083.3d,8,8,417715398,83569,307361,75119644
epos_dataset_iii/1083.pose,8,8,3871797734,63,86,75203315
epos_dataset_iii/1084.3d,8,8,1752745883,82145,301812,75203482
epos_dataset_iii/1084.pose,8,8,37707503,63,86,75285729
epos_dataset_iii/1085.3d,8,8,4083387459,83454,306225,75285896
epos_dataset_iii/1085.pose,8,8,3874476193,62,86,75369452
epos_dataset_iii/1086.3d,8,8,2217381636,81459,299735,75369618
epos_dataset_iii/1086.pose,8,8,332262780,63,86,75451179
epos_dataset_iii/1087.3d,8,8,4185920650,82284,302427,75451346
epos_dataset_iii/1087.pose,8,8,729195282,62,86,75533732
epos_dataset_iii/1088.3d,8,8,1625372062,83081,305384,75533898
epos_dataset_iii/1088.pose,8,8,710029044,62,86,75617081
epos_dataset_iii/1089.3d,8,8,2088402231,81283,298688,75617247
epos_dataset_iii/1089.pose,8,8,2078826742,62,86,75698632
epos_dataset_iii/1090.3d,8,8,2378703021,81679,300494,75698798
epos_dataset_iii/1090.pose,8,8,2136485742,62,86,75780579
epos_dataset_iii/1091.3d,8,8,1289212955,82650,303428,75780745
epos_dataset_iii/1091.pose,8,8,1957943754,61,86,75863497
epos_dataset_iii/1092.3d,8,8,4024262744,80330,295074,75863662
epos_dataset_iii/1092.pose,8,8,3798091172,61,86,75944094
epos_dataset_iii/1093.3d,8,8,835947162,81579,300256,75944259
epos_dataset_iii/1093.pose,8,8,760810455,62,86,76025940
epos_dataset_iii/1094.3d,8,8,2019392833,82270,302488,76026106
epos_dataset_iii/1094.pose,8,8,2998025100,62,86,76108478
epos_dataset_iii/1095.3d,8,8,1914979729,80442,295569,76108644
epos_dataset_iii/1095.pose,8,8,400108750,61,86,76189188
epos_dataset_iii/1096.3d,8,8,1166281391,81226,298909,76189353
epos_dataset_iii/1096.pose,8,8,1638197662,60,86,76270681
epos_dataset_iii/1097.3d,8,8,2409232217,81985,301620,76270845
epos_dataset_iii/1097.pose,8,8,4155855260,61,86,76352932
epos_dataset_iii/1098.3d,8,8,2826637461,80655,296266,76353097
epos_dataset_iii/1098.pose,8,8,3101005315,62,86,76433854
epos_dataset_iii/1099.3d,8,8,978054380,81405,300461,76434020
epos_dataset_iii/1099.pose,8,8,20616993,62,86,76515527
epos_dataset_iii/1100.3d,8,8,4138414950,81893,301248,76515693
epos_dataset_iii/1100.pose,8,8,3171682651,62,86,76597688
epos_dataset_iii/1101.3d,8,8,2862440095,80295,295402,76597854
epos_dataset_iii/1101.pose,8,8,1267295508,62,86,76678251
epos_dataset_iii/1102.3d,8,8,454753654,82462,303724,76678417
epos_dataset_iii/1102.pose,8,8,2616282599,60,86,76760981
epos_dataset_iii/1103.3d,8,8,3723429994,81512,300052,76761145
epos_dataset_iii/1103.pose,8,8,1904232669,61,86,76842759
epos_dataset_iii/1104.3d,8,8,1753258153,79546,292566,76842924
epos_dataset_iii/1104.pose,8,8,1966989987,62,86,76922572
epos_dataset_iii/1105.3d,8,8,129425591,81952,302403,76922738
epos_dataset_iii/1105.pose,8,8,2868173806,62,86,77004792
epos_dataset_iii/1106.3d,8,8,210116482,80675,297308,77004958
epos_dataset_iii/1106.pose,8,8,2675143613,62,86,77085735
epos_dataset_iii/1107.3d,8,8,984241722,79425,292905,77085901
epos_dataset_iii/1107.pose,8,8,422274342,62,86,77165428
epos_dataset_iii/1108.3d,8,8,3820872498,81567,300991,77165594
epos_dataset_iii/1108.pose,8,8,3524643030,61,86,77247263
epos_dataset_iii/1109.3d,8,8,1686735422,80001,295394,77247428
epos_dataset_iii/1109.pose,8,8,3005404298,63,86,77327531
epos_dataset_iii/1110.3d,8,8,3127097248,79552,293233,77327698
epos_dataset_iii/1110.pose,8,8,3579044410,61,86,77407352
epos_dataset_iii/1111.3d,8,8,4265605350,79998,294218,77407517
epos_dataset_iii/1111.pose,8,8,1576516908,61,86,77487617
epos_dataset_iii/1112.3d,8,8,1254633137,80444,297274,77487782
epos_dataset_iii/1112.pose,8,8,1754635734,61,86,77568328
epos_dataset_iii/1113.3d,8,8,3172804665,79483,292544,77568493
epos_dataset_iii/1113.pose,8,8,1752013544,61,86,77648078
epos_dataset_iii/1114.3d,8,8,1317912876,79885,294626,77648243
epos_dataset_iii/1114.pose,8,8,783293279,62,86,77728230
epos_dataset_iii/1115.3d,8,8,3898665423,80251,296850,77728396
epos_dataset_iii/1115.pose,8,8,881202906,62,86,77808749
epos_dataset_iii/1116.3d,8,8,455159358,78559,288628,77808915
epos_dataset_iii/1116.pose,8,8,2753723256,61,86,77887576
epos_dataset_iii/1117.3d,8,8,3450579867,79887,295352,77887741
epos_dataset_iii/1117.pose,8,8,2091881630,61,86,77967730
epos_dataset_iii/1118.3d,8,8,4078258677,79463,294053,77967895
epos_dataset_iii/1118.pose,8,8,515348824,61,86,78047460
epos_dataset_iii/1119.3d,8,8,3658396704,78795,290712,78047625
epos_dataset_iii/1119.pose,8,8,2740015844,63,86,78126522
epos_dataset_iii/1120.3d,8,8,569146893,79081,291976,78126689
epos_dataset_iii/1120.pose,8,8,3430319483,64,86,78205872
epos_dataset_iii/1121.3d,8,8,1715904129,79553,294352,78206040
epos_dataset_iii/1121.pose,8,8,719774548,63,86,78285695
epos_dataset_iii/1122.3d,8,8,686475816,78741,291191,78285862
epos_dataset_iii/1122.pose,8,8,2988526528,63,86,78364705
epos_dataset_iii/1123.3d,8,8,1564648787,78992,291456,78364872
epos_dataset_iii/1123.pose,8,8,1227159107,60,86,78443966
epos_dataset_iii/1124.3d,8,8,3748967789,78994,292193,78444130
epos_dataset_iii/1124.pose,8,8,1214887832,61,86,78523226
epos_dataset_iii/1125.3d,8,8,2646215825,78256,288479,78523391
epos_dataset_iii/1125.pose,8,8,3811272283,62,86,78601749
epos_dataset_iii/1126.3d,8,8,3913771481,78984,291398,78601915
epos_dataset_iii/1126.pose,8,8,1439741373,62,86,78681001
epos_dataset_iii/1127.3d,8,8,3780076099,78584,290124,78681167
epos_dataset_iii/1127.pose,8,8,1419605049,61,86,78759853
epos_dataset_iii/1128.3d,8,8,1914111853,78473,289337,78760018
epos_dataset_iii/1128.pose,8,8,1206705496,62,86,78838593
epos_dataset_iii/1129.3d,8,8,2855875173,79278,293123,78838759
epos_dataset_iii/1129.pose,8,8,709539642,62,86,78918139
epos_dataset_iii/1130.3d,8,8,1006891687,77956,288421,78918305
epos_dataset_iii/1130.pose,8,8,589052368,61,86,78996363
epos_dataset_iii/1131.3d,8,8,1760687247,78328,289462,78996528
epos_dataset_iii/1131.pose,8,8,175028318,62,86,79074958
epos_dataset_iii/1132.3d,8,8,2952503618,78837,291501,79075124
epos_dataset_iii/1132.pose,8,8,2169637051,61,86,79154063
epos_dataset_iii/1133.3d,8,8,6043847,77981,288035,79154228
epos_dataset_iii/1133.pose,8,8,4107539004,62,86,79232311
epos_dataset_iii/1134.3d,8,8,1341108762,78315,289395,79232477
epos_dataset_iii/1134.pose,8,8,3138305479,61,86,79310894
epos_dataset_iii/1135.3d,8,8,4184840365,79356,292930,79311059
epos_dataset_iii/1135.pose,8,8,590218014,63,86,79390517
epos_dataset_iii/1136.3d,8,8,1561539408,78135,288553,79390684
epos_dataset_iii/1136.pose,8,8,1996995454,63,86,79468921
epos_dataset_iii/1137.3d,8,8,3898867271,78730,291266,79469088
epos_dataset_iii/1137.pose,8,8,180454929,63,86,79547920
epos_dataset_iii/1138.3d,8,8,53637365,78729,290980,79548087
epos_dataset_iii/1138.pose,8,8,1039158480,63,86,79626918
epos_dataset_iii/1139.3d,8,8,767557522,78369,290277,79627085
epos_dataset_iii/1139.pose,8,8,295115317,63,86,79705556
epos_dataset_iii/1140.3d,8,8,3346767396,78150,288426,79705723
epos_dataset_iii/1140.pose,8,8,1035131933,62,86,79783975
epos_dataset_iii/1141.3d,8,8,4002036134,78784,290790,79784141
epos_dataset_iii/1141.pose,8,8,901640257,63,86,79863027
epos_dataset_iii/1142.3d,8,8,2234040324,79108,293197,79863194
epos_dataset_iii/1142.pose,8,8,1111012373,61,86,79942404
epos_dataset_iii/1143.3d,8,8,419565722,78561,290625,79942569
epos_dataset_iii/1143.pose,8,8,4210475513,63,86,80021232
epos_dataset_iii/1144.3d,8,8,3540569947,78955,291943,80021399
epos_dataset_iii/1144.pose,8,8,978471702,63,86,80100456
epos_dataset_iii/1145.3d,8,8,1939758000,79327,294512,80100623
epos_dataset_iii/1145.pose,8,8,4082961071,64,86,80180052
epos_dataset_iii/1146.3d,8,8,3868798395,78748,291872,80180220
epos_dataset_iii/1146.pose,8,8,1255068952,62,86,80259070
epos_dataset_iii/1147.3d,8,8,2440110743,78919,292764,80259236
epos_dataset_iii/1147.pose,8,8,3264251889,63,86,80338257
epos_dataset_iii/1148.3d,8,8,703912530,77871,288500,80338424
epos_dataset_iii/1148.pose,8,8,1092350878,64,86,80416397
epos_dataset_iii/1149.3d,8,8,282930641,78818,291787,80416565
epos_dataset_iii/1149.pose,8,8,2316028373,62,86,80495485
epos_dataset_iii/1150.3d,8,8,3655866817,78888,293493,80495651
epos_dataset_iii/1150.pose,8,8,2372422466,61,86,80574641
epos_dataset_iii/1151.3d,8,8,3264542411,79688,294684,80574806
epos_dataset_iii/1151.pose,8,8,1743701640,61,86,80654596
epos_dataset_iii/1152.3d,8,8,1033242543,78732,292741,80654761
epos_dataset_iii/1152.pose,8,8,2164988633,62,86,80733595
epos_dataset_iii/1153.3d,8,8,2483913622,78608,291431,80733761
epos_dataset_iii/1153.pose,8,8,1270688463,63,86,80812471
epos_dataset_iii/1154.3d,8,8,357207656,79465,296124,80812638
epos_dataset_iii/1154.pose,8,8,2266796724,62,86,80892205
epos_dataset_iii/1155.3d,8,8,674298668,78608,291001,80892371
epos_dataset_iii/1155.pose,8,8,4129013721,63,86,80971081
epos_dataset_iii/1156.3d,8,8,1845031192,78794,292428,80971248
epos_dataset_iii/1156.pose,8,8,1359368894,61,86,81050144
epos_dataset_iii/1157.3d,8,8,963544445,79285,295010,81050309
epos_dataset_iii/1157.pose,8,8,958475554,62,86,81129696
epos_dataset_iii/1158.3d,8,8,4080677992,78813,291931,81129862
epos_dataset_iii/1158.pose,8,8,4258346124,63,86,81208777
epos_dataset_iii/1159.3d,8,8,1622788831,79798,296710,81208944
epos_dataset_iii/1159.pose,8,8,1538877999,61,86,81288844
epos_dataset_iii/1160.3d,8,8,4156422265,79851,297715,81289009
epos_dataset_iii/1160.pose,8,8,1687461128,62,86,81368962
epos_dataset_iii/1161.3d,8,8,4213787961,79107,293730,81369128
epos_dataset_iii/1161.pose,8,8,3994046172,62,86,81448337
epos_dataset_iii/1162.3d,8,8,299727969,81101,300887,81448503
epos_dataset_iii/1162.pose,8,8,3350991950,61,86,81529706
epos_dataset_iii/1163.3d,8,8,152673468,80418,299701,81529871
epos_dataset_iii/1163.pose,8,8,3233056876,61,86,81610391
epos_dataset_iii/1164.3d,8,8,765791140,79705,295929,81610556
epos_dataset_iii/1164.pose,8,8,4129373571,62,86,81690363
epos_dataset_iii/1165.3d,8,8,3014186964,81554,303228,81690529
epos_dataset_iii/1165.pose,8,8,325408760,60,86,81772185
epos_dataset_iii/1166.3d,8,8,572499697,81475,304524,81772349
epos_dataset_iii/1166.pose,8,8,3765669706,61,86,81853926
epos_dataset_iii/1167.3d,8,8,86692783,81704,303731,81854091
epos_dataset_iii/1167.pose,8,8,4034841224,63,86,81935897
epos_dataset_iii/1168.3d,8,8,800151368,82119,305979,81936064
epos_dataset_iii/1168.pose,8,8,3513209957,63,86,82018285
epos_dataset_iii/1169.3d,8,8,1038592288,82168,307082,82018452
epos_dataset_iii/1169.pose,8,8,2454728601,62,86,82100722
epos_dataset_iii/1170.3d,8,8,992920443,82885,307808,82100888
epos_dataset_iii/1170.pose,8,8,4073075856,63,86,82183875
epos_dataset_iii/1171.3d,8,8,3921543442,83122,309935,82184042
epos_dataset_iii/1171.pose,8,8,1146641527,63,86,82267266
epos_dataset_iii/1172.3d,8,8,2510287097,82987,310409,82267433
epos_dataset_iii/1172.pose,8,8,358238163,62,86,82350522
epos_dataset_iii/1173.3d,8,8,89358010,84158,313394,82350688
epos_dataset_iii/1173.pose,8,8,3474316587,62,86,82434948
epos_dataset_iii/1174.3d,8,8,3907598307,84111,313705,82435114
epos_dataset_iii/1174.pose,8,8,986509753,59,86,82519327
epos_dataset_iii/1175.3d,8,8,3232102169,82584,308431,82519490
epos_dataset_iii/1175.pose,8,8,388546763,62,86,82602176
epos_dataset_iii/1176.3d,8,8,3572074259,83993,313601,82602342
epos_dataset_iii/1176.pose,8,8,17632677,62,86,82686437
epos_dataset_iii/1177.3d,8,8,3458862935,83475,311282,82686603
epos_dataset_iii/1177.pose,8,8,3611048045,63,86,82770180
epos_dataset_iii/1178.3d,8,8,2923261590,83041,311080,82770347
epos_dataset_iii/1178.pose,8,8,1101515992,63,86,82853490
epos_dataset_iii/1179.3d,8,8,1242762578,84105,312802,82853657
epos_dataset_iii/1179.pose,8,8,1108927546,63,86,82937864
epos_dataset_iii/1180.3d,8,8,3063727123,83925,312335,82938031
epos_dataset_iii/1180.pose,8,8,3787092729,62,86,83022058
epos_dataset_iii/1181.3d,8,8,1556385160,83900,314338,83022224
epos_dataset_iii/1181.pose,8,8,3436351731,63,86,83106226
epos_dataset_iii/1182.3d,8,8,4101230176,84782,315613,83106393
epos_dataset_iii/1182.pose,8,8,4043823540,63,86,83191277
epos_dataset_iii/1183.3d,8,8,2470478116,84357,314968,83191444
epos_dataset_iii/1183.pose,8,8,4071287478,62,86,83275903
epos_dataset_iii/1184.3d,8,8,3981961682,84072,315189,83276069
epos_dataset_iii/1184.pose,8,8,3262604870,61,86,83360243
epos_dataset_iii/1185.3d,8,8,2679833030,84693,316058,83360408
epos_dataset_iii/1185.pose,8,8,1728506008,61,86,83445203
epos_dataset_iii/1186.3d,8,8,1559642357,84639,316440,83445368
epos_dataset_iii/1186.pose,8,8,3679942291,61,86,83530109
epos_dataset_iii/1187.3d,8,8,793496084,85123,319526,83530274
epos_dataset_iii/1187.pose,8,8,2709780286,62,86,83615499
epos_dataset_iii/1188.3d,8,8,2965221586,85369,318592,83615665
epos_dataset_iii/1188.pose,8,8,1204630043,62,86,83701136
epos_dataset_iii/1189.3d,8,8,2041118639,84991,318193,83701302
epos_dataset_iii/1189.pose,8,8,1010950794,63,86,83786395
epos_dataset_iii/1190.3d,8,8,2531347035,86612,325522,83786562
epos_dataset_iii/1190.pose,8,8,3169330239,62,86,83873276
epos_dataset_iii/1191.3d,8,8,40696917,84960,318395,83873442
epos_dataset_iii/1191.pose,8,8,3894797541,63,86,83958504
epos_dataset_iii/1192.3d,8,8,3992602561,86115,321921,83958671
epos_dataset_iii/1192.pose,8,8,1592533088,62,86,84044888
epos_dataset_iii/1193.3d,8,8,2035953924,87048,327331,84045054
epos_dataset_iii/1193.pose,8,8,3548466577,62,86,84132204
epos_dataset_iii/1194.3d,8,8,2708220895,85727,320124,84132370
epos_dataset_iii/1194.pose,8,8,938889925,63,86,84218199
epos_dataset_iii/1195.3d,8,8,1335671866,86476,323253,84218366
epos_dataset_iii/1195.pose,8,8,3914188783,62,86,84304944
epos_dataset_iii/1196.3d,8,8,999428428,87105,326929,84305110
epos_dataset_iii/1196.pose,8,8,2749747,63,86,84392317
epos_dataset_iii/1197.3d,8,8,683865097,86538,323979,84392484
epos_dataset_iii/1197.pose,8,8,3658547233,62,86,84479124
epos_dataset_iii/1198.3d,8,8,3404642974,87286,326684,84479290
epos_dataset_iii/1198.pose,8,8,768909665,63,86,84566678
epos_dataset_iii/1199.3d,8,8,3563596518,87248,328405,84566845
epos_dataset_iii/1199.pose,8,8,3557733272,62,86,84654195
epos_dataset_iii/1200.3d,8,8,114483259,87289,326965,84654361
epos_dataset_iii/1200.pose,8,8,3476880723,62,86,84741752
epos_dataset_iii/1201.3d,8,8,3047323263,88117,330130,84741918
epos_dataset_iii/1201.pose,8,8,3857749437,63,86,84830137
epos_dataset_iii/1202.3d,8,8,1506776399,87886,331283,84830304
epos_dataset_iii/1202.pose,8,8,1024025377,63,86,84918292
epos_dataset_iii/1203.3d,8,8,2892991714,87872,329912,84918459
epos_dataset_iii/1203.pose,8,8,3143252799,63,86,85006433
epos_dataset_iii/1204.3d,8,8,3363912327,88293,331381,85006600
epos_dataset_iii/1204.pose,8,8,3792188110,62,86,85094995
epos_dataset_iii/1205.3d,8,8,3993394607,88822,334325,85095161
epos_dataset_iii/1205.pose,8,8,4134592687,62,86,85184085
epos_dataset_iii/1206.3d,8,8,3187137080,88836,333386,85184251
epos_dataset_iii/1206.pose,8,8,1772871652,62,86,85273189
epos_dataset_iii/1207.3d,8,8,2100246387,88648,332789,85273355
epos_dataset_iii/1207.pose,8,8,1052187749,61,86,85362105
epos_dataset_iii/1208.3d,8,8,1368924252,88944,334779,85362270
epos_dataset_iii/1208.pose,8,8,3824370128,63,86,85451316
epos_dataset_iii/1209.3d,8,8,3264914464,88871,333791,85451483
epos_dataset_iii/1209.pose,8,8,3896551650,61,86,85540456
epos_dataset_iii/1210.3d,8,8,3714167485,88262,331772,85540621
epos_dataset_iii/1210.pose,8,8,2798148944,61,86,85628985
epos_dataset_iii/1211.3d,8,8,1361426670,89177,335811,85629150
epos_dataset_iii/1211.pose,8,8,3959871248,61,86,85718429
epos_dataset_iii/1212.3d,8,8,2827597561,88773,334024,85718594
epos_dataset_iii/1212.pose,8,8,3119599026,62,86,85807469
epos_dataset_iii/1213.3d,8,8,462426351,88119,331672,85807635
epos_dataset_iii/1213.pose,8,8,2099464190,62,86,85895856
epos_dataset_iii/1214.3d,8,8,1701329016,89044,336017,85896022
epos_dataset_iii/1214.pose,8,8,2471542690,62,86,85985168
epos_dataset_iii/1215.3d,8,8,1265444935,88218,332213,85985334
epos_dataset_iii/1215.pose,8,8,3642738136,63,86,86073654
epos_dataset_iii/1216.3d,8,8,1246433977,88057,331558,86073821
epos_dataset_iii/1216.pose,8,8,3827263883,61,86,86161980
epos_dataset_iii/1217.3d,8,8,3884490201,88814,334820,86162145
epos_dataset_iii/1217.pose,8,8,1271503120,63,86,86251061
epos_dataset_iii/1218.3d,8,8,232231349,87341,329764,86251228
epos_dataset_iii/1218.pose,8,8,1587870507,62,86,86338671
epos_dataset_iii/1219.3d,8,8,3067349987,88076,331769,86338837
epos_dataset_iii/1219.pose,8,8,2013562287,61,86,86427015
epos_dataset_iii/1220.3d,8,8,1343089927,88297,333619,86427180
epos_dataset_iii/1220.pose,8,8,2198733163,63,86,86515579
epos_dataset_iii/1221.3d,8,8,2055463915,86745,327756,86515746
epos_dataset_iii/1221.pose,8,8,4001185690,63,86,86602593
epos_dataset_iii/1222.3d,8,8,1052361652,87997,331825,86602760
epos_dataset_iii/1222.pose,8,8,1174954180,63,86,86690859
epos_dataset_iii/1223.3d,8,8,4044999771,87996,332789,86691026
epos_dataset_iii/1223.pose,8,8,2169362123,62,86,86779124
epos_dataset_iii/1224.3d,8,8,2027690707,86462,326436,86779290
epos_dataset_iii/1224.pose,8,8,911173910,62,86,86865854
epos_dataset_iii/1225.3d,8,8,2594463898,88380,333318,86866020
epos_dataset_iii/1225.pose,8,8,1663078199,62,86,86954502
epos_dataset_iii/1226.3d,8,8,1427882538,87909,332499,86954668
epos_dataset_iii/1226.pose,8,8,3052645833,61,86,87042679
epos_dataset_iii/1227.3d,8,8,1716468952,86886,328049,87042844
epos_dataset_iii/1227.pose,8,8,3398364327,63,86,87129832
epos_dataset_iii/1228.3d,8,8,1275666692,88463,333894,87129999
epos_dataset_iii/1228.pose,8,8,2637242852,61,86,87218564
epos_dataset_iii/1229.3d,8,8,67912365,87846,332448,87218729
epos_dataset_iii/1229.pose,8,8,1249051524,63,86,87306677
epos_dataset_iii/1230.3d,8,8,314544492,87725,331162,87306844
epos_dataset_iii/1230.pose,8,8,3693206814,61,86,87394671
epos_dataset_iii/1231.3d,8,8,991985960,89142,336288,87394836
epos_dataset_iii/1231.pose,8,8,2544045050,62,86,87484080
epos_dataset_iii/1232.3d,8,8,2105412905,88644,334247,87484246
epos_dataset_iii/1232.pose,8,8,1683873260,62,86,87572992
epos_dataset_iii/1233.3d,8,8,1070208673,88795,334844,87573158
epos_dataset_iii/1233.pose,8,8,2750565044,62,86,87662055
epos_dataset_iii/1234.3d,8,8,281231383,90121,339902,87662221
epos_dataset_iii/1234.pose,8,8,1752234360,60,86,87752444
epos_dataset_iii/1235.3d,8,8,4147443998,89010,335629,87752608
epos_dataset_iii/1235.pose,8,8,4272113507,62,86,87841720
epos_dataset_iii/1236.3d,8,8,2633111866,89955,339350,87841886
epos_dataset_iii/1236.pose,8,8,3067904145,62,86,87931943
epos_dataset_iii/1237.3d,8,8,3785980424,90904,342747,87932109
epos_dataset_iii/1237.pose,8,8,4165654219,62,86,88023115
epos_dataset_iii/1238.3d,8,8,4061656576,89870,339354,88023281
epos_dataset_iii/1238.pose,8,8,1524289750,62,86,88113253
epos_dataset_iii/1239.3d,8,8,3623313088,91163,343643,88113419
epos_dataset_iii/1239.pose,8,8,1573398631,61,86,88204684
epos_dataset_iii/1240.3d,8,8,2716673601,91430,344891,88204849
epos_dataset_iii/1240.pose,8,8,3424625010,62,86,88296381
epos_dataset_iii/1241.3d,8,8,3830326121,90768,342628,88296547
epos_dataset_iii/1241.pose,8,8,3220542479,60,86,88387417
epos_dataset_iii/1242.3d,8,8,2743174121,91919,346414,88387581
epos_dataset_iii/1242.pose,8,8,2656545248,60,86,88479602
epos_dataset_iii/1243.3d,8,8,1890473734,91542,345404,88479766
epos_dataset_iii/1243.pose,8,8,117523647,62,86,88571410
epos_dataset_iii/1244.3d,8,8,540635827,91512,344937,88571576
epos_dataset_iii/1244.pose,8,8,2063297537,61,86,88663190
epos_dataset_iii/1245.3d,8,8,2311361631,92141,347900,88663355
epos_dataset_iii/1245.pose,8,8,1535554150,62,87,88755598
epos_dataset_iii/1246.3d,8,8,2046409016,91717,345782,88755764
epos_dataset_iii/1246.pose,8,8,2995906419,63,87,88847583
epos_dataset_iii/1247.3d,8,8,3126673908,91920,347295,88847750
epos_dataset_iii/1247.pose,8,8,3630058824,63,87,88939772
epos_dataset_iii/1248.3d,8,8,1545194784,92520,348862,88939939
epos_dataset_iii/1248.pose,8,8,1403763676,63,87,89032561
epos_dataset_iii/1249.3d,8,8,2789632005,91801,346043,89032728
epos_dataset_iii/1249.pose,8,8,2105613768,63,87,89124631
epos_dataset_iii/1250.3d,8,8,3989667477,91841,347876,89124798
epos_dataset_iii/1250.pose,8,8,733417088,64,87,89216741
epos_dataset_iii/1251.3d,8,8,1763553179,92032,348013,89216909
epos_dataset_iii/1251.pose,8,8,2600988249,63,87,89309043
epos_dataset_iii/1252.3d,8,8,1858544058,92029,347430,89309210
epos_dataset_iii/1252.pose,8,8,3303205939,63,87,89401341
epos_dataset_iii/1253.3d,8,8,1147330700,91931,348445,89401508
epos_dataset_iii/1253.pose,8,8,3949157872,64,87,89493541
epos_dataset_iii/1254.3d,8,8,136314667,91817,347216,89493709
epos_dataset_iii/1254.pose,8,8,870579927,63,87,89585628
epos_dataset_iii/1255.3d,8,8,2330921010,92030,348379,89585795
epos_dataset_iii/1255.pose,8,8,1973590625,65,87,89677927
epos_dataset_iii/1256.3d,8,8,2324383573,91633,347726,89678096
epos_dataset_iii/1256.pose,8,8,2097681574,61,87,89769831
epos_dataset_iii/1257.3d,8,8,2408888769,91210,345549,89769996
epos_dataset_iii/1257.pose,8,8,4093886686,62,87,89861308
epos_dataset_iii/1258.3d,8,8,3413418901,92234,348942,89861474
epos_dataset_iii/1258.pose,8,8,349084675,62,87,89953810
epos_dataset_iii/1259.3d,8,8,167760237,91755,348368,89953976
epos_dataset_iii/1259.pose,8,8,3789937372,62,87,90045833
epos_dataset_iii/1260.3d,8,8,972006101,90953,345088,90045999
epos_dataset_iii/1260.pose,8,8,4189181162,62,87,90137054
epos_dataset_iii/1261.3d,8,8,945651946,92927,351988,90137220
epos_dataset_iii/1261.pose,8,8,761738121,64,87,90230249
epos_dataset_iii/1262.3d,8,8,2065100777,92298,349926,90230417
epos_dataset_iii/1262.pose,8,8,506108223,65,87,90322817
epos_dataset_iii/1263.3d,8,8,3514792853,91631,347180,90322986
epos_dataset_iii/1263.pose,8,8,1424677973,64,87,90414719
epos_dataset_iii/1264.3d,8,8,3836217254,93441,353586,90414887
epos_dataset_iii/1264.pose,8,8,1072267541,63,87,90508430
epos_dataset_iii/1265.3d,8,8,3841259218,92147,349791,90508597
epos_dataset_iii/1265.pose,8,8,1267229773,62,87,90600846
epos_dataset_iii/1266.3d,8,8,2515399960,92054,348869,90601012
epos_dataset_iii/1266.pose,8,8,3607166382,64,87,90693168
epos_dataset_iii/1267.3d,8,8,1779493450,93557,354673,90693336
epos_dataset_iii/1267.pose,8,8,1258399653,64,87,90786995
epos_dataset_iii/1268.3d,8,8,294146155,91974,349305,90787163
epos_dataset_iii/1268.pose,8,8,1122754999,64,87,90879239
epos_dataset_iii/1269.3d,8,8,4090699170,92239,351245,90879407
epos_dataset_iii/1269.pose,8,8,4276525934,64,88,90971748
epos_dataset_iii/1270.3d,8,8,410704705,93714,355667,90971916
epos_dataset_iii/1270.pose,8,8,2683894212,65,88,91065732
epos_dataset_iii/1271.3d,8,8,3782176397,91780,349146,91065901
epos_dataset_iii/1271.pose,8,8,1787704336,64,88,91157783
epos_dataset_iii/1272.3d,8,8,3193981794,92707,353068,91157951
epos_dataset_iii/1272.pose,8,8,4228222943,65,88,91250760
epos_dataset_iii/1273.3d,8,8,642852594,93435,354595,91250929
epos_dataset_iii/1273.pose,8,8,3214320616,65,88,91344466
epos_dataset_iii/1274.3d,8,8,32461429,92005,350248,91344635
epos_dataset_iii/1274.pose,8,8,4286548331,64,88,91436742
epos_dataset_iii/1275.3d,8,8,3625181164,92984,355425,91436910
epos_dataset_iii/1275.pose,8,8,2922379444,64,88,91529996
epos_dataset_iii/1276.3d,8,8,2981496252,93276,354660,91530164
epos_dataset_iii/1276.pose,8,8,3223406134,65,88,91623542
epos_dataset_iii/1277.3d,8,8,3014430450,92059,351078,91623711
epos_dataset_iii/1277.pose,8,8,1334868389,65,88,91715872
epos_dataset_iii/1278.3d,8,8,1282641875,93468,356468,91716041
epos_dataset_iii/1278.pose,8,8,55050824,64,88,91809611
epos_dataset_iii/1279.3d,8,8,3169412897,93425,354702,91809779
epos_dataset_iii/1279.pose,8,8,3326089708,64,88,91903306
epos_dataset_iii/1280.3d,8,8,2016899779,92260,352142,91903474
epos_dataset_iii/1280.pose,8,8,3905345096,64,88,91995836
epos_dataset_iii/1281.3d,8,8,1135851086,93250,356793,91996004
epos_dataset_iii/1281.pose,8,8,1060403440,64,88,92089356
epos_dataset_iii/1282.3d,8,8,2096989479,92354,352897,92089524
epos_dataset_iii/1282.pose,8,8,1939810224,64,88,92181980
epos_dataset_iii/1283.3d,8,8,1962413140,92686,353893,92182148
epos_dataset_iii/1283.pose,8,8,3780604714,64,88,92274936
epos_dataset_iii/1284.3d,8,8,716816346,93060,356204,92275104
epos_dataset_iii/1284.pose,8,8,1326070667,64,88,92368266
epos_dataset_iii/1285.3d,8,8,4270345191,92640,353242,92368434
epos_dataset_iii/1285.pose,8,8,3066030464,64,88,92461176
epos_dataset_iii/1286.3d,8,8,891035991,92883,355059,92461344
epos_dataset_iii/1286.pose,8,8,1870356805,63,88,92554329
epos_dataset_iii/1287.3d,8,8,2284226530,92716,355025,92554496
epos_dataset_iii/1287.pose,8,8,3697851316,65,88,92647314
epos_dataset_iii/1288.3d,8,8,1543154884,92612,354162,92647483
epos_dataset_iii/1288.pose,8,8,3776454561,64,88,92740197
epos_dataset_iii/1289.3d,8,8,2593586938,92864,355526,92740365
epos_dataset_iii/1289.pose,8,8,3877868757,64,88,92833331
epos_dataset_iii/1290.3d,8,8,2556360401,92514,354703,92833499
epos_dataset_iii/1290.pose,8,8,2936032365,65,88,92926115
epos_dataset_iii/1291.3d,8,8,2978260575,92588,354883,92926284
epos_dataset_iii/1291.pose,8,8,2023668487,63,88,93018974
epos_dataset_iii/1292.3d,8,8,3706597095,92533,354989,93019141
epos_dataset_iii/1292.pose,8,8,2580970374,63,88,93111776
epos_dataset_iii/1293.3d,8,8,895398897,92262,353937,93111943
epos_dataset_iii/1293.pose,8,8,4292805398,65,88,93204307
epos_dataset_iii/1294.3d,8,8,1155348887,93057,356549,93204476
epos_dataset_iii/1294.pose,8,8,1131930336,65,88,93297635
epos_dataset_iii/1295.3d,8,8,3797497455,92310,353503,93297804
epos_dataset_iii/1295.pose,8,8,506400961,64,88,93390216
epos_dataset_iii/1296.3d,8,8,1068466399,92371,354768,93390384
epos_dataset_iii/1296.pose,8,8,733776759,64,88,93482857
epos_dataset_iii/1297.3d,8,8,3522942938,92979,357074,93483025
epos_dataset_iii/1297.pose,8,8,2590838850,65,88,93576106
epos_dataset_iii/1298.3d,8,8,1098509955,91813,352389,93576275
epos_dataset_iii/1298.pose,8,8,1474056726,64,88,93668190
epos_dataset_iii/1299.3d,8,8,3877220026,92725,355832,93668358
epos_dataset_iii/1299.pose,8,8,1932070096,64,88,93761185
epos_dataset_iii/1300.3d,8,8,18662318,92569,355663,93761353
epos_dataset_iii/1300.pose,8,8,544620331,65,88,93854024
epos_dataset_iii/1301.3d,8,8,3487056159,92085,352445,93854193
epos_dataset_iii/1301.pose,8,8,1303504957,65,88,93946380
