order,scan,range_m,nearest_d,pred_et_mm_p2p,pred_eR_deg_p2p,pred_et_mm_p2l,pred_eR_deg_p2l,real_et_mm_p2p,real_eR_deg_p2p,real_et_mm_p2l,real_eR_deg_p2l,iters_p2p,iters_p2l,onbound_p2p,pred_dxi0_p2p,pred_dxi0_p2l,real_xi0_p2p,real_xi0_p2l,pred_dxi1_p2p,pred_dxi1_p2l,real_xi1_p2p,real_xi1_p2l,pred_dxi2_p2p,pred_dxi2_p2l,real_xi2_p2p,real_xi2_p2l,pred_dxi3_p2p,pred_dxi3_p2l,real_xi3_p2p,real_xi3_p2l,pred_dxi4_p2p,pred_dxi4_p2l,real_xi4_p2p,real_xi4_p2l,pred_dxi5_p2p,pred_dxi5_p2l,real_xi5_p2p,real_xi5_p2l,in_support,block_full,block_primary
0,0,19.77533705613384,2.412317086013498,25.827801577734245,0.5135371524517226,66.76853976301538,1.4161055717979052,95.99954471591228,2.0936156585348384,98.01468565429487,2.209862321176959,40,40,0,0.009935992208348066,0.019803417805226438,0.03138262074327464,0.034089201878017984,0.023831949418478215,0.0630348510393796,0.07667434369182152,0.07687808607603466,-0.0006241635118733223,-0.009616137465751573,-0.048498337294949186,-0.05034446146812753,0.004298775595136757,0.014959294629150587,0.0323798973741142,0.030947788844743116,0.0003082594736121087,0.0009139021093245115,-0.016873886887963485,-0.020130101295304834,-0.007858710733272583,-0.019653252913661996,0.0014217390484700127,0.01116288319434365,False,0,-1
1,1,19.77180584090904,2.411303360132923,25.25060767279778,0.4613532351551852,67.46692902258158,1.7352849034132456,98.42020889491306,2.0111238394018476,100.82918317067355,2.2024428436282792,40,19,0,0.011403373545520571,0.02150813465668813,0.03550310304994352,0.039602180500764396,0.02246268108321175,0.06271576793852048,0.07615542037259151,0.07582367263154388,-0.0017274889813821458,-0.012486757273587093,-0.05124860135279095,-0.05337566999218442,0.004238403303936805,0.021142898470471332,0.029353634369274354,0.0290743965853983,0.00018191348185006562,0.000927343206691968,-0.019235157607700778,-0.02438817678211346,-0.006843952823890645,-0.021665318491785455,-0.0006590103148486772,0.006125406924283723,False,0,-1
2,2,19.768727789319698,2.410787416132602,24.37456260626664,0.46263911213184633,64.6514405592736,1.6005368635609436,100.92541261307326,2.363968757235463,103.34949658703017,2.68489630994411,39,26,0,0.01151210913828751,0.021831520889158074,0.04088736852979299,0.04490063759602825,0.021304104660022992,0.05934943546235629,0.07485048348972172,0.07505745757261567,-0.0027795269507158494,-0.01344760098884357,-0.053958939270364444,-0.05505841671350254,0.004046837566785194,0.019509496078287888,0.033937714395011545,0.03502621873926123,-0.0002521926945690516,0.0008940305958527375,-0.02081967219215288,-0.031101185393725493,-0.0069827128094594945,-0.01997308879700861,-0.01082039865053826,-0.0013289746574335422,False,0,-1
3,3,19.7663114259606,2.4104424244366762,24.08344473170234,0.4487260273928567,63.28011698973398,1.1831754621146344,103.43658297443832,2.208967320236248,106.27442464787259,2.4035132617128374,40,40,0,0.011965603935005493,0.021626684046360502,0.04148044563197053,0.04623540309859558,0.020577633896116523,0.05730253400655178,0.07423627505896488,0.0740376276527117,-0.003660275379385905,-0.015908467551002302,-0.05888526804703117,-0.06062153516783576,0.004104132252461589,0.004856560150384609,0.028957089100357374,0.0289924287583018,-0.0006276144983159261,-0.0005196906006809301,-0.02384957645728687,-0.030292878741070447,-0.006640666651395668,-0.02006436997923261,-0.008892499600860552,0.0012319227194292238,False,0,-1
4,4,19.75545285620966,2.4060899998539815,24.23978622479507,0.4275439439762081,64.91274561993936,0.9899621142986876,114.55928253657531,2.1733531951142715,117.30071072514342,2.3363309287610345,40,40,0,0.014101456784324748,0.02498184605697968,0.0439639736827316,0.048106661936283594,0.01910809272306073,0.05530165113899635,0.07931022108178458,0.0798813695508511,-0.004857668707363629,-0.02304993042950603,-0.07000633589381339,-0.07116300030670615,0.004293980153168434,0.0031115530419341965,0.028085696854915757,0.027767341301731016,-0.001453622085300533,-0.004267251693868004,-0.022644066163091853,-0.028977626317790127,-0.005927132553478877,-0.016451184873507427,-0.011717053795043075,0.007211692705898417,False,0,-1
5,5,19.725484934043543,2.3928000686679907,24.32189092434754,0.39989330946462687,66.0440476683865,1.2061922469124455,122.09194798541746,2.0255932359548705,125.44836125058212,1.632535712724237,40,40,0,0.015391094041431188,0.026582179674842422,0.05736633732368191,0.061445008764317126,0.018085737660248655,0.056099197025837225,0.08296832853245473,0.08380892456215473,-0.0052511613599606636,-0.022540719802499592,-0.06878810627913873,-0.07026995376506665,0.0038772542396166075,0.00875207787532314,0.025660793664697087,0.021029951393542884,-0.001205975398918663,-0.003117681088309055,-0.016946812155460657,-0.019047262326550164,-0.005676734421777291,-0.018890976715893588,-0.01744084332840021,-0.0026078765524339687,False,0,-1
6,6,19.6841115890861,2.3740499347238715,24.509371090017993,0.4060217006124468,66.31496547737297,1.9411962566591805,120.54595131838991,1.7159560530525804,126.04775662764672,1.8706143728219529,40,40,0,0.016046355195032006,0.026922785674570154,0.058004098861467984,0.06388714932392754,0.01762506627951839,0.05662301011134798,0.08061997591246738,0.08165416971033838,-0.005707958901889784,-0.021602615205491026,-0.06831742368091656,-0.07168727691187537,0.004110235849267712,0.02440654538086192,0.025583101041274658,0.019678724608422328,-0.0008533596636762426,0.00020672793268218873,-0.011559393654904531,-0.008092549304814654,-0.005709205140077567,-0.023497877298882888,-0.010432302176748216,0.024762373669922313,False,0,-1
7,7,19.643162121212512,2.3551577738569986,23.891387978293253,0.35809489614862094,67.22645809260139,2.6242600810706826,117.28662637024482,1.4921662756581848,121.62494445217298,2.060295247443522,40,40,0,0.016122720980548975,0.024487258721537293,0.05517412711434896,0.059412638425973226,0.01676668789107233,0.05944395151774327,0.07617083156191364,0.07802462879816895,-0.005452931768880833,-0.019651652753317594,-0.07007119837457934,-0.07193693633431075,0.0035579646782164373,0.035350001942926756,0.019803113712639688,0.014252525298478208,-0.00027789437808439484,0.0014337603825575317,-0.016885661982994776,-0.010751904931802923,-0.005130823444845802,-0.02908853656968581,0.000979861235503666,0.03121389297530699,False,0,-1
8,8,19.60276369526919,2.336853298356153,23.729586993280837,0.3471438389460416,65.73910787691673,2.4222645025275504,113.82475768546067,1.6416710699872845,117.36886898895364,2.1889730447321307,40,40,0,0.016861870499743446,0.02661168414279625,0.052702530133928685,0.05581859265710255,0.01543250248927164,0.05279474265090511,0.07179930937761801,0.07419444117074772,-0.006372479034111399,-0.028743063858288377,-0.07087579242966721,-0.07179777866262352,0.004125436597977778,0.034079836425822484,0.023028379727309246,0.020457440491715523,-0.00022532475491487524,-0.0034102529376158035,-0.017023165217304344,-0.014960095218201054,-0.004431601858396729,-0.024783797305448187,0.0009354557526994632,0.028588361604298243,False,0,-1
9,9,19.56301223570605,2.319184343424167,24.39371828747337,0.31360704962415753,63.33889505537962,1.998882936061514,112.47938224994843,2.0635590381319826,115.13286852184841,2.3644625361963505,40,40,0,0.019038711563708326,0.028624437176849617,0.0515051095679714,0.05271780097954895,0.013920353852235678,0.049588239219862176,0.0676689852608378,0.07065851023788813,-0.006229342060850303,-0.02708253596358188,-0.07361890758147524,-0.07405258810407749,0.003747302206699463,0.026229371767563327,0.02879129003588515,0.023438449528362444,-0.000601380523685855,-0.00333441955808751,-0.020145915573804865,-0.018302656264184446,-0.003943983074263567,-0.022759847398632366,0.007896120714328998,0.028612432850119312,False,0,-1
10,10,19.52389446738171,2.301165328404146,24.289769615716743,0.2635064972676589,66.31223040585357,2.064027112652907,106.04362609930821,1.9735489071152812,106.8866679055332,2.3012326850870415,40,40,0,0.019756678666392205,0.029310869931004593,0.044104009270234015,0.04432016795765309,0.012680778207403716,0.04644039952565871,0.065614218804393,0.06950610555208446,-0.00623413346922845,-0.03716818662759779,-0.07067433263406338,-0.06803957509520216,0.0034979809432082952,0.02967445220967829,0.026608871763072858,0.02526960080663142,-0.0005473317207784494,-0.008321939334822214,-0.018559214292654117,-0.01479668604982108,-0.002935280769290358,-0.018652231948118242,0.011574820151605613,0.02748925714476596,False,0,-1
11,11,19.48530463734981,2.2837240170447473,24.80917877161206,0.22544828777623424,71.32346855817369,2.4820623572249287,108.94247805636788,2.0421062817126576,107.90517361379007,2.1009565062432394,40,40,0,0.021178954702792043,0.03182145268439864,0.045161440890245944,0.044503980971343476,0.010839395451393778,0.038948951972475644,0.05805310237840877,0.06268541206921663,-0.007032406079514548,-0.05057085580123352,-0.0803663181066609,-0.07571962284663722,0.003312962413109723,0.03276778513584485,0.01919534310904851,0.013761998168554803,-0.0019366232571921156,-0.026053359887347843,-0.027332882041522233,-0.0219869271713799,-0.0008697924015561936,-0.011141408826866584,0.012440552119451543,0.02591851244713587,False,0,-1
12,12,19.447455317828396,2.2665960894290764,26.044875704939187,0.22194878295485967,67.97117930444593,3.130669822173945,129.55552025904993,6.646681966282603,143.4117107468336,0.0,40,1,0,0.023021794871049953,0.033219171672491714,0.0786616086572101,-0.016128247182818224,0.009712857491261327,0.03632777972539166,0.046571014644137695,0.1351262525219627,-0.007347986850524325,-0.0468706760102101,-0.091804818762789,-0.04525145634688623,0.0029865567697844745,0.05084643940105352,0.04693033474652852,0.0,-0.002337986946675339,-0.019008086316764213,-0.015191034936557732,0.0,0.0007874860644026759,-0.00623827529632103,0.10499657431423225,0.0,False,0,-1
13,13,19.410146467416315,2.249650475267596,25.67834201329973,0.16469910187696113,62.85972486222242,1.4461878935724577,119.9743575973556,3.90612106067359,166.65224813683068,12.50163669270193,40,4,0,0.022834400655871695,0.03358512905713317,0.06282711018615744,0.03369727805843144,0.00905248013141349,0.03550986912151436,0.05126018094905013,0.0906665193872605,-0.007484650874254871,-0.03952762718584224,-0.0884250787708172,-0.13570942311686413,0.002105064636632476,0.0205539325876735,0.03351451301764431,-0.04077752686967368,-0.0017981761764981677,-0.011541881618320367,-0.019607978195614724,-0.021537141691751277,-0.0007734692885159739,-0.009023070268481412,0.05603651232698444,-0.21326575349903154,False,0,-1
14,14,19.376798985726747,2.2346582691407715,24.756999628983923,0.18882986883570793,60.842836406442785,1.2195028241213945,112.80971309156455,2.0491715858517288,110.6550028901599,1.9036776254657444,40,40,0,0.02179973382322766,0.03111521073386657,0.04521225045784611,0.04217462265167176,0.008796267781004587,0.03664067049834521,0.04721459855149615,0.052663574626515594,-0.0077657136819995224,-0.037298199264842936,-0.09193837860196992,-0.08770620717125906,0.0022386026087927676,0.014481637945147802,0.022503048366589718,0.020729895624612516,-0.0017174314401851576,-0.010055672726137069,-0.024567645186278495,-0.013886410680356684,-0.0017031574968410157,-0.011924291055665323,0.01300630260512226,0.02194012425975213,False,0,-1
15,15,19.343765034098844,2.2192400211651564,23.1664816368115,0.1895776120329771,59.24278576151478,1.2428237580776003,108.46612624586936,1.8483019927285194,107.977563474102,1.5966319205710184,39,19,0,0.02009057623801308,0.02887201865127497,0.04355744747256328,0.0406140018075486,0.008410729369116906,0.03475269305873455,0.0454530716728482,0.04796753125136119,-0.007893937504996042,-0.03831924489014041,-0.08832704901649713,-0.08779961854489945,0.002046679854062008,0.015630767941942493,0.02526916679736518,0.021465300328266552,-0.001274148570898078,-0.009054211881170556,-0.016081216553858163,-0.006026616271267922,-0.0022661634622027594,-0.012008985209072433,0.011979310640409399,0.01671710818977904,False,0,-1
16,16,19.31101725699938,2.204254425982587,22.01274164563394,0.218982221412505,58.611253666707015,1.2790202458706317,109.36130875964567,2.1907817410330246,107.10335048973631,1.8079608348785097,40,40,0,0.018783915899575728,0.02744172923606902,0.04509821967255727,0.042286690115238924,0.007671223801671908,0.030064260390769298,0.03178297108215335,0.03539697113388529,-0.008536839205452769,-0.04217073392855965,-0.09442398628091977,-0.09181512925314624,0.002278281716536834,0.017237374817001064,0.027652295792528276,0.021069371077597338,-0.0021796116911179243,-0.010920694568808873,-0.018882647640796484,-0.0073259354235440345,-0.0021601179135329876,-0.009051672778639414,0.018461174571356785,0.022318648034720095,False,0,-1
17,17,19.27870606932981,2.189064482240246,21.483826526789986,0.231173869459038,58.94188186900995,1.2422673731326903,108.11255800511614,2.4292315695792577,104.61611595259124,1.9999369223395025,36,40,0,0.018283528876053945,0.02650009529565132,0.04677534698724144,0.04427987494653478,0.007169469566751533,0.03038747932660927,0.03505107411870384,0.03985587651341421,-0.008710113673375932,-0.04299408666033756,-0.09094951520353418,-0.08599612490730459,0.002264321961621193,0.015008851377537116,0.033159873364536754,0.02878145232393777,-0.0025283782672654545,-0.01182216620114476,-0.0217400443940953,-0.010127857356311332,-0.0021815861091028337,-0.010250120345257747,0.015013035486600481,0.016954271722406815,False,0,-1
18,18,19.24669665543337,2.1742113119785675,20.418063020011477,0.19982720541933865,65.63207547789507,2.3173929565699587,108.2822085704411,2.5105407048034145,104.58145459888233,1.783799327926923,40,40,0,0.016832975926825557,0.024059349379991296,0.04705546928033601,0.0441567331324113,0.006854140541728406,0.026115581682387454,0.027994531271721055,0.03375300790030737,-0.009304245072562656,-0.05519686071089711,-0.09341908650043895,-0.08859005600389293,0.0015975536851513495,0.03481179514866851,0.033503243503067964,0.025641259874294522,-0.0027206250255906146,-0.019024234284968126,-0.023018481710895305,-0.008591315517113954,-0.0014864969169793053,-0.007880827312681126,0.016359379714050003,0.015426906862671714,False,0,-1
19,19,19.214846615842685,2.1589186054512313,19.610100300136914,0.21233746475637133,72.32578464526392,3.7482404331277492,107.26215443888772,2.8396855927562066,103.56808730202496,2.425730972421828,40,40,0,0.015934711701375556,0.021596941928585838,0.043642126369311245,0.04023333267076879,0.005946468496699804,0.029332494768056678,0.023565390456602674,0.029673413674476443,-0.00976117355614742,-0.062483565635839886,-0.0951062929225229,-0.09070345181141955,0.0018151466943249455,0.05933181668463031,0.03918318362715021,0.034836682804957976,-0.003226220550757159,-0.0250398777072216,-0.01892578962351283,-0.0031043768873883666,-0.00017632255162434735,-0.011506672054669048,0.023724900489286185,0.023857688213860875,False,0,-1
20,20,19.183007229642648,2.143906472226751,18.27905166559994,0.24072371512092436,64.48261496714821,3.097555544055365,114.63977429440101,2.879716257093926,109.30490467223206,5.6005930277413425,37,40,0,0.01493585087844951,0.021217278878321685,0.04892384241539829,0.042487437051536375,0.004175429837746559,0.01579809094850662,0.01594717548886318,0.033271735580615414,-0.009675219584094553,-0.05880693013908925,-0.10244229149873543,-0.09505457111391898,0.0017804864989724898,0.050048941099677204,0.03928390861874855,0.0631648198211218,-0.0035249422362956828,-0.020327777564787004,-0.01408206419692051,-0.07431057874601596,0.001434082276831228,0.002154880618440793,0.0280105495934538,-0.0065550786980635035,False,0,-1
21,21,19.15125187734455,2.128318327822128,18.79345241239215,0.32717339810474294,64.56723974972968,2.0556900295978995,119.51685358289284,3.0762897649632746,164.25096528267304,9.154522474533637,39,2,0,0.01559644083837795,0.02177641067743579,0.05440659323752344,0.03856338592648903,0.0028435411726716667,0.01308895400036287,0.009880910384392465,0.03322587002825465,-0.010092529928176873,-0.05935819800232414,-0.10595550251221933,-0.15616429304754675,0.0024308765264575015,0.027492402981117162,0.04313968497224064,0.0931148241048629,-0.004305937974719412,-0.022603350678244805,-0.021339826293588642,-0.12576248943940838,0.002855998432197801,0.004530711011794029,0.02379798800188562,-0.03227962932047855,False,0,-1
22,22,19.119514590819147,2.1128153223543396,17.60699638222654,0.37670089479784036,59.92603180861492,2.3475975590556906,117.45896447390079,3.1525636253378053,180.85026153809855,11.75171520277515,38,2,0,0.014490047643654354,0.02025789485763655,0.05540362643126063,0.017148936033170376,0.001568920694845292,0.008394184405609375,-7.317192040983875e-05,0.06607054604817411,-0.009878427442748748,-0.055769926057228136,-0.10357143022772483,-0.1674736219117058,0.002471248431805616,0.032123248929234724,0.04129505359776812,-0.06186186603247917,-0.004496562121239543,-0.02390535624745122,-0.004054414135551714,-0.16481440307415082,0.004110980156295029,0.008685775765724258,0.0361354182389299,-0.10525133624274047,False,0,-1
23,23,19.087661996009484,2.097227886199678,16.715225502355334,0.3696728961479429,50.86652613920017,1.291202164053251,116.92176463526225,3.425820077841311,189.85074853291297,14.760525753679946,40,2,0,0.013189318269882223,0.01945113949240934,0.05507416044807782,0.02469466028425307,0.0008671017070510712,-0.00021705367257626815,-0.005165053670395651,0.0057460550498691365,-0.010231753603364882,-0.04700010150648601,-0.10300901959025226,-0.1881501084860611,0.002570564300591046,-0.012205092310811098,0.040237812517867094,-0.131133714757315,-0.004505080569402731,-0.015460705640620225,0.008961752720589862,-0.17978179535943972,0.0038372999450653066,0.010948122559026528,0.043309000857489004,-0.12980910109273025,False,0,-1
24,24,19.05600193719316,2.081214010144769,17.023335633026612,0.4138263786687563,118.8903797650916,14.608708511716818,155.46592294707025,9.564462646249341,127.12739437963697,0.0,23,1,0,0.013911971648827428,0.017547021891900248,0.11121971628392874,-0.018153328925741955,-0.0002638012909812967,-0.03240438583640153,-0.024078151365499716,0.06769704225236818,-0.00980721213168003,-0.11303530511295351,-0.10592483436062984,-0.10606102734251939,0.0020852923491351135,0.24495204026961276,0.07935804212228002,0.0,-0.004342688558759435,-0.06427372387641814,0.09666136583655555,0.0,0.005381360147088395,0.029616201811874347,0.11056654970005714,0.0,False,0,-1
25,25,19.024606009364412,2.0656191546373703,16.753191913055204,0.4132960302175274,67.27388648792876,4.1281764580427875,189.40522367533208,11.550522557873434,103.81758273957436,0.0,23,1,0,0.013896946225495149,0.020087048230246245,0.1503896831843761,-0.017466204273404267,-0.001826843378108355,-0.023716689366711362,-0.019928124977811882,0.07106413689989044,-0.009176435481885986,-0.05966410094914198,-0.1134026092383869,-0.07364041445321796,0.0020821362663424473,0.0635477665208282,0.07982552561486603,0.0,-0.0032335529547344675,-0.0252708308160963,0.1388971526982026,0.0,0.00610259326610735,0.022678361359000476,0.12237593277380207,0.0,False,0,-1
26,26,18.99335238412356,2.0495485922286454,18.171148377784768,0.44020344383856946,75.29517984656127,5.704689782995564,134.6010803894136,6.796135360853497,198.6780904481881,0.0,40,1,0,0.015299755853885162,0.018753619014343283,0.0972350503179457,0.004996552159948576,-0.002141380147322532,-0.015770033731986165,-0.006042132950509778,0.009403362778800094,-0.009566744234253868,-0.07119671283200431,-0.09287781468721316,-0.19839252722595577,0.0024653917442767578,0.09235058654390696,-0.06705026754367342,0.0,-0.0038576262995571116,-0.035519223173160704,0.09773578758614543,0.0,0.006170011652466329,0.011093535964932321,0.004634767810587396,0.0,False,0,-1
27,27,18.962094010326556,2.033751099678293,18.659860707184205,0.46090141345293556,88.09638865643167,8.035817784802806,149.1996132077667,8.294416185007275,92.71812550358308,0.0,40,1,0,0.01595394902081721,0.028362503202455678,0.10003643504132484,-0.010364278807700193,-0.003789446739747622,-0.06411552019967154,-0.02647020734016398,0.06056724216707388,-0.008905167357175194,-0.053345498178583584,-0.1074828561629189,-0.06943228138243383,0.003119561343522248,0.12556461330133586,0.10715330093517443,0.0,-0.00354094330888125,-0.018411198771124463,0.05859963380684318,0.0,0.006514596717439071,0.05970789604009492,0.07772464969190815,0.0,False,0,-1
28,28,18.930845685837856,2.0176901445764277,18.37753865484548,0.4770407479234276,52.288944069628656,2.541639129290874,166.8224301169051,11.94734080647782,107.3180381863689,0.0,40,1,0,0.015457163037538921,0.02370850999051596,0.11783580381085221,-0.01680375258101081,-0.0047867785150836565,-0.024486002370273447,-0.033882103177552074,0.054916619666569105,-0.008711876335716311,-0.03965445641878503,-0.11312139326681649,-0.09065848059483736,0.0033659222340230877,-0.03193980760366511,0.15616942246383844,0.0,-0.0034021065929997992,-0.011593472436087868,0.09609907088803456,0.0,0.006813029957944674,0.028517488183621154,0.09928167720432486,0.0,False,0,-1
29,29,18.89991093970648,2.0015316034996316,17.726447703742885,0.49430750359462255,62.80547498856565,2.64493613492161,241.1056847448875,14.575626365447992,223.6086995636374,0.0,6,1,1,0.014047392361704948,0.01905187098833736,0.20311560971043793,0.015430751616986971,-0.005612323713403061,-0.021357997495022606,-0.04602852546194641,-0.0026576547746755934,-0.009241187075577388,-0.05590518619399904,-0.1214799372409168,-0.22305981102873407,0.003704315335893823,0.016936433230670237,0.11931482127879095,0.0,-0.0035199011907309586,-0.033165013861949644,0.16622198738325503,0.0,0.006951153563195565,0.027280895450994082,0.1511616856134729,0.0,False,0,-1
30,30,18.86849932776704,1.9854070030046975,18.928779206438232,0.5285133689833863,58.10985261739081,2.038831832140027,274.570542245708,13.057474591534579,228.58818577705185,0.0,4,1,1,0.014678532829018699,0.02484005793557185,0.24301915544424538,0.06462573857848812,-0.006437612362447387,-0.04023842757885573,-0.057578808094589165,0.035556192352730664,-0.010069583075002326,-0.03377270257106319,-0.11408485269602742,-0.21636041637833037,0.003907628831227398,-0.004294474191071561,0.08139257681930932,0.0,-0.004009137706098779,-0.005368833067567196,0.18151921719739916,0.0,0.007331093594316185,0.03491385896925679,0.11118711358946828,0.0,False,0,-1
31,31,18.83715028535384,1.968998051281126,18.765928713332556,0.5463931064285359,64.07941111073266,2.534552167160408,274.8176248111928,14.31646041129954,181.57602326902136,0.0,5,1,1,0.014359405713794793,0.023509284072274466,0.24654098773929478,0.000595745476875411,-0.006849897972218617,-0.04461390537425782,0.009619899560133276,0.00014061238836978715,-0.009952208086184293,-0.03953585635804744,-0.12103605166995225,-0.18157499150950057,0.0041193308937676676,0.025758093141462716,-0.08474208674224196,0.0,-0.003998949988733937,-0.012076179391477173,0.2222116803661391,0.0,0.007614568245262672,0.03387528643308283,-0.07665148799309332,0.0,False,0,-1
32,32,18.80576226212351,1.9526473859696547,20.150539194555495,0.5560461746101256,65.74249681197526,2.3692786792259874,291.4687701300094,14.238754957949697,127.93846627503936,0.0,4,1,1,0.01589321448913435,0.026055267672304403,0.27045555975148056,-0.00916844834129335,-0.007351271758504181,-0.04892164844168565,-0.019370381052970745,0.02516676992118735,-0.00997039450404577,-0.03535351789207492,-0.10692344223076754,-0.12510325495188537,0.004324745916943776,0.005570068852921484,-0.030883325080747984,0.0,-0.0042959138713154245,-0.01089486277586758,0.23620787911011445,0.0,0.007551526271788895,0.03949988020721258,-0.07078733280442753,0.0,False,0,-1
33,33,18.774514611025783,1.9366465319243367,20.44746275050298,0.5708656832448139,66.36221844193555,2.269028889231078,205.04202404385433,13.598783008103213,122.92490487655155,0.0,40,1,0,0.0161534474210541,0.02635532558206225,0.17446712142955476,-0.010239771878270928,-0.008319581474338325,-0.050330427975526414,-0.07046430792797603,0.0031111408458881673,-0.009378135925667429,-0.03429561006599847,-0.0814753734101103,-0.1224581565818597,0.005075805517099375,0.0014656829420631491,-0.09327430878492103,0.0,-0.0034257811091423,-0.008989040717377345,0.21591649341381675,0.0,0.007859470123359719,0.03854048909704259,-0.031810786015890144,0.0,False,0,-1
34,34,18.743398231712863,1.9202940987420454,21.934476557424436,0.5867451120467689,72.76301623798473,2.5247357337756373,129.09236039465918,5.307803570277974,95.8218607492204,0.0,40,1,0,0.017652801420106768,0.027583957740018625,0.08936380508939082,-0.003151230949802279,-0.008983942249205705,-0.05574619508995495,-0.04479678686808291,0.04320375624160466,-0.009422772709421327,-0.03776166760669844,-0.08168350958734262,-0.08547124772436634,0.0054927850843914895,0.01798971155441792,0.010591287817960232,0.0,-0.0038014312539622497,-0.011522233528114434,0.09198696472262777,0.0,0.007762024136796766,0.03853995777802238,-0.0028534385704816834,0.0,False,0,-1
35,35,18.7122398280452,1.9038450867042038,22.50213471621368,0.5796244579771618,72.07225494724737,2.3180955541872303,118.6007505515853,2.099671508854557,120.94226248436249,5.351235020040495,39,40,0,0.01819465812441668,0.027826881688261237,0.05435096445956588,0.046410067109774855,-0.008953272346387563,-0.054928748813563875,-0.04446542886987672,-0.04693521215186819,-0.00975394262919557,-0.037455402046499775,-0.09557686084577326,-0.10134210569137467,0.005311274073327874,0.008467247443308278,0.02359825446963163,-0.08438875787959237,-0.004326341279766866,-0.012054783096304549,-0.00574145488221741,-0.039976172209993534,0.007444043371799632,0.0376811629242115,0.027442679654616754,0.0018388022353187396,False,0,-1
36,36,18.68078207891249,1.8875253095010942,22.541691985362693,0.6040491056456924,73.29251416863067,3.054923220373251,117.9338894044029,2.111855902911819,122.63883863756186,2.8679499044597816,40,40,0,0.01797796738043757,0.02825546367393753,0.04930698393795522,0.04293637959443838,-0.009697552295814907,-0.0591049339330734,-0.04930928810912667,-0.049321557252745,-0.009532997739474317,-0.03286378235226055,-0.09510950378991208,-0.10375035440834132,0.005680727911693974,0.035288049629285036,0.023645058438531156,-0.03641462096174033,-0.004241502644340671,-0.007953548168799415,-0.001147692393843958,-0.03193303201047505,0.007802971539893608,0.0391708273820231,0.028251867438466288,0.012640282904858035,False,0,-1
37,37,18.649212205386647,1.8713570342862795,23.063211449116434,0.6106977671786363,73.64160702494746,3.341419247451586,118.01566583271574,2.820457793476818,114.07996670997149,1.6850563703777521,40,40,0,0.018467978955991116,0.027840809493779182,0.04591006713901457,0.04521911955260346,-0.010278320989909426,-0.05915141243338624,-0.05516506058091612,-0.04775850346965481,-0.009230470911936833,-0.033898171323588036,-0.093684466206166,-0.09321263529036462,0.00578517772738297,0.04291216874533872,0.027698402183556237,0.018886789619735254,-0.00349403801170355,-0.010334351804209817,-0.01774579401380418,-0.01097874439229224,0.008242027707771042,0.03811594936229365,0.03662118857688022,0.019689886025702555,False,0,-1
38,38,18.6175267049505,1.8547271791861186,22.725075543703763,0.6295490281979097,77.35278833379363,3.8313489663679476,115.46812403298749,2.694161659437163,112.53752081518157,1.8917527181624088,25,40,0,0.017402983600833862,0.026783310791498455,0.0397189796675319,0.038437973214060075,-0.011361748370723136,-0.0668028964274679,-0.0537627323216216,-0.044905997926642474,-0.009191076880133289,-0.028345743154125965,-0.09415337983939417,-0.09576360037422886,0.005104360382622531,0.04995056799417342,0.02519728407420555,0.023742526284719234,-0.0024078673165747622,-0.008521489240621436,-0.012939965545596822,-0.006628079845915159,0.009427476060063231,0.0436334234102563,0.037532943598637916,0.021965973646921263,False,0,-1
39,39,18.585854464464397,1.8383742206991052,22.482391184500546,0.6169055286123508,75.97096421567637,3.488734103338486,113.48220181985603,3.062770688147525,110.0384940153039,2.330991599683058,24,40,0,0.016480937041767032,0.0258450321741078,0.0412364982174595,0.04056274380658101,-0.01183667158681022,-0.06540395082568054,-0.054510082657343195,-0.04332735076817916,-0.009681416907881761,-0.028739257683017425,-0.09058925009808619,-0.0926599949031345,0.0041066476134519235,0.04420785566702044,0.023686704142248487,0.025896444665795923,-0.0022146712543394684,-0.006775038110755334,-0.019170000687855657,-0.014589963576389533,0.009703590503423253,0.041320018052679416,0.043919635814890536,0.02777863421938216,False,0,-1
40,40,18.554360131609883,1.8223840230533603,22.584418751912334,0.603755767148576,75.81026302068132,3.625587014330081,109.59553030020697,3.44449111855188,106.5059906200614,2.696933402768555,27,40,0,0.016168831374178082,0.025833703963705636,0.043458846865101604,0.04453476108704587,-0.012654152609128904,-0.0651683825070627,-0.05423498315655747,-0.04183818931939084,-0.009407299511549533,-0.028859966046301363,-0.08474122664292252,-0.08723386387954601,0.004473676772634793,0.04681227184328056,0.02226870820314452,0.025969662915054093,-0.0020207119995608713,-0.006275184663018177,-0.02096820232559303,-0.018104353182345937,0.009324290517684342,0.042111673635694964,0.051754983441453836,0.03483430074718049,False,0,-1
41,41,18.523007379775727,1.8067433383294271,22.825051602181148,0.6052070655818484,75.07973431386989,3.0553826026150923,111.36218966306197,3.5521735306132696,110.06419633958225,3.1226909471762907,38,40,0,0.015957611741999618,0.02609012767088348,0.04735280058186667,0.05010740157872685,-0.013731258913417184,-0.06539559396987825,-0.05623880177557926,-0.04673848335660014,-0.008819871698983451,-0.02607082722287724,-0.08364476515869274,-0.08613297740372804,0.004809344298144421,0.03691972720889933,0.025828584156435058,0.028077408667500102,-0.0012882768600272453,-0.001488012632911582,-0.019677454464774695,-0.021344253827647153,0.009315818589358302,0.03845040578284945,0.05281406417561951,0.041550775619618056,False,0,-1
42,42,18.48841630334392,1.7888488725866412,22.953528267665604,0.6070617284639304,74.80936871757139,3.123383428928292,109.06961094455603,3.496620920843978,108.24052699034245,3.3457932367725904,39,40,0,0.015904909513627167,0.026049823518192065,0.0426425515715609,0.04531933659100478,-0.014053106207652771,-0.06548997271012803,-0.055715393789422335,-0.046838546261879485,-0.008741196669466201,-0.025078114303497434,-0.08350800992691171,-0.08641944224636051,0.004937722654680894,0.038542070894641636,0.023348137942925593,0.028040080588501083,-0.0009672256539803538,-0.0016758054170826781,-0.017843022341018647,-0.020404924686165542,0.009324279163122966,0.038514971249354546,0.05348693853906919,0.04698277956823726,False,0,-1
43,43,18.453358293053363,1.7709039624246792,23.079925603959232,0.5804540531843423,75.48237752173006,2.7916543497558735,106.06583803086976,2.880499719790236,107.16508552941906,2.4869095377722297,40,40,0,0.015453981610718658,0.027313790682697105,0.047104818095027624,0.05048373489686902,-0.014840870751384794,-0.06772975960766027,-0.05069862520804535,-0.045025077477013065,-0.00857939237944936,-0.019084701159917034,-0.08037877525466039,-0.08311732951424342,0.0046216010158701875,0.030028908811312482,0.02261056173260911,0.02663229995782219,-0.000935808842937494,0.008200968657847033,-0.015369454359415672,-0.017622419986586597,0.008966541763023562,0.03748325020437107,0.04219049632430944,0.029396327518995586,False,0,-1
44,44,18.41809386482069,1.753190927952661,22.82145679378609,0.5833023282960379,70.56451348491622,2.485637164993946,106.04906989570982,2.9263355158087414,109.48189595684262,3.054829216490414,35,40,0,0.014640889495659126,0.02624175909962091,0.04885262877494626,0.05431607273484493,-0.015541585248961272,-0.06083781261618754,-0.05064426221342667,-0.04690781004749921,-0.008057442082684359,-0.024279233900558694,-0.07934093894314663,-0.08267833538186216,0.004988679746414252,0.02770514547600547,0.0231035521254519,0.03126376867850425,-0.0011393567303865243,0.004582256244369273,-0.019517118867988403,-0.02356003847051686,0.008801048847269384,0.0330677139619677,0.041156783290605674,0.0361964845542029,False,0,-1
45,45,18.38250993184579,1.735663519551813,23.265242351031404,0.598852401656477,70.29681628072159,2.715152810869286,107.55670952499078,3.0399665617627996,109.42009440893986,2.985080096252665,34,40,0,0.014391970949828739,0.025562626201957532,0.046546907926592586,0.05058984692156918,-0.016270694769654176,-0.05974331023426504,-0.05754217971440913,-0.051099463410862335,-0.008331096299062875,-0.02681289620904238,-0.07804312064513563,-0.08247587094438864,0.004931525894907566,0.03510081359391074,0.02535811068688721,0.03370091759232433,-0.0009507235258202941,-0.001386543723989754,-0.008417770978520023,-0.014324704536831899,0.00916620724665019,0.03180670824052219,0.04583882384070749,0.03705949817337813,False,0,-1
46,46,18.347012532427065,1.7185251527093264,23.17471263589819,0.5860073316475265,57.543874615650125,1.2065246200971262,108.47644550862277,2.9997972785539324,110.36135573868077,2.9784957294649117,40,40,0,0.01427708538727695,0.02492181958663548,0.047228912714437646,0.05205689336136352,-0.016336320873808513,-0.04269567027709958,-0.06156902067281135,-0.05658944288170344,-0.008145965805773453,-0.02944962060641954,-0.07580121850859764,-0.07916655637566723,0.004730172164257815,0.010864352322604045,0.026667336890282223,0.03598879140742495,-0.00027853700006194473,-0.002848141610767513,-0.007185236216217916,-0.01419027684300959,0.009063934544162322,0.0178125242817757,0.04447934126528015,0.03472516561729952,False,0,-1
47,47,18.31111660672581,1.7007410950803545,23.501817696382513,0.6201352165579005,85.38818265197332,4.2707949479239975,106.73394047364084,2.6118490883755636,108.58073739694402,2.4126259052864687,39,40,0,0.013813934941657198,0.025120123244464294,0.04732759865941387,0.05318724693547955,-0.01750441588863601,-0.08061318957098662,-0.05941707222012383,-0.055754027635715006,-0.007423345664814999,-0.0127135680271849,-0.07497895693428085,-0.07650086077610085,0.0053757930704445055,0.04810818390899546,0.02498452139197371,0.027417334965477387,9.471496073078711e-06,0.014273385282182013,-0.0029596573334337594,-0.01054637893144787,0.009393975497389111,0.05511805750269398,0.03801367815647131,0.030169018416860077,False,0,-1
48,48,18.274961425914995,1.6828383997027447,22.996860133165384,0.6399258137571656,76.57649142119082,2.962294944583121,103.26385108109652,2.5789970986159676,104.53666789557178,2.1161504502129698,40,40,0,0.012333848688642957,0.023069449398105513,0.046050997377040256,0.051338590703031886,-0.01822941523945081,-0.07127316446234831,-0.058670616118030434,-0.051796619167975684,-0.006664846025056435,-0.015871218301410008,-0.07141769658151555,-0.07489575610208718,0.005938586578513679,0.035553306587099716,0.022115139667189847,0.025276668224782552,4.980644661315998e-05,0.006193159718682259,-0.0015434557888012632,-0.01513609667029016,0.009459021070306361,0.03702274040576788,0.03917419628821924,0.022273160381758934,False,0,-1
49,49,18.238552551780664,1.665137848900071,22.664411378559905,0.6334472424076549,80.13116594117677,3.471046375736452,101.07963007387124,1.9401656740865665,102.50156870742276,1.5308465421785549,40,40,0,0.011458916763427718,0.020533937949397063,0.043095212347431806,0.04905953387111857,-0.018723531138796115,-0.07653015535411203,-0.06158677964247799,-0.05570117063270934,-0.005638984965396085,-0.011937188482142577,-0.06757930794162721,-0.07069026321903801,0.00645000349172176,0.04222132631957103,0.020605885028818032,0.01614438696697636,-0.00012925068544100346,0.007903262801402394,-0.005553408286567105,-0.016624379424740047,0.008978314794876128,0.04271976532738054,0.02629089387673525,0.013298759387731347,False,0,-1
50,50,18.20238958193644,1.647885109949931,22.70418367243938,0.6433339860601063,76.99749172456947,3.012250543868391,100.73949599795664,2.0200727243521883,102.3087052896074,2.060338449864148,39,40,0,0.010739658067260655,0.019734619310016726,0.042368778098861685,0.04805556134203041,-0.019156686458655623,-0.0732463348268588,-0.06380357204698558,-0.058146592928996196,-0.005758564469982635,-0.013195945096716294,-0.06544033076304595,-0.06911373186920025,0.006620698993111152,0.035771842585127195,0.022934780833435794,0.028292056414162298,-0.00047393680579870304,0.005810593115936263,-0.004248282691840764,-0.01892983155272321,0.009056288718399825,0.03808681076018228,0.026438576779839837,0.011589663557151556,False,1,-1
51,51,18.16599498568193,1.6308583522844098,23.254559399893935,0.6449833707165193,74.75045734226097,2.5522544450730282,95.88489406887894,2.2063230511572707,96.27121195803917,1.8596342081963257,40,40,0,0.010834836698414708,0.020931975430491315,0.036803796303414606,0.04113143845528765,-0.019823803308111874,-0.07047387346599708,-0.06047228367064947,-0.054589440084049694,-0.0055134081114292625,-0.013524660297143089,-0.0646722227537712,-0.06779634248083401,0.006381175958662476,0.02643751074023508,0.022896199386092327,0.023703593732023773,-0.00010868948323574236,0.00842724435905684,-0.0038321006150205082,-0.01658665037368664,0.009273117466486859,0.03484707002447683,0.030723190588615248,0.01471266913361135,False,1,-1
52,52,18.13324100703054,1.615463268978933,23.672429932989502,0.6783977859533689,72.09892725373552,2.2963434488367405,92.10744748959326,2.1143624863794708,93.18794058009237,1.6668472712300508,40,16,0,0.009855061652996365,0.019135820525960048,0.0331094206671256,0.038827174240600414,-0.020954383744062666,-0.06878795301536389,-0.05904504123584431,-0.053936029560588156,-0.004916858819866643,-0.010014649464348832,-0.062459837108280555,-0.06532493800447303,0.006953574292460423,0.02753248331491288,0.01559419531797752,0.020911817728258116,-0.0004604052090702738,0.005605058686189667,0.0018298539070708973,-0.01088536849226537,0.009572248625706787,0.028580626251458102,0.03339571277862688,0.017045454694773504,False,1,-1
53,53,18.100512738696214,1.5999279108614162,24.174829490111648,0.7064812840272653,70.64068963625093,2.2206310337432718,88.42877019690232,2.1404651508872368,89.61389890213322,1.4068946060801957,34,40,0,0.009207522698416522,0.018254603415725976,0.028230789505427508,0.033026147225998906,-0.022007358040783843,-0.06753100027497706,-0.06362717859362496,-0.057558656948885976,-0.0039140897663266574,-0.009820411818286509,-0.05453670384843366,-0.0602239610627602,0.007927208016658607,0.02845908947355676,0.004153830826025688,0.006429965293790584,-0.00019229759323808509,0.006115956210034874,0.015160583727412733,0.0020100717064896146,0.009442550677274366,0.025589165538082347,0.03389004040107832,0.02361271667826303,False,1,-1
54,54,18.067729156758386,1.5846244779582561,24.827036319815274,0.7384309347565544,69.39064232509627,1.977828706662301,86.07882440109115,1.8604865673984696,86.25050813224712,0.8134278940784345,38,40,0,0.008542419203986006,0.017278698523930994,0.02144554322395309,0.025944228737849642,-0.02295354218577213,-0.0666035941887896,-0.06546465951363152,-0.060401372250589856,-0.004067395689477139,-0.008970454879412764,-0.05161425230367811,-0.055836559515380565,0.00799091112829576,0.02472737217661485,0.003163630239971505,0.00526464376296696,-0.00038296557882174084,0.00552525922577253,0.017180069532542072,-9.755069957592106e-05,0.010104481091138956,0.02344425187197852,0.027372294735036967,0.01318441035277704,False,1,-1
55,55,18.03480041207071,1.5695138408126412,24.926203228385027,0.7942207136024719,70.58308685450231,2.263572609631273,88.69656595519278,1.0908666429671023,90.04008860120042,0.9110432540042505,31,40,0,0.008279793092704461,0.016526231070291976,0.02494350622644113,0.030656731629233262,-0.023235153946213206,-0.06780393432317014,-0.06637786306079162,-0.06271129736287584,-0.003590021562682939,-0.010558519158516598,-0.053281156189202115,-0.0568742080752792,0.00840578335615966,0.02648084374383322,0.004537644920387376,0.00723923078935853,-0.0002370305726444974,0.007314914400140617,0.0035646263028877596,-0.011619917463289692,0.011019763677653699,0.028390910251169688,0.018143729253984418,0.008087240349678698,False,1,-1
56,56,18.005020617389622,1.5560714126208544,25.042762933560518,0.8112424353051957,73.65977325378688,3.413018485760262,86.44829185870594,1.2862650945113114,87.02767427067859,0.5280486220744366,40,40,0,0.006817960557344057,0.014961582852457826,0.021058259133538294,0.02612277507774437,-0.02394536823910969,-0.07195192182883559,-0.06679126884275256,-0.06242677330000587,-0.0026971705690316144,-0.004983390360534642,-0.050683165784389465,-0.0547203315646989,0.00928254851186124,0.05307844219688689,0.0058831130130274235,0.007134941893158626,-0.00047669844223175014,0.00727946948303047,0.01142911719646724,-0.0042201096219563385,0.010680829944872865,0.026040041644980846,0.018405082133864173,0.004027577807078948,False,1,-1
57,57,17.974887004998777,1.5426769372066462,25.321428541003854,0.8017387417997646,74.13854747314926,3.7123795044225805,83.50533819460783,1.587796307912417,81.8565400465466,0.5768623456949675,40,40,0,0.006484744537843255,0.01488846607886337,0.009660025038814893,0.013614091346080569,-0.024311596691163322,-0.0725017354552911,-0.06800716353790634,-0.06171773931828973,-0.002840615771675788,-0.004284408385988344,-0.04748527277771247,-0.05201990310114094,0.008925013246978636,0.0587024538607078,0.01047399513232394,0.007538105637765061,-0.0005641077886701434,0.0076801685169956176,0.016636956433263458,0.004055048328474271,0.01076240828992592,0.026328721510485348,0.019531441445443668,0.005301050439319221,False,1,-1
58,58,17.944373613317747,1.5293238837023917,26.061792107088653,0.8155088482720794,74.51041294030638,3.4836563369856997,85.09191919702856,1.6036816794823376,83.62859705444205,0.7530413029685978,40,40,0,0.006199221230857616,0.013910160063832857,0.01009907506441522,0.014858357951902547,-0.02514304609183952,-0.07309941534684762,-0.07145510855846986,-0.06634708653348077,-0.002934944154089834,-0.00384506950295907,-0.045086703764793366,-0.048693280365838795,0.009024076487954965,0.054830928746987376,0.00778811551556654,0.004486240914561068,-0.0006121290959110381,0.005756811409460995,0.010763341091341253,-0.0019732028950340025,0.010989930966052653,0.025636364490791215,0.024635528831199068,0.012195076046595822,False,1,-1
59,59,17.91384100574156,1.5156128120805508,26.72207799874308,0.8127339081247607,77.76745608796688,3.883651514180629,83.0922554492241,2.036160714081206,81.47087009731237,0.8519783645987425,40,17,0,0.005333209719191958,0.01234176808595941,0.0016067106556577869,0.00444249644997414,-0.026046192233499747,-0.07675089274450446,-0.07164431612263053,-0.06608797610027528,-0.0026874145191248186,0.0021813871338724356,-0.042057500684523436,-0.0474357071695422,0.008967807593965989,0.06271155346635832,0.007801342981310831,0.005485633642383918,-0.0005765636854198255,0.00434099002478959,0.02224630566794898,0.005258900655791585,0.010975285725993338,0.025355176524263653,0.02659266179880187,0.012781375545035736,False,1,-1
60,60,17.883269845063154,1.501655394259264,27.227444416274075,0.8195434167215648,76.18274741783678,3.6719104825127835,83.14334349697894,1.7427978932567632,82.1384459525203,0.9541614276768525,40,40,0,0.00527403422711764,0.01193405864013321,0.0013602616171337844,0.004477339950172445,-0.02655622183804785,-0.07522644281113174,-0.07296012314141856,-0.06827661733067407,-0.0028784325770940568,-0.0015399839243654258,-0.039847028589075795,-0.04544206483365809,0.008804897934388836,0.058920725287346855,0.00890325754262221,0.008577052207986777,-0.0007967494435367349,0.0017879398779913815,0.01862407858598569,0.005321764195523866,0.011244362266298403,0.025145292046596025,0.02234062992740205,0.01324552831031407,False,1,-1
61,61,17.852747090087544,1.4879168877902305,27.47807931498563,0.859461024361841,73.31355352250283,3.339565949038065,83.63051164921708,1.7814649056688958,81.90219897526487,0.823753011345181,40,40,0,0.004647327234510314,0.01183162749790442,-0.0015748159878930085,0.0027351211157358533,-0.026999871557493515,-0.07235249061464394,-0.0741494178264178,-0.06953964570405695,-0.0021104805838653568,8.259967057882428e-05,-0.03864513254366486,-0.043182484699474714,0.009294631481316467,0.05312320404150433,0.010249448419032645,0.004532556389650429,-0.0008206836347222669,0.004028640847031827,0.016136843277481234,-7.698955051882648e-05,0.011745171101728668,0.02364322661354129,0.0245212190170892,0.013643824622535546,False,1,-1
62,62,17.82566765160253,1.4758952723207566,27.502951386774882,0.8879554829154808,67.126034921732,1.8908906828314254,80.94711203223491,1.6963725427305432,79.24483722932636,0.6747077073509656,40,40,0,0.003764167508334516,0.009159981383836217,-0.0025019107804658846,0.0013966386465891045,-0.027214953119910942,-0.06649657393248098,-0.07313208819046624,-0.06847282541605658,-0.0012608348954366334,0.00045272574860224504,-0.034610302883789495,-0.03986559679141301,0.009842661902794108,0.02385291334769622,0.006929080011399834,-0.0006234037469662472,-0.0006161894790340538,0.0014074247858855329,0.019683242963669075,0.004526068246761119,0.011955018724306994,0.022764168936067808,0.0210035519237431,0.010853442374438802,False,1,-1
63,63,17.79787574222114,1.463722940656086,28.31663647613645,0.9071076780095788,68.26065400394882,1.8607422054942535,80.15042186896679,1.90123298056269,78.13883202547886,1.17152739491962,32,17,0,0.0034698322890213485,0.009144932679398015,-0.0034594053540210877,-0.000996577096476032,-0.02806147560459954,-0.06764133688351581,-0.07303233321788923,-0.0679677653629162,-0.0015315848328418078,-0.0007325543985366146,-0.0328390155930581,-0.038536564143269815,0.009932756174112718,0.02586366234851673,0.00649855983919918,0.0018479539577632594,-0.0012012042171461674,-0.001566824480902668,0.022048928750035585,0.013198203106518543,0.012269889274158974,0.019578347078200047,0.023931361045147755,0.015507183235534093,False,1,-1
64,64,17.770449228276274,1.4518720483011496,29.009973833214485,0.9128210739812191,68.90637636240935,1.8460587413027032,81.03365522845787,1.7064727189922424,78.85557544275677,0.8748768677019633,31,40,0,0.003242467373738031,0.009108723328105634,-0.003074171635756322,-0.0007462409312538542,-0.028771361289132207,-0.06826353127903091,-0.07542552466304196,-0.07027055831713667,-0.0018093525649409247,-0.0022825775007210185,-0.029461720549610455,-0.03577280442848617,0.009484688530165604,0.023566461005256962,0.00827205303978036,0.000981705831541077,-0.0011654965730939822,0.0004987845756336158,0.018243866197985577,0.00663602362872928,0.0127476438881375,0.021965628814851552,0.02204076632466453,0.013717015756965113,False,1,-1
65,65,17.742908982526988,1.440135569049457,30.071806822888377,0.9399341206528377,70.83120722695011,1.8452170035243307,81.66676756661892,1.5148524826081546,80.10254644220434,0.8877184142423862,28,40,0,0.003204476280324448,0.009390650653282363,-0.0059051221428158725,-0.003099796477367945,-0.02984276682726579,-0.0701495006198012,-0.07600133444012099,-0.07215501650694596,-0.0018585385267457751,-0.002814810886661742,-0.0292982528588219,-0.0346476954674731,0.009591183438448404,0.02378808625047047,0.007627038255508839,0.005926840285986304,-0.0013126218728221149,-0.0014398696473546992,0.014576704086911084,0.006305331239223742,0.01324418550461804,0.02166155522904297,0.0206972788592517,0.012851742565248327,False,1,-1
66,66,17.715532619447654,1.428639808832103,30.73762832526849,0.9354106478774372,70.96861814328719,1.9763705327569725,80.59973539074858,1.7822752974712803,78.82115263594984,1.2869364633353662,33,40,0,0.0029747671486828474,0.00885206786286752,-0.005680635763145729,-0.00485448242051419,-0.030496443773137764,-0.07036966831608109,-0.07587868208511069,-0.07203478891725235,-0.0024329966430950943,-0.0025090709044646633,-0.02657956597485859,-0.03162589585980957,0.009210192155930207,0.026689918475907105,0.011052277227896834,0.005220738848382587,-0.0015856864027637006,-0.0018643081798393572,0.019254218666003183,0.012512079095943445,0.013386414512230427,0.02177201369184245,0.021788553429760556,0.017908120968918043,False,1,-1
67,67,17.68798418387291,1.4172348818790053,31.22004497800578,0.9152309228979372,70.64257921287548,1.9145404674595818,80.53212847799203,1.6958457519521992,77.77658351270128,0.4242198415360982,32,28,0,0.0033511544849453715,0.009789574018133842,-0.005368910412668909,-0.003761727459653433,-0.030908028275673776,-0.06981780826486308,-0.07683453304344554,-0.0720042505619468,-0.0028556540681400422,-0.004473464818424328,-0.023517079966956497,-0.029162205856894143,0.008563566238879267,0.023911106255816616,0.01004500002586039,0.0039049907251968124,-0.0019623953655312936,-0.004093075445748821,0.020195118426590174,0.0037320955833728235,0.013340779631182267,0.02297977987339404,0.019165130182873493,0.005063814221183951,False,1,-1
68,68,17.660255171573425,1.4051669541417326,32.4970990657782,0.9438974098177508,72.80300267999017,1.8888848815958426,81.87822183862069,1.890085756074132,80.67465985007063,1.549693605315661,38,40,0,0.0036852008396466296,0.011273446309898346,-0.010714166550051267,-0.009564888422774571,-0.032127257351157464,-0.0717677646523298,-0.07730066645807186,-0.07427733528718614,-0.0032124877517227543,-0.004751269759579648,-0.02477613391411313,-0.029996518364960353,0.008301768671746802,0.024103753222740623,0.00994469321203899,0.004810875383631023,-0.0023215109857377793,-0.006076036526869662,0.019242460254362968,0.013033342708581766,0.014038795334375647,0.021654817416311745,0.024880784390758713,0.02320649699389861,False,1,-1
69,69,17.632373144820917,1.3931730277419978,32.872511128237505,0.9219295245996457,74.24538124660377,2.069632795167424,80.06443413254654,2.088139485597785,79.61967173868719,1.5321062816371513,38,40,0,0.003796444103686546,0.01208582234054896,-0.005766652707817104,-0.00517196009815739,-0.03254802911512787,-0.07305948120044838,-0.07725585858494431,-0.07423160683493915,-0.0026105173365581604,0.005349929114255459,-0.020213649937984798,-0.02832333849005772,0.008490703514570798,0.026926493481430745,0.010132202802399789,0.012438511873125946,-0.0016641698436641443,0.0007066196397026558,0.02492015334685312,0.010301741738580748,0.013566477129240213,0.02406775379350574,0.024587717153977236,0.021311995114525004,False,1,-1
70,70,17.604649840261445,1.381402058733502,33.83393623683985,0.9077223871646071,75.33355613353292,2.21964537598378,79.84263274881708,2.004129114427621,78.53835471810032,1.276402459571472,28,19,0,0.0036956089408728414,0.011728421243225278,-0.0054531255473721455,-0.004835955546569105,-0.03349636662292627,-0.07421329440141211,-0.07739488540586806,-0.0732648284842716,-0.0030118331456434047,0.00547501132007501,-0.018845188750437704,-0.027877438959632243,0.008086226951743422,0.029404354791574328,0.011546585723194778,0.009887987279800474,-0.0012670890400325557,0.0019130192826939448,0.02138164308564833,0.005463722444204099,0.013564658771664007,0.025149973698628633,0.025159645676645807,0.01920049821016738,False,1,-1
71,71,17.576799903825563,1.369727135267379,34.565994962360705,0.882701513722373,73.3327847273059,1.4137436207906706,78.92299917426469,1.578373457379888,78.45392470346935,1.145940285266922,25,40,0,0.0037341827403415363,0.013390382648160977,-0.004019705743107256,-0.00202936294886278,-0.03429277036788409,-0.0715629596591207,-0.0768251511036742,-0.07436646449902837,-0.002206759500999556,0.008782811236972101,-0.017623221110155848,-0.024910418409054794,0.008066390538915738,0.016739123122017877,0.010980640993528456,0.01535317779971285,-0.0001383135726418243,0.002562521203595323,0.017224922558287135,0.001110189367385888,0.013124805506732177,0.017946176554475564,0.018482683883386176,0.012769677034708079,False,1,-1
72,72,17.549053933489432,1.358249803934119,35.168945242231835,0.8314765241193528,79.93150207707521,2.710169991291703,80.67026014278171,1.8783691739961454,81.63062172269741,1.812575357524292,30,14,0,0.004297146882193422,0.012816247627437969,-0.001362558538040946,-0.0016306255443725773,-0.03479660958382235,-0.07785689023111236,-0.0786979910315107,-0.07704398219554022,-0.0027541241066806723,0.012770805166088393,-0.01767655264294339,-0.02692813158430122,0.0072968945033888115,0.03405931845238874,0.013703177127960403,0.021608267409913777,0.0004866920620883445,0.013715701647389583,0.022698950217956797,0.0073391312856979475,0.01253461975824553,0.029820526763449994,0.01928090581222001,0.021909335142056258,False,1,-1
73,73,17.52118896689674,1.3468762100048788,35.71811510565702,0.8294547137736525,77.0340842267937,1.9702323437976341,83.32375533828797,1.5531599890205015,83.63109489822853,1.6890767142262118,33,40,0,0.004292061375554503,0.01494371969927464,-0.0025360858044846434,-0.0008036107324285138,-0.03541495649595554,-0.07491816639041282,-0.08073016765277123,-0.07968027887034289,-0.0017727978562187858,0.0099097789535728,-0.020470869625460793,-0.025388332021060774,0.007817766282852004,0.02518945428796071,0.012409931295023038,0.014244489647673945,0.001687447299009196,0.007996032358679872,0.017843381167343648,0.017250976072807254,0.012066911407256617,0.02200053357086468,0.016199931124852577,0.01919806735468006,False,1,-1
74,74,17.49316047575998,1.3355811574505938,36.94938010651688,0.8186237126230861,79.60145016491117,2.2597428461423203,83.34724237233867,1.4485368317596063,83.89927874922881,1.096832516772539,25,36,0,0.004836771605707115,0.017738423556086857,-0.0014340938400593593,-0.0006553522425355379,-0.03658047310704643,-0.07702730903681831,-0.08037277579410682,-0.07866126885752864,-0.0019316619669971584,0.009409190222765582,-0.022020969485504208,-0.029173005841061313,0.007531435455517441,0.030744360435504832,0.010635008663812407,0.011859882605802815,0.003431321330729707,0.013806558359590432,0.017781268470953095,0.0049402348634329735,0.011646514008306245,0.020485925253688128,0.014487557094998002,0.014191711770411211,False,1,-1
75,75,17.464966365575542,1.3243714871592966,37.58711579903923,0.7924135275166617,81.39350282233657,2.2972868752397275,82.16574480160511,1.3074542815214145,81.90290210381329,1.1299487005684288,27,40,0,0.0044510279948873615,0.017119508698162693,-0.0036791986756792077,-0.0021850148913377604,-0.03727175737557624,-0.07883788697986238,-0.07977594458590001,-0.07819759415402225,-0.0019482623065932526,0.010789453191598186,-0.01932541801190311,-0.0242579337841103,0.007248480744932924,0.031369888349240926,0.011771188660783022,0.009124664309888059,0.00357444988759484,0.013357107029388202,0.01739856877877191,0.01456262148763041,0.011223099438250547,0.021098446635749963,0.00891364786593634,0.009674772577381882,False,1,-1
76,76,17.436851278598468,1.3133491435101445,37.98508067868135,0.7780843891909358,80.9119201438649,2.167698295589116,79.97767541964986,1.3171997802164725,80.27254252051611,1.7426791481263737,28,13,0,0.00437266917177242,0.01730899011744124,-0.002643381268577242,-0.0013886967263458156,-0.03768501035523443,-0.07854633425094035,-0.07791761917331463,-0.07731336731373809,-0.0018937035158746894,0.008809713855798536,-0.017840563986660077,-0.02154984544541607,0.007006381357457339,0.028187303687033344,0.010641807577573107,0.014116033639159184,0.00412428515981275,0.015304347456785113,0.01849471459713861,0.02349965933139486,0.01087754309886802,0.020065505157929885,0.008556479156135796,0.013175946763160185,False,1,-1
77,77,17.40863103322556,1.3016956088216733,38.60774693241099,0.778234427155963,88.38673990752406,3.441276316357023,81.25062195057342,1.646117480820526,81.2431781897566,2.581234017972691,38,13,0,0.004980212196684949,0.01721922080448423,0.00038228970192750935,0.002622653581621165,-0.038249836935797914,-0.08455948591596574,-0.07919957166266373,-0.0789470492685955,-0.0016448659696006492,0.019115636740488537,-0.01813684841391679,-0.018998397362549005,0.006919874896138458,0.043303963167429946,0.010635246438596837,0.010364009684051751,0.005222071848576102,0.028349370389260862,0.024280238541994327,0.04001254877578467,0.010456408512260307,0.030470904652080688,0.011080803800998577,0.017921460935634827,False,1,-1
78,78,17.38044385651971,1.2898148354368726,37.70839043488605,0.7213617043760184,78.5439107871192,2.005547439143345,79.75732600727777,1.0000450789988027,79.51061163510639,1.5577490872952247,20,11,0,0.003559825272082673,0.015061558853364836,0.00011708638806814231,0.003692035150771655,-0.037519314417822205,-0.07612725403602125,-0.07826578625362042,-0.07784087265106349,-0.001245551620225233,0.012121739131686161,-0.015352004582839187,-0.01578305369550189,0.006351381961344709,0.01985210754317212,0.009851056163048273,0.009084789654391022,0.004191348287387821,0.021231139660821814,0.01264931581767707,0.023469149926582628,0.010030159138502122,0.01950310166763446,0.006899013401890415,0.01028809083852447,False,1,-1
79,79,17.35207734406644,1.27798620715333,38.525286982462845,0.7418154393525757,84.40689393460086,2.9401406351479413,79.44380395103596,1.2484418905979833,79.79709465206399,1.4998710945210374,24,40,0,0.0038296407968177997,0.014774289140073596,-0.0004712312300340423,0.003501081881066879,-0.03833289445311453,-0.0806906006583338,-0.07836417922979676,-0.07853009415715093,-0.00034755042058814663,0.019881425740870894,-0.013044207180920154,-0.013723813327261976,0.007000551666208552,0.036980915839828675,0.012312501827506168,0.013475392440298682,0.0052248998384808645,0.02556660590488271,0.015631305348668894,0.019380163959281407,0.00955618451443883,0.024738705716964925,0.008879385204945254,0.01131788153807612,False,1,-1
80,80,17.32384498476391,1.2663449765977395,38.638560185633324,0.7258295194854318,91.27453184337462,4.5836420830411875,77.55240641937954,1.4458391422994628,77.37029439244681,0.7568139703977534,20,40,0,0.004115423632862293,0.011299007015136598,0.0016718622195816336,0.005315804245219942,-0.03841269546083334,-0.08633408923177775,-0.07689625348788762,-0.07558128816872776,-0.0006829706978785325,0.02738243305877941,-0.009927074981175829,-0.01566440418133162,0.006043491922052018,0.056326458504630965,0.008697359643027758,0.004332210333375797,0.006211414330763755,0.04017232449836339,0.02243485854412194,0.011791066077608244,0.009239895730299213,0.04016787011998453,0.007603998551486712,0.0040838263403279096,False,1,-1
81,81,17.29538677392905,1.254737274618893,37.87545319464002,0.7433085973538283,75.63514591168745,1.663707677343057,75.23393299408,1.7241663546258092,74.55467749837578,0.7046158674453646,22,40,0,0.0037420886365661056,0.01702753210105629,0.0009066200572634448,0.003196960665425846,-0.03765950094075766,-0.07207819274191288,-0.07486847277911636,-0.07276527880654333,0.0015194460268541728,0.015345115792635956,-0.007350816114704477,-0.015918340981288095,0.007193675283133334,0.008251179498513833,0.008172961141402063,-0.0020305303395073884,0.006495888825922246,0.024631122446720714,0.028366112349401965,0.01203416839906578,0.008623104162890078,0.012976265954017997,0.005841035421770068,0.0015143534963978527,False,1,-1
82,82,17.266860602401437,1.2432237065828302,38.170006907113795,0.7108017888940897,77.41361660458053,1.974501755249571,74.60649775128343,1.130378930452744,73.60808382797252,0.38804184676564174,40,28,0,0.003295958659116675,0.015619341471896985,-0.003151331409206326,0.0003290239645000501,-0.03799532174509527,-0.07390047578051417,-0.07435674254302105,-0.07255052028662888,0.0015625649724729696,0.01695947779853212,-0.0052223993961103,-0.012428344789072477,0.006795061547023309,0.01906683650460638,0.00834268090926616,-0.0013603517249365772,0.005922835801711172,0.02489558383815469,0.01787314685301556,0.0022785350854955502,0.008523603168126056,0.014292114690292956,-0.00042094299828023045,-0.006231046324282928,False,1,-1
83,83,17.23800860229032,1.2316992693135882,38.76469921626303,0.7384825719129727,71.12119808437839,0.8347249804071131,74.43690928053788,1.3133229529376511,74.20220634069614,0.6513435370290426,37,40,0,0.00326286476421937,0.018263996532805308,-0.0018863556349864887,0.0031360910808295598,-0.03855025539606566,-0.06858927597569031,-0.07431191667561696,-0.07350939743243266,0.002435862836013219,0.004490263771501157,-0.0038773916043576325,-0.009617736099553223,0.0072948485653007485,-0.012664754835181733,0.00543314577997776,-0.0018959852670965647,0.006348745097449824,0.0071882813504102125,0.02219454270480191,0.009654790721117705,0.008520781228165155,0.00042378558929330457,-0.001814541165567592,-0.0056941821132428455,False,1,-1
84,84,17.20914575739173,1.220298695227475,37.84226160775448,0.7636842853176142,79.31404012040278,1.7449052082296899,73.6674993006338,1.3532011213123216,73.50829042813241,0.6994114119467151,28,18,0,0.004199578529832508,0.020113658405171243,0.0012338622894905765,0.005938242532082542,-0.03733040921294442,-0.07394343040110664,-0.07363763459737789,-0.07289084862640437,0.00456517817347941,0.020457927712689873,-0.0016961155510489317,-0.007424972984424384,0.007559634348923564,0.0151562109838751,0.005152527657048981,-0.003780450871016813,0.007893367729277104,0.023105063466433567,0.023028432717684386,0.01088703664970009,0.007629136459291941,0.012802819912582947,-0.00097156116117232,-0.004023959937929163,False,1,-1
85,85,17.180251099139706,1.209026161004731,37.91275990460526,0.7488955728957422,81.38802643166017,2.0724677012699284,73.24961591291341,1.8853424401810923,73.66402008724833,0.5904893877768761,35,40,0,0.0046139037673152035,0.021491459622007394,0.003187973275981042,0.007504553736370697,-0.03731949016459271,-0.07498645238979482,-0.07317463329308017,-0.0727786209706932,0.004831657010288177,0.023219818426277072,0.0009033826455113396,-0.008563986118427958,0.006952992009156078,0.02091243721375949,0.005069987429642288,-0.0052142189635100795,0.008370918033349056,0.026748183616666914,0.032510898511850315,0.00806030004730163,0.0072406258008015836,0.012472920181829574,-0.0003228521170493648,-0.0037492386241996392,False,1,-1
86,86,17.151585051271653,1.1978361264614843,38.270977621804434,0.7466134311429353,80.29061734523867,1.8200754180940577,72.4380388638989,1.5415902398468289,72.84777298612754,0.27524171685054577,33,16,0,0.004303020383715972,0.02004703609818345,0.0031620567244989954,0.007545132506656406,-0.037639804277697364,-0.07427396680733792,-0.07230335568951406,-0.0722766743873283,0.005421888752327519,0.022979935423323928,0.0030814976479617375,-0.005094246166361613,0.0068533942260229795,0.0017798674313686774,0.00920029731481778,-0.0013948025170509581,0.00807905771531429,0.027653520961297473,0.02515529413382099,0.0038774241403259093,0.007587041218794133,0.015531040452762601,0.0025473804033528213,0.002469274242270722,False,1,-1
87,87,17.12289061673668,1.1859704291007072,38.44200192475291,0.7417615530446354,86.11579937174176,3.008332192579055,74.18964620276587,1.682665146006109,74.8067631216199,0.32065290477155994,32,40,0,0.004397341221131375,0.01887808281174406,0.0036529574500872076,0.008961096805777334,-0.03769480343971466,-0.07733625989300305,-0.07375367547655057,-0.07424541427124744,0.006128025441275638,0.03284283478247425,0.007152262527276819,-0.0018354869823796005,0.006746739576576061,0.02766328598459264,0.008052323548902405,-0.0012363396909115915,0.008326837378974886,0.03990360604494163,0.027941783010542537,0.001885532556822756,0.0072628435405237765,0.019981279875148715,0.0041108432983008245,0.005122155008639133,False,1,-1
88,88,17.094292138438608,1.1742567686114422,38.62771295547322,0.7392616598959273,77.60966271069745,2.0369671568864653,73.17146313900766,2.0665895634484897,73.67346404943623,0.7581031876351472,26,40,0,0.004773624604629762,0.02019941153960897,0.002168655726584978,0.007003465745262181,-0.03766517953441323,-0.07243197825789979,-0.0727014551204804,-0.0733366341148391,0.007116668247496599,0.019205521215756322,0.007991143448060414,-0.0006847403191952724,0.006488507653578548,-0.009400103629612714,0.009287813812247343,0.0015356974543759272,0.009135541940870552,0.03259028188185079,0.03481439975736223,0.012888654904833576,0.0063966349240250995,0.01065086375785191,0.0016284510100821642,0.0025678914597996078,False,1,-1
89,89,17.065650151177326,1.1626419254903166,38.26367702254054,0.7430750374303869,82.24685856837364,2.8846194254626143,72.26360282617918,1.8581389226111142,73.2737255867597,0.591272434369988,27,15,0,0.005060278845271556,0.019160798878262903,0.00453530287459228,0.009401874728572958,-0.03702434030661143,-0.0736789215990173,-0.07111356086819542,-0.07254542071120697,0.008228048502143297,0.031125970550629885,0.012013358477168211,0.004219661927923449,0.0067136374766392365,0.028619403877627892,0.010071259553922459,0.005146576480705421,0.00903640931030785,0.03653389584781341,0.030822390329300405,0.008309755284669817,0.006439572101824232,0.019517546715929122,-0.0005445514047751572,0.003309971202858906,False,1,-1
90,90,17.037118365818408,1.151191142273846,37.58136070577728,0.7367678631680231,80.31160791413018,2.6719077817773664,70.89006383718691,1.789602795046984,71.45825032666994,0.6519539737102801,28,40,0,0.004776936676475893,0.017267390098739933,0.0014142659947454794,0.006592519523875012,-0.03598828522610115,-0.06972330504320577,-0.06965316997842655,-0.07084080983387939,0.00971508491838696,0.035922866516788325,0.013108657997406228,0.006663324107117131,0.006937827741348828,0.023177915033744133,0.013455927417969752,0.008357322997442445,0.008866031372868097,0.03811632024374979,0.027856094100575702,0.006543990462354974,0.006214061375758298,0.01358756508727604,-0.004309013520435076,-0.004099651545827136,False,1,-1
91,91,17.008481574711073,1.1398167027218726,38.21298619422963,0.7286150901753455,86.2370186190431,3.4381273137016177,70.36845672436306,2.0286747434161994,71.52424558143748,1.0579578116326378,26,16,0,0.004833516450365539,0.015565136049043986,0.0015751528540479311,0.0066152963674351705,-0.036383847205809706,-0.0726080497421639,-0.0686524122690046,-0.07078894310003576,0.010634147596715188,0.04384770270738696,0.01536505401557591,0.007802633833820262,0.006984403885459151,0.042623897254957896,0.014055975739318886,0.010114900101364732,0.009130594339094085,0.0361227602422335,0.03189990273870895,0.015447955084158742,0.005437428606689776,0.021889418142435498,-0.006203644472229168,-7.765704234259391e-06,False,1,-1
92,92,16.97988415380608,1.1285738674827468,38.365668519686075,0.7142805575872033,94.04558445009363,4.981968043288822,70.98593854702547,2.197041147225353,72.7058799547949,1.1973191786783808,30,40,0,0.0046101616290332706,0.011184945109307617,0.0007151029942687287,0.003959980506498603,-0.03644945508145671,-0.07525084466758013,-0.06896134460827266,-0.07199669753735528,0.011050255878552793,0.055288148226154174,0.016817403156513998,0.009324112724746425,0.006455012541793845,0.057889414495541656,0.015636276185056027,0.014675688014517352,0.009340689994236907,0.055637957552372455,0.03400842289665005,0.014872838584631686,0.005147730607528227,0.03337423300932152,-0.008325816365523486,0.0003379759709132992,False,1,-1
93,93,16.9511391194582,1.1173859319245592,37.71912610974639,0.7532664461690204,78.2110306138805,2.573073581871809,71.60008078067293,2.000807585223209,73.84979115262695,1.3156105300849552,30,40,0,0.0036983148897579273,0.014472097828979267,-0.0014630641030720125,0.0020598336845372737,-0.03533436545405248,-0.06778924747172052,-0.0688520049808213,-0.07255178933287373,0.012670341724618528,0.036223495432269374,0.01959164161958231,0.013630355940949367,0.007440713352555766,0.031013386148262385,0.017580075708863628,0.019929261428136443,0.009573680048383597,0.028820554950504756,0.029052703834907174,0.010649386795151813,0.005081683632384357,0.014977595795804113,-0.008144644490464585,0.004081224509014608,False,1,-1
94,94,16.922412726096884,1.1063153514235573,38.37106616847418,0.7461488927768226,77.95164542493498,2.249028447322545,71.40716824735885,1.8738416908784565,73.39672636921688,1.3758912235111052,26,4,0,0.003486838209244835,0.01524840141734502,-0.004217291351040741,-0.0014101199321580591,-0.035655047248006895,-0.06683832669041247,-0.06850194966711971,-0.07211706640271971,0.013744027210041828,0.037102336367080616,0.0197149948661025,0.013572757161326568,0.0073430488895874415,0.028725434131570846,0.017249485271436965,0.01839437451469619,0.009379737101993111,0.02368002726934617,0.027132699682550967,0.014132116365859627,0.005262348316417951,0.012445880212535416,-0.005989134886110984,0.00621243917781781,False,1,-1
95,95,16.893525182603103,1.0951548536612359,39.19885131000629,0.7359337294735815,74.94273087231905,1.8515655649725011,70.93117028134367,2.288788177264827,72.98423922638365,1.7398166370067196,29,24,0,0.003426214784891514,0.015371402206374358,-0.004024003561708981,-0.0012985986560900345,-0.036259398211902404,-0.067029511845644,-0.06714671470381943,-0.07098042268448423,0.014493689577966738,0.02978552411063776,0.02250237803655884,0.016934946486964607,0.007078289449606955,0.02149381391092017,0.018313171346648952,0.02125092868525986,0.009258091238328364,0.021985298113746072,0.03473193484488162,0.020807872685495273,0.005400545228234466,0.009948920553950927,-0.007353532742552585,0.006123381202481027,False,1,-1
96,96,16.86747727818126,1.0847479737693693,39.63126378635377,0.7312005820754554,77.34653842810003,2.4375039035100987,69.53616440781083,2.0058130291114993,71.58144068565645,1.4107295058197356,33,40,0,0.003220945988644903,0.012954506536129961,-0.005255922314520438,-0.0006181885444365508,-0.03620254845640459,-0.06800331464589567,-0.06574041457589416,-0.06969761556202968,0.015799938655053882,0.0344995212196667,0.022042035581211292,0.016302235384302307,0.00674876505832983,0.027476783656256856,0.016556360258602968,0.018017478578004384,0.009448334479427934,0.028431885895368818,0.030041888729014834,0.016053835136998654,0.00529605102165071,0.01570082363685021,-0.006995343370051583,0.004886876137490862,False,1,-1
97,97,16.841662635004127,1.0737978158399963,38.85968540430301,0.6987352911541109,81.99908661887483,4.573781862852107,69.77678271082331,1.9526016818010017,71.10384463854741,1.4794516158690767,28,40,0,0.0029342719562331443,0.013590337492245088,-0.004387421702020362,-0.00012338696474337464,-0.035224636391309856,-0.06349187256135613,-0.06502944785850924,-0.0681359440275431,0.0161459031617396,0.05007928765297211,0.02491426995718558,0.020328173295088105,0.007132036176686969,0.05585296211743252,0.016064241222698596,0.015614250325106029,0.008732798301113428,0.057006191585577806,0.0297111721693739,0.020357808106511454,0.004647145731570346,0.0017829541849342934,-0.004537292310168969,0.00291452630930467,False,1,-1
98,98,16.815511248060016,1.0627736204039355,39.461008315730346,0.6563682285156466,77.8423369399313,3.9844333739081192,69.52986361911836,1.9184996699821475,71.35968806264825,1.5374690708781484,29,40,0,0.0027824346397019193,0.014599560440995278,-0.0018421438369696779,0.003298547854929872,-0.035545331112122394,-0.06335221577889118,-0.06385204053772703,-0.06727882122955717,0.016910312560668706,0.04281096835046284,0.027457701290267887,0.02355599448990615,0.006184204523220852,0.04407067941519914,0.017356822617865243,0.019778105785303913,0.00835419368456266,0.053777932731232214,0.02682698741348169,0.01811219566982713,0.004816441741903448,-0.0013140679863780785,-0.010012033487326433,-0.0009126615381489397,False,1,-1
99,99,16.78931904299582,1.0518052927566972,39.56174773697704,0.8041841239595505,80.01810890677088,4.094452498133336,69.22030500102211,2.135269888431432,71.34177453429268,1.498553038025394,34,40,0,0.0027933293529640597,0.010918362985872282,0.00018005181524823822,0.0037420135195425567,-0.034511340866602715,-0.06057763113019136,-0.06320827142940282,-0.06728303718620585,0.019138875273098866,0.05112766090267624,0.02821582231098878,0.023423044966892164,0.00857085412254404,0.06094303283482116,0.015544125785457445,0.01652450196317915,0.01034868807559798,0.03671398677618416,0.03274737851943859,0.020222979770156697,0.004055229656087234,0.006693371815441683,-0.00865188779806048,0.0014280920531560925,False,1,-1
100,100,16.76328551047905,1.0409795607850856,40.42012877763843,0.7660275978121116,77.1379779577757,3.3404563316221245,69.91490846042966,1.9590152658572721,71.85135761738617,1.5717606587082535,36,40,0,0.001959178447695104,0.011180524376114347,-0.002432260533670332,0.0027956008837953543,-0.03537332073613754,-0.06115055968872872,-0.06355755527805557,-0.06667715116534387,0.01945961485511221,0.04567135390860039,0.029027843543803226,0.026626297520194648,0.007874643957638962,0.050922732527687024,0.018135076007493714,0.020242642150010415,0.009675323531739376,0.027343150760153718,0.028129667258576768,0.018494209211333632,0.0048090617870040885,0.007638464103229221,-0.006991676626080601,0.0008579944743132635,False,2,-1
101,101,16.737141153893226,1.0301834014848137,41.125650222351446,0.7058957084629451,80.28535423654732,3.548313418011136,70.0376077783683,1.8141043470742464,72.39821359492124,1.532040762157463,39,13,0,0.001830277260862049,0.012114162882436889,-0.001973968916474529,0.0033853972438150307,-0.03582943181728325,-0.060828160772314156,-0.06376811724506111,-0.06752604556029666,0.020105248245426297,0.05097960395690787,0.028896317638299328,0.025889642489345947,0.006507870862951163,0.05054111462629144,0.01747446683689938,0.019403388730993662,0.009332182035297386,0.0354398457819091,0.024831293969528646,0.018392831663028325,0.00472709519668814,0.0049907164465045895,-0.008974298543055023,0.00044123690009986667,False,2,-1
102,102,16.71110472241141,1.0195085288130519,41.0087392753465,0.7465429508702928,76.28851637010754,2.150165733983546,70.71874156639,2.1390773409549553,73.58000208903937,1.490635371447756,37,40,0,0.0025637980371511467,0.012465805244500153,0.002613344674785113,0.005354815651796195,-0.034796060930140336,-0.06254791942979047,-0.0628205074241976,-0.06821607237100555,0.02154942645000111,0.04186047305708332,0.03237120148080638,0.02705383756571422,0.007188327691464316,0.01936081695259216,0.0197595362884357,0.021733869687178272,0.01029874614989935,0.03075462333046851,0.029429909790718786,0.013882095416478793,0.0034691635636553524,0.009360717362025463,-0.011715989161678242,0.003432835073077178,False,2,-1
103,103,16.685061973204956,1.0089047954482708,42.32171444834811,0.6867736224795508,78.2809651091993,2.0372628013120555,70.58407084926728,1.9124269397807105,72.86780145011888,1.2766650412657294,32,40,0,0.0019106577003142888,0.012847271037524036,0.00016032651533088948,0.003986777923009635,-0.036087489924796254,-0.06440918444811325,-0.06261843743860782,-0.0675097196380141,0.022026574221323564,0.0425947659231155,0.032573250464300055,0.027134108505040014,0.005850541300781203,0.011629089868523188,0.01807046106822815,0.018744523846697638,0.009717989335821825,0.032445991135003516,0.026353232427367725,0.011285638260396498,0.0038738992421041406,0.008736026961619361,-0.009647085643563716,0.0042148658141078505,False,2,-1
104,104,16.658871617905547,0.9983169479898769,43.44063184774887,0.6987485975596579,79.23163234488777,1.8759655394909887,70.60424168891267,1.717602399614267,71.86930514370863,1.215680329761391,29,22,0,0.0017834174310958463,0.013039011570769045,-0.0005755533234533763,0.0020124305555665294,-0.03690515707727919,-0.06424643578866254,-0.061903386926919594,-0.06578023193244303,0.022845509377106627,0.04449754183936544,0.033949939172468836,0.02888093197963886,0.005625923322519485,0.011330637152370603,0.01730728000379511,0.01649688684193119,0.009861209911251233,0.029814086153180958,0.023168886332991523,0.01319238388729781,0.004453634471833922,0.007400052672175028,-0.00789495306161284,0.002000329305789266,False,2,-1
105,105,16.632713102784823,0.987821068292704,44.17052212746707,0.6796340855919722,79.89500869267621,1.9247433509605414,69.3934297916591,1.6179504895112047,70.39114788447947,1.019606244588922,30,19,0,0.001498258923091171,0.01162850687244903,0.00020986726669556415,0.0021787433056136524,-0.03753910709495658,-0.06493053424420153,-0.05988707723262715,-0.06350879164680766,0.02322941419248055,0.04507788775755564,0.03505626954645407,0.03027870805806079,0.005053222887091268,0.009375704875090984,0.01698108450818005,0.015156432208107817,0.009753600090932677,0.03088605751585563,0.021032104560806657,0.008295271469738987,0.0044761332092890065,0.009308306149714007,-0.008167606560490384,0.004260323630237732,False,2,-1
106,106,16.6068273322769,0.9775158153142645,44.8049790891967,0.6608350037077986,80.06017615300331,1.7729639454366573,68.7817933161425,1.6384973100650744,69.5367100702255,1.2624893670964876,38,40,0,0.0011809093685147517,0.011444813061973499,-0.002757512800570795,0.0011773707955997175,-0.03798252562713701,-0.06426703501622398,-0.05880782571412925,-0.06190216137361486,0.023736456164107307,0.046350795784429015,0.03556642868936705,0.0316558093037473,0.004618971549946718,0.009382913967641043,0.017642209338038707,0.01664606763765114,0.009397216356117368,0.0290457880365028,0.02131433341987701,0.01443026980016592,0.004835776859609651,0.005083096599107807,-0.007228411672443456,0.00044629205150659287,False,2,-1
107,107,16.580713788666905,0.9672033162957926,44.41489505760446,0.6955551591429329,77.86485524108069,1.3774871499704455,68.19713438540334,1.562699125872858,68.6697677095461,1.4721830771566444,37,40,0,0.0015616009493997747,0.013100371884939413,-0.001566714184071761,0.0060587389402678785,-0.03667288086487388,-0.06012994307901444,-0.05801486596146529,-0.059295712332759896,0.02500688134341461,0.04770435916669695,0.035814380806031075,0.03410054513768493,0.0055429610495796935,0.007849078982722907,0.016853931632123235,0.0171394619327704,0.010139615553920733,0.022599997173471414,0.017421277686658035,0.014206209598844735,0.0037197804760651567,0.0023737651151642045,-0.012503140033153235,-0.01283069746551615,False,2,-1
108,108,16.554620429248413,0.956433473079087,45.33649082526954,0.6627698463623677,77.55961187057223,1.0935838054191012,66.70670375192915,1.680720438003546,67.78889332983962,1.7134819350336588,36,40,0,0.0012403875400156137,0.011414145536054035,0.0005929587848797996,0.007248599920440673,-0.03747989554572044,-0.06075923936016642,-0.05650011952529418,-0.058205790341459805,0.025477760281904852,0.04683508842277966,0.03545658216684941,0.033983493475565237,0.004928308237069406,0.0007560659885764428,0.01597573388410774,0.016427292982146468,0.009885646853312037,0.01904512148963602,0.02068105453659647,0.02122161177648916,0.0034341215277917583,0.0010057155451719466,-0.013325151128422563,-0.013196597281594542,False,2,-1
109,109,16.528545969054928,0.9448102830078209,45.44318674902492,0.6408918922672219,79.82608856374843,1.5736739904819068,66.61484253375043,1.650995735488079,68.25159199584107,1.3116374269248459,34,40,0,0.0015158870230615332,0.01145448372560999,0.00342313479879378,0.010177087634949705,-0.03737409270744029,-0.059164944731804656,-0.05556384730329259,-0.05889707268157099,0.025806249296163243,0.052349866598202933,0.03658521923949667,0.03295210959527559,0.0045424971370076625,0.00861567868569995,0.016244370234108192,0.01805152796689456,0.009723130032893998,0.025798720922137093,0.018911248200966423,0.011038663845200272,0.0031536895157919555,0.0038165215183866424,-0.014450166269316951,-0.008737953762944046,False,2,-1
110,110,16.50225402121786,0.9331451278280766,46.33556048313201,0.6738946458740908,79.50122612551002,1.7856741390010014,65.46800043293982,1.7639244853669382,66.58835885657814,1.5088331808718902,40,40,0,0.0007862529066414159,0.013382889172073538,0.0013339650568085749,0.0071513399385784325,-0.037988361941553486,-0.05827903990029867,-0.05367270993693633,-0.05735263623022645,0.026518867408890454,0.052391762149853936,0.0374635799936434,0.033068761539232744,0.004820503474710278,0.00824839665244035,0.02129086462760165,0.02221248048963868,0.0101491655703954,0.029200436207842427,0.015268417486883219,0.009371405209293257,0.0034776874334589633,-0.007114166868835807,-0.016166946663877416,-0.010595643421601297,False,2,-1
111,111,16.475939420176317,0.9215270005139313,45.7642367985519,0.6504574675348104,77.05097955283526,0.9981394312316875,62.64036436113056,2.048368179203447,63.53751709811138,1.6930963819283336,40,40,0,0.0009666938322218169,0.00976509582245825,0.001153339054365202,0.005989963884946707,-0.036752646924554794,-0.05638199349842948,-0.050303293074843276,-0.054790168669252216,0.02725204243405784,0.05160006940666553,0.037310370705037184,0.031609710989579196,0.004931615766820044,0.002051873208587977,0.028341597445681106,0.02909169248033457,0.009851493170902476,0.017141054798399787,0.0137375329711186,0.0004621190194414419,0.002740315710898408,0.0023364519478910814,-0.016916013940309737,-0.005164171179539208,False,2,-1
112,112,16.449602250783176,0.9099559874951952,45.85044280003307,0.6314907327362649,80.74714686528792,1.9127264674714997,60.181197680403216,1.8373983010235924,60.96378714844443,1.4131059761124798,32,22,0,0.000939278100108216,0.009051992683485244,0.0023853528545183453,0.007462539907964565,-0.03678162380762341,-0.05438242979843157,-0.04686357780667548,-0.05203722580443294,0.02735860032392433,0.058997580328019966,0.03768145062447681,0.03087103775679289,0.0047498044228142175,0.021235672582732693,0.02207888851626725,0.023492825275215245,0.009545078480737205,0.025722434155694057,0.014366851582663246,0.001304227523269344,0.0027939820297579465,-0.0013609875966177978,-0.018289739522804153,-0.007393719036809569,False,2,-1
113,113,16.42549811262069,0.8994172918122935,45.21540614571576,0.6731430100159522,79.3296973206127,1.472608012479457,61.3257227508445,1.5461014273925675,61.72211808352274,1.2146470362671125,32,40,0,0.000524225774758913,0.013257134328200242,0.0027213903569943366,0.010262658441376292,-0.03539701967829635,-0.054832430987666034,-0.04631563449356669,-0.04862395496388602,0.028128440023460412,0.05577502826863399,0.040103619623378634,0.03660612935154381,0.005725000242749445,0.016472514919746446,0.011610705008445434,0.008610916913906733,0.009890733809254813,0.019694447620186736,0.018092292648975498,0.010087660277427121,0.0027251537112551565,-0.0011706881871668545,-0.01631033353705216,-0.01653825376432034,False,2,-1
114,114,16.40160017945106,0.8890198908543456,45.66240559200408,0.6612711512407944,79.46654393682289,1.2873981221296993,60.13515338245006,1.1499803676673668,61.01334143000825,0.7949739447454475,29,28,0,0.0010034783685153488,0.014588722624143126,0.002566277754257989,0.009066522648225855,-0.035668617100491545,-0.05744006340206066,-0.04721309747545416,-0.04992116439112463,0.028492070295981112,0.05294090945408916,0.03715608049286227,0.033886624874104515,0.00525616289526268,0.01654758248121446,0.0040426355612595095,0.00029198314569802195,0.01010228996450516,0.014959184482933933,0.012219788450541755,0.007529789698687263,0.0018760204982598075,0.0026965486450107115,-0.015400540604861927,-0.0116503312501167,False,2,-1
115,115,16.377779033496996,0.8787071806521761,46.100621753697894,0.6773269682037135,79.31090215376892,1.089062264487615,62.58814779725337,1.5817075867874466,62.82382131803223,0.6319648873899568,25,18,0,0.001601063472708746,0.016643993290676076,0.006146922641646035,0.010098130006856897,-0.03594540177001859,-0.056523586280277704,-0.04727495585025342,-0.05113544017157965,0.02882068724763214,0.053087483287500445,0.0405532999407575,0.035071741528236874,0.005345787502738599,0.010287125875463748,0.005823830233539885,-0.0009655488693289063,0.010384305213278551,0.015973187465017805,0.019239998814151917,0.005056930733110158,0.0018271972684065756,0.0005708147646879339,-0.018920807851942997,-0.00975464791595741,False,2,-1
116,116,16.354026210897604,0.868477341342637,46.687154074563104,0.6736409931571464,80.07148494480923,1.1188958562031748,64.28236969685388,1.085485795560812,64.37062383117102,0.2796743167816206,40,40,0,0.0007730229110666821,0.015485886418537981,-0.00034600592810696653,0.005173459263273306,-0.03635187156850952,-0.057306095021537815,-0.04755167830404022,-0.050890490932097694,0.029285392683512868,0.05373677973680067,0.04325437809297207,0.039076469445888495,0.005317190390522337,0.01422832474855462,0.007774830525681515,0.0039142003315904604,0.009944360333984496,0.0120697473801854,0.013759765291444835,0.0025132532516934053,0.0033271893880120213,0.005764983171244797,-0.010447262981445897,-0.0014795522840435858,False,2,-1
117,117,16.330452323539667,0.8583792538562328,46.928092147698834,0.6965350228839409,80.65952868792692,1.2478095668443516,64.92164832411693,1.2124718522368683,65.06513082427753,0.6504406189818377,26,15,0,0.0009963659257254216,0.016479542174974188,0.002177677350017377,0.007198159612370474,-0.036504496909027635,-0.05696212288583105,-0.045820426216116206,-0.04940319441123931,0.02947328948359443,0.05467815664597002,0.045940904255934986,0.04172507794289283,0.005432463303325106,0.01433634175689084,0.013920867820520606,0.01025896214054035,0.010398216738135398,0.016358781310547826,0.009850933251019156,-0.0031768618550276203,0.003186523926325945,0.0010759408875027493,-0.01252928427054746,-0.0036792186446925773,False,2,-1
118,118,16.30688377748394,0.8483420849956523,47.373182294295866,0.6856009758500452,81.57536042007128,1.2748051151103925,65.4703262274927,1.3778139508344454,65.72988149760971,0.8086390070563491,27,11,0,0.0005902364961011394,0.014337834791072243,0.003806138301020984,0.009715329488510196,-0.03685706928217549,-0.05607379360872155,-0.044409386981740344,-0.04772019326830652,0.02975611643840932,0.057486481815248944,0.04795501303799062,0.044145360447673004,0.00536524542970004,0.013406383342930777,0.01483296049506461,0.012592607559621822,0.010080521492279577,0.01677932872942384,0.013349585974931653,0.003652968297489159,0.0035752271966959046,0.005810794787747528,-0.013418226384628404,-0.005222115254858059,False,2,-1
119,119,16.283353581586407,0.8383799039800985,46.29010792606447,0.6789419362531095,90.2832299456817,3.193304701659395,65.82208037851576,1.163864338447032,65.70041211827144,0.4867021212306522,32,40,0,0.0010017834775193713,0.012737973135654387,0.002556089902370757,0.007551907970074817,-0.035283802959396184,-0.05188917533329733,-0.04473670015654719,-0.04790112244507388,0.02994701605157634,0.07277581420396827,0.04821452404483508,0.044328267584288344,0.006190279840492712,0.04194361806952537,0.01410563042986444,0.008369298787469162,0.009700261823565922,0.03580937732339367,0.010070230038908579,-0.0013810719674311703,0.002828861547844362,0.008041430458708108,-0.010594828079894656,-0.000452696413686278,False,2,-1
120,120,16.259864886465543,0.8273823064702532,46.624571161364436,0.6805172447069465,85.66301360066734,2.165098175488763,65.8978716288046,1.1851842496405076,66.39728471781595,0.7560939713351238,36,40,0,0.0011174094220854879,0.01633849574549051,0.004630750759038223,0.008887195603724645,-0.03550008334293393,-0.050383329037128916,-0.04305808393991332,-0.04712261222268535,0.03020506770079015,0.0673255197607795,0.04966977994754411,0.04592468388035216,0.00653830248262592,0.027029787109038056,0.014327247108963574,0.012896256717743328,0.00949072015620566,0.02607978962221085,0.010248960546128984,-0.0013226399343131644,0.002871635761539428,-0.004144280796655644,-0.010843118667358433,0.002465824823770181,False,2,-1
121,121,16.236404025954762,0.8164077235932724,46.91902398178812,0.7388038322573612,84.66503982232068,2.006042735529389,65.90019462513176,1.2538395512122684,65.68193108790139,0.6231934709065972,40,40,0,0.0008667615034062721,0.016114758137677848,0.0035297946217619173,0.007518863927891757,-0.03543982978107146,-0.051104027527157266,-0.04175664424904272,-0.045477150937031405,0.03073535425187909,0.06555045315467198,0.05086018936867334,0.04679114765978859,0.006835413547736899,0.025887608805019433,0.013722713197398321,0.010672009391520491,0.010412411392211891,0.02348723700195615,0.009908654568634717,0.0011146143564803505,0.003335936559851352,0.0020062653214376266,-0.013870793118400676,-0.0017804911772274154,False,2,-1
122,122,16.21302749341473,0.8055168431308232,47.207516682296124,0.7267499446956087,82.36264049765364,1.8115376385137527,66.27155412194527,1.0914245085925423,66.36062227515671,0.6218445468534164,40,40,0,0.0005017772785931955,0.01484286343748668,0.006071545925930166,0.010907676766164325,-0.035536568020138264,-0.05258675645443032,-0.04242847768753621,-0.04599945604642766,0.031071694260565205,0.0616273234882409,0.050545815820159476,0.046570428597380045,0.006904156704031014,0.021766245160339755,0.013049835655219022,0.010043217706119066,0.010089742174527173,0.022571640586546943,0.007064985013217971,-0.0037213451541742416,0.0033790722750552376,0.004050313466526012,-0.011943630872065856,-0.001754443929270632,False,2,-1
123,123,16.189435045415852,0.794571305274879,46.17528381236991,0.7575922519089744,83.11492535070795,1.6475846661187736,66.2782823865559,1.0745184740001064,66.66326482726721,0.6323915768795699,39,40,0,0.0011990878836829148,0.016337548550781254,0.00510719051407908,0.009496535565642294,-0.03391891753107128,-0.049108200890893565,-0.04189109959416308,-0.04531326248967242,0.03130856203853031,0.06503506691519785,0.05110638997187004,0.047963683472215704,0.007866525085506627,0.018792128256546428,0.013124858460841507,0.01050828835349283,0.010337740873418292,0.02176574722199766,0.005112522784038756,-0.003324853050438458,0.0024663439478020653,5.3682013890415936e-05,-0.012381777454830514,0.0005861351557274305,False,2,-1
124,124,16.16602138315003,0.7837551877702507,46.419670272109556,0.7534828018067246,83.1274612918292,1.7972685318753088,66.5116989971549,1.0287255240406141,66.69499834029803,0.5544987981329474,40,23,0,0.0008702527284893801,0.015347029285525558,0.006283797415055347,0.0098134634361664,-0.034098354608738696,-0.04867476887618066,-0.041610812104606494,-0.04497580273554926,0.03148540394113813,0.06561562609458343,0.05150592499441022,0.048260707695726365,0.008027327531808709,0.02167650669147318,0.012350300067901126,0.009536608943177908,0.009949357994158968,0.02267100458151079,0.0068388427308654475,-0.0016412170900429247,0.0030845850551655275,0.00034918730454300273,-0.011093677702293702,0.00014101251459762426,False,2,-1
125,125,16.14246759703554,0.7729234182450202,46.554341582460395,0.7669119500148656,83.26824353120433,1.4976975710408447,66.62231223138188,0.9069712821336953,67.18196149922053,0.6294862922694637,40,20,0,0.0002682265063384086,0.01494469767159697,0.004204883789898235,0.00964314913908312,-0.03406286477008259,-0.04736775744763183,-0.04066187957296089,-0.04204267882198749,0.03173257030832462,0.06683226725660918,0.052606681980174465,0.05150571602293628,0.00790973929296418,0.01097722150043224,0.014246398035520108,0.010098585751032214,0.010074936865362786,0.023704443737761705,0.00088250874936335,-0.00315171508292918,0.0038850491418889136,0.0009416393465627171,-0.006843878179693748,-0.00296493202589074,False,2,-1
126,126,16.119127841654986,0.762243030717461,46.89294408379597,0.7749704640596441,81.55111948191185,1.04395803607623,67.30273450799466,0.9965385337286362,67.99360243710649,0.7451735527641128,40,30,0,0.00041151180789391565,0.018840125389982757,0.007157233280992315,0.012664653133507751,-0.034006995237670326,-0.04828371205643827,-0.039653232238691376,-0.04094195771522907,0.03228471988082051,0.06296282962267298,0.053907821853971055,0.052787239289695954,0.008347196620699986,0.00572887875847689,0.013776836470288186,0.009772147507577636,0.010025382024883556,0.016242731037902053,0.005775716313893277,0.0043054739304610725,0.003572522393860878,-0.005944782452439783,-0.00890797966544255,-0.007424088633460634,False,2,-1
127,127,16.0956887935865,0.7515718747545658,45.627270066644265,0.7711892269733751,78.69630669954756,1.5588203991167058,67.21531318277894,0.9168918126779494,67.76738243487459,0.5438278876070799,36,40,0,0.001107527923638745,0.013949744990621647,0.0074615425130569474,0.012010606247549795,-0.03247785139314042,-0.04434826632876079,-0.039851927387647375,-0.04171029337063027,0.032028273829820104,0.06349602016252029,0.05361014449779615,0.05204243351897396,0.008737736174772599,0.0047974504431138425,0.013118994914098245,0.009170479789404969,0.009739305571817375,0.02672617578285285,0.0036371892913529477,-0.0007476969696910801,0.0031565601162013603,-0.0017006686201712987,-0.008411410508510356,-0.002330982047133715,False,2,-1
128,128,16.07233956711735,0.7410041423601276,45.65048867422386,0.7994390675536089,78.97458583571023,1.4340238893652513,68.99906652739867,0.9792719918518452,69.45660669334642,0.5500286067114971,40,40,0,0.0008462177134258893,0.012553975449439212,0.004699899933892051,0.009584938999229783,-0.03211717398949411,-0.04295252894914784,-0.038219944055012854,-0.04033602592771722,0.032430512896121276,0.06507275286331028,0.057253978016339406,0.05572570475188072,0.009104362004865167,0.0033458044839757284,0.013718047265186845,0.009511290478563236,0.010212251184478893,0.024800162417316286,0.006431332473963866,0.0012360787387690716,0.002739045649161659,0.00042457774022541805,-0.007910323373905946,0.00040474440283455533,False,2,-1
129,129,16.04870318622125,0.7303762456596885,45.648485138815,0.7774523801632535,79.3700020060591,1.5068022302361697,69.07746228385646,0.7843902985994072,69.63001931069367,0.4912740723885031,40,40,0,0.0006410683704851337,0.01296650010493994,0.003939670732592869,0.010956873151842966,-0.0322523678929477,-0.04282170531441206,-0.03840804504955398,-0.03987392701720097,0.03229795646958076,0.06555736913144145,0.057279986605862566,0.056021035907674245,0.00852256602649685,0.006927721475528036,0.012428182308314703,0.008221859560212959,0.00992847071915558,0.02528535859560443,0.002528592015010121,-0.0014155890697033489,0.0035933154252203708,-0.002068051882745725,-0.0051544059192332745,-0.001979043322619631,False,2,-1
130,130,16.02516707801329,0.71897382837461,46.08172404378274,0.7969243316588734,81.98353225628799,2.079123525188378,69.43449580407143,0.88425809480002,70.16682737675457,0.5961709268971656,40,40,0,0.0004145504002123204,0.011402254755776919,0.004210384249025208,0.010139186681432126,-0.032248517760317445,-0.041996284913775446,-0.03804509544057353,-0.03879828347319878,0.0329148377039219,0.0694809340836979,0.05793092943289298,0.057578413985552385,0.008986299289043046,0.015355585223916595,0.011929247707361063,0.00800424931267999,0.009827732563232364,0.032838733780014895,0.0068626467310939415,0.0036960877682341523,0.004015107043455344,-0.00161552741522078,-0.006984358247763162,-0.005526118228070408,False,2,-1
131,131,16.001648977107013,0.7072258259916508,44.61920014303796,0.8198488494352036,80.37775252158997,1.6559969354350337,70.19132167865301,0.8833919499564047,70.562832144215,0.7516773241026906,40,12,0,0.0006771437470579301,0.013339918472860613,0.001325147656378814,0.006385985177661357,-0.03021016469965086,-0.03872574209707081,-0.03659335047832933,-0.037254852687239166,0.03282926204729963,0.06915885029835699,0.059883155590325164,0.05958530376506826,0.009471169971575802,0.0057368249636148205,0.014792224990056217,0.01268274432704453,0.010113546933061287,0.02832583106488297,0.004230151988042828,0.003058240390121376,0.003572444142380971,0.0003104166777127132,-0.0010067985914438973,-0.0013819301382856435,False,2,-1
132,132,15.978123669473511,0.6955078887104038,44.59646283233138,0.7994598259741167,80.06499725168402,1.6532494713831982,70.72825774392592,0.959801331634908,71.62438527800467,0.8176990606551604,40,40,0,0.0008104729060967597,0.013851727634254258,0.004885960262850033,0.010778963375194517,-0.030168718820921245,-0.03863319813632846,-0.036109413578635785,-0.036875614147538816,0.03283345908563686,0.06874597754209182,0.06061950252854358,0.0604487849030078,0.00932347406848174,0.006034228738798837,0.016186954378344647,0.013502690856280237,0.009825145200758435,0.028187003231697025,0.00409527293834173,0.004594384705697187,0.0033513156158076155,-0.0012928900301924437,-0.0013529520872274706,0.0004958310646602617,False,2,-1
133,133,15.954677719011372,0.6838759861810452,42.983525748343595,0.7992686150452244,79.8892072250129,1.8732921095735005,70.67148975077603,0.9776146117486634,71.47808432856921,0.691491576981416,40,12,0,0.00142833528876602,0.018304792636744664,0.006249738003277252,0.012004999231909893,-0.027946759742614524,-0.03723444581609561,-0.03310915792304804,-0.034278952308366084,0.03262701279538112,0.06827016949103812,0.06212233012461057,0.06156256948312552,0.009879426605099438,0.0156556549326409,0.01564162165222125,0.011445931679031091,0.009573617273870431,0.028487429180947155,0.005866475504090683,0.0037090254355325865,0.0023111957299370746,-0.003512463929696119,-0.0034722102632730656,0.000943306338814529,False,2,-1
134,134,15.931113674119246,0.6722383565785759,43.04790339997372,0.8175882732904003,78.8018318075287,1.6707281803216554,71.39637281115324,1.0048783687938438,72.5148652350132,0.8449113267223175,40,22,0,0.0008859089581997335,0.01815276039285819,0.006696860375833468,0.013264792515248586,-0.028098948671918873,-0.03620998609394242,-0.0302229568016155,-0.030627611998104376,0.03260040238991106,0.06759469574913417,0.06433635825770259,0.0643770171945944,0.009589862268554164,0.0019266074902359988,0.01733718646354472,0.014476185058723693,0.010074868149840531,0.02846968904762819,0.002134066114716255,0.0022274435072924628,0.0031864189580081814,-0.006004459966327931,-0.0015698626674700612,-0.0017138750880575856,False,2,-1
135,135,15.907672697321312,0.6607172201564526,42.979875855503536,0.7997384981452422,78.22781706665833,1.4350010731036253,71.2870387443144,1.2447658736360712,72.39882370919788,1.099226879515076,40,40,0,0.0009462900853999794,0.01646797332020035,0.006237874846864552,0.011718965168344999,-0.02797452424403079,-0.03624130164284473,-0.028492958747680524,-0.029251297844261455,0.032615950958831526,0.06734215078962114,0.06504676865249505,0.06518141686312852,0.00936492901051905,-0.0002214300208458236,0.020264657373480925,0.017452818498956715,0.009860419733921997,0.02500128053997921,0.007663665684265603,0.005661899742383352,0.003146099801438068,-0.0014709468143838146,0.0016121223232923201,0.005604566409457088,False,2,-1
136,136,15.88412878121793,0.6492114590477059,42.944282888805326,0.8260433695726173,78.52888456151867,1.3237600380317822,71.72002588022004,1.239962017367542,73.30572070359166,1.1446579609325191,40,12,0,0.0005135451001900028,0.01690555934805002,0.007501404358436409,0.014982281936732796,-0.027768524509952687,-0.03696829230578638,-0.027833071810273367,-0.02834800151520139,0.03275449207061477,0.0671887872907364,0.0656719967605282,0.06592154978408334,0.009604751212769084,0.001971728415247098,0.02127901321567933,0.01888524749748768,0.009976718343214817,0.02301123842908644,0.001230494033058383,-0.0003962582785755469,0.0040085939303753215,0.0006234395235365647,0.0037470697991564745,0.006504836448773671,False,2,-1
137,137,15.86061491257618,0.6377892175591315,42.8731391242592,0.7834386090885876,84.31029609053597,2.5821231090787404,71.41222874099073,1.1563897042752953,72.31407420898485,0.8939916968915544,40,40,0,0.0010923515728519621,0.013452271690766966,0.005770899404355086,0.012331021414979958,-0.02752543127228531,-0.03271236276506823,-0.027825222173119817,-0.028617132143350626,0.032852145435025557,0.07653210918012264,0.06551457963565757,0.06525588852705848,0.009050976826109006,0.003965941408903018,0.018478550201946196,0.014166082407957487,0.009798876103315984,0.04469860633652869,0.008112682439471275,0.005292659943652522,0.0030047834473750593,-0.004159305745133769,-0.0002707319412771553,0.00384272634155415,False,2,-1
138,138,15.83718657099783,0.6264739381077897,42.77536344617183,0.8131733903002576,79.00477997815176,1.487062677527431,71.32242122175282,1.237321480910439,72.29096288434525,1.1778526790049697,39,40,0,0.0007161606874251697,0.01636998698077588,0.005731459496438017,0.011616674906632764,-0.02714875928796632,-0.035710933038986696,-0.027657729809265192,-0.028509737130577924,0.0330479000988859,0.06854566395571937,0.06549113010760703,0.06540818807767677,0.008985744707961884,0.0025583617997689315,0.0204993525323282,0.01801806654509679,0.010412983647323945,0.025809957154312828,0.004965172173095958,0.006202277722007883,0.003500675033581334,0.0009582665984875262,0.004634873322373952,0.007712848116914878,False,2,-1
139,139,15.813738489902947,0.6152133661431052,43.17881005292496,0.7973883089784287,77.97514759928968,1.3647125399019493,71.8557368859273,1.1747184510404316,73.87187351279525,1.1105068587170306,40,40,0,0.0005454570036696376,0.018455773715090627,0.009321611765088306,0.015434382985532805,-0.027113085322334043,-0.03673199048722156,-0.02667616312935433,-0.026444572695671163,0.03360048687962059,0.06625910454084817,0.06606615471038599,0.06722736119385973,0.009117387052470356,-0.014262132775263756,0.019304519419844016,0.018283894104881432,0.009879100599447813,0.01905860775745355,0.006646357541424116,0.0061862827917421575,0.003600131190747107,-0.0008323477561942329,0.0018767961141355695,0.0017581485452639308,False,2,-1
140,140,15.790376125036229,0.6036464617346736,41.67302409332357,0.781516306073721,82.84228741992955,2.1495300566218116,71.07370089782003,1.155589941481264,73.09055436246116,1.0652523157178586,40,40,0,0.000808115380564473,0.015072383589084847,0.008152722145465524,0.015253681700990089,-0.02536060487495319,-0.028520581265056376,-0.026578566836406987,-0.026513048619543823,0.03305794317544457,0.07630363216920293,0.06541088491875238,0.06638232132484126,0.008826707689624149,0.01098727431998342,0.018640937666671593,0.016683439420541752,0.00996655301670764,0.035715051061587524,0.0066075612057917375,0.007751836977772062,0.0029677507235536024,-0.0033456633549169036,0.003954498599064488,0.002690779852893847,False,2,-1
141,141,15.766876739967373,0.5910479408663477,41.63774262505069,0.7735257255407487,84.11903049178558,2.330049224517714,70.59943972746268,1.263147717032531,72.58910841178668,1.0609680591895472,37,40,0,0.000788485948879431,0.011310764292866204,0.006967409857627895,0.013609607592029341,-0.0251001178522861,-0.028135885031635062,-0.025028823675834637,-0.024694661391313738,0.03321240708861271,0.07846304783447931,0.06564521364967477,0.06688894482631234,0.009044362459256229,0.01582083183908614,0.020866346303134452,0.017337723566840893,0.009515452071300882,0.03744728406341644,0.002899432555693998,0.0024597403001607007,0.0031497762489371313,0.0010998101016572448,0.006497600883651405,0.006020514880374051,False,2,-1
142,142,15.74340468017087,0.5785235150682515,41.31086470764854,0.7691867276173993,82.50670740174337,2.1511805273644455,71.73012629299852,1.21359580616768,73.26322986294862,1.1545838047677788,40,40,0,0.001227093578379166,0.01519320694144265,0.008837226176377132,0.014729017212770385,-0.0246663600027998,-0.02722221764953772,-0.023286040507617786,-0.023619228505738974,0.033115743513558935,0.07639027487417878,0.06726718939419615,0.06776938059840039,0.00857157907078137,0.008423529934182952,0.019437733045985613,0.017696699701210055,0.0099548162330851,0.03626136963651791,0.008374323319199555,0.008978418141276243,0.002766951533447347,-0.004878317597615527,0.0008308316999400835,0.003505605657782998,False,2,-1
143,143,15.719938914312646,0.5660425017216141,41.534708320624596,0.7771696593112166,80.66504474729842,1.772295821507433,70.4231697024636,1.3174933340165929,72.03389196165264,1.2499681332058683,40,14,0,0.0009612306036082766,0.015020428690227558,0.005174442108566048,0.010295280091398936,-0.0244000173264149,-0.02747744652229733,-0.02334844546428731,-0.023582098275178678,0.03359832117050941,0.07433859091117975,0.0662381919605924,0.06728130081919126,0.008819658337980553,0.009526631492281185,0.02101937957574756,0.018789189600778737,0.009951997839130044,0.02938097841546032,0.007798750129182842,0.006851919407097315,0.002675454609237588,-0.0016776796354671698,0.005110445112429131,0.008715388996435381,False,2,-1
144,144,15.696680598021636,0.5537125979795829,40.08199301746986,0.7719369703700992,81.41435530814228,1.789007796650716,71.0546250456234,1.1463830658632976,72.91962901842841,0.9625761943437389,40,40,0,0.0023713123328325176,0.01812418909772652,0.010200625794685728,0.016551632428844863,-0.022277215091785096,-0.025601250206649932,-0.021504714635363617,-0.021931319593445367,0.03323655712956746,0.07512913554438647,0.0669496394480396,0.06754504408922832,0.008957465743676998,0.005961103046027188,0.018741773589837602,0.015577424371806854,0.010011678485411936,0.0301183725691053,0.006984752917017403,0.006060783943002562,0.0010235068140715016,-0.005682590167278234,0.0005343926472518218,0.0016896481125061513,False,2,-1
145,145,15.673479516836618,0.5414736133016256,40.00313756258883,0.7935109569410106,75.42179184356502,2.072795680197206,71.77653618314928,1.0624066633837816,74.50642308280226,0.9959784236313113,40,14,0,0.002214147221628494,0.021623790704309427,0.01264928596622938,0.02102478430757528,-0.021554943648851552,-0.026260199987195018,-0.017175472685594353,-0.017585938429398786,0.03362637315006176,0.06731463627698506,0.06853371322948941,0.06928131273995074,0.009468775189419278,-0.02367540652621012,0.017043201489007113,0.015578466699077097,0.010072275159881162,0.017779442221149848,0.0073036332639156145,0.0073680026301917246,0.0008347838202373004,-0.02078821301512166,-0.00010157729989673752,0.0022795118997193573,False,2,-1
146,146,15.650173338561135,0.529258857377252,39.702333878892176,0.7801793193863076,81.85622472727678,1.6373177847656162,71.96377638188324,1.00752590545414,74.45026379915497,0.9246967096327369,40,40,0,0.002647664334940493,0.017574021135121822,0.013202576511748346,0.021100451981228018,-0.02096633335984308,-0.02536753182150935,-0.016113027085846627,-0.01676764586533824,0.03361068363548181,0.07581611726426936,0.06888285303850225,0.06940071150994247,0.008999561508395563,0.00040879172257901044,0.017104223939286966,0.014789424419662611,0.010209846883982883,0.028129189916715917,0.0030123848160513926,0.005377347612291937,0.00042588777542912175,-0.005020243560847258,0.0027551366656720267,0.0035811239699345917,False,2,-1
147,147,15.626955339504203,0.5171728025240948,38.51012868042401,0.7839081999957432,78.73767202862018,1.666752014039437,71.5759542042058,0.9360068055245326,73.43553835726033,0.7638720741777981,40,40,0,0.0035139121881581884,0.018024255802191125,0.013392854237476458,0.020905020966645507,-0.018733897761636885,-0.019714630363023206,-0.01470809889191615,-0.015955954389481754,0.033462269898697335,0.07406808049972066,0.06875623973576427,0.06856504876192784,0.00928611046018678,0.0021874026493208785,0.01526176848437093,0.011731109474917043,0.01004208258006864,0.02725048367680325,0.005786395929240328,0.0052256478372396265,-0.0003403086176928631,-0.009943468793368666,0.0006884974272539807,0.003580238238802322,False,2,-1
148,148,15.603647832828743,0.5051403889198792,38.18406838550291,0.7923490709850335,75.35316837909366,1.8968828427291986,71.45822790431235,0.9959807240173406,72.67909552832265,0.8024007880629834,39,40,0,0.004446701535840836,0.02078817436591246,0.01630226215376374,0.022444011022049765,-0.017760540030496205,-0.022873540318420017,-0.014826322948743705,-0.016948562080515213,0.03350840404652324,0.06872228855765845,0.06797569221210008,0.06701688995663765,0.009456190430524456,-0.014721135289832162,0.015396434842585148,0.012212339275459857,0.009929660574866685,0.025346455415628792,0.00803265825852136,0.006017747311969075,-0.001796194134077821,-0.015391847368011802,-0.0007745019266293461,0.003282149616785991,False,2,-1
149,149,15.580454915298594,0.49284113979530836,38.06896407276563,0.7741458976118936,79.95504696933708,1.9053458398639178,71.72228020368564,1.1626129920662511,73.38047538932074,1.0460808913264485,40,40,0,0.0034707377911299196,0.01935635972202108,0.016811628018971767,0.0235772576133347,-0.017425732444250417,-0.012127904021846029,-0.01317168236595171,-0.014996741451786266,0.033668143007005026,0.07662280873354557,0.06846868937418181,0.06785208056961432,0.008864740302490284,-0.000561184093240138,0.017370297928383512,0.015018618941246177,0.010158125301340795,0.02355113789578428,0.010488721671285237,0.009948261221045371,-0.0008869381516519777,-0.023471144488704243,3.716748448451575e-05,0.002968421704176431,False,2,-1
150,150,15.55718980115959,0.48018459345206516,37.83318936447846,0.7898661084012334,79.47065649184087,2.5253499886138564,74.16658820392026,1.0910794908071344,76.64196793347851,0.9833441358752565,40,40,0,0.0044760053776173,0.023012794680850282,0.022653898401301612,0.03061440078003447,-0.016545229170442474,-0.011016426555870705,-0.010214666329392939,-0.012672303780700783,0.03372789624399314,0.07526376864175953,0.06987949831540402,0.06910978534538657,0.009068471457455594,0.006525993581429353,0.017368374130749917,0.014717185849936133,0.010178811128290253,0.028919148907744746,0.0072548102483787095,0.008820172435186305,-0.002049859790953514,-0.03261532005579022,-0.0028879876816211587,0.0004044653855890162,False,3,-1
151,151,15.534017782172835,0.46766687647249927,36.753721711828,0.7886977407898721,76.15137276966706,1.7997955177524112,73.70140334613544,1.2249935764686328,75.38490852236153,1.1446816046839072,40,18,0,0.004301292711287211,0.019962470454889115,0.019241461800943088,0.025081085209357302,-0.014433690362732215,-0.013900149725660312,-0.00791480534430219,-0.009607342946202373,0.0335261617724889,0.0721617432276043,0.07070374006595688,0.07043807606089075,0.00932362794760187,0.00254755985170303,0.019489551273740198,0.017875506631638307,0.009991643919559347,0.02583178464963138,0.007611743081386577,0.008426226374427371,-0.001649997101407434,-0.017690818341337712,-0.004396644178042398,-0.0029332492471956274,False,3,-1
152,152,15.510796738734507,0.45523284095363037,36.87945243955892,0.8033870584223167,73.78991951726972,1.7832107563064603,72.76813640233306,1.1732593935139772,74.4239123552235,1.1063652385201583,36,40,0,0.004371048858235253,0.021750261256573814,0.017815699005131202,0.023926528109848723,-0.01379206513202785,-0.015313037327044351,-0.008370156562645465,-0.010035541947884356,0.03392295511176038,0.06882869492774416,0.07005528547899807,0.06975476959089508,0.009238271741525684,-0.012586372523977606,0.01847383298232579,0.016449999691883103,0.010337450483659817,0.01615892495088309,0.00868346182312383,0.010041495621012617,-0.002097833932409107,-0.0234330367313548,-0.0016224423010206775,0.0011962496840973687,False,3,-1
153,153,15.487412936099206,0.4428376341996566,36.29986908885966,0.8222084867446986,68.1660745094255,2.116331802216704,74.9929848505668,1.2698815356594637,77.46809726253089,1.0617300993602263,40,40,0,0.005219532349220129,0.024909341985307934,0.024029515801885667,0.031018802830296337,-0.012678520183702607,-0.0298292888444044,-0.003859137401626977,-0.006039170426650247,0.03361089263728708,0.05600314208078521,0.07093403418416037,0.07072954393328164,0.00893364277496343,-0.03684525932938402,0.016634083414229808,0.015189121045103355,0.010662471072699457,-0.001112093699397243,0.008927737032414012,0.008628270738215756,-0.003525801412216539,-0.002351378283890926,-0.01161157017336515,-0.006183030779992921,False,3,-1
154,154,15.464116869402243,0.43062035252487696,36.108363106875295,0.7860082811017649,82.78922448881674,2.726150627643239,75.2908288296932,1.0759458155234871,77.99336047633581,1.0118902479203549,40,40,0,0.004997622713917153,0.01754032517161331,0.026051085385613584,0.033283704477386745,-0.011904407634413755,-0.003337309781059476,-0.001972530926742382,-0.0035900829361317603,0.03372125045636659,0.08084092433760891,0.07061273948684242,0.07044338577301167,0.008701038058277665,0.0130222799924096,0.016292053205377553,0.014943139819358351,0.010354049808399409,0.03706284231431594,0.008517759151837577,0.009405319630361123,-0.002298037912152705,-0.026844949360230262,-0.0038288379669964567,-0.0003833722225739298,True,3,0
155,155,15.440697697929744,0.4169703054652554,35.51388873741555,0.811318130092245,83.2405048767499,2.4899397619492643,78.5382713305995,1.3751667255994593,82.53854210753761,1.2411328346633874,39,40,0,0.005983453086564541,0.018532438339397307,0.03521899460020591,0.044332231875870765,-0.010211275543655241,0.0007444797551442372,0.0012557629093099105,-0.001109955397702718,0.03348379360505557,0.08114786584517698,0.07018764522667173,0.06961344804818173,0.008962102521521922,0.029188266907587704,0.01903731833038819,0.016957266094338654,0.010466022316540199,0.028873930159953563,0.008693827555395509,0.009079692266315305,-0.003263982961988333,-0.014244589034707496,-0.01174967474705647,-0.00996224130634439,True,3,0
156,156,15.417341338617176,0.40333916502886563,35.39992307071676,0.7866059905857414,75.55441307728643,2.104139299725465,75.97687935759663,1.1436179537461286,80.6230142937686,1.050574475744857,32,40,0,0.005943840813266644,0.02019773872712946,0.03307318861974443,0.04243463124892308,-0.009578945451454414,-0.01107974668829212,-0.0011831254733691648,-0.002784021748628669,0.03355695328597742,0.07195665291748307,0.06839042773338873,0.06849541391570899,0.008494771530425584,-0.008423036231539728,0.014854086164853083,0.012482355488163201,0.010431289970795959,0.03003554277736114,0.008732305354994696,0.010387393522806617,-0.002740212641812103,-0.019379950025587907,-0.010074746777060982,-0.008514760905924443,True,3,0
157,157,15.39394663781192,0.3897728870552392,35.38096379455942,0.739547196001927,75.91970436834528,3.6786631830923153,78.51087144458154,1.324053861176435,82.87542198015149,1.1841111627487648,40,40,0,0.00607875390977784,0.027897489337365095,0.03781591587449055,0.047248729836019326,-0.008871917888193257,0.0012705771227369336,-2.472216177265577e-05,-0.0029808659208893145,0.03370683050839164,0.07059686419256682,0.06880343618145665,0.06802211063788535,0.007543518263285395,-0.01166045011646314,0.01810060909762478,0.015207967667278529,0.010061929574155566,0.01572065402802409,0.01080735392148753,0.013592452703285244,-0.0029081484915556583,-0.06114858385694226,-0.00946570252742415,-0.0033275961011618683,True,3,0
158,158,15.370662406584149,0.376376287132698,35.10054262075932,0.7200074358854957,81.68474878188795,3.5758032323457156,78.020116854071,1.1979497235940748,81.52578000085178,1.2186290664382577,38,23,0,0.00601662793565864,0.023650019229480925,0.035122445456802584,0.04286159857917276,-0.007302616368089829,0.011968324373945622,0.0012640209399398532,-0.0013614530630086635,0.033801184516760646,0.07726470077393263,0.0696559739729495,0.06933601241449039,0.006760762889447105,0.024297672095207504,0.015140962522798363,0.01379852582148266,0.010164458300828405,0.02680379521095822,0.01341431240086996,0.016034341765211044,-0.0029820806129333844,-0.050854010186761195,-0.005287619682540547,0.002207881437189518,True,3,0
159,159,15.347415104841236,0.36312722798509545,35.40358704781645,0.681460622166764,87.50898912329878,4.350130999308569,80.24178784674908,1.3095683755459655,83.93031415419253,1.1368416783063977,40,40,0,0.006472684798895782,0.020008686893461324,0.03753323446800135,0.045831754712387165,-0.006455864595894442,0.005228566137886866,0.006360357169057347,0.0026435213155339542,0.034202925893349195,0.08503021652520235,0.07063672333775643,0.07026207859905188,0.005962973210021554,-0.0028756315281491776,0.015321632318166105,0.014450806079429506,0.00988774239769796,0.045452531336007296,0.011127601906829222,0.012977551173316084,-0.0028524290803638307,-0.060747579706898494,-0.012799749657633589,-0.004055572037979772,True,3,0
160,160,15.32408964725608,0.3499649402206436,35.21453611914022,0.6851851691196286,88.02101611957252,4.011649609955305,80.73713548711285,1.3276817360357769,84.02799274147567,1.3567642268913238,40,14,0,0.006552220932261847,0.015445339698944086,0.03436964971197836,0.04230765576675568,-0.006044438609463547,0.004545319672502244,0.009104908267530874,0.006369697491607171,0.034067531710376193,0.0865360088597864,0.07248663925703944,0.07232007177505154,0.005042083046837441,0.020414024430798906,0.017459300700339995,0.0144687592607477,0.010290492161650323,0.054579751363856885,0.013309918686429036,0.018597820728478723,-0.003419731674688442,-0.03881530365543888,-0.007414838248712084,-0.0023491718733367464,True,3,0
161,161,15.301014418703256,0.33709011675787165,35.04679414554307,0.6295523822233728,72.5405665535606,0.976744497550319,79.07573882539074,1.2279441731482845,82.65413558592806,1.1485224773322487,34,40,0,0.0061611765963019375,0.020394141038514137,0.03391958539695359,0.04184994724470187,-0.005766357172441971,-0.011162409433932312,0.008327250967594228,0.006324919036832214,0.03401568473203326,0.0687139972847018,0.07094428157788958,0.07099495365341235,0.004472588221996845,0.0004678311662276753,0.016808774085562857,0.01448112408827225,0.009690612418501067,0.016623958211873697,0.01091638791509597,0.013695906232134385,-0.002611301736858188,-0.003746898391492833,-0.007590389872361975,-0.002131013435534813,True,3,0
162,162,15.277808228479827,0.3242860446488986,35.49804480572182,0.6850527994613923,86.15862732980871,3.9950603015266046,80.7052481474605,1.3969393167384863,84.68086458918413,1.1998771957910979,34,40,0,0.0068372497863319415,0.01939547874137309,0.037759151859366374,0.04655519666026234,-0.004746424563025307,0.014977941740220638,0.011870466752696892,0.009192489706348039,0.03450847220981896,0.08260015574426213,0.07033260658099913,0.07013530226993196,0.004815174174438688,0.021146919542257593,0.016710428739635384,0.013285130809932759,0.010187634966934216,0.04308944939575,0.007570877467144479,0.013056742172374524,-0.003997791350214063,-0.05057623501663616,-0.016058824280141194,-0.009570062297125226,True,3,0
163,163,15.254666082832292,0.3113950505746409,35.29050004668418,0.6692988573418166,77.55294824570935,3.3341255030172925,80.48211787939647,1.3014390172982875,84.37096428430617,1.3609586569134808,38,40,0,0.006585923493068655,0.022629225606851024,0.033525807951681724,0.04112338143207732,-0.003928992904005572,0.008083157893628574,0.013039037641397895,0.012355301897257752,0.03444717724355272,0.07373629017317443,0.07199565957004792,0.07262694836548735,0.004789039602398972,0.04540422330402577,0.01746199468025964,0.016589200430492564,0.009963510456033362,0.01957230511704137,0.012396895397188917,0.016028143487644277,-0.003774953114051997,-0.030685962457105025,-0.00757228537793291,-0.005666745907836133,True,3,0
164,164,15.231278776268292,0.29860313684100276,35.347015576569795,0.6842013826551808,71.81389348610709,2.557532756740226,81.26311971092481,1.3402710451101183,85.20750835081618,1.440636792668608,35,40,0,0.006261756051002133,0.024568293562978502,0.03410791277792913,0.04176695789476724,-0.0037491148337857228,0.004983348266257686,0.014397443715366972,0.013434928402802263,0.03458534457383783,0.06729636311937243,0.07233988198461562,0.07304343506697043,0.004778290093650067,0.032089224588408675,0.016807011002612074,0.013956394165401157,0.01030408079714784,0.012357453537169483,0.01296267631914573,0.019126752075166238,-0.0036871238267405715,-0.028461721131862603,-0.009832890699962389,-0.008461671181914947,True,3,0
165,165,15.208089215744694,0.28597603863077936,34.998340253591344,0.6524745053732369,80.48118201450998,3.908724094695714,79.3645317338672,1.469910642893801,83.78667404580658,1.6610603484191453,40,40,0,0.006445051615409383,0.02027669884548483,0.032983369958622236,0.040791518180700696,-0.00356598547633534,0.00819174678577472,0.01396081088536445,0.013634798016304737,0.0342144542227905,0.07745302722928234,0.07082317391173427,0.07190515332871751,0.004262754533888605,0.05917936978458534,0.01611754735330202,0.014035916131464286,0.009857674008130077,0.025836237360018183,0.016445441979666537,0.025060330692066455,-0.0037865317500478833,-0.022006220888596023,-0.011311050536857376,-0.0039305661681991125,True,3,0
166,166,15.184768128173111,0.2726875109922615,35.095963402050785,0.6561601946064353,77.62806689836903,3.536259091682154,79.26708895002812,1.368280591288046,83.35670083206656,1.599775915998524,40,40,0,0.006368218542669538,0.020164715287394493,0.03251976001823873,0.040424147383029393,-0.0032063175801923124,0.010934980252238293,0.015483105392003246,0.014797284961358735,0.034364108707863175,0.07416149428537112,0.07061168491395707,0.07138114764932062,0.004492081082483063,0.04928868210404255,0.015701127701827713,0.01281388013551755,0.009818128234353858,0.025007962385229614,0.014968747113025479,0.02287762728227487,-0.0038180411686482155,-0.027468301184783182,-0.009985661072716364,-0.00959274851680791,True,3,0
167,167,15.161581564409376,0.25885667559463676,34.52907351373513,0.6443995363925755,78.26326415662453,4.0174756963973985,79.61878226715673,1.2912168435855518,83.27744186643616,1.4972217941032242,34,40,0,0.006548043631810093,0.01810199432741643,0.0333218392799378,0.04007423962278157,-0.0025427776722170784,0.0099494307443521,0.014544967550318663,0.01483006064955039,0.03380701589940334,0.07548817884730771,0.07083254503169487,0.07147906647126973,0.004677980881228574,0.0567704849980942,0.017512616567812816,0.015142432547781482,0.009663226378862822,0.03257401320632951,0.014038399037115876,0.02124529427818013,-0.003351293282275748,-0.025151633263388536,-0.002025400173701817,-0.0014821887603798526,True,3,0
168,168,15.138346938943728,0.24425426825561916,33.980293128574175,0.6495125957374757,70.09488726993305,2.9265391895061272,77.84263324032952,1.2950912975019997,81.31457800451419,1.4038129746221357,32,40,0,0.006134281228752161,0.01784946622183188,0.0322135914252021,0.039127657555879526,-0.0015468781237313513,-0.0010766469304917235,0.012937917559383075,0.012471330067994108,0.03338619599446342,0.0677755900628491,0.0696733117233938,0.07018228363751919,0.0055217576365007865,0.04465678393764515,0.016263407518950584,0.013665681692028411,0.009347341655252639,0.022920246192643025,0.015016918130536872,0.02008281908519227,-0.0032627159594292854,-0.009453568145062832,-0.004573489552490699,-0.0031994200732188456,True,3,0
169,169,15.115051737338508,0.22979711415798743,33.96344876060834,0.6627894899630441,71.43915308984124,3.133514445690687,78.9234745348896,1.3511445008864535,82.66115432221359,1.5170838076436484,34,16,0,0.006132168361083851,0.018081249651079514,0.03507223407990078,0.0424096264951051,-0.0013490441279871328,0.004288128776336921,0.017085131094682286,0.01573104611969719,0.033378023351398944,0.06897994604844701,0.06860722647638173,0.06918687883122385,0.005398999355680634,0.04689015577445365,0.015964391427995692,0.013222093585626916,0.009681927378509446,0.02466084916193811,0.014586257501292612,0.021964442324564355,-0.0033055175857340125,-0.01357083956967486,-0.009406713520820746,-0.006620399526200027,True,3,0
170,170,15.091756135600162,0.21555542801700592,33.6243694962947,0.6432894978526102,70.14615679747706,3.111766422203614,77.36688778548236,1.3585543367342945,80.9706654457454,1.5482604184015132,34,40,0,0.005954193566528303,0.017250486397035598,0.035555748238641584,0.04327852717609686,-0.001171753527834371,0.0032700666529455968,0.016855719835761198,0.01555438264892429,0.03307223603970064,0.0679132586216213,0.06661312784744522,0.06664292106897413,0.005305000719590572,0.047893576334529085,0.015400179953251405,0.010931690942053707,0.009507417871419802,0.023853971776719114,0.017491572628076327,0.024614206506978886,-0.0027428403556804476,-0.009318334017550362,-0.004370645583065766,-0.0022001210814596582,True,3,0
171,171,15.068556406920637,0.2016040579511171,33.63252321503186,0.6558547869892011,70.98036810889471,2.7762558697322457,78.69046440089083,1.4470152316110532,83.7395720719478,1.7277962344178412,40,40,0,0.0065363140896257995,0.01900756980834449,0.03921250052409405,0.04722922103600316,-0.0008871784705474638,0.0028776624812842265,0.019635127959635342,0.019750375778903217,0.03297932883326787,0.06832747621198165,0.06533782013722632,0.06626944445004357,0.005406817999166166,0.039670356092920855,0.01791418251788393,0.017104397286502145,0.009520582847824418,0.023292627583862115,0.016023867379975704,0.023652558777994354,-0.0033398554155723214,-0.015217902393771767,-0.007755118419704315,-0.007573922046383912,True,3,0
172,172,15.045478016511042,0.1874192120104787,33.68869873775565,0.6486136038631392,73.80571226513163,3.4668164370265946,77.28221209405645,1.2246270929382908,81.88007694251189,1.419039706875596,40,40,0,0.006658046296152137,0.016666806816674647,0.03950654064733581,0.04691253735747852,-0.0005996935834753719,0.007398186225669243,0.021009837844550204,0.02017401565003624,0.033018770567171216,0.07151760310629382,0.06301079483689151,0.06400445243377169,0.005437849242974017,0.05185722599220276,0.014354424160276094,0.012919453081227128,0.00941904867977401,0.029854294261907104,0.012227654011876194,0.019884037559157425,-0.0031406601859788356,-0.008982761752390512,-0.010063460490910274,-0.007149326267111337,True,3,0
173,173,15.022440304389468,0.17352816559267487,33.34465941789404,0.6615324887756955,72.6452132299714,3.2146922092582035,78.46049974779402,1.417755924176752,82.93443682657902,1.7149046482459855,40,40,0,0.0065290208640273375,0.017631573149886455,0.04000685258520375,0.047759628169013885,-0.0004363354438800147,0.011147130771230234,0.023683283602755692,0.02243753863173178,0.03269629657366197,0.06958589015782803,0.06320287845257369,0.06398199425657897,0.005122426833811344,0.04676306983820711,0.016826032802591772,0.015769128303171117,0.009751830449111733,0.027890743287867985,0.01684072978455747,0.024735060450104075,-0.003459886667079195,-0.013539316459820532,-0.00675019699681954,-0.005946437862909586,True,3,0
174,174,14.999502581857502,0.16008625278560906,33.2096476343842,0.659971595183261,73.83239533186371,3.6814432331435833,77.93413157362168,1.4969168585239212,81.93532319328108,1.7141120896813182,39,40,0,0.006780976201885896,0.01861108294920331,0.04035680944825797,0.04720096945307231,-0.00013596881606534142,0.015154409181141987,0.02255959682344119,0.021880543989356654,0.03250969963303991,0.06982258999972003,0.06273851597268902,0.06329855815267348,0.0053736416635762185,0.0547171838231743,0.016249766984174168,0.014344072977038363,0.009701554922742115,0.02599818713702503,0.01845306714066195,0.024945888480580648,-0.003111869891679642,-0.021415212961390928,-0.008831983944676144,-0.008183587647985482,True,3,0
175,175,14.97668847730536,0.14723157979656243,32.783066499425,0.669787064111563,69.95868223802547,2.640754613112737,78.52811152168114,1.3381010011662526,83.6108199796714,1.4849520455102803,40,40,0,0.006829814420346476,0.019814506672432914,0.041591964029113665,0.04954049054632404,0.0009488438529240749,0.009432626747610971,0.02441373467717167,0.024464939200759823,0.032049692345358274,0.06642761548068232,0.061973723354944325,0.06275329285388713,0.005721933563059127,0.04011796450599534,0.016881489608553558,0.01491794610902849,0.009608541884448476,0.018518142947333532,0.014487422806759282,0.020700279754319425,-0.0034045932171748046,-0.013111169006057665,-0.007109974115215033,-0.004545312656473573,True,3,0
176,176,14.953718732177457,0.13498458186210735,32.80333395935179,0.6578872775841939,71.8311354377786,2.851750569396198,78.40667467437719,1.5686288079174784,83.19837003965475,1.763679290912926,39,30,0,0.006592636563154978,0.01856880354451429,0.04116492113325849,0.048327626021084126,0.0009279168250314472,0.01424603828100945,0.02598046262088138,0.026206106726139645,0.03212062938923735,0.06791142721590925,0.06146601877127895,0.062447172159191724,0.0056637992697403106,0.04303292483258372,0.018395377861493346,0.015378304817365771,0.00963879576087115,0.0207256012314047,0.017966166446461578,0.0251183041368571,-0.0026188139974294964,-0.01399686775966421,-0.009400395942363278,-0.008950458832549267,True,3,0
177,177,14.930952205455014,0.12251014369617358,32.62178189018445,0.6774973244699294,67.06201400030055,1.7128224358710893,80.28114817582946,1.3941222118929835,85.59739260897925,1.6141818245248738,40,40,0,0.007274543325857288,0.020069875466860225,0.044546245150616316,0.05311377372420646,0.0018195149388613922,0.0100571649950675,0.027977527984377817,0.02754003927270286,0.03174824465192134,0.06319309497708764,0.0606461270263323,0.0612159039718235,0.005957185595333599,0.022764673376329418,0.017303300576856355,0.017703303689274856,0.009693738466165988,0.01609793490405881,0.014112380134395898,0.019033837912120453,-0.003219249840067084,-0.010784282620170674,-0.00966870458238163,-0.010863333371295877,True,3,0
178,178,14.907973812991754,0.10872254531696222,32.40253121223866,0.7075049552573603,68.53176339105367,2.132102112473637,81.06840815972195,1.4641269978877,86.39836974379968,1.6632661394372945,40,40,0,0.007177461266942649,0.01956058016286827,0.0447928953598009,0.052823713210850054,0.0019677566826629004,0.011278777258094728,0.03055913159570341,0.030903183333388956,0.031536265035027114,0.06470529716137353,0.06026460655271617,0.060986284333997075,0.005916055702842735,0.030855731141729615,0.018837434087568536,0.016896366873239723,0.010470459089906754,0.019257874786840972,0.015703119568860762,0.022614893514988306,-0.002801795958078163,-0.007861684363566847,-0.007180646698313998,-0.006766796403465819,True,3,0
179,179,14.88507909809626,0.09584933320025103,31.642762539243293,0.7042010920863878,69.14733901576133,2.314626477759503,80.80746720980446,1.6577743463198644,86.12360501193818,1.98024464863947,40,16,0,0.007913702307616746,0.018571962484155345,0.04607334153666811,0.05393916103614922,0.002202363266810848,0.013401779534999431,0.02860830978084437,0.028130976332775733,0.030557934042444078,0.06524437912757716,0.05990541351157172,0.06096302500314035,0.00584156160651105,0.03290817859841559,0.01987925199400243,0.018790282806844603,0.010480077132142936,0.019684621418522945,0.018494037092985784,0.027050712724855513,-0.0026652709820054955,-0.01271038894785927,-0.009997016209505806,-0.010473847423938917,True,3,0
180,180,14.861936471093022,0.08295668316667466,31.34816860538945,0.7106612391780212,67.66466297106311,1.8548635647545082,79.64288638946937,1.7201185772263632,84.77267067657638,1.8891209371397113,40,40,0,0.008353230706529172,0.02116668687554947,0.047432412356666225,0.05525117092626507,0.0025083051686444046,0.016955872050284686,0.029426911616316234,0.029107170642292866,0.030110456935363412,0.061991744488394375,0.056808559946531084,0.05732788520533755,0.005731662823011599,0.021206772736188914,0.022015126417915074,0.02120551748906117,0.010613976000729206,0.014501262335193017,0.015617716365873714,0.021996263052725423,-0.0028871010900968406,-0.0196984302355249,-0.013142510356385275,-0.0123936419198736,True,3,0
181,181,14.838861883545816,0.06868047223931495,30.869434679861104,0.7250054889785436,68.49343592301113,2.329088964295068,77.64303729151668,1.6169391249063425,81.9839414729369,1.8087877512828996,39,20,0,0.008359985409588178,0.019750946592056524,0.046631142568216905,0.05309368686714069,0.0031623395817988544,0.016824786341303938,0.030529683071938065,0.030216396287523154,0.02954711914510571,0.06338909557508164,0.05405475218851251,0.05467537352124184,0.005907697939391545,0.03267089138622667,0.021174377735920725,0.01849104857282168,0.010818081852741671,0.018843240577872303,0.01579036976755953,0.023504996661658173,-0.0028609728807967513,-0.015165410407595021,-0.009936286927533653,-0.010110245610738781,True,3,0
182,182,14.815558472567073,0.05568625272309368,30.21713831453061,0.6895985464611634,67.14847633002091,1.9520058973502552,78.18243444659313,1.7976254438806456,83.08588788771699,2.0474044301897596,40,40,0,0.008802450618641456,0.01956663620897357,0.046446925751666465,0.05349659306639844,0.0030478999325862293,0.016033066781010356,0.03320664099493411,0.03295096482999908,0.02874547994079753,0.0622013294914564,0.0534087552564987,0.05436555171384367,0.005294381747150925,0.02545462917762791,0.02347680729717966,0.020392409739773673,0.010387110619871943,0.01816644894050175,0.018535203911344958,0.027563548105430696,-0.0029894979005299052,-0.013517913030487345,-0.009468046294021735,-0.010065560640568893,True,3,0
183,183,14.792443980325665,0.04536308146460195,30.04531061703543,0.7040145332378447,68.54545590979247,2.1583183173560436,78.19433834073138,1.8713434746203683,82.85997200778823,2.2479870963198407,40,40,0,0.008669693136248517,0.020712962147091014,0.048297824395561954,0.055267025490750604,0.0033334009620903018,0.018077976709371966,0.03309711823189209,0.03197787397178342,0.028573511317711072,0.06279044101668568,0.05182909869893927,0.05280858292721846,0.005815839061021341,0.03020204638627649,0.02125915191430787,0.02098699954115255,0.010567633046689588,0.01614454288635331,0.019021266332556037,0.028898976756175813,-0.0023410784525854165,-0.015690794073198167,-0.015905586164696877,-0.016240771833722863,True,3,0
184,184,14.769308934345608,0.037669597402238984,29.571715187793522,0.7165217560355885,66.3985675354886,1.8029089631499,76.72789219920529,1.6780273628981994,81.15480254106437,1.888389912614525,40,40,0,0.008268262001780765,0.0185236773536151,0.04797840242591014,0.0543335334117416,0.004201175840273343,0.016769252914560082,0.032928971648433135,0.032610467945203093,0.028079749004878765,0.0615177641397306,0.05000925082589195,0.05070035998757001,0.00612184172483007,0.02590121620279671,0.019465597572261416,0.019065719260234953,0.010567088285288448,0.0156713400265811,0.018094770276088544,0.022983763479189692,-0.002692828674563337,-0.008584238687583663,-0.012304640101855429,-0.013946888506528051,True,3,0
185,185,14.746177210521584,0.0357238992695049,29.37623032508611,0.7077944270407018,68.96277766266465,1.8817011280725535,77.8988565290626,1.781285657566713,83.2548057423749,2.039838490518032,40,40,0,0.008742130545497433,0.020859282805769392,0.04866994186906254,0.05597507154475355,0.004405166969196398,0.018723645096711067,0.035612873294147446,0.03546115995649587,0.027697158078248577,0.06300936547904176,0.04930711776947171,0.05040496185198552,0.006238887889526656,0.027636438696629073,0.020265951017321485,0.020483159378527797,0.010347977383987489,0.01266359269017816,0.01841480525362112,0.024897659017051856,-0.0025691885224104214,-0.01242778230216854,-0.014721777376820245,-0.015101055896196338,True,3,0
186,186,14.723059532579152,0.0412976511712245,29.249075190282376,0.7210183581896655,69.43291126471551,1.7722438149184576,78.19897115204122,1.7886655027283067,83.68217581706197,2.0853711514966515,40,40,0,0.009422515166991592,0.020183600711185926,0.04916317864591661,0.05703357932424769,0.0043932080016206975,0.016758674514269222,0.036625370675500035,0.03565919092253609,0.027339062362654307,0.06428606581172981,0.04854526936324163,0.04978252184946577,0.0059448759485022816,0.026157834181350637,0.021061838786090414,0.020057443133473168,0.010819192206678789,0.015031572256429355,0.018955161812981996,0.025857573710013848,-0.002442174883460237,-0.006824705315409407,-0.01310231639921241,-0.01593100180101724,True,3,0
187,187,14.699927808135824,0.04956843470150923,29.469096003942603,0.7301827839349482,70.57832245570336,1.617598220460638,78.1630572942821,2.1022037950642756,84.15631313629893,2.3220408047301238,40,40,0,0.010522181939410012,0.02304258633151404,0.04928485992021448,0.05817045468592608,0.004942185257798753,0.021983763140137533,0.03725767516969339,0.03680165368674485,0.027079256108710526,0.06298454551724807,0.04787830144422079,0.04841612880278969,0.006025303434416971,0.020890032332404572,0.024093527107820492,0.019945323727383692,0.010850536426023245,0.01040335488861948,0.020097066323844632,0.02655562527221987,-0.0028937004961603298,-0.01588854960368736,-0.019020875314151493,-0.02322587825770544,True,3,0
188,188,14.676870230787586,0.05921352648086858,29.626848009504872,0.7128963471105577,71.65351101000608,2.025056734773135,77.67104912096544,1.844771806390362,83.04190290659761,2.01617244511171,40,13,0,0.011157973312974218,0.022906345434165035,0.050865083370372224,0.05870626280185665,0.005008689005457966,0.02163746151087129,0.036522482199088796,0.03530817170357467,0.026984491638195867,0.06435328459587228,0.045952621897926024,0.04693469246878065,0.0056394300735198456,0.02861975571986437,0.024868254311823004,0.02353364281863853,0.01070879580836091,0.015831663733509128,0.012341274669517382,0.01894825616067285,-0.002886442781460956,-0.01339626095888683,-0.016307412330389928,-0.018038465272258487,True,3,0
189,189,14.653892175876075,0.07164834578971786,29.272799046243637,0.698379801779306,72.84951134869956,1.660381547229336,77.67811412008692,1.6894436412406952,83.24151324501216,1.8143030058790077,40,40,0,0.011472787623948372,0.023367422493234584,0.051681728432002326,0.05966586103412649,0.005500409594714028,0.020672361006354188,0.037277637618455824,0.035478806321512325,0.026363182706720317,0.06583060352290526,0.04442145982654212,0.04593896882143153,0.005787550547075138,0.020823005977789216,0.02284071849237668,0.01962397610445405,0.010322759499720571,0.018063106878567322,0.009277580335364908,0.013970457952409194,-0.002918436818388827,-0.00893958994296356,-0.0161763147227587,-0.020553190142964254,True,3,0
190,190,14.631078589899074,0.08562605187023074,29.256920623913576,0.6968784553970474,73.70853887150855,1.6590965121554306,77.87314998701852,1.7148078861809715,84.58666988526224,1.761807489996119,40,40,0,0.011443681385368921,0.023215587388847318,0.05403845583892172,0.06245492767002832,0.00640968052177546,0.02563039260596087,0.0392633773153105,0.03865431027691009,0.026151970410523806,0.06509276595465725,0.04003073795524072,0.0419539155386744,0.006065934832843159,0.02082647930069337,0.021233795147306334,0.015920412640700893,0.009850343107719251,0.01601757414376758,0.006044732604825164,0.009363728277140224,-0.003756254990832386,-0.01217314112690732,-0.02020729584488972,-0.024584203382847072,True,3,0
191,191,14.608437684399425,0.09833677782428152,29.13283447740492,0.6615376306499247,72.35906516802507,1.4293352503106331,80.42019560282348,1.4480043805406324,89.62576149530832,1.717149998662623,40,40,0,0.012299865660230584,0.024280664873431973,0.05739764327357846,0.06709308231947916,0.006599950023259137,0.022552846339891273,0.04170514880597078,0.04378130427877674,0.0255709993766109,0.06432458897858453,0.03786289701683243,0.040180751911016416,0.00607414889669377,0.01594346008271842,0.01617659388940141,0.01241838430640694,0.009190559789129346,0.01742090568008223,0.0034934063507278774,0.013335616436041708,-0.003456684509594122,-0.0080406024903435,-0.019100009139759358,-0.023793722782668298,True,3,0
192,192,14.58562930802539,0.11057064765477508,28.35143994394051,0.6886778411315172,69.38867515579818,1.3957116420078668,80.41309481782845,1.4566466480053286,87.51061140877275,1.8878729190570567,40,40,0,0.012098056835865713,0.02315449365891615,0.05691936442951703,0.06572001565273454,0.007097571573231766,0.02097160982444546,0.042385921891150855,0.04129486949635178,0.024638702186882338,0.061958447726256964,0.037813825468446846,0.040419307329800064,0.005782224340693296,0.013735999174692641,0.01397864532149191,0.011337244501596545,0.009851929305376437,0.019028776920684887,0.012361125979204746,0.02359580765081341,-0.003738777618331033,-0.0065288633272246955,-0.01726682390571454,-0.020009517144002658,True,3,0
193,193,14.562856890027732,0.12398081469328875,28.16649773958464,0.6874034161694385,69.99810898718569,1.6844719554255594,83.52900630800752,1.4533448235509083,89.70543226304072,1.7274534694338333,40,40,0,0.012852428910856003,0.02312583791992964,0.05920379695797468,0.06668547830715102,0.007184326827129099,0.017858950770288713,0.04422583731952274,0.04484762327541437,0.024011499620940225,0.06360808721905944,0.03893688012603448,0.03985978232494489,0.00580625199595652,0.01739909925765025,0.014264593826471345,0.010824002905409243,0.009795052851723326,0.021407402593174512,0.010530610798061567,0.019191698422167097,-0.0037793191870802,-0.010165130006864566,-0.018139567737590578,-0.020579775048590456,True,3,0
194,194,14.539758303377331,0.13842783123632582,27.632679531221388,0.6864191103564546,68.88093962966818,1.158487026287009,85.19928218380309,1.5022150987277985,90.38899907852522,1.8736206030627094,40,40,0,0.013029291060447902,0.02321358629038937,0.059382490321843284,0.06661226670753678,0.007267451951325459,0.011775960356326963,0.0443407846558071,0.043401117886727646,0.02325912067711266,0.06377334877118226,0.04203013613966575,0.04300372128879067,0.005605500046319824,0.006345741747812592,0.013301217374206604,0.011918999352503463,0.009884553587482109,0.01887397368403222,0.014429606135727772,0.022327156246416496,-0.0037948548489600965,-0.0035113158646245092,-0.017386173969102647,-0.020707028714126424,True,3,0
195,195,14.51681505837928,0.15309753485352284,27.390563206581973,0.6528896034792653,73.76288250652588,2.1023952696177486,86.29329327505269,1.6326407893370671,91.30089757187397,1.891578722213248,40,40,0,0.013295778073271338,0.02144069088540266,0.0615193966720333,0.06782625556314865,0.0072997708917810706,0.01976968275504795,0.04448315782461133,0.04492861812070766,0.022807423859953695,0.0677526328181637,0.04102614979880506,0.041435156901789186,0.005292839314548352,0.024202256417402944,0.01595989832076838,0.011140357553827942,0.00935220979403279,0.0261478963941467,0.014045776901923959,0.022338998900836543,-0.003790741080393338,-0.00877310429585405,-0.0189726220378144,-0.021605648147748204,True,3,0
196,196,14.49368610249846,0.16710562493575254,27.19990993583127,0.662238791092003,70.28171585493567,1.4691989049078946,88.65447096560838,1.7420647306487274,93.78859140098437,2.014980769002506,40,40,0,0.013776848189836032,0.024295312322216267,0.06214776115706393,0.06802654900956745,0.007792176567963775,0.014720448312387563,0.0479841910187548,0.04907046948645142,0.022120477815933827,0.06428503546053474,0.041167808025593104,0.041961619740054835,0.004988027878834613,0.020319166155163333,0.016640845408412305,0.012284751997437622,0.00940314217695883,0.01562905098388569,0.013978072523726534,0.021895983528273193,-0.004504839245628986,-0.0006283224487703036,-0.02126371339984196,-0.02462605183392044,True,3,0
197,197,14.47067852167624,0.18165272447010647,26.81626887258111,0.6575672177990656,78.24138278975077,4.983756247429099,88.1544663399246,1.8182279221682747,92.37187336531622,2.0183380130493176,40,19,0,0.013389913380224805,0.02267583686438499,0.060887907091252406,0.06548261303801786,0.008055665319166202,0.02436437133153148,0.04840844199792021,0.0497831149775559,0.02179286011936529,0.07080888230279699,0.04147885544537008,0.04202656114723971,0.004971464610871021,0.08399172065076312,0.017978827400159814,0.014977753436275703,0.009416183515481003,0.021947172529344305,0.013813897005272368,0.021740709314950167,-0.004281935192947034,-0.005454085716268804,-0.022203351541938938,-0.02332219736824713,True,3,0
198,198,14.447646791814396,0.19670672392668584,26.433555124353493,0.6422548184857982,78.46617836472456,4.684022503709141,89.17881722528018,1.9206963085556485,92.10430660184936,2.0783883498148423,40,40,0,0.013654915882000872,0.02261847536717774,0.060193817007821365,0.06388431438981362,0.007974286040804914,0.02492184693195582,0.05145533308989022,0.05172496811466853,0.021182230073982747,0.07088192480970947,0.04101115131689542,0.04155147822987104,0.004551885199116447,0.0783003889154644,0.0219333333352909,0.02014444065352625,0.009133911893374189,0.02272448690066933,0.014377973962684669,0.021674135732616288,-0.004637242228612863,-0.005997777421585543,-0.020879632447756626,-0.020983056269876222,True,3,0
199,199,14.424732125204336,0.2121013269535101,26.052011552649137,0.5976364942728388,77.26567876335936,4.549099277231204,89.29772941106336,1.9376839040558564,92.3478648030931,2.129456389159017,40,40,0,0.014167505503924586,0.023108689915829362,0.059925273060472774,0.06382287397208788,0.007619945712030363,0.025986632433276317,0.051601452680384206,0.052360864268425414,0.02049208435180133,0.06899759778365099,0.04147693585444006,0.04138971834522291,0.003904193168786495,0.07608094403969716,0.020784301828377292,0.018083137053678276,0.008703509457496737,0.021663348588501122,0.019716121870057286,0.027261939358525653,-0.004219740936267221,-0.006799620727358436,-0.01797246953479392,-0.017638034214882282,True,3,0
200,200,14.401974598029328,0.2248775647095156,26.011948802447577,0.6200300937638371,76.26227605963786,4.303022914501214,89.7162453872194,2.188864959903597,92.87605310332417,2.4029797834233615,40,40,0,0.014143238864001446,0.023324943000006655,0.05863374393957423,0.06265809696520144,0.008327062134075544,0.025512399972857657,0.05368109712278806,0.05383987247618021,0.020180443779862677,0.06797793194462293,0.0415863988546977,0.04244045542285753,0.003862529719288269,0.07215900842465792,0.025658601569206928,0.02278948634042468,0.00862799397061964,0.018674998138163076,0.021990587821804904,0.030186906288989773,-0.005267341629082607,-0.00919891199750163,-0.017818861191729745,-0.018120319385824483,True,4,0
201,201,14.379259328690264,0.22066109466954598,25.422177255752274,0.5632687968593157,80.41751215238094,6.347397078900638,90.05111426155443,2.1069302856043874,93.97834116913685,2.2416882394505704,40,13,0,0.013894455681020145,0.02198031728130719,0.05727887675365599,0.061139813273990574,0.007972304121143638,0.03520192426397883,0.05572537429446929,0.05785627349464535,0.01974015108227522,0.06888153918942654,0.041509229302991404,0.04179118877271913,0.003651266133943785,0.10821405818454609,0.022681405951236487,0.01870329161215108,0.00798835254590867,0.02050214888996065,0.02158835654150525,0.028836218201488364,-0.0044159910863314404,-0.011926764332028144,-0.019280578249083417,-0.018692580165571605,True,4,0
202,202,14.35660013717907,0.21782272385144974,25.092476453610594,0.5460007209944339,77.84461250675548,6.130710357973313,87.64359650940675,1.8288760612570152,90.40705847606957,1.8666472459283545,40,40,0,0.013914911933078401,0.021793121727470492,0.05503610839034467,0.05797212080396615,0.008205518823697074,0.030040062439764762,0.0543712976311828,0.05588757264486879,0.01920096511385892,0.06842834347193857,0.04118481244647429,0.04110047026069571,0.0034142161302233983,0.10439537322245626,0.024269404638594953,0.02061970813147926,0.0073891649734127655,0.01914288419208559,0.013206835447667513,0.01769288648054767,-0.00495529371100199,-0.013578932930499001,-0.015982993425628818,-0.017977480210586306,True,4,0
203,203,14.333846077059071,0.21637230464739018,24.449664889640324,0.5245228577052071,76.73504802632824,5.343257359891392,88.31207734181842,1.7498837174133597,91.4446661934463,1.7425472775214483,40,40,0,0.013239680687228372,0.019862676185887978,0.05118919688782108,0.053879153775772175,0.008246467191006406,0.030436412878618466,0.05752382232922595,0.060258454517554676,0.01882797778264033,0.06758229399346939,0.043240016085136404,0.04275608053591104,0.0032734265405309397,0.08966782078011575,0.022205591473846625,0.01879826051176399,0.007193395113897983,0.023353965261935204,0.014343258547342815,0.0170603876621235,-0.004620322277830411,-0.010546239403158457,-0.015295408389485704,-0.016749045949330608,True,4,0
204,204,14.311040202499084,0.216354081785309,24.131749464889857,0.5160368824796925,77.46419314488107,5.707411806356624,88.09374492581479,1.6101561410949787,91.06354918229536,1.5615024168608314,40,40,0,0.013537036730153317,0.020111601309284036,0.05234195051711166,0.054611082307611546,0.008374361802287197,0.03048152836498603,0.05821425572771719,0.0611772090846133,0.018137255393445975,0.06831618505814267,0.04039713530916147,0.03959228166556096,0.0032710091871131657,0.09665204534726175,0.02123077212741471,0.01730394908518718,0.007001718474738884,0.0225880264806593,0.010066902759315545,0.013666706763220016,-0.004625391659383292,-0.008422494739222793,-0.015416347128352359,-0.01601686671051645,True,4,1
205,205,14.288317875630076,0.21778187382888953,24.146121750169534,0.5242133959261471,72.82108875081632,2.335847927641555,92.35178620125485,1.9232976528494532,95.91981548760812,1.835183021404195,40,40,0,0.013500879815238072,0.020478226603182874,0.056729822676063024,0.05926082670577337,0.00863984436839339,0.03044619571912864,0.06109588667398456,0.06473506797600917,0.01805864139625261,0.0629013701621473,0.039722440323126766,0.03870576695360211,0.002907551982585525,0.032106929726915256,0.026596598990702887,0.020874434213000934,0.007200923018778898,0.021542107862679703,0.014735610854520974,0.018939536776291066,-0.004837522091645266,-0.01292794700411014,-0.01422269419445961,-0.015214202330903493,True,4,1
206,206,14.265449647856924,0.22064360310733022,24.189352529090662,0.5196351567314436,71.3065631608553,1.9454416385622297,93.79047038451354,1.8244214557369178,97.81467663938932,1.8193600823927096,40,40,0,0.013975981931726347,0.020899372677893154,0.05918391012361308,0.06228480624935342,0.008498422806711576,0.01834370350457859,0.061735142806941895,0.06512463384156161,0.017820592431764103,0.0656608765797388,0.03850570425319985,0.038040714288132486,0.002778345363608811,0.025134572075251504,0.022217950749496045,0.015459736183975533,0.0073472895193991365,0.022426416877955956,0.015299347548071576,0.02047013748105377,-0.004533336684725701,-0.004267061204390809,-0.01691791560215268,-0.0187156445062897,True,4,1
207,207,14.24273337966706,0.22483267541663754,24.114877367408543,0.5117854521038135,69.46944346693475,1.3205949314260856,93.417691577717,1.700426681571489,98.38573213211605,1.546346904143232,40,19,0,0.013901950258460428,0.021663876739286807,0.058210700115341865,0.06132273189967852,0.008556010343398186,0.018713503638585274,0.06109567504278003,0.06602466382509893,0.01774986694203954,0.06329679930138084,0.04007116148626365,0.03949707085741061,0.002226207840771965,0.006811337967089157,0.025012749831196304,0.021860998313489064,0.007144765467280144,0.021698044667257114,0.009125128246021635,0.009469856403440764,-0.004876786281395015,-0.003747595317805438,-0.013110327714855268,-0.012681337431848518,True,4,1
208,208,14.219819788844752,0.22791821857374941,24.056444216859184,0.5175671944192217,72.32878645101493,1.7334389539489958,90.851873088811,1.525507074905177,94.44643208431965,1.3502158707203473,40,13,0,0.013608319251631484,0.02135310001571621,0.0529528162126428,0.0546855462536203,0.009262375746929726,0.038388387495401244,0.06221045733011868,0.06631108635655368,0.017542364465123327,0.05746155388342944,0.03974822131458183,0.03914663958266203,0.0022952449063107262,0.018722879269441363,0.022619360366652894,0.020216957900190135,0.007158582131501877,0.0192080271666549,0.006239421072959724,0.006991425826859381,-0.005008611377518187,-0.013993682085130188,-0.01258297426025452,-0.009886222052782844,True,4,1
209,209,14.196992017871713,0.23134015626222731,23.76869668752295,0.5140646013697316,72.4781032603189,1.8136797446741808,91.59372095486073,1.6209660351448982,94.02135728130148,1.217832624300778,40,40,0,0.01311702814911842,0.020781402597498444,0.050942436354956724,0.05213152819662725,0.009302027462981127,0.04020285864277989,0.06500170819168852,0.0677400533682889,0.017503336820065035,0.05661217991954376,0.03961130935402979,0.03916126354656822,0.0020174344621220297,0.02194928759519463,0.02567494883932941,0.01974624487148021,0.0073060791545761505,0.017812522700435995,0.004106145678502242,0.001501037331104452,-0.004801052009048091,-0.014246465267548209,-0.011150257799755075,-0.007721124348365621,True,4,1
210,210,14.173961105043851,0.23612896454221524,23.243839794228553,0.48206608502704057,74.11603619529701,1.7386984407994175,92.06143278606761,1.3100384827963418,95.13061106296385,1.0925520826293502,40,40,0,0.013216670929913538,0.019562129770279886,0.04619286486240642,0.04715850454142031,0.009788980946345581,0.041732366203983136,0.0708154026491131,0.07446381087706745,0.016424723740210197,0.05804239408544372,0.03642396724783136,0.03579175156784131,0.001917404883763532,0.014732799864303774,0.018746032908907393,0.010790313801213428,0.006370250797022533,0.020397582530496446,-0.007239537674273197,-0.01552891386331516,-0.00515100068012263,-0.016963599535138308,-0.010906879114437879,-0.0024565532758550478,True,4,1
211,211,14.151067047835683,0.24213408231010886,22.395593039745037,0.4603358301351871,71.07683648796234,1.4875421379336908,88.85336716956355,1.1626325039751633,91.11759844195174,1.0914935923521831,40,40,0,0.012845437031466397,0.019252644970038424,0.04162412979098437,0.04177217848537349,0.009333013840749915,0.040615627312224095,0.07015215877383016,0.0729077263608808,0.015794055455166628,0.05506017766797257,0.03522821732480779,0.03524152787978685,0.0013957654833615107,0.010846394665014148,0.016513959780637476,0.012698189038879908,0.006382979631140945,0.018493769031465157,-0.010251084936512571,-0.014180638080697736,-0.004675532681803762,-0.01464199627849905,-0.005827531579838911,0.0007576137628031083,True,4,1
212,212,14.127982819648285,0.24934717705923393,22.39633776925428,0.4916895156628547,70.40776498385064,1.4140339129943722,86.4312952418396,1.3876326042592646,89.06155094160837,1.0754798640866852,40,40,0,0.012948116912337295,0.019733714271765804,0.04334161815261895,0.04373536693574894,0.009368133010346332,0.04169455711809527,0.06679544976730899,0.07015409474981307,0.015690133772515453,0.053192083976728546,0.033619054470307747,0.033129752865881046,0.001238157428929901,-0.003375810940444808,0.02152262871260475,0.012990925218215812,0.0069003450782630284,0.016405588338811554,-0.009305890764599546,-0.013548804401569768,-0.004949351349009558,-0.01812568998345925,-0.006060121900061266,6.011082860601422e-05,True,4,1
213,213,14.104926604233778,0.25761297392424326,22.265474256121074,0.5067224258510709,70.3229589783596,1.5127567423753236,90.49774271930895,1.596322173373778,95.04371326674125,1.5937462210929614,35,40,0,0.012657488730971032,0.018987097623065746,0.04133391061618032,0.041314517780777354,0.009565119625852532,0.04088843280291684,0.07192583707132136,0.07777394890893027,0.01562202961904958,0.05397170319941341,0.03616660382249882,0.035743963450958566,0.0008230828628468973,-0.005267485165676935,0.02356946616661747,0.01650637732055711,0.007275018872515788,0.018411395615914986,-0.014625496793813727,-0.021645194547759455,-0.004961101081234111,-0.018176101221705862,-0.002610510870526928,0.005723769468076625,True,4,1
214,214,14.081894257146296,0.2642105810776566,21.793838074567915,0.5187581085623101,69.24489030530776,1.6834053177047081,89.91068102374727,1.455514554031398,93.3938397773149,1.3902948127017074,40,40,0,0.012653934062632061,0.018908351714955886,0.04209711252872529,0.04203213611508078,0.009905798192264713,0.04415008443790078,0.071156065612759,0.07570841031496603,0.014721565573442634,0.04988084916021239,0.035335223296458794,0.03498493174975238,0.001022307495518127,0.012380272040945927,0.02159023733685506,0.015681557479435025,0.007334898553427184,0.01891419485793809,-0.01298542960188458,-0.017908942109117518,-0.0052086213991389425,-0.01876761112200698,-0.003252562550089997,0.004707393008022816,True,4,1
215,215,14.058720433106744,0.2703932317996529,22.302397309518216,0.5800634542711577,69.93070980745844,1.7223319327047784,91.1200177933605,1.4650769764512717,95.2432767250856,1.4593458361668408,40,40,0,0.013726870047739244,0.02017859764602409,0.042538541975847353,0.04271790686510057,0.010412050426933057,0.04716553145142061,0.07277917908368747,0.0781844454848378,0.014161891482110982,0.04752410981933157,0.03459076728168883,0.03366978881169661,0.0009593161685631418,-0.0012216289523311907,0.020705847156240666,0.013993654592646723,0.007791555638359817,0.01877468279278583,-0.01471005651279385,-0.02073663570916172,-0.006392737788023358,-0.02344449476328278,-0.0029543795012940692,0.004786473175375386,True,4,1
216,216,14.035655701275376,0.2776586621944277,21.653849743579393,0.5591756741317796,68.75800406153701,2.1156154273756296,89.28562256181618,2.0113546998730234,93.9457317378553,1.9676441707253352,33,20,0,0.013991956198241149,0.018960001717533703,0.04394607171495207,0.044184723431472596,0.010090940276608737,0.044029246692846226,0.07040143959905995,0.07645371510481572,0.013087677211710638,0.0492910427264219,0.0329287485254952,0.032067743508345306,0.0011547781977477192,-0.018556665802437408,0.03274891773252349,0.028456748351879044,0.007419817363719813,0.023755394454684425,-0.01264163929381245,-0.017445521738652086,-0.006233762181730483,-0.021324792127292838,0.00020409324955806486,0.0080765853315495,True,4,1
217,217,14.012576647677726,0.2859715681473933,21.614613316367596,0.5725387880335119,77.10541766006415,2.2336666104883807,86.25348337552204,1.2650081205722592,89.70446681575358,1.2637538097028669,40,40,0,0.014416223231905178,0.01868559690151301,0.046428783115442886,0.04642942308499695,0.010216487167248716,0.060220383240439844,0.0654285875587995,0.07004203169764943,0.012449393820801681,0.0443801683563915,0.03167225004465467,0.03138970905182874,0.0012422327067141106,0.000506610444857765,0.018904267093389188,0.013845965115266607,0.007489467284705387,0.024637945389161496,-0.011176499529995523,-0.01653888535342657,-0.00649757878795647,-0.030208152689019406,-0.002275348961267445,0.004609879436463256,True,4,1
218,218,13.989687584170063,0.29516297084107396,22.419327369614326,0.6136239362555247,69.0786870298572,2.178516234785995,84.83445751278488,1.3945599800773834,87.03078431959594,1.3557973188749457,34,40,0,0.015490710218574937,0.021292685833855914,0.046207703096890373,0.04642236714552556,0.010827020561525208,0.05277072367869577,0.0638390603851117,0.06618485479640561,0.012059840894074277,0.0391629576791183,0.03140553653648021,0.03223175830557124,0.0012327895148314097,-0.01836216924258339,0.019164574072959323,0.01456770625811035,0.007846225269702602,0.02209330709093318,-0.01500287146123261,-0.018231216727091545,-0.007184420412419943,-0.02490803852037867,-0.0002283781142639435,0.00391768555446531,True,4,1
219,219,13.96670024049664,0.303252279825573,21.93759758126884,0.6207118303895794,70.01761179853435,3.744460537328683,83.77045661988161,1.3036715858580985,85.83513864301072,1.297287089163996,37,14,0,0.015052179052095506,0.01995800474213106,0.043137816699317155,0.04307011703989427,0.011058989696131907,0.051566669977333474,0.06506761935087264,0.06738879655946427,0.011506034952241275,0.042953725753793505,0.03037800330386321,0.031167068233984047,0.0015538195908240853,-0.05533063713947267,0.01831076136017605,0.016077655669206773,0.007756753682127068,0.023802306586832363,-0.012954619127726231,-0.015942496760791205,-0.00740151228275565,-0.025357582333988223,-0.0038222144028716904,-5.3168280287625706e-05,True,4,1
220,220,13.9438060793949,0.311231586647274,21.356492519765016,0.57855470778503,69.66249971537412,3.1643783265701177,85.57901883646726,1.2115824643551154,87.19526197119932,1.1167822783810075,40,40,0,0.015067937016872271,0.01995754630668021,0.04122418262062084,0.04115796633444935,0.010709105659829904,0.054762486103043066,0.06804029989301198,0.06967002138697846,0.010694489364572238,0.038152723727477564,0.03154128758854197,0.03248266672205925,0.0013631684694826057,-0.0423675111299599,0.01626531710989273,0.007897468815059351,0.0072409964057399455,0.022737236869762513,-0.012823516103014897,-0.01779398020056186,-0.006904561979094856,-0.027170474463125188,-0.004260818351703065,0.0009612025576430373,True,4,1
221,221,13.92098399936194,0.3200723521485004,21.165577402365678,0.5666329717515973,68.08333400437489,2.769270255748372,83.34495378130475,0.8959793102400003,84.443203048286,0.6804770555619569,40,15,0,0.01489388371620865,0.019314827979595623,0.03904978860394308,0.038263610056079714,0.010835887217916782,0.053014927648012425,0.06777473101358858,0.06977351239871958,0.010427724719428256,0.038101118562922906,0.028776399476496326,0.028252568981883004,0.0012878100223135628,-0.03399025999713992,0.013104102341120387,0.00564584321703686,0.007070094839000852,0.021405068434080663,-0.007557237861218267,-0.010348583752018881,-0.006794093772693441,-0.0268803446961596,-0.003963723293272699,-0.0014436299254526892,True,4,1
222,222,13.898062043750194,0.3297657857060149,20.646865196248896,0.5646830763119006,68.77859562626381,2.4958158716311836,82.9785266210142,1.1965573762998742,84.73893036270523,1.0569835587036052,40,20,0,0.014361368598201908,0.01791135909590172,0.03741150664305058,0.03640491783869285,0.010671978653717041,0.0539883113627103,0.0698569626603493,0.07217113023660358,0.010303058091327153,0.0386644625963147,0.02461340729687596,0.025430222896086346,0.0010123447562518219,-0.023427793782903876,0.017464869123456774,0.013008545312101057,0.007149062601143703,0.023852675839047634,-0.009642245383876546,-0.012892836850550713,-0.00670809195738681,-0.02792274607604084,-0.0061758647665546285,-0.0022080369046609256,True,4,1
223,223,13.875266707799092,0.33803133101284316,20.744062599845265,0.5516892229343578,69.82610691982781,3.1437996960756087,82.82845363981978,1.0812606574817565,84.9665910943623,0.9191852472193375,40,40,0,0.015081140138057544,0.01879790646319183,0.03977003169612191,0.03926446991524803,0.01106322865621579,0.05693319479000807,0.06962453521537747,0.07269124098917672,0.008971082263743567,0.03579015578596038,0.020768278871777013,0.019839518339026915,0.0013368564539774062,-0.040039153012633395,0.016243194402007794,0.011826288381186807,0.00644416768830289,0.021536375685335063,-0.00836285810606711,-0.010811459697698965,-0.007028455003396921,-0.03072018663959007,-0.004728314905586174,-0.0007892800086350605,True,4,1
224,224,13.85241954941508,0.3454748081637245,20.911276526857815,0.5818758275276985,67.44020492003484,2.461781898180353,84.32970060517214,1.2446848062705522,85.14467352892328,1.3729640382508765,40,26,0,0.015257501335481396,0.019233647264847428,0.040311099055297776,0.03934463975018832,0.011098414077838133,0.05634331454528825,0.07129264752298231,0.07246158534136732,0.009017502089677743,0.031680892642070996,0.020096569515112416,0.02123519256071323,0.0012430205119082264,-0.02161992258476263,0.017266269127994765,0.020158584192213874,0.007162584659254259,0.02181802949715388,-0.008629087676037143,-0.010010259877192647,-0.007091508174460994,-0.030044081670652808,-0.009966963882255108,-0.008224307364876197,True,4,1
225,225,13.829607007800147,0.35372715909649216,21.635234886850924,0.5889695358346702,66.9660249703556,2.883358311422031,90.7284454132755,1.2454401177091567,91.69599707474211,0.9850561325310866,40,14,0,0.016059745205000035,0.020368773849958586,0.042825106325816584,0.04179807368382068,0.011429824226536333,0.05745862705089904,0.07711632598548754,0.07889185490852778,0.008917796292255881,0.02771403488496807,0.021230481431004665,0.020908183683543954,0.0008859972111397851,-0.03394394500737915,0.016694996796380757,0.013367800511174904,0.0072771235044659845,0.019726957337326156,-0.005250044175223879,-0.006164939364966771,-0.007205951073574121,-0.03148285874411971,-0.012892347395436637,-0.008881247328908784,True,4,1
226,226,13.806651401253424,0.36254636881754665,22.234191690717275,0.6357731130712748,68.30322270442738,2.630424547253582,90.49153240204026,1.7003612502485295,90.5251805391893,1.4524847697741803,40,40,0,0.016784448241126123,0.020580574771436856,0.04477879787930689,0.04425699996316408,0.011651860744005663,0.058385833107241665,0.07682298418125884,0.07752418674792919,0.00876787993661062,0.028859394766024206,0.016787072360591564,0.015037510930520007,0.0007680353222974749,-0.022577263132836926,0.02379527203839461,0.020127596793367505,0.008046293334259977,0.02410613246865582,-0.005648859133248312,-0.004060174152582621,-0.007602362540528867,-0.031888087109032584,-0.016810530885473525,-0.014867745661829029,True,4,1
227,227,13.783740641483398,0.369534875235328,22.829778973224894,0.6420872292472484,69.47951791653118,2.6213807477107833,86.87755279787987,1.347296130671869,86.77608813075388,0.9897794743430117,40,40,0,0.018015419650387332,0.021842425796367866,0.046210714995346354,0.04498555577803311,0.011402507175685257,0.05889588177253994,0.07272510833190513,0.07335971586978965,0.008162493056363705,0.029691530029264872,0.011105747065368453,0.011168765828038841,0.0006583831805436769,-0.02210466396133953,0.018223560974573835,0.009876390331631624,0.007978124253020556,0.025218555413362667,-0.006029985957662265,-0.0034960906446019607,-0.007842354199196221,-0.03112279926555287,-0.013582515450494721,-0.013735239487348975,True,4,1
228,228,13.760807746610844,0.3773484166812502,22.374151886965027,0.6351016219890352,67.98174418791332,2.5216799148616973,79.37192203933456,1.7414427915686663,79.93536255926905,1.5981302917183986,34,40,0,0.017867791804286784,0.021652656330413193,0.042151092664875406,0.04059025388497841,0.011191131425092187,0.056409817045458444,0.06720197860128442,0.06880817611608632,0.007490211353890942,0.031154655471788008,0.002661102675170863,0.0027437887332003173,0.0007821897022622214,-0.019776778043293707,0.02416839769417427,0.02332545095071438,0.007886046706535303,0.02494374412149632,-0.01271155714680275,-0.009025525224002639,-0.00775029823638973,-0.030392616333783748,-0.013345211130608369,-0.012347564360432958,True,4,1
229,229,13.737770882423575,0.38568149451236716,21.668264929588528,0.6205886051839007,66.77288439639669,2.459147452488638,77.17164641487926,1.5243553033245614,76.6879268438104,1.3796170814778503,40,40,0,0.017291104983609456,0.02068201329105904,0.04043472731425531,0.038696001236138186,0.011188639714953366,0.056039132032144,0.06572547275520346,0.06618978877059942,0.006733924177892156,0.02984104719889945,0.0008112142195313882,0.0016029580274723669,0.000956789762880133,-0.014580104776393649,0.022184267037641453,0.020527623007162335,0.007533449167634088,0.025494316802288326,-0.011687685108717885,-0.00791586506341872,-0.007723281034473034,-0.03129865215041292,-0.008892881956794862,-0.009785054746924078,True,4,1
230,230,13.71486378309977,0.39129736393759995,22.22122572545202,0.6209951211836452,65.75451642578366,2.393254658835632,81.59425350767629,1.7107883019671188,79.69913035444489,1.401067634127027,40,40,0,0.018035572314476087,0.021769634711999494,0.04080855111900061,0.038891587273008586,0.01124615658283018,0.055484979641520424,0.0704268142761756,0.06951537107379423,0.006482666592171745,0.027769704158935926,-0.005687547094479812,-0.0026474521928538395,0.0008009272634299089,-0.017258187642281146,0.022839949322760913,0.0183784716649067,0.007505741630900007,0.023668991269959534,-0.012829802600905061,-0.008850661320023654,-0.007777755373750425,-0.029777192901544663,-0.014327809078767795,-0.013485498853467438,True,4,1
231,231,13.691998499366155,0.39775489881369214,22.526498891093393,0.6040459922870337,63.62054451261637,2.1783306934493103,82.83644231895478,1.7801293631728907,82.26446395522028,1.3573789346248935,39,40,0,0.018413585919320775,0.022410173037045823,0.04137321723541591,0.0389227093936297,0.011479576218352792,0.05410713245316256,0.07082500714734166,0.07177649361082393,0.006049986423889927,0.024855101010202878,-0.011573738990991969,-0.010029939592746154,0.000503267694227043,-0.004246667947058176,0.022241804757760702,0.01584604864168439,0.007208217280592473,0.02307758360666534,-0.016847021965806345,-0.013021463009644874,-0.007676884698076405,-0.029913852334604536,-0.013666385633867191,-0.011857276566780409,True,4,1
232,232,13.669332471571616,0.4038724862677419,22.608328650239162,0.5966443907159935,63.14515641985309,2.1817232221037033,83.13269310754828,2.1202588642120346,79.67331532133014,1.7059005157000162,35,40,0,0.018732808869228602,0.022491254461703573,0.03937217039511922,0.03703135030875113,0.011264599991201487,0.05301382336972127,0.07105509435577079,0.06910100014390666,0.005772970055733749,0.02590345119381987,-0.01766494913052436,-0.014197466242765633,6.801145030234346e-05,-0.0016888422189623841,0.027753355471410175,0.023401368659984798,0.00727966410673993,0.025348984642466786,-0.020272365411107975,-0.014738518662876935,-0.007445868225759119,-0.02836424133028865,-0.013718212562249034,-0.011028060608478137,True,4,1
233,233,13.646560848307754,0.40908918118143106,23.75541963598991,0.624252917162262,62.708711800865636,2.1788969861902303,83.2260859540045,1.8442383316834345,80.7516890637923,1.2560381121679256,34,18,0,0.0198912922102969,0.024567071444627334,0.039771994516728096,0.03812079064935062,0.01189862567176321,0.054142381346108985,0.0717705742676856,0.0703268492160293,0.005203764349950354,0.019935999561875774,-0.013919572718705187,-0.011035165892257944,0.0005704655507277706,-0.0022485759288266103,0.023467881697481117,0.015023163981695592,0.00745498789102925,0.023063683744001078,-0.01696610930135878,-0.01241879135447221,-0.007924935719814265,-0.030153103438461958,-0.014052722461268074,-0.010032560742277456,True,4,1
234,234,13.623835353011172,0.4150920510348062,25.267483974229275,0.6669502569475181,62.27416716338601,2.2914726326187727,89.76411850840393,1.8712964506587506,87.02250063043381,1.311752021750935,40,40,0,0.021888799351334733,0.02619816439976762,0.04882297677279276,0.04757554335540532,0.011572234134603794,0.05198087183254815,0.07398603670172582,0.07227316824812226,0.005040794230957272,0.022129551317283738,-0.014141438533791456,-0.009277523472911017,0.00017772150677075908,-0.005213357302363286,0.024868840014970084,0.0185799392205025,0.008381915706886454,0.02651332081408487,-0.017302503263306058,-0.011078112768027285,-0.008075433771947332,-0.02948498154808798,-0.01220075205146969,-0.007497629600697222,True,4,1
235,235,13.601047506988715,0.4185142123095573,25.57065397251717,0.6566918364619045,61.521690523093746,2.2557533670974457,90.48843687558096,2.2200244846778006,87.27442617655066,1.6500741063534057,32,40,0,0.022348546845162447,0.026477819650244816,0.04536896915236613,0.04375319031223368,0.011400456888880209,0.052869671626214185,0.07635726686620176,0.07446951764546228,0.004942709906172075,0.016989446533796054,-0.017302648437776815,-0.012520972150749118,2.308246098226311e-05,0.00032309880820357434,0.03266403030759171,0.025701243548079206,0.008282774019964214,0.02496621433792503,-0.014814007814491404,-0.009794388748891963,-0.007922096156415228,-0.030440205501223293,-0.014660010366844186,-0.008538820213848908,True,4,1
236,236,13.578337397374248,0.4224114381331415,25.8862766973722,0.6424129181950592,59.598818600616134,2.328565257379348,90.74508806737113,2.4040375705035695,87.52296564522135,1.9501136376836243,33,40,0,0.023057801731035305,0.02796420051420581,0.04503021599257191,0.04313926718414305,0.01097347288168848,0.05145945138706924,0.07502989188156099,0.07332149770953796,0.004244996289754284,0.011042985607719318,-0.024030521847403334,-0.020572581650826753,-0.00011042196375111665,0.01892288346277323,0.03453647563144385,0.02973726655433977,0.008173463422591802,0.02154589016361831,-0.017744650376062363,-0.012088907751154466,-0.007674385512903265,-0.028799315860780834,-0.015901702000427273,-0.01131353315295328,True,4,1
237,237,13.555571126155996,0.4255930709872127,25.752046345279798,0.6164182178094226,59.22584632909986,2.179004041743828,94.28788811852607,2.2882989784063135,92.61636304701489,1.9810841146712168,37,40,0,0.023046780244960978,0.027470654969633457,0.045570921475214805,0.04360500722473349,0.010855436194662341,0.05154301510313254,0.07986240221742619,0.07939054129897119,0.0037647465165041123,0.00981741223621347,-0.020868485182531427,-0.019327079480453167,-4.353036843768516e-05,0.010777955806842217,0.031320996422719155,0.027972147192390714,0.007675211381279052,0.02136618372052254,-0.014037244964648336,-0.008550855801847702,-0.0075389089849611565,-0.02955779467111602,-0.02042113740446517,-0.018438332036828837,True,4,1
238,238,13.532686059754472,0.42839160603015036,25.31023289122963,0.5745621228768244,56.90008878618948,1.974863163575651,92.77417058547732,2.455819935066874,87.82000509072337,1.8620647173129394,36,40,0,0.022892982995270414,0.02772429487205494,0.04572086207505182,0.04309227086794936,0.010382001315928518,0.04859285061662616,0.07686233826115765,0.0737813316938528,0.002955210189242112,0.010378749764487449,-0.02467448998388242,-0.020290997488039676,-3.6876475639371995e-05,0.006332670179070616,0.03588817813120393,0.029522126616365153,0.006852092848448142,0.020260916003142455,-0.015342571185904427,-0.006392504606026693,-0.00732176643957238,-0.027155593401356915,-0.01771461381593322,-0.01199063546130179,True,4,1
239,239,13.509794963567806,0.4311102032513269,25.51988220008634,0.5647864708681445,57.196254894713235,2.146782043424358,91.85582316811684,2.522609037721604,86.70309252137345,1.7769236854836385,29,40,0,0.023059343189716357,0.027833428187397,0.04487139169377359,0.04300066076993594,0.010597945227632938,0.04941607736210343,0.07478602673415835,0.07083664110326256,0.002686007467833583,0.007400212663203046,-0.02882881653266483,-0.025505679824821596,-0.00013359922775385178,0.014911591599807848,0.03493055010620293,0.02512369010172526,0.00640902616014185,0.019270012784038698,-0.01827150767878495,-0.011329278455323395,-0.007488293807136536,-0.028463892291998732,-0.01960762083012904,-0.014221965005291437,True,4,1
240,240,13.48671006568566,0.43194042454390413,27.43473787724299,0.5745028791725083,60.168924374452395,2.10553625952626,96.67019055154489,2.805605066691518,87.5397855253535,2.1137335791076306,35,40,0,0.025252693292101124,0.029622564104479977,0.04869808226971406,0.04536549177669085,0.010457201512117986,0.0513869271149055,0.07795596099766208,0.07206518433447381,0.0023692320323386376,0.010108752541334488,-0.029941454030409934,-0.020292742853596505,-0.0001734910671063344,0.004390745683362597,0.03831459507354616,0.031850407939344585,0.006423494784043612,0.021227701830116463,-0.02009768669254647,-0.0062162003743414605,-0.0076973163435350425,-0.029674252101404622,-0.022931340574003423,-0.017547116279708373,True,4,1
241,241,13.463503359335308,0.43364451276878285,28.854998557237362,0.5695196913817681,60.13590862552724,2.0192110576318845,103.17459857574772,2.8801053325669446,95.2907432699998,2.1269584185922747,40,40,0,0.026904696985725934,0.03192612155651971,0.04977354067389835,0.04703187913178998,0.010213955802991153,0.05008336757947808,0.0849730748174244,0.07993108324837746,0.002103171105493697,0.009418416027919638,-0.030776110802420504,-0.021894063785023114,-3.585342811372944e-05,0.006464170634904658,0.035209044979998695,0.027013523153226787,0.006475396055543899,0.01955523298013848,-0.02115436907032043,-0.008905502160989115,-0.0075413153093016804,-0.028597159911753142,-0.028976186205708986,-0.023854480049753986,True,4,1
242,242,13.440240769050089,0.4337725253724432,28.795327768472465,0.5456652724388489,57.01488826969895,1.933589126052994,103.83410009035401,3.3040475126216236,95.13911334964791,2.7363228224468297,40,40,0,0.027113040184358804,0.03271153828778195,0.04904459983963874,0.04553149379491298,0.009588244375554868,0.04601376355882987,0.0840126210942753,0.0799825178759152,0.0014558581832536596,0.007961552009836451,-0.036304642471908344,-0.02410665459971292,0.0005477840553709476,0.0031646148619387665,0.04530397974870748,0.04020206375836787,0.006195358698954643,0.02125310595356859,-0.02136496056248705,-0.005234179395305199,-0.007212314437638593,-0.02602276366798482,-0.028574708987844744,-0.025242998437743965,True,4,1
243,243,13.417057084300309,0.4344909833617535,28.768279292424197,0.5102807074725348,54.04293463188129,1.8250167138392295,102.9519762491381,3.134413773590139,91.88007552484507,2.226897675182327,40,40,0,0.027149122490131964,0.03321901694127629,0.04470773023435868,0.04090506825263362,0.009488262149496971,0.04245026606290867,0.08157590235299522,0.07809995235603409,0.0007154878371829904,0.0038872365851922684,-0.04411009437973915,-0.025867375430913397,0.0006057835568799502,-0.009043536729328009,0.03851640750297591,0.03088139130834898,0.005398557400683385,0.017131675162259434,-0.02700307564997116,-0.004928804584017354,-0.007057395958625584,-0.025284483913347734,-0.02792936160973233,-0.0230795722648339,True,4,1
244,244,13.39410679463136,0.43439986958906346,28.675602505680263,0.5022754827570575,60.197033068390596,2.271965698154839,100.02292053153984,2.9829666426320447,88.57820274435859,1.9829816932273976,36,40,0,0.0271213234978481,0.03335440579386169,0.04148156898082865,0.03825134671909865,0.009299631282832774,0.048700667867420194,0.07821382243601917,0.07431512028870539,0.0004907634788844937,-0.011807258515105994,-0.04654526878743266,-0.02932908747423363,0.0008779696638380047,0.026686796897140222,0.03571048340197075,0.02830952512328325,0.005624441667805298,0.0075855817793460435,-0.029299773174719643,-0.009398362606326528,-0.006666626514395937,-0.028331194607304138,-0.02401661677282651,-0.017551728692858322,True,4,1
245,245,13.371072808492036,0.43329516139873153,29.850458736232454,0.4785284973674347,57.51216598310623,1.638216154443359,99.45112831137544,2.8206786588454653,82.98076665616657,1.0647727879127837,28,33,0,0.02835151053709748,0.036569821794017056,0.04416020602427793,0.040182451209209734,0.00933379505330288,0.03961051282317096,0.06678676848127511,0.062081976759571715,-0.0003492949059255438,-0.020032589545727852,-0.05899093728809153,-0.03764314560831283,0.001263009544338751,-0.018196936908214962,0.029006194574705293,0.006451799061189808,0.004575608675492801,-0.0004930686855060748,-0.034424997025217174,-0.009261525829142157,-0.006871885456770715,-0.02204871949569533,-0.019929022306379992,-0.014763323260548286,True,4,1
246,246,13.348342528613736,0.4326141946318388,29.929781076707528,0.4252401969213087,56.90447844548231,2.3725250873166663,99.03332867628912,2.843334218303582,86.5769763796445,1.3455120911390046,27,40,0,0.028678547688929593,0.03643747294660726,0.042118935324264216,0.03846979071065756,0.008533152966057115,0.03911527841007979,0.06798325347914358,0.06675916544174242,-0.0007197209259857586,-0.01950449249069482,-0.058411237979064175,-0.03948242483994358,0.000862310482458883,0.034772790259402726,0.030270930806896724,0.013718436699471027,0.004029938386622216,0.00043244628217436673,-0.03447193072582355,-0.011189150742439953,-0.0061724994286805,-0.022479313043627987,-0.018922244632509105,-0.01543008833605297,True,4,1
247,247,13.325343837449337,0.4315034974507064,30.508734309223474,0.4313763675267629,56.8393971254606,1.625280854156992,99.535132400006,2.759382490884835,85.26099762203286,1.1301954831081198,35,40,0,0.029219715891239232,0.03720674291942886,0.043292677939913725,0.04010970624224826,0.008676566717458156,0.03855520771566781,0.06792515330384313,0.06445297507707781,-0.0013070051199395938,-0.018970274244592744,-0.05847358521013606,-0.03881318312607753,0.0006708901742827585,0.017785550984163276,0.02430726821801029,0.0041209239864703285,0.003628134696891402,0.0031127931540585983,-0.03537220117411526,-0.011866908404334282,-0.0065628843756769546,-0.02187791444802417,-0.021849016791029418,-0.015208387254166062,True,4,1
248,248,13.302568849822544,0.4306557483596895,30.540442929247853,0.417874522454311,55.878322463358586,1.910039451033481,97.75730838893203,2.698276821699552,84.1136162335879,1.207147462077365,32,40,0,0.029256541071862784,0.037625756254987826,0.04498334703357899,0.04132813780468598,0.008683714762604227,0.03805016756270771,0.06309401915635052,0.06079204783509445,-0.0011689981808286555,-0.016089566060313608,-0.05959978674293587,-0.04088291062906084,0.0004263201002250134,0.024473755909957845,0.028838219885234957,0.011329676375836997,0.0037100201117372957,0.004155508198912767,-0.032364648175932334,-0.009137295740885242,-0.0062646649280959105,-0.022250567175011695,-0.018404184371173478,-0.015232802943006737,True,4,1
249,249,13.27969477002608,0.4287542738862452,30.1372069844525,0.4260308701306211,53.37886770116001,1.6429855416499763,100.82762017949948,2.8105018613642807,87.45768716408755,1.2717041631060109,33,40,0,0.02885722188723396,0.037053044997532356,0.04587348481932895,0.04286624937027142,0.008539886961972876,0.0374566464678812,0.06490484065165472,0.0629406674039695,-0.0016069600030503696,-0.008565921366026453,-0.06204187329195914,-0.04300934893438866,0.000244839069154304,-0.01658635480905948,0.02292125735898781,0.0036566478776537195,0.003866942065600536,0.00914065716666307,-0.0385732543806427,-0.015809164206790127,-0.006346304113795192,-0.021531974772029255,-0.019820919609884736,-0.015143848042960508,True,4,1
250,250,13.257019171048222,0.42150470125688094,28.28182011788393,0.3693396280859995,54.80922912019014,1.277790202903816,101.72547897598587,2.753763624238828,86.96421527217346,1.3664045908491422,36,40,0,0.027060824765788805,0.035272700057112215,0.04748193125434361,0.043995301098108314,0.007857338513169169,0.037645689769013946,0.06211732332532204,0.058036817248411705,-0.0024156456000589584,-0.01851189534449818,-0.06507670412788999,-0.04752805553424398,0.0003058509552699947,0.0015075870603949368,0.022814759586443786,-0.007073878607929203,0.0033460495941299677,0.0061824812895915834,-0.03783015316027427,-0.01720131788814644,-0.005501254941647139,-0.021374459739625543,-0.018930012391993815,-0.014926967637789446,True,5,1
251,251,13.234212184941995,0.4118724006836232,27.232793970764714,0.3591084326372675,51.50399087481259,1.015283555548127,100.90164866680006,2.8745162115392353,88.94341506923003,1.8753243668303858,31,40,0,0.025907685891786218,0.03437418475751325,0.04831448003439653,0.044909832607455,0.007782546585214166,0.03100412723064036,0.06004081339634981,0.055516963413382754,-0.003138287404880506,-0.02257920709315071,-0.0651302882642857,-0.053027396623866296,0.0006972824502141906,-0.0015036350701569147,0.02024518422147319,-0.015600890015149584,0.002943409564001973,0.004606090347372027,-0.041600091629199365,-0.023720737801475586,-0.005489376509392454,-0.017044731217518254,-0.01940543594572804,-0.016285883659706072,True,5,1
252,252,13.211319027185969,0.40214791461347815,26.73934768235771,0.32371461286241704,52.3095462865434,1.4185485470344414,95.12965583544678,2.529242449318184,83.23921341586532,1.9671855778405367,35,40,0,0.025337825032975887,0.03323165304226709,0.04954193989895312,0.04487080830918193,0.0076594091281806465,0.0352482463334787,0.047490761818621996,0.048930693231618624,-0.00378428181871437,-0.019735931677952574,-0.06587772880348858,-0.05021119866768622,0.0007006190867297189,-0.015905231292651836,0.010982380614918854,-0.02130214874886368,0.002559514536513385,0.0055410627060190135,-0.0413700508273809,-0.024137638692419874,-0.004987908192724598,-0.01814650867524319,-0.010796497869132487,-0.011933447347986164,True,5,1
253,253,13.188394851967692,0.3921916202717581,25.859098955280114,0.30976617082419017,50.83406710817863,0.9602657378012643,86.54284729922263,2.3256233045702284,74.0947280673531,1.0489840326620496,29,40,0,0.02455246397328269,0.03276497619365986,0.04731285875946089,0.044305335556880265,0.007010367938753074,0.029695515341678587,0.04013022861899245,0.038701942964620616,-0.004089529677472406,-0.025074590373121607,-0.060338400423372754,-0.04504692641380207,0.0009183200827770235,-0.004133875938428731,0.01954635234074315,-0.006615426471906534,0.0027843999872896137,0.005219976954549867,-0.03501737813030193,-0.01621950043440848,-0.004542399586145236,-0.015380304508161469,-0.0062652924976520415,-0.005324945742235741,True,5,1
254,254,13.165368416424702,0.38196385342306904,25.83984060662639,0.28703021635661125,51.114162324246315,1.1364101305359993,86.73855624380931,2.7935007899638102,74.17026184360252,1.3288498171480234,29,40,0,0.024485305624975726,0.032961564984682674,0.04844784713993444,0.04518179700453879,0.006984603079743051,0.02848551510731718,0.03940271431859953,0.04092450460130669,-0.004402555036093681,-0.02673515013873584,-0.06019808428092085,-0.042249472002935586,0.0008208670118560848,-0.013956284202434988,0.02279805846483909,-0.007789489533309405,0.0024327528796002583,0.003772746545895357,-0.04275255171799494,-0.02096999275573833,-0.004301651618412088,-0.013578658819147313,-0.0054400885475454274,-0.006122862127408827,True,5,2
255,255,13.142447607218667,0.37233160916658126,25.433162367111525,0.24365994057015541,51.50757666212058,0.8931215242483818,87.21833779075271,2.4180309644020337,78.31984671532045,1.292200384811255,29,39,0,0.024080941940524864,0.032935515180155396,0.05009816344362965,0.04790467527929963,0.006516703270673752,0.02594876205089875,0.03491712084942917,0.03721688642805768,-0.0049483898119407005,-0.029915615344629283,-0.062273647220502285,-0.04953830679885221,0.0006687057093588875,0.009755552676159972,0.020984759866165065,-0.005270711191029563,0.002186109741503,0.001641378305466682,-0.03616299184776193,-0.02059510718076348,-0.0035859369551275583,-0.012046495149995477,-0.005739117348500522,-0.007530325211281598,True,5,2
256,256,13.119602386128166,0.3607668305785525,24.958499425965023,0.21365424725079032,52.72275190969375,0.7337148956682245,85.66822449551084,2.6073700240130258,75.6362050964082,1.5051576363953787,29,40,0,0.02356854476289547,0.03205645180184091,0.050715161104334376,0.04779767530169377,0.006295829640079407,0.027081868007356184,0.0345335508829021,0.03485088016908814,-0.005273795644352028,-0.031916216756368604,-0.05978671245178702,-0.047134211657559724,0.0006338878909637781,0.002589649286921009,0.01821758153070234,-0.0069265541499434905,0.002153455244585368,0.0010774411424043784,-0.0415091698267367,-0.024681703759696996,-0.002977588701358636,-0.012494792196738467,-0.0040016300728622865,-0.005739944469448546,True,5,2
257,257,13.09677336987478,0.3498008083008871,24.502920128550894,0.18451847488999418,57.55027574497041,1.105321747374115,90.56772735761481,2.5796614751437774,83.58527302120963,1.4932728871141365,32,40,0,0.022957477054492786,0.031272025156773464,0.048070218870900856,0.046259358959765795,0.005983219020725955,0.025930658353386496,0.037225306989839814,0.03819431174139947,-0.006127677559125054,-0.04076390116605874,-0.0671270721537825,-0.05820450262017953,0.0005416863742056231,0.012942340029090536,0.019750970785240147,0.0010429612940135431,0.0013830093638986674,-0.00489483863390644,-0.0396335824234773,-0.024891064768471857,-0.0028574798070311836,-0.013442414501431042,-0.008136437990118596,-0.007655228201208326,True,5,2
258,258,13.073840189542407,0.3394580143001357,24.141619502518154,0.15679452094016408,57.70359193879295,0.8017977519084258,89.35387985466471,2.5093188884009647,83.28398699015408,1.4074033181086405,32,40,0,0.02262635027580104,0.0306368034126102,0.047881621807539625,0.04616482407947635,0.005697842923161193,0.02788512908241255,0.03303308196614542,0.03394229216971221,-0.006196825915265406,-0.040168524684795134,-0.06782537603271742,-0.060439658411948746,0.0005829539597395589,0.004267038955315917,0.022172528642610607,0.003838466829193438,0.0013877676169454754,-0.0041658758262547065,-0.037358666265317024,-0.023483253646713227,-0.0022854188497143536,-0.012659786443326208,-0.005548678610707305,-0.006097894079762001,True,5,2
259,259,13.050731912759062,0.3279106122286992,23.15244550248575,0.10164395949334262,55.16221636730325,0.9581497703611822,90.154494107102,2.7185014180128344,83.53029432601969,1.408525586175369,28,40,0,0.021694612949628475,0.02979115090928286,0.047755550772232654,0.045980073250138934,0.004432588096724513,0.01659396212094047,0.033587213105692446,0.03633134781805979,-0.006762519092480355,-0.043358942136337994,-0.06869599183315572,-0.059524583995408956,0.0009715180456295158,0.015397610100733001,0.024232803576401802,0.010521360497166343,0.0009684885579310069,-0.004619808119105069,-0.040425378485962275,-0.021398955356511276,-0.0011248714583256309,-0.004607092101635509,-0.005455169970622287,-0.0059774312879957575,True,5,2
260,260,13.027761471294015,0.3160653186218853,23.72472793396207,0.09559535744518184,57.67155233246098,1.5682131641219845,89.29149749995115,2.6331002118144937,84.30652620717305,1.4727523157341316,25,40,0,0.022178560467697193,0.030011651450121378,0.04664066364535953,0.04657356390932363,0.004410578331073006,0.01766897699902437,0.03440664276028179,0.0367474541334005,-0.007177810941135784,-0.045968641240308174,-0.0679249803420698,-0.059900902502537726,0.0012897133950177113,0.02574189860125201,0.02402562767013519,0.005856649662622933,0.00033446293140298837,-0.007454784288418639,-0.03846700882074157,-0.024237538901958698,-0.001004246871476136,-0.00556095243949483,-0.007418695112481097,-0.006241502898032195,True,5,2
261,261,13.004718598062976,0.30479616746460736,23.456786907268942,0.08716432624960485,57.06494349719242,1.0646793543711537,92.49715671510388,2.9217140495500975,87.045415240275,1.8469393609822675,33,40,0,0.02187214720948437,0.029526215993368726,0.046427460958404075,0.04548425076692683,0.0043385678183243265,0.017468863236365477,0.030070046772954127,0.03242944869570525,-0.007280580865938459,-0.0456009776504831,-0.0741350602374255,-0.06675640870969496,0.001173071881704165,0.01567879402541364,0.02694561448214838,0.015521075329053193,0.00022333776441777007,-0.008680772611128696,-0.04302374568380566,-0.027541162112914255,-0.0009425443938428594,-0.004910833220436632,-0.004819882358671282,-0.006299760644132189,True,5,2
262,262,12.981914538388738,0.29434212894376577,22.820567357603633,0.10897965934563492,57.45315282706775,1.4889092666384023,97.61230556996257,2.9164565444722332,91.98296778170494,1.5281334907309814,40,40,0,0.02114730121837899,0.0296359887208892,0.04857866768674133,0.04834974366733364,0.0034226264931042547,0.011657978719948687,0.030811658737186633,0.03276263639957399,-0.007864831440709446,-0.047819080652715965,-0.07886010988026869,-0.07106179216275516,0.0018287699614001171,0.02369739640212304,0.02555356204736211,0.006020663578997839,-0.000503468762528143,-0.010663449308479922,-0.043786809541625796,-0.0257472990111815,0.00014116858825667699,0.00012499863402381205,-0.004552019746333815,-0.003488316919758114,True,5,2
263,263,12.9589551872014,0.2823408693952607,22.69298053889211,0.11334564426390314,56.282069981477434,1.275698702340419,94.72213304477069,2.764305649119577,89.62906964495795,1.531394732364505,40,40,0,0.021045064233846254,0.029616495515877837,0.0471490521323071,0.04710278932242554,0.003247195775132721,0.009735123827787654,0.029999778913626457,0.03283390491232836,-0.007844256289144405,-0.04685895814906209,-0.07648047225736619,-0.06882319414031943,0.0017218331085637208,0.020085330940501578,0.022585471978460545,0.005638197536285698,-0.0003395701526950879,-0.00939932209798055,-0.04234160470416803,-0.025755756518439674,0.0009129482226093361,0.001992184972563031,-0.004978370088891738,-0.0043853524553920725,True,5,2
264,264,12.93615469139836,0.2702249752160848,23.209899604263164,0.12668328289761602,57.70254246316622,0.7194905183496002,95.18140584462357,2.8839932949795437,89.56098952918356,1.596944704293304,26,40,0,0.021483721318657747,0.030753187770951585,0.04618256043872602,0.04534237595851846,0.002907556779736329,0.007056203299832781,0.0319200613185159,0.03241248748127701,-0.008288261067005266,-0.048311849929696574,-0.07686208958455752,-0.07010471056326355,0.0017422064316535966,0.00648964412877154,0.026294912967502207,0.012242747521739959,-0.0003092287622240221,-0.009912566197647986,-0.04221803839342914,-0.024096066272296237,0.0013258182172259862,0.004161227737949464,-0.007735954448000152,-0.0068073440770139125,True,5,2
265,265,12.913186713093602,0.2587247746795098,22.63671035388346,0.17081379978012218,58.51105460321914,1.23760887023626,93.27813300706667,2.6216385472477666,90.04105199852698,1.6693937497016678,35,40,0,0.020902414585207963,0.030486112631889488,0.045889289342961055,0.04597896028709598,0.0020667421386782302,0.002861077283092324,0.025021962141213213,0.027283001418979064,-0.00844027825879643,-0.049859349014571105,-0.07725855701141274,-0.07244973491663774,0.001617221950125817,0.01720242489858948,0.021820609738980527,0.011119613000168118,-0.0006192504218199687,-0.01055237711856212,-0.04004955585371976,-0.026742441262723984,0.002426736992401408,0.007700585641281645,-0.0036777903900764393,-0.00318227332843869,True,5,2
266,266,12.89034531998015,0.2480745510938363,22.436636401428636,0.19192635459891202,59.728060129976576,1.5964419316302145,93.10311924425315,2.97047849472545,90.69551539405494,2.0528873739587206,22,40,0,0.020511233407815504,0.03003514426754746,0.046056400529955674,0.046706813900397964,0.0020333654851595047,0.0016292838349544043,0.028369160206101734,0.0297670317570332,-0.008863260229948556,-0.051601130897518756,-0.07577723624172666,-0.07181973174721988,0.0018302708104386042,0.023227784006182015,0.022848673200836254,0.010591576601983637,-0.0011507746778034816,-0.012680530406685556,-0.046465018014353904,-0.034209358630107094,0.0025586383266234048,0.008719537321000552,-0.0026088126284297096,-0.001140905556945603,True,5,2
267,267,12.867416284215489,0.23795484707869471,22.292209557658957,0.2789400776852373,61.146604099064916,1.7498796511595602,88.6000150023715,2.619547075775698,88.42315926141897,2.0063435131315903,26,39,0,0.020383567464106456,0.03065643748798649,0.042951535424038956,0.04478458952195628,0.0007891839308216038,-0.005050543130056441,0.029472412966431643,0.029406090751579027,-0.008990549100145942,-0.052664808434897,-0.07166941563229112,-0.07034399378646371,0.002062981267298329,0.023414923725640184,0.02430343235249198,0.01799316827731312,-0.0007246788097779061,-0.012592089790003057,-0.03823792078482306,-0.029944707457264436,0.0043497688667662494,0.015031405886190662,-0.006123521315857818,-0.002402437523319203,True,5,2
268,268,12.844446909232758,0.22549274645903641,22.29162890920067,0.27359280673747605,65.90769566735617,2.133072427333989,90.44897850530299,2.5486614170851953,88.30574305308416,1.8313019343157921,25,40,0,0.020297416811217547,0.030810935795989577,0.045264847135625765,0.04595959958938118,0.0006677434073812596,-0.009574764497957217,0.0260028461934932,0.026342948504800345,-0.00919161079240811,-0.05747029205045772,-0.07386449293319984,-0.07065174113788358,0.0021189134870639955,0.030305536065328192,0.021786122894808028,0.013602967552581361,-0.001125201490730633,-0.013052836283502359,-0.038731530783811814,-0.028852512337421747,0.004128639272543279,0.017239680783832197,-0.001982204933161639,-0.0020191892665550417,True,5,2
269,269,12.8215201153332,0.21379922076448102,23.132946070745785,0.29324216717436263,66.52269249423234,1.6939848843282725,92.33117550253378,2.673016598587731,90.91289964391153,2.0624493771346235,29,40,0,0.021181464202471065,0.032732915035680675,0.04790183858595999,0.049356485211133,0.00034652163852354597,-0.012412861553886045,0.02171897434607554,0.022302276374022465,-0.009292937689746154,-0.0565662952471979,-0.0758864018327318,-0.07301849873699033,0.001978635946199978,0.01875839704653923,0.019883508807078253,0.011819448549200452,-0.0007261242130199405,-0.011444931914661213,-0.04219992249035569,-0.033998913798942244,0.004663913635814938,0.019780333359027187,-0.0005563151054606413,-0.0003533173541234563,True,5,2
270,270,12.798590423432804,0.20297442356739911,22.997843348772836,0.3202782751065463,60.75442057312053,1.4487536264114302,89.53178697434697,3.062451862664548,88.06398979688093,2.3830223584861128,21,40,0,0.020984475834996887,0.03185831533582421,0.04610006466062538,0.04783966771305186,-5.282860708537485e-05,-0.007475227150191613,0.023632425275169365,0.02395982324003751,-0.009410089360011422,-0.05118855675042848,-0.07302214316712118,-0.06994683239687191,0.0024016289090943044,0.01700600558766127,0.020045481973532207,0.009078810590310548,-0.0007924887413496935,-0.008262044929770996,-0.049407024021875474,-0.04025522140678669,0.004985101675736543,0.016789638210224507,0.003743399390062508,0.005191569999287621,True,5,2
271,271,12.775603670849542,0.19318418197572002,23.05696471265022,0.36210897594793573,62.63064638661926,1.5903641987910362,86.80248881212671,3.0602122469734834,86.48207615332356,2.707441278703836,20,40,0,0.021035617664410134,0.03240909075422964,0.040110643336527696,0.041641132124572926,-0.0007061761894736454,-0.009119477272225222,0.02358561577796983,0.024851361792387745,-0.009414229996477362,-0.05281177745135284,-0.07327705700615458,-0.07160709062821201,0.002249159133831793,0.017348740660493453,0.019527299674390812,0.013754067745152239,-0.0005115992131872293,-0.009954463835854205,-0.04966226181808446,-0.04504899778565537,0.005884035358123232,0.019245414516824603,0.002248485584477743,0.0037857217968353734,True,5,2
272,272,12.752474435005745,0.1845739006634441,22.856462827554907,0.3743057258106808,63.23483835438343,1.8010355435338516,87.37743646892231,3.6348015739864086,85.94176276108612,3.3406715810235057,22,40,0,0.020840514105626665,0.032459787607655874,0.04208319056710379,0.04371954100625584,-0.0009904310728806424,-0.013204930167820653,0.02257327418167482,0.024407912240544626,-0.009333269046290683,-0.05263683871048727,-0.0731728690724391,-0.06984870894113217,0.0022255703861068957,0.02111221810442623,0.022303905958807192,0.020186173417981037,-0.00047194131021177773,-0.008856948617891918,-0.059288986183645385,-0.05457095031120182,0.006123925484135359,0.02153892001039983,0.003448331020024515,0.0037532083999941715,True,5,2
273,273,12.729223446591591,0.17460476138168418,23.222006122554298,0.4125303534335929,62.49415806101434,1.5229008294949373,88.199677170713,3.5365943046656088,88.29250435544604,3.3931641918535638,26,40,0,0.021122968489231012,0.032805884663499894,0.04528489160009643,0.047698650298815135,-0.001715238916922936,-0.016121068601263725,0.02319530455169364,0.023587613093224068,-0.009494194332157736,-0.05068929739455396,-0.07204470481957496,-0.07045586983064056,0.0023612300867513186,0.008983977526872805,0.018334728304973496,0.01501091690659587,-0.0006574160067264636,-0.008093660851679287,-0.058762513945461704,-0.0570254330338396,0.006769976579728288,0.02366976398496408,0.0045614526379739355,0.005477616769776151,True,5,2
274,274,12.705973317152324,0.1640911878067255,23.575235170124124,0.4114812304597305,63.873034392522804,1.9646897644821046,90.00604932753295,3.3518294197657905,90.8417542087393,3.2400532513633116,27,40,0,0.021507163940586597,0.03383845876020137,0.048688723451135674,0.051139265187017335,-0.0018260040963506182,-0.016836676749293813,0.02562820222555661,0.025846647761911756,-0.009481525278113204,-0.051490285950675604,-0.07122985592386875,-0.07049078424393208,0.0027047720741928843,0.022508064583619744,0.018609431337945324,0.018159119739773116,0.0002370456622886089,-0.005156488032414028,-0.05521801196427219,-0.05321406972863592,0.006648673931194282,0.02535000371900166,0.0051926836026577545,0.006030430663489639,True,5,2
275,275,12.684712733512928,0.15556426237428148,23.19260450323329,0.41513658635657014,66.69987359332514,2.20297390859532,87.55786055254114,3.2045096824329784,87.57957484282262,3.042450151957187,28,40,0,0.02107343333259072,0.03317037402597841,0.04755635443984673,0.05025088994274404,-0.0019325053013744618,-0.021436566025119477,0.02494224174656964,0.026518407305128763,-0.00949066565001691,-0.053750098245425953,-0.069156754359828,-0.06664686086839416,0.002811080595561126,0.023789115420664537,0.017535957961666692,0.015813841611227706,6.439868247434897e-05,-0.005691638903331828,-0.05303321763429745,-0.05054960272534039,0.006677645765157917,0.02966513473992606,0.0028369768246337824,0.003788418630520762,True,5,2
276,276,12.66363585223459,0.14831194603720924,23.26320603414456,0.43957222556984443,64.136824752023,2.031014437168919,88.2253120509804,3.6063606101884838,89.10629254886896,3.5254607998919134,33,40,0,0.021105497224366436,0.032572126719065106,0.04697528274634537,0.04987695867775771,-0.0023778347233341895,-0.016982916986118864,0.02249618510469822,0.023697955193336194,-0.00949108233700597,-0.052575368576087717,-0.0712106042182548,-0.06993301998710266,0.003112332477388882,0.024842798954400096,0.01964883137990632,0.02126074814813496,6.795969778630923e-05,-0.005362431386579335,-0.05942964645243474,-0.057201509315193536,0.0070119958360386975,0.024710979548710228,0.0066215565825227,0.007875239918029577,True,5,2
277,277,12.642440104055146,0.14243686002759584,23.300692829588932,0.448759195511744,70.52528421400916,2.4043049050976566,85.89277862997764,3.6948503237559143,87.20565557855835,3.8504228855410196,38,40,0,0.020998902145519735,0.03296420467385207,0.04403936792717775,0.0466365701901272,-0.0026405465232034733,-0.022582584324680348,0.022708204041311658,0.024355001474709287,-0.00974658448280944,-0.05811371446488222,-0.07016010948232028,-0.06954631973695223,0.003193592887221838,0.027799890705459948,0.02103092075276309,0.025606349187337993,-0.00034210439307288867,-0.009897038201882896,-0.06058486391863423,-0.061688288696041,0.007143476181378583,0.02983473094230055,0.006766605593929683,0.007419809919543217,True,5,2
278,278,12.62138408946951,0.13817175252449174,22.542194058337014,0.48091146140638114,69.33123193947428,2.3655972908219796,85.63788574162842,4.149579037955054,86.54266130072165,4.232349069442267,40,40,0,0.019766290716928557,0.031303227214476,0.04573990366270015,0.04850063415897248,-0.003191522081242018,-0.02712402948668329,0.018943520388839116,0.022542312283889754,-0.0103565656017105,-0.05559869344336793,-0.06987740494967419,-0.06803796637234634,0.003660055418457365,0.024301162856609694,0.02190505752865107,0.02320941615648284,-0.0014310015503884786,-0.009632189363478415,-0.06691035621311149,-0.06740329586981196,0.007416662094297033,0.03195823663920704,0.0169818115544634,0.019356216567232232,True,5,2
279,279,12.600321882261618,0.13560686887661388,23.38225408547568,0.4648433140627609,67.42171010997563,2.2289304795218206,84.36763964903639,4.258378456660606,85.84716344364692,4.370224915361802,40,40,0,0.020620199631002627,0.032303226821226015,0.04584933353215674,0.048883432248801616,-0.0031347868062456805,-0.026080679310171672,0.01718053277928502,0.021088707012598296,-0.01056930863276928,-0.05312237473805175,-0.06870637909267681,-0.06734546725232396,0.0034815485281452,0.02198780609705606,0.017395346978489698,0.023352665014056837,-0.001835919933103826,-0.00771926030083591,-0.06999668359468321,-0.07008320034347984,0.007094345544162869,0.03115009911656949,0.017936934536340286,0.018995928261349552,True,5,2
280,280,12.57940733354652,0.13135955370335797,23.5655536682407,0.4665206919367314,68.95794986172997,1.8983043311269014,83.2666498035045,3.9574360136977793,84.947409256609,4.123292870372528,40,40,0,0.02062589963652826,0.03238192044387182,0.04646025067737161,0.049021465811177674,-0.0035323323678126033,-0.029535837784400144,0.015129978561988717,0.017662229454635685,-0.010836522132026467,-0.053237621696251805,-0.06742302147789737,-0.0670895213861685,0.004058831141775944,0.012498667437843907,0.01639938973830295,0.021038962803163013,-0.002474185171765074,-0.010741593427304097,-0.06501783292778408,-0.06672876921245827,0.00661072664137716,0.028742102031038927,0.016566416448144262,0.016840424523310207,True,5,2
281,281,12.558492394624489,0.1271041887853805,24.856225336522883,0.46087952889155454,68.1109373109008,2.0444748835511435,80.92220659737092,3.9787403838028887,82.58152968724558,4.202155507733916,40,40,0,0.02186020420094405,0.03364993527140492,0.04640318289663482,0.04922942689333883,-0.003223354470229817,-0.025846837440254986,0.011080686801869275,0.013374309987697256,-0.011383031065242667,-0.05327966433768844,-0.0653633423078098,-0.06494074534213333,0.004167342575692402,0.020549675132756344,0.01747572664996511,0.01949089821743003,-0.0038571802334079466,-0.0146238807124015,-0.0645438132177873,-0.06786229724756646,0.00569729623679224,0.02524116635561864,0.018732409156935872,0.019843933154277443,True,5,2
282,282,12.539851156385392,0.12477599082317836,25.145257078303707,0.46984192961216176,71.38276383212076,2.195030110269315,80.93453660677272,4.0709839307915185,81.87768767696254,4.087669080513956,40,40,0,0.021903212969530707,0.03313611475715386,0.04612879302753842,0.04877067019806996,-0.0033845389027018636,-0.024342525245176327,0.009980956952471932,0.014902146209343931,-0.011877630721716433,-0.05835184946341471,-0.0657488719894757,-0.06405703322908927,0.004203826941057962,0.023612607454630296,0.016454708784716634,0.021723944087175494,-0.004294728068352589,-0.018613602903091428,-0.06592000952532327,-0.06527098304654798,0.00557923682743466,0.023741802079405863,0.02078922883943527,0.018911193088027998,True,5,2
283,283,12.52135948077121,0.12393982678607036,25.587055141722036,0.46882592851403737,68.97717299809189,1.9404196171421395,79.98888103708721,3.892330483800739,80.77970014434784,4.062287970675351,40,40,0,0.0223449996856364,0.0332900081047254,0.04517861139877369,0.0477745186789435,-0.0034417164845182186,-0.021557351495107343,0.01078349282688299,0.014207412378242591,-0.011981359168083938,-0.05643497454338407,-0.06512165879410972,-0.06356968423643922,0.004365285882778974,0.020119177937981927,0.013300409998286236,0.01911475895439676,-0.004285201731206306,-0.01655037130812472,-0.06315497473103057,-0.0650148203191013,0.005434661824278861,0.021639270215293372,0.021203165833558184,0.020845903791319623,True,5,2
284,284,12.502755252281633,0.12461968103064373,25.76157075566777,0.4606756545294527,67.2780856633315,1.6298112859548566,80.49513029155294,4.248303483867662,80.17815137209735,4.062250231519076,40,40,0,0.022432436448298572,0.03540192236028905,0.045209869596761945,0.047464562025393,-0.0033261584707801398,-0.028354034278741405,0.008795005379896623,0.013629282659352543,-0.012222151718072399,-0.04968997327266936,-0.06601652499234911,-0.0631656074408855,0.0042293381534104805,0.00017409397116065483,0.014321194706010293,0.018383309589434516,-0.0049195644523910426,-0.010818315863120312,-0.06836552842497726,-0.06559823514415355,0.004749433683990754,0.026307496339367773,0.0248760572817537,0.01963885563547473,True,5,2
285,285,12.484077906191432,0.12681921722636927,25.48184558630607,0.5133077466354401,67.27386686805262,1.6592941103926357,80.35363616772312,4.253123303101955,82.2619814112358,4.371469662648325,40,40,0,0.02159248843277127,0.03414709789006414,0.04389152567047016,0.046797038006626254,-0.004114969845536751,-0.028194354884684036,0.010540851330176257,0.01660853020577675,-0.012890148212309598,-0.05064412326917446,-0.0664765467885359,-0.06558374450969297,0.004968056368825204,-0.004291999688707632,0.01839161547187716,0.025945680841058378,-0.005531848934741098,-0.013116505316323242,-0.06687015128315991,-0.06747286156316373,0.004997913187781896,0.02546028384540992,0.026464570101782336,0.024400746414365328,True,5,2
286,286,12.465329940806985,0.1304590234174458,26.335782022985608,0.5276183957922744,69.37374769803151,1.7696581315055044,80.18129423106853,4.306504296918608,81.78929636303624,4.425482255188779,40,40,0,0.02246125924812555,0.03533228447549115,0.044670029755104645,0.047463365130216095,-0.004235823407847667,-0.03181298364372816,0.0068701674550412,0.01344030723176349,-0.013081400835087818,-0.0505201010994335,-0.06623012294558228,-0.06523860905623423,0.005092023162595622,-0.004717084063487419,0.016059482194017864,0.019984248329516088,-0.005947568961062657,-0.013639202490902464,-0.0673009564002202,-0.06934946708036484,0.004847419702110696,0.02730729885932354,0.029361584573816074,0.027516919613421675,True,5,2
287,287,12.44665630646162,0.13446526859436156,27.255862568355976,0.572762466490423,68.08658865929898,1.661382877112344,78.5231713056636,4.071584961982171,79.87222896615259,4.070613641800254,40,40,0,0.023263142309249578,0.035789731707955214,0.044736435529722375,0.04699221265176131,-0.004765364036256978,-0.028988490320435427,0.005665303447416307,0.011006765362349387,-0.013379071710946882,-0.050145249909390094,-0.06428408904886401,-0.06364083615392976,0.00554008734103629,-0.010042575637481194,0.014704151843647534,0.018976750995260697,-0.00644977298944876,-0.014710049483367123,-0.06343515895721223,-0.06400736294691893,0.005257346260467452,0.022881521106375514,0.028454462534155973,0.02429854315526137,True,5,2
288,288,12.427958951584856,0.1376978147609654,27.14173742144389,0.5786475833099565,73.10081473043361,1.9403346406962216,78.49196215998029,4.082262865643394,78.81978466630713,4.0234902080460415,40,40,0,0.022928355948250188,0.03638797220675675,0.04581331028204509,0.048242004047537056,-0.004547686328631163,-0.03574510739122897,0.00447678238632825,0.008595978565920856,-0.013794308711252229,-0.05236345949727717,-0.06357741064395671,-0.061736347906356355,0.005664650041323692,-0.0005916200293378773,0.015825737314019,0.014858164257800061,-0.00707240487563226,-0.01680993981442195,-0.06179123975600426,-0.06217616978972419,0.004459686258423868,0.029392679045190044,0.03174584161916461,0.02906286082072032,True,5,2
289,289,12.409253845807855,0.14215701211986398,26.856872958499945,0.6192572767078957,73.78298194657778,2.338167978153332,78.09847855627446,4.124248529364108,79.28094975789752,4.153371678391459,40,40,0,0.022345239600078597,0.03497921641960259,0.0437681692084766,0.046300864197671425,-0.005491709911912944,-0.04019775556380072,0.006502903197776869,0.009650703580172155,-0.01385001857643094,-0.05103453038122869,-0.06435395844035831,-0.06362831829830733,0.005846821788352207,0.006095796136867798,0.01531152813752018,0.015105256642977152,-0.007493982740000436,-0.022252931155984028,-0.062237346455169436,-0.06321064645597947,0.005144847545924435,0.033660076393313115,0.032763352266832135,0.03210992165931224,True,5,2
290,290,12.39055771531899,0.14771726787404457,27.31280066001546,0.6339946611885499,69.72640066715033,1.7851589351257142,79.13647052331116,3.904322249434403,80.1622521697616,3.7074181090105007,40,40,0,0.022642961467508577,0.03484521792186467,0.04630076514281659,0.04879266056114801,-0.005847773980751362,-0.03166832136811695,0.0024276092690911724,0.008202542924005376,-0.014109887148546229,-0.051426638619487965,-0.06413210449777286,-0.06307123938748065,0.006284893099028186,0.005113187550049704,0.01628436486053809,0.018353457593771185,-0.007417472401573471,-0.01916966922958018,-0.05688924352429451,-0.05544826187960557,0.005284123329383239,0.02402356302044708,0.033792599949710254,0.02784944809204697,True,5,2
291,291,12.37215482607168,0.15415141671068458,26.784304858028865,0.6487538132266509,76.40238321739305,2.3313122998866027,78.73328712899551,3.7709083925105924,80.72490460066716,3.7473687617860896,40,40,0,0.021663783616908378,0.034188329622255965,0.04678351216859749,0.05034289391039491,-0.005956371966617981,-0.03813076799282359,0.0019014331383680426,0.005826551223075371,-0.014580846996072906,-0.056696797186567935,-0.06329785180658073,-0.06283434217335623,0.006355988400843479,0.006116120925122489,0.013691657858227832,0.012104385511211258,-0.007833748516177463,-0.024322804912419567,-0.05343059198399824,-0.05346997340954705,0.005142143064852791,0.032040522672425076,0.03590673937076858,0.03566677672925924,True,5,2
292,292,12.353381894634566,0.16157430584139437,27.0858429360211,0.6563216270839761,67.55677726906686,1.8740780963122854,77.3381337982014,3.4068148442198622,78.78296393386098,3.4619385977428734,40,40,0,0.021701765323715698,0.03572358536932369,0.04467683497596452,0.04779632728069947,-0.006270749612377385,-0.032213216370285964,0.0030668749259046136,0.005466914899207151,-0.014945031571998897,-0.04743471613095297,-0.06305364092665698,-0.062388936087780275,0.006069198649730779,-0.015331503536785099,0.01322795554367941,0.01042621677549122,-0.007938016103248572,-0.012650913469319732,-0.0490267380188993,-0.05156138758557126,0.005600816228156764,0.025976280686760424,0.03093392844359129,0.02972478483633765,True,5,2
293,293,12.334501992902428,0.16979303231220158,26.782955429116317,0.6464664434328847,69.95271968225786,1.6535207590593703,79.79304323995623,3.6089810356345358,80.9701899334606,3.6276740131489826,40,40,0,0.02109359074735307,0.03385076793043287,0.047566196764303584,0.05063147939324343,-0.006174521995627293,-0.03227179325776226,0.002013408596541925,0.005145406995164462,-0.015305633244878394,-0.0520196103541037,-0.06403384152693364,-0.06297737481958392,0.006155317804377244,-0.0013863573310162623,0.016753618583166152,0.013491372917006555,-0.008000969933148146,-0.01781883485203003,-0.04973028549562208,-0.05266297779563086,0.005040030597752427,0.022659016708122356,0.03483932999873383,0.03245557858310077,True,5,2
294,294,12.315668688381194,0.17863360744107423,26.378597748326168,0.6918034790423231,69.86446909514346,1.9429317869857798,78.59297853675464,3.4211424221245337,80.70848629592857,3.4117098348760293,40,40,0,0.020279102312127765,0.03433628117920069,0.046095369508495944,0.049701644767513875,-0.007057219844464902,-0.0365302812531894,0.0009353329578462969,0.003394850936442601,-0.015322665455107461,-0.04865801463574118,-0.06364902463833963,-0.06349867128297478,0.006642932845150798,-0.008869235735246233,0.011748915705236089,0.01144770207192446,-0.008341889448559438,-0.011942822333623579,-0.046324765554429694,-0.048609153551398276,0.005663196989816946,0.03047345593023174,0.03579506940804634,0.03243108360971235,True,5,2
295,295,12.296872287160912,0.1880021524248493,26.969805676817828,0.7150944792614241,71.54867599396846,1.8748197480349873,78.429908213056,3.4908040687552853,81.36582255918512,3.561021647031007,38,40,0,0.020644972986061785,0.035396559661430814,0.046309103951950294,0.05059765785024819,-0.007480846605930763,-0.03993552098474989,-0.0029965933726120116,0.0010584180109180104,-0.015658621992647642,-0.04765973944852456,-0.06322766658382284,-0.06371148916887896,0.006772397895291797,-0.004926126432843908,0.011384644417614276,0.016831236650754967,-0.008417186579286005,-0.012862680084967824,-0.04847486015696439,-0.05037579466789899,0.006249383603856433,0.02968163508219282,0.035107809255414166,0.03227699272696588,True,5,2
296,296,12.278149028223032,0.19495238786613622,26.410051367945442,0.69141711667428,73.5045660115245,2.165720548298835,79.60054850766443,3.7711174493774005,82.35173956518712,3.5130527409078836,40,17,0,0.019795453168391326,0.03333621302380829,0.04902667858104308,0.053498536897103405,-0.007163403977612766,-0.04079881691355751,-0.003840576722946258,0.0010983306953044932,-0.015947303551668672,-0.051254996480614955,-0.06259298747038115,-0.06259799700442037,0.006464267557768161,0.0017785629072753027,0.012397905896223018,0.008904094832425137,-0.008499019242748852,-0.016778452857273793,-0.0510839461120333,-0.0504472714737395,0.005621796721548874,0.033824269035496096,0.03960790653327878,0.033693290625208545,True,5,2
297,297,12.259388844135506,0.20232327287147917,26.154598031158308,0.7064291598603496,73.84835149575804,2.4924566254028466,78.54027821213913,3.353437370228603,82.16450719068489,3.470984097108801,40,40,0,0.019071450852972655,0.03275552547074305,0.0468629516303987,0.0513023742123088,-0.007408526146859239,-0.04331209788012951,-0.005200207407087714,-0.0036625063703708037,-0.016292835875482872,-0.05004714524324651,-0.0628123945495664,-0.06407541407712739,0.006092773626618372,0.010353886687945351,0.014484303256293652,0.009425245018611635,-0.008756896315280613,-0.01657681976678278,-0.044485820662922816,-0.04962610551817654,0.006181570266752786,0.038863775775150745,0.03516823519865613,0.033441935019089104,True,5,2
298,298,12.240535443865191,0.21029229731891144,25.88675166529346,0.7073939013241677,71.43721633018193,2.2794619909343963,78.41302215375109,3.3473328908224977,81.50633904023208,3.0819928653111894,40,40,0,0.01805790776374952,0.03190189115486661,0.0481952082910601,0.05287677874006939,-0.007861787515119421,-0.0413761327792085,-0.004758261121121089,-0.0015422458094126808,-0.01679964809285007,-0.04871920416001847,-0.06166995129047222,-0.062007669297259954,0.0064347460711656895,-0.0026670324353524756,0.014197466506323876,0.004917929701792437,-0.008563198737476197,-0.015483299461127933,-0.04123547108262849,-0.04269119396783607,0.006139877445427816,0.0365503807717711,0.03887409971693689,0.032353351057934535,True,5,2
299,299,12.221659632871145,0.2187649962260482,25.112455685000448,0.7396555908201526,73.87614772100608,2.46235175741363,77.19470532029747,3.1230780932004354,79.96215973079555,3.076441920426397,40,40,0,0.016701247448463033,0.030200580983856057,0.047007114121577036,0.051633480358070326,-0.008496279546869354,-0.04697004222030149,-0.003877449981299266,-0.0013874661604581552,-0.016718761857798196,-0.048367605317573455,-0.06110907570149558,-0.06104101598580754,0.006760753242387312,0.007232668579880113,0.013406416555776797,0.005812410932724062,-0.008666861072940693,-0.015492425062019442,-0.03759288094197441,-0.042488693999970906,0.0067698595741159445,0.039428699620121924,0.037123643053700986,0.03231062943101246,True,5,2
300,300,12.202790162897417,0.2138175658170667,24.270251354370995,0.7572369862866449,73.13774619280359,2.7005387299022083,76.6462982691461,2.844497945944011,80.0925721041097,3.0741645636065207,35,40,0,0.01542571823532231,0.02678335611239882,0.046413491656304484,0.050872679058883125,-0.008344496482677648,-0.04379632898304772,-0.006159789999480569,-0.003027579285072316,-0.01677682020465655,-0.052092833683032067,-0.06068360419252767,-0.06178692738190245,0.0063219838401368834,0.00897676057661775,0.01393184150820013,0.011524522989058495,-0.009302146731206148,-0.0240565221211712,-0.036457691575331116,-0.04354800938429584,0.006940648910905125,0.03952529274789556,0.030683080164148363,0.029146859984847843,True,6,2
301,301,12.183800899704368,0.20757502455608765,24.544652144476878,0.7889592075158877,77.41539020151839,3.1176055822568856,78.16921915163482,3.3710518160411644,81.50241444413223,3.4718953357342075,40,14,0,0.015057007904210766,0.02637670566720736,0.04742022577131505,0.05281760576631392,-0.008519853738158846,-0.04920652956245405,-0.005310666008869628,-0.00242281315653007,-0.01741087459452536,-0.05362955795658022,-0.061915634835767085,-0.06202478583393804,0.0062708909376544665,0.0196419438379854,0.01272600584666446,0.002644816879296574,-0.009931111018407986,-0.02814473751217115,-0.04086429028268062,-0.04906702733624471,0.007187495648015947,0.04222305070216814,0.04037112795916654,0.035458533261761106,True,6,2
302,302,12.16482573372439,0.20200485660503098,25.213531778028152,0.7596842950198912,80.51118641331321,3.7098446164538394,78.20043817490134,3.37874234447003,81.83670950535108,3.5012159358428536,40,40,0,0.015556590419368974,0.02708509429595748,0.04545278359143622,0.05142937481355821,-0.00887037767759188,-0.05105539308026326,-0.009594836497969318,-0.005123812183392441,-0.017749114882227586,-0.05605172291801716,-0.06290701158943944,-0.06345087058235754,0.0062405382935727515,0.04028309205046622,0.013445922830232961,0.007426413955672031,-0.009362662200744363,-0.027793570213605616,-0.041236258241838145,-0.04876020862906334,0.007014065376919698,0.04239367142943566,0.03995322410406807,0.03607557400301176,True,6,2
303,303,12.14583132174764,0.19714958236372188,25.451326343192857,0.7362976473578254,76.26748500710306,2.9015132177210377,77.51342791335054,3.1047584993940287,81.5200749808233,3.24094142591831,40,40,0,0.01579125803411943,0.028085848954043584,0.045778854769834766,0.05173358596107842,-0.008931049758373066,-0.04793131642501147,-0.010001375780583192,-0.006406014379523571,-0.01785056112678326,-0.05225421766331178,-0.06174625855334177,-0.06267472926352453,0.0059069532573193285,0.027579732445120304,0.014515748833786807,0.006395322406361158,-0.008920636052939189,-0.02204074968379048,-0.03770806899107278,-0.04761910564743468,0.007118545116675449,0.03630523975861807,0.03610764331362698,0.029851817781579065,True,6,2
304,304,12.127107948312696,0.19066476292447798,24.971392697866182,0.7432762212118289,72.9372838467848,2.5937078893907075,74.79350187231675,2.6602633235676834,80.22921513834507,3.0619608087466066,40,40,0,0.014644892057165307,0.02752450979399395,0.042110814246788975,0.04810960730983266,-0.009907511227019277,-0.04824213151026687,-0.011544409741601055,-0.008263017259050138,-0.01763345715370381,-0.04727521002484179,-0.06072457368738551,-0.06367036352955112,0.006222372722544309,0.017853432315265212,0.012287519686189918,0.009092352271922883,-0.008404154907710695,-0.01804355852011936,-0.03202894070580161,-0.04412971966272047,0.007677307985920337,0.037482582601296784,0.03128804223120967,0.028737941303068993,True,6,3
305,305,12.10808971887135,0.1838365370071943,25.235343383787686,0.7743831607670919,73.54691111668289,2.9433250359148286,75.96229100456694,2.9027552732338457,81.09159030829188,3.40959097463339,40,40,0,0.014500842746243794,0.02571892960924107,0.0425683420822828,0.04921160325840089,-0.00996741774074763,-0.045544594822136825,-0.011564534004932816,-0.0073572646816621595,-0.018088634523584557,-0.051704687186439335,-0.061842278905915274,-0.06403073308864714,0.006107093452094709,0.028426897337057545,0.010217784161138381,0.005633699286819774,-0.00881651368085164,-0.024122815350074697,-0.03596046374155071,-0.050889525557291364,0.008224488116843584,0.0353405068491499,0.03419275817688353,0.03032803561800576,True,6,3
306,306,12.089127433586476,0.17770506216568555,25.505726570433637,0.7645287938921751,75.42975351152693,3.495251327322383,75.03685823906689,2.453464191960038,78.86627583629003,2.7465325148103212,31,13,0,0.014760963769639915,0.02619441615094632,0.041955713923635764,0.0475689024482774,-0.010060143572007551,-0.04973022654591336,-0.014926736715493254,-0.008961423126755401,-0.018205755897179807,-0.05030312957473805,-0.060394045191344836,-0.062263808747098866,0.006105477500351722,0.04374658719804388,0.013844322728317586,0.009198553324166135,-0.00870574942363588,-0.023144476268600032,-0.028553999058565722,-0.04083502636860133,0.008061219267904506,0.035665303718376486,0.02875142300109606,0.02336130834851779,True,6,3
307,307,12.070185466260162,0.1723202293960342,25.022187378981275,0.7541309648254328,69.4514443619579,2.841363647540206,76.0905005339056,2.8657185169197077,81.42119481926176,3.4871094281778237,40,40,0,0.014236561578097297,0.025243983760495414,0.042564796964125254,0.04917237010289137,-0.010453884423305741,-0.04549122197523125,-0.012465902801248659,-0.009379018352283573,-0.01772417772778357,-0.046008620182116045,-0.061827207588996784,-0.06421466342672817,0.006104217929359866,0.027848229953156462,0.01040822018210782,0.006660710163920744,-0.00843832021830562,-0.022249653157389183,-0.03440793788398073,-0.05260876381652504,0.008048187250589794,0.03447769235385437,0.034776218626791734,0.029867709493947094,True,6,3
308,308,12.051176483593665,0.16772957539184902,25.383586038382937,0.746033105001086,70.24962934127758,2.8645412947231015,77.11576326214805,2.7579658266746088,82.34447953882092,3.5154238394335775,40,40,0,0.014544441545314325,0.025560108360803916,0.044422363694677475,0.051702568753420095,-0.01052083633007551,-0.045617176193075835,-0.013462014650043198,-0.010199166929748303,-0.017947079517812554,-0.04691230669388071,-0.061581399049091816,-0.06327270097566795,0.006180070532272623,0.03261397657475846,0.012109933904425257,0.011843386601793566,-0.008345937714857029,-0.020263055762177906,-0.03412849320827769,-0.05269950705824559,0.007854397880478453,0.032020381588496516,0.03171166869211427,0.029103618333686805,True,6,3
309,309,12.032324612178186,0.16405533840935538,25.505013228360543,0.7300724996374363,71.45119946202159,2.4905035755668252,76.16658570175419,2.545383413602582,79.32322554710485,3.008978223300933,33,40,0,0.014436507594590635,0.027184613526244877,0.04439619755871,0.04982137562826252,-0.010724779025970277,-0.04983986878183498,-0.015289855981909087,-0.010150072233375256,-0.01808513375936936,-0.04338499938688221,-0.05997121579427198,-0.060884979061848275,0.0062259738435827714,0.01531649927593808,0.010419761504026423,0.0063082531512874416,-0.008165489282610796,-0.015734221315910377,-0.029930581655478017,-0.047397096898506054,0.007544859354069831,0.037513485477498804,0.031131945392985354,0.021718932291938692,True,6,3
310,310,12.013561564986295,0.16132527125873675,25.3168620073762,0.717160191388554,70.78578144244592,2.678333938214515,77.15760857516568,2.6810010053928,82.82836935319543,3.398370634098543,40,40,0,0.014354033814759155,0.025778110472426237,0.04656079539773295,0.05386430399667422,-0.010676150368080457,-0.04736200799679209,-0.01574611051501076,-0.013812625775497946,-0.017914380493430825,-0.04585799901217793,-0.059476456658227365,-0.06138718835269523,0.0059171320115647685,0.027869619494405907,0.012516816332794648,0.006589609951891217,-0.007828342176040462,-0.018512245503854798,-0.035144861239775324,-0.053301093836959766,0.007770138679171185,0.03264576259995755,0.028243351241643493,0.025170886990691733,True,6,3
311,311,11.994799896577884,0.15955208245231786,25.34251152770968,0.7294622197635308,70.89889564543564,2.7960040872284373,72.9776821654101,2.4277784146996715,75.96901784853621,2.153826576970536,40,40,0,0.013943983732210882,0.025502236670220484,0.04163054714226345,0.04737064653977468,-0.011226248687575291,-0.04912657976806469,-0.01726482397642781,-0.013752570594068663,-0.017938214755450176,-0.044304271677236835,-0.05739830565386369,-0.05777698781807602,0.006370884950190662,0.026677414179530706,0.010842377526500106,0.003960146101135799,-0.007676217419086934,-0.016863778536207304,-0.019693035485692394,-0.02785074802964583,0.007910692070571233,0.03721985388543418,0.0359176166141824,0.02493519242043819,True,6,3
312,312,11.976055869000406,0.15877020281862755,24.069404697066247,0.708428790611816,73.26870602498215,2.9682816306212,69.37655652816669,2.386898316579712,73.00524189835988,1.9404797854051101,35,40,0,0.012001078224574566,0.024294183756497785,0.03784584343890458,0.04356038481095538,-0.011478367847621608,-0.055105890326853826,-0.02091248901652768,-0.01998015593443005,-0.017422899743541068,-0.04173052563131132,-0.05425372368084461,-0.0550731476183756,0.006392510686717123,0.031732887252946415,0.008809351557783346,-0.0011569265891363076,-0.006284375919225545,-0.011859106974472084,-0.00939500566264953,-0.012551425669995194,0.00851593697396646,0.039195368109829,0.03961844287375683,0.031434829275786905,True,6,3
313,313,11.957337288472123,0.15717027337954576,23.5372928615067,0.7392223366929108,71.86137883922616,3.0116000091299817,67.19002130355666,2.41735867401659,70.35135545212373,1.9255327115468626,24,40,0,0.01080331229098789,0.022164265675380865,0.03622506170112626,0.04147543944414105,-0.012280381032564217,-0.05543246152339816,-0.023644420384292705,-0.02016265987983369,-0.016925863064752748,-0.04000056631102738,-0.05141191741428088,-0.053127848473626275,0.006796486188394731,0.03556135761373059,0.00957767662590125,-0.001479854019369363,-0.005794433857436198,-0.01118998038706067,-0.004141001573370664,-0.0065542034526392574,0.009310767861414807,0.03705365488281194,0.04088018547350547,0.03292833451162928,True,6,3
314,314,11.938605116514497,0.15557957015125035,23.535991826383555,0.7104771404277362,72.76447214075111,2.9119002628254194,65.73596871468848,1.79035792334472,68.88275009447479,1.393479907899405,22,40,0,0.010612735676619616,0.022007817854188105,0.03200813099665464,0.036928432410975806,-0.011977727146847953,-0.057751633811039274,-0.021844324591118514,-0.018823801561182636,-0.01725823876024029,-0.03840668107731584,-0.053099177169871045,-0.055016257915556886,0.006588188545309546,0.030210396843873298,0.00858158716735853,0.0028342445080941545,-0.006059607914054778,-0.0108653074176993,-0.009069404601765954,-0.010550041084573596,0.008581434879438875,0.03939768794114366,0.028644673185364535,0.021729372047241263,True,6,3
315,315,11.91979168801729,0.1549621749943172,23.45028840822445,0.7086978988421829,72.9628180324107,2.7755930825682507,64.68754547503244,1.924828175795114,68.04897711588305,1.604091115112505,40,40,0,0.010258535062854776,0.022079559295775684,0.03128646016970396,0.03603023146477638,-0.012191409058478896,-0.05826783752574919,-0.02048482156386322,-0.01909898267278878,-0.017206046319881967,-0.037959517734132184,-0.052782648996906184,-0.05447673418971742,0.006650271432282035,0.029487928042752153,0.012949415684299087,0.00438659990555835,-0.005942152940667141,-0.009035892725219189,-0.009882885223671397,-0.015844100158993887,0.008570859552179866,0.03735722218005892,0.02938090599002307,0.022661329270339193,True,6,3
316,316,11.901102567655403,0.15533646353063527,23.878727000936628,0.707836868449858,74.28360765963754,2.959331947802699,66.28862523724236,2.2638154944833433,68.90968066969275,2.1295501882099694,26,40,0,0.010835981481176702,0.022731579207619094,0.03282002922330185,0.03843820998778933,-0.012301437619043612,-0.05918489933337973,-0.02377371769774406,-0.019910862350033358,-0.017362308055947923,-0.038710171332046656,-0.05245796283171075,-0.053615349140070545,0.006392396908056332,0.03421329014608271,0.008999429861871156,-0.00011810603988863448,-0.006193147630551568,-0.011414696977281369,-0.010110473655325669,-0.014981095380580529,0.008567705278220233,0.036971433153937354,0.03712021545265622,0.03401452569514658,True,6,3
317,317,11.884266452723534,0.156512109953694,24.260303426743825,0.7192243477868254,73.85291799783082,2.6335470344705922,67.09187871846083,1.9657687495860834,70.39355689285917,2.058303054225474,19,40,0,0.01100908113544701,0.023718858483011602,0.034825609448771784,0.04062401788201572,-0.012433754395911644,-0.05828813653553641,-0.025244716298605047,-0.023046722406059667,-0.017685140840066012,-0.03865439675214008,-0.051489818561510005,-0.05266678848655854,0.0063966930842228945,0.02213101774736351,0.009928378478167485,0.0015022410084432622,-0.006617666230996978,-0.00963823958882234,-0.009219448520492397,-0.016135072933632966,0.00853594902717486,0.039115442270227924,0.03152056395997968,0.0320616335498845,True,6,3
318,318,11.867312482826511,0.1584622477552274,24.099591962066622,0.6862496434578591,74.05477767306743,3.0536089773517343,68.90543700042461,2.5461819688983094,73.53429682855042,2.668438491785007,32,40,0,0.011157414576121202,0.023694931127404704,0.03675657580795933,0.043605075247174344,-0.01219933639942312,-0.05935178562727542,-0.026392426163383633,-0.02681649845572322,-0.017535068409572127,-0.037416919674512716,-0.051964923018355064,-0.05278982509283221,0.00624120518939687,0.03814039297217641,0.007569114594598283,-0.0024501470842463,-0.006690939018295063,-0.010170564609831331,-0.009298779747309086,-0.017461823416739807,0.007728828233767565,0.035808988180588475,0.042791224735377616,0.043106024295849726,True,6,3
319,319,11.850512056235468,0.1611291080098676,25.03846100692257,0.7269389567644908,73.50262771661701,2.909054737930398,68.107899057656,2.3226249806209234,72.15509252534545,2.543597634774259,23,40,0,0.012182065574535775,0.02423391616601489,0.03468583874141513,0.041559734158029916,-0.012663214657871806,-0.05694166308304353,-0.0278223221201577,-0.026968740703348867,-0.017837174733167607,-0.039661071516580534,-0.051589697582895264,-0.052457915503101894,0.0064042114926247855,0.031202379403299084,0.00919362433305466,-0.0014769973047046663,-0.006880800459461679,-0.013813101285435947,-0.011589047489969147,-0.018671998981521068,0.00852131238162946,0.037596076486320455,0.037741970827096925,0.04024941992671416,True,6,3
320,320,11.83356918251564,0.1645141305765521,24.96069148516889,0.7216671767968714,74.57585527966242,3.0199202977110957,68.8191277022783,2.1166744631351166,72.74546446654443,2.4501319218381417,20,40,0,0.011978383898635888,0.02370728775662285,0.03537306271651907,0.04210674521191503,-0.01294097908034892,-0.05946523727815393,-0.027408664750957785,-0.026759263029738266,-0.017665941781763433,-0.038254519384913005,-0.052283686445442054,-0.05294210470143242,0.0064897548860490565,0.036541283321711054,0.009311178021663874,-0.00037052381423781296,-0.007377549626520747,-0.012943212579784253,-0.01332775788338137,-0.020704535400284736,0.00788039755963185,0.035711257822889905,0.03317308463463809,0.037414541336401194,True,6,3
321,321,11.81664114884957,0.16853936289252064,24.907131111029134,0.6913657168732188,70.08954169508291,2.233101367651278,68.79644394474684,2.227814444629716,72.28770592126497,2.538118053767938,22,40,0,0.012357438543746744,0.02471560138262247,0.03421594318918571,0.03998654345127598,-0.012063128368773306,-0.0536654663269769,-0.027119584872645708,-0.02762175084892471,-0.01794825414289686,-0.037705445591189934,-0.05316717076780066,-0.05351287368679085,0.005764960763154257,0.019950327303552326,0.009229663787250049,0.002103901953162,-0.00773252206003458,-0.010505374294890856,-0.016574932618378054,-0.02200168475750717,0.007250955861473425,0.03179103563503449,0.033940375001452756,0.038390859053339985,True,6,3
322,322,11.799764629711431,0.17314910842029035,25.369347853303186,0.7248376091734701,74.96025707773009,3.083712657664597,69.00261284742473,2.375696857238145,72.23756887661818,2.697066358712479,20,40,0,0.01236411859015649,0.02459996980109846,0.035755717296888374,0.04206086701515125,-0.012894801385543199,-0.059811887392652474,-0.02797689805467782,-0.02818893089288353,-0.01801267551525422,-0.03790012867356901,-0.05196327968474225,-0.05152216996841412,0.006352349794962886,0.03571602783357051,0.00915902359265217,-0.0034378247069269383,-0.0075289508287848545,-0.010462969016966348,-0.014628165485941967,-0.016163790568640195,0.007937591797921428,0.038879108999844966,0.03770106295995598,0.04407665142797223,True,6,3
323,323,11.782809467474978,0.17663417904281556,25.767982085764164,0.7484023389600352,73.2518495003413,2.7466889529781198,68.04593163408032,2.4841001036392254,71.28711310565153,2.538491901588364,23,23,0,0.01195754005827352,0.023036754410744584,0.03434125470414167,0.040900720731334335,-0.013330790937005637,-0.05620787202231518,-0.029848536831711313,-0.02951978347189737,-0.01852825273793769,-0.040936738074286404,-0.05059636238210385,-0.05037425852920961,0.006209248897016958,0.030695616789981905,0.008153358964674956,-0.002476040040744848,-0.007972054486462769,-0.013765089383825342,-0.012456675245086632,-0.01294555578277434,0.008277054941013379,0.03415298942262908,0.04071944173736935,0.04229915522583305,True,6,3
324,324,11.765871380955684,0.1789871037913564,25.762116018311392,0.7420831363110404,75.4885014103208,3.14237481117927,69.50764698742022,2.586941964755774,72.91250989458676,2.8933232842674093,30,40,0,0.012104944291984207,0.02319202160930936,0.035174775372712117,0.042081505927889076,-0.013165780852621947,-0.05894420508904917,-0.02990782056699015,-0.03058477926181016,-0.018542361229617672,-0.04106366599890275,-0.05195739058247433,-0.05108769162406534,0.006054421665951933,0.0366438705576064,0.006488870204923202,-0.0037481250296523944,-0.007606474474639207,-0.013710899655092474,-0.01762378189676725,-0.01670734232784271,0.008557715438533458,0.038434211568554276,0.041059450895871714,0.047506484359247585,True,6,3
325,325,11.74874766246088,0.18194465446305363,25.738153002060674,0.7349036646739845,72.48576211647384,2.4680083579597407,68.0793804428143,2.3546770198033364,69.71291809985898,2.175195311170913,25,40,0,0.01157343683405269,0.022473456603909734,0.03133085805162406,0.03612861969987088,-0.013221975496709643,-0.05679828922111283,-0.030099555374133957,-0.027678495319999444,-0.018806579799902134,-0.039026706233463236,-0.05241370184890466,-0.05280638867978492,0.005637169428094706,0.02550411275024734,0.007530638441236028,-0.002550194023544547,-0.007995923529682513,-0.012873291686613669,-0.01903208764417061,-0.020291432441993128,0.008294958614277991,0.032237604993115676,0.03563736223003402,0.031985057089950045,True,6,3
326,326,11.731683504093688,0.18544754776916642,26.249560380923914,0.7830679564662727,74.67919307942189,2.6693349347562174,68.56425903756204,2.3330118768158243,71.26253284189488,2.375245105855439,21,40,0,0.010895887061889353,0.02178121409108609,0.03207993941741833,0.03755630214098171,-0.014460978690263762,-0.05866163336947156,-0.02857898777867397,-0.02816892556902649,-0.01900524034696904,-0.04075994801441175,-0.05343385220897968,-0.053613285562667055,0.006110734095747239,0.0247958857927591,0.00892948248296104,-0.000866035470282505,-0.007595862867568359,-0.013125041358368696,-0.024668637249617206,-0.030236472514797694,0.009578716204554541,0.03719412269026165,0.031140622397329978,0.02834771623780197,True,6,3
327,327,11.714502852871906,0.18950621439653115,26.299262509882034,0.7867330838572929,74.2457742089506,2.749131867606312,67.8526874242298,2.3474317047805364,70.07019135512324,2.525351933476127,24,40,0,0.010652423725155895,0.022528553041665976,0.02853496268226243,0.03306061031662831,-0.014472932824065803,-0.05862896532596373,-0.0280734709649016,-0.02656402470336711,-0.019201856493930507,-0.03959221780277356,-0.05478707259376933,-0.05577795580329687,0.005789895789084845,0.029272145205446177,0.0102390362072738,0.0003506913989187463,-0.007950961470117729,-0.010541026008531955,-0.03060759041241101,-0.03893037666936126,0.009581333369088882,0.036527295096925955,0.025237119956275773,0.02066326809271967,True,6,3
328,328,11.697290847838232,0.19406289765597226,25.43712652668372,0.74573517699694,74.39689153492162,3.0029298151164068,66.04906507492728,2.1351358794434447,69.57443804456526,2.2004455211468215,25,40,0,0.009190121395829016,0.019212856241427836,0.026580563439916192,0.032277169097191714,-0.014606700071218396,-0.06053197999717234,-0.03024060329169666,-0.02880066780757609,-0.018687787126728268,-0.03875103898900067,-0.05235893960961008,-0.05449136003189856,0.00574405388108414,0.037126146281741434,0.009752199572543484,0.002893021857012225,-0.006761901515660411,-0.011873890415077757,-0.019782761304228232,-0.02643788993287906,0.009522954534422836,0.03503675524167699,0.03003711775831419,0.027705846171384642,True,6,3
329,329,11.680162360722305,0.19905270059640393,25.7752011592108,0.7650601183382066,74.98271601824865,2.88179275474595,64.88133000931403,1.7863703575420666,70.53926654754804,2.1467167871328465,31,40,0,0.008109931756440125,0.017888377222777974,0.02556679104093882,0.03344865336993431,-0.01530222336187779,-0.06275392702488211,-0.0325509680569823,-0.03268832793472858,-0.019090101149204713,-0.03693722112943383,-0.04996359332754001,-0.05280576606428179,0.006075899159870339,0.02945047352956795,0.01165186998406687,0.005609043347535052,-0.006150217774064329,-0.007977392840736296,-0.013427517802062434,-0.024541381190563163,0.010176247852656249,0.03998494815516093,0.0256126168929354,0.0277498831725463,True,6,3
330,330,11.6628818875882,0.20450358540965055,25.917774632598743,0.7629854504996099,75.30523084454343,2.836363819780311,62.71898126238694,1.548137760787867,67.40111972518403,1.739442833013355,36,40,0,0.008256625717068441,0.018410625048481944,0.022831223920362603,0.030575602314148388,-0.015584641846639075,-0.06310470536410157,-0.03187087005426026,-0.028231280719211757,-0.018991527378976372,-0.03673857426172274,-0.048955627530186584,-0.05301922549687706,0.006109864673284286,0.031836666689288695,0.008895218355374544,0.003854079847477674,-0.005553653864269903,-0.00648897264457107,-0.010841544014686606,-0.025687657945762044,0.01044789633728292,0.03734909315855836,0.023095927837108104,0.015714943756241617,True,6,3
331,331,11.645627351044084,0.21031701263388225,25.537069860078205,0.7211032226430508,73.47245857714418,2.66876947278843,63.95388101316071,1.6372366171584136,69.25778635478076,1.8710401832899584,34,40,0,0.007493098513664928,0.016417515959119316,0.02634701340947695,0.03391514535887397,-0.015165078943070088,-0.061612790200830575,-0.03178781584146115,-0.028186660504679346,-0.01913153920502685,-0.03650385490288207,-0.048841258635253376,-0.05340333375028992,0.005666338241025123,0.02691614877924278,0.008477018378683962,0.005448683886541814,-0.005131452970491244,-0.00802370011778793,-0.013326899306178884,-0.025844768809612863,0.009997938293450869,0.037158136534987174,0.023813320477550803,0.01920317168223221,True,6,3
332,332,11.62821846740114,0.21653663062939194,26.20529587103422,0.7626429998096778,74.93855735427069,2.7153909697907177,61.936161404962014,1.0678457219200557,68.03810169857971,1.2571825571527757,30,40,0,0.007418841921577065,0.016675019111461287,0.025258755743034544,0.034176492633043815,-0.01607335181582198,-0.06286906193939815,-0.028262601940758157,-0.027607755065207785,-0.01932163755057801,-0.037218438532961536,-0.048982738586500846,-0.05195153986465916,0.006308074427746097,0.02610753541676675,0.00824622673727686,0.0057489351883828945,-0.005029049289868173,-0.007557257600689245,-0.008987860992923478,-0.0183543979877962,0.01058724551342183,0.03882440896090398,0.014091545814342292,0.010560117524786056,True,6,3
333,333,11.610900629082092,0.223061992884346,26.601390402267185,0.7508194444001047,72.94071332140841,2.426541492840127,63.02362976771446,1.1055589147370024,68.66815606490853,1.1600529335732386,29,40,0,0.0070298473049805995,0.016597623914504353,0.026490648609824738,0.034402380173104714,-0.016061298189896808,-0.06007672496142323,-0.03018362806219108,-0.02862746652936574,-0.02000624699082032,-0.037890020561330735,-0.048571308838984834,-0.05207936305188314,0.005947922655066921,0.021156622696705426,0.009919811250076677,0.006919226053826323,-0.00558086192666061,-0.0059124257408544,-0.006110719393834593,-0.015142615480081048,0.010256613718982878,0.03620855519094168,0.01538110195404248,0.011521984072645763,True,6,3
334,334,11.593750997335198,0.228750772700083,26.13626505985525,0.7558443296765164,73.46982249711438,2.5276037871919215,63.44489359287524,1.4594197246878315,68.18324225788169,1.375894194542439,20,40,0,0.00687600834113237,0.015721010647888084,0.026182285730114892,0.033667134176051224,-0.016352300492301963,-0.062420826887330964,-0.03212593331327639,-0.028248447033467083,-0.019194455688587513,-0.03541616880279888,-0.04803818112406841,-0.05212968292025334,0.005913558079465455,0.024725998288099064,0.009569775952911983,0.009369493601683905,-0.004946676750695534,-0.00722067686571635,-0.00546855926445495,-0.016340209271720824,0.01070459481273722,0.03581369555253592,0.022963464403755775,0.014895528468306742,True,6,3
335,335,11.57665113431112,0.23407647972408974,26.13260786918004,0.7382694617261562,71.1112310152336,2.2137952801778913,62.74976659867901,1.1240322687518578,68.00509739824881,1.3940695824836131,30,40,0,0.006557174010277797,0.014746877249684619,0.023685063565998837,0.03178540752728751,-0.016281234736479994,-0.05944370336632842,-0.030934312531014314,-0.03131581804115645,-0.019360734967942335,-0.03613561841148717,-0.04918962573853167,-0.05131959353777797,0.005939928909763093,0.020637329835257838,0.007987088139701427,0.004719773023504643,-0.005005787140228888,-0.008582543990380324,-0.013098733082928719,-0.020665443688761824,0.010280494437142546,0.03151724738982646,0.01222693949126551,0.011944279473238537,True,6,3
336,336,11.559760341945246,0.23967453989510845,27.020210746256925,0.7683597859046547,74.38197246383162,2.405425988122802,62.05084793868852,1.2900163465007584,66.92170923346393,1.4150168014222442,26,40,0,0.006530526631733347,0.015243760092071668,0.023932163131561913,0.03155740091779257,-0.016990941776225007,-0.062402277557855435,-0.03165398683923557,-0.02998796101250406,-0.019968773328406818,-0.037500151485799896,-0.047703086010614196,-0.05082684141626873,0.006069352716937508,0.0230929328021654,0.009171056354514906,0.008735321754975064,-0.00498231367180623,-0.008471373960835967,-0.00907689730443609,-0.017284317885989952,0.010870995979566749,0.034021923322137895,0.01845070068973019,0.01532558665853337,True,6,3
337,337,11.542823917456507,0.24558629578352736,26.552318503888287,0.717695048032038,70.45606054085957,2.094649753099428,62.98761304800371,1.3027469233449482,67.69874224546481,1.2913257640146,27,40,0,0.006039922438140914,0.01439394432792053,0.024347207920815735,0.031539211134036876,-0.016394216079492874,-0.058658719711923844,-0.03140607961151454,-0.030071959848874442,-0.019994365056486975,-0.036277064867212584,-0.048870349163688466,-0.05180806012106812,0.005496905123711985,0.018352071429431325,0.008245402435142395,0.007349975630573475,-0.005268367043834582,-0.010340959698797149,-0.009665242011375004,-0.01647807747592259,0.009946485131529957,0.02987963350557773,0.018856769376686365,0.013505818735045637,True,6,3
338,338,11.525984127442571,0.251735278636882,27.616279882005433,0.768748637509851,70.54545216270999,2.192197308785428,61.787996390978705,0.990524960344706,65.49734834570067,1.0871725833065087,33,12,0,0.005498492760468167,0.014312983460404886,0.02350768685592522,0.029070114101993214,-0.017549029781079452,-0.057463988600888825,-0.031608173399916124,-0.029145822776032733,-0.020602355341735164,-0.03833652748202815,-0.04760324076169807,-0.05094459854708098,0.006297944327850132,0.007596016053441313,0.010275852413762027,0.008747187864867481,-0.005506106111754986,-0.009796516307922824,-0.00849039146234888,-0.016831565327530957,0.010489986188353373,0.03619720415861044,0.011008739844195436,-0.0004753035926676802,True,6,3
339,339,11.509149184879652,0.258121772754172,27.573136495108916,0.7577807390607035,70.53354190877839,2.1496966622911367,61.86039368781185,1.0877870333066124,64.89957175831076,1.2651979357239425,28,40,0,0.006131941840667957,0.015456491536870112,0.023249480051411753,0.028204859558881048,-0.017455968569942214,-0.057437714848923606,-0.032331577806047895,-0.027907020802621946,-0.020444224287699507,-0.037907602357598415,-0.04733750163582305,-0.051357944873193166,0.006052981234830754,0.011650783037918788,0.00964747591969572,0.008917667558407748,-0.005052886130293611,-0.010481512901131532,-0.008531705161936548,-0.019637797889930846,0.0106184143377619,0.03408949786244969,0.013949340764031929,-0.00473720037347661,True,6,3
340,340,11.49225631503409,0.26474701129335526,28.101526863961933,0.7549394525029416,73.72793684916084,2.5653292527967158,62.90133907663684,1.2143982933872213,67.02355807610874,1.0881638523605972,26,40,0,0.006028714016645751,0.015764459002026547,0.024158216311963954,0.03092803615630668,-0.017631050288586206,-0.061908477267166195,-0.03312743220067468,-0.031171829466783,-0.021035600421970783,-0.03680531139479792,-0.04770253953457931,-0.05063527391443149,0.0056929256019342565,0.014160758551726379,0.007794845824607218,0.006221229241770337,-0.004839599297329574,-0.008587864747084378,-0.009169131373775216,-0.016761050663576384,0.010852675817099599,0.041597867640412914,0.01744723398608387,0.006407897287651804,True,6,3
341,341,11.47537269428496,0.27156604063372386,27.84149618860035,0.7535369566299192,73.7063463222939,2.2006729733680186,62.08257188371124,1.2957528574582937,65.67821341162934,1.2022463216224124,29,40,0,0.004939913927099444,0.014748942690256584,0.02254103502955227,0.02970031121798304,-0.018100931960780248,-0.06294973112962046,-0.03383104262485412,-0.029632445962371762,-0.020569453628229914,-0.03538962458701626,-0.046921296086190695,-0.050531548331568026,0.006018689644043226,0.008455028677575433,0.008061362152745253,0.007674227319573449,-0.005053724010801272,-0.006837910124754588,-0.01052823900428279,-0.019439074147920392,0.010545258930343325,0.036837561297161814,0.018319819828260645,0.001876565418925634,True,6,3
342,342,11.458464888482618,0.2785806684703064,28.2062781975116,0.7633407306279437,76.08182398737303,2.2032101219258573,62.820360176134805,1.2796283264322081,65.43360935833779,1.1800699002326795,30,40,0,0.005191966013808078,0.014554382421828426,0.02531899173332474,0.031041335349186034,-0.018501343560865868,-0.06603237407733978,-0.036078938741172545,-0.029277011649439112,-0.02064795159597405,-0.03487605865454191,-0.04476222167830654,-0.04960694832659566,0.00607839356948238,0.012306634374797626,0.009106102685239894,0.007770989969955999,-0.004862860136490614,-0.010618319682811411,-0.005365485780888955,-0.018995683305440006,0.010812167417506317,0.03484898948534184,0.01967449720264953,-0.0017248995683715226,True,6,3
343,343,11.441595217664103,0.28574550614107247,28.516491641283853,0.7606943148633969,77.18717607290382,2.2403420458889767,60.938649112326246,1.031883347626166,64.584474310037,1.0256045874743047,32,40,0,0.004614682524786749,0.013123883851280129,0.021679558742241284,0.0288455129750797,-0.019075697034189532,-0.0681567752538315,-0.03329746428125032,-0.030671051656523885,-0.020688469817331887,-0.03376799978924227,-0.04620383707892439,-0.048973230375289535,0.006532694257445988,0.013130220714661587,0.006491715673615182,0.00469883980681042,-0.005326568769229624,-0.011690580734126255,-0.009418063132363631,-0.016894176047663783,0.01025769077392329,0.03492624818805645,0.013910759813737357,0.003595003796412191,True,6,3
344,344,11.424719294705232,0.29307967673698454,28.73962111944267,0.7915168810748783,81.4784594548853,2.673738771226813,60.952801377163375,1.2864157785570256,64.54603660968068,1.173167549867326,31,40,0,0.005279140765771621,0.014400036043176221,0.02132906654351297,0.02842580788245278,-0.019266337542782407,-0.07328088410733817,-0.03480754579039512,-0.031092426026431096,-0.020661673033708007,-0.03257745142799671,-0.0452631160234895,-0.04890220170952464,0.006183313000281028,0.021725654599164652,0.00853203538891453,0.007016372178864684,-0.004553819571062606,-0.007164834056395883,-0.0077360149427597785,-0.017899897119679164,0.011483547723465902,0.04067350692570442,0.019273279961732778,0.007043854872779238,True,6,3
345,345,11.407809275210605,0.2996786370976344,28.578399726387946,0.775330168793179,111.91278813647061,7.450620658247061,61.21753704225139,1.109113052439431,65.31803997785917,0.9636210254219647,26,40,0,0.004874246583237453,0.008945672275912206,0.022221324180649295,0.030416950001338157,-0.01982212276161797,-0.11035139094265965,-0.03422372967361031,-0.03149147568562981,-0.020001252470541825,-0.01634067357947111,-0.04563481040177068,-0.04847207916220111,0.006722158538707551,0.08691927779672827,0.007837088280188266,0.005903536936026656,-0.0044872042997199536,0.0022840226488744578,-0.007325722777831379,-0.01568191518283855,0.010853310307290163,0.09669368071526477,0.016113143602087994,0.0014432631975319914,True,6,3
346,346,11.391020865332395,0.3052216130941786,29.605762688593472,0.8585217104461054,138.38000565424866,11.57939871250863,61.46220413812153,1.2018461342162474,65.35935086740662,1.0017346795214963,27,40,0,0.00552370219855715,0.011537526038736479,0.024331150766288247,0.031033749221481544,-0.02106439336244791,-0.1378617071197196,-0.0348306154635103,-0.032656858047526285,-0.020056949685010147,-0.003171934395919879,-0.04441200137730061,-0.04735272724490827,0.007201394014811402,0.15695181346106066,0.008093072001325563,0.005534132013272209,-0.003924267473370832,0.01692136552036907,-0.006225242010039928,-0.013624256607299906,0.012540383585777788,0.12618895781403094,0.018323437050153588,0.009456647311445535,True,6,3
347,347,11.374097393572296,0.31100887105372904,29.0945306627026,0.7731581499267833,124.07609364062166,9.706757951825889,60.20682637483695,1.1579744406911832,64.1293303434829,1.0718560230725886,29,40,0,0.00484588791209282,0.009409921807271009,0.02385231843424817,0.03054802496651752,-0.020305002464983676,-0.1233839880780725,-0.033759556469675496,-0.03142777753918806,-0.02026612838514997,-0.009095156438864743,-0.0437746638412196,-0.04681542459377984,0.0065533399578857725,0.12986788329078505,0.007932759767081,0.0054145482469606715,-0.004290210454167864,0.01171511209932241,-0.00872439552099395,-0.01603471092041772,0.010988178119968849,0.10815957017624345,0.01641399425000864,0.00797108229412105,True,6,3
348,348,11.357299602658989,0.31693794245450746,29.461824972925886,0.8134661320375107,137.51833956325635,11.367030749069034,59.868301645876116,1.0703105710713121,64.05184688576118,0.9094009746253373,40,40,0,0.005100577627452752,0.009699105723030125,0.025344007489087102,0.0325882633554266,-0.0209099122313754,-0.1371682976531127,-0.03402746564297084,-0.031628477940291826,-0.020118618468419378,-0.0014419373618986004,-0.04223773677969913,-0.04516949816120197,0.0068164153552480065,0.15216325952636853,0.007371718644555002,0.005613391482545477,-0.0037305079142358455,0.021061521757838583,-0.005700264096480083,-0.01226019463475922,0.01188248327685051,0.125547541400265,0.01619023539725022,0.008372523892272,True,6,3
349,349,11.340289902826385,0.3231087910033144,30.224947070182143,0.8468242594142142,111.00588381489106,7.4221232794101075,59.21442947050706,1.217142922825295,63.61901573605391,0.858011292909057,28,20,0,0.005192217114126032,0.013923343504339712,0.023696145685300464,0.03197934027309098,-0.021956861567282184,-0.10976184914926611,-0.034920137798285907,-0.03268330564036246,-0.020111800937516643,-0.008987948515596093,-0.04153823916979866,-0.044232369271165965,0.007098512216174878,0.07257335234043558,0.007547514975815224,0.004704523828357213,-0.0032851820887502946,0.02652901496983437,-0.0023932909969610937,-0.007751021659171504,0.012540466693380284,0.10397142930259877,0.01971239864396597,0.011918196177066598,True,6,3
350,350,11.323329370259748,0.3294233128662082,29.935415209673028,0.8148439692322712,102.60346908931454,6.551325587608819,58.444438087510534,0.7892686049715384,62.62850576535131,0.4633038457014612,28,40,0,0.005002243561220127,0.014124439627191843,0.0229610240087918,0.03034881115159983,-0.02143760020034582,-0.10112805253193086,-0.03477009745873998,-0.033409559453669545,-0.02028634863103481,-0.01005430581784599,-0.0409827285883,-0.043417516432851064,0.00643011245585142,0.07351695935687558,0.010024327008876878,0.004753666847904436,-0.003287969743865698,0.023402975140594993,-0.0017650106638002502,-0.00455326285399504,0.012251528412731036,0.0843901449866385,0.009282105518866136,0.00469645783171107,True,7,3
351,351,11.306331565916857,0.3358952891436132,30.346257678326705,0.8261006486932532,98.53530532728225,5.9170443149520615,58.86428606718749,1.0446063275824597,62.58528132144241,0.6052533700089421,30,40,0,0.0053071511079739,0.013138866339776293,0.022348198847800985,0.029636761703687536,-0.022212419532025414,-0.096208152518478,-0.03525299651421752,-0.03258839359810674,-0.01998344116336898,-0.016750163468680152,-0.041506486471723884,-0.04445870439517781,0.006873153996915553,0.05767451348634874,0.010643503951999065,0.00442341685734473,-0.002933719331075408,0.018354553421679576,-0.0021434873961638443,-0.006791933879460381,0.012330322463249704,0.0836770415552878,0.014646519680553685,0.0067745123091770085,True,7,3
352,352,11.289300318769316,0.3425199625062006,30.54055526057733,0.8391248081144624,61.3751921675171,3.678489561483049,57.36069694724126,1.1139327520070226,60.63548625287906,0.566385804608813,23,40,0,0.005125427086445977,0.010995696476432818,0.021574899719822856,0.027942380189477263,-0.023179057080502448,-0.02074044612956062,-0.034838017817902786,-0.03174819570503096,-0.019214234974744976,-0.05670840120250799,-0.040138332935889705,-0.04345040450841451,0.006906136850074183,-0.04156764093888919,0.00667155785489655,0.002524838262083808,-0.002504887262073618,-0.04767175416040215,0.0025975200257208524,-0.004093781929943344,0.012669696623556525,-0.011018182401027567,0.018075579271166528,0.008636274691618312,True,7,3
353,353,11.272332695236774,0.3492521947781912,30.9862252128598,0.8214141722280797,58.80896527941541,2.640125279723855,55.81122940055834,0.8104445185380811,59.01200900603553,0.4000462331989443,25,40,0,0.0047468599414323435,0.0133896637509142,0.019596785737269796,0.02625847598802435,-0.023727691156891946,-0.0242081357729542,-0.03341529524643122,-0.030670916431349414,-0.01935484812654558,-0.05189583282182835,-0.04017807063017235,-0.04303724585723332,0.006980625656356701,-0.033281744704223765,0.00853144521474412,0.00317706266290079,-0.002973278348328276,-0.03184025650643757,-0.0012114253136464798,-0.00604326090951548,0.012163976538336441,-0.0013366398815151184,0.011217210066533145,0.001461275122191689,True,7,3
354,354,11.255308166159605,0.35612956476579427,30.819209920500978,0.7915736925161115,63.176874842548706,1.8335736579574884,54.97795612607965,0.9543985110196836,58.0641862005606,0.5994809331954284,24,40,0,0.004750651553112179,0.01348939032509287,0.0189077877812716,0.024770419341202193,-0.023540939889201057,-0.0387939823133889,-0.033639310768137184,-0.032751120141343446,-0.019315257157952657,-0.04800396650066349,-0.039159519814014894,-0.041051676875392754,0.006167198687866031,-0.013703343785709407,0.008185446772913121,0.0018223281627920728,-0.0026062062550575712,-0.02764195963876841,0.0023034813705413173,0.001446152907172929,0.012084835395646988,0.008500698454125238,0.01432345242289927,0.010200998719915413,True,7,4
355,355,11.238413061534622,0.3630744086012955,31.24055304412102,0.8197525442008378,61.37402454826449,1.345201056141065,55.59689374603637,1.0021846614077619,58.7607168679043,0.3655279763208413,20,40,0,0.005165767275952196,0.015664155491889167,0.02299289732218487,0.029020268002702573,-0.02439942074272295,-0.04191553683918791,-0.03445864633338552,-0.031302581019468194,-0.01881369900824454,-0.04200586736944699,-0.0370802232977389,-0.04038309440101092,0.0064512669105072145,-0.016457726001236857,0.006191453836170809,-0.0003962617681411942,-0.0016826411931422118,-0.011682389625865047,0.0074597331709255485,0.003581643296529126,0.012659029325071085,0.011995429014292562,0.014559125176450563,0.0052644995057648985,True,7,4
356,356,11.22153690484316,0.36434435874556126,31.190499214646188,0.7874343508036802,99.55232660543729,6.298543175092044,54.882031573131094,0.9752183549132305,57.88878748825001,0.2938278423042958,24,19,0,0.004126337938759355,0.012945407328769159,0.021765904054906044,0.027541371362745187,-0.024613212394629883,-0.09864760832076891,-0.03538486739933544,-0.03219728703633327,-0.018708563603089295,-0.003425132733204492,-0.03586354652566072,-0.039445142765860225,0.005984637064863527,0.07523663277226268,0.008563003716424785,0.002967890837169406,-0.0025977924699642843,0.02654484354174368,0.004552339239213999,-0.0029740285904887773,0.012096052862915832,0.07562734196565843,0.013987774222412236,0.0029403847050307554,True,7,4
357,357,11.206308398209558,0.3623380423681743,31.917625710394297,0.8190012331886375,97.38599441626603,5.411275334897506,53.91152286136222,1.2112347914046049,56.892856905084614,0.21430776299115908,23,40,0,0.004439000348954354,0.01654588262206667,0.022990229615875414,0.026795773222606845,-0.02558402109256111,-0.095457601565468,-0.03349523358832594,-0.030449590044481833,-0.018560387162615835,-0.009905149169505335,-0.03543968067440772,-0.03989493915709175,0.006576999603369346,0.06011177085245637,0.0064593294326654414,0.0023282597890885858,-0.0020548325141914537,0.02383430272884105,0.012504141939065393,-0.0007697330728226958,0.012523850844921075,0.06883515142242794,0.015774174549632678,0.0028243814449998763,True,7,4
358,358,11.191081725831378,0.36051484050194116,32.05284407053321,0.7918009491984425,100.49231683683338,6.479372303674273,54.276616671246856,1.0146629594046963,57.596044708223374,0.6155019050048596,25,7,0,0.0041816338803622,0.01015886209231043,0.02169203753359323,0.027066559645071327,-0.025713573892944108,-0.0994230145305326,-0.035217079071855804,-0.03323859448023485,-0.018673801668450535,-0.010515105605053516,-0.03514489958109584,-0.03846948858498075,0.006288750503709424,0.07591622707507732,0.007500661342501627,0.007283391474706243,-0.002080222784745493,0.019160231419478417,0.007346557351359334,0.002722453211656022,0.01212863548571176,0.08159743486594195,0.014261285828612295,0.007412321562803582,True,7,4
359,359,11.175960621379533,0.358888963848414,32.53917876638187,0.8170120312544735,86.53518485064156,4.760605495044455,54.6009756343658,1.2123431371523365,57.570508707381606,0.6564937369238928,29,40,0,0.0040847329044320395,0.013192380728315108,0.02212141809466556,0.0250068302091925,-0.026506342834332973,-0.08332715841798252,-0.03487924879499267,-0.033461350953906954,-0.018426255762873055,-0.019258348263501944,-0.03571200645724927,-0.0396151474571885,0.006305788920891343,0.050671465044331884,0.006710493466987549,0.00862838073076841,-0.001935158344829868,0.013352548931401562,0.011903752290562916,0.0016443997325665642,0.012642268535386527,0.06448075480043708,0.016155163129323247,0.007357461358566587,True,7,4
360,360,11.160709919413543,0.35744056010572495,32.34814506543527,0.793790133462892,66.9250374744422,1.8991991018822276,54.2099857518999,1.1232114608754455,58.42387004330655,0.726373163164966,26,40,0,0.004405254129899734,0.013180043446843249,0.021508193926229748,0.026450946822186575,-0.026275228770661498,-0.05569308928348388,-0.034402600164964534,-0.03277839729166294,-0.018346895603203503,-0.03469188524362303,-0.03595248602172687,-0.04048793244952049,0.005661280334295866,0.018680880674306257,0.006028821928274138,0.006197969290813242,-0.0016547667795270065,-0.018364212936827287,0.0075542800697292025,-0.0035274483016547002,0.012536025434813204,0.02031064707726907,0.017055577086251168,0.010481598659731087,True,7,4
361,361,11.145445319054144,0.3561815441260158,33.01116318094966,0.8141083554271731,63.243242644140814,2.2630801931343827,54.633889510302055,1.3393249345191491,58.4493048292375,0.47383092092407186,28,14,0,0.0040330336579594344,0.012713050199165422,0.02226730139936505,0.026361958681858085,-0.027279820741658432,-0.044337230566116395,-0.03520179701991505,-0.032636525723873204,-0.018146154258575978,-0.04327003675184717,-0.035353396696532965,-0.04069675119898511,0.0060724128595534025,0.0157530656989529,0.009732968770675313,0.005039721641280772,-0.0012341874095692868,-0.035842237035027105,0.01342424443918188,-0.001834816880292556,0.012786500939440702,-0.005223295567885096,0.01647662136374158,0.00629492324886706,True,7,4
362,362,11.13019715124831,0.3551124380437283,33.396586734388016,0.8025372397062878,66.25843521682772,1.460511056364282,55.464248400373116,1.5507355006252812,59.02175216554054,0.6680945070606982,33,14,0,0.004007702709026131,0.015704652375544803,0.02209825138264299,0.024959317960061303,-0.027659304590108374,-0.055186096124626466,-0.03703047066334461,-0.03479025171905651,-0.018282045675885837,-0.0331366704071085,-0.03488114646766907,-0.040623122245634156,0.005946803463334513,0.016964870452157037,0.010585057621431122,0.00784234558610143,-0.0015542867136432255,-0.010612101048066733,0.015380687410186836,-0.005395986134690345,0.012586240538966587,0.015790935037024466,0.01959410802520269,0.006734019380872968,True,7,4
363,363,11.11488215994884,0.35351288477984755,33.287987110978584,0.779134648996326,63.20590334166368,3.121495963030716,54.70704323454731,1.3095575907748902,57.9054145542812,0.496712898791685,28,13,0,0.003450474135682209,0.010690220585968111,0.019793259897704224,0.023563644910243518,-0.02762074314574808,-0.03343887320218594,-0.037010452541612365,-0.03448760353602893,-0.018255926769580204,-0.05255993873690499,-0.03509008185732289,-0.04010482359503406,0.005432635410023738,-0.013094408607405746,0.010254556537390155,0.00553380128447739,-0.0018983085247250018,-0.050424881665660795,0.012229318202978186,-0.002514768082638871,0.012320760772290277,-0.015936744041046343,0.016361197219973457,0.006181369014560222,True,7,4
364,364,11.09956588497063,0.3511296515748706,33.51590089683197,0.7807363299230776,70.05678356780803,2.863048222974267,55.831413855772574,1.6698912581721337,58.66670225783452,0.6149372268309895,36,40,0,0.0029544204970249344,0.01331995708328656,0.022199996610244015,0.023980101643407043,-0.028406024389843503,-0.06271843575872807,-0.03795769417781875,-0.03463549932159824,-0.017540946120909128,-0.028229939481770043,-0.03440233097252122,-0.04083036695554966,0.0057210600440042655,0.033576851314249034,0.010712172731630498,0.005920429689259889,-0.0019348381112615073,-0.004038935434080548,0.018674920874635483,-0.0028557022185157327,0.012214957352751795,0.03678647567877736,0.01964519215969167,0.008484331565768985,True,7,4
365,365,11.084338610043716,0.3489394486984654,33.98886870818232,0.7787420700563037,67.96445313347877,2.3264181320257227,56.39019563304376,1.46466693179443,59.18757042866369,0.45946656374470013,29,40,0,0.0028271786272267216,0.012741561648208949,0.023609967310359022,0.029404917746178753,-0.02887926772215096,-0.06032318540164669,-0.03876669018167746,-0.03438083029499604,-0.017698535332171916,-0.028599524462764807,-0.03345993633428729,-0.03816382860530594,0.005597987148214108,0.020691967584524528,0.01140602208735255,0.006052449682814456,-0.0022942829788892153,-0.005074205768414166,0.01528592726520804,0.004171750320634807,0.01217089780662498,0.034565182028196806,0.017021262300843613,0.0032049945941724613,True,7,4
366,366,11.068980680802412,0.34691124927960765,34.41379110977041,0.7835374590622165,68.404003321515,2.3525868801408887,57.62328559512348,1.9043603122085138,58.92019381921616,0.49152043900082854,30,40,0,0.0029224452241139484,0.012050890363373791,0.024131950408292,0.027177789349400974,-0.029412935585295844,-0.06024569515798081,-0.041033346347790815,-0.034930173236587696,-0.017625196529803683,-0.030072245123891683,-0.03247085616011907,-0.03889524396935385,0.005583070802943648,0.014389001822871604,0.013372701767113346,0.006714013146114808,-0.0018188404344457523,-0.0074061507067781866,0.020760993282288448,0.0041114836856046034,0.012350514229153016,0.037736731955074106,0.022245762407750377,0.0034074866431928665,True,7,4
367,367,11.053613005453643,0.3450665488554101,34.68390509231003,0.787125995267825,70.45063590134025,2.9267214243026785,56.51263768401173,1.6582788034687348,58.93008915180867,0.5408020893511628,33,40,0,0.0021475586351833486,0.011197361839644527,0.02419126259265113,0.02603603538733376,-0.029852180166478868,-0.0638124570111838,-0.039461983156130996,-0.03558703536049112,-0.017527367277172714,-0.027674564439772186,-0.03242241381456683,-0.03909530896412992,0.005640753731571768,0.03488585785683509,0.009117781585035697,0.0060585729832855605,-0.0022873524825916475,-0.00668885813649679,0.019291089937295922,-0.0016343057162961849,0.012315880729691807,0.036708268984803644,0.01955463819649239,0.007050762415240483,True,7,4
368,368,11.038188806140658,0.3433987782049654,35.15332750062976,0.8029636027461199,72.70069091681225,3.030175312810196,55.64402292343346,1.7351956913594517,57.42523840979827,0.6153455885041051,30,40,0,0.0021028720186011094,0.010570698571334632,0.020622001050963356,0.02071319128157937,-0.030372774076474887,-0.06674363149299721,-0.04015413071449466,-0.0363069802390389,-0.017573530053444922,-0.0268130275542103,-0.032536689234169656,-0.03937543522650783,0.005534597789245931,0.03270275659545496,0.01000387871239718,0.006672610041668861,-0.002286092292943514,-0.0066956304982964555,0.020145503064298582,-0.001215388064772142,0.01267060604212296,0.041020530788695664,0.02027942186790202,0.008327217540452118,True,7,4
369,369,11.022659831690984,0.3419025290920306,35.36847972705855,0.8115456846917783,78.04606635023082,4.362843933262629,56.41226540578543,1.9121962539905744,58.80405132200763,0.6460166248628619,33,40,0,0.001776516589070581,0.010300091970034071,0.022652295689414157,0.024019354529226326,-0.030923075552016836,-0.07355905192201977,-0.0414372040064875,-0.03791778263148203,-0.01707444714819098,-0.02396168730467599,-0.030857338063042014,-0.037989851542120055,0.0056036225039253615,0.05677073377705818,0.008821787969873643,0.008440905199307683,-0.0023068058141790066,-0.0043774826308120365,0.022829630467531226,-0.00021805368742969488,0.01280238428915028,0.05055821828745766,0.02268955605517959,0.007472070544467336,True,7,4
370,370,11.0071467470762,0.34060086282131313,35.6958293580724,0.8021715203439194,75.31481720215899,3.553569919923868,55.21778040276879,1.5454697840212397,58.71036598113754,1.0676019395946892,36,40,0,0.001378752898737158,0.00948784072368603,0.01994282901735273,0.022776954447445603,-0.031383041623016944,-0.07072646902535754,-0.040553631727105764,-0.03916606317653848,-0.016952757076441383,-0.024084624717892727,-0.03172837526781527,-0.03733814289690231,0.005575198001991497,0.04527641581356373,0.011381646326320187,0.01219476350386562,-0.0025922071348898077,-0.005685768418664267,0.01640876025226174,0.0029800043073040083,0.012578258511186012,0.042004572228805825,0.018132356994218432,0.013769615187286805,True,7,4
371,371,10.991728619217772,0.3395025708078337,36.1286931240576,0.7978682214095495,76.29587213861457,3.511143986754814,55.0591912706957,1.7941910237226726,58.29321634102627,1.1174637942156602,37,40,0,0.0009186895050376327,0.008980107945009618,0.022239724243659782,0.024411727815419504,-0.031811675668343836,-0.0708868746639745,-0.04033845131914482,-0.039003915455046174,-0.017101338182076906,-0.026748247925084134,-0.03016154097724466,-0.035789121190987296,0.005709952533289175,0.04377905389031951,0.011905959234842995,0.013530243525396293,-0.002998937003598136,-0.012708390263957045,0.02136365304992808,0.004434489972249528,0.012341813030395488,0.04095430437886552,0.019556148059562857,0.01332858947141967,True,7,4
372,372,10.976243381814104,0.3386010799909178,36.72355273702348,0.80522101092677,74.77012003165078,3.3858451525556,54.086460543092244,1.651210753983012,57.54811262638339,1.206137648072272,40,40,0,0.0010524169636461226,0.010652365422646241,0.01949489116534952,0.023085996797304453,-0.032473774741050364,-0.07040135779686349,-0.04079776869223549,-0.040165472130162104,-0.017116240773928555,-0.02281987687977049,-0.02967888984220098,-0.03414025288856144,0.005613913202838425,0.04026591307955999,0.013385135768891955,0.01652114529239752,-0.0027557427022030347,-0.00512604310403259,0.017970056712307128,0.0041245145925206134,0.012585625543842384,0.042947619289493554,0.01812329079967704,0.012376906725896504,True,7,4
373,373,10.960737536019003,0.3378900376782245,36.50833728811272,0.824960027341709,74.26463454180906,3.44530454162582,54.00911669107167,1.5717532094274376,57.503916718320255,1.427264825777418,34,12,0,0.0012010767218419037,0.010488963290657271,0.01983862153989966,0.021264447568751364,-0.03236188938949756,-0.0683586628057945,-0.040957527710508326,-0.04050189795290236,-0.01685598473518462,-0.027061241880582464,-0.02908426902965533,-0.03484422433856175,0.005540591340400989,0.03815100189737658,0.014518078131095688,0.02061931873802832,-0.002641168635551161,-0.010705805298922635,0.015468472753215718,-0.00154596605329645,0.013024446884956544,0.045229781616526306,0.017391984215302397,0.01389191220306248,True,7,4
374,374,10.945287000755352,0.33737781455480087,37.18330876731593,0.8092502690632655,75.40445365363057,3.39297549535508,53.05573709161854,1.9041296965490702,56.58809776117377,1.61112687624996,40,40,0,0.0011854631134272753,0.009436159588495075,0.021413016425709214,0.024400513218766563,-0.0331414531867381,-0.06992085181550277,-0.03920914453841123,-0.038653513469138694,-0.01681776467796788,-0.02660573254803324,-0.028618821611890864,-0.03335766267861212,0.00558568419466345,0.041201988914104204,0.014205727028448613,0.019101567904360996,-0.0022733616671398458,-0.013234413999742851,0.02350237070860903,0.013123819759249793,0.012771908305600333,0.04042385745094598,0.018716043537333762,0.015924822640340102,True,7,4
375,375,10.92987731554888,0.33706659029314173,37.67576090043056,0.8218044933040667,75.74185875046547,3.4801377364286443,52.71113766599989,1.763297839422552,56.458797365787525,1.7727493802587984,34,8,0,0.0009920208763619012,0.010407266831278841,0.019930657498211247,0.024080758063419094,-0.03382049743560177,-0.07037931954771921,-0.04029327327915196,-0.03976264574609351,-0.016572652389274578,-0.025985945125741577,-0.027526079528050612,-0.03204129982308466,0.005811864080286466,0.039852725302463206,0.016924368570633806,0.0237730777192577,-0.002408732410860006,-0.00991647544071881,0.018805022664048102,0.010857038324319803,0.012889820184876308,0.044752146622211206,0.017523105399001936,0.01656105352764705,True,7,4
376,376,10.914537942903216,0.3358929877659777,37.54347238152937,0.810484022511255,76.24884814481568,3.6117536352777773,51.738118018442606,1.924130475848291,55.73447127784519,1.701062961323596,40,40,0,0.0013522983341813367,0.011680142835588521,0.019290668121875278,0.022362437381616775,-0.033741206060437304,-0.07144885131726397,-0.0391106573009895,-0.03868730934959498,-0.016407761007070344,-0.02392744767406081,-0.027839889816350168,-0.03330983005454935,0.00535661665863621,0.04248052751858059,0.017026052181932396,0.023616957374563315,-0.0021846851038297157,-0.0055234206826557716,0.02130071355820353,0.007823569152273308,0.012908610498115078,0.046244557033031305,0.019600294577780376,0.016201132234381344,True,7,4
377,377,10.899140845886055,0.3347796779555594,38.6746508005437,0.8507178189684899,76.37428014218466,3.457477746687598,50.794913144209616,1.8322375804141309,54.69802193256358,1.910073486931721,40,40,0,0.000852362957504924,0.010975732528140252,0.01935008283674987,0.024285674410783435,-0.03519207520133344,-0.07144988794851705,-0.03761112667217736,-0.037358862763375814,-0.016016239725864516,-0.024647058137878965,-0.028126511443621053,-0.03172372920663452,0.0060521316672732875,0.04329079020649358,0.01513024424420944,0.017574004296159018,-0.0020506432565348997,-0.01301908313564748,0.02093307480053176,0.018171126556764332,0.01340240760259957,0.039973166098492295,0.018855014416236195,0.021733036043124876,True,7,4
378,378,10.883705173498871,0.33385305013547956,38.70692898432037,0.8258503930784745,75.6092950989544,3.3224044848274934,50.283991709360144,1.853927025253169,54.36782219107394,1.820247821821883,40,15,0,0.0007867650204318333,0.010653631453113169,0.020625914604951938,0.025190102369563774,-0.03516292125028843,-0.0708540471116434,-0.03778658262786028,-0.03693421244059356,-0.016160950508737396,-0.024144764445382907,-0.025985104237699688,-0.030938370736097818,0.00579869420377965,0.04037540046101583,0.015431015176854818,0.01923401275157983,-0.002581398938567567,-0.012545604697952406,0.021044753942243737,0.015520909279170608,0.01294099687747783,0.03968520006090126,0.019130760782524656,0.01996105396269359,True,7,4
379,379,10.868309265330277,0.3331187708025236,38.89378050352988,0.8236319531016367,75.27522491934567,3.280038346616886,49.099507255511575,1.9123976065472568,52.84858667137185,2.0676900378619054,40,18,0,0.0010409367978309859,0.01001467372412573,0.019457890674426513,0.023494775239857824,-0.035516230316065246,-0.07072887465041869,-0.038010791213750734,-0.0373691372302469,-0.015818975838400234,-0.02373798827918545,-0.02423493046288249,-0.029060561458048972,0.005745799230240397,0.03927977730675385,0.015836615354691268,0.021179028503956837,-0.001920044758210485,-0.00883319905936137,0.023924848195499136,0.021691764843724117,0.013036196330604431,0.04069823541951584,0.017054904295919514,0.019577021391642465,True,7,4
380,380,10.853050281281709,0.3325817974492124,39.88415442938019,0.8582780828388781,78.09948910786117,3.643548339440373,46.84776352004453,1.4973332538464483,50.69828297008474,1.86960639038503,38,18,0,0.0006782265895754458,0.010618579139338877,0.01691754097233773,0.02277901342455445,-0.03660484908337917,-0.07342266449463114,-0.03691594076673023,-0.03713138173351409,-0.015823109897326604,-0.024410823715707644,-0.023360716418520958,-0.025936324606212213,0.0063333768099354155,0.04267358865796988,0.013786854473125951,0.018745262526140005,-0.0020154484668151304,-0.01293666873465444,0.01745382225316682,0.019807833935607425,0.013424606805029129,0.04533805337431185,0.01372009771509276,0.017917397209418574,True,7,4
381,381,10.837805488008865,0.3322359693105353,39.26718267188876,0.8239571497723751,76.79230650283861,3.729741628739972,47.590975463910475,1.8934392319635869,51.54259833317121,2.169125469996959,38,16,0,0.00040333988883364596,0.010722058398240506,0.02087648358435401,0.02648469363561027,-0.03632852806682815,-0.07413920097886406,-0.03728664167397423,-0.0371732245740648,-0.014899228181997761,-0.016895995973787135,-0.020947069757734003,-0.023944766040382055,0.006278192272988582,0.053184731038242734,0.017317123017167275,0.02225641244239912,-0.002467555890940428,-0.005488322384833764,0.023515451091950364,0.024284730630333873,0.012700467560811031,0.03713202508821056,0.015467010556543509,0.01865907289001151,True,7,4
382,382,10.822645320508007,0.3320820986301688,40.07018745340779,0.8419905659576988,77.61530306931579,3.3820234124211153,47.03596466669996,2.143879559768189,50.56537223592987,2.357519786644275,40,40,0,0.000896796945508269,0.014587344453320892,0.020701801964313257,0.02774275608121207,-0.037160677661781334,-0.07399218422312305,-0.036946959445575155,-0.03547023742508744,-0.014963278835434165,-0.01834397247690176,-0.020463126723070137,-0.023001274125240206,0.006193927741260046,0.042856768568611155,0.021554554297184995,0.025257941870176416,-0.0015991535048892752,-0.00431668354015919,0.02533231800793364,0.029180245517300096,0.013230113839186805,0.040359667584620326,0.01713952737399545,0.014268239649220825,True,7,4
383,383,10.807409443195628,0.3321136761716191,40.444469458190035,0.8534314851437085,78.60085994609764,3.459630389907806,46.586198573486044,2.6965506374426984,50.15386248159998,3.5220773615475394,40,40,0,0.0009343066749474961,0.013735685853599206,0.02202458688096419,0.028740962027220415,-0.03741442363975361,-0.07492437610640776,-0.03690503657941584,-0.03581640226717306,-0.015331114913686534,-0.019384632662571802,-0.017978035079593998,-0.020163143410915792,0.005761041334672299,0.044516401296931504,0.028000788520492023,0.03518381990515502,-0.001760650228994392,-0.009743845777504798,0.03391839426599411,0.04671023581739917,0.013622671524364464,0.039614723384533757,0.016747806222968325,0.018948366554082684,True,7,4
384,384,10.792128363916454,0.33233527038553007,40.81945526489992,0.8426191139534785,81.40412353105755,3.9312702678615374,43.295556211715436,1.9233729320789839,47.514657859753434,2.5199568730832946,40,18,0,0.0009580458419096789,0.013553076639410576,0.019208385915370153,0.024656531968598187,-0.037800658456299735,-0.07820816724121289,-0.03443134659223695,-0.03411505306378167,-0.015375964898442649,-0.018067319066104308,-0.01788925571546435,-0.022042261618678918,0.0058412799563056905,0.049586949753814676,0.02269646913614861,0.03263651938766292,-0.002029301102982374,-0.006706052898696593,0.022741613672888114,0.025954720762312884,0.013343233382615258,0.0469466797587195,0.00972521675789971,0.013985218055157182,True,7,4
385,385,10.776803720772037,0.33274264096712475,41.97641365270473,0.8744054336820871,82.56232632155175,3.8582086978382635,41.542854894997525,1.8580699243551884,45.286920402207684,2.0758737462931216,40,40,0,0.0007974712422475615,0.01534160307650676,0.01810077750467698,0.02315051900065763,-0.03909978329119262,-0.07902447974578532,-0.03243462515975251,-0.03178758200668531,-0.01525091109876844,-0.018338608005442507,-0.01860552975057009,-0.022461261311073802,0.006387898089727793,0.050917031028031697,0.01759276207783648,0.024140929702297493,-0.001369184336470413,-0.0020167565283813957,0.02494269642425666,0.024086053993037124,0.013792242756577009,0.04402107245706714,0.01095559495720962,0.012237266193634988,True,7,4
386,386,10.76143994965851,0.3323971844995256,42.33843747204219,0.8694866920706517,79.6473422218476,3.138446185165795,42.442931968282025,1.5660116746005925,46.192535881654614,1.948476521807989,38,40,0,0.0002831333988470037,0.012928243368686757,0.020743526175885707,0.025468125937799735,-0.03955001291026402,-0.07695049181050984,-0.03233795944523498,-0.03170773272954276,-0.015108262701264922,-0.01597440003645746,-0.018037876115909506,-0.02190307324432358,0.006367567861814124,0.039056663797489365,0.014476501268280805,0.020985143353951227,-0.001972136195975407,-0.006762140391121852,0.021653266649393103,0.02371581635420965,0.013632963464853692,0.03780588147613747,0.008283021784933963,0.012396868743153345,True,7,4
387,387,10.746133951497814,0.33198822372983106,43.51404498323057,0.8706940725006914,84.66241414972149,3.8757621428107245,42.13209920287714,1.6534951769231572,44.80672687963506,1.4654828131085837,40,40,0,0.00016584651599952944,0.013017318736352642,0.018939807989178832,0.023983095059764738,-0.040618926264724346,-0.08263821462766396,-0.03266038108966248,-0.03048084747110491,-0.015606006370517438,-0.01300766180861535,-0.018700186192980438,-0.022435950224221308,0.006171213562425249,0.05379494012412864,0.01026399270146743,0.012987840937674562,-0.002071580700425751,-0.005867733866589274,0.02505121462522195,0.021550544270914317,0.013731628839645524,0.04058933964177835,0.009996260757984895,0.004593315460095928,True,7,4
388,388,10.731447161785027,0.33177223193451505,44.51036090540888,0.901513051524153,84.73390355820865,3.597183129318351,43.24499793071137,1.7037351447929656,45.105376273419274,1.662449146421199,40,40,0,-6.802962764387551e-05,0.01321814246663921,0.0195252358390391,0.026246030599086357,-0.04150725195016841,-0.08225778349624754,-0.03421228639509152,-0.029917323700067618,-0.01607220070322526,-0.015452254729582237,-0.017844171907863075,-0.021227213410712424,0.005951892871864116,0.044441709918325925,0.011492872182887765,0.012997647010356063,-0.002256206775271662,-0.004163163888872315,0.024685117176579494,0.025787132815562733,0.014389403495519862,0.04415052179469179,0.01194888942692136,-0.002822664936901464,True,7,4
389,389,10.71612685982459,0.3317343336299657,45.84141505545676,0.914715312414585,84.93756248439101,3.3780968929214947,41.48702998429097,1.3168622142004323,44.700786958003874,1.0381386699615978,33,40,0,-0.0001713145568406375,0.010582471152953424,0.019273313865216267,0.023454543040819526,-0.04267898375633641,-0.08220862632486406,-0.03261765831313294,-0.031604549481935376,-0.016730520946331734,-0.01855108036922932,-0.016905661647449076,-0.021194273223092405,0.005459461898453845,0.0414523365878273,0.004998770244051923,0.006220808253539857,-0.002080646002081337,-0.0023458338366461814,0.02147283612720339,0.01553712564961636,0.014857315804101288,0.04186113119137444,0.006494198964014946,0.0069422749320758054,True,7,4
390,390,10.70079471370141,0.331888540137619,47.547561108246,0.9388616518499668,88.05671183362536,3.749330828033095,41.92595033420694,1.1093967061924097,44.077190245987424,1.3068013580060618,30,40,0,-0.00038656473079503716,0.011732237840251214,0.017353302509286236,0.024948682195261057,-0.044313659033665964,-0.08498352730976244,-0.03459331405512918,-0.03128255948232891,-0.01723138874552156,-0.019852938830328747,-0.016122990607538943,-0.01848684475337496,0.005681381909242354,0.047679691381062365,0.004451893889560939,0.004587591857190182,-0.002237873433967019,-0.004617881879660817,0.01694328037773815,0.022174922061189203,0.015205994176027363,0.04458111694566515,0.008247250862165665,-0.00272599975006896,True,7,4
391,391,10.68544388885502,0.3322320936675686,48.66136384795382,0.9126801254886163,89.364239992241,3.5147771184418026,44.95980906283821,1.5924114938540088,45.81286253498198,2.2289858564142686,28,20,0,-0.00047298609310788935,0.01132350094011714,0.019752674065131055,0.030616992295615986,-0.04523571534019538,-0.08575080217298704,-0.03676902673196683,-0.02959463129620117,-0.017928599313930968,-0.022462093458519235,-0.01671092371556632,-0.016898992717356173,0.005346102164622462,0.04790054489964078,0.006665990002669522,-0.0016832689835914866,-0.0024183192104823637,-0.007787394786318253,0.023776781591509602,0.036721236273787435,0.014809208917229911,0.037523775985788016,0.01275422592290681,-0.01273467247821441,True,7,4
392,392,10.670068580857064,0.33276740395019944,49.60555626430315,0.9319285424572357,90.55590101711287,3.4227430896475917,42.89118166803084,1.5217703044906743,46.057570336640936,1.5471382970834693,26,16,0,-0.0007559560389362764,0.008467545342263428,0.020930845082425438,0.02736151327888133,-0.04633987069813392,-0.08782115379528489,-0.034258802006044586,-0.03221350299010081,-0.017684912395552612,-0.02039894190792199,-0.01509594893096048,-0.018301300541518725,0.0054385688201163416,0.0394070665243516,0.0017634651861374523,-0.0012448081806871471,-0.0017651616968924373,-0.0024780028774414875,0.025598137446547854,0.02682052434635816,0.015227068085787042,0.044828423415914656,0.006859588801555928,0.002872877634399118,True,7,4
393,393,10.65476359642292,0.33348798977789446,50.36816624343851,0.935469914674159,89.26723004293872,2.834014926416858,44.062820679767974,1.4483890149251317,46.27882531359507,2.2098644836649974,27,40,0,-0.000716272263371869,0.010810829522843523,0.021752205080097547,0.02949495555810193,-0.047140477197798875,-0.08581942764012425,-0.03508920322521134,-0.0321975658741316,-0.017726097549522497,-0.022063321692085157,-0.015398751814045989,-0.015332776030869166,0.00587432891699272,0.030862083550094174,0.0010559442381899244,-0.002842453816675113,-0.0019086675673239389,-0.0043751152838872945,0.024463616259139773,0.038415142764112176,0.015113608391668865,0.0384053095598317,0.0062811024525553484,-0.0019485245379348383,True,7,4
394,394,10.639423723701768,0.3343965672033824,50.834442331591184,0.9525161532026277,89.40484689568682,2.5325816850876968,43.87248627196605,0.8577585149873473,45.99582551802262,1.0746454112987847,29,40,0,-0.0016578033649936102,0.009406120564434513,0.018649657311362252,0.025078273490325594,-0.0473679912679564,-0.08576969968493768,-0.0368653967249676,-0.03479648597085573,-0.018375680080086623,-0.023416023580533945,-0.014762379827228072,-0.01661025971828417,0.004941657316117646,0.01954065758513087,0.004188107985167509,0.001042685969487795,-0.0030658918122338065,-0.011556275463463422,0.013774664619224426,0.018726877542048537,0.015574201810925713,0.03792653672557611,0.004103721753107635,-9.043042013794069e-05,True,7,4
395,395,10.62407784964314,0.33548872145798087,51.455987136729014,0.9223669476111166,89.99001571703418,2.457007043596958,47.139575948455416,1.686933186424835,50.16965609762219,2.374487994714039,36,40,0,-0.0011658337514904044,0.009393436889782876,0.02251205982605289,0.03292638940215294,-0.04813502059108663,-0.08667441725453326,-0.03831466868825882,-0.03471225335458188,-0.01814880813097029,-0.022304969530057527,-0.015726822511154967,-0.015096580438589007,0.0051556640159434505,0.020567673096099276,0.004522956558813077,-0.003347956273697366,-0.0018931180496600582,-0.006626498252888878,0.0256626849398416,0.04130706991317928,0.015132474619361952,0.03704052178146787,0.013705200873288413,9.507945865681392e-05,True,7,4
396,396,10.608759548897035,0.3361015406574017,52.39882669349659,0.9420370947058003,92.08834733548838,2.917469127272012,45.655322458431094,1.3636487781962836,50.06713105469967,1.7818013494348124,27,17,0,-0.0018349902065804558,0.006437528454965858,0.02245046934775082,0.029392481537409264,-0.04909319556565663,-0.08874716722949841,-0.037276192963355145,-0.03774701847095923,-0.01822437924728951,-0.02372261054590106,-0.013815582977483669,-0.014763544211150312,0.0054419139496476,0.02965793919501799,0.003014912540007552,0.004887762457839983,-0.0024472759745537646,-0.014193952859210776,0.02320035702384332,0.029729699267913638,0.01532071258141924,0.038880945568768775,0.004370514950850992,0.007704481338323191,True,7,4
397,397,10.593518519707317,0.33638451077489656,52.80640020372483,0.9980071223615635,91.11020968202997,2.521316265811664,46.42385645713252,1.2556655587764645,49.952744435528665,1.6482048200252009,27,40,0,-0.0023246252202899498,0.006104110066580891,0.021887730614125293,0.029664711743913216,-0.04967341793070182,-0.08721561073370429,-0.03832100979494768,-0.0370853026873957,-0.017766923513736765,-0.025636836640769416,-0.01440839703823612,-0.015490702965844316,0.006303061225744693,0.020358343118106578,0.0038254635318922454,0.0012602855193045573,-0.0026324437028320017,-0.00935114883966651,0.02042199005035164,0.02825787827653594,0.016023300485263653,0.03787555540213672,0.006971170424394898,0.005236537077675547,True,7,4
398,398,10.578307794063756,0.3368473875021021,52.830870136556676,0.9860252517572411,91.92292760652947,2.533271655501687,45.750700798923546,1.1085306833168411,49.589981023635,1.510433731173876,22,40,0,-0.0024203666671744166,0.007135440497648643,0.02023337745953355,0.02684376355867302,-0.049763325333643,-0.08884331781326776,-0.038413946224560534,-0.03877265610617715,-0.017574245825074605,-0.022489441713623562,-0.014425872439101725,-0.015338178327384941,0.005844496534132825,0.024971298050994135,0.002879920370842398,0.003262875925260249,-0.002766024015922069,-0.006554447307580594,0.018170911343813535,0.024157572022966835,0.015948478846517566,0.03589352601066179,0.005987503131839122,0.010036064939371663,True,7,4
399,399,10.563185053435255,0.33748578579871785,53.425173935051966,0.9978534806261249,91.46687260935036,2.337522452147105,47.25890635043954,1.4396571754123124,50.75462737848481,1.946958652960201,24,40,0,-0.0023333134394672014,0.007168834305972798,0.022222072213107243,0.029291780530519795,-0.05036181382818182,-0.08746997028960304,-0.03939058632809363,-0.038973259808896106,-0.01767745927217235,-0.02576433381953811,-0.013710049041636021,-0.014110592246570821,0.00634585871441352,0.013249059037133786,0.002442449489486137,0.0013826650706566215,-0.0024136429432835074,-0.012045996839595837,0.02278948162418812,0.03207103893386962,0.016037939202340257,0.03665773305257983,0.010296986252299592,0.011146035661539816,True,7,4
400,400,10.548006193881806,0.3383076498349345,53.686823277037476,1.0019844725971736,94.50997508610888,3.15505049412149,46.983373296002085,0.790186930366957,51.115682589000606,1.0656864541736022,25,19,0,-0.002804273216312792,0.004437487981287874,0.02008161983527777,0.027815130693828145,-0.050607917474125165,-0.09114239790816879,-0.04110871599326923,-0.041246745952315,-0.017698862512609694,-0.024607059855697447,-0.010688282389962906,-0.01174041989751241,0.006024353669509318,0.032677479248577175,0.006137946787399898,0.007044514168708282,-0.0030796609513666726,-0.012814517879731448,0.01150851401883377,0.015755484016858785,0.016126080755838827,0.04242919927128628,0.004481230343918059,0.006934679198477228,True,8,4
401,401,10.53275910518882,0.33931541459747655,53.68920397992815,0.9835425024598445,93.63451243462485,2.7826261874653095,47.90783130028012,1.3370579285950277,51.457495157948,2.130144154306416,34,18,0,-0.0024121161628356006,0.005601733778259949,0.022562681905793164,0.028402001445375902,-0.050787636138782434,-0.09044221783760248,-0.04050445604166295,-0.04128799944443971,-0.017243211274294606,-0.023584904709645884,-0.01206129039046351,-0.011683373815086677,0.006335882449953581,0.024826105691863762,0.0024401726692163156,0.002168185685619463,-0.0023944303902541705,-0.0023214143008234815,0.02138527555318512,0.0343386991557465,0.015773292015042607,0.04167650155931239,0.009015951969361622,0.01408398217952054,True,8,4
402,402,10.517516251960869,0.34050330450424837,53.97082981057243,1.014469552846117,94.1001308110115,3.110168782789831,48.53052578114376,1.1214758677880128,52.667851713012865,1.4342622870358919,30,22,0,-0.0029779651585010282,0.0050858703018077135,0.023396301588861534,0.030054010334438774,-0.051152391101799824,-0.09070133529285575,-0.04119283115710212,-0.04178558303896966,-0.016953320575186392,-0.024540503621882474,-0.010534498840465588,-0.011163517231353708,0.006693397298254752,0.03700164862354389,0.00451647469843819,0.006889524758671011,-0.0024136004535151917,-0.005039683586178446,0.01787806247714802,0.02231640583506534,0.016213251311188268,0.03939656760778345,0.006564765139697844,0.009007968928297473,True,8,4
403,403,10.502368193542114,0.341863973609704,54.250788598074784,0.9972066196467347,94.45501962033165,2.7943452562274858,49.51192729639999,1.4318600407977138,54.16005792536519,2.0377918146275116,29,15,0,-0.0027619399157804807,0.004213949915203345,0.02498734152706718,0.032185834998189,-0.05147317694007559,-0.09138973274276595,-0.04107632656286976,-0.041929634613934966,-0.016912474896072734,-0.02349276711660866,-0.011823667117869257,-0.011802103248581221,0.006568531617903399,0.029783187769096782,0.0027416287013887013,0.0036897768025676,-0.002168004949978811,-0.009550405017716954,0.022801444876970108,0.03215847901449121,0.01597097739646936,0.03742079120701771,0.009854505445643414,0.014736712492448324,True,8,4
404,404,10.487263248040692,0.34339969041696317,54.450368500057216,1.0347255184625415,93.52685245504752,2.6266198110495926,49.68579755846465,0.7476912012560634,53.970675987434944,0.9514435538523943,31,40,0,-0.0035706216943440696,0.004927692948333841,0.02319870399042458,0.03159861949904098,-0.05185109787905963,-0.08918900711475455,-0.04227795338246054,-0.0425659213981334,-0.016234436831749983,-0.027718423155717778,-0.011961323922370953,-0.010124398640089339,0.007095517341793145,0.024129267467977073,0.0024023223089060567,0.0029101217893668283,-0.0028320120393112696,-0.014184501738112913,0.008898582747652867,0.015305782828255697,0.016363804061921457,0.0363066665827025,0.009237859305160481,0.005746089927406485,True,8,5
405,405,10.47201953312875,0.34513074650849807,54.194756502817974,1.0154483856070518,94.23212285626252,2.808799389187428,50.63434668617805,0.947249275998469,54.74647596933918,1.3895687815245976,30,40,0,-0.0032943380093030245,0.003918683855202205,0.025873446655530596,0.032652021123031824,-0.05168899733361833,-0.0915455323067417,-0.04196623200516668,-0.04252092981094235,-0.015952006899615796,-0.021994372223731316,-0.011542841668670952,-0.011090206294538899,0.007071464900446881,0.030367742816177365,0.004794140008636851,0.005268382990197373,-0.002289927947546431,-0.004306628603130146,0.014217227599376912,0.02191091403535851,0.01608889139795411,0.03824248695154682,0.006943640410764301,0.008963380428391798,True,8,5
406,406,10.456765676935143,0.34668333466805185,53.89880928454112,1.0321894974523225,96.05966665198308,3.340004402206721,49.78389497222503,0.8297436398742513,54.07424510339342,1.1162089864161915,28,14,0,-0.0037501657732869603,0.0019501365961662447,0.023744800253298948,0.03030833221733138,-0.05154524626684304,-0.09295755216140925,-0.04271711013255978,-0.043879051529208284,-0.015300506078385378,-0.024136073017483224,-0.0094799346758944,-0.008947503484370652,0.007471827554612799,0.03651608054970593,0.005030233628392442,0.0050468634282638215,-0.0024030907299407026,-0.00784742323212986,0.011908082679274646,0.016484449125132545,0.016215454497721583,0.04475704252838051,0.006528065926165008,0.009073136403400775,True,8,5
407,407,10.44144359273568,0.3476687013542331,54.23139823787667,1.0501175629692683,95.47234434517394,2.951986882359595,53.07442799395871,0.9685186927723333,57.2857344022365,1.289168824990912,40,14,0,-0.004374533322361407,0.0012130158070208542,0.028229877766375092,0.03445785489200018,-0.051836097873978276,-0.09355798453511727,-0.043907100382387945,-0.04471456367855629,-0.015327327563736202,-0.0189842212677302,-0.009598720966479714,-0.009742658635186596,0.0072816456887289955,0.03490425857967086,0.005263014227556082,0.006488085732894808,-0.0026815857933361314,-0.00481136138142443,0.013244574412686474,0.01706982675008763,0.016604296066118844,0.0375905406034857,0.009089650076091953,0.013144831142300818,True,8,5
408,408,10.426133491327308,0.34884103993965465,53.51072825149185,1.0304220313788301,95.0165355616832,3.0098093936842534,51.367813706881215,1.3069243133894604,55.7957393492194,1.7818003825457593,29,40,0,-0.003929222959447722,0.002863197238730991,0.026595789659133305,0.03287347969614034,-0.05131220682909345,-0.0929787077538384,-0.042877293322706435,-0.044054717626635556,-0.014663446909519309,-0.019362438796366566,-0.009636076730214722,-0.009575004805789206,0.007035736722300781,0.0358662321141776,0.0060097588369868995,0.009200579327196697,-0.0019256158475942295,-0.004032131776905826,0.020009782406304914,0.027740832462401124,0.01643848889025982,0.0381689673698081,0.009153881377826774,0.010625383656240847,True,8,5
409,409,10.410889560983971,0.35019393813386207,53.452902507906224,1.0474744515771317,94.87735497648401,2.5272771815153896,50.3607036069521,0.9204806013337077,54.25594850428096,1.0984724183519508,34,40,0,-0.004294175860950305,0.002148274685861583,0.02334668716757034,0.02951794450581621,-0.05126419897419139,-0.09263522371675627,-0.043716813658778525,-0.0445985807255905,-0.014517394522760397,-0.02039148670779941,-0.008942755146514964,-0.009130470826508806,0.007355586894802542,0.024756345808349192,0.00479436818277214,0.006856031585055598,-0.002570915020250246,-0.007164642595204766,0.012841819848114538,0.01478304873406572,0.01653822242515898,0.03579695915276221,0.008378503824323416,0.010100513266316969,True,8,5
410,410,10.395653553763086,0.35173121808211083,53.014590463207654,1.033788201689909,94.53887799424763,2.552395857740191,52.04806922652868,0.8322734889941106,56.69437917434887,1.0768052722527803,29,40,0,-0.004417985144194511,0.0015476506119219413,0.02574886356686384,0.03242479004510838,-0.050771493280188,-0.09185799648198371,-0.04443407069810349,-0.04574431945671322,-0.014604234979865573,-0.022300509238816126,-0.008462322164778085,-0.0083870649179347,0.006570931552319144,0.02561343339953339,0.006220030899873703,0.006055930704301589,-0.002887358112102053,-0.011038696342101247,0.009686137572553098,0.01237794714523439,0.016554037432148963,0.03473611687102903,0.00885957635196925,0.012779630222495989,True,8,5
411,411,10.380278929123778,0.35346811483546653,52.940373726279475,1.0522841887890713,95.11228385402228,2.915014079000641,51.21822722841152,0.9207452561808945,55.67623326817834,1.0405857713031041,31,22,0,-0.004696340401575204,0.0019785616185424727,0.021653113799084092,0.028599809852600223,-0.050723368340836725,-0.09305345368440626,-0.045542094986716304,-0.047024247640193834,-0.014414141017434115,-0.01958281367050698,-0.008964767004558413,-0.008403211362416434,0.006841840061165581,0.03394468452453007,0.007740243351423748,0.0084751753199718,-0.0030081631680365364,-0.00707429783998147,0.009248023224026604,0.009388922561127656,0.016776282703678216,0.03723090733089168,0.010621147101423539,0.01303322636104634,True,8,5
412,412,10.364886722036184,0.35538518846491496,52.346252107480076,1.0527213299686766,93.62409624440612,2.7526050129212796,53.37018942833457,0.8830008369573865,57.84198952813483,0.9868523004341992,32,40,0,-0.0044452632063481795,0.001914869533221628,0.024332584917823946,0.031174435543977412,-0.05039088603581093,-0.09181037812992573,-0.04712849305778427,-0.048264823690858556,-0.013458393264133145,-0.01823894569026995,-0.005933596964370018,-0.0066601137511002936,0.007240612927990093,0.032719955432512215,0.007248009389489312,0.008430530133972627,-0.002381358921836105,-0.0028326818268792457,0.009510230163625592,0.006109181133714522,0.016717847971299167,0.03506303127499461,0.009722611983716677,0.013720936828956809,True,8,5
413,413,10.349503647218306,0.35747303668861796,50.95226847031483,1.0302572801652548,94.65250710927668,4.434327124840293,52.671419824628465,0.9772689834094019,57.1964780785058,1.1275117431061965,32,40,0,-0.005088177633779659,-0.003480501202956279,0.022637919100210357,0.03007037268883602,-0.04913926809422516,-0.09334379556391838,-0.04723185264692364,-0.048299019854625314,-0.012473028573766988,-0.015294412155074913,-0.005563738014490645,-0.00586638491935273,0.007185284535795032,0.06752313618280055,0.00932917776828789,0.010744784576358581,-0.002350443731368364,0.0035899813516377006,0.011245294165527749,0.01221406770104401,0.016314937559856975,0.03764981727892479,0.00879977780347416,0.01107343758236641,True,8,5
414,414,10.33414751201346,0.35972202654625535,50.82574508799054,1.0530857015367683,95.55630149510537,3.837172854018822,53.83026958402734,0.9857306832627237,58.368981279356504,1.1947374756689684,35,15,0,-0.005050832482474916,-0.00016218592562213842,0.025164710589534848,0.03229877135353206,-0.049144212109673374,-0.09434071245252756,-0.047182464004984895,-0.04811103353440536,-0.011941183823340282,-0.015192446317118233,-0.006184687126469414,-0.007003984358452646,0.007807695394857684,0.05401997964272275,0.006076892931214022,0.006867223675344995,-0.0017021701026658908,0.0030943752919235686,0.010298670123974177,0.010398291487918205,0.016551737915805678,0.03946418250655925,0.012369108499086012,0.016719059720639858,True,8,5
415,415,10.31896501082822,0.3621022133380103,49.885498817430516,1.0408622072700813,94.34389550233092,4.421079842245158,53.75370253609644,1.1429821824976605,58.57457355032178,1.3360482367274682,29,40,0,-0.004716466743871213,-0.0016171247090081328,0.02555628925941724,0.03274837236054802,-0.04837630910736766,-0.09410672096268853,-0.04682010566684519,-0.04796558878389086,-0.011227228102529808,-0.006486955825418649,-0.006649385007170685,-0.007604411019377752,0.007870031548130022,0.06678146761440759,0.009201058943002615,0.009230073994223856,-0.0012442534922516577,0.01120342127048424,0.01277455720703896,0.011485771948373026,0.01632590464718426,0.036996687268592364,0.012251772065164986,0.01807297577381016,True,8,5
416,416,10.303653705960915,0.3646581634087297,49.61563191055298,1.0300381340908968,93.8962545750366,4.034427584325265,53.886308855361904,0.9265223163424879,58.517019739755305,0.9165043684773915,25,40,0,-0.00449502335434385,-0.0005583593104693182,0.02436222266786953,0.031504212256062536,-0.04812246015143296,-0.09294647608910757,-0.047720505468517624,-0.04890662310261049,-0.01121314067962819,-0.013309674703667573,-0.005741928819288763,-0.006314144918124455,0.007042850837791243,0.05829502607794309,0.01121860968230924,0.009984604504539743,-0.0009788725505225377,0.0019551956898402854,0.007762184101476707,0.004769381580947539,0.016511590211012547,0.03944622728008336,0.008682636123422736,0.011551332863173199,True,8,5
417,417,10.288348058185337,0.367367225236711,49.03570364308576,1.0497093195400915,95.68299572122156,4.905955547751456,55.27428222135916,1.1965826738566125,60.57502358713232,1.2474473242075466,33,12,0,-0.0048982278102024535,-0.002745557371373117,0.026584310081885425,0.03498583818472667,-0.047651475724625504,-0.09481004512386143,-0.04812741405860097,-0.04905337821098305,-0.010480670653985816,-0.01259971938255611,-0.005680910894267197,-0.006252255207843919,0.007897683758444778,0.07209189448528203,0.008251615079794373,0.006889788119546408,-0.0006724534244557257,-0.0007412629172878459,0.01230270269434371,0.010362058553139996,0.016517541627026174,0.04619375645478439,0.014721027541134437,0.017865645574008573,True,8,5
418,418,10.27307699400978,0.370222263416374,47.84436529905503,1.0360708368736222,91.54601089597165,3.707217191323227,53.98117708428148,0.9414388292767364,58.34631000111804,1.3273681022004267,36,40,0,-0.005318771500521534,-0.003486131321236579,0.02546405423699433,0.032046728031389964,-0.04640319401381824,-0.09069451406782865,-0.047377962399017315,-0.048381769853036265,-0.010370031143183911,-0.011959269098773664,-0.004569255971957363,-0.006041809258535374,0.007173052460902064,0.05160373646900385,0.009322420718554639,0.011691009362850042,-0.0009342291109009568,0.005481416807884328,0.005955840840827849,0.007146939853223107,0.01657298717779148,0.03864589970792569,0.012149279995321638,0.018680172226834657,True,8,5
419,419,10.25778548581252,0.3724758957387879,48.15824949520701,1.0130465892787015,91.96965266178557,4.045864395369142,55.34009013048739,1.123133651614662,60.74791751191696,1.472925611705205,31,40,0,-0.004994795434431163,-0.0010664339819809413,0.02737979580374794,0.035280836299519905,-0.0467817053535619,-0.09115667755048233,-0.04795179477322854,-0.04925488165495593,-0.010283047078726688,-0.012154828968313346,-0.003673926431177627,-0.004419129461492592,0.007048503360943261,0.06201064181342347,0.009531633048573648,0.009178250418917297,-0.0007712409801647361,-0.003340545891879692,0.010524535597093038,0.013335949531970606,0.016196959413077253,0.03361263598123525,0.013514267640328778,0.019969543418855217,True,8,5
420,420,10.242566936790258,0.3678465912749446,47.607468927446654,1.0241923532586492,92.2628229884641,4.03453274570221,53.4943854875842,0.9500001327114763,59.215492014277885,1.3271396236088375,29,40,0,-0.004891860301609503,-0.002397685624180722,0.027268130247996777,0.03519311201985131,-0.046325435878764414,-0.09131446782717977,-0.045833337526596074,-0.04736546943176444,-0.009823176223087038,-0.012974882461402376,-0.004171752946383832,-0.004942839908371976,0.00766381983882683,0.05830049964562396,0.010137156257230549,0.01098516463639833,-0.0008442946574672401,0.0020349811419946226,0.005904724114621312,0.008585266579312351,0.016127230378352488,0.039437377905240385,0.011717064236149053,0.01849707786037333,True,8,5
421,421,10.227439236909014,0.3617030105922066,46.29989341592746,1.0196489802387103,92.28809066115672,5.007158693802217,53.37147948283014,1.1427228135519796,58.528849015520684,1.2499095891531684,30,40,0,-0.0053926614290417075,-0.0014293746023876187,0.025537205377248916,0.0328417012675533,-0.045108376366949754,-0.09216523458331372,-0.046716667538434134,-0.0482707729076344,-0.008934971436752202,-0.004540715839015339,-0.0037308092700889597,-0.004120838244094664,0.007556682195253086,0.07336129063979648,0.011489716676061653,0.010494645157044905,-0.0007085423502222995,0.020189754433151023,0.0048699957065559425,0.0030395049834543554,0.016096595679834267,0.04298549273078478,0.015557753022318686,0.018881729306204333,True,8,5
422,422,10.212164313545143,0.35558996237429413,46.03975940658931,1.0265969837017646,89.85808838226053,4.9648279820604175,55.158746487567015,1.0786202207936502,60.50726166330304,1.3569570190150866,28,40,0,-0.005202469550207174,-0.004420996524656154,0.02901367255911452,0.036157802398366655,-0.045005998294027204,-0.08916987118189003,-0.04680614120061329,-0.04836858644870007,-0.008188643010524804,-0.010181596674798184,-0.0031431297492185806,-0.0037711914121031057,0.008415495514004027,0.07561521066366417,0.008761704180007896,0.012103249541581563,-0.0008033098075307856,-0.00519886607633986,0.009890807009895673,0.007830973899257538,0.01579781135839851,0.0419998088361411,0.01340906248003731,0.018790665453707535,True,8,5
423,423,10.19491757955164,0.348804972450099,45.29904069743967,0.9929746225233649,85.49058634008351,3.6217843892802897,53.20541833607926,1.189512923207103,58.45973342484223,1.4234428154452152,37,40,0,-0.005411371831494683,-0.0035200407449734097,0.025088082876940362,0.03240997008934816,-0.04428664411124829,-0.08446549043379202,-0.04664594134988676,-0.04822657327234219,-0.00783666359959639,-0.01272126533423423,-0.005055768335267694,-0.006428989136604784,0.008061469455131176,0.057007525118225065,0.011057675781877024,0.013127319445060466,-0.0005072727432897132,-0.0011188140955743324,0.006275241563406291,0.004405832782861926,0.015333223220521476,0.02728837053666377,0.01641233757000271,0.020627038652755822,True,8,5
424,424,10.17755156507566,0.34210341924650073,45.035899719373504,1.0156814861331598,86.98199947543765,3.266775748815727,54.80952445212385,1.108074286848213,59.50455266997658,1.4705172385834488,31,15,0,-0.005339249032892536,-0.003481636542521975,0.028294831556088074,0.035030868395896,-0.044014041228524724,-0.08581497243113993,-0.046870080956604394,-0.04792870937868904,-0.007904989439078863,-0.013767241785248976,-0.002584954351998302,-0.0040581849608657865,0.008161204820367021,0.04509843578110447,0.012759363905096754,0.01543364540086876,-0.0002236612555195248,-0.0024359396341928144,0.006577715817833057,0.00589631909246218,0.01573501659247406,0.034799722936449215,0.012959563075118002,0.019640445533857125,True,8,5
425,425,10.160210069302012,0.33555571611545715,43.902612776801845,0.9841990799142103,86.546548740313,3.6181309930885868,54.215123430297325,1.4331294425663967,59.70883001157196,1.7427125082288806,37,40,0,-0.005437262610841309,-0.005353765977654296,0.029386095792407425,0.036104238744513927,-0.042886392467318124,-0.08490718855802244,-0.04527736382996735,-0.04724413890630668,-0.007657213923465305,-0.015887467384335024,-0.005069251152842265,-0.005442395155768779,0.007689961847211632,0.051916404768610765,0.012543829968712448,0.014662243001115377,-0.00024704728926802297,0.0018723284991879752,0.015378378417718542,0.016457237902204255,0.015358074643262474,0.035901099115429255,0.015224957816095546,0.020959850598080365,True,8,5
426,426,10.142849161610457,0.32915233185776543,43.67867551273436,0.9721888883274901,81.75750268875326,2.6877565583765484,53.3265369949306,1.232054559193704,58.047091041872584,1.5686977895179814,36,40,0,-0.005649109358549053,-0.004637835114216925,0.02731146668720136,0.033767428940985174,-0.042627205758943076,-0.07935137804553034,-0.04569881390353276,-0.04705334596889711,-0.007670435918943799,-0.01913474676158946,-0.0030694857999138533,-0.003899763360799652,0.007813408152135656,0.03799481720726578,0.01152982741481506,0.013032081775726512,-0.0006153157617087854,-0.00042891309725666404,0.012258345170337305,0.013061819989274123,0.015049304633430117,0.02750957828981294,0.013386285363761853,0.020227707114641856,True,8,5
427,427,10.125454507295416,0.3228954235545857,42.75024778600174,0.9585105135250536,81.49395629713786,3.992022501276701,54.579984942538005,1.0408661780290775,60.23886962894611,1.4519793148847984,32,40,0,-0.0056773385419547386,-0.005825017032023044,0.0293115349865012,0.03686377247319142,-0.041749035150620964,-0.08000820403230594,-0.046029022187369956,-0.04758917895698353,-0.007236682723236969,-0.01435344478030838,-0.0010666721789732827,-0.002248052361075527,0.007556646462291012,0.063999118600391,0.012548896007308756,0.014165274660195324,-0.0001320460364670076,-0.002285763207901595,0.005212242137926422,0.006402559289777126,0.01492463060873598,0.027447140596041808,0.012057403731490796,0.02001399647345941,True,8,5
428,428,10.108059120276357,0.31680189564551287,41.72710478656214,0.932096946239653,81.5242728620916,1.6789842600186997,54.333685061157276,1.3813734280167267,59.12347285463692,1.8193535443574784,33,40,0,-0.006175877611180204,-0.0066393974780218,0.02775931072873434,0.03389910807817272,-0.04064662525501951,-0.07720039879151942,-0.04670723409530169,-0.048430147231766356,-0.007131736463055129,-0.02534213671441238,6.544736272349466e-05,-0.0009779330277618,0.007285547004974822,0.015290009738563499,0.012758375426146964,0.017014442495734354,-0.0008200866005604619,-0.006764365189593835,0.011070419066841555,0.009484833007216906,0.014522441738723042,0.024065989716498884,0.017202859311332083,0.02507677736834971,True,8,5
429,429,10.090661410646875,0.31087505003700067,40.619503251506366,0.9200086407676763,80.6247018550061,1.7079756380998325,54.6311405045496,1.3324294696001964,59.61210641761023,1.6830716774075316,29,40,0,-0.00531763597682044,-0.005158622164157791,0.028628609958251228,0.03537929547741533,-0.0397875001076197,-0.07785994507453957,-0.04650127798078,-0.04797819502901576,-0.006214630093844952,-0.02028694455963654,0.0016110092614207226,3.8533413467528985e-05,0.007368011792985607,0.008444866237973327,0.014235296517344684,0.017063002565766705,0.00015493049587344578,-0.00037125104290114744,0.012465021622578999,0.01082941231737605,0.014266093579051677,0.02858619403217577,0.013519899301670432,0.021318460509459698,True,8,5
430,430,10.073190180802408,0.3051026581175993,39.62083041248804,0.9058310432869415,80.09825528913758,1.622204134082414,54.45920558708039,1.240505455149565,59.537565074624155,1.473466452779696,36,14,0,-0.005671909419703826,-0.004562765204938047,0.028181833700883265,0.034611351546590736,-0.03866733755677339,-0.07688063183308787,-0.046563249743588636,-0.04843594749193661,-0.006517411478520786,-0.02200636551077116,0.0018582507225454476,0.0008573153980751365,0.006703810092269706,0.011611256683819139,0.01364777354637851,0.015923759921911525,-0.0009435691144590265,-0.005063243536720604,0.01212654130849005,0.007143640342336428,0.01428692766715479,0.025321080400273133,0.011638167480719561,0.018888043429352405,True,8,5
431,431,10.055784894922676,0.29950160596092457,39.481428421819935,0.9010418438664907,79.32705903767426,1.840267293913279,54.32250545585617,1.343916546749925,59.98862165965055,1.5757320950813962,36,40,0,-0.0053374424810310435,-0.005859179255181302,0.028602107764615883,0.03528388566014982,-0.03861532557596469,-0.0760405773288922,-0.046055590135176676,-0.04839350769392257,-0.006257118238552243,-0.02182390692591673,0.003425879116874812,0.003427908170360786,0.0068230883337563,0.014059497476966944,0.014731517639985944,0.016495338144581043,-0.0002577023186284312,-0.00842595977744506,0.01255761512147706,0.00973670126080687,0.014166536295024994,0.027621479415195646,0.013246198386771752,0.019734353203418535,True,8,5
432,432,10.036206696183676,0.2929619702227457,38.64421030982261,0.6038292504668805,262.70006496378244,51.116031443260745,55.074866285644774,1.4391364524953585,59.88455040409858,1.2061424119445476,37,40,0,-0.0005607898957809268,0.1602600866727402,0.03026294549038112,0.036716304123651324,-0.03812516726532946,0.06914946364714067,-0.045848020052885866,-0.04726357034977146,-0.006287457845046859,-0.1963323214066754,0.003918428748624649,0.002056041437513393,0.0065999329089889295,-0.38585186024454754,0.012781718976031153,0.0030830405850800742,-4.044100872735781e-05,-0.3561133329683555,0.016466433993899465,0.014105957519603472,0.008216187411135506,-0.7212633751490495,0.01401361950835492,0.015318877449229914,True,8,5
433,433,10.016542442096773,0.28535940790815023,37.38653997613066,0.820949641143326,80.69413524841198,3.3613775582136065,52.91641111038632,1.7111438707692044,57.93969186986676,1.7964682537616288,24,40,0,-0.005883172946410602,-0.008142565682958007,0.027272089127973246,0.03338894578970135,-0.03636520035135778,-0.08027973130788521,-0.04511616290421315,-0.047164033622804725,-0.006380740621201183,-0.0006378312641088109,0.004572916377958606,0.004211902830602237,0.006099432484865691,0.05004989200000965,0.015809072279515127,0.014593681967003499,-0.000818508508978591,-0.0013047349961678445,0.0219505449532682,0.020378683353274814,0.01293933574889063,0.03057998168017616,0.012655855586196661,0.01883679797550899,True,8,5
434,434,9.997005700100054,0.277783912280207,37.54289444333406,0.7947988764819561,77.40460344020872,2.0338645381220686,52.593752453675705,1.3622408671112713,57.9051571773924,1.5579581237310074,31,40,0,-0.006322078372430384,-0.008748226740982246,0.027658895218139575,0.034674949937735386,-0.03639356506336324,-0.07661106799837444,-0.04434761328460221,-0.04612106273523108,-0.006708850141038969,-0.0067590992575032914,0.005863233615494872,0.004847952838770367,0.006025067239761335,0.025340364911871808,0.015637816721554208,0.014334475019907313,-0.0007552608973031231,-0.0009747657838948473,0.015422213384242298,0.015132139266932262,0.012472231969054457,0.02483943773957744,0.009104538607302298,0.017461924228450828,True,8,5
435,435,9.977373287951597,0.27042202618137573,36.56652732440496,0.7742632666360167,79.35762935737945,2.969761908149968,51.20921378301875,1.77142033385268,56.10179370719888,2.0684646904975503,26,40,0,-0.006000836975843911,-0.007984898090958472,0.02482209390651965,0.031123936994177547,-0.035404807371507176,-0.07890451147189168,-0.04413107048484011,-0.04629228670378867,-0.006899310917930113,0.0028200725313966496,0.007661321572216617,0.005977959090006965,0.005595817445540977,0.042683306747451764,0.01668664768396245,0.018492643066140305,-0.0008484112426629577,0.008681006639077556,0.021597565690557815,0.018105667189725602,0.012271111390681063,0.02809527459138289,0.014524774873880967,0.02516995559321494,True,8,5
436,436,9.957782973968952,0.2633505649847855,36.731837860934945,0.7546004143370937,79.1293325528014,2.7929653834681134,49.1401799704758,1.1133511669052019,55.37994680502497,1.6875341466334648,33,40,0,-0.006356003042471575,-0.008391438108676224,0.02398585544895141,0.03192877002571837,-0.03552991248387551,-0.07829616788641545,-0.04259156406615961,-0.04506591656580017,-0.006815750644958562,-0.007793916282738509,0.005039315063674809,0.004068822539325369,0.006008527857589706,0.04115752727237409,0.014447487385053106,0.01778409765318238,-0.0013172336361712677,-0.008837815479029298,0.011750666915402481,0.012142739336926663,0.011645526331863686,0.02457979979633769,0.005548036413324003,0.020093794000327857,True,8,5
437,437,9.938204771121296,0.2565843510535244,36.25894511363385,0.7307731029173656,76.27444158371695,2.4211319233280575,47.387479203856834,1.2737132944220924,51.335543471005074,1.5558537910671804,30,40,0,-0.006334996664755947,-0.008046930349739297,0.020976855600612763,0.025852126389828513,-0.0349494292981018,-0.07554009217104654,-0.04213572737755609,-0.04412173364463677,-0.007288093697807842,-0.006836067995864811,0.005488642160978901,0.004503132773915414,0.005096374484850978,0.03703832756653241,0.016095912006666668,0.01638706786794653,-0.0017519232487864765,-0.01203873460612739,0.012806090797706325,0.012820827470442813,0.011559946713125937,0.016397007560385077,0.008433289544641622,0.01744912593378681,True,8,5
438,438,9.91848461694149,0.2501097275244435,36.35986336898934,0.7139603946619124,76.65420116056622,2.035064663781592,46.553988241635594,1.5586168571961698,50.49731240112347,1.8705172438967015,21,21,0,-0.006311986774256815,-0.007951103466794012,0.01987546790996221,0.02540183960032691,-0.034929999558214526,-0.07578938262945653,-0.041948279680346895,-0.043582946673297644,-0.007879950382858554,-0.008283476919188017,0.0035470309304829898,0.00229169455390892,0.0045103051632594095,0.02757447398974627,0.01562856290562108,0.01634025897393274,-0.0025244784002615584,-0.005927030165232029,0.016233223140175945,0.016502673224181138,0.011338415704352548,0.021589074617416736,0.015239208504203943,0.022944797447027307,True,8,5
439,439,9.896541709894068,0.2433371105793888,35.74092497393012,0.7029537535229335,78.90441126307762,3.3257151592800365,46.30681165505741,1.2982336852206062,50.042994267142355,1.5910421520082403,24,40,0,-0.006268993222356705,-0.008404898244910707,0.019323060249694435,0.024590830601643996,-0.03436324680495786,-0.07845539954773435,-0.04176191226204723,-0.04337609818849505,-0.007568402142572823,0.00011867632852985126,0.005184865712890617,0.004255165271117975,0.00411710071388472,0.05245625423996744,0.01734409435727299,0.01756489179722309,-0.0024745155076598252,-0.00999626393320932,0.01145071767700258,0.011840223660029991,0.011289425086359637,0.022750844341421876,0.009026013226314307,0.017955412136166336,True,8,5
440,440,9.874503466142183,0.23702198342745917,34.87277635894857,0.6802122642096337,78.82392412153798,3.448103261607325,44.382478725424406,1.0756573399095017,46.99883323203107,1.0306791950492162,25,40,0,-0.006182880437376805,-0.009390809962293585,0.01694769724344179,0.020799828068186768,-0.033527908776842884,-0.07810819829630831,-0.040669618796751954,-0.04197034605347884,-0.00733224750878254,0.004912541203353401,0.005344350557763399,0.0038402512492506026,0.003806264179011867,0.05477690208033035,0.01676001432743572,0.015473475871445467,-0.0029928291233457353,-0.0014388187074833598,0.008349212163105033,0.0087955733378225,0.010839666610345005,0.02488260547422775,0.0013589419843767377,0.0026085241524224645,True,8,5
441,441,9.852627349133275,0.2312641770918071,32.9299850646696,0.6444183652484488,68.83103495983276,1.1211407109884268,43.993810914212425,1.1583165919981218,46.227730303440936,1.2904539124570453,25,25,0,-0.005795149982379306,-0.007231581623436465,0.01609009409211893,0.020126817109367402,-0.03172582202391688,-0.06797406043465516,-0.040619600810190545,-0.04149860793104226,-0.006653748563617563,-0.008058703921298026,0.005158711164913531,0.0031272706693510426,0.002766651875765154,-0.0019651887051366323,0.017699769150477683,0.01807160719479398,-0.002681672576471833,-0.006122407448376238,0.009574594405195539,0.011808599460787926,0.010566658770385623,0.018480936240505504,0.0019364121390035372,0.006422198912843429,True,8,5
442,442,9.830699951325595,0.22604413654186947,32.99486655592787,0.6672760441961002,69.64700406717324,1.392063959361107,43.43487057439929,1.1443033204029864,45.87370824087121,1.151449299896474,21,40,0,-0.005866109230852836,-0.007012204775042278,0.015780455301565344,0.020007808359985647,-0.031876328741008826,-0.06785175288513737,-0.03984496481727893,-0.0408980743751519,-0.006176540093800534,-0.014059651138629718,0.007067106267767624,0.005606444934466701,0.002435012591230476,-0.015252847640162635,0.018463581553855257,0.018552873112128877,-0.0026139156419429602,-0.01044465050554286,0.0069950750783773115,0.007328902538012814,0.011084732491152445,0.015765797317996506,0.0030067084960541998,0.0024394001249686036,True,8,5
443,443,9.809156263357108,0.2214912638083242,31.737878523863852,0.666398559389605,71.09276656079149,1.9234398359901648,41.84799052042438,1.143012760435181,44.57790085561338,1.3454977148411016,27,40,0,-0.0055481909109586424,-0.007399986047150486,0.013048475262593472,0.01673290910892518,-0.03082305122161466,-0.07067762246453578,-0.039141268568344934,-0.040701695167960315,-0.005142958701060437,-0.0020236962543120187,0.006996620525632913,0.00711132954515407,0.0020072385231227462,-0.025370628861373618,0.015082303340062341,0.0164316564959513,-0.0022272616494585424,-0.010212283585539208,0.01291789691627262,0.016468492360565426,0.011237746541385495,0.01946816371018872,0.0019047505163788448,0.003202790249345344,True,8,5
444,444,9.787356527948647,0.21751604581164244,31.240340737109122,0.6683310963882404,74.41121679838136,2.0041744783658646,43.08649042501265,1.3011985345984054,43.683494299893596,1.5584489089952387,29,40,0,-0.004649353324826114,-0.0075851260844379915,0.011010111077975435,0.013661834341477105,-0.030563114309522122,-0.0735092416459186,-0.04053904379017034,-0.040808617853174356,-0.004498716120705133,0.008711282359149936,0.009581703385828678,0.007500577683648936,0.001691697167495186,-0.019928892085399504,0.016368677006769236,0.017220372822683395,-0.001433598856542026,0.0035000045875428886,0.015241954017213039,0.020238321344281253,0.01145187049596989,0.028533325970571052,0.003937305366248942,0.00580625765363151,True,8,5
445,445,9.765630844984573,0.2117547840084311,30.603784796970633,0.693159174192516,68.66596526063356,3.672959584860657,41.06736204747513,1.102113662050279,42.446198635487235,1.1871825564575649,20,40,0,-0.003859393326827964,-0.003660272875475422,0.012909509934837035,0.01622441348010596,-0.030143727834753303,-0.06694420650169505,-0.03829774031750362,-0.03889444858747301,-0.003612810439594851,-0.014835444162882417,0.0072908069069069995,0.0050665624348480605,0.0013997332743168238,-0.056416993241636945,0.015840483772351897,0.016835026430049846,-0.001281984928175825,-0.023796975826524795,0.010631448942401502,0.011875601525186722,0.011948082844585027,0.01898179023011428,0.0024609539410199105,0.0022091860161762202,True,8,5
446,446,9.743900138303196,0.20630184484720504,30.584619503430417,0.7146750441001546,71.67101641230641,2.318125504794482,41.820390747252794,1.1930796905500594,42.98574371330172,1.3693817442341325,24,40,0,-0.0035878029460981033,-0.005661484570562996,0.014034302111111622,0.01759294032757427,-0.03025783212505171,-0.07140393813188255,-0.038012843947882,-0.038367506046965344,-0.0026476811140646616,0.0024818955031714277,0.010344425624505481,0.0081361595948056,0.0008421361075270071,-0.03412929309443499,0.01681216541135385,0.019014616973291373,-0.0007727263205498062,-0.010889290658852304,0.01215467278320922,0.014364919795510144,0.012420958967454262,0.01880263583549214,0.0017942642510128208,0.0018204241312335973,True,8,5
447,447,9.722409903548913,0.20156071183287633,29.241528395479325,0.6827068880215429,64.29894486090491,2.4697389033799153,41.21293764833442,1.2265429781441612,44.10329056431174,1.380247963492129,19,40,0,-0.003156787105534808,-0.004613515064352531,0.016345136420281008,0.02063710528198498,-0.02901361198050031,-0.06358230900409544,-0.036003551127220104,-0.03735735999512943,-0.0018198895348129289,-0.008388073121069456,0.011622695523739407,0.01111925259964355,-0.00020609109276545096,-0.03780411536611033,0.012505939859376017,0.014069886078775701,-4.5502575245199455e-05,-0.012848318651671178,0.01719954236740965,0.018890739526522708,0.011913613709751525,0.01624244764605927,0.002458860616609879,0.00504976956707408,True,8,5
448,448,9.700868576221104,0.19753827849877847,29.470293991231518,0.7078503416111542,61.63308315298123,2.0280709764335585,40.77190334958695,1.1007026771570794,42.533531834955056,1.280972085206651,20,16,0,-0.0038023388253047856,-0.004605134117821915,0.015545761752926332,0.018677922218016802,-0.029214854450772838,-0.061265841401588896,-0.035569804483758245,-0.036660527224260234,-0.0007298813652607167,-0.004891457457090639,0.01246861673388527,0.010781572038071448,-6.321477120761708e-05,-0.029736530813012113,0.013666703288589384,0.014633509258909959,1.825844688527036e-05,-0.008010487911709914,0.013456576062556834,0.016864707450130384,0.012354143850000002,0.01744947459858957,-0.001095406403214189,0.0011338297409599636,True,8,5
449,449,9.679250806254842,0.19432013500256143,29.439953940460764,0.6779455092462277,64.99543893553825,1.5401564197391404,41.72537875611388,1.3115713017124162,44.03567911009241,1.5059267838779067,16,40,0,-0.00370988520643763,-0.004261479987458232,0.014442252280779595,0.017689653940465545,-0.02918320041293861,-0.06452109054841337,-0.03603846345161699,-0.03766076257795149,0.0011351006253923208,0.006578430297815421,0.015285867114623954,0.014418187826518597,5.562602998266896e-05,-0.018158602755948997,0.014085796900786289,0.015755431119638376,0.0016787085780143266,0.005041885159389422,0.017967271821743135,0.0209006213522965,0.011712561211763495,0.019168254396179453,0.0016662014687916199,0.002397189376141798,True,8,5
450,450,9.657954293144128,0.19198440407155037,30.484499160793582,0.6840338675216304,72.55197900307714,1.550589733634606,42.160759388114,1.1145000273759738,42.76151188497056,1.103396282852419,23,21,0,-0.005002195312790827,-0.0077042610949993665,0.013768055963373254,0.016529552546770906,-0.0300024891878517,-0.06914721176254918,-0.03597660595979075,-0.03676422518334678,0.0020330700110817485,0.02056932482382946,0.017136338313239918,0.014272790125276413,-0.0002878483737339639,0.0028902051056524,0.015221035576541416,0.014399780353128656,0.0010829175379159042,0.006658936573051347,0.012023767510753833,0.012769908694920755,0.01188594270474292,0.026071164701077836,0.0014551731370178,0.0006651289735503227,True,9,5
451,451,9.636317023507532,0.1904850695811621,31.202409642583383,0.6836216216111646,70.50698142923582,1.5028774995636869,42.725189952180116,1.103829269111963,44.036030141708956,1.2012911265914856,18,12,0,-0.005331569629842686,-0.007285834162633309,0.015224362142319337,0.018355204866448212,-0.030469796199484478,-0.06882514262383309,-0.03514716384640631,-0.03645560416484007,0.004093440160500826,0.013462941492342746,0.01892980526480017,0.016530194491557296,0.00015909929206162852,-0.017267562639194586,0.013440768603403003,0.01484881865080351,0.0022082681249270776,0.004724490571976355,0.013789684058284277,0.014761801479243991,0.011724235322629938,0.019171118787589054,-0.0005900119744677627,-0.0010933038084800497,True,9,5
452,452,9.614605335543263,0.18990617302764137,32.816762027201655,0.7331812529874709,85.66558574116787,2.156320022193758,44.28446499730048,1.2911380479262198,45.25138422128071,1.4698536240296376,22,40,0,-0.005866700321863714,-0.011305776653258163,0.01518673368977129,0.018897325532665942,-0.03161119002110164,-0.07606323875827564,-0.03507067669197159,-0.035565007097533526,0.00657680490308424,0.037751234473134554,0.022372407029649207,0.020632719932350517,0.0005445725379703249,0.017332920358226662,0.016999482450752997,0.016271937202407574,0.003527110412409917,0.01724937811613044,0.014752121695117847,0.019827777286811135,0.01228867257872446,0.028607924229716503,-0.001095970477363911,-0.00044722007817426715,True,9,5
453,453,9.593051198711176,0.19024389253533303,34.49052231258509,0.7783617015366664,82.9354611283462,1.778596927094381,42.75137260849045,1.1890551722021994,43.79212599299671,1.320018419067526,15,40,0,-0.006693983703707902,-0.01170216200327338,0.015328017747595969,0.018014734872982854,-0.03281186910450457,-0.07425400748191278,-0.03435125858981185,-0.035449909118123915,0.008256388886085805,0.035038443029001866,0.02031557936991333,0.01834457876211358,0.0010600726211087797,0.015504585453128435,0.013095834109128646,0.016554614670621557,0.004342739374236175,0.010062938629457015,0.01592777580860749,0.01598872718861774,0.012828421256426048,0.024939406227830113,-0.002342882129910654,-0.0010418928757797226,True,9,5
454,454,9.571384938691269,0.19150973476869865,36.93858748305522,0.8371669414531803,90.5631143296364,2.4758944883214724,44.02421890679462,1.1511889237858424,46.044001381154,1.369169054964057,17,40,0,-0.007422474778204484,-0.01399860095075484,0.01742376664698542,0.021290885564144157,-0.03467034133346944,-0.07847691498056894,-0.03437790204763114,-0.03566110592421195,0.010360190405150039,0.04297779267990476,0.021276843210125178,0.019875456707818432,0.0016019556372493004,0.030054287340427525,0.013570836259446332,0.016730447017312824,0.005029216274223839,0.010680890227958914,0.014420922487847541,0.016821994207085845,0.013624660723751186,0.029154407591166547,-0.0033999044010488873,-0.002855827255359149,True,9,6
455,455,9.552123256250312,0.19340938158121923,37.905900170861266,0.8441379066181078,80.95884787694347,1.056038733398836,44.4262135900292,1.4004953636909572,45.68274338862638,1.628507647842429,23,40,0,-0.007953142161661798,-0.011722605702584293,0.016784372882518862,0.02022299353662057,-0.03527744512733622,-0.0744300139806422,-0.03363177406516285,-0.03485734744158764,0.011362511289652448,0.02961568138579998,0.023682843032822306,0.021515317921549145,0.001823373959562389,-0.0012996358683284724,0.016956919145036713,0.01770415920954414,0.0054928189090056746,0.00610690921270347,0.017290652168298972,0.022235302274849367,0.013548620548038723,0.017341608263799418,-0.003311943263469921,-0.0001039038353688334,True,9,6
456,456,9.53274543938088,0.19604823763596335,39.41083875028153,0.8899914138024952,81.29960263033773,1.1591534056000576,45.221705902816524,1.1885889188063157,46.887549099935256,1.4938944327165595,15,40,0,-0.00831101294612064,-0.00977669769333164,0.015656197311344575,0.01878433599749639,-0.036378739600816674,-0.07690679325919854,-0.03409918547910645,-0.03568716948283957,0.01267787757734235,0.024482375715010066,0.025241468264951893,0.023916875131067702,0.002446143938724306,-0.009209460846718767,0.01478354727864869,0.018697336941615152,0.0064171682694497394,0.008802828677704468,0.014529382594923904,0.018167726681999636,0.01393266427746797,0.015715952335216,-0.0008307147391921829,0.00040529258175681906,True,9,6
457,457,9.513211678850473,0.19879401369615568,40.55728862499014,0.9270392668714336,88.5452635336941,1.5762680832604967,45.41678611007341,1.1131375482774355,47.06685977533646,1.3476852301292068,20,40,0,-0.008837541327820395,-0.011968202918872177,0.014638378333201097,0.017737603605355576,-0.037030883387720134,-0.07648788069582924,-0.03545295745596302,-0.036397383190593914,0.013982317383570374,0.0429724320908723,0.024320570469623076,0.02399785832793279,0.0028993068703644102,0.011535208820268657,0.015896399592459094,0.01852903930231211,0.006559200151795909,0.014940576450966333,0.011167047807987005,0.014450089148423523,0.014503781321550882,0.020014419611116517,-0.00021310565131995796,0.0010642762692599245,True,9,6
458,458,9.49368820967305,0.2003735812051818,41.043935461699256,0.9571096298014898,92.22611247206214,2.4835379091276235,45.78245077458617,1.2961824423860075,47.307046187483515,1.5688019099598565,14,12,0,-0.009072186122134635,-0.014439386942619144,0.015225706779326584,0.01813627461309631,-0.037255469009850314,-0.07781183287617977,-0.034445243951439455,-0.03561952237960302,0.014640017281600616,0.04735481592066687,0.02603335977401298,0.025303789984743714,0.0033547822136899023,0.027131882895065247,0.013959913605663572,0.016936622067980963,0.007078830903694811,0.019660834073692804,0.017749940380874348,0.021440995177864217,0.014754086572973755,0.02749874108002889,-0.0013582273828846192,-0.0017721462782909056,True,9,6
459,459,9.474131241226608,0.20271095881757126,42.21612934741862,0.9766948086189969,85.25619291908781,1.3770035462025383,45.68602849577998,1.2355775057112037,47.72402352467403,1.5988784769086235,15,40,0,-0.00948623720387421,-0.012035246883397193,0.015398197777072775,0.01874411970188147,-0.03793148397696542,-0.07711356902854337,-0.03411609529440419,-0.03555250749565397,0.01591902648075654,0.03431134994710167,0.02619543370128663,0.025734405156456357,0.0037102674500866326,-0.005410579617158538,0.013232451867511257,0.01759571477598291,0.007146698071697518,0.009858658159314141,0.017027409394878557,0.0216534997129381,0.015024751406498565,0.02123980663843565,0.00011946029199005217,0.0004944855963977911,True,9,6
460,460,9.454551631486972,0.20577824824707502,42.506731952735464,0.9879549015254754,87.77294180428244,1.7156037694559383,45.48322810454073,1.2300568891648926,46.6745184293026,1.4232887013172175,17,40,0,-0.009580677682703365,-0.013291156069330224,0.014542846273332256,0.01741634351451841,-0.038152880315668394,-0.07620904616858812,-0.033794165968462186,-0.035199854843764325,0.016105607720919304,0.04146825008838282,0.026742924439483843,0.025222051228429486,0.0034974633207183474,9.824002468022518e-05,0.015422485908745419,0.017798583851328105,0.007366128721892903,0.021486292530236324,0.014710695833656853,0.017198884954426657,0.015193130663474686,0.020854469661899702,-0.0025769521269673953,-0.002118426041186232,True,9,6
461,461,9.43500742065002,0.20952846899606326,42.625808080207115,0.9724199058325239,82.96257431365113,2.0167811074534385,45.29557514374652,1.1478714198230757,46.68035034155017,1.5727771868264384,20,12,0,-0.009669146951952892,-0.01189879340433567,0.012000462397091856,0.01576690208237463,-0.03816112339253929,-0.07739522594082021,-0.035213242826783814,-0.03616258635319707,0.01634612410119233,0.02740778089956234,0.025839999215958386,0.024954503701381,0.002802224238008516,-0.02691433000756909,0.014928186602305773,0.01751768399075082,0.007456084603915412,0.008680313344187299,0.013297840805288652,0.020988296960447194,0.014986684690501836,0.020958858084663676,0.0012974076251454699,0.0024763564685982343,True,9,6
462,462,9.415652432462336,0.21388251101057823,43.508984945036666,0.9819283540991729,86.32919052275102,1.4593209140488497,45.71999161818638,1.2747676389297489,47.576131884080404,1.8649295152356322,19,24,0,-0.010007180445943651,-0.011477092164116274,0.014819412986131077,0.020035775521935716,-0.038911698673078254,-0.07659837543424881,-0.03407792901148358,-0.035280159800990994,0.016696341420961377,0.0381273441588015,0.026634514949625206,0.02484685792414311,0.0025055479260195695,-0.00771848699665802,0.014175464296849558,0.017485006560906055,0.007956153843965169,0.015291786800404505,0.017123157554577644,0.027049669082115306,0.01497093425240861,0.018849530819346216,-0.0009310771620782112,0.004694442262442181,True,9,6
463,463,9.396120649369186,0.21890006161781567,44.07153065212011,0.9894434824068964,88.61075396185481,1.9313700157276084,46.45800387447333,1.1794398831812734,48.332371027913446,1.6066633660817147,20,23,0,-0.010348900165790615,-0.012523209362551331,0.015546916783631083,0.020079015445172144,-0.039259483613286995,-0.07507927428041375,-0.03476175044511179,-0.035692945034499116,0.01714330848457531,0.04536670054650745,0.026613158559539652,0.02566836384923376,0.002473161435906103,-0.016452174612635293,0.014489807722021372,0.01835755383238325,0.007372878598053575,0.02069894008566038,0.014619469330029897,0.02104864433695307,0.015418952680366901,0.02090838886406309,-0.0002516211505915518,0.0025068299297409126,True,9,6
464,464,9.376659118222651,0.2244762614270772,43.522460869362554,0.9701199564614662,87.67685580295168,1.9448708385433306,47.857744095012166,1.1934083392316954,49.913464281322774,1.3903165856532147,20,40,0,-0.009908879425850479,-0.012410222148105679,0.017412090689042092,0.022307394296590777,-0.03857135841171889,-0.07708543616419442,-0.03366273615965384,-0.035170439860599784,0.01755759148983351,0.039888005228416186,0.02922332907020998,0.0275095299173077,0.0030255442315346866,-0.02071284620131942,0.015727221018113368,0.01609309593487716,0.007914448147464236,0.020450310998216252,0.013468166789270628,0.018116732802037575,0.014659229737289748,0.017463821188381686,-0.0022597077758368107,0.0012711016381297693,True,9,6
465,465,9.357403462963749,0.2305269159169577,44.74962270216606,0.9733443690279321,88.38339667141062,2.2392021390516246,49.410157875711334,1.0084619085746804,52.079014291899604,1.162338734237346,33,36,0,-0.009966150322422606,-0.01310576877621462,0.018197289569711304,0.02540312998331564,-0.03964436276645782,-0.0762430088645891,-0.03494596260086964,-0.03511885884005167,0.018207940042151517,0.04274186742802079,0.02981613743457417,0.028871620502479198,0.0023609091272124706,-0.010562286799850853,0.00941394349013831,0.008442020791208414,0.007931289263548462,0.03320086953878461,0.014406109158716972,0.018411897640891933,0.014836275712551143,0.017705933727523694,-0.003692723651394707,0.0011322495151793912,True,9,6
466,466,9.33789911563008,0.23357357288507574,45.91024969701185,1.0058926805936237,92.42066317030263,2.169054585918895,50.4999861019639,0.9826299136508461,52.87084681172361,0.9443492965877083,29,23,0,-0.009985566392147262,-0.013315740384378431,0.018214531630910857,0.02082696510294599,-0.04064391016748684,-0.07553009609261288,-0.03479693866178004,-0.03599505994865993,0.01887093154476629,0.051570094270759606,0.03174354254857848,0.032648424563549654,0.0025610788015155692,-0.0020603113004027504,0.010384496729698744,0.007015061310721532,0.007914904763348003,0.034072921580726716,0.012858253270049235,0.012588656726933505,0.015460051148090771,0.016369315738501214,-0.004577599553031917,-0.007998194135505607,True,9,6
467,467,9.318447483341634,0.223886160561111,46.456201446803284,0.9860919430500344,98.51602550964002,2.8357473387117262,51.442455213141926,1.0939136255728168,53.402161529910316,0.9484873902951894,24,40,0,-0.010078665788511233,-0.016727587331207168,0.01739427412522277,0.020474236474419896,-0.040966159385173916,-0.07535450396193376,-0.03547705072542794,-0.036745819727835784,0.019451810558865416,0.06121514385300249,0.032941528468456514,0.032898954837282626,0.002396542829590815,0.019482119476139224,0.01417399264164984,0.009391414800610166,0.008164082394545118,0.04028912416495772,0.012353896735718763,0.012122047090738679,0.014960194231482154,0.02113771973672756,-0.0033164281585245136,-0.006236967443159449,True,9,6
468,468,9.298981299463826,0.21448071441189742,46.54348518565913,0.972306237767067,79.21627513398627,3.21460569732638,52.0583683117619,1.0658567249913296,53.452873139781154,0.8742384154929038,19,40,0,-0.009254329963554003,-0.005688527113852097,0.018637833935141863,0.02147852066565746,-0.041212579354696056,-0.06741247922102836,-0.03506579356891089,-0.03687264264834842,0.019549339965487772,0.041211849638821116,0.03366147618378698,0.03219147435330758,0.0021141164440698244,-0.044924700689798716,0.012929365269100898,0.006907616308102404,0.008539578265499947,0.03223663067288814,0.01272585330050871,0.011686909399636734,0.01451155244446291,-0.009507514463807917,-0.004116425792000703,-0.006965478339083,True,9,6
469,469,9.279473895921525,0.20538266423388946,47.114497856937405,0.9879798147390322,97.7785610111521,2.5209372059579747,53.47394158258776,1.030377705909943,55.193616201452066,0.8631861936097802,17,13,0,-0.009123152180430395,-0.015496092975230653,0.01803671391492149,0.020953647244353817,-0.04162736911023118,-0.07939772158356911,-0.03691381900257794,-0.03856804992364734,0.020092439960458716,0.05492285410694392,0.03422731871143578,0.03346319562802426,0.0022994922801240496,0.023015628528950678,0.012733502110838209,0.007447606572583775,0.008471801636926384,0.025780092896328807,0.011786543344919001,0.009974164662048045,0.014841806797999905,0.027231401905223742,-0.0047266266012911074,-0.008486266096706458,True,9,6
470,470,9.25999851351241,0.19416670507337735,46.57780278034766,0.9976500164485863,89.94437278517643,1.4963787925786407,51.48419187675644,1.1477901344577965,52.85997984261843,1.1119061746974002,33,40,0,-0.0087191733652315,-0.01095788425530886,0.017665809812744217,0.020413909584497177,-0.041039750161363985,-0.07629090015637617,-0.033673237623457926,-0.03567887412514635,0.020228856476944636,0.046363924787445276,0.034708129376512964,0.03323353284861486,0.0024154162525374264,-0.0012519326250519914,0.011469447636195292,0.006367142521658299,0.009150238817521264,0.02107930699306121,0.015762767627630694,0.016053783022859328,0.014615960593482025,0.015368130069170031,-0.004614832257599281,-0.008851261403380377,True,9,6
471,471,9.240534329694032,0.18290901019444067,46.13121826757218,0.980779171036831,93.50854546199224,1.9390875538012653,49.42327815027231,1.197261417242649,50.90550748530301,1.153979333934689,22,40,0,-0.008145757197564284,-0.012432478841386556,0.017659822740574878,0.019901270541403945,-0.040408891722961235,-0.0722083828138983,-0.031739129020203,-0.033292396561010254,0.020708872693865062,0.05809673825334312,0.033517439832564284,0.03296856767283833,0.0029725671336773177,-0.008184240149946705,0.012661119455847004,0.010373648313699583,0.009178767966673844,0.02782457934627354,0.016297210329613253,0.016391445163566627,0.014139802768327835,0.01744107042889494,-0.003278144389486939,-0.0054182385172914386,True,9,6
472,472,9.22111758585591,0.17189640354280847,46.02151430274198,0.98383338260321,90.40442696868996,1.589395178768915,48.40052437078141,1.184813816932714,50.11376973981294,1.1593484660599276,17,40,0,-0.008024203680470517,-0.011133458590948112,0.018380653255682253,0.02081858849825695,-0.04034465015662462,-0.07397649463799229,-0.030783322598554156,-0.03227201410061323,0.020637372355786405,0.05075908545685136,0.032513833902730195,0.032194617506115145,0.0030988160024603,0.0036710965856993076,0.013994855297897806,0.009785307039055684,0.008967828866680964,0.020431349116799804,0.014329833089558318,0.01584250686642247,0.014311643954954172,0.01840110195713695,-0.005139737547813419,-0.007918056869538786,True,9,6
473,473,9.201592839479806,0.16109548069175192,45.09879870149085,0.9480528938860492,89.25864940690599,1.533503331485729,48.01035483067924,1.0219137957151534,50.04251791251804,0.9569523213046457,18,31,0,-0.008171199262197233,-0.011736227254982943,0.01949719100981729,0.022754530866979244,-0.03959137485099007,-0.07323994450621436,-0.030087514723423855,-0.030791132583211655,0.019991402760773228,0.04965156586142067,0.031931100379757944,0.03222407606575337,0.002772294019028107,-0.003496496216989062,0.014036772056316413,0.010945956767749773,0.008518360770960676,0.02217947676595583,0.010744526208775487,0.012118159112804104,0.013911986171669985,0.014566864425252173,-0.0023745601858215816,-0.0035059965292583138,True,9,6
474,474,9.18208924078752,0.15063794934157182,44.87703320284179,0.9701399004899575,92.97780661699178,2.176209121154371,49.69294778002509,1.1936596409901583,51.93675200920497,1.328130488778977,14,40,0,-0.007640768362064391,-0.012027911014137799,0.022667764254523156,0.026562781844759988,-0.039496813248608355,-0.07320914818303705,-0.03144177181976087,-0.032398456096029364,0.019888904221469706,0.05604125714379387,0.03109624587637153,0.030695030094903052,0.0031547347955756524,-0.00451488461999145,0.015051427946391022,0.01491046561507643,0.008658215572062405,0.03398164713662478,0.014065738684263996,0.01773803353715227,0.014204934459602062,0.016355332182946537,-0.0031041135731657314,-0.0006034633183047051,True,9,6
475,475,9.162579577785506,0.14058314103570535,43.49578551262627,0.967848780758026,89.55751966618612,1.689866022209098,50.80967986887653,1.067725221144992,55.018648306739486,1.763294850658909,30,40,0,-0.00784432188124012,-0.010671627320424648,0.024283542239644747,0.033662313181229676,-0.03788441841929153,-0.07166441096884246,-0.03055660492122842,-0.030418614621037447,0.019877646053190798,0.05263912897818631,0.03253040178603803,0.031122471259948253,0.0036800772112947893,0.008235547462278942,0.012835946702947295,0.013342226482754554,0.008612440899210722,0.02527269207067909,0.013451007445672099,0.019264470412939452,0.01405800674586739,0.012780714657747869,0.0012585886462464343,0.01994954418558236,True,9,6
476,476,9.143125677600906,0.13106005719006636,41.58985107341058,0.9469478477059754,90.71890435963003,1.9724163609852399,54.580032031342256,1.5491676040446172,57.532672784761225,1.807861124457022,38,40,0,-0.007490927941206583,-0.011056254470245379,0.03444817762043176,0.03935106946571179,-0.03631765871546533,-0.07372641930854995,-0.028683551728444764,-0.029159009857054403,0.01883160578164027,0.051692300599226124,0.031137707292207065,0.030186982522592987,0.003351022454793285,0.01864197432955263,0.011086646189748674,0.011567500601384909,0.008359266241825487,0.02518660784080033,0.01858228969496287,0.02228901419968124,0.013858097698818109,0.014254935996912146,0.016212412063054935,0.01910478285914258,True,9,6
477,477,9.12372735642325,0.12219176891096578,41.17235917002158,0.9698838655946431,87.87999269510658,1.4860280693107284,58.2954062883337,1.661194501642393,61.65271503963133,1.734577425909214,26,40,0,-0.007222419648145899,-0.00919768120992488,0.04136815599328783,0.04703996658321892,-0.036025508657338716,-0.07474967983213356,-0.028646375795337332,-0.027535369414014323,0.018578550536340274,0.04528555113329313,0.029434931931791725,0.02881149504696685,0.0032349179994516394,0.007021198331674001,0.016987053705016388,0.011469810313155334,0.008466567574545626,0.01904404569887647,0.012820686472754972,0.012902293614054944,0.014296798344251224,0.01614643853428789,0.0196896479536926,0.024869552216520617,True,9,6
478,478,9.104467767468732,0.11416226032609457,40.41504090747504,0.9644744968037857,87.83715290935643,1.8734958153773582,57.64890638382924,1.476637856108642,60.27116441905832,1.6325283991267274,25,40,0,-0.0076944856268868446,-0.011880041153551013,0.04209520602267119,0.04671870434060515,-0.0350862612565605,-0.07121879979260595,-0.02646192232808508,-0.026081017558929925,0.01852362528035196,0.0500211216338889,0.029174590037612646,0.02774448500612461,0.0033025518421655716,0.010407577261336374,0.015565624131187434,0.011196917351658791,0.00837838268555356,0.026550036059521907,0.006892424596112996,0.008105711495752661,0.014221615461360297,0.015999405404540312,0.019349721760418236,0.024915402600824962,True,9,6
479,479,9.085219848177868,0.1071007286054804,38.96956042085878,0.8972652801389278,80.33374108792891,0.8999684634374474,57.870175207543106,1.384434971603427,60.10783715989538,1.4902468675231468,27,40,0,-0.007266040142316679,-0.007484700953921916,0.042517586511004894,0.046565308353342695,-0.03386511450226994,-0.06867299837093528,-0.025955044910987927,-0.02589613062218183,0.01786016012787544,0.04100620079400527,0.029454162006404976,0.027821117245673457,0.002868113929598839,-0.004379095301412301,0.015025925362421538,0.010905196637832971,0.00794431467498602,0.012851127181779665,0.009024117306908599,0.008766483084466686,0.013187293014288467,0.007899042535250748,0.016632346668529092,0.021925572040285144,True,9,6
480,480,9.066074741533356,0.10124801885581086,38.55720671771452,0.861956516416425,85.96744489716187,1.5003719424824353,58.324774387161916,1.620415252315426,60.84863366652225,1.599714192579401,23,40,0,-0.00511731540202065,-0.0024869199569910044,0.04401031124753451,0.048182022413360545,-0.03379914319129463,-0.06796719899725359,-0.025728069713209158,-0.02618929189036544,0.01783505515783941,0.05258019277010889,0.0283361648788386,0.026366075277186887,0.00264154900118474,0.008724811424708618,0.016187900249596404,0.0122545141014257,0.008046384493983618,0.024626013433219605,0.012438148825184544,0.011949667142767628,0.012433793718562718,-0.0017794002161750713,0.019572740889677465,0.02205843060399073,True,9,6
481,481,9.04712588654729,0.09681761313416144,37.82464854733723,0.8774258779987724,84.87039615273618,1.1489030117680628,60.04746180388671,1.6042311155348836,62.504913769252504,1.6401291730698409,24,37,0,-0.004615664421233498,-0.002941246322283455,0.04645609838879491,0.05086261208339807,-0.033056701822441005,-0.06832900470696635,-0.0244471247641932,-0.023561409795967377,0.017794778568511763,0.05025415733001003,0.02915247300562702,0.0276535514135518,0.0023470748932088387,-0.00025204934177319987,0.018019210073632694,0.011098807233006358,0.008313019178130708,0.019103266892347454,0.010006449967898715,0.010385863585550548,0.012645261739929668,0.006090155781384589,0.018950711442344313,0.024256512436303196,True,9,6
482,482,9.027916634391628,0.09084689147895385,37.453100841029844,0.8295535279886842,86.23394057987063,1.292567707157116,65.94932843991322,1.409392819375794,57.324968358418936,5.906799134475909,22,40,0,-0.003608847984085877,-0.0015475902589388996,0.05408391316541019,0.04122949575849518,-0.03266747323748099,-0.07004112905168539,-0.025307107178623008,-0.03475427375678297,0.017959598300479145,0.05028058982836469,0.02799633162829739,0.019453049437878536,0.0024345505269139376,0.006170148931031406,0.016822240244040203,-0.04167444884973411,0.008386246549929309,0.02146887599796851,0.008887644903466121,-0.0017554775992242898,0.011548552658921818,0.00315443758660092,0.01559199874423666,0.09427801687996368,True,9,6
483,483,9.008807140081151,0.08388985966373166,36.72974252450176,0.7612954130577247,82.63005007048395,1.5741821022727656,63.93067044013053,1.9201812036961028,68.33472027259295,2.299598517631233,26,40,0,-0.0024673758902978493,0.003196897655448474,0.05168510678773698,0.05812205451289428,-0.03209666901722209,-0.06380054075892909,-0.02236131782070833,-0.02194627803338134,0.0176858666774084,0.05241179274647549,0.030261391649857666,0.02845736555648109,0.002006874642959387,0.013402691969724852,0.018588537779787605,0.01650804839276638,0.007959094085260356,0.0230198734488325,0.011205301169097261,0.012097177518192235,0.010448569688606016,-0.00673128929168984,0.025535487361397224,0.03452544367449612,True,9,6
484,484,8.989821896377538,0.0785862215629953,36.386901232354425,0.7713866973750957,85.02768051176352,1.7806090595172703,68.18653113038648,1.7375153033273973,59.90121106002388,6.301168679221191,20,40,0,-0.003153259779127704,0.0003557300497708509,0.05773036183824856,0.044300510270148113,-0.03161207588412699,-0.06267053878421053,-0.022148253881523545,-0.034251547555748545,0.017740918588242505,0.05746288783065973,0.028741315203372933,0.02127090421910467,0.0021832143117967292,0.014767863661418624,0.01919517547158076,-0.03525249026937222,0.007868835465917979,0.02734414821256851,0.011714165455401826,-0.005269126542622984,0.010703913881387972,-0.0001348871807349758,0.020345790672565915,0.10403965418669137,True,9,6
485,485,8.970599582292643,0.07518595302125995,35.66912890721993,0.721389132251283,83.4834530787352,1.6935124329216091,65.01019135782359,1.9555473840117494,68.8192500581461,2.2707044982359474,23,40,0,-0.0025460933583389316,0.0007534133408269375,0.053138545379744266,0.058817460932341505,-0.030857442532699366,-0.0630681685266087,-0.021950771057018866,-0.0227782737706621,0.01770938750921812,0.05469301075079457,0.030344416707329257,0.02752718133167451,0.001909611628626935,-0.0047648048835368904,0.017604597005397404,0.01648900538623531,0.007885391833986715,0.02848289323149513,0.01598048710416872,0.017154114491231297,0.009627958188354779,-0.006297572822687426,0.02448692804949869,0.031693636680803106,True,9,6
486,486,8.951350543883814,0.07403850835624014,35.12025922257852,0.6681127595866079,81.46577776374366,1.7088017585987603,64.48159719921426,2.0878730501120404,68.04509304802991,2.399653694175636,28,40,0,-0.0018642425102644647,0.004879199460787106,0.05190594253310618,0.05693596768293256,-0.03032178070650452,-0.062257492932119976,-0.01974122053660257,-0.020059783993967586,0.017622338735556197,0.05231511189972316,0.032770927952025034,0.031401199627378404,0.0020502441737102616,-0.00873319385543597,0.01955248053841479,0.017100302742953353,0.007838688949414434,0.024793824660801954,0.012186827245175762,0.012974696114817724,0.008385997342259841,-0.01408834626696883,0.02823250305764364,0.03596285480262866,True,9,6
487,487,8.93203057537176,0.07525042939911684,35.19293526383205,0.6695179726123579,79.75336588259457,1.3734881998471598,67.18626682012436,1.7737282992874552,58.93454597338321,6.697983697534662,28,34,0,-0.002418814173872177,0.0009438323301161379,0.053558128373297875,0.040265409710986584,-0.030477855540733137,-0.06627588880957092,-0.02161957986476641,-0.03568893988476956,0.01742964004547284,0.0443532987796513,0.03432368134168123,0.024047391954149847,0.0013109642083930233,-0.011713354038693308,0.019736609227306502,-0.052450306088793676,0.007874801567697487,0.020449959417933976,0.012487385592362668,-0.005962671519781305,0.008533167416355694,-0.004387262318189707,0.020319744126149362,0.10430464448301797,True,9,6
488,488,8.912633421678974,0.07873903193813735,34.32404155329164,0.606356922060004,76.3676444072888,1.6175140130301993,64.74902953125765,1.8000242807945819,57.79157664445228,6.547884446932798,24,40,0,-0.0017485773305243781,0.0034425054496307027,0.05073539700614181,0.037849896380244004,-0.02968551066752081,-0.06191310420366351,-0.02176930628136338,-0.036371269488069756,0.01714213412267492,0.0445750355738913,0.033829774162666894,0.02417400320349528,0.001074199207408068,-0.02004994028034669,0.023654741871750807,-0.048020486684794056,0.007141377571618866,0.016868275324584014,0.011428332861014228,-0.0032361574424843425,0.007735962663425553,-0.010509398203446485,0.017228855509232525,0.1036531150991024,True,9,6
489,489,8.89319350185736,0.08426291158573825,33.60264704253022,0.5281765580189093,74.26592810415865,1.8426889690708985,60.85272749423524,1.8985432878919817,63.642536945639065,2.0730649213136556,33,19,0,-0.0013401752331034006,0.006647820705071479,0.04679017559673399,0.05101720983252969,-0.02938303547646025,-0.061793688846383726,-0.018207527894594157,-0.018743843674810492,0.016247431944726512,0.04065433034501485,0.03438342389992637,0.03311019682929923,0.00012481060701647356,-0.021593489549046947,0.020484143583036424,0.01974634916449611,0.006346352432896867,0.011429183760271328,0.0157071594028637,0.015896222420045125,0.006684870966583847,-0.020914689090457586,0.020776629308810766,0.025816953202436092,True,9,6
490,490,8.87384460719507,0.0914181760328778,32.79228615128232,0.513577824703332,74.85687409499933,1.8695796239924871,61.4712949757968,1.9379937498465611,64.08440468135848,2.16841603466767,26,40,0,-0.0010594672118363888,0.006804837351370125,0.046490425704758,0.04974517531445809,-0.028256721548766475,-0.05872113407392829,-0.01923864523903182,-0.02033279759609661,0.016606301441624564,0.04592465787534751,0.035316213743243716,0.03491139925889705,0.0006656012270609688,-0.014645069506203649,0.022779139731955205,0.021979340410785263,0.006550222240659044,0.01678363264371057,0.012566533442644218,0.012936916079266706,0.006082607905404509,-0.023844693374115468,0.021616687053803953,0.0279618394400268,True,9,6
491,491,8.854475626522726,0.0998693441537916,31.995032162917195,0.4945104733459642,73.916502177039,1.8039737584830877,63.43758518107157,1.8044277702007843,66.35564852507287,1.9688452352128905,33,40,0,-0.000999401976119931,0.004452636803094508,0.04674573396970105,0.05004966149984163,-0.027582019884804212,-0.058792968492111644,-0.01939897303507233,-0.020070297516973784,0.01618380233043206,0.044578135621327945,0.038247136029043845,0.03866893627337621,0.00045233438505884135,-0.018581172793662552,0.02112959651374601,0.02060830300275077,0.006367918750991212,0.01993692848832302,0.012703825095244304,0.013234603815126143,0.0058082986754044285,-0.015766479128628746,0.019595279652427886,0.02410284878731171,True,9,6
492,492,8.835102457887517,0.10931428203647646,31.6193185578212,0.5901451915817573,79.26642943619916,1.6598306360387172,60.900564279694024,1.7525284642484886,64.0486359246248,1.917979161660363,32,40,0,-0.002677648519952713,-0.0009413881687819307,0.044194520014157,0.0478668926849253,-0.02677475899788087,-0.06009099317201784,-0.019817745970145437,-0.02023633552604388,0.016604932552406488,0.05168513484049475,0.036918560033758145,0.037436333594148316,0.0016829982334109707,0.011371870910439737,0.02103356088977603,0.02105236337090431,0.00689583953170462,0.026639381182223802,0.010424287611043095,0.010917961583504329,0.007463540262696824,-0.0005063695287275127,0.019608979819160214,0.02362573119760572,True,9,6
493,493,8.815728842950985,0.11887625996031097,30.522766782235177,0.4015293681525632,73.92941864626637,1.8219577749847264,68.54289627266832,1.989489281195515,76.36971848068208,12.958283171862407,32,40,0,0.0008525801937532365,0.008101422991211728,0.05128920526919771,-0.00044633962763940445,-0.026195814652908732,-0.059240527157829924,-0.017307902850524963,-0.053800942608472554,0.015642624259579692,0.043479717443364325,0.04204738459424866,0.054199568782373864,-0.00014746674848162874,-0.010360059009202833,0.03081339612939135,-0.002316829931714956,0.005901336226859339,0.017735479007907496,0.015760949777317047,0.08682717052620346,0.00377686135515053,-0.024275680545694407,-0.002797037851189402,0.20882085465526104,True,9,6
494,494,8.79642705534537,0.1259385818206713,30.162614660316915,0.37863139899779735,75.86255968640015,1.4513222958049028,84.9738008206643,3.891095031896363,82.51994978481972,0.0,38,1,0,0.0014345326703113412,0.006216260803759919,0.07077766416608619,-0.0033912681849781632,-0.025781110739620264,-0.06281794874029639,-0.018204694839259444,-0.07187920619546756,0.01559037421603507,0.04207601905900504,0.04335502470201218,-0.04039085452545142,5.06750178688612e-05,-0.018925038728129485,0.04942094004538718,0.0,0.005716428329076859,0.013799597564949376,0.00984786104330469,0.0,0.003315171399955255,-0.009645764742843496,-0.04552677325458599,0.0,True,9,6
495,495,8.777105451700923,0.13404150177293678,29.418296565052724,0.2922274204338471,76.85185151573542,2.2222034600975777,112.17994546131658,7.215048211097669,81.95370327533638,0.0,40,1,0,0.0060211602820463145,0.014270272638149475,0.10109488286001468,-0.009017284904023731,-0.024890084077281112,-0.06496567263977723,-0.020904125841273696,-0.06894672678804743,0.014479831362042105,0.03849711390079556,0.043899685033449425,-0.04337564891406111,-0.0014216949264813593,-0.029603583803911385,0.07956934151657441,0.0,0.004726209968766794,0.01190777825373158,0.0010503383246143378,0.0,-0.0012865051956819692,-0.02204746689382371,-0.09759642176936471,0.0,True,9,6
496,496,8.757704245588622,0.1430115600889415,31.17352461272421,0.6119573848548784,80.95388558783021,5.34864550891854,141.05352160293984,10.628453287548911,83.0548923861956,0.0,40,1,0,0.014245758876417004,0.030469550397102273,0.1301179345233065,-0.011961670325681491,-0.024814213847922414,-0.0708204267809266,-0.03263543712883944,-0.06944013888743682,0.012373430483284893,0.024690185113387934,0.043592973234101634,-0.04396704110576159,-0.004646910036503822,-0.07841157904671063,0.11860780482762118,0.0,0.002111367341151099,-0.002918366318161624,-0.011308745303866557,0.0,-0.009382168905051756,-0.05057277161928401,-0.14217984736643755,0.0,True,9,6
497,497,8.738307556711428,0.1526760709725156,30.194436952556217,0.5626897549806855,80.91307351655624,4.936016276893554,145.92320993915854,11.224065883879529,81.43115665523356,0.0,40,1,0,0.013432203858985158,0.024575508247559084,0.13487273255559643,-0.011350037449442825,-0.023819580957584505,-0.07304120981265702,-0.0336412018013127,-0.06785213684262491,0.012802635876163716,0.024656673120540963,0.04439818412162427,-0.043569455470491465,-0.00357944742389903,-0.07980269553459264,0.1291342785143034,0.0,0.0022912987574978494,-0.004882613030939887,-0.011393114671319803,0.0,-0.008853552992886463,-0.03208530632610354,-0.14686773809090337,0.0,True,9,6
498,498,8.718780045053373,0.16300920487627554,30.133305972782225,0.5337895849183918,88.0551598189979,5.078648536457364,159.24525042531366,12.07900481684609,84.11092819636231,0.0,40,1,0,0.013697973975738607,0.020401764693862137,0.14928920972213686,-0.010002927919857277,-0.02353236074142217,-0.07954016029199522,-0.03569431851036471,-0.07084515306739292,0.012907735500267794,0.031793742605255665,0.04239926024875119,-0.0442216458529239,-0.0033127086014694577,-0.08771133142318507,0.1391356241791409,0.0,0.002479395388923208,0.003176820227919032,-0.012026363898839747,0.0,-0.008347071584491711,-0.012390602467115958,-0.15792733866274464,0.0,True,9,6
499,499,8.699342085904432,0.1737811482944866,26.503164950023084,0.32960448598495246,120.66794741024344,25.06991221947073,86.32827941313586,3.25621816698682,87.95229746966979,0.0,32,1,0,0.0069108571382920075,-0.018883482704460223,0.07164956053867096,0.009665224186276682,-0.02225578258586307,-0.045132348209989966,-0.01443368447091008,-0.0819653948657785,0.012622913588908252,0.1103052073032087,0.04594106064994574,-0.03039513309922012,-0.0041144054367885305,0.4095569514104599,0.05047841209280438,0.0,0.0036792442922334184,0.13594384008707547,0.018414452499501542,0.0,-0.001621171460240458,0.07235037069674685,-0.01851170384748186,0.0,True,9,6
500,500,8.680095940173064,0.18484837071135746,25.68834270294945,0.33579861229680813,62.41590615335439,4.925265209389208,74.29782359204484,2.0966333114771443,74.7420832410657,5.517938573019962,24,40,0,0.004616488763430794,0.019471363706048423,0.05509060406808418,0.04782535878249607,-0.021820459002406076,-0.048707232894069655,-0.019594938823014264,-0.03447965665743141,0.01274545217893853,0.03382627381450671,0.04583917872792365,0.045937646231882234,-0.0035750152034417153,-0.06759484078322786,0.02760590613432531,-0.004424408562775129,0.004605112116242852,0.0028759717400889794,0.020825741608848994,0.030764618083052874,0.0006009031723243317,-0.053029689478331886,0.01196918496136092,0.09115287310502415,True,10,6
501,501,8.660729265950472,0.19632678602669904,25.10256929405336,0.40563370729847015,61.01500235018611,6.339881314291421,77.89390724783627,2.5137704387647006,84.73921709152431,2.8937685449138257,24,27,0,0.007045139450536163,0.028834296423270185,0.057327505766566644,0.06250049458184455,-0.021266601697373193,-0.044606259598247044,-0.026938216428057358,-0.028019313837601232,0.01132416211163251,0.030028244474527607,0.045335972081713735,0.04989329756970684,-0.005466031521213089,-0.07291588923838298,0.027520531900565443,0.02681109196508861,0.0038880464448089475,-0.0028601659604287205,0.020677301723714396,0.025801738505318094,-0.0022642768980286384,-0.08318001010443038,0.02720220086143435,0.03415070057982209,True,10,6
502,502,8.641392099768069,0.208080532536518,24.00579936813725,0.3489984403131831,63.15138849316487,4.284787448235593,86.59835905184538,2.917405158903025,98.12959776083073,3.3537911138666314,40,40,0,0.005000190363887467,0.019371896239329223,0.05915509452019867,0.06615878727430283,-0.020106028146287282,-0.04652367345780915,-0.020739200519285177,-0.017215082066496034,0.012125350791166797,0.03805752636074031,0.05974810578252312,0.07039938758639729,-0.003928093126310427,-0.050847344092451674,0.028284534686302407,0.01892062982462197,0.004646385184237715,0.0061922520955697245,0.03541902511752447,0.04953525704913918,0.0002890740972221525,-0.05448667477999313,0.023198138783805028,0.024790701306558284,True,10,6
503,503,8.622122847660949,0.21968874866760865,23.940314249729383,0.3789802368909678,62.62831667137557,3.9046383607065454,86.92564293805763,2.806457620721786,94.79100256059372,3.3111427923763,40,40,0,0.0036113017549249116,0.014908934165278321,0.059507122409359854,0.06663842689559009,-0.02017157739415698,-0.04664469581071126,-0.023258367400585282,-0.023789528381663618,0.012377585040798833,0.03904231145656865,0.0589408018999703,0.06307703676221325,-0.0038461844697515587,-0.05240056647411151,0.02264394868756473,0.021169456411660296,0.00515228021202819,0.00868145872286744,0.03614181578669419,0.04565323945044157,0.0015530168234717864,-0.04269743827115206,0.02408837467497354,0.02841407523432023,True,10,6
504,504,8.602972801406096,0.22973598671593315,23.014120821228293,0.3756747208871215,61.679212786816095,2.985596632327247,89.362476452929,3.078042753144562,99.36490943756642,3.68355718273919,40,40,0,0.0031984022942369832,0.012566700339944892,0.054210362818101925,0.06008216760226082,-0.018938968599704224,-0.046924129167960515,-0.023747162068828393,-0.024573121263879966,0.012678148457788729,0.038006965603635395,0.06695491807632087,0.07523084523717827,-0.002917563908900264,-0.03714033316432738,0.024179364830858464,0.016180227565293376,0.005537762624475592,0.00911435320281391,0.03801217195820694,0.049909115424172076,0.001952464618959364,-0.03539518457436505,0.029265752931264006,0.03715522010774536,True,10,7
505,505,8.583789465897514,0.24020160219556186,22.30246728664545,0.3794756355098669,59.49885319467652,3.549741114020294,94.54333758414091,3.1675204334663722,103.67773337151074,3.7500435753204107,40,40,0,0.0037806788671409988,0.013690339231180564,0.05367095469988808,0.0594481250432815,-0.018459372289974012,-0.044619486729750295,-0.02969721146917785,-0.03196431969349852,0.01193139090951191,0.036902432808562965,0.07194405419564794,0.07869736394838306,-0.004151092851861803,-0.04593208986639281,0.018636593523116595,0.01086977784784831,0.005009105381209456,0.008604718502490352,0.0412282921122308,0.05128323710326038,0.0012420689857268116,-0.04067656670497831,0.03176772655462141,0.03918749215745666,True,10,7
506,506,8.564654552595798,0.2509711456867853,21.777492017379345,0.40141127877712934,61.56743768472268,3.235572832232617,97.26287359861288,3.2577147212317077,105.68439044014379,3.9621749051240536,40,40,0,0.0028703818390940225,0.00995548692771521,0.0537943217802669,0.05913625141644905,-0.0178859613132185,-0.046217152248436144,-0.0317815314492178,-0.03238777965114648,0.012087698480971116,0.03943871829990391,0.07453973291878116,0.08138258954090896,-0.0038789104675759807,-0.04638364262100756,0.012011984213808799,0.0020484700297124696,0.005325202786884625,0.011198317252068928,0.04609766498029652,0.05833552513346973,0.0023831875330315826,-0.030202223517983844,0.03104081820916187,0.03707974325356629,True,10,7
507,507,8.545409334105594,0.2620633758320191,21.271780860178684,0.3874197747214498,59.41266652948951,3.30913660422965,104.09735902795856,3.7664386984110063,113.53041549521828,4.477012379274623,40,40,0,0.0036981019210414706,0.012552740157218465,0.05192366796638546,0.057080971592604626,-0.017479641590896176,-0.0445333449136719,-0.03571691542213479,-0.03749536508304294,0.011544471967087366,0.03727029446475587,0.08285224688709614,0.09069187131077673,-0.004385539397698662,-0.044084932825283564,0.005321275041718007,-0.006184682805944744,0.004920259884820292,0.008512156535895016,0.055310979877441525,0.06433768395646094,0.0015097545476025868,-0.03632822502143087,0.035124075416991876,0.0439096114099867,True,10,7
508,508,8.526155949627181,0.27340926179515757,20.647678814874887,0.37816168727802507,57.45483730304337,4.137314565215152,100.27238970344764,3.4307723671531134,109.77549146268483,4.138056338885932,40,40,0,0.0031187822553579614,0.01065305586725753,0.050670689907952655,0.055631493598140534,-0.016892132174679324,-0.043454867531771635,-0.033585876100916234,-0.03479871068409883,0.011456688364403611,0.03604504429189196,0.07974347777483799,0.08800480203169839,-0.004538516350824381,-0.06303068606136733,0.011005539744425811,-0.007944987047395805,0.004605301522430967,0.007978086400900407,0.052200302472340324,0.06399538626128498,0.0013248644009088931,-0.03431810581565675,0.027192171248636737,0.03252056629786473,True,10,7
509,509,8.506865842300616,0.28499617891114437,20.415328306275836,0.4054950263245721,58.536440150278885,3.7895459691190196,100.54543041566707,3.499694821921651,110.31487849703879,4.092000825773066,40,40,0,0.002465291270935292,0.009157123917859453,0.04808479202484087,0.05188485612535648,-0.01649049130297777,-0.0433364566139693,-0.035000406816373675,-0.03799274518964919,0.01178013859803407,0.03827026829231414,0.08106915489930737,0.08963194428116505,-0.004259576948262189,-0.05695198836768906,0.015391919001460957,-0.0017466727018861513,0.005498752165875205,0.009850623214372672,0.05552291879138805,0.06641161767381396,0.0013064526846558629,-0.03215498450139812,0.020278239597733665,0.0262126620253347,True,10,7
510,510,8.487538989807476,0.2967435776106813,20.102758636801774,0.4201261440959742,58.765014700397145,2.721550855066225,100.60352184974192,3.14856922772797,112.26964075021371,3.9783843863287984,38,40,0,0.0019590229571977732,0.008093521473036571,0.05162796691005291,0.05691364079701525,-0.016076935752486605,-0.04629241036135352,-0.029629300128151265,-0.029566593885209748,0.011908621694935916,0.03528221373212624,0.08110318252215457,0.09214730734773234,-0.004209144316456768,-0.039388772387371714,0.009405190426706567,-0.012842270378376458,0.005584297019548661,0.006825557071281159,0.050252634678785976,0.061600290464951406,0.0022057937793547016,-0.02565518627321666,0.020150342227923588,0.029356863096828334,True,10,7
511,511,8.468258220722197,0.3076334681469441,19.656683857418205,0.45719194635170207,63.880546456144465,1.891025081822434,100.70479449970571,2.9502986338324004,112.29893912294368,3.7815561835345566,40,40,0,0.00021701096256129533,0.0011702779231213575,0.05055500923250773,0.05555551930009736,-0.015357719873609982,-0.04842717590250461,-0.027895020674267516,-0.028317981007031954,0.012266970563115352,0.04164328636438488,0.08250766327021511,0.09339554569207516,-0.002790393128966091,-0.02856814369241944,0.008044639948426956,-0.019319579621103998,0.006121158088840711,0.016241409969479904,0.04743311115410777,0.05744526579631843,0.004291576205824877,-0.0030630553194726552,0.018353571170229392,0.026131882949055146,True,10,7
512,512,8.44894589016719,0.31878515807885255,19.31905734113274,0.45926322894228183,59.1844372338722,3.9870187692836905,100.00827714493838,1.1528238276218388,162.69861246002614,10.253057573084531,40,2,0,0.0028486969704645893,0.007835328122523081,0.06398443164438546,0.0039022110880772513,-0.015734248706914297,-0.04580201639986972,-0.023750172155048807,-0.06732805039196929,0.010841785819200011,0.03665488422582483,0.07309977651983154,0.1480626383509976,-0.004985807756260442,-0.06550487527864611,0.004997620439117446,0.006574068021414918,0.005435949809551589,0.01224490881652399,0.019210879459955872,0.15382961201213963,0.00313734018458088,-0.02003669381752487,-0.0032868369754113546,0.0911931801587532,True,10,7
513,513,8.431531622115937,0.32901103335574555,18.944079768889733,0.5355627259092579,65.80183774303255,1.2463348581485298,102.2142946275663,2.2529931924580167,135.2321522943017,9.528855821225367,40,40,0,0.0001243557854057613,-0.00017726033271717742,0.054461897623865274,0.04407689926548868,-0.01479392330513385,-0.05254736313107059,-0.02329381279412218,-0.0382303271923698,0.01183226635816279,0.03960587149787556,0.08330103252019712,0.12199755754954078,-0.00317342100066503,-0.009313304097107379,0.0044102369962086925,-0.04493022436027903,0.006742757613387343,0.01749763993744939,0.03716027534441864,0.1370934416162646,0.005642450850554821,0.008959498239438597,0.012078707145174249,0.08273843552481992,True,10,7
514,514,8.414123207615278,0.339405373541572,17.791765682884293,0.48357636551814004,60.64938810170554,1.7322250109136357,98.18695445031086,1.771637037825618,142.13144653829482,10.707639536958238,40,40,0,-0.0002046303423067535,0.0004273433071875269,0.05580912580632848,0.03685522875985468,-0.01382788266548993,-0.049323429701440234,-0.019925394831999805,-0.04795366078458034,0.011193512117611238,0.035289728495642846,0.07828791823614764,0.12862148586252742,-0.003356292681638163,-0.027293291511755777,0.006007981911217119,-0.04533478021982889,0.006185706358689787,0.012380004750874469,0.0301966029457472,0.15740194647569858,0.004658962575584571,0.003980931206719652,-0.002858556861006764,0.08997139450339785,True,10,7
515,515,8.396791031130997,0.3499289493479842,18.186082489373398,0.5479288511230518,66.75528831877071,1.5140509522402066,96.08632796498054,1.9926063105070941,133.36704447679497,9.552291438795448,40,40,0,-0.0013406447273006964,-0.0033859552096151277,0.050910474851567106,0.03929215540321675,-0.013862181321910935,-0.05424858444262031,-0.025342956889123625,-0.045556374388529025,0.01169513561374635,0.03875428894732272,0.07744959979430349,0.11902735748061054,-0.002496293370539056,-0.010963537138458651,0.0035877991719257206,-0.05763053771789271,0.006764882691260434,0.01656582740190795,0.03388755317131416,0.1347838769412645,0.006281636645177697,0.01742595894825376,0.00694541447705804,0.07941808042940421,True,10,7
516,516,8.379669691526695,0.36048733888873774,17.498758060166434,0.5421801432527407,63.24820262972589,2.111649401711568,95.10525849017141,1.9187700307672386,124.84499367288879,7.785759106023516,40,40,0,-0.0014381036659980734,-0.0030908932848223046,0.04973960321551474,0.03935310133268591,-0.013369347520220122,-0.049858212099700504,-0.02772774430151502,-0.052452818884047805,0.011198166741822817,0.03879355875417958,0.07617187315797923,0.10623703521748089,-0.002911910299574081,-0.029180241806985356,-0.002279256278213219,-0.020749332545539883,0.006517637453597515,0.01716346416890745,0.032718146136827934,0.11068682434134926,0.00621178768761462,0.014568366798079166,0.006769880967492087,0.07604738347244272,True,10,7
517,517,8.362434896329713,0.3704869762640421,16.70269824327502,0.5102222634084026,65.47764082601869,1.4313544715159856,95.67235897592981,1.0467507133692993,176.10651823283,12.83033979210664,40,2,0,-0.0015323819000700781,-0.004176482834013826,0.06192263402708355,0.0023870681029705496,-0.012495986545053477,-0.05000534313780599,-0.02418256078675736,-0.11403786909242256,0.010976440888743609,0.04206357208973789,0.06880400730307674,0.13417589978390818,-0.0022508661929452733,-0.001701435541439272,-0.010008185685620072,0.06807770847652553,0.006221646523569991,0.019383537618741415,-0.0032144147991181233,0.19212987385589145,0.005960266878608763,0.015667684274345284,-0.0149421926321151,0.0927196397050041,True,10,7
518,518,8.345244890559716,0.38016078118091445,16.028169398398884,0.4917402098742347,62.64515289888516,1.9872407734271014,137.03854498172495,8.675265347509619,135.05624348023173,0.0,40,1,0,-0.0012572744972648656,-0.0033485953213811346,0.12632077184047424,-0.03747568615309096,-0.011849285183566328,-0.04830061894455468,-0.014484519697658883,-0.05063336479206961,0.010719884129075898,0.03975238735813549,0.05111579111647629,0.11946557755345205,-0.0024888837590280686,-0.026504425758927423,-0.026735004976567278,0.0,0.006119289079786988,0.01792098636369394,-0.11831915387223783,0.0,0.005478943332611737,0.013391273369067168,-0.09061674271686117,0.0,True,10,7
519,519,8.328215421625327,0.389950576555386,15.070287236458109,0.4658603708511861,60.78052314678491,1.6139966642122738,123.25649845776258,7.4885234963773675,145.09738647119974,0.0,40,1,0,-0.0012709031205104108,-0.0033655768386895053,0.11105672101155883,-0.03680343131929509,-0.010829008436461644,-0.046328494212438474,-0.008181889959974346,-0.05758225636756492,0.01040340996648078,0.03919968763329355,0.05283583828153088,0.1279962607091264,-0.0022799949762943483,-0.01745730922554567,-0.022739189524838995,0.0,0.005882445713334346,0.016233919283184326,-0.10176261900402808,0.0,0.005129163722562743,0.015007534750649977,-0.07880120223431207,0.0,True,10,7
520,520,8.31111975334744,0.39995406214207274,14.94816654936357,0.47289373932721546,60.663422490456824,1.3700375514793146,134.72442323408052,8.544469698220531,144.38264314961623,0.0,40,1,0,-0.0016113949534626876,-0.0038372706431798694,0.12550183002249812,-0.03897355083720268,-0.0109935065967572,-0.047671053923588426,-0.010914126833146775,-0.062493789541567875,0.009999695105278107,0.03732019292663125,0.04775816906278578,0.1241850886650391,-0.0022533835342101608,-0.008888828745157272,-0.022848198245300842,0.0,0.005770486669834703,0.015336222075371874,-0.11957606175515346,0.0,0.005453886637806556,0.016048576074796882,-0.08613374733225525,0.0,True,10,7
521,521,8.295870898730824,0.4089927389529468,14.359791114178499,0.4523973725382527,56.55299240521757,1.2571087515740214,117.5333411610883,7.199094775489819,147.55934901655377,0.0,40,1,0,-0.0017636146678768894,-0.0028954307362235197,0.10809162481644399,-0.03669930151269599,-0.010324306266927347,-0.04497113002653369,-0.008185488196113084,-0.06472632935556567,0.009823541329519308,0.034168039085861045,0.04542339388488247,0.12742615523833478,-0.002126174495307504,-0.013844623691870832,-0.011054169147791658,0.0,0.00556906663807222,0.012321355123257445,-0.10134379561492492,0.0,0.005177732163106581,0.011743267804267316,-0.07344819240214069,0.0,True,10,7
522,522,8.280574426515285,0.418157231803455,12.872048150056896,0.4191252348613827,52.60874568837754,1.3738873801454718,152.49614984512542,10.373896390733895,147.5661320469356,0.0,38,1,0,-0.0013916684831853075,-0.0022007903653289236,0.14547460042395088,-0.03926928456806186,-0.00969176191711774,-0.0414025031699663,-0.014940880730715308,-0.06666588767030246,0.008355993857836311,0.03238316500796654,0.04323177572190752,0.1256556645676462,-0.002291344517227046,-0.019500312682627138,-0.009613076996545225,0.0,0.004907000271285739,0.009902104996807624,-0.1497163641200587,0.0,0.004917519789624203,0.009832180275430251,-0.10136485180756595,0.0,True,10,7
523,523,8.265197338593008,0.42745158851754617,12.312038095147818,0.39589351078992746,51.80930088880778,1.4139977103156594,153.8029091911488,10.835350069581972,152.33392151667388,0.0,28,1,0,-0.0015168092755125213,-0.0028437386814413653,0.14928844371375,-0.03942261055299465,-0.009486053205182619,-0.041820839658062874,-0.010968830729709424,-0.0722249376481447,0.007700673104770443,0.030448878127006387,0.035326763248424715,0.12819921920026145,-0.0023551440782442505,-0.019793866234746934,-0.0018172470752790748,0.0,0.004511222149876898,0.010922404928375009,-0.15518142128167503,0.0,0.004673902927298747,0.009897111106175391,-0.10806930525894919,0.0,True,10,7
524,524,8.24967057950401,0.43615933806072854,11.845086163589952,0.3948879363604504,51.03490343658273,0.911959227680535,163.83025733653938,11.58149236742178,157.6216199185476,0.0,28,1,0,-0.0014674675345268692,-0.002867081017889441,0.15847792219787551,-0.03811484233720031,-0.008903736811630113,-0.04337663189519282,-0.010763652071150941,-0.07010387621376322,0.007673074745315764,0.026735912564322957,0.04011539840126287,0.13593116051576548,-0.0019907847423652147,-0.003193078466490774,0.007076005728448792,0.0,0.004702295800698446,0.008929252690891993,-0.167296418031349,0.0,0.004628839940629561,0.01278333892196128,-0.11322750225857502,0.0,True,10,7
525,525,8.234098609400368,0.4447258051520027,11.54681749247915,0.3695279288954869,53.699351752063244,1.3460995439993377,154.68775262650897,11.372020158396667,159.17351199765,0.0,40,1,0,-0.001562431604337512,-0.0034834581389036265,0.15035334961949884,-0.03628179525157612,-0.00882162522480705,-0.045887455376147114,-0.010385779117103913,-0.07094790689875831,0.007284691488281283,0.02767358554810762,0.03484690320484028,0.13779053944909955,-0.0018029181366575968,-0.015453267874823888,-0.008494525142342854,0.0,0.0042702326884253876,0.009484618989861866,-0.1727503848818171,0.0,0.004484459703443544,0.014939892904769467,-0.09736086566192044,0.0,False,10,-1
526,526,8.21852478157473,0.45342564605181523,10.800081581782477,0.3468631860281689,51.307010911823184,0.9558830008124121,127.50103002213129,9.87973823920305,163.3501116971504,0.0,37,1,0,-0.0014210979275446666,-0.002946994356593205,0.12409978608620595,-0.03158401110882204,-0.008297806181075002,-0.04433980552780212,0.009629772007980259,-0.083466586266455,0.006765253538101795,0.025645784034122255,0.027622875323482596,0.1368175361961095,-0.0017748861636572978,-0.0024802881702373067,0.019221452539244635,0.0,0.003941096521240317,0.008770533345977232,-0.13903601382939415,0.0,0.0042387850652542795,0.013973496416345247,-0.10016483266345559,0.0,False,10,-1
527,527,8.202968331662449,0.46225096531894916,10.35149861762735,0.3455104961528519,46.559363781596645,1.495075915712534,138.4376107433899,11.15912682051891,156.757945977832,0.0,40,1,0,-0.0018749168473603355,-0.0031412943278677687,0.1361763336969231,-0.03321868282267992,-0.007947346680173453,-0.03873307519369519,0.011780285227356975,-0.08373867816438299,0.006362223761497336,0.02564479502223235,0.021959123141981413,0.12828642374778784,-0.0017809098861131768,-0.02302230336430065,0.024311403079558116,0.0,0.003919231993349624,0.007725439222211512,-0.15964784148193592,0.0,0.004222848267414247,0.009549231986569418,-0.10887766134571861,0.0,False,10,-1
528,528,8.189026247335518,0.470258536900219,9.95539809158865,0.302666157184968,48.58545883396313,1.9823208491444537,134.0947385867428,11.042114525523786,151.9196359837619,0.0,40,1,0,-0.0007961033257673658,-0.001655809210907899,0.13237308146894056,-0.03107432068702919,-0.008003008164139245,-0.04396264326343949,0.01212600147121217,-0.08887768869492843,0.0058675404541792195,0.020617737588187433,0.0176557726362875,0.11922549577806663,-0.002379308612919655,-0.033347016705624934,0.03177870755789966,0.0,0.003337367998515594,0.004946751777493578,-0.16076042019981276,0.0,0.0033325505610437194,0.007780070851922675,-0.10142821656285463,0.0,False,10,-1
529,529,8.175062832680004,0.47836532744660054,9.703336526677417,0.3252964921814782,49.35179473132719,1.3817561705796075,137.4768452068036,11.302849930622182,148.78970522375403,0.0,40,1,0,-0.0018326279213013816,-0.004039991529565152,0.13554907511142988,-0.028454087577238725,-0.007283103417587578,-0.04288553068533286,0.01689614951968167,-0.088991299679743,0.006144316012441325,0.024085459710818678,0.015519385808076932,0.11579848816814763,-0.0017981605447829367,-0.01602630818791214,0.040167640877405625,0.0,0.003884984725938707,0.010346630289021094,-0.16456924019990068,0.0,0.003729270695688524,0.014754508845342622,-0.10109276207255168,0.0,False,10,-1
530,530,8.16117711733093,0.485907776297319,9.353059863471694,0.28942149016730706,51.424474630553824,1.1151642018671508,151.52351908544145,12.844873686651447,145.38902236220562,0.0,40,1,0,-0.0013842571381840973,-0.0028795763711386606,0.14679041073405605,-0.029405629952814878,-0.007286763907017767,-0.04655016940886339,0.0341865050240875,-0.08946938430138769,0.005697949872406274,0.021662556611752277,0.015595993934382869,0.1107632882468133,-0.001864217255333828,-0.011691033404113474,0.05706469075331471,0.0,0.00329332740259859,0.006240568483637772,-0.18261795951032617,0.0,0.0033458788943422674,0.014254633796871665,-0.11684762570818169,0.0,False,10,-1
531,531,8.147205195718955,0.49330817652126924,8.972102840821767,0.2796776278149283,48.996273067022244,1.8773303250102975,180.5396919448053,14.58648119606126,147.8890254226745,0.0,40,1,0,-0.0012731855254173334,-0.002983324553755583,0.17659663598583925,-0.028139597741032057,-0.006954696208915921,-0.04415636176888195,0.032766149983391446,-0.08358515735127134,0.00552357028070073,0.021022613167748408,0.018291745167590703,0.11871330317198904,-0.0018568140769267762,-0.028781140261000395,0.06369389506086437,0.0,0.0031458245994828277,0.00620128648659308,-0.207766441040771,0.0,0.0032377576096263645,0.014379646998240158,-0.1326207040305464,0.0,False,10,-1
532,532,8.133215199259945,0.5008243885439682,8.622164325074941,0.2818448777727504,41.72605915236849,1.086204068366457,168.8965568233076,13.398214855889522,148.32769581545404,0.0,40,1,0,-0.0018003181565034825,-0.002666015441080724,0.16505194990575242,-0.024580904264861193,-0.00654129871828556,-0.034981378825410386,0.03452858829160605,-0.08707310976009011,0.005320900606299145,0.022588924488076093,0.009574827918376862,0.11753790047533985,-0.0017155225848400468,-0.01614842766693343,0.06634514792378084,0.0,0.0032933699691565467,0.006860904019884901,-0.19022812907391728,0.0,0.0032262127757270265,0.007180242097903066,-0.1187186238929564,0.0,False,10,-1
533,533,8.119289682654882,0.508412769524848,7.992601014986197,0.2863620963765718,38.81473813188398,0.8958960793134295,168.03701434577363,12.698560106946056,151.64001303614523,0.0,40,1,0,-0.001878286307809091,-0.0029924521067169483,0.16149262439866768,-0.023044361628498728,-0.005919669536544519,-0.03374191467227837,0.04510312387589553,-0.09069778434681168,0.005031026148685979,0.018950259124466316,0.01105796869719723,0.11932125906692619,-0.0017939005109743303,-0.010829212243830951,0.06646128694877748,0.0,0.00318871309939861,0.005816547417533234,-0.1749732492363673,0.0,0.0034049446734188363,0.009663899443120013,-0.11869230302957798,0.0,False,10,-1
534,534,8.105280577018725,0.5161487662627539,7.838247466232611,0.2741993395543275,40.23545480065546,1.2356874552743873,164.7914299692109,12.495012700950912,164.05508100515632,0.0,40,1,0,-0.0013918298577299069,-0.002277244069472127,0.15696046286412796,-0.02348911362031419,-0.005960216835819505,-0.035487097264324315,0.04924847780585044,-0.0770160582965384,0.004896605789630938,0.018824768530211165,0.009706488684519435,0.14293655204112266,-0.001931121559970024,-0.01873083249377517,0.07220440295029082,0.0,0.0030307407770855076,0.005447506962660376,-0.1696109476596215,0.0,0.0031603995310367544,0.00919826477336241,-0.11652102639809161,0.0,False,10,-1
535,535,8.09272223127014,0.5231702511556614,7.406485182252756,0.2743608175706666,41.86029437722747,0.9953626436625231,161.57659188915557,12.260758109248846,186.42761013044833,0.0,40,1,0,-0.0013828687471574557,-0.002709333805713575,0.15234138451065835,-0.017946633505556208,-0.005665245425822812,-0.0377901722713416,0.053498723616136765,-0.04961482620784671,0.004566036689324618,0.017800186386093937,0.0060814622694455155,0.1788058757008082,-0.0016785234807274343,-0.008265482681772194,0.080792939441012,0.0,0.0028847317330182674,0.005357688148373782,-0.1654744780036654,0.0,0.003433745800279246,0.014309986209098654,-0.10900767868094098,0.0,False,10,-1
536,536,8.080204961151912,0.5302521291425838,7.1214265334130245,0.2692036804354954,36.17611314649749,0.9457319461511005,152.78903347021267,11.20613120252584,193.61658897453725,0.0,40,1,0,-0.0013649994592398174,-0.002365529873634803,0.1436118682311758,-0.02081233970725156,-0.005460605452206153,-0.03229443322917559,0.05092708076437225,-0.04102038073127024,0.004362714801864831,0.01613025149250467,0.01124955540153769,0.18807327935330553,-0.0018128996748026892,-0.013084791762873013,0.07062317183621224,0.0,0.002923014892167072,0.005199103552818184,-0.14937398071572433,0.0,0.003200811218928885,0.008614527403016678,-0.10465580684578667,0.0,False,10,-1
537,537,8.067568332335652,0.5374741363486089,7.00199080845733,0.26951503387587045,35.732408523684335,0.696353393653455,130.85348506888764,9.685839980544873,196.65026716773357,0.0,40,1,0,-0.0014493603264248574,-0.0025922570066002986,0.11942752282500073,-0.00869982085464296,-0.0052229280783242646,-0.031076637969328767,0.05342788175956616,0.008450115339712936,0.004432634906526654,0.01744499340895473,0.0022721789637591737,0.1962759186578518,-0.0016839592611000633,0.0014413634770370743,0.07475006147127725,0.0,0.0029597208898131163,0.004840642432307326,-0.12110935824971605,0.0,0.003245187402531439,0.011054505454561101,-0.09122930461821631,0.0,False,10,-1
538,538,8.055043444012831,0.5447017350181823,6.568473986701643,0.22372142868441358,35.79744117922521,1.1963968631928548,138.4372647371996,10.549142953783457,181.5961655895939,0.0,40,1,0,-9.54328047880667e-05,-0.0003762294456995186,0.12970969893306944,-0.013527437861416131,-0.005521706081056699,-0.033394864533347814,0.048278361949775674,-0.08156609234541089,0.0035561924931263125,0.012887911746424468,0.0030773426940188817,0.16168224504022896,-0.002178819088003186,-0.01995356989168943,0.06887074948084969,0.0,0.001988849971860247,0.0023480586302074527,-0.14147672269361813,0.0,0.0025580684562274995,0.005688630827746226,-0.09560506675333205,0.0,False,10,-1
539,539,8.042537444263218,0.551994674332219,6.317150196759545,0.24038371711942347,75.05402758597907,20.481419673757838,109.74631139549824,7.589845589250593,215.0752221465454,0.0,40,1,0,-0.0012590296527098723,-0.00971068746921953,0.09655593238910168,-0.001597820882645803,-0.004824396189879667,-0.010327141837516844,0.05176940484864259,0.019269283632781048,0.0038789731044557357,0.07370318681861632,0.006413540910155219,0.21420432502191047,-0.0016614485371858076,0.3541475387467175,0.07415298145286331,0.0,0.0025757566442832294,0.0482418804118769,-0.08752626349370576,0.0,0.0028648176940228843,0.005980139577690043,-0.06624353039340125,0.0,False,10,-1
540,540,8.029980002036186,0.559388115050187,6.040399142043626,0.23703199308620942,35.41907185665853,0.8410568439710001,111.53575098344852,7.9109686516262885,209.57617154303924,0.0,40,1,0,-0.0012904008979203526,-0.0024147215750854587,0.09624020876298198,-0.018998699753324355,-0.004605428245854001,-0.03238497415035037,0.05609220642931583,-0.02014133212066094,0.0036893519742819125,0.014138359883066205,0.005631193709197144,0.20773913407619102,-0.0018055418014228269,-0.0077443465726111166,0.07707861471288575,0.0,0.0024803215162349772,0.005047867928155748,-0.09033534353254609,0.0,0.0027753737733790243,0.01140277881738084,-0.07044440580948166,0.0,False,10,-1
541,541,8.017501046187022,0.5667911204826712,5.950154682682057,0.22937310874414313,31.110974569405027,1.5054587972119882,79.86129203548066,4.269843684857714,186.35967333312317,0.0,40,1,0,-0.001164666678886298,-0.001988394826652905,0.07004073941033717,-0.010255072197053197,-0.004642327068559136,-0.028002960081922733,-0.03799680869210937,-0.05575904835194294,0.0035350660055306336,0.013407954777733561,0.005325722265083817,0.17752658918017689,-0.0017290695575493025,-0.02496349659250207,-0.04232704061754895,0.0,0.002381579504736283,0.004032405614458312,-0.053144856506660364,0.0,0.0027138415997161845,0.007137951292521737,0.03062185782715128,0.0,False,10,-1
542,542,8.005367537898865,0.5740378137683443,5.50930541421361,0.21471033285230018,29.25151659966398,1.3353415450602097,76.71784356349785,4.098944401136441,201.8119790391199,0.0,40,1,0,-0.0014148529965638857,-0.0023850712027432123,0.06737274581921997,-0.013201390429245915,-0.00413259061069097,-0.025753971056835686,-0.03622147964731334,-0.03619203198354232,0.0033574293722469324,0.013663661059245148,0.005877504059664508,0.1981008202792786,-0.0016705039930324875,-0.021603508911940607,-0.03543821464966598,0.0,0.0021226896821831915,0.003837979638423271,-0.05338392909649761,0.0,0.002597427288333897,0.007857029962769914,0.031816214129482906,0.0,False,10,-1
543,543,7.994028005094428,0.5808574353222081,5.356106471015126,0.2113070287964031,34.42955612605241,0.6497621397108918,58.00770057784094,1.2913768736802589,88.78843214614587,5.547572676930947,39,40,0,-0.0011804858041537434,-0.0017984646854002034,0.05085691307167671,0.03639384169008933,-0.0041187967764053255,-0.03236421129432672,-0.015773266829641357,0.024536347369374246,0.003214007297707132,0.011606794868030373,0.02301459912032584,0.0771805780476984,-0.001880556513517607,-0.002069830483626102,-0.010561374853978858,-0.07549197321599417,0.0020267801523271975,0.002167828611298001,-0.016911282435687066,0.0550454825078068,0.0024407044848025806,0.010937230210234782,0.0105101101885491,-0.02541120439709306,False,10,-1
544,544,7.982761817758754,0.5876776849798383,5.346837037114985,0.19773186254612715,43.77164990697338,0.9874751125721166,54.85844507262072,1.1668046369572302,115.19435051346008,5.483118631048775,40,40,0,-0.0007205291102102944,-0.00265425243490299,0.04810387275646308,0.020485659117586732,-0.004382122733423769,-0.041369895660099555,-0.009863517755515168,-0.03703416264814331,0.0029776676194657294,0.014051477241305635,0.024457666264433135,0.1071379809296722,-0.0020524974663137787,-0.0006564364973427481,-0.009035889873635424,0.028750381613187045,0.0016617439204194076,0.005514682572048983,-0.017682936331955095,0.0881223216174799,0.0022216569271495284,0.016315390753749083,0.0045147184931461195,0.02379222139426336,False,10,-1
545,545,7.971485124305635,0.5945437292281925,5.4747648175870856,0.2081270870958441,39.08540544803135,0.9873199185486149,53.39371586041709,1.2020697776668268,144.10073204476942,7.776484934533056,37,40,0,-0.0014915078762185734,-0.003217915069790937,0.047333264454855264,0.02821028328695095,-0.004151515665653758,-0.03560396938874951,-0.01411453618295933,0.031204493141891176,0.0032424329971332865,0.01580099064633605,0.020278827327279605,0.13782409259801454,-0.0017114355895267545,0.007414900079062041,-0.009414645140253176,-0.01181176473538709,0.002101624188213025,0.006507448973132716,-0.016705204221430053,0.1284885330593985,0.002418520528829167,0.014128468240632205,0.008512589210625312,-0.042101389632218,False,10,-1
546,546,7.960134481256524,0.6014941220615638,5.311292164222373,0.21216803644504809,34.62880218115594,1.338419775649554,51.098765227392995,0.9794451403367967,122.72969755664276,6.036853775361485,40,40,0,-0.0012254177485411467,-0.0021389972461770515,0.045169620173341675,0.02611071955133089,-0.004210430676114346,-0.03171463924500526,-0.0077370795575219505,0.010951415292839264,0.0029967397813166255,0.013739006108217908,0.02260369043056572,0.11941890758979716,-0.0018750639483536696,-0.020696539298231224,-0.006085735708247816,-0.00779927867995621,0.0017991230674287287,0.003304403607683933,-0.01519537675204672,0.10322339694536163,0.0026381297369888106,0.010315809340514206,0.004928258410134993,-0.01963308540665332,False,10,-1
547,547,7.948825999497917,0.608459525539525,5.109729335433688,0.20195969898476565,41.123334121863905,1.0344256056640493,49.81141076852089,0.3029120704210115,113.82923383246617,5.675912570040367,40,40,0,-0.0013512581700153396,-0.0031247228178136487,0.039228749860817015,0.028427116591221033,-0.003936271458502537,-0.03761861252591023,-0.0041240157212844115,0.013818691344621053,0.0029646588748685246,0.016315780956966813,0.03041832213384503,0.10935281105996993,-0.0016911569403827292,0.0034092913233648467,0.003872059432987514,0.04465702621829868,0.0016325942202414295,0.006765514431390309,-0.0007933173070299272,0.08430531275832504,0.0026266469775518375,0.016387686053455433,-0.0035111529172035475,-0.02668171697165864,False,10,-1
548,548,7.937553099382327,0.6154421673975928,4.730452326023979,0.18532260014564253,35.579672240523465,0.8507740275351244,48.00697944234152,0.9100565003528358,132.50542138092584,7.312149008601177,40,40,0,-0.0010175138574286702,-0.0023194361009262806,0.042724924673746036,0.01878751069978122,-0.003665127002358092,-0.033625693788029015,-0.008552371618098556,-0.008488028417903628,0.0028122391106219775,0.0113949993501756,0.020152117171802823,0.13089182369658994,-0.0017255241900930704,0.0026425352946260537,-0.00914469814346853,-0.038700502410944984,0.0015156237245099878,0.004106677192588776,-0.012097495417642271,0.121606697885896,0.002277580657183618,0.014022813833550038,0.004723357999099593,0.0011050243635387434,False,10,-1
549,549,7.92620164778117,0.6225117879827428,4.612163102210901,0.17396929451715332,42.48902162502683,1.097168043719478,51.415118441659814,0.8106804948155962,52.00832426261485,0.8733217616346554,40,40,0,-0.000792418147803766,-0.0018288663106728479,0.03543427559916254,0.03438016357866936,-0.0037089613854049555,-0.041309383564761715,0.0027595260208268073,0.0016566488489873662,0.002624448018536827,0.009772770137943403,0.03715254410229373,0.03898878889501927,-0.0018392458590645807,-0.007735221921876544,0.006246005653216425,0.005462870976615946,0.0013390691778965595,0.00309675894257773,0.008691977114588793,0.009922366642346274,0.002010823389435193,0.01724146420012076,-0.009253776965813502,-0.010199637972049546,False,10,-1
550,550,7.914897240085118,0.6295912880823933,4.739984052860651,0.19358729539556846,33.38510382895776,1.8571533305273245,43.06321282492179,0.17538597960342497,95.08393745784628,4.331087682754458,33,40,0,-0.0010662282582252435,-0.0017525162935736983,0.03659244294435255,0.023818473776590934,-0.003825710525563856,-0.032738378562401145,-0.005332706838115711,0.005255836633956073,0.002587381900169585,0.006300191538037738,0.022067978066590645,0.09190218523364195,-0.0018585096012386684,-0.02959965325392407,-0.000972006976400081,0.014003723730506077,0.0014490611091791102,0.0014186248182102151,-0.002504964598021656,0.07196903065635823,0.002421160642852282,0.013133131577577069,-0.0014664447832244975,-0.018397433057105908,False,11,-1
551,551,7.903644715490946,0.6366747536874641,4.458577925685454,0.1754884945457852,37.39029178697012,0.8411699510984715,43.747475575943525,0.7671440859098381,43.84766763483107,0.8810609018987062,40,40,0,-0.0008053159764575123,-0.0017647714149236612,0.031347990014837734,0.02973693963566211,-0.0036159721550140574,-0.03578895073544829,0.003354244731398137,0.002917057591286304,0.0024809531780416337,0.010680379535554386,0.030329757394006576,0.03209085778113011,-0.0017921856707043419,-0.0036556752733860197,0.007696276592333011,0.00796879910141897,0.0013062554482300166,0.00355395449880339,0.007260039072185943,0.009688019049166255,0.0021125410714155027,0.013767448748698521,-0.008205459876899522,-0.008894120434767791,False,11,-1
552,552,7.892393268813587,0.6437860568758594,4.453803898903174,0.17897426125883006,42.112766699049395,1.4758382137619517,41.37335019265623,0.696196331647888,41.90158711212466,0.8998400885109237,40,40,0,-0.0010356373767210702,-0.0021857206059994663,0.03041979230416059,0.028875467879984608,-0.0035973078805604367,-0.040271530633242174,0.0034935942935592395,0.001264570632218655,0.00241313083074275,0.012120708103774748,0.027824182669899035,0.030337290886680683,-0.0018502661406728726,0.01921450907493364,0.005212603558644768,0.008940398578375176,0.0012913050384800485,0.004578559303640647,0.006693743259276319,0.008721319057057442,0.00216020521423095,0.016532578760593154,-0.00869869985067862,-0.0095215704427502,False,11,-1
553,553,7.881045584760118,0.6509787718728194,4.3325911637131025,0.17375984839587263,39.047204210941125,1.5854124925753892,39.41579492068883,0.6952473490892732,38.511790327345,0.7312913291990268,39,40,0,-0.0014361089383634652,-0.002416191644361401,0.029614533427347493,0.02792607687564594,-0.0032735261861581216,-0.03768424159243333,0.005073436724070575,0.003834742490347754,0.0024480530258910805,0.009937007106356241,0.02551165496233378,0.02624094080984175,-0.0016084831720569446,0.021181158049936408,0.005631630528805995,0.003614719941993377,0.0014205323846963223,0.004019260788784522,0.005832008377116316,0.00830289968329473,0.0021429014165051962,0.017345603299216125,-0.009028565545822032,-0.00899450360785763,False,11,-1
554,554,7.869725973555241,0.6581705642553953,4.273301169432171,0.17210415441712554,39.666103946209326,1.03615228248372,39.0558406975125,0.9295772346922291,39.17250456645934,0.9967469455162024,38,40,0,-0.0013972316179518317,-0.0025042757542316123,0.027359091691561435,0.025679511270023984,-0.0032262877546525293,-0.038157198628190225,0.009849039642500734,0.009381339651346327,0.0024289738604285583,0.010543082948885915,0.026073649773720915,0.028054202560188132,-0.0014759277293552367,0.0032245407444488564,0.007364516576209698,0.006581028990531283,0.0013373533977710551,0.0039814350307655075,0.008573983280082532,0.010819914612912639,0.002248520058310875,0.01734333569581654,-0.011639365670426479,-0.011927207318876944,False,11,-1
555,555,7.858368394925951,0.66540865143523,4.491981977964426,0.18341540081801389,39.743109330062445,2.1012417113534894,38.72751076287578,0.7686524481394305,40.95877341923733,0.8665775124427667,40,40,0,-0.0014557210662469108,-0.002763547872132779,0.026287130259414475,0.02475783359361852,-0.0033556936695313968,-0.03802969757614755,0.005014688745674645,0.005771811630628294,0.0026073162953330117,0.011208016981004468,0.027993923794231483,0.03211474717726516,-0.0017211387236161818,-0.03310592827458516,0.003008418760054887,0.0008837597733598288,0.0016615503109997727,0.005483814703473446,0.009748084340811524,0.011664530547086618,0.0021271178670981953,0.014794499563184281,-0.008712080028710066,-0.00958708261648925,False,11,-1
556,556,7.846906935189878,0.6727357120177032,4.293110312037079,0.16341825169693858,53.016852445765,1.3624899800280232,40.51079435822469,1.087835174172191,42.16426454373719,1.1941719163878168,36,10,0,-0.000715884355513998,-0.001806803436046359,0.026710086806071457,0.025071938377360794,-0.0035420086576672853,-0.05180537123262946,0.013501932878527988,0.012003179645868759,0.002317861171394744,0.011123201699553817,0.02730189610430422,0.031704050039467795,-0.0019061931543117886,-0.002200986503032749,0.005613127782075067,0.006579064289746657,0.0010863177874308773,0.004023621712355393,0.010891746687513386,0.013186921447209605,0.001822446004402852,0.023333484337058535,-0.014503187492825427,-0.014738373085704344,False,11,-1
557,557,7.835556884499408,0.6800197794038833,4.349683242029913,0.16415215528777885,50.26906070207238,1.5206018085418862,40.509299627282765,1.1392670508881464,42.006860982936544,1.2390948061843403,40,8,0,-0.000847739548925711,-0.0017395829844785889,0.025902585599915963,0.024157112853951803,-0.0035302235078647597,-0.0489346621505164,0.01595213249158209,0.017537811491897832,0.0023955383419394733,0.01137326492804806,0.026750493163734547,0.02955394112932909,-0.0018235573153806755,0.014405318076867214,0.0042392261883416335,-0.0009950402002660691,0.0010310617909208828,0.003655542124650231,0.011716699186419308,0.014857996377504028,0.0019544180712580883,0.02198793571095476,-0.015495800412540634,-0.01568266569020994,False,11,-1
558,558,7.82420960141093,0.6873325702217058,4.283091863891657,0.16717657096699473,35.580632085463854,1.0386648490248653,42.542734513948936,1.6452372621770934,44.12100699655917,1.9721252466246333,40,17,0,-0.001874345944389892,-0.0027989714980182533,0.024998617106895136,0.023258348638855012,-0.002958844826518608,-0.033615414201587326,0.020336884143274857,0.023179845366310292,0.002465145125112949,0.011320382776661858,0.02777345037999794,0.029468750326029053,-0.0015094851684795479,-0.008008014300130461,0.015588099963098234,0.0215134073605256,0.0013148669206242605,0.004369397281992686,0.015552425552966013,0.018480115971000178,0.002122740904261233,0.015665530993622816,-0.018430229287192883,-0.019503857133661484,False,11,-1
559,559,7.812788914709082,0.6947179755489222,4.210659265422327,0.15505546287034022,33.32330361308306,1.2991909668694293,46.673142532057675,1.565760603972552,49.68103739836202,1.706291019032851,40,40,0,-0.0014802632299196115,-0.002099817039900911,0.025967511515821974,0.024530882807729748,-0.003048839477566088,-0.031710231473693264,0.017405566735535494,0.02141903472564641,0.0024986096253055215,0.010024697101331768,0.03465713239880421,0.037518878142508844,-0.0015586356346248404,-0.019301283447395297,0.011714748750304711,0.010861765271718114,0.0011679349249916423,0.002642869904760577,0.018608512052357314,0.02136428326460874,0.0018788972439658623,0.011603386413096349,-0.01622621079906625,-0.017676579372880294,False,11,-1
560,560,7.80245730452541,0.7014173333145367,4.280591304488738,0.15771587745249896,31.79006389215909,1.1286517243067533,48.83621471022129,1.6095748618609345,51.99746986156628,1.7367608708292994,40,17,0,-0.001987240262989365,-0.002630503590467485,0.024302237457680186,0.022705858159079426,-0.0028746199394881324,-0.03028651714001152,0.02511842083925063,0.02782294904378629,0.002472023110069119,0.00929599336574008,0.03410926642887033,0.037604047438688455,-0.0012025452430181466,-0.015269835081854737,0.011769629598296175,0.012599643421715092,0.0012594826068238662,0.0032702010789140896,0.017357329702630094,0.020046658797282235,0.002131837934167276,0.012007341832230383,-0.018691730502132436,-0.018926427388642614,False,11,-1
561,561,7.792312233663126,0.7080108694282083,4.317830652239263,0.1506143127993458,61.433538991658416,1.7246790152676512,46.966474135687896,1.6739419518229892,49.15114458659859,1.8024613480284335,40,40,0,-0.0005051830447428703,-0.0009541916710936369,0.023966538157414757,0.022195306574016284,-0.0036282371179826678,-0.06035697524937617,0.022519175120987757,0.022420126452759228,0.0022856830594844262,0.011410730477959022,0.033531201788151124,0.03769006911774553,-0.0019629581838842085,-0.01248739807283949,0.010087274159263521,0.009820893164406418,0.0007548772353677604,0.00270282351472126,0.018969163958211223,0.02230449215982602,0.0015770547053281278,0.027255266335890545,-0.01979850003096703,-0.019892740953583617,False,11,-1
562,562,7.78198857702541,0.7147376989475293,4.038908009185007,0.14737079307767947,41.84970873138954,1.6867015980818336,49.582718766810764,1.7306473737335208,54.31823974882785,1.8407861813646207,40,33,0,-0.0012584788260401952,-0.001733632555371483,0.0247572782759408,0.023189330615529177,-0.00317047342730905,-0.040684544183227506,0.028324688060071438,0.033768798471121846,0.002162662062781537,0.009651968901115813,0.03229915198539932,0.03567063729219849,-0.0015234009521545467,-0.02394406167464074,0.011137910548563654,0.009417898503867338,0.0008968987705369152,0.0027291117473736276,0.01930770328041922,0.0219816345183285,0.0018683011397095783,0.016907363159626338,-0.0203845888490453,-0.021454723477228432,False,11,-1
563,563,7.771666964409696,0.7214835981548943,4.174346167378841,0.15075472842407453,43.77562969060729,40.431061258481954,48.12605393422339,1.77455959189872,51.864307456419255,1.864686494577777,35,13,0,-0.0013568906184139274,-0.009687639871235994,0.02470121520874763,0.023015881988553463,-0.0032048901602631298,-0.00017210709877251134,0.029658448645897697,0.03313635044694283,0.0023049279458194046,0.04268987898414529,0.028746190328625514,0.032590763158912954,-0.0017214371164044329,0.7041071413475343,0.01185238010846786,0.010156411364899582,0.0010404874376611095,0.04627874185842343,0.018388966129378844,0.021771125029746884,0.0016961947511237353,0.006370777296904995,-0.021923185763677935,-0.021955344814861,False,11,-1
564,564,7.761327077806733,0.7282581854596925,4.0851737692125205,0.13867664990842263,43.37290795215689,1.1859788193365988,48.15635406570902,1.8217501211814913,50.32543513947328,1.8726636977710804,36,40,0,-0.001436407427365933,-0.0017174668575126119,0.023826582449701216,0.02198736720935892,-0.0030160298469282735,-0.0423152519785549,0.0317432499121286,0.03288017877171656,0.0023513703216864463,0.009363701288007082,0.02727076256149922,0.0311142885041278,-0.001476511083394935,-0.00921468442016371,0.011426675924650883,0.010983528112552658,0.001028764576403579,0.0024437093641517305,0.01723822841791056,0.02039088877849314,0.0016185552262390805,0.01837324728450586,-0.024150171427496456,-0.02306138006102863,False,11,-1
565,565,7.750917033262904,0.7350917183783859,4.274997139773049,0.14806576932458246,51.887609318735045,1.5616403225005675,49.09879980625404,2.0071503114464266,49.792357404670106,2.09555503628663,40,40,0,-0.0013883049701967705,-0.0017406369140440313,0.02489651901563912,0.02307660306292493,-0.0032468209840289908,-0.05028020780299293,0.02905548744630062,0.025293948241996735,0.0024096396727443944,0.012696254850742245,0.03076741998569913,0.03615197683836667,-0.0016825281893854671,-0.011686403701226991,0.013100701143682093,0.0122723265596098,0.0010887818091315075,0.00403571547802868,0.01820659180117685,0.022253744452395533,0.0016315405454198184,0.02429028024635991,-0.026908908107367537,-0.026302905586196256,False,11,-1
566,566,7.740555139702129,0.7419062882025032,4.225804943888049,0.1485610671508277,62.17677201937626,1.8251323131807664,48.40317266091489,2.155856025304255,50.09930415552801,2.3723985338921016,40,40,0,-0.0004942994777959106,-0.0006075915608339613,0.02410016411913488,0.022337576809456045,-0.003616630907552513,-0.06101056605848181,0.03627028128873334,0.03854812894364383,0.0021291022353506777,0.011970490402164831,0.021130923034956686,0.022913199123954005,-0.0020374895465720675,-0.011278854836472901,0.01859137728206509,0.022437885687065656,0.0006510202651220289,0.003211179625149237,0.015989925643774865,0.019551323361647277,0.001465549188018498,0.029617381231074165,-0.028538710225772795,-0.028788150152966336,False,11,-1
567,567,7.730213793235151,0.7487294741025344,4.323789226608757,0.14698837563782746,62.45829349132752,1.9647072325767672,47.75730644165625,2.1021538012566396,48.977756921321635,2.1990156290362775,39,16,0,-0.0008004949492500624,-0.0007646714349893003,0.024160819493205404,0.022374892388165837,-0.0036240020221753374,-0.06117518042445914,0.03706639063972349,0.038898492034642275,0.0022183260480894518,0.012571833735783678,0.017974921555390048,0.019623765721515807,-0.0018756107040335478,-0.01701038869011259,0.016907004346759315,0.016057746254006956,0.0008802193445457819,0.003229980859288099,0.013411109812625365,0.01693340067613184,0.0015128566385056448,0.02959830801922975,-0.029671790147405994,-0.03047028002712949,False,11,-1
568,568,7.719928071971203,0.7555398669110877,4.199384082445365,0.14851811742468987,39.405798095946,1.0722670616088361,50.305816464806405,2.078821154721716,52.15701446863427,2.1481515487421534,40,40,0,-0.001944202312992321,-0.002511847955173178,0.023097412086835703,0.02149071258454096,-0.0028999169085401184,-0.037668444384151935,0.040465937590205156,0.043828724385940376,0.002333535078290861,0.011295832908936203,0.018965564057715358,0.018372434503659368,-0.0013939744717612695,0.0037925316455001646,0.013688473423237868,0.013391688914527435,0.0012312659457935431,0.004327399902987585,0.013320052720962412,0.01559133649341517,0.0018055353905657994,0.017808038025930967,-0.030848100045542014,-0.03135676570042059,False,11,-1
569,569,7.709703367290668,0.7623291345215343,4.449847635881101,0.14337491137007302,121.80870055398638,37.939652040437366,47.594671719222866,2.1701449921189964,48.58003153587516,2.2551488457940194,40,17,0,-0.0009915031556617028,-0.013914741316021498,0.022438005541657684,0.02052668338972555,-0.003674615051277795,-0.025161795566813208,0.04034190616801806,0.04229149662203589,0.0023054868682758083,0.11836647983535216,0.01158961992922798,0.012251695658679932,-0.0018423067850448318,0.6574542882639695,0.017539130520998078,0.01850477221035733,0.0009833888808847295,0.0773422266192995,0.011022756561277065,0.01465213866472804,0.001378651134010393,0.015607413502828855,-0.031709342442236284,-0.03149730032558434,False,11,-1
570,570,7.699449171798783,0.769160281864739,4.344564447371564,0.13933449302160766,44.408189848220005,1.2338697737797908,49.48563199074573,2.3263919782141516,50.57067053648728,2.4778391222105163,40,40,0,-0.002010469282034289,-0.002326517175037738,0.02356896256336935,0.021500456523044543,-0.0030074329013039997,-0.04304487964334938,0.042968446391990815,0.044997201847380465,0.0024059511315726503,0.010668316639440853,0.006858891446044561,0.008388975725123605,-0.0013467349995883622,0.008314265920063442,0.021340960648285327,0.023012045997564408,0.001245408220201871,0.004396084917618114,0.009100827337464814,0.013098928031337435,0.0015966015606472365,0.019372855363469072,-0.033322037260948234,-0.03419238729640739,False,11,-1
571,571,7.689141788034991,0.7760472806107089,4.499644313406543,0.1548987648029931,52.92837426525363,1.3809621251158952,49.05053796011012,2.228970720248122,50.37634397668021,2.3867186794121227,38,40,0,-0.0013369860983152365,-0.001143526184376293,0.023770278382895273,0.02166043735687261,-0.003611294574976052,-0.05147841089925957,0.04187632559531643,0.044262647993659344,0.0023276208052069353,0.012250647391685158,0.009343580384997628,0.010460376597197986,-0.0018634884188710777,0.00108096227824241,0.020037361748637263,0.022613456540148704,0.0011552781922627717,0.004057004485533905,0.010619920568456346,0.014113787939416315,0.0015816510557282787,0.02373383307375678,-0.03160941849939038,-0.032010360511601575,False,11,-1
572,572,7.678925644353189,0.7828954736353635,4.306708073723497,0.1491207049042101,50.70946865522481,1.377664822827225,53.05644803527999,2.313232057898241,56.238691505960794,2.5142560167152594,40,40,0,-0.0014877771996320106,-0.0012223804402028398,0.024396737873551566,0.02280525938240003,-0.0033435741029589437,-0.049516990651842785,0.04602550587607044,0.05041803802634504,0.0022704108999369666,0.010863868286202283,0.010071676528830042,0.010036533683404235,-0.0017879965114505191,-0.0037235743734829636,0.02160118382972872,0.025195074736862947,0.0011952375259243859,0.003790915775852745,0.010463558428257051,0.013237427128876683,0.0014656904904631078,0.02345028231006146,-0.032464189163539506,-0.03340078845536762,False,11,-1
573,573,7.668736979749986,0.7897431854449464,4.404798977414532,0.15050077803545725,40.30059172687955,1.1275335350737,49.737135150999656,2.347896018418121,51.79639140910525,2.436976997894554,40,40,0,-0.0022701483639065226,-0.0024525670154744877,0.025637473103131223,0.023674513026804005,-0.002936875875975538,-0.03874277021019329,0.04255263492741673,0.045750721840879215,0.0023713794564340727,0.010822216270773679,-0.0024032991176760315,-0.005408793487222192,-0.0014585881886479202,-0.006914449585521059,0.024377143581388518,0.024650401681558097,0.001428661885687008,0.004492207933111791,0.005889616757693557,0.009427330993707036,0.0016526275330453364,0.017868415978319528,-0.03240842575815882,-0.03335509539874514,False,11,-1
574,574,7.658592300065203,0.7965785768165208,4.430921561139727,0.14639333435798577,51.840537838854374,1.4552442726594508,49.739134453530205,2.2306987920642847,50.505315027856724,2.7206348625458534,40,40,0,-0.0013666988254205828,-0.001007778423309375,0.02660885372244017,0.024874801727620608,-0.0035455964886380474,-0.0507209083337089,0.04200849672468165,0.04394475299578022,0.002279022979551647,0.010668420870714785,0.0011120263920198926,0.0009432757891936789,-0.0018034326739714912,-0.012634847785791175,0.021760807771468355,0.03326569729176844,0.0012133545818569904,0.0032572410627586764,0.006561150439545081,0.010371012039520462,0.001343003988993393,0.02179105884617054,-0.031610125595111956,-0.03225785449982362,False,11,-1
575,575,7.648451210984158,0.8034188303972785,3.6307175129123346,0.13981154708244894,36.05605472972359,1.094387587866689,53.93775237970582,2.528722342515696,55.91765290608198,2.690943901519285,40,40,0,-0.0017767346521220004,-0.0022806680050464112,0.02681441611453103,0.024740992398800912,-0.002072618855034387,-0.033341179009122986,0.046792027937639265,0.05011426421648437,0.002393653006655975,0.013535265730867548,0.00087996687120966,0.0017965866769873795,-0.0013318186656879486,-0.009544033169302945,0.027240435795210412,0.030066220427851058,0.001776263370695266,0.006954213970473681,0.00530358677613921,0.010136662887304157,0.001012712216865268,0.015012854736780903,-0.034317450795958895,-0.03462744204526885,False,11,-1
576,576,7.6383218500708,0.8102606271127355,2.9440187238834477,0.14906605631663963,36.24409211975723,2.38069297667391,53.27802074853815,2.1865062810156823,51.663006703098134,2.0219517389636192,40,40,0,-2.089764193746762e-06,0.00013712767015857156,0.027790031393001367,0.02566053836249098,-0.002001412602933011,-0.03455080237436765,0.04496655144587715,0.044088014091803324,0.0021590714375126284,0.01094794340846331,0.006653638186957804,0.008176187742000754,-0.0019593061776525607,-0.039944007355276354,0.020956936130950565,0.015199316185099607,0.0016895459168203243,0.005239861584668163,0.006385989853697927,0.010676400313215904,0.0002745230238851604,0.010173494358641276,-0.031246501917037605,-0.030005987069680745,False,11,-1
577,577,7.628217896834228,0.8170882852640221,3.3371837679758327,0.15173720149072406,49.363225252153995,9.075688148499719,51.281208860652356,2.074914269324085,50.602691457097194,2.251390452618133,39,40,0,0.0005292403622285108,0.0020340428775312705,0.026858721359940774,0.02550136281518969,-0.0024781364419549255,-0.048511666083055495,0.04302285601048673,0.043077299914501474,0.00217152939544566,0.008899939927515317,0.007576630505695607,0.00739317992113876,-0.002111095933855471,-0.15767906571804136,0.01815755825584884,0.023269149630149387,0.0015817664424122027,-0.002150840769675828,0.007493908927006998,0.010051616100234822,0.00023421074082675356,0.014948207070162074,-0.03042374746804574,-0.030025721777636332,False,11,-1
578,578,7.617988104216168,0.8240003358620701,3.5851161162688423,0.2066556928738739,37.18828056734627,4.079446060500593,52.47462680430647,2.069956517293227,53.5362477912216,1.811540471871614,40,22,0,0.0019216639723535541,0.0022056535910105236,0.027132003687508344,0.024968393963970322,-0.0021768699912617243,-0.03478370879157409,0.044903438484756523,0.04735286442981822,0.0021027368322339163,0.012969075005377141,0.0010592669153518626,-0.0006444848441246631,-0.0032056470481330113,-0.07085614629810451,0.018224520638187167,0.0020645891885659492,0.00157238575441552,0.005145942666393026,0.0028438017177031434,0.007331973261788364,-0.0005104868730173373,0.004725716956952742,-0.031064126982362442,-0.030686091196816447,False,11,-1
579,579,7.607802167089327,0.8308838834104056,4.374895341712104,0.2640741260085751,2.261905617157761,23.092201254139802,53.93600351542176,2.1849822622007076,52.892090749916775,2.008433772651858,40,40,0,0.0032178150895545805,0.0014423388382595144,0.02850980233334547,0.026490818524985634,-0.0024627865574609912,0.0016474912192057482,0.04576706824601537,0.04576097894803836,0.0016492597347775627,0.0005671405286328812,-0.001288064553401325,-0.0013200770776361842,-0.004351428679136143,0.4022705605855907,0.02071168572597219,0.015764497065564348,0.0008879871350033808,0.022617945123697476,0.0003182528221303013,0.00483345034672394,-0.0012325124504352666,-0.010197561493250025,-0.032018951863488784,-0.030933574517118003,False,11,-1
580,580,7.597600829590682,0.8377820582125695,3.8690574612849784,0.24813054453669922,23.37759655632896,5.5531308391445275,55.44862129257003,2.1496265141387374,53.995971692089405,1.8721814768291491,40,40,0,0.0027651412337688,0.0026445493264062544,0.028735603920544407,0.027043321745491317,-0.00191041542648728,-0.020305920720449632,0.04716139417612965,0.04659860957945299,0.0019167452867493754,0.011277764109321582,0.004961609611020267,0.003576771338018182,-0.003960948710836904,-0.09646850641737315,0.019331564607815672,0.010857601288574038,0.0015091231042995525,0.0033350347496419455,0.001595441702899478,0.0050743801197632105,-0.0008878917441959501,-0.008733386060554887,-0.03211463885449753,-0.030398463033341955,False,11,-1
581,581,7.5873972969797725,0.8446806143374016,5.409464732095251,0.302120343285124,26.67874523970759,10.204682320306517,54.67116390841369,2.083058409561379,54.543745578780836,2.1032787834403517,39,40,0,0.00472562780048958,0.006254173946978695,0.029490461187674212,0.027828190309038017,-0.0021805174120467304,-0.02588569046936818,0.045999267244892166,0.0469051521168463,0.0014751591082942188,-0.0016036784996422268,0.0018210642415651946,0.0007202157886674068,-0.004983909076330713,-0.17790884442902824,0.01689198751362557,0.02108278732240465,0.0012580807276149067,-0.0051624545263156164,0.0006582773184925251,0.003909076789201552,-0.0011757366196426954,-0.0065796674240050125,-0.03218699621924631,-0.029795908217674957,False,11,-1
582,582,7.577183718111497,0.8515919994642107,4.976439895995311,0.2854849068570517,33.98452851437235,25.634744023225362,53.81564926949129,1.989539453338438,53.49330763312574,1.602831468770658,38,40,0,0.004142208580439764,0.00021219466378458,0.02844092603647168,0.026650609956884366,-0.0021914208786132233,0.03176052119901785,0.04565716117836314,0.04613282293957724,0.0016747347991138983,0.01209017968996268,-0.0016313998951255294,-0.00480016646418223,-0.004745160835766705,0.4458077495722299,0.01876064562446563,0.006322166908429992,0.0012668736628796162,0.03141561110194442,0.00020684172519717047,0.004281305033782291,-0.0008398194010660128,-0.021091037123579872,-0.029219044211428062,-0.026912519701854456,False,11,-1
583,583,7.566969231286063,0.8585118618262376,5.244131711537051,0.26220254222300904,103.13436048078255,22.077094418369498,53.76372166574302,1.9478818798676851,48.80320518883646,1.4320390853634648,40,40,0,0.004662923071952033,0.003923837101969767,0.03000244547208344,0.02763733662879283,-0.0021333424011609815,-0.0744256078169408,0.04441542470442099,0.03942890671766355,0.0010985973022061485,0.07128905045837074,-0.004202508937772217,-0.00795561285007296,-0.0043156318603171555,0.379439716204347,0.01950611584194039,-0.012168749250351494,0.0010922569922001044,0.05132018008778384,-0.0005868080040927775,0.004589599255200065,-0.0010605643137039395,0.04314732774246994,-0.02783810092270378,-0.021343547307729117,False,11,-1
584,584,7.556735715967507,0.8654545797544629,5.4750996466909,0.2500289825051018,114.73536637476447,26.778877930156565,53.44213138342142,1.8622546280843935,45.463171987323854,1.1442972328592513,40,40,0,0.004801482988986676,-0.004489434133588014,0.031128163596207764,0.028904762918227286,-0.002367517022227204,-0.02491767819943097,0.04334344061510123,0.035070104285418256,0.00114775450211743,0.1119069193189644,-0.002906027112020024,-0.0012257541351954459,-0.004103638078610673,0.45647087008106263,0.01702546931709462,0.0010930303191884793,0.0011357599407988766,0.09952441128781048,-0.0029532198981050686,0.001978516764435434,-0.0009556187300163738,0.013149804299713946,-0.027528580656800646,-0.019843430332126287,False,11,-1
585,585,7.546499583147805,0.8724124526489793,5.296278888480332,0.2752134243163724,145.2867450243541,51.99335192279887,53.342167922561,1.773462275519031,46.023215621912165,1.06862794286394,37,40,0,0.004941195677714255,-0.009595274796224526,0.031842955935161815,0.029961283493341293,-0.0016897098691952992,0.04430636824735229,0.04168606361929355,0.033537879872075224,0.0008831964090984633,0.13803302037587464,-0.009679108219161988,-0.009781026597392835,-0.0044228124353956014,0.8976656673738367,0.016226354947120783,0.0005722707963065724,0.0009280052411999441,0.13223900619220025,-0.002262666809152061,0.0028731397177420813,-0.0016278819677130589,-0.013568306200455089,-0.026261356397706433,-0.018419560616549233,False,11,-1
586,586,7.53626402266574,0.8793727477292435,3.94094324208149,0.183834325486091,68.32469038332343,19.49320764918246,57.06016732588947,1.9728687082749965,43.20721165934414,1.3041140167923722,40,40,0,0.0036118954990518193,0.002504473823209779,0.030986079319234496,0.028592289895126664,-0.0007565992154652482,-0.036708166031989134,0.04716555799421434,0.03185491634964419,0.0013830409134925638,0.0575717072303209,-0.008434199593026954,-0.005882890640286704,-0.0023959204187381906,0.3372053052334073,0.01387640865321411,-0.012265302514743255,0.0015629504562929587,0.04030814593401015,-0.003376909941664559,0.004342152594093013,-0.001453036462547398,0.020443330323328197,-0.031331725390902204,-0.018675518286525156,False,11,-1
587,587,7.526004545585394,0.886349485987239,3.7068368646260694,0.18707942421633791,23.468169813399477,10.548942236810328,57.4738978585573,1.9498443749986054,43.72740575676635,1.064591802134481,38,40,0,0.0034155593975442127,0.004694008837249496,0.032681129116972615,0.03057775253639708,-0.0004503369698893693,0.006582711069055355,0.046594113571280224,0.031168648603567915,0.0013681338225294724,-0.022031549886644703,-0.008011324185319286,-0.0023669406978310483,-0.0023057298886757223,-0.18294686471967567,0.016637715660631654,-0.0031233863005583904,0.0017044655031808623,-0.012831337224417077,-0.002454071667080161,0.0060613000579622,-0.0015619295947604133,-0.016238333801060052,-0.029585246529790138,-0.01728424109513791,False,11,-1
588,588,7.515763763346547,0.8933170171216451,4.444209368952425,0.1599998869896637,37.993253621135146,10.752133119701321,63.08524563244812,2.102404391874592,48.65060200506718,1.0393451850194486,32,40,0,0.004334238243130216,0.0037191881318305066,0.034174592459159416,0.031841378257344816,0.0001956514520998604,-0.027378962072879362,0.05180144360173731,0.036333121756124846,0.0009628583884264748,0.02607771838508468,-0.011333838164219017,-0.0057368954655582505,-0.0006037084493708163,-0.1866821067171372,0.017344476672038013,-0.00023430034983037187,0.00203413428963906,0.01847378485018411,-0.005165247965799716,0.003565693733690208,-0.001815496827439545,0.004983237065564546,-0.03192068431650463,-0.01778455424957149,False,11,-1
589,589,7.505511908932395,0.9002933734887537,4.997697983808399,0.17984423518687326,64.93918713257438,22.746957695838,59.75700539183957,1.7892432650478707,46.72693423821326,0.9422655616948148,40,15,0,0.004923269371916009,0.0012413104442596566,0.03319684606476947,0.0311594523722294,2.210737270973975e-05,-0.013388806687358479,0.047921503637501986,0.03332452214614151,0.0008590198443506106,0.0635318583807292,-0.013130064503772508,-0.01009807580167619,-0.0009290783290018784,0.393663250514904,0.013965587682449833,-0.0014565235618503242,0.0020327991655591923,0.051162124639355634,-0.0028075688740079674,0.0040815541517569155,-0.002203876421180596,0.005298275833065995,-0.027789917675960736,-0.015864375627279513,False,11,-1
590,590,7.495218343894323,0.9072950178843435,4.3912691328254825,0.1859419554523829,48.815074747077254,11.461997694283411,63.05111211114707,2.0397039949953335,48.2522729126456,1.1723609268874353,40,40,0,0.004340335370633372,0.0037841267668851,0.03562866981092496,0.03358385595823401,-3.321526839067217e-05,0.038576822407850514,0.050027025230539694,0.03315539980790965,0.0006660557133457159,-0.029671883662619834,-0.01425964138888019,-0.010056138612344587,-0.0018075237961610118,-0.1955558644656818,0.013865228421594909,-0.008522012282828893,0.0017773265761832423,-0.01757007299363709,-0.00748321064504819,3.209770619866977e-05,-0.0020263108783380663,-0.03832803564753845,-0.03192311064962091,-0.018602409526551126,False,11,-1
591,591,7.484926349019406,0.9142921224850562,3.3161903891753903,0.19152001336086788,14.130189255763295,1.7336943386494177,69.61199773562377,2.412416615409548,58.76451860000928,1.5755509417193803,40,40,0,0.0026590860443906844,0.0021147243102397845,0.035579543686215576,0.034127706096990965,0.0015704290761549976,0.012801260464174662,0.05705900841120052,0.04355137567256448,0.0012083594757161013,0.005596241598048463,-0.01800543970459248,-0.01979510040074061,0.0006089798125375247,0.027353685994397827,0.019276859203934942,0.0051709833785444975,0.0029346385529941637,0.01072604987751537,-0.00710702979673321,-0.003327557394939356,-0.0014799937074908903,-0.007232917458681665,-0.036751751679672685,-0.0268022130691661,False,11,-1
592,592,7.4745207093801,0.9213583693584867,3.2722339309314656,0.18524652372525552,9.461627589858287,0.7123068165202698,67.98395377393285,2.257724862419826,49.918416809010935,1.0796789063740366,39,40,0,0.0026461205788648958,0.0024975580955403404,0.03675251493447447,0.033923135674494086,0.0015521528946409976,0.008187328661871909,0.05121735749063739,0.029979824750814482,0.0011385877974510674,0.004031407891923016,-0.025452954806931945,-0.021030437718660623,0.0005399136901265365,-0.007442570641006576,0.01831167773166749,0.0004074956614325392,0.002842309429516475,0.008391953911059697,-0.010663559407166708,3.716764728340892e-06,-0.001443296686377077,-0.005361002064859323,-0.033222039358570626,-0.018839544903728134,False,11,-1
593,593,7.464234554931739,0.9283503664859752,3.2382025926100466,0.18641231402825387,10.601468864943495,1.2131847529207338,66.82684986366392,2.4056050582330917,50.678720538636554,1.1769301236206082,37,40,0,0.0025996201065687195,0.002425777235680609,0.036111155101024625,0.034565196647839705,0.001577696733198534,0.005411845155882344,0.049910958216798314,0.029885118534764367,0.0011130158805537052,0.008787415940193843,-0.025898042201128558,-0.02191938836492653,0.0004764094265781238,0.017527640703736976,0.020118549135358616,-0.0019484374868154243,0.002886780093474389,0.011225771571148803,-0.015733258623947942,-0.007800373857917247,-0.0014229733870103909,-0.0038865197126836592,-0.033324315056834225,-0.018902460153267787,False,11,-1
594,594,7.453928915584515,0.9353620843291011,22.838728823263434,1.46480888961727,298.76075848324933,278.9110742247514,68.20851137533344,2.441309510684774,52.500576820111405,1.2721127458548511,36,40,0,0.018078434606819984,-0.02252653197735423,0.03577656572993895,0.033281980577458875,-0.0006267228089931166,0.2962478699476896,0.04866421104788361,0.029302107824842664,-0.013942200506024339,-0.03142842213692032,-0.031689634451937,-0.028107059830358692,0.024052294276800276,-4.846589896217617,0.019203098546304517,0.0035866583617246146,2.694888542338625e-05,-0.11898241173446758,-0.017584277372567406,-0.0077992498441686615,0.008665643376038083,-0.4393418398144087,-0.03372760915287597,-0.020475865571516618,False,11,-1
595,595,7.443625392567857,0.9423726978052451,22.831194559267214,1.449142711841235,277.7745836197803,271.6975032499498,66.15126911141789,2.211961445079466,56.20307727668424,1.4002394315093485,35,13,0,0.01818363493400131,-0.026713884365714705,0.0336760112142553,0.03132833408879088,-0.0008648224372182593,0.2693891053302799,0.0507768343369679,0.038158631189238824,-0.01377936673951905,-0.06224626588470121,-0.025761012566758723,-0.02685591637523646,0.023769703634969597,-4.719028219239742,0.018861711298675036,0.011956318364903712,0.000462094199543921,-0.13563600254950028,-0.01086418893005815,-0.003531895068972412,0.00863068287010569,-0.4461964769977923,-0.03188462427254356,-0.021019670469533628,False,11,-1
596,596,7.433282294978509,0.949405613977969,16.097723334808972,0.9850447268051323,165.2380382827331,189.74395981513828,69.76221259279123,2.684113628581898,54.544771534134064,1.3624232948717507,40,40,0,0.013328674782305275,-0.0142095488776844,0.0372457473144144,0.03496450612467532,0.00013932308369800491,0.1614912302552633,0.04779207608472758,0.030189494750714543,-0.009025725133746408,-0.031973122569749074,-0.03457510775607504,-0.029003617358271068,0.0163725547364036,-3.2992082904364026,0.028917852376773964,0.011506913496564812,0.0009927112870411255,-0.07438407086411464,-0.02077503059624358,-0.010397730977973522,0.0051505584956412186,-0.2770607444450638,-0.030442761910013726,-0.018025208582793665,False,11,-1
597,597,7.422950169276567,0.956427545249941,16.186194105222185,0.9987818198456412,219.11728300303184,182.03564451759155,70.41390642519123,2.117814150238243,145.1767714503648,9.328674405133778,40,40,0,0.013374946836250474,-0.022150508699789677,0.040814506131407226,0.030698222467847775,-3.3849970180864324e-05,0.2176038191371377,0.043765420792949136,0.1391188701896378,-0.009116058957626459,-0.013050539142240901,-0.03710636401105616,-0.027925867277932278,0.016571697698613573,-3.160505261089548,0.018433981628561805,-0.02940096457676496,0.0011289113763901897,-0.08316821752722839,-0.02408776640728034,-0.0002639715439549214,0.0052896227206450895,-0.3136712176399526,-0.021123887487905425,-0.16013928485794593,False,11,-1
598,598,7.412548240428118,0.9635008202841551,28.31399987267126,1.7740418756612342,481.03458052338203,378.106782420389,66.13845914102436,1.5790299455381824,159.8299894711491,9.846625174165597,40,40,0,0.021968234103815185,-0.05729850805009686,0.03895596377567415,0.024776534658973903,-0.0012184210756127087,0.4762638128274785,0.04321937448267567,0.1577487213443476,-0.01782118764931514,-0.03583195815988388,-0.031445418317833755,0.006862199273095507,0.028829041901717815,-6.5619034212245015,0.00938841430344671,0.011743838552027902,-0.00020147986924375777,-0.19191816154046903,-0.020275852591261714,0.0343565652686458,0.011293590168957954,-0.6738996941223495,-0.016132604446490652,-0.16797679468947213,False,11,-1
599,599,7.402197818061739,0.9705347482124441,22.006098357473437,1.340490328233963,289.3180880993453,295.6929750198184,68.73508914320715,2.3404269026083475,53.30303393647399,1.1713417314928687,40,40,0,0.017425767637598483,-0.030938506929776368,0.033762253172761596,0.03206584443454424,-0.0004794721573450366,0.2847258795839516,0.04841870211690704,0.029248556694136684,-0.013430602875878335,-0.04097485064721775,-0.035217212063665765,-0.03094377124466858,0.021913992319321854,-5.13864077289305,0.01841917825731169,-0.006151054904221684,0.0003862689466342089,-0.15184732637519166,-0.022972160901220458,-0.014405472723430138,0.008185300281162955,-0.45313912887769353,-0.02831228517053524,-0.013137526635905677,False,11,-1
600,600,7.39182795269648,0.9775757813244552,15.288765551750453,0.8841510329968598,216.01168063239902,185.64914094625215,66.66789506313567,1.6989115688954133,199.0096180379772,14.3176353622703,40,3,0,0.012590703957813594,-0.02281248060008147,0.04406669704681384,0.023049734473404637,0.0004693408606032674,0.21436787225031612,0.030562702026229478,0.1507927566140114,-0.008660268188668097,-0.013676704477929506,-0.0396062581972787,-0.12780877264520868,0.014717084551826576,-3.2244857545720302,0.010737497836267299,0.0357182260563274,0.0010762414277550123,-0.09112144024485944,-0.027602033646583594,0.1080136725602907,0.0045139323104433395,-0.3053059475891133,0.0014322344757419809,-0.22249091235382717,False,12,-1
601,601,7.38152027902891,0.9845730734598016,25.908241328540747,1.5876868843869854,481.75294281594955,290.0596589709944,66.604476020503,1.8691225316616165,134.40145296383858,7.926588273879131,40,40,0,0.020250622197503794,-0.05065308426923837,0.03542090002513961,0.02705486323623292,-0.001229993706316624,0.47804465733712653,0.04403647935391408,0.1259388072282816,-0.016113236324037914,-0.03151933624412575,-0.035246340994309226,-0.03835624809568015,0.025752604370846196,-5.024769579727716,0.011246997085863283,-0.03290838416981923,0.00020655779116996419,-0.16335118765554363,-0.023833063862970374,-0.018366475672653346,0.010228634030610882,-0.5948727445760439,-0.019227775238926274,-0.13311298775323588,False,12,-1
602,602,7.371162811771294,0.9916035935924622,26.75965146281339,1.5810258234957795,396.1086195588535,354.8248530676411,63.80664814802055,1.7322055701684114,229.70764305066857,13.118975159250638,40,2,0,0.02081351334694948,-0.0396916195159853,0.042464765306261705,0.009330940967925201,-0.00036512471965052286,0.39405881503866386,0.028934176212166967,0.21783436310059487,-0.016814972271957718,-0.0066531285379813,-0.037826518506104655,0.07229609304177269,0.02588712001582184,-6.162633491120058,0.012001629616140725,0.038353986126011146,-6.555850684529171e-05,-0.17736564791030868,-0.027365835865538497,-0.02034008370597391,0.009554444787094492,-0.5848325072769308,0.00459211172178215,-0.22481592054466604,False,12,-1
603,603,7.360782706146538,0.9986471400533639,25.44328837341121,1.5056209047649318,349.8685811798566,301.5112281014651,65.4267220081773,2.1468652921360865,226.9919833169109,14.210971284187096,36,4,0,0.01984961648280538,-0.041477355771391736,0.039635710740695364,0.02935313154799696,-8.282400609505892e-05,0.34123260906580033,0.037351398750568386,0.2243605741573704,-0.015916871203918104,0.06517637275244778,-0.03625657730938314,-0.018057877013808666,0.02471387399316216,-5.235201223017694,0.02637591846436995,0.057142201523027084,7.980482382266216e-05,-0.12669800741638082,-0.026029015919305117,-0.026086287296286134,0.00893048479847988,-0.518736042361263,-0.005549077330203754,-0.23994224653045604,False,12,-1
604,604,7.350426201759117,1.0056754574361113,21.876792870370746,1.2579630480956745,333.17073698250556,244.25979054716157,67.90898014666467,1.8774261915083716,159.3678541667538,13.920046764747122,40,4,0,0.017277358110285548,-0.029438916775319755,0.04426995055556486,0.015200182925049096,0.00036777410696520966,0.33133578778752026,0.031199008708545813,0.10591757361851717,-0.01341460790438172,-0.01877993322099429,-0.040968560115923314,-0.11810391602113265,0.020802363127771294,-4.238613976131176,0.015828515984720598,0.0011511507256613555,0.0005114563238782649,-0.11779254741036652,-0.028313324741087574,0.11305353228077115,0.007003452212223408,-0.441155826076963,0.004637629686148072,-0.21504090562402495,False,12,-1
605,605,7.340096353197414,1.0126917620034814,27.097472471407038,1.596505259156817,444.58591264200345,400.08513979871105,66.84624034729252,1.9444274785088227,212.77060065771167,13.83805275983706,40,4,0,0.020973656974442895,-0.04546294346870592,0.03870582488577188,0.02577819949760683,-0.0007629472729831013,0.4412844619382458,0.03610421081641666,0.21076122698009703,-0.01714049704400992,0.02928784974622184,-0.04082603250137958,-0.013657164301165248,0.025961123893461266,-6.95127467341253,0.01660059060105153,0.043497048290499,-7.46692134257522e-05,-0.2017721151636353,-0.028624524829515042,-0.02753666342738446,0.010120879265428552,-0.6313524015470161,-0.007533522963501542,-0.23596916704603818,False,12,-1
606,606,7.329696046153619,1.0197636838081157,16.95628237262909,0.9268580710259495,273.69908246378486,220.27939368579692,66.56270931271033,1.8049147068474032,221.21276229563972,0.0,40,1,0,0.013641094601992719,-0.027599103329444694,0.04426180774707726,-0.004761083614631992,0.0008118805744404948,0.27228748876271386,0.027990039031615132,0.21667730419389974,-0.010038769839609997,-0.0030001167016160193,-0.0410858170299412,-0.044309864957432714,0.015481183858701219,-3.8254173873867865,0.00896896325445458,0.0,0.0008708420547082173,-0.10659940285837237,-0.029496005005089126,0.0,0.004610966645583964,-0.3684737124554028,0.006473079944710165,0.0,False,12,-1
607,607,7.319402757511711,1.0267687593090238,23.265188408969397,1.3486208343373125,412.6548425178837,311.94454017696216,71.61858383309036,1.9808612562633465,178.57520548227433,14.603819039782522,40,17,0,0.018085570658810234,-0.04788991296959376,0.03777069753709558,0.018954257733322575,3.7557848232020775e-05,0.40318072435239294,0.04372403199548037,0.17566270150482383,-0.014634880083487616,0.07372841243309039,-0.04231790382186767,0.025931745541757208,0.022156296773977534,-5.418464347433726,0.008931710104094317,0.11851537365385326,0.00010856169106791304,-0.0949172664805626,-0.02965803608605952,0.016634158569241376,0.007944698628954572,-0.5228498858913265,-0.015358604400022513,-0.22504140580231732,False,12,-1
608,608,7.309139934076716,1.0337543980917017,25.069912048031796,1.4723353035985958,425.9211783428032,331.0135351584983,66.07456158719684,1.9529311970862646,138.38817061347484,10.103708356612273,40,40,0,0.01957588280686512,-0.046822610812222484,0.03699849967402173,0.01556984133852363,-0.0006202664484969956,0.4233017572676386,0.03998605489089619,0.13748680276021333,-0.015649299407986334,0.005667060241284258,-0.037390829424792375,0.0024989744319644513,0.024056072045700812,-5.746322021658096,0.01459353581452988,0.010183787245280128,0.0004732746918596209,-0.17323663075764156,-0.026917362728506724,0.01419632817981315,0.009023430196454931,-0.5715688357994232,-0.014975878523888632,-0.17547535568144373,False,12,-1
609,609,7.2989267391000014,1.0376593758087995,25.810184382631306,1.5300649495666445,431.8219621772728,332.82180616588664,75.6745370681361,2.6491786136626017,226.05865256916996,0.0,40,1,0,0.019955253170781524,-0.04699374482387187,0.054478886475307964,-0.007514468453426308,-0.0006415250574043504,0.4234481444061613,0.01806140093730973,0.22070024121079926,-0.016356709154232745,0.07038084941969358,-0.04932010021349267,-0.04834718910904929,0.024870428711131144,-5.7802305132610465,0.015738969435870512,0.0,4.8214596264258e-07,-0.13267072415737946,-0.03599091315877578,0.0,0.009726316679513585,-0.5602796781608372,0.02438829517523754,0.0,False,12,-1
610,610,7.288654905198904,1.0401765679057273,17.475541417690383,0.960430415009894,260.3263411176135,209.09730704350815,67.2412313625395,2.0455256321007282,230.2066589322406,9.80168983687798,40,3,0,0.014087149697778748,-0.029884543073965295,0.04653943851741772,0.022507145766538745,0.0006417575781177032,0.2582864396669884,0.02562388047031594,0.22531569455615116,-0.010321574901375887,0.012838732378842706,-0.04121747939014493,-0.04148942025225129,0.01600879978805636,-3.629428099325125,0.018858058458018686,0.00855810939571795,0.0009076718470141763,-0.09335412524287942,-0.02948175368982334,-0.04752450275248674,0.004886887203399699,-0.37003133776633546,0.007054959744189249,-0.16411498237929995,False,12,-1
611,611,7.278396983304697,1.0427314932824598,21.850007376602793,1.2541013704103616,322.1884492450946,268.3141513735687,76.01052194447712,3.5242899622856814,222.40775253192214,0.0,40,1,0,0.017199487595057836,-0.04208911239577461,0.06376642577853893,-0.014347639501022887,6.529769243773537e-05,0.29967560711518465,0.004687033563795002,0.22027222045422692,-0.01347576287400496,0.11058224968248855,-0.04110321284369121,-0.027193795675003882,0.02059206869623313,-4.661800459631606,0.0023834250345192314,0.0,0.00044922689117270903,-0.07485255121367755,-0.023860406369172426,0.0,0.007406626536357543,-0.43838138380798236,0.056643953162060695,0.0,False,12,-1
612,612,7.268019297641066,1.0453635895027011,18.52551781654999,1.0163742242578278,266.4279777434057,194.4705953013276,83.63929485037325,4.520317971280052,217.35614730201127,0.0,40,1,0,0.014746667889342258,-0.03713705941717514,0.07347799500462299,-0.017320737739448342,0.0005003270892413474,0.2634175747871133,0.0004247280213688405,0.21465264043564636,-0.01120179759398126,0.01469310843767991,-0.03995416748320676,-0.0294606647606598,0.016865036409096677,-3.372157411184135,0.0019384485869964948,0.0,0.0007038720207757296,-0.08676273700500635,-0.02441096081416539,0.0,0.0054543515966899245,-0.375893183730273,0.07499785852886394,0.0,False,12,-1
613,613,7.257677684044812,1.0480301580465317,20.5725027278489,1.1568621307543279,344.6099152466275,235.99871961583247,88.64163502776694,5.030082622241496,220.07201422961626,0.0,40,1,0,0.016241255889228357,-0.04250985295496901,0.080068449149431,-0.01682183187932118,0.00020847735270376018,0.32177749204415196,-0.0018310220001746282,0.21859621906531843,-0.012625609403960077,0.11579357366369869,-0.03798723824701785,-0.01908953717751115,0.019038827917734345,-4.0982603531156405,0.004584610227722151,0.0,0.0005024061484256784,-0.0683153982113871,-0.022219927101229386,0.0,0.006704420021743743,-0.40667284700587586,0.08480922272293008,0.0,False,12,-1
614,614,7.247310402807723,1.0507460377092617,14.415011566895776,0.7397718539309405,187.50019679503183,151.15809030427025,85.38328716083174,5.015385516419021,217.72611677815334,0.0,40,1,0,0.0118097292534644,-0.019852947211637963,0.07796689314947207,-0.015418307126104518,0.001226293937889103,0.1840722795951914,-0.005247110795972199,0.2142489056508877,-0.00817429242268116,0.029657716867912576,-0.034408387455715665,-0.03555761746878161,0.012474233619593548,-2.624873934732182,0.011899632364479877,0.0,0.0012821335293833544,-0.06953749345871708,-0.01846567194731601,0.0,0.003074945234042975,-0.25560555115913225,0.08473365490861119,0.0,False,12,-1
615,615,7.2369779027181,1.0534868413527099,18.770816678300687,1.0416698412251872,272.8370979281311,216.24627631257502,81.19731238940308,4.025052132654795,218.61607334903792,0.0,40,1,0,0.014885989384212291,-0.037514678782937905,0.07034863067348211,-0.01384942723034479,0.0006175342099268249,0.26162783985444926,0.006689327682326907,0.215082501073213,-0.011417947728162896,0.06770232119176003,-0.03999158157396101,-0.03661555166912881,0.017305793728421743,-3.7557568603571387,0.0191643248065802,0.0,0.0007930855089827611,-0.06121385453918126,-0.02097418589423994,0.0,0.005514851575612035,-0.3676965417799012,0.06424898914524463,0.0,False,12,-1
616,616,7.226655408615525,1.0562590245197565,16.849709118973212,0.9164308423478615,288.1978649352185,193.3218604186047,85.35666124439756,4.476393948237719,196.4452763731977,0.0,40,1,0,0.013518054410766322,-0.03912267900689862,0.07425746343045084,-0.015918628843884425,0.0007628219646678099,0.27615179684452057,0.004903737705343272,0.1942250487227114,-0.010029606422576644,0.07257830557462919,-0.04180361348236885,-0.02477850507462187,0.015265026533607118,-3.3540861453247373,0.01382778968823215,0.0,0.0011570816741542922,-0.05608416740544537,-0.025739865613198874,0.0,0.004633755792801663,-0.3626728803670979,0.07245831019808496,0.0,False,12,-1
617,617,7.216414632151204,1.0590443244536758,12.699085992197793,0.6246667863750003,165.49238542245976,118.71811997867835,76.87330582467841,3.805100792832442,204.55602257760012,0.0,40,1,0,0.010298305420144422,-0.017251685046823038,0.06621291498296888,-0.017888558850172036,0.0017562857989721404,0.1582365600938142,0.010745376828398595,0.20250747107927167,-0.007219913483067996,0.04529128001655412,-0.03754852746364877,-0.02266914184766441,0.010681358323428656,-2.060242751517428,0.013883253314606532,0.0,0.0010813766183435224,-0.0403378749692237,-0.023893026126235124,0.0,0.001898300307833839,-0.2169058358619767,0.060389327317726914,0.0,False,12,-1
618,618,7.206417371296299,1.0617941836870457,12.807492224509147,0.6257317085308157,162.5540208376802,125.87224480447343,83.64712224673681,4.910379924294161,201.74309701182668,0.0,40,1,0,0.010412334371245063,-0.023148089849073742,0.07266752348341803,-0.017043193591032565,0.0018451143674914844,0.154495379388068,-0.00030779369157617973,0.19833737132610496,-0.007225697405311645,0.04493499053714284,-0.04142677098194896,-0.032742844708312464,0.01069664253777945,-2.1853365133825315,0.025494418173321563,0.0,0.0011719313134100195,-0.03658903183233899,-0.02374097789764944,0.0,0.0018650394277420009,-0.22196789614193518,0.07830251819895609,0.0,False,12,-1
619,619,7.196091915919082,1.0646701312069888,15.49718933423462,0.7976175690763518,242.1626022769347,155.73936559025347,84.7552259660031,4.4423112814518815,200.70507529724307,0.0,40,1,0,0.012410106073065565,-0.03237267417256029,0.07028802098512137,-0.014888533055382845,0.0022512590987414025,0.2261734674752099,0.008095987125403499,0.19603358756914208,-0.009004664179563304,0.08025147050798681,-0.04666366281174983,-0.04039419981014964,0.013597194143090777,-2.702377565322425,0.027801245422257082,0.0,0.0011212933150514578,-0.03029810527522145,-0.02673493975961693,0.0,0.002766716910791952,-0.29095855399218523,0.06725840739670148,0.0,False,12,-1
620,620,7.185823683119771,1.0675688094769695,11.507265540692076,0.5242430158540389,133.31006237791226,93.7355505246225,83.3922267651949,4.2434195750628865,200.11133678049342,0.0,40,1,0,0.008952429766290609,-0.01812035038864478,0.06833363558624232,-0.015450296946391023,0.0023909660253087603,0.12163340092937099,0.008196762092739117,0.19641624815442119,-0.00682308163291723,0.05146398168962927,-0.04709130305713956,-0.03502132055313218,0.00910520160072725,-1.6270159994158104,0.027247530902329346,0.0,0.0008353498788962717,-0.011144942105533275,-0.02662517398833802,0.0,0.0003401840484493513,-0.1707953153552419,0.0635121968813839,0.0,False,12,-1
621,621,7.175575190737049,1.070499350964151,13.58356837994642,0.6790734596863023,159.25477937878148,120.84798937185082,86.91713022359511,4.912190946076237,192.65019915062248,0.0,38,1,0,0.01059900796601453,-0.02330208564399934,0.07445944483333518,-0.01775093364564358,0.00189666612401764,0.1503234605918948,0.006499044069008339,0.19039260851008705,-0.00828112417990726,0.04713761507863053,-0.044363735501037255,-0.02344479072645315,0.011690075469145734,-2.097958626217285,0.030192295130768647,0.0,0.0008754569447674814,-0.030329005615415953,-0.02777702498246001,0.0,0.0017456288967502916,-0.21530119695915523,0.07528057351935824,0.0,False,12,-1
622,622,7.165305388326237,1.0734730166693667,13.757516881707971,0.6729282876674737,161.16697753920923,128.53192199022888,94.18303356842455,6.103907921729182,189.55578088314417,0.0,40,1,0,0.010768155842887771,-0.01950121594576932,0.08443556930853004,-0.01761660906079355,0.00201583473220908,0.1504920445458783,-0.0006834925020992419,0.18620814001815691,-0.008321808747272515,0.054282978493831964,-0.04172063381223946,-0.030782750728227625,0.011566034890347287,-2.233744926047886,0.03596451736597145,0.0,0.0009289807984997709,-0.019120148883498857,-0.024585243739574367,0.0,0.0018178265453590026,-0.2060009516456329,0.09721862609524652,0.0,False,12,-1
623,623,7.155054067374895,1.0764787885565,13.827613341517235,0.6663671199528634,153.7162375898056,118.69947831400465,96.00576741836747,6.578720139572446,201.05924156391833,0.0,32,1,0,0.010869692012440096,-0.017871973484784455,0.08697948096854932,-0.017961287538978365,0.001948484150387006,0.15192699947365534,0.0035679264548147695,0.1891692366448241,-0.008322024741184805,0.01508181333449845,-0.04048391246957821,-0.06570548436329147,0.0114542875877007,-2.06066856458394,0.04379279997059913,0.0,0.0009895997287581292,-0.04612237757527178,-0.012943676263265,0.0,0.0017560958431480768,-0.20843483481387626,0.10534875133838477,0.0,False,12,-1
624,624,7.1448047854284304,1.07951970552,11.993743443906652,0.5423703660105931,125.09285117148147,94.02533768330775,96.42692853988471,6.3241536857798595,193.6397700174657,0.0,38,1,0,0.0092795786774892,-0.01482315488387315,0.08716903105648983,-0.015321763860429589,0.002676228564035695,0.1138649034852017,0.0007928199907567324,0.18269154563938012,-0.00711175801328905,0.04963143406959768,-0.04121994673420867,-0.06233300278758067,0.009420965036970982,-1.632815192388731,0.03867307377806919,0.0,0.0008398217431676508,-0.022620763059170712,-0.015147058347861042,0.0,0.0003848214080920215,-0.1626456446644901,0.10226489756810368,0.0,False,12,-1
625,625,7.134570859815327,1.0825901341964455,11.905537530019869,0.5356081334466809,103.71332659956306,93.44805204062763,107.4293541486929,7.637124722251254,191.54666343366924,0.0,28,1,0,0.009533124841090588,-0.010401144480617738,0.10048276051235054,-0.019643412440882725,0.0023784835865599224,0.09385266606104678,0.003002113398091374,0.18172067055626653,-0.0067234046785358825,0.04289460783215749,-0.0378849348391664,-0.05728750747614686,0.00926453700516998,-1.6246484767162859,0.04489537946664359,0.0,0.0011285403049024001,-0.01950151043543505,-0.014249127516635648,0.0,0.0005312249037275402,-0.14219825240236336,0.12469315777473541,0.0,False,12,-1
626,626,7.1242902355227615,1.0856309998250395,24.68324771430618,1.4529954009932822,354.8795482105578,264.1855405489095,154.54270161482103,12.629151122581478,156.72555837520915,0.0,40,1,0,0.019434148047686634,-0.05615718178906816,0.1419890644472704,-0.010188054876756229,-0.001039585363639523,0.3298493092598162,0.010611611379207098,0.11931033933720407,-0.01518209042451353,0.11825945142973263,-0.06008282536410202,-0.10111452473848906,0.02321633460127881,-4.5837149431080295,0.1137599096046305,0.0,0.0016852715759795023,-0.10267649301035456,-0.029012286058955318,0.0,0.01006323181135318,-0.4893700077439539,0.18655311611306533,0.0,False,12,-1
627,627,7.114032381674199,1.0886895114894424,20.999458890999037,1.1410660941933308,335.941648691706,192.07742887152645,156.5156583247603,12.648114303804515,169.08263366216255,0.0,40,1,0,0.016816845976622953,-0.0548529572924885,0.14669603748080012,-0.011930004813474818,0.0006073610379615391,0.3168658872943758,0.014933484092918321,0.13421437796214725,-0.012561929695825601,0.09718000756903639,-0.05248252033878852,-0.10214260981352208,0.018531008331866754,-3.3228700433544756,0.09929594515621477,0.0,0.0014262709659579407,-0.10858668368730914,-0.025819722195466993,0.0,0.00715465291066503,-0.43037087571947874,0.19546039660187747,0.0,False,12,-1
628,628,7.103762581720266,1.0917884098093529,21.132511837280745,1.1655202570908652,309.9653714304686,181.77524451790728,128.00090510817034,8.694709397465198,150.4932723835187,0.0,40,1,0,0.01659948532444511,-0.05006241771905228,0.12117080633353328,-0.012130328327954638,0.0010076347783147333,0.30015966933017535,0.02093785503580245,0.11854411461148948,-0.013039356413177487,0.05896150206491751,-0.03554537420666607,-0.09191503173221462,0.01912561408856646,-3.1416369956634704,-0.006360992311330094,0.0,0.0013323533499680577,-0.1264105474011836,0.0038079680119955774,0.0,0.006799958620782411,-0.42353170767079806,0.15157010317940095,0.0,False,12,-1
629,629,7.093485850008797,1.0949283908341962,13.1564349132208,0.5660172752455876,157.5032119197621,79.4878301516492,158.62904588378558,12.831802257734907,161.97588391416767,0.0,40,1,0,0.010536886010700769,-0.021521534928373293,0.15090657524332024,-0.015554482623638342,0.0028333434397255883,0.14021788978408717,0.02689087127211151,0.13619806115720995,-0.007351052834518168,0.06843265802134156,-0.04083210487544084,-0.08628054923969687,0.009768964893657537,-1.3730387067414582,0.09859501361313425,0.0,0.0009240836220842331,-0.03702264250541245,-0.020077850504850742,0.0,0.001142527706314251,-0.19509712902353318,0.20008180803868342,0.0,False,12,-1
630,630,7.0831960716511295,1.0981077636816725,30.04541886664873,1.8058015405667973,473.36506877932715,285.003443482409,209.95020037328229,14.973247274761198,132.5805392136743,0.0,16,1,1,0.023607259480876615,-0.0843568856946389,0.19154546865547298,-0.007877788925002144,-0.001746414485197018,0.44479607893297013,0.04830031798971831,0.0883568644634535,-0.01850336539986245,0.13825647305719097,-0.07110906662605475,-0.09853225016221163,0.028187712561067158,-4.925914503243856,0.08771927319772745,0.0,0.0020048501699677056,-0.19507090395477444,-0.04614605783610908,0.0,0.01395586723925356,-0.6636727156088654,0.24180679796283885,0.0,False,12,-1
631,631,7.072913157236768,1.1013177061356338,32.653722796405255,1.986213687578409,539.9902357263111,307.9797244439876,225.2673312691014,14.755923435536484,128.869677573822,0.0,9,1,1,0.025827169328909258,-0.09739139698728157,0.21091915947470702,-0.0076683512026947485,-0.0029507347231024017,0.5135487404015094,0.041636784148461684,0.08266375027558022,-0.019761480246029226,0.13554357861826508,-0.0672670566426136,-0.09856619389115866,0.030411251579418812,-5.316332336062158,0.04673456763793108,0.0,0.0025626626640213833,-0.23458684648622938,-0.022384375900707052,0.0,0.01644134754935244,-0.7582888280426272,0.2522724464589284,0.0,False,12,-1
632,632,7.062553220119406,1.104583241854238,47.68708797298308,3.0822101002621016,778.5520519332969,473.3601307028212,252.9493425204589,14.828583385304519,120.29888361320424,0.0,13,1,1,0.036887551687969665,-0.14857266946436698,0.2354792545725594,-0.0047615382029415785,-0.006640027746942867,0.725369935266339,0.0835799733002848,0.06914357993480412,-0.029483502528197397,0.24064063761028864,-0.03933546250659699,-0.09832758771740788,0.04656634426710516,-8.176497565380387,-0.04988457353303473,0.0,0.003316336384544951,-0.3472562254971387,0.017773654884459374,0.0,0.02672917509774127,-1.131312984366052,0.25333180245398185,0.0,False,12,-1
633,633,7.05227142673855,1.1078547486376458,41.177362320843784,2.6337373814428555,717.6327913666481,399.0301135357587,215.93771746248,13.707703057858378,121.31497517600081,0.0,40,1,0,0.032210013053643606,-0.13319875054787694,0.19781291884277993,-0.006134607333837624,-0.005352188857447304,0.67896061719511,0.06793328561249415,0.07292446500583298,-0.025088728569227475,0.19044000733881247,-0.05370489426203997,-0.09675594141150383,0.03969222380892716,-6.884487969382082,-0.0587890338131151,0.0,0.0036189415937846435,-0.308219434228341,0.016497104346548178,0.0,0.02290046891910772,-1.005755657867001,0.23132153023892027,0.0,False,12,-1
634,634,7.042053862715982,1.1111354557795765,69.78183863781906,4.696853973465104,1182.4244531284075,680.5316057342652,268.53442074546683,14.845558057474339,123.51725869653386,0.0,12,1,1,0.05347800058134844,-0.22679864201045488,0.24452441064436697,-0.00511346645036517,-0.013084234169743286,1.1216897411879048,0.0899183749462809,0.06746508601296476,-0.04287669849332193,0.29749300471109996,-0.06506330433622673,-0.10333841408706991,0.06930312667345409,-11.740180790824144,-0.045894206150845634,0.0,0.005809431391367553,-0.5740863427743581,0.043857490275926246,0.0,0.04339724200984736,-1.707042566767569,0.2512071983235112,0.0,False,12,-1
635,635,7.031802374331348,1.1144580900587655,53.118955120300335,3.4921569435125956,928.1152831943464,472.36386945530666,284.7757875272092,14.75992193950856,134.95008409314553,0.0,4,1,1,0.041420305758691996,-0.1733962228922095,0.2769246467874329,-0.007691079028260001,-0.009208055521299295,0.9114927618290303,0.040084851602268746,0.08036520509507945,-0.031956116432470594,0.02264230374594378,-0.05294519652831434,-0.1081379041324268,0.05113683509976776,-8.115759323073826,0.03552347974736709,0.0,0.005373725738089585,-0.5137591848576126,0.021596469778375982,0.0,0.032726218491286534,-1.3561207805199886,0.2542325567874568,0.0,False,12,-1
636,636,7.021570071445416,1.1178066643311961,70.65865215163663,4.7886742216951275,1252.6342662249183,627.2719375770539,332.9265711619923,14.416858621574313,134.50710489589315,0.0,3,1,1,0.05478716981944009,-0.25249210742526546,0.3242496907237021,-0.007065558007040496,-0.014066713695303363,1.203765071356099,0.04990905857172759,0.07751708847035724,-0.042345468622701325,0.2372551234258888,-0.05666856027594628,-0.10969658222844847,0.06944995560350557,-10.777887987591752,0.03810682090350773,0.0,0.007689590876956615,-0.630451596970013,0.02569019314717891,0.0,0.04585714778605706,-1.8159027953412712,0.24738904441853504,0.0,False,12,-1
637,637,7.011357689363312,1.1211805792089835,78.05498081901935,5.367925926854665,1278.991739652384,688.9208673326164,316.4918618090141,13.984633948194592,133.13095572624027,0.0,3,1,1,0.0599925232946697,-0.28075679015921096,0.30798135781032454,-0.008830260697577733,-0.017989685276378512,1.247283370382853,0.048616463171396423,0.07605450998284899,-0.04658163160573964,-0.035772738851246766,-0.054323303851562615,-0.10891092406119639,0.07708850846366676,-11.822616779878356,0.03745877714375727,0.0,0.009493434948024487,-0.8637308583600523,0.03299778319572727,0.0,0.05238964038395273,-2.0136465867037203,0.23891841922437543,0.0,False,12,-1
638,638,7.001083509155496,1.1246088995953396,95.08963984803954,6.541234507702754,1553.1481728193658,891.2711664473549,313.3698359400515,10.806227671014845,134.5164930046951,0.0,2,1,1,0.07312664512442245,-0.3292548137097698,0.3085162574111179,-0.008100396125558676,-0.02221803931179932,1.5171727903559906,0.03264146622800638,0.07390048665256647,-0.056576427144315086,-0.04524642068160645,-0.04419171497710328,-0.11210614856199931,0.09407708000422181,-15.313619854487133,0.028793868928309544,0.0,0.012077370113846485,-1.1111562352941537,0.031492935327417884,0.0,0.06354159120426572,-2.4971142976517915,0.1837135602714433,0.0,False,12,-1
639,639,6.99072383650656,1.1280996384194213,118.49360709554671,8.262227071666839,1847.4555565898522,1007.7253236959725,340.56452593873917,11.739304662726965,132.4766949079324,0.0,2,1,1,0.09099874186551056,-0.4469477767824107,0.3338628887556323,-0.008285155813420101,-0.029671791300804107,1.790657864682516,0.04387174089679498,0.07079572427080132,-0.0698537665585006,0.08291037362498022,-0.050941517353794055,-0.11166645114737651,0.11686016251805416,-17.250556907965827,0.03264700021655167,0.0,0.016258487839773357,-1.3685443134448692,0.03788523478659511,0.0,0.08290891519143129,-3.1444409224556837,0.198692216894765,0.0,False,12,-1
640,640,6.980407066132027,1.1316092218165834,118.89308012386766,8.30540780569488,1852.472083201034,1056.5422063425667,348.4543178205146,11.626294993488456,137.73977662156253,0.0,2,1,1,0.0911293586466388,-0.4456067874866927,0.33938744713924673,-0.009639225476149028,-0.029339038818326654,1.795950025793959,0.05330186075793966,0.07741093397183663,-0.07049982478850153,0.08746950803363607,-0.0582707814586898,-0.11352038890695298,0.11866509988731903,-18.14692378095791,0.038870049052918264,0.0,0.015853708677250986,-1.2647424590737044,0.0293804933371203,0.0,0.08172944587802028,-3.0213165863861664,0.1969803708703513,0.0,False,12,-1
641,641,6.970076650479107,1.1351546014121017,142.98846662064344,10.072266303875702,2329.917580042712,1279.1198753751573,331.0774356885632,11.072814135601837,135.75724598803524,0.0,2,1,1,0.10934317670544892,-0.5779056105374342,0.32281622658361026,-0.008784089261414657,-0.03661545936555321,2.2418493995400435,0.04378603364696711,0.0751339625268646,-0.0845522290062974,0.2620158485347608,-0.0590316485785425,-0.1127286888467843,0.1424079770783094,-21.94928840307111,0.03458859985277739,0.0,0.02038220935121053,-1.4908454219569736,0.04354662499699847,0.0,0.10103533008449492,-3.795417731873025,0.1850827194711138,0.0,False,12,-1
642,642,6.959817557650632,1.1387033826427526,118.16354046190372,8.315296541208346,2021.732203844206,1060.7018209369064,305.69638413569436,12.753012152418064,137.06323031625232,0.0,3,1,1,0.0899681173719288,-0.4457217724153133,0.29506877930877584,-0.0079489824439657,-0.02995279068566766,1.9650846958410706,0.04903181624713824,0.07512237402079053,-0.070506669763813,0.16484945807284257,-0.06309180411411464,-0.1143668295630862,0.11899687619132115,-18.20470660281622,0.04099736407896367,0.0,0.01654355264405772,-1.2712115924002392,0.05760352201219785,0.0,0.08141602354428487,-3.113549372828812,0.21105406910966068,0.0,False,12,-1
643,643,6.949516312950853,1.1422955429539805,136.9105476562565,9.719676491152761,2329.914551514337,1177.6751018665716,325.89336982448066,13.156935717690136,135.45096384023935,0.0,3,1,1,0.10349857634330671,-0.5977198861335822,0.3135499237061568,-0.0076531182143622836,-0.035311171356279446,2.2263744097985376,0.055589251309338145,0.0738920617519994,-0.0823751414681169,0.33836332909008227,-0.06930201280111709,-0.11326233529680346,0.13917957376592058,-20.182313056597447,0.044073120544609164,0.0,0.018599264154350342,-1.3072256458380174,0.0643831281353959,0.0,0.09518909781117312,-3.666739704402117,0.21597027192795204,0.0,False,12,-1
644,644,6.939224075220946,1.1459122938698403,170.68809606665366,12.094741062612758,2812.9741199717446,1453.3282867813853,318.22313662707285,10.305634767754828,136.421747987594,0.0,2,1,1,0.1308983236167866,-0.727885110486833,0.3092392434125194,-0.009813254134111004,-0.046123399680262106,2.716895265171837,0.04398686596840778,0.07578768765024319,-0.09936139600020219,0.03855883360833845,-0.060845793944221,-0.11300805178357486,0.1693866415330834,-24.863556035189614,0.03217471658089977,0.0,0.029402470105777206,-1.7938844260124944,0.06158670870531569,0.0,0.1224905618818396,-4.689054961477537,0.16590387427087308,0.0,False,12,-1
645,645,6.928873874527734,1.149576542664468,189.5383145552013,13.432650017044478,3303.551593968552,1508.3095018800757,326.3797853517578,10.380634204149663,140.00969386754278,0.0,2,1,1,0.1437709943278774,-0.8160679992052702,0.3169451007512921,-0.008658215261062484,-0.04950993061690008,3.14380637504437,0.04587040707839302,0.07750779598347493,-0.11315228961320059,0.6032972989460865,-0.06297200290982705,-0.11627678722410667,0.19141384210750786,-25.77174921209626,0.03538992474654666,0.0,0.028688722504700823,-1.768187834605158,0.06589669815688319,0.0,0.1322938900734373,-5.068958382839072,0.16501518191426193,0.0,False,12,-1
646,646,6.918631607254358,1.1532273946262646,267.72214693287856,18.807078169993968,4533.967028866405,2179.7130606523297,373.0766115350544,11.77539718281468,139.1988988161534,0.0,2,1,1,0.20458884523658316,-1.1152422102636967,0.3602505631462676,-0.00808874206900029,-0.07220417179719958,4.359786054148051,0.06484470535191911,0.07812366176417865,-0.156860160455712,0.5525915248625923,-0.07211694679545005,-0.11492431925370322,0.263693504639584,-37.238898478609535,0.03129037407805712,0.0,0.04444353038873383,-3.066412693352304,0.09264366490398972,0.0,0.19035644187228823,-7.151525071843882,0.1807658950602143,0.0,False,12,-1
647,647,6.9084069864848745,1.1568998798555836,355.8295389191575,24.82558288569551,5890.736944462964,2635.3593672123934,300.00000000000006,0.0,140.44665967264916,0.0,1,1,1,0.2722270172729442,-1.5004389957288897,0.29430371516896586,-0.002574906457122924,-0.09296167816656817,5.695755699630761,0.03646214334988843,0.07022159320036872,-0.2094402975230693,0.08849620941399983,-0.04534132044919289,-0.12160411966024805,0.34732988110120194,-44.74638433735316,0.0,0.0,0.06120536692281747,-4.140982374448514,0.0,0.0,0.25170317125820213,-9.809056115661214,0.0,0.0,False,12,-1
648,648,6.898168413817761,1.1606080579836733,495.2984458186042,33.86031196477972,8175.030340515375,3730.700082863114,300.0,0.0,149.08804486326068,0.0,1,1,1,0.38392243824119254,-2.069199389514301,0.2867455852738586,-0.005343862328569765,-0.1237333109801666,7.908492648049807,0.06420897607956384,0.07908602024836,-0.28742682477310266,0.0726566619293898,-0.06044978673879893,-0.12626990796638332,0.47075554493165844,-63.44288670011875,0.0,0.0,0.09608176543669492,-5.507314292758347,0.0,0.0,0.34410419448192836,-13.578378620185934,0.0,0.0,False,12,-1
649,649,6.88791504292068,1.164353592415318,576.5233728430749,38.88498661836483,9665.7476424701,4048.0275979290973,299.99999999999994,0.0,134.7388048929471,0.0,1,1,1,0.4482524225133952,-2.3804806694637297,0.2828844132398989,-0.0051471111452086075,-0.13767814230446423,9.357428645555784,0.07443005949021232,0.06939844609211016,-0.33540079647612553,0.445554052341409,-0.06660761961068386,-0.11537724416382553,0.5423070531880301,-68.49663383504503,0.0,0.0,0.11508220698793481,-6.366633548664442,0.0,0.0,0.39147609695944113,-16.102758664613873,0.0,0.0,False,12,-1
650,650,6.877715451323498,1.1681058218289473,638.4670174187013,42.4163246980974,10104.131953442598,4503.100992828708,300.0,0.0,131.2510196406109,0.0,1,1,1,0.502769781197961,-2.608992349476152,0.27823016112335763,-0.007684944128861877,-0.1488290927322093,9.701216530168491,0.08585452530871224,0.06943739913259869,-0.36429737935125756,-1.0830693826991404,-0.0722286503077977,-0.11111354279356088,0.5836062906491573,-76.06085179068256,0.0,0.0,0.14427819902394912,-8.437817039287646,0.0,0.0,0.4320165331891652,-17.904113949740328,0.0,0.0,False,13,-1
651,651,6.867458786476262,1.171907301100216,659.9247492587766,43.412534212324914,10568.583417062617,4408.863484745286,299.99999999999994,0.0,131.76265810004836,0.0,1,1,1,0.5180282589811442,-2.7235852157326095,0.2770914091258786,-0.010215629779662673,-0.14735387390106502,10.156045435400221,0.08750002149108527,0.06543329951459585,-0.38135840547649247,-1.0638515545601455,-0.07459287652111658,-0.11391015008518031,0.6071775696177087,-74.20263652420117,0.0,0.0,0.1451797244963205,-8.446796780060772,0.0,0.0,0.4293656904324851,-18.541771424376357,0.0,0.0,False,13,-1
652,652,6.857116768014167,1.175767979947313,774.1071648436404,50.240263383696714,12540.749031209692,5083.548033691644,299.9999999999999,0.0,120.98776137295926,0.0,1,1,1,0.6137907563933107,-3.346031005925653,0.27252116465504267,-0.011556627639211902,-0.17322538162766338,11.881193877645941,0.09468671713927897,0.060255882507282574,-0.4387434070027001,-2.2162343768111823,-0.08225959161365473,-0.1042770894440255,0.6864184946288436,-85.07277683506045,0.0,0.0,0.18673904241302436,-11.029532056186532,0.0,0.0,0.5126774379992932,-22.650292192605125,0.0,0.0,False,13,-1
653,653,6.846845325867166,1.1796284689076622,818.4276189245838,52.6902778708839,13707.64071186094,5200.413769851058,300.0,0.0,127.04179636111928,0.0,1,1,1,0.6486945871851197,-3.6453798943185953,0.2704522454659304,-0.012378677761923588,-0.17546838544191304,13.024778981516443,0.09788134550225056,0.06556607969673907,-0.46715088107130764,-2.2283966869057967,-0.08529258540521084,-0.10810862848416598,0.7288586834196726,-86.83118106581269,0.0,0.0,0.19546264347817804,-11.270075615507567,0.0,0.0,0.5256026749837414,-23.906009812753815,0.0,0.0,False,13,-1
654,654,6.836588923965228,1.1835081171214132,849.9417769203628,54.3752485043485,14188.85181202144,5139.117838019453,300.00000000000006,0.0,122.06356924184988,0.0,1,1,1,0.6787549109518032,-3.76312792434861,0.2679495463499537,-0.013857603968635107,-0.1841998716007998,13.53972640100275,0.10145987726932996,0.06053609974806131,-0.47724543194838703,-1.9591306629423593,-0.08893218717284822,-0.10508502450683027,0.7385927300659288,-85.50319560262399,0.0,0.0,0.225955341936595,-11.21441263801951,0.0,0.0,0.5514321655710559,-24.668778862756188,0.0,0.0,False,13,-1
655,655,6.826331267302301,1.1874143568375628,839.5844308357628,53.163006927755525,12973.964330875438,5157.207952286669,300.00000000000006,0.0,120.42474634898139,0.0,1,1,1,0.6670170534289193,-3.5430674235879787,0.26940647010345997,-0.012991624720259356,-0.179613580018467,12.3301534204581,0.0980178672921564,0.05821340689557375,-0.47720983729357863,-1.9333236456173677,-0.08838920498505892,-0.10461613870696441,0.7337338695767983,-86.04227034209565,0.0,0.0,0.20837291198182067,-10.7218528529076,0.0,0.0,0.5283532605270912,-24.158151977409208,0.0,0.0,False,13,-1
656,656,6.81479534237214,1.1918384896619605,911.8343239204104,57.21311879044687,14130.163716664547,5513.584899927992,300.0,0.0,118.0131466640895,0.0,1,1,1,0.7286845467280108,-4.171978814427605,0.2652679201068335,-0.014335276909012299,-0.18980052049010737,13.312422632205035,0.104947035781779,0.058680109904787996,-0.5142338262511227,-2.2439971241660888,-0.09283884016300832,-0.10138169126160719,0.7812737472044682,-91.63883039116938,0.0,0.0,0.24104545410505052,-12.13589341081192,0.0,0.0,0.5732583177143172,-26.745059170014486,0.0,0.0,False,13,-1
657,657,6.803279581971845,1.1962862011825617,962.8519614609013,60.352699121024514,15105.532358440556,5697.06178509067,300.0,0.0,123.32613797342984,0.0,1,1,1,0.7716173908352709,-4.327460740476755,0.2634188718422059,-0.013987130364807022,-0.20578970072155933,14.37303544115612,0.10519707091468479,0.06290382212058569,-0.5379043603900276,-1.6929393311035033,-0.09769377783845944,-0.10515134642134194,0.8140321897586306,-94.58890468762915,0.0,0.0,0.2619143856792333,-12.013024870562003,0.0,0.0,0.6150655646195207,-28.203644864661236,0.0,0.0,False,13,-1
658,658,6.791760064450525,1.2007667998311589,1029.10544680098,63.53041278625179,15869.010770576157,5801.251320598438,300.00000000000006,0.0,134.08465252904233,0.0,1,1,1,0.8199105412779276,-4.41449442124868,0.26322110602145343,-0.010015519708208546,-0.21011108866731298,15.012129212385751,0.10380029878142315,0.06585974328557401,-0.5853700157642318,-2.640779875730028,-0.099700287450589,-0.11636527670730129,0.8758591636696473,-96.27415441930505,0.0,0.0,0.26640680037957215,-12.705520047706967,0.0,0.0,0.62559457830371,-28.66372356768038,0.0,0.0,False,13,-1
659,659,6.780265854219137,1.2052689477834577,1211.9108093561015,73.29882294406178,17788.140744822966,6771.015521750425,300.0,0.0,124.78089333887682,0.0,1,1,1,0.9660565358176316,-4.888767980107651,0.2589321611790954,-0.007640190319091365,-0.2361568404272266,16.887817353816093,0.10561120876979152,0.05852095095820954,-0.6925983873484168,-2.705461849380436,-0.10862968512016628,-0.10994178974931712,0.9992395508643337,-112.07308383341554,0.0,0.0,0.30853348484778975,-15.203219439492976,0.0,0.0,0.7368519078149061,-34.2662310717729,0.0,0.0,False,13,-1
660,660,6.768690998061593,1.2098346138977938,1266.7801141231448,75.6737015278337,18642.627641383096,6644.723808483796,300.0,0.0,130.88862167968114,0.0,1,1,1,1.012249107736439,-5.500834049979367,0.25862460144073823,-0.009609982867010574,-0.24530201470192556,17.556502850212517,0.10284826576645549,0.0582350631160535,-0.7210482112922871,-3.0095843235118735,-0.11196226935200904,-0.1168253266135889,1.0335135731989928,-109.23748772276524,0.0,0.0,0.33406769986555473,-14.94317175211518,0.0,0.0,0.7514272374872316,-35.96455472505653,0.0,0.0,False,13,-1
661,661,6.757157815244879,1.2144071770239522,1335.0878575073993,79.13603027754698,21266.86459464838,6975.384648452556,300.0,0.0,121.66225471158711,0.0,1,1,1,1.061894306400919,-6.158506369713036,0.25833266437505753,-0.00795275902129138,-0.2549844866283323,20.227902657427382,0.10007842556011125,0.04438873569347418,-0.7679993365074578,-2.276902075837935,-0.11510231645928388,-0.11299600873035852,1.0870057298164109,-114.16929478080002,0.0,0.0,0.3289382145011592,-15.602984384893483,0.0,0.0,0.7860586646999306,-39.28589366753457,0.0,0.0,False,13,-1
662,662,6.745813893098075,1.218770746863088,1328.7050433295062,79.51416886336534,21019.742191974477,6743.386328588762,300.00000000000006,0.0,122.66124906930399,0.0,1,1,1,1.0552979599700822,-5.97067657905442,0.25850948355346437,-0.006952535074571995,-0.26811179046275163,20.153027085373903,0.0974771803568407,0.038340964343207,-0.7615243762789904,-0.18995341952394185,-0.11692324928174501,-0.11630741477873027,1.08229399383436,-110.3185345207291,0.0,0.0,0.3327853289641504,-12.673264012407431,0.0,0.0,0.8023952900102094,-39.00200251446097,0.0,0.0,False,13,-1
663,663,6.734314800800521,1.2232205349123182,1217.7849820039949,74.0172485458953,18923.182350399384,6573.727998561365,300.0,0.0,124.7690950157127,0.0,1,1,1,0.9657482547850184,-5.524234306682873,0.2628158564394047,-0.010603706207518564,-0.26073416377443204,18.080963267430512,0.09013479493805218,0.03504624022941828,-0.6945129708040081,-0.8052533223546758,-0.11315274784775445,-0.11927551941402928,1.0140435563844088,-108.36276306308638,0.0,0.0,0.3115123983282275,-12.738882093161383,0.0,0.0,0.7372505649636872,-35.48153209859868,0.0,0.0,False,13,-1
664,664,6.722852059976036,1.2276812009671152,1061.3369501565776,64.64433590621259,16181.971318723627,5533.574925195548,300.0,0.0,124.8245608724717,0.0,1,1,1,0.8366239278729227,-4.521657332300506,0.26943941482689665,-0.012024784958862632,-0.24718362042764996,15.475432860243064,0.07995852559615925,0.03569872721212718,-0.6044805893247756,1.3862858714407724,-0.10492395304327722,-0.11900494283487822,0.887799656917919,-91.65875309263795,0.0,0.0,0.26067924202130427,-10.07387498034178,0.0,0.0,0.6456166366470278,-28.717815700798656,0.0,0.0,False,13,-1
665,665,6.7099686448835945,1.2327239264896486,866.1169142435531,54.47197584610096,12966.962426033697,4488.439399848376,300.0,0.0,118.85977248055364,0.0,1,1,1,0.6808892842387073,-3.7900476015907025,0.2770828222909864,-0.018023187597959955,-0.22378872747762243,12.25884876825037,0.0657247019808192,0.04196644266889568,-0.4862786209588301,1.870369111435656,-0.09436828461296803,-0.10973435156165097,0.7414459472690547,-74.49479936802165,0.0,0.0,0.22364162234728652,-7.941803674675391,0.0,0.0,0.551454411562361,-22.897642713538403,0.0,0.0,False,13,-1
666,666,6.697077785589023,1.2378044351202588,694.4090869952225,43.67521556098149,10946.21254721297,3603.8281021896296,300.0,0.0,127.45956028505495,0.0,1,1,1,0.5424628660987008,-2.9559917464920007,0.2845918901824788,-0.01660100284363944,-0.18685959132094,10.260246716487119,0.0481659637206255,0.027109636334710953,-0.3911796417720289,2.410190706199227,-0.08177711159748363,-0.12343181854953267,0.6025595080877192,-59.9255120272693,0.0,0.0,0.1743897635433365,-5.148325258209077,0.0,0.0,0.4330997887701541,-18.402987456400556,0.0,0.0,False,13,-1
667,667,6.684194563770714,1.242918235089614,581.7642014953119,37.088136676401035,9577.56098339682,2996.8082996411445,300.0,0.0,120.55268365809324,0.0,1,1,1,0.4553370299690244,-2.629400284125709,0.28934343739583823,-0.019364550033552266,-0.1669842820974139,8.946913332846073,0.037224210340913805,0.032770244195182034,-0.32130052102801965,2.1837285433555853,-0.06996237131813109,-0.11438564085825847,0.5051481024605767,-49.658497588439616,0.0,0.0,0.15732975005849859,-4.646105215735696,0.0,0.0,0.3729384773125109,-15.753530385857328,0.0,0.0,False,13,-1
668,668,6.671295321219111,1.2480727558013298,519.327920526095,33.09146339964278,8442.127444694026,2674.236768672502,300.0,0.0,123.50342848627017,0.0,1,1,1,0.40351315910337454,-2.2086020351111064,0.29199717196917646,-0.019589102419498752,-0.1496787646346382,7.80491257474445,0.030462276723380016,0.03357567917959596,-0.2906456379955175,2.339857376755074,-0.061722777471784375,-0.11722643764053603,0.45719926505114034,-44.5253884890902,0.0,0.0,0.13502725312474284,-3.5972741500503562,0.0,0.0,0.3260463772968419,-13.528997004915148,0.0,0.0,False,13,-1
669,669,6.658405120140707,1.2532578262406242,549.668206417873,34.725534736494225,8690.414591439738,2881.902082340926,300.00000000000006,0.0,119.58336435280995,0.0,1,1,1,0.4298713837243573,-2.346590735799056,0.2902470545936623,-0.018323561003306257,-0.15678274989815733,8.012145095985321,0.03551728445117659,0.0226882759508673,-0.3045733079833485,2.412954340771728,-0.0670460275103442,-0.11597271349965174,0.4772174927219146,-48.04208902368046,0.0,0.0,0.14900205769511887,-3.9012301136490395,0.0,0.0,0.34262027792321303,-14.376901658929006,0.0,0.0,False,13,-1
670,670,6.6454060024997705,1.2585211985742812,456.7175434694604,29.022650596783087,7385.14780654389,2300.427296248306,384.8886926525378,11.49389026567165,117.10270780264791,0.0,2,1,1,0.3539628435162303,-1.8883961325944054,0.3655195414848365,-0.012171899691823956,-0.13232633529587803,6.765654004637696,0.05909484236275852,0.00322242639773179,-0.2564974871413869,2.2804153263018607,-0.10508363398082185,-0.11642381629510223,0.40087798538863195,-38.19010863865207,0.020140176385190067,0.0,0.11980622023448952,-3.004444528700471,0.1459944945278705,0.0,0.2855291634781784,-12.021392023482374,0.13609864060997287,0.0,False,13,-1
671,671,6.632557323259635,1.2637532898383306,431.69332034674903,27.547120376060427,7402.375926480791,2151.987410724812,372.3054367904874,11.219364947476729,115.03733710786383,0.0,2,1,1,0.3351766613306735,-2.0267717690494376,0.35509138527471396,-0.012559726267600988,-0.12585267380964704,6.578990036674341,0.05209657537347533,0.004736342017363595,-0.24119874175912787,2.721076193432724,-0.09903228363415711,-0.11425151757961816,0.37872646572534024,-35.582624195177594,0.021511685481105495,0.0,0.11743592739406729,-2.7622890220791723,0.14114468091402457,0.0,0.2719046156039894,-11.702352779332065,0.13401076514547844,0.0,False,13,-1
672,672,6.618205351016314,1.2696327186438965,397.8390101285496,25.62206542135853,6518.167172777264,1955.7212799314368,356.1707209469699,10.778888315814392,113.46767245346847,0.0,2,1,1,0.30837594776667476,-1.7757161513556374,0.3408937592265541,-0.012938284900233176,-0.1190985776451056,5.9666887352085025,0.0447634345522923,0.007677215747178939,-0.22134968177519931,1.931828403151231,-0.09297990270674122,-0.11246587853308786,0.3528009836417754,-32.345156727204554,0.023568159602368695,0.0,0.11054221423693232,-2.882247341318078,0.13508493932320867,0.0,0.25157552893216684,-10.516564187971637,0.1287959755574054,0.0,False,13,-1
673,673,6.603805929797,1.275571411800383,240.58177199464853,15.581805942813752,4015.9856536956163,1117.4941757385782,312.3331829675522,12.870054966063703,119.0954403082717,0.0,4,1,1,0.18410010327530407,-1.0738997210517651,0.2973819582859695,-0.013497704453245848,-0.07225337906287432,3.590681689479708,0.03748993593463448,0.0070387378260370614,-0.13698974488663018,1.4428739254172884,-0.08780941163828228,-0.11811855081455348,0.2170759044544811,-18.433672171032192,0.02501328179912246,0.0,0.06363108301877536,-1.1890896271881313,0.16183324632095455,0.0,0.15095699923898265,-6.260189180448396,0.15375516966931566,0.0,False,13,-1
674,674,6.589626441901768,1.2814555087921506,122.48030539636703,7.922470700705453,1924.9294714018374,553.736155029684,200.65197841119956,10.38423094728997,112.70464937605361,0.0,40,1,0,0.09104566740606868,-0.5407269526362921,0.19132163705754046,-0.011503038724257272,-0.034778076528764766,1.7222275052736622,0.015961472192858525,0.007531189082801012,-0.07417949210887224,0.6685059854951818,-0.05833077266235946,-0.11186285926117978,0.11168680256744125,-9.170772102993466,-0.006176263316262494,0.0,0.0292277135023869,-0.6577484271266713,0.12985428023309686,0.0,0.07610043595351684,-2.97779034400222,0.12628262810977645,0.0,False,13,-1
675,675,6.575320655748281,1.2874268680128405,66.59419867906148,4.124044397763254,1007.1294434021785,279.5155356539378,131.41872555135197,7.27267267424077,110.69744756665462,0.0,40,1,0,0.04708480292154348,-0.2802539003369269,0.1279243488661113,-0.009476767657415813,-0.0147962227443347,0.9004883054632933,0.018764694339210245,0.00742838670033543,-0.044708840558056934,0.3533953576907431,-0.023539937108646585,-0.11004060543076762,0.060534967593042825,-4.608694044687175,0.004563196821182591,0.0,0.012157412139456387,-0.3353876269939584,0.0963074969580696,0.0,0.03699418295265552,-1.5642534425613976,0.08255784098287604,0.0,False,13,-1
676,676,6.561015184897763,1.2934365407933623,61.90144429974263,3.7532457598070263,908.3971371189732,259.1793035011971,125.77055141791298,6.289006480941278,109.8166822390274,0.0,31,1,0,0.04346869121881349,-0.22978818436367476,0.12170449882750176,-0.004722264009603846,-0.012611477021543875,0.8206898548960686,0.019265296135948518,-0.002047272594077239,-0.042228098908814925,0.31440564741025595,-0.02520108993489616,-0.10969600081833729,0.05534667846706137,-4.29938084819125,0.005267736383400631,0.0,0.010925990845710495,-0.313387197754229,0.0842297832099925,0.0,0.033293677236339914,-1.3709326544289286,0.0701833433305125,0.0,False,13,-1
677,677,6.546705138609651,1.2994854603620012,80.48323574507137,4.9482470073313625,1224.4784609564163,336.3903365703862,145.44513298871212,7.158092814916917,108.83506387991443,0.0,40,1,0,0.05857073505038021,-0.3257303834485654,0.13952233576860626,-0.003935290277626911,-0.01869760586255107,1.1070906121502708,0.019189421508613146,-0.006816164638090059,-0.05193668998563146,0.4093868526630811,-0.03632589481267072,-0.10855010142695548,0.07119573185774149,-5.525916783319522,-0.0156957680679033,0.0,0.017516213400656892,-0.47380599831512993,0.08969098355029963,0.0,0.045639377470835435,-1.9260813188066719,0.08554090755536226,0.0,False,13,-1
678,678,6.532406408032036,1.3055679354199698,23.064461903281913,0.9780756429386249,216.40864315284767,55.357233436048226,78.52770853241842,1.6177974303358682,117.49001465213945,0.0,31,1,0,0.00972549731064256,-0.052603891664931325,0.06965424736969585,0.022227675303192574,0.0030217068375045647,0.20614487202534496,0.02467500223182846,0.003049855161348784,-0.020694284059536952,0.03962099381154994,-0.026571245653392677,-0.1153279340709378,0.016482530201669007,-0.9042483227534166,0.012647626143469464,0.0,-0.0021945040523264486,-0.07371453143540702,-0.023975561056889652,0.0,0.003862267528838191,-0.3322316293069963,-0.00790415144718438,0.0,False,13,-1
679,679,6.517998669810393,1.3117336536539794,32.80281888412437,1.6420719565786788,381.67769635498644,114.54265162802115,95.11443361011344,1.8894572100692573,114.53942093401147,0.0,40,1,0,0.019178498599880276,-0.10282135675397984,0.08849707743283435,0.002048516804833752,-0.0010140752226922714,0.35274970700614416,0.021919322462727448,0.03036441368019296,-0.0265928894564276,0.10331155161548719,-0.02710287935984977,-0.11042230258719064,0.025886340105212395,-1.8964384867523953,0.02003467931497472,0.0,0.0018365418841776535,-0.1543294164579424,0.0180177881469806,0.0,0.012161209445879215,-0.6134246859231568,0.019012362095480344,0.0,False,13,-1
680,680,6.50364265510529,1.3179107986244016,17.248213154716943,0.5070021537076318,61.91092285861548,10.753684026670157,69.65917376263188,3.3739748034339314,75.22396888227398,9.123473370161387,40,40,0,0.001860889733503692,-0.009072909923583332,0.05645817798720886,0.044042301436730866,0.006754410751748229,0.05309181267489084,0.02690316344461693,0.03954964637429435,-0.015761214478172646,-0.030527104376574604,-0.030677262334331816,-0.04641924870380524,0.006583953728690497,-0.17061171415532053,0.015382038890123543,-0.011183918034589202,-0.005409496929585259,-0.028669882869851063,-0.05017134462853094,-0.13282289165652708,-0.002385616199034247,-0.07277474300620476,-0.026718985744623502,-0.08711299007317291,False,13,-1
681,681,6.489252174484283,1.3241367327372986,16.94133374015026,0.5162159280009222,50.91493811000266,2.0947165219149055,65.91057823040272,4.266782108199756,69.18887853369176,3.912690750956005,40,40,0,-0.00025426764510003304,0.000547851412734106,0.05123533642586946,0.05713378399722838,0.007859055466120144,0.01659872717516502,0.028566395470742585,0.029302142482219774,-0.01500597827668213,-0.0481301676471151,-0.030051716653182205,-0.02577238997182245,0.0048621899738212375,0.0297686427040448,0.016093539694437328,0.012989445290477028,-0.006303893409994388,-0.01870713248112299,-0.06517343119214834,-0.05760342693730078,-0.004218310882766383,-0.010024110177500219,-0.03223527299516047,-0.03430091772848855,False,13,-1
682,682,6.474893987799569,1.3303822903212277,17.193124376260783,0.511266130412474,49.3121076756725,1.524568516794554,65.70919286795544,3.842967646341488,70.39835247766307,3.8732348469444577,40,40,0,-0.0002805755279681149,0.00031002262079388686,0.05261860298131444,0.058998206080522586,0.007893832365775564,0.01696848308336246,0.02886786345770042,0.028365560209045078,-0.01527128723361958,-0.04629965908342476,-0.026751207580977304,-0.02589468487694949,0.004692789107245841,0.018513904980432302,0.01074887844420254,0.010321828947710178,-0.006320762364128294,-0.016631163150864832,-0.05816179298745713,-0.0572526047260563,-0.004201258362990065,-0.009416198514373132,-0.031628775692868184,-0.03443042035025448,False,13,-1
683,683,6.460479986754699,1.3366871009151218,17.383941651316206,0.5179329401595277,50.795608950224,1.6402547474739355,62.89857914118535,3.8929058837162973,67.26991503413994,3.6781239442303035,40,40,0,-0.00011307017756930561,0.0008759260683639453,0.04983011144101583,0.0563965948159415,0.00798358009390991,0.015463302065773343,0.027273067049524723,0.027357716338365517,-0.015441861654458515,-0.04837678091160559,-0.027006870708544305,-0.024417635401824945,0.00454913824327236,0.018795752612678223,0.013602535902028945,0.010982944601811746,-0.006672532954353906,-0.020055815130148383,-0.0590623383697852,-0.05356151714172399,-0.00406172969858426,-0.008002344963502805,-0.030708333652327172,-0.03363903595207207,False,13,-1
684,684,6.446020675130741,1.3430459135832828,17.553738496346966,0.5181843731266891,49.86588425536031,1.669212188403587,64.55833600845816,4.024225397303484,67.53810453508473,3.6035224956177583,35,40,0,-0.000293605423537071,5.1655811724590165e-05,0.05097990691751754,0.0564568470645486,0.008213762064703712,0.0174469369100611,0.027128556495452753,0.027776393912695648,-0.015510694497598657,-0.046714110680847326,-0.02885947437732122,-0.02454571092734873,0.004306238256586307,0.019184650181145183,0.009593827501232267,0.006396540596070566,-0.006734581891653607,-0.01935127029860707,-0.062485112911577906,-0.0531695934399616,-0.004230375735993239,-0.010306488702119209,-0.030604941591798242,-0.03297953667567965,False,13,-1
685,685,6.4315698034306505,1.3494345364357312,17.58582710241331,0.5092358845895495,50.83230075441325,1.5436926746544954,66.20028796617227,3.8662438058169117,69.19002360359084,3.229137530752673,38,40,0,7.641416259178256e-05,0.0014330259933871543,0.053098483244981697,0.05865678470456253,0.008268537753947067,0.015931696632635026,0.026526474927229444,0.028157558451050634,-0.015520527025951211,-0.048249873356259534,-0.029315104158464066,-0.023532804262639942,0.004346022443137647,0.019358656335071542,0.01178264085747045,0.009210134845361899,-0.0065830921128619225,-0.016990684510091374,-0.061109547673051844,-0.04749094263364387,-0.004094964930190262,-0.007903065138265785,-0.02607998015706128,-0.028915910806835806,False,13,-1
686,686,6.416984127569119,1.355915231651922,17.80674205202122,0.5149633756197554,51.094101629887575,1.8187176872240687,64.35233732213656,3.649040399620803,68.28885425879804,3.4448418256809292,34,40,0,-0.00016514922783471227,0.000480188516708943,0.05007399056907589,0.05593995492248382,0.008456039905843702,0.017400917164192474,0.027727057540232008,0.02904479303425149,-0.015669976941608606,-0.04803732634315333,-0.029411376497382978,-0.026277158462195523,0.004532247599783141,0.02310206966803171,0.009382406797184587,0.009272519026111417,-0.006322944040196325,-0.01885798615572562,-0.05482591631899816,-0.04954944442344244,-0.004501085959343022,-0.010874931700492087,-0.031019692581427973,-0.032768096234678676,False,13,-1
687,687,6.402432127625326,1.3624113602870176,18.432835839696335,0.5290371042697195,50.7517202777674,1.854733692812332,65.69554857912964,3.351184492773532,69.74258320654901,2.996905472576064,40,40,0,-0.00016558278822482764,0.0014794286032787653,0.05240932475320144,0.058581076788620984,0.008535680035295503,0.016043262801421727,0.02838743789913682,0.027755592205704394,-0.016336590396055572,-0.04812652201068622,-0.02762826725563694,-0.02572765935561853,0.0046857148558166395,0.02684561932421347,0.015237558152931607,0.011522192913625651,-0.00658212759421494,-0.016388026829544752,-0.049277464510229366,-0.04411570276752819,-0.004469460210301271,-0.0076577096020503665,-0.027577802825968806,-0.02563099009323505,False,13,-1
688,688,6.3878353823032255,1.3689580064990694,18.339477191946937,0.5192714617559084,51.85037621629062,1.4809300219178512,66.29545098251009,3.465762173327125,70.89840689176273,3.0475247061267257,40,40,0,-0.00015226642910485969,0.0012267164185323857,0.052465572168412584,0.0593960557423498,0.008535798066565799,0.014806898816098625,0.027947318671807924,0.028331034289961497,-0.01623124733270124,-0.04967607500647768,-0.029349581548497518,-0.02638266775939554,0.004319465592884142,0.01607708085666205,0.00778231376492196,0.0001164487721763843,-0.006662139895103096,-0.01858998283142363,-0.05286385838275776,-0.04412164142596543,-0.004369899145715592,-0.008000802449027284,-0.028350705001865,-0.029704765677958815,False,13,-1
689,689,6.373417314116029,1.3754350028477316,18.929287158840356,0.5265374363936054,49.926773268377055,1.2872736955281043,65.49477153138793,3.2058567944623557,70.0000474031492,2.9992347017074916,40,40,0,-0.00014903782050907223,0.0011341193884752154,0.052931126500870736,0.05906987763456892,0.008840753651679934,0.017541676907664325,0.028243034294126515,0.029304765049967787,-0.01673728696474444,-0.04672992652970611,-0.026271504699166278,-0.023494402270463816,0.004596592892031444,0.013839565660271601,0.009146220389470612,0.01009000866570072,-0.006640198223446761,-0.015495360630021578,-0.046805968066790216,-0.041440146708147885,-0.004385401246988388,-0.008551824116374106,-0.02926190280696182,-0.030349039247973497,False,13,-1
690,690,6.358916675770252,1.3818009567625196,19.079208185695716,0.5218169073589332,51.20547040732548,1.5171356845644166,65.76715637656555,3.2232857299873117,70.21203364531353,2.865947311218104,40,40,0,-0.0007765773769695307,-0.000183792438499211,0.05218512772139793,0.05934134683221837,0.008961840116707942,0.015376498378596164,0.026244925457896487,0.027423951672906243,-0.016825532214264773,-0.048841884869321596,-0.030219781439819644,-0.025617593551914862,0.0043229168447730115,0.017740579347529473,0.00966853044933662,0.006488685685626252,-0.006587315926145058,-0.017322855975839678,-0.04937244121779044,-0.04125503961985202,-0.004567801970106343,-0.009291320097580161,-0.025173912022645465,-0.027530723740919145,False,13,-1
691,691,6.344496914820987,1.3881568548712753,19.434656247652967,0.5225017784137512,52.327007935810876,1.628171946453851,65.9462573130819,3.5220625526132907,71.9118471433189,3.380826572597062,40,40,0,-0.00033236389534654714,0.0006897173423069799,0.05296524735956921,0.06076725912228143,0.009099413727918127,0.01783181613761484,0.02821376183743636,0.027964203441475027,-0.01716962630675699,-0.049190104520486985,-0.027341819045617183,-0.026394266502658557,0.004017452830777159,0.018645555226429866,0.009362727903017983,0.004479676341736427,-0.006937714944463619,-0.01864507874468694,-0.054516723703267427,-0.05154974449116878,-0.004346401923128473,-0.010593771558169193,-0.026814591077355517,-0.028360710343093162,False,13,-1
692,692,6.330051410715871,1.3945481514578317,19.515039754354422,0.5196867243526416,51.8249952810907,1.536587767518391,69.81852689222856,3.5807261341104,75.19016100510959,3.0728791701113187,40,40,0,1.0558030764675451e-05,0.001868101973418575,0.058433170385504295,0.06636051199443876,0.009171049605271977,0.015592056932907637,0.026092592621346028,0.02644657932944864,-0.01722580953916711,-0.049388542107486326,-0.027917161503203464,-0.023461057128386843,0.00418146911141541,0.019341349255628186,0.011789685336280034,0.004352479851265908,-0.006856838605545465,-0.016963156036636954,-0.05750249615436481,-0.04829006245725774,-0.004215259686614943,-0.007576036917600936,-0.021451080575317295,-0.022923832369469106,False,13,-1
693,693,6.315871425247745,1.4008451412806686,19.718991423371005,0.5385576440485716,52.735589505269346,1.8787730530607034,66.76187094770162,3.0115694595089404,73.26751663840372,2.846852414430783,40,40,0,-0.00035041943732422385,0.000754512825865584,0.05495166126007389,0.06348340906543562,0.009377078431865575,0.01713441858084078,0.028038822658093446,0.028114344024380816,-0.017343189702461487,-0.049868675646746595,-0.025520320553309012,-0.023400201449305845,0.0045175155104463,0.02562432674606332,0.010550977112110829,0.009865291928432126,-0.00666009831064142,-0.01753332568504254,-0.04311406019833645,-0.03773179232997394,-0.004856717137152607,-0.01054567866536823,-0.02815311351287174,-0.030786046503849203,False,13,-1
694,694,6.301535999103476,1.40723615520879,20.009042957510584,0.5518088308858358,50.86766501834509,2.089453466248605,66.79473329919372,3.3421584044783956,71.60795208631191,2.889501217193012,37,40,0,-0.0005942819094853117,2.7650561978753187e-05,0.055654144864817796,0.0631410424973992,0.00959843775334696,0.01951214102737446,0.021216156713350177,0.021803994925934673,-0.017546470351118656,-0.046976535976941104,-0.03023288359040302,-0.025797157975385274,0.0044916554533212544,0.030833444388748295,0.009409847448744844,0.005692292646004124,-0.00701320332537824,-0.015357534316523183,-0.054424140476455045,-0.04577477119394126,-0.004836721833678167,-0.011972818687808863,-0.018763028243748515,-0.020385905741809745,False,13,-1
695,695,6.287216682619507,1.4136447053282528,19.995562888584775,0.5464512989340159,50.679596800033764,1.4165874342981584,63.454627543063985,2.831071675884411,69.79125414690245,2.6076138930988493,40,40,0,-0.00036010089301859,0.0006705210887045416,0.05264305000526115,0.06079152306040165,0.009510041666827932,0.017588622113339267,0.02483678373503009,0.025711384350395997,-0.017585561409104705,-0.04752485986762873,-0.025265257102825872,-0.022674536250613695,0.004145834466093418,0.015884878982417878,0.012753190615907625,0.009691632582008045,-0.007135117477282663,-0.016092985757867564,-0.04276054237950722,-0.03699647203919962,-0.004781596491162171,-0.0099984141372302,-0.02122240941015616,-0.024670330736339674,False,13,-1
696,696,6.272923286534436,1.4200650128873733,18.67270053865363,0.5224542751151008,47.81111732306123,1.4590097611610664,60.9017724116971,2.859388152931655,65.63282558788741,2.657107048935757,37,40,0,-0.0007968270083722904,-9.18794266728494e-05,0.05025325234703255,0.056844046596928585,0.007497590197970191,0.013467434648591469,0.023259601440218814,0.02406065575769275,-0.017082767730911327,-0.04587507713166701,-0.02535009767779581,-0.022304865066753218,0.004569701830916744,0.01938112555451235,0.007953055812707563,0.008799264055226016,-0.006739127233997418,-0.014337667008049636,-0.045548182642179476,-0.039149667498615835,-0.004104862240653197,-0.008200321167076764,-0.018780165939178677,-0.023249555638217657,False,13,-1
697,697,6.258709344124074,1.4264731411483278,18.977537816495563,0.5336178365438389,47.92370550525217,1.6136747915343554,62.205568572855675,2.7462075341925916,67.78396756693645,2.7279497762340847,37,40,0,-0.0008594090435198049,5.01843950060539e-05,0.05170240527307502,0.058768383653504064,0.007782891922926588,0.013106717606375776,0.02146710184917733,0.01987076634157227,-0.017286843291604154,-0.046096561525425676,-0.027121164957427647,-0.02731475767545245,0.004880772154857975,0.02358477829768222,0.009819223682368679,0.006286877682836415,-0.006730507189178487,-0.01249093847298678,-0.04344694761972075,-0.04445262217430601,-0.004197324840972205,-0.008996782863002876,-0.017699302977051527,-0.015852887567959717,False,13,-1
698,698,6.244362162179097,1.4329661774482272,19.26087600426312,0.5236596202813621,49.47327504389968,1.672671618268738,62.7538435178583,3.0659576333331273,67.28741924352755,2.564569348096363,40,40,0,-0.0011322147144357253,-0.0005471533041480421,0.051666598617173966,0.05866439852541467,0.007959289789468181,0.013119063143670435,0.020288679724248703,0.02000469116204659,-0.01750283235191612,-0.047699012034459316,-0.02927416845347693,-0.026189644243797994,0.00445623694209246,0.02332218058159327,0.013415532086793155,0.006610600252645659,-0.00669079484961328,-0.014282140176004078,-0.049974846175196555,-0.041397808337797264,-0.0043482435585082855,-0.01021588101265132,-0.013637129523693224,-0.015684229500671026,False,13,-1
699,699,6.229998939293172,1.4394901881221305,19.437938253715803,0.5371711771694162,49.67972725971379,1.1272023361872177,63.37569822686909,3.0756467312446794,69.10763644782384,2.7221628635286432,40,40,0,-0.0011927145234569233,0.00023516248810578726,0.05249854994465485,0.060688797000751894,0.007901617856121312,0.012043724858939146,0.021996905549029486,0.021947760228695275,-0.017719348489056475,-0.0481971855062711,-0.027866064051437805,-0.024719044377763056,0.00452628378251949,0.010023097890603828,0.01002104694812308,0.005289899287573514,-0.0069901659840784485,-0.013436923650052949,-0.050513389573380786,-0.043771492874781784,-0.004306804669078193,-0.010297035899820804,-0.015150442030201921,-0.017701424866957256,False,13,-1
700,700,6.215587961843673,1.4460587531055151,19.34689050360478,0.5220736052662804,48.48109202990446,1.5883531378094156,61.60694278321879,3.022347787743942,67.17418005798622,2.452726488952454,40,40,0,-0.0011707530595283402,-0.0002640873039682725,0.050729563630448664,0.05871328969765681,0.007923872801965383,0.01326122137937308,0.021995018032908858,0.021216500171362847,-0.017610898592926798,-0.04663139017695276,-0.027168841614818036,-0.02479879432190892,0.004579063122377074,0.02101273299490131,0.010369937590897127,0.0017944347731810501,-0.006652994367763546,-0.01616978574623873,-0.04933173935605091,-0.039597204056084766,-0.004218605162518177,-0.008093943296097146,-0.015536986526496804,-0.0161672319228896,False,14,-1
701,701,6.2011580911257225,1.452658531669236,19.730197816995286,0.5401241948971186,49.15456871376056,1.8330195801084364,62.13535259572987,2.640862341314233,67.89635142232845,2.6448385363804983,30,40,0,-0.0013658741008638442,-0.0014796793150188814,0.05178074087944561,0.05944568091208955,0.008165416697434823,0.013747050697903718,0.020766126122586947,0.020088915332725936,-0.017909245210103286,-0.047169913839965605,-0.027355528180464685,-0.025933781793578144,0.004326308867829617,0.02461015040588638,0.01110042704077125,0.005143001674770472,-0.007050304535782117,-0.01727124333310863,-0.04120976654647709,-0.041693446441835584,-0.0045214555537620325,-0.010933765794066972,-0.01740644790498455,-0.019132615165760418,False,14,-1
702,702,6.186730098339671,1.459279662575207,19.583609372350143,0.5376388522136359,49.14925961030925,1.3921714913570316,63.34540099516082,2.915300813218424,69.29817133598547,2.765911667883582,27,40,0,-0.0011894773628075704,-0.0004438171738012347,0.05286032702448605,0.06122400528329503,0.007983171721227535,0.012717306180684762,0.01967661863508974,0.019640632432748106,-0.017842978140477608,-0.04747339117931783,-0.028831516317934965,-0.025847694002064138,0.004407391581938033,0.013021854152245075,0.008949210888082995,0.0073486826064702625,-0.007110031603866578,-0.01872303182639649,-0.04832908354915912,-0.04516877057666292,-0.004251317608344132,-0.008382782640784939,-0.013158583140606023,-0.015368270259172027,False,14,-1
703,703,6.172301901581451,1.4659229210687195,19.844061937478077,0.5504778519627694,48.97371507732278,1.385476665109004,63.87198602806436,2.550643234812435,70.2263456447409,2.5099223853643045,40,40,0,-0.0015730753946847115,-0.0013965328030435087,0.05398652871422838,0.06223610890063681,0.0080537396311402,0.01294693599534803,0.023712506872816574,0.022343159522840127,-0.018067913712847574,-0.04721071184527064,-0.024552033202235438,-0.023647189982313244,0.004367444690704099,0.015559385676640534,0.01118564873586131,0.00522017627325286,-0.00726353941111974,-0.015153033139875585,-0.0372396941729232,-0.03390689795070014,-0.00452475185777802,-0.010630998480038767,-0.021676268940046123,-0.027241027010091314,False,14,-1
704,704,6.159027416135277,1.4720537030222365,19.731886836847966,0.5627587798750315,47.33554388503853,1.6527659413224358,65.10219082841574,2.672529062642816,73.41289913856265,2.6731492206542025,40,40,0,-0.0015408342927604843,-0.001331809014180276,0.055704960245783745,0.06586306192790414,0.007831917441107394,0.013333440714431063,0.022417465396400937,0.020290760250409396,-0.0180453389278258,-0.04539933213558223,-0.02515372536775177,-0.02529418672087013,0.00452035979144856,0.02225327014855351,0.012675473133277795,0.005920991248947304,-0.00754353977707992,-0.015183698207740941,-0.04058948716563456,-0.04080029961411687,-0.004374118577637253,-0.010312660188097494,-0.019171043327974226,-0.02184010670547348,False,14,-1
705,705,6.145801888585246,1.478178759760441,20.19341699554453,0.5880213974553792,50.8220396983344,1.6340529810856175,61.17212348961516,2.613547001164252,67.17364374191874,2.645177223592719,40,40,0,-0.002144524656800446,-0.0033619022928627063,0.051399665818182526,0.05906780833103429,0.0078571031481564,0.01354402681673548,0.021824853510879122,0.019679670355050315,-0.018478123120911183,-0.048868565250679015,-0.024975564362723694,-0.025219100048395237,0.00463309000646889,0.01791569173493365,0.010014545959298267,0.0037560601811140394,-0.007854744529534219,-0.01808714384457239,-0.04056817852719052,-0.04207934026855868,-0.004707948163073708,-0.012855001666673617,-0.018293715176273838,-0.018617674694797994,False,14,-1
706,706,6.132615954407056,1.4843018833279225,19.97808482541735,0.5400531760696428,48.68001691163017,1.7603928155871744,60.53318802006905,2.8638866701411767,65.93682431683155,2.532371692494479,36,40,0,-0.0015853331049805904,-0.0018958145097627411,0.05041019023448705,0.05813001257871218,0.008161943827347392,0.012929029295917032,0.01785479888795769,0.018447595975757475,-0.01816571675428882,-0.04689339116897488,-0.028359931753557548,-0.02506496840817258,0.0044211753250347876,0.023963483651704105,0.012291331850055322,0.006974831994899623,-0.007116700971073486,-0.01668829500907723,-0.04786358717524407,-0.042483402501711225,-0.00431853108481272,-0.009552822897767497,-0.007511698334566344,-0.009999761399921573,False,14,-1
707,707,6.119686162450573,1.4903220809923443,20.67961031469011,0.5750936061433504,48.870749428606075,1.5360737152681785,56.996822918271896,2.3809032748464363,61.46293571054352,2.321932862160074,27,40,0,-0.0018516423659632824,-0.0015920663243228703,0.046249662855596674,0.05243161653083497,0.00813685918794675,0.014076843813853135,0.020646359452997802,0.01985837406721564,-0.01892113172808471,-0.04677240578346321,-0.026140664678965104,-0.025184579280353614,0.004401247738860879,0.018661424064724586,0.010150943063714911,0.007602884817390526,-0.007780096684053913,-0.01609663229686434,-0.03640709257931005,-0.03368037949137281,-0.004565746618589375,-0.010554682557308707,-0.017270404034135066,-0.021216363341385512,False,14,-1
708,708,6.106460133476105,1.496496244462246,20.39675162195954,0.5671302047308655,49.780427653062965,1.6681423236314585,59.7255154969834,2.7233489452605806,65.56167055414295,2.6842027005121913,38,21,0,-0.0018827830583097974,-0.002306214145978188,0.050111981716840046,0.057420319346245925,0.008144520105300727,0.014603427119805732,0.017423448420075625,0.016274964776418422,-0.018605090618903284,-0.04753432728030606,-0.027428998066725985,-0.02713604786168117,0.004332562152510553,0.02027175593071087,0.011092923629805235,0.007070689742390961,-0.007591434645280205,-0.016302009344833508,-0.04608895170654604,-0.045900797411411474,-0.004644906616565225,-0.013075126574083027,-0.0034626739568355464,-0.006154156027988056,False,14,-1
709,709,6.093354663651869,1.5026301169034864,21.025600244394898,0.6014086163533432,50.34140804292496,1.740035389708051,57.78975672442653,2.444699570878946,62.048343422451644,2.1029679892729938,32,40,0,-0.002125221848159063,-0.0025751843582919997,0.047403393767929874,0.053815532251356914,0.008196097347958356,0.01254641885053047,0.017343622718967968,0.017090457295668587,-0.0192453445278591,-0.04868483504431469,-0.028138461090349034,-0.025725506397320737,0.004730164253374401,0.02151669462956814,0.011073614725015685,0.0030862052239164807,-0.008085267085660127,-0.019307246760640308,-0.04046796818148834,-0.03517318318710291,-0.004736220511080385,-0.009303724565377858,-0.00776412735816715,-0.010024233217985118,False,14,-1
710,710,6.080122839267229,1.5088391248284645,20.964378866869957,0.5970474307391253,50.198799778947475,1.5623488218829487,56.68919921112945,2.544484441424779,61.704526406865504,2.301494708661602,35,25,0,-0.0023892783796321836,-0.002206788524149634,0.04569517870979613,0.05282125320613856,0.008199089397246503,0.012912523713051361,0.017247189171005914,0.016634156800543292,-0.019146056073098862,-0.048459429577910065,-0.028777602672537733,-0.027215227655919005,0.0044878611005151085,0.01857102157947217,0.010667032736268496,0.00467019759320215,-0.008054713479185977,-0.016854147386479452,-0.04262175070315858,-0.038318897506648665,-0.004854517004875268,-0.010705411807020872,-0.006466539183903758,-0.01110732304878778,False,14,-1
711,711,6.066945273262317,1.5150379073400195,20.892168539576993,0.5880762364093123,49.46683538593239,1.424749481362941,57.21715143673088,2.636356158033238,62.218177944574265,2.3206121964417834,34,40,0,-0.0022376778345140754,-0.0024267023370380296,0.04613831206287405,0.05329749215607082,0.008195937585965093,0.013409346243264335,0.017064142852146077,0.016322181575666075,-0.019086699853090888,-0.04755279541935048,-0.029221115776852144,-0.027641732674115498,0.00470534530167144,0.015588186236255448,0.015574347812734235,0.006134573537495077,-0.007883780473657611,-0.015828157127604065,-0.04298178441275889,-0.03949704589758777,-0.0045883208440367085,-0.01117247371034624,-0.005216400097311424,-0.006541298109174263,False,14,-1
712,712,6.053664381795624,1.5212576169898402,21.75875463327298,0.6307597204790834,51.39352797336436,1.5649155651951085,53.651946372905805,2.2271878059776573,58.258978262380396,2.1372105482481194,31,40,0,-0.0027347080107820534,-0.0033898733110218106,0.04322598857549757,0.04932731369400051,0.008211163874449628,0.013388038543738582,0.017853256140116965,0.01675836284411999,-0.019963505782143478,-0.049503170609927365,-0.026292708237598675,-0.0260783808296259,0.004852815343886462,0.015060295688381077,0.011766078148802532,0.004828947243308915,-0.008616882949978165,-0.019133535664378705,-0.03627626301041732,-0.03546938235346052,-0.0048367277731463576,-0.012373011126214908,-0.007523688845215469,-0.010487883825321592,False,14,-1
713,713,6.04047542668729,1.5273047936442432,21.115410872222675,0.587413136634641,49.75324013711008,1.3042777435363457,56.984712337248936,3.013566036836871,61.30343382302981,2.5048214911357896,40,40,0,-0.0023677065063050693,-0.0021390154923635434,0.045950136156902556,0.05290549893890066,0.008235840847639812,0.013285360403685281,0.016003325807415945,0.017641237640922847,-0.019298328107251354,-0.04789894274207481,-0.029660343734063878,-0.025453996052035986,0.004357550149202015,0.00870821090036322,0.012381491499115061,-0.00014942687975180705,-0.008053505900463423,-0.018015964197097358,-0.051118505116751166,-0.0433941001278451,-0.004611108044097368,-0.01085306897338164,6.818195246426962e-05,-0.005304644350829991,False,14,-1
714,714,6.0271456844580245,1.5334306113115077,22.207902711454054,0.64133677613705,51.88649725730634,1.5275572829776203,53.58958751480167,2.7280560044661115,57.650592642363904,2.413248523727891,40,22,0,-0.0028889901650469493,-0.00293001983635659,0.04230463193751823,0.04812159437351948,0.008287405686234659,0.010832627444980016,0.017212401965060454,0.017190208150706817,-0.020400087883620396,-0.050658442179258543,-0.028033822879352053,-0.026690817347949727,0.005054450861767098,0.01595540837574547,0.012226514528101372,0.0010913665582201223,-0.008809751587197179,-0.019745220790256486,-0.04601293814804954,-0.041998301093890175,-0.004704664252194423,-0.008145858271422748,-0.0006106632606529878,-0.0029954864480544385,False,14,-1
715,715,6.01390575289811,1.5395277901313367,21.306292153149837,0.5854807282914117,49.824354046336005,1.3688373677105832,52.241858731394366,2.3743092249245095,56.216326839404935,2.123855425648558,33,40,0,-0.002817822211950555,-0.0033574076413980607,0.040470708986389894,0.04650482540732264,0.008181878752155747,0.012695051213784827,0.01737796165352241,0.017090930502857003,-0.01946984394858456,-0.04806276880022105,-0.028095194724696442,-0.0265608115782585,0.004447576123403092,0.012485738574567083,0.011626302911805149,0.002970738478350381,-0.008011357488673676,-0.017046198689312085,-0.03904693965383637,-0.034984218361090474,-0.00452286606107788,-0.011148986339275507,-0.0075762034051307225,-0.01188847426632817,False,14,-1
716,716,6.00183852304292,1.5450959534898951,22.09361890661785,0.6061432358425469,50.23167530770602,1.628166592269336,51.94450279341982,2.652697492850266,55.46790230327492,2.1849674878968752,39,40,0,-0.0031719335280225892,-0.004847380308872605,0.0404821123365151,0.0464164645297835,0.008165794042621851,0.01327416537988524,0.01702824232317207,0.01601060025925149,-0.020282668506341795,-0.04820291113436421,-0.027739302705956797,-0.025804276502538453,0.004489430349894518,0.019882280861608006,0.010062423774435577,0.0004931955179968628,-0.008459532523721372,-0.016786768025677225,-0.04495810291349631,-0.03651206819600815,-0.00449451841479705,-0.01142005704452625,-0.004587993542650858,-0.010995201504920617,False,14,-1
717,717,5.989828924193742,1.5506480053886276,22.25828544207217,0.6326119533032133,51.38718788574271,1.5031588177306696,50.044814801404975,2.437036076615648,54.86710108513614,2.3120669739732747,40,25,0,-0.003257600086747584,-0.00441102626928313,0.038415316111305775,0.045004680060087406,0.008423195000208385,0.012752964009377142,0.01766226434488965,0.017457418028523727,-0.020343772965800828,-0.04958374567367665,-0.026772960142401388,-0.026080953010829435,0.004846877689309348,0.01535874615571916,0.012712468541572215,0.006579778117082627,-0.008598089286616824,-0.01864913633206681,-0.040347078105505634,-0.03901094531619817,-0.004948523410934739,-0.010227294722671794,-0.0044354716141673705,-0.007951848856643745,False,14,-1
718,718,5.97772705202019,1.5562531061718783,22.234747727636414,0.6203189977521156,50.885883338114226,1.6939309894924595,55.07628745415991,3.242253379817868,58.71069892153785,2.7913229612358474,33,40,0,-0.0030949754400433943,-0.004594005338843165,0.043859931849499025,0.050283495388812646,0.0085344704555759,0.013879419152915004,0.012653305033057588,0.012431767327519447,-0.02029699356013257,-0.04874043456950858,-0.030815542987767605,-0.02763996057256853,0.004534701931549816,0.019548145128632812,0.01023887482879408,-0.00358630788974756,-0.0086593568887522,-0.01959880902642911,-0.05503160252863811,-0.0483256215270875,-0.004654833772161225,-0.0103839588021884,0.008299971780610456,0.005019403722021207,False,14,-1
719,719,5.965684030919755,1.5618409248118241,22.68535288371654,0.6183023068249882,50.64904412135294,1.5599634107518645,50.47541640070751,2.428423777495468,54.721571290278,2.3208985012434833,35,40,0,-0.003450533495728408,-0.004511346806366995,0.039093618721631154,0.044952928271900214,0.00848524123094729,0.014702808902768849,0.015895378367081592,0.0149305511408895,-0.020753788456718807,-0.048257650489514095,-0.027691037948041192,-0.02740005924971067,0.004552707659050229,0.016905219081578264,0.00970964710795433,0.005124962127676987,-0.008637279319793174,-0.017576849888026207,-0.040877966191972454,-0.03891867000229646,-0.004596173503235085,-0.012105787639167594,-0.005578287199078498,-0.009995744023661919,False,14,-1
720,720,5.953546225430436,1.5674823208246862,21.378451086252824,0.5978059830726457,49.62580021581688,1.4805206101825212,51.64374680634062,2.0888216434292666,56.556823068806914,2.0941287033503255,28,40,0,-0.003808299895504067,-0.005922359509566461,0.040330269086605065,0.047132607377180544,0.006305152077884006,0.006093925269226242,0.015634730776678506,0.013901824773300153,-0.020069381655346615,-0.04889283975913758,-0.02821526489580112,-0.027998764712703555,0.005377347674287424,0.016162057598849876,0.008861770075036952,0.0011291509105899064,-0.007996597490465484,-0.017419542943227874,-0.035033761625408624,-0.03589382790471545,-0.004000036887090084,-0.010151399607817562,-0.004817047795971817,-0.0067985117374755625,False,14,-1
721,721,5.941532311534292,1.573075325649181,21.40682420740267,0.5900730227273892,49.7896263261102,1.439293367707171,53.17706638294713,2.4067216441582304,58.24436021081722,2.3294882723639083,29,40,0,-0.003801311719920454,-0.005855868527923866,0.04267618269328382,0.049660679377798854,0.006684780534913121,0.00649695442293113,0.014910797658998649,0.013484475835322387,-0.019977884298761045,-0.04901535755968442,-0.028003784262099807,-0.027283535906284198,0.005173776573202097,0.014857507708409793,0.009583660322220362,0.00032341472686445605,-0.00800258041906979,-0.01747173448871494,-0.040897146018801754,-0.04056845813481306,-0.0039056774025569498,-0.010248310358680502,-0.00012307154392022214,-0.002665856589944751,False,14,-1
722,722,5.929441458505262,1.5787135641703374,21.4979870347387,0.5930118443326592,48.99844282138004,1.304022215131708,47.318003700464715,1.9094252580275606,51.826287472059676,1.9283020313060637,34,40,0,-0.00374465950480048,-0.005026158449347231,0.035814992702868226,0.04147032976067397,0.006386790090904027,0.004237021997002616,0.017033955237939092,0.015992953830600988,-0.02018291069379317,-0.0485554608129613,-0.02580938086902852,-0.02665335345598737,0.00533187895339293,0.013013271207035717,0.010095778300918252,0.003889795613546542,-0.008036975120285476,-0.017268764972559407,-0.030933841500799534,-0.030770612736023918,-0.003755101584750005,-0.007102007609669288,-0.007195750713999912,-0.013065706107516844,False,14,-1
723,723,5.917421353766605,1.584328010096725,21.93559625620908,0.6119122154165447,51.48882510256969,1.7830212997561126,50.861426000910434,2.7740253898478953,56.72218784109079,2.4651783306370025,32,40,0,-0.003963091141378744,-0.006377473861438818,0.040449243758936694,0.04825104194770414,0.00642337223346388,0.003488343414275935,0.013686181483979827,0.0139718428389119,-0.02059622734558211,-0.05097311446060318,-0.027630269100458946,-0.026344470997262972,0.005675668244120457,0.024604121264107874,0.009792252261192298,0.0007177783703300276,-0.00822977735231523,-0.016411266089347128,-0.04689591184641601,-0.043017380799618504,-0.0037573199630756508,-0.00968176574551942,0.00699873941586746,0.0004260810860002744,False,14,-1
724,724,5.9053125015888845,1.589993054020823,21.653351669031313,0.607521422683602,51.16999699401767,1.6425413792397292,48.121139315397784,2.159136470997638,52.56422883582122,2.075541864795856,36,40,0,-0.004088735090513059,-0.005818160736793739,0.03682780437402876,0.04293520278794776,0.006445615331707331,0.004094248841910419,0.016653195704156697,0.015582301386609997,-0.020263364154503263,-0.050673017715833,-0.026115664778811352,-0.026014580491701828,0.005375789917634571,0.020113988271035894,0.009753645129219002,0.0005239731004366237,-0.008243949085456111,-0.017908436320412408,-0.036046938490107885,-0.03408645753754896,-0.00394551362458506,-0.009826269422406922,-0.005056830476630675,-0.01225121778777014,False,14,-1
725,725,5.893250831850367,1.5956447201921355,21.94718010089155,0.6071680165257914,50.71171180457688,1.417590439701106,48.35985045820944,2.0365186921463034,53.993906237585065,1.9780105847331337,29,40,0,-0.003868777827772285,-0.006178949498984194,0.037582918346233014,0.04452385314435676,0.006328472933195778,0.004685958484758823,0.015477585677508171,0.014611914055148624,-0.020655791024168407,-0.050115268035984616,-0.02620388762218606,-0.026822758613122364,0.005578801310740399,0.014510704996371141,0.005449872550950888,0.001450386674709937,-0.008212134452543304,-0.01752962730116301,-0.03512044799895605,-0.03410111738298054,-0.0037062041786939818,-0.00971078771134416,0.0004752495163155396,-0.005180126263360785,False,14,-1
726,726,5.88118866594169,1.601304780983414,22.50768810846328,0.6293046917325866,51.17289570184761,1.7769263989338278,48.08312893515832,2.4503365351734665,52.2361269673776,2.3594930134377035,30,40,0,-0.004239985683181504,-0.007246883770463062,0.036861263018937676,0.04248613034899448,0.00629466466958882,0.0057599503903807475,0.013544778525226385,0.015022563847866361,-0.021189519628620788,-0.050328629045801807,-0.027744793233079313,-0.026417120659849025,0.005521222039178882,0.02222695607666297,0.006984245758787209,0.0015771861069588087,-0.008642858463004475,-0.01933598319317189,-0.04188525880426746,-0.04100781694867697,-0.003931034745612482,-0.009690291959596555,0.005080730634787344,-0.003426331898653167,False,14,-1
727,727,5.869246866771923,1.6069163954479135,21.87210121351802,0.6101971818617221,50.653190715847416,1.615064384717526,45.5592100679662,2.145491849195183,49.16540711492013,2.202264025422371,32,40,0,-0.004229466891907546,-0.0067280816151883156,0.03374011450496998,0.038158189688977315,0.006345089789832836,0.004787638004410281,0.014340756319621114,0.014020703297734772,-0.0204997623611493,-0.04997556572780445,-0.027047902014571003,-0.027651576726703195,0.005323610191373193,0.01905013901773715,0.009513998393017071,0.003061958734991843,-0.008296733631501222,-0.0181526286449947,-0.03621508623771202,-0.036502710449381214,-0.004030486156920464,-0.010106849000051075,-0.00038282340726492997,-0.011643063286602964,False,14,-1
728,728,5.857288036411476,1.612544298642415,22.393732700122857,0.6253398524125549,51.79794052168391,1.5652253513126648,45.856501597401135,2.425359172988905,50.425197147605694,2.2844305491831456,40,40,0,-0.004066004376500514,-0.005938933361922244,0.034461535573714,0.03982877162743818,0.00593703720714703,0.0016972198480846707,0.012816865552110137,0.012860842401365286,-0.021206094922351506,-0.05142834974600895,-0.027403453469831675,-0.028124156711829097,0.005862781019466331,0.019021726934401,0.009848464430144152,0.006906471531665522,-0.008520705561348365,-0.018786329974958438,-0.04006645988640119,-0.039246627910074126,-0.003485110679485013,-0.005615976115462589,0.009463510673284036,0.001298576789358276,False,14,-1
729,729,5.845455635978604,1.618121016311907,22.160594331646905,0.6077226421126423,49.74542799409542,1.6390537913776317,47.60928902638107,2.5625353293401694,50.04579575449911,2.028506185257597,35,40,0,-0.004228602531080026,-0.007454852627942896,0.03704567554565034,0.04070831123197222,0.006007751115066612,0.005224422875194831,0.009522492775215115,0.014439856038989703,-0.020907362059939087,-0.048905400358575185,-0.028347565262467768,-0.025276582579834218,0.0056550248989073945,0.020205231733567655,0.010244688568264456,0.0037177610826920945,-0.008240703687407504,-0.018108560331996003,-0.04155170852512279,-0.035140411852639754,-0.003551742666499878,-0.00906545853982814,0.01299225766419445,-0.002186513621483056,False,14,-1
730,730,5.833546687422586,1.62374209539313,22.581743128557747,0.6493840363456246,50.39864728597722,1.4855314403663122,43.7102436117859,1.8737967123972759,48.082801384894374,1.882229953327113,40,40,0,-0.004207028935581341,-0.005501962270682112,0.0323795995623735,0.03752326670458277,0.005756924120153684,0.0018454581822941745,0.014057106179941797,0.015167557905666032,-0.021426475560253466,-0.05006342321022138,-0.025778764412357973,-0.025959688596248965,0.0057596197669028005,0.016500132871654947,0.01109699111830847,0.006647866208615039,-0.00892439039475526,-0.01885623796227042,-0.030578230686926045,-0.03011752753465938,-0.003954628733655435,-0.006664738712772965,-0.0033727021515153697,-0.01131087246936278,False,14,-1
731,731,5.821687461159439,1.629347635086498,22.536691720168772,0.6301874279094185,50.66706583158451,1.449557827814685,50.156206602188064,2.6319960912925,53.847877932861536,2.222648446379194,36,40,0,-0.0038502231274842374,-0.005748404815619666,0.039939188832072585,0.04435889889185784,0.005906954916436542,0.004516994799561549,0.009244141378276786,0.01531341662801884,-0.0214052829734553,-0.05013685430936621,-0.028897268146588755,-0.02640797830487986,0.005671397984564438,0.013933909940249635,0.010284910881901643,0.010423336048976346,-0.008747111194880516,-0.019865869449875367,-0.04270364788724488,-0.037352614942903255,-0.0035068352477921256,-0.007159675881013868,0.01344718640795946,-0.0009984378645644134,False,14,-1
732,732,5.8097369836694845,1.6350044785692892,22.34769401325906,0.6169364137014675,49.471954968624445,1.4956793337472118,46.27363008924875,1.8367013540217347,50.59005092479209,1.6763059000806386,34,40,0,-0.004043062156089458,-0.00595006269368126,0.035178711138860626,0.039976183348230485,0.006087674032849072,0.004536295271986727,0.013553858669888981,0.01775994969465586,-0.021119026989471535,-0.04890289467469403,-0.026832816464208632,-0.025413425670794753,0.005508125075821368,0.017486548593130855,0.00893484348082614,0.0075164057762235345,-0.008435679483283682,-0.017296851418401225,-0.030752948098218272,-0.025592315381441553,-0.003800061841785929,-0.00874562632740759,0.0014293530477562724,-0.012021332505540673,False,14,-1
733,733,5.799400387839761,1.639903739996648,22.618558899354785,0.6347573352596158,51.95220334303433,1.4870162961427609,44.98540598623075,1.9233231146937353,49.46875703903559,1.7644126062868257,36,40,0,-0.004436667353332473,-0.00664738278865324,0.03437715884389878,0.038860393278274036,0.005594809619560913,0.0019448435672493893,0.01064725435494818,0.013809421763916429,-0.021461903335918835,-0.051488458102336224,-0.026991362993898517,-0.027318997561976508,0.005569306991175333,0.014126826796303431,0.0097188075647306,0.0076880499903444624,-0.008918571391767962,-0.021053768699990632,-0.031544537093313216,-0.027806299844112987,-0.0034896135484077835,-0.0055449929637789545,0.006108938469396356,-0.01077143717530638,False,14,-1
734,734,5.788720914444659,1.64497147334972,22.59810817804821,0.6380248239539595,49.251453715189875,1.506484358447919,42.38737385976768,2.128855398098023,47.10100966219247,2.053586557878504,36,40,0,-0.004276492922105973,-0.0067114716707430844,0.031091557252209648,0.036092616490237546,0.005589398136999864,0.005171154582764614,0.011547071091471474,0.014932074573703066,-0.021474280662691574,-0.048517223759748,-0.026394500934262613,-0.026322258546939918,0.005779205655580979,0.016629342719563425,0.00845068679602079,0.00569851483450332,-0.008836628787706259,-0.01773946625631216,-0.03448638588885243,-0.03448262638239795,-0.0035379536082587103,-0.01000520094821909,0.010945726843197192,-0.00794439402029005,False,14,-1
735,735,5.77809314333042,1.6500208569504298,22.547015600591354,0.6359217990854077,50.379779247019435,1.523825593115821,42.26594867639142,1.8942490693463476,46.95503294301534,1.9413150961645487,37,17,0,-0.004523278448144752,-0.00739022999402244,0.030367624349367975,0.035177528906265305,0.005498428671182143,0.003935301606391352,0.01228325544438278,0.01503057556094929,-0.021393343514321955,-0.049679171278118106,-0.02670841523900412,-0.02722863156743502,0.005812345637951161,0.01651381315693115,0.010556202190652033,0.008662913853607625,-0.00870403350248742,-0.01928279060033134,-0.031125001522552053,-0.03030063223737882,-0.003693598231872282,-0.007924843663246486,0.003580903201451865,-0.012443415534975346,False,14,-1
736,736,5.767508404905968,1.6550559181655313,22.34566375632,0.6185889522620289,52.46489705207947,1.8144480184969562,47.73299308125079,2.8564572408339908,49.42647740770091,2.017181248758932,31,40,0,-0.004404544410832891,-0.007379955316247964,0.03728757045792943,0.03885182578612104,0.005192427551336293,0.0011983076782903681,0.007417342409137931,0.016831380539778135,-0.02128303017353586,-0.0519294303928286,-0.0288627571348492,-0.025499351582815716,0.005585338423511053,0.020602100594407927,0.008317393802886418,0.011149875076747147,-0.008644796851812728,-0.023061127813147893,-0.04218003713786823,-0.03176752572443989,-0.003260986953024641,-0.0068268505069684,0.025241730383375457,-0.010295582866588486,False,14,-1
737,737,5.756847638715652,1.6601329958723117,22.382504716174058,0.623364183798306,49.73446703867969,1.5725892534107706,42.07211265410147,1.7104973957762222,48.04890822028791,1.8641399757697024,32,16,0,-0.004389123152264651,-0.006208731907601424,0.030878472880146272,0.03728182130534401,0.0054178210651248575,0.0023186777614511646,0.011393939639340695,0.01412025725303102,-0.02126874068275077,-0.04929089767045839,-0.02620611980558238,-0.026821292221410102,0.005513600462330293,0.0182135535057798,0.010627607517992013,0.008296723314783096,-0.008739136576461106,-0.019605032140949524,-0.02726338813846834,-0.029251377213305688,-0.003405410978105258,-0.006102402905368397,0.005917066920834106,-0.011578958688845313,False,14,-1
738,738,5.746209371924415,1.6652049699665978,22.790775444174862,0.6340338219983283,50.687311682878686,1.5659113316053357,41.146161951127745,1.6669625850840153,45.85724602001715,1.8127355515508587,36,40,0,-0.004455147838154931,-0.00726567874203413,0.030285316362099843,0.03477122429249866,0.005350299638374204,0.004523202557751115,0.01085290971957482,0.01450652379679881,-0.021701276387959306,-0.04995952478433314,-0.025651912341475017,-0.02614210666863021,0.005706822284391331,0.016710575338655845,0.011240211958611992,0.00922834563323396,-0.008825568182590704,-0.018756897604285883,-0.025814412625176954,-0.025869263067555017,-0.0034637248039140786,-0.010764814373794939,0.007330329804355425,-0.015703337466790923,False,14,-1
739,739,5.735639044611681,1.6702497049004046,22.85330176923548,0.6452889239931556,50.28469727993196,1.4595207149924607,41.099326943716655,1.706532167287972,46.18619425553822,1.7670328242414193,37,40,0,-0.004575994134175928,-0.007591974140051638,0.029687297030823498,0.034949159688358974,0.0053652851061331275,0.003097940695632039,0.010276043062753865,0.015144971280999587,-0.021738155284421794,-0.04961164654229419,-0.02649947186648443,-0.026121841852855498,0.005737218722275495,0.01268484122413946,0.012466365763398867,0.010264165762750249,-0.00904522632312294,-0.020157313245482138,-0.025201112969059872,-0.0267186593925615,-0.003479974733310717,-0.009037354260629737,0.009829360678828739,-0.011484733200260196,False,14,-1
740,740,5.724994276279845,1.6753353573441057,22.925645011807394,0.6421174557024855,50.879831069045046,1.5088957038820028,40.5500158034139,1.7133165758370932,44.69625688610345,1.918659898057243,34,21,0,-0.004547351297994948,-0.006620460265195481,0.028535944283861542,0.03300308688551715,0.005534492516777267,0.002954851036902471,0.010191229655963866,0.01598360235677558,-0.021777883000001844,-0.05036065498820727,-0.02694703144290423,-0.02555535347742297,0.005622309262140256,0.013977973550156867,0.010082203590793289,0.012180802104691107,-0.009019513804124642,-0.021033149650404027,-0.026765586099751867,-0.023049496666191265,-0.003554755689716337,-0.007467632173799155,0.008725989923712868,-0.02101721694793894,False,14,-1
741,741,5.714405030997542,1.680400013308223,23.123804499941325,0.636147641997027,51.77875594251617,1.5529679457556567,38.22536947489732,1.2201873304894844,44.01185863795761,1.5986742906319185,28,40,0,-0.004421636737647915,-0.00752200995879243,0.026660979407796662,0.03281625836841837,0.005207457140810678,0.0023082439633780893,0.011204286776924411,0.01617794054689025,-0.02209166931760497,-0.05117744564688638,-0.02499669990878578,-0.024462443196174407,0.005578938024518955,0.014727852025705894,0.008473653730639592,0.00891336775800202,-0.008998552467897238,-0.02165623594238641,-0.01913483349396823,-0.020056892737750666,-0.0033429396966720504,-0.0069818712800027456,0.003948057039833882,-0.017227936312948,False,14,-1
742,742,5.70387392088517,1.6854423892790837,22.50611530805916,0.615042257426876,49.05583031190966,1.3693464289882429,40.12815941596866,1.764337493891704,45.16074296248124,2.0402386466568676,33,40,0,-0.004360413583334206,-0.006962690816271612,0.0296690359535518,0.034287892689634385,0.005157675846947625,0.002550353837226257,0.009832490333894325,0.01879889539210557,-0.021468823896518937,-0.04849217585851172,-0.02516623963833532,-0.022592800885770835,0.005172750620259655,0.011731272418898507,0.014501870659957289,0.01746974562644228,-0.008778683471525515,-0.01883436187186755,-0.02555119092650997,-0.021261854260967158,-0.00337744350931421,-0.008878914429923227,0.00922344471297531,-0.022599425038162622,False,14,-1
743,743,5.693247026444137,1.6903488065241459,23.191722684701453,0.653549948876838,50.61897839622029,1.54936441342591,42.40216336297481,1.9033240698213207,47.67999850338256,1.7868212096110523,33,40,0,-0.004548724740619608,-0.00764173361285116,0.032889835573892974,0.0372084510625743,0.004977091481231772,0.002622528492525434,0.009789119360819618,0.02071639745605051,-0.022189945126241777,-0.04997006329366744,-0.02490733458084815,-0.021441648799696372,0.0056061275099175524,0.014704484581736649,0.011362603332014972,0.01411274409401048,-0.009311761473469746,-0.021015478233328243,-0.027419452615766317,-0.020027312190030788,-0.0034601908099854994,-0.008565692534930001,0.01491927878374879,-0.019295035785210423,False,14,-1
744,744,5.682644989550639,1.6952237760349318,23.013932608949247,0.6365716799409437,49.050855320794746,1.9966709723362672,40.174337615341194,1.4657057735062324,46.381391711286234,1.8324161896528892,40,40,0,-0.004423632892886602,-0.0075414559948881865,0.029699477546225737,0.03594341574206337,0.005089258409708403,0.0034657241074801705,0.011560703795436956,0.01861681412553495,-0.022003909084465912,-0.048343578742057705,-0.02445952910558217,-0.02264329025747461,0.005381130626123943,0.02825936631719462,0.013560893640473547,0.01589866729599591,-0.009148929798153065,-0.018106771422079147,-0.021093218720316127,-0.017936711285047157,-0.0032830861804017987,-0.0093792206390768,0.005058249159070738,-0.021173937546317894,False,14,-1
745,745,5.672098580673029,1.7000784089262444,23.179937612286782,0.6351103135385573,50.24323269800707,1.4689765884792318,39.18493276012842,1.0153704386373072,45.79999024205362,1.5896093907011644,26,40,0,-0.004325644700700819,-0.00741036739678018,0.028639867351990096,0.035382538543983315,0.004819097403000725,0.0026239961729577904,0.012004193872399857,0.01836192950718013,-0.022257012509615884,-0.04962442474301467,-0.023898039311835494,-0.022551155560837432,0.005610273975894539,0.012805682551288187,0.011655807361540508,0.016472651982609575,-0.008963457209495105,-0.020577636110239186,-0.01325554631823018,-0.01189352643383627,-0.003324650345483307,-0.00836103737480629,0.0015767812284404295,-0.018892345919068746,False,14,-1
746,746,5.661433192846577,1.7049928771822476,23.674082696891016,0.660001242963813,50.42480903741054,1.5880488278335516,41.211597305729825,1.6643433373489134,47.86247289069896,1.9847606200252788,38,40,0,-0.004333916123365496,-0.006522823707594742,0.03154893436898595,0.03758695062124037,0.0046856746989191135,1.0576859118431115e-05,0.010778995776401968,0.018759500273343818,-0.02279745194513581,-0.0500011402416886,-0.024225477141294114,-0.022937275420235603,0.005572112230504736,0.015591818758992139,0.014091824022404357,0.02113831231651931,-0.009591954383685914,-0.022284977231276332,-0.02245866003539034,-0.019189003634264276,-0.003104484537090827,-0.005337543271341467,0.011867229677512204,-0.019619520702766968,False,14,-1
747,747,5.650785566233601,1.7099039944684704,22.168656985751184,0.6567594495165527,43.75205113121829,1.1767870461303367,38.91075591038791,1.5515014933444005,45.52790514721689,1.855970697055596,35,40,0,-0.004736653201557087,-0.0060142017469154525,0.028819464871438168,0.03449128723930602,0.00316208711374407,-0.0014124483919113393,0.012095406129340692,0.021128878114312015,-0.02142462774671167,-0.043313696968468596,-0.02317728458228093,-0.020897649659715585,0.006174441549144701,-0.004536781483711633,0.010009383203917564,0.015792575857762264,-0.00909567830120915,-0.020026754576239404,-0.022585638849686007,-0.017806621314294117,-0.0032459891508052783,-0.00043516842390718094,0.011088872107155843,-0.021972988953867498,False,14,-1
748,748,5.640200581868786,1.7147904944533312,22.27439433506057,0.6489581605642931,43.579334499249,1.1489394301685838,38.44451800921441,1.3725964951734864,44.6877720575652,2.089161386020863,32,40,0,-0.004701821754383142,-0.007096718957481428,0.027546552488852103,0.03348024902966436,0.0027123140651578058,0.00022674374899458408,0.012063343894578575,0.01893838361646136,-0.021602890260234507,-0.04299701806763173,-0.02395086940010448,-0.02274659364336365,0.005988124313517263,-0.0015857363222345272,0.01196270945618965,0.020288194845156027,-0.009191722281863712,-0.01952194336837222,-0.020161139617147963,-0.01788642002094063,-0.002818373294399784,-0.004300347804282177,0.0049323108029802045,-0.024453974860874243,False,14,-1
749,749,5.6295231688355285,1.7197236760158932,21.966257847523202,0.6411079154709942,43.68712509488272,1.2500263044502706,36.981278077567715,1.1781685496975882,41.11898792075815,1.7302596921152704,34,24,0,-0.0045659696244781615,-0.0064562246407987595,0.026086971547887146,0.029395430219616544,0.0026682097489033503,-0.0012367962455242156,0.012908772758617201,0.019115306924010096,-0.021320156236483697,-0.04318972560100992,-0.022813338852007165,-0.021477543878013636,0.005936242720717169,-0.009284761132597711,0.008700233550855693,0.018679478898921718,-0.009065233891190638,-0.019735873754761577,-0.01781130752909117,-0.011054147403331088,-0.0027903787493578484,-0.000522731727223627,0.005467810621792756,-0.020996335365983384,False,14,-1
750,750,5.6200423354901865,1.7241073270433318,22.290845994372468,0.6473572996230783,43.544839901647926,1.2824760405356181,37.34824133970265,1.3986454752836108,41.501049703908194,1.5639238946866574,40,40,0,-0.004686154295177557,-0.007247458950251064,0.026966922729963167,0.03033380005717696,0.002913432615937814,0.0002390984398354789,0.011124749818409607,0.017971850651129384,-0.021597075808058128,-0.042936816984502274,-0.023322010014633507,-0.021890872179768664,0.00583977810876981,-0.007242706036162646,0.013767211053765854,0.019940377892796877,-0.009177884065742069,-0.02078557310620089,-0.01809346559800468,-0.015316104750354456,-0.0030528522142291943,-0.004064612582192529,0.008887395063917697,-0.010623050511340083,False,15,-1
751,751,5.610500976752876,1.7285225425681656,22.691025803321413,0.6682514270733155,44.02338468348971,1.234585175439038,40.404357111137806,1.6964786132163618,46.810392815872255,1.3857777469356027,40,40,0,-0.004625256993069759,-0.006972839116849086,0.0319392351886037,0.03817953161074919,0.0024683061076183122,-0.001957417223027507,0.009767419239029053,0.01588578521403745,-0.022077072149951214,-0.043423569998976945,-0.02273752076503629,-0.02193577146337775,0.006212606641361112,-0.0042613751922060215,0.012459452920441767,0.016992569352035775,-0.009399899711713634,-0.021101030061675925,-0.021401088825848888,-0.015523179786744999,-0.0030125321418265788,0.0009408784380206636,0.016231341685470416,-0.00743402083253336,False,15,-1
752,752,5.600984348129265,1.7329298021104045,22.831077378940055,0.6563248072521977,44.98840967577602,1.2271940378676514,37.190611197645424,1.2540103400258715,39.96513489293484,1.3030941802844795,27,40,0,-0.004828843955500832,-0.008157072048125548,0.02661192471186661,0.028748583847000842,0.0026593733810995907,-0.0003225426012322185,0.010191877458079271,0.017230316334674964,-0.022155543178998576,-0.04424155452770095,-0.023897126569189613,-0.021768030062673877,0.0056063672128014936,-0.00369379416335854,0.012292812645943951,0.017168739705364335,-0.009519212745894276,-0.020680352503315097,-0.016155422451091736,-0.009838868047222277,-0.003028352903247679,-0.004175443117859405,0.008180021319188947,-0.011211066651695982,False,15,-1
753,753,5.591463455797061,1.7373425587044993,22.453563395143405,0.6376841054352365,44.33588069912925,1.2109644301805933,38.3346798847893,1.3062061889425305,42.66345480545274,1.3804808849736703,35,17,0,-0.004490562160240992,-0.0073596211671566915,0.02863856362888589,0.03257614046161703,0.002657303358471718,-0.0017143157885845446,0.010404921088977224,0.014903786102080947,-0.021838866717066398,-0.043687153890135375,-0.023261942573131786,-0.023169864228892764,0.0055851182183302515,-0.0016405278520890483,0.01456186193519762,0.01959842234926764,-0.009075923552019973,-0.02053886447138184,-0.015876647623496207,-0.01263147358198215,-0.0032099850383897344,-0.004708005441711895,0.007457529351186713,-0.006071696834181972,False,15,-1
754,754,5.582005313288047,1.74172964139381,22.5222994149893,0.6405842090271121,43.32563621840476,1.2255582231270417,38.72577567962908,1.4232282814960484,43.07632557401594,1.4605709238796847,40,40,0,-0.004411081762911204,-0.006357946573375963,0.030276797351780824,0.03397088054412471,0.0021930056739202556,-0.002345297259628261,0.010062624679590447,0.017597166748246747,-0.021976966458851707,-0.042792369061126115,-0.021948686262868805,-0.019796182016990748,0.005487533061462323,-0.0008484033279602116,0.015815484259946538,0.021004849783284787,-0.009352622165048629,-0.021341142756276306,-0.016603455696927238,-0.009163180509123393,-0.002722981410748101,-0.001170067150495039,0.009551035874605497,-0.011165250864004023,False,15,-1
755,755,5.572428782277078,1.7461750556495848,22.7115306413268,0.6556769242892156,43.79022808145338,1.4731375491712864,36.96765639548797,1.084346607165359,38.851071039002235,0.7843569372329715,38,40,0,-0.004359280699366889,-0.005911700548486321,0.027965077925882466,0.029409861750323934,0.0021024730821219677,-0.0037068363352482834,0.010166620276172239,0.015085735068945737,-0.022189860359970857,-0.043230720979812697,-0.021936313914017264,-0.02041779493809291,0.005801457764120195,-0.012071435833629084,0.010733814721285408,0.010072508019377034,-0.00952533980270915,-0.02242998282770281,-0.012601394404076982,-0.00634984524774489,-0.002563151068627467,0.0034981423171445113,0.009173960271162705,-0.00675496104029913,False,15,-1
756,756,5.562913357847757,1.7505954333759248,23.41253895281478,0.6654159034143646,45.17092211535804,1.2976231857431664,37.55036808588632,1.309626998335309,41.631430506027655,0.8806589691117568,40,40,0,-0.004188991643126045,-0.006632592758948172,0.029382876412337392,0.033858715238468555,0.001976139304361437,-0.0009625266117748404,0.009466497754088766,0.013757161320125255,-0.02294981922980326,-0.04467095768580875,-0.021379011609396006,-0.019937500364653464,0.005468546046618037,-0.0007829645936087545,0.01184637824551779,0.008871408516595056,-0.010013525019353046,-0.022620847943702636,-0.014233367871279927,-0.012118951029237117,-0.0021684813982565483,-0.0007790478695982031,0.013398912875086488,0.0032677652839174414,False,15,-1
757,757,5.553397045293448,1.7550195265643862,22.903258205414044,0.6430412374136153,43.97746733971018,1.1962936025343756,41.18702029566686,1.296646588101242,45.071510767826965,0.8017180213685594,35,40,0,-0.004120270023384113,-0.006225463679519992,0.03462813225068383,0.03822989971845073,0.002060106704586668,-0.0024856370122111927,0.009284749094518577,0.01588378261694403,-0.02243520830578546,-0.043463580665124436,-0.020274529141675803,-0.017821933121555854,0.005460526696363728,0.001876688263613763,0.010936921193240957,0.013069957925434252,-0.009409933714452628,-0.02073837855226847,-0.012325735369013371,-0.004342493120286906,-0.0027560330297951726,-0.0015301259962369265,0.01551163909563472,-0.0024723154890527897,False,15,-1
758,758,5.5438165012616505,1.7594766599769125,22.857186476106065,0.6313884228692178,44.49481118813718,1.2941360346782051,37.31210695774723,1.0350976748074416,40.99091086945091,1.0749006874129168,40,40,0,-0.004064116674524911,-0.006379132250612842,0.0293114837838452,0.03307824124991711,0.002066579024021684,-0.0023236145981862877,0.009947914812116286,0.015200430671219659,-0.02239783874387902,-0.043973807085539725,-0.02083432828066763,-0.01884228322494371,0.0050578419517898765,-0.004918793929308956,0.01597287142780624,0.013256251541031633,-0.009440490837972553,-0.02203225003608776,-0.007523570034244967,-0.00011770754194624648,-0.0025945154223149984,-0.0007450148360437477,0.003826050227682701,-0.013274652772153983,False,15,-1
759,759,5.534259645428105,1.7639256958048788,22.99811106346293,0.6295764923892955,42.10798985434819,1.099614058569421,37.24026162142614,0.9169982051943959,42.73793534537317,0.5683240702225217,32,40,0,-0.0037995547522541215,-0.005242341857077367,0.030127225986035587,0.035931574219628386,0.001801488942857833,-0.0005259851484032694,0.009148499142616362,0.012885314150048854,-0.02261042091073848,-0.041777075065771226,-0.019886988295268714,-0.01922034783606125,0.005031165527375049,-0.0036338871680812314,0.010403789173353252,0.007248349056295911,-0.00958107852966546,-0.018735929804392204,-0.008524890283743982,-0.006694201099415186,-0.001905378275085294,-0.0020219495214684607,0.008673860230224508,0.0010189077669284603,False,15,-1
760,760,5.524861975811975,1.768303381440485,23.665794040136262,0.6463259334536784,44.71580884723214,1.3381404074846779,34.872073682826894,0.7705351799462392,39.1896772534197,0.5975445697393125,35,17,0,-0.004134967899799273,-0.005592081078376151,0.02695443574576321,0.03151158213319648,0.002011173355436567,-0.0033762185815244187,0.009216897996299597,0.01332291147750423,-0.023214801953757018,-0.044236108985362184,-0.020113893404655372,-0.01911415769665512,0.005159689896423325,-0.004912988188566121,0.012066155461577393,0.008604281660123681,-0.009725603103854816,-0.02283199404215464,-0.0030848050650411976,0.0010099108850267983,-0.0024576973338832613,0.0001286981965123472,0.005074513201673208,-0.0058062866467817505,False,15,-1
761,761,5.515300768121444,1.7727596850019691,23.572859332515993,0.6599603771085663,43.774627876920206,1.306327601027918,39.86163351521518,1.3263967191359534,44.2165706598348,0.41584183714742406,40,40,0,-0.003799848103571727,-0.003927123014251858,0.034433651958553725,0.0381150115393666,0.001621654295560702,-0.0050761321634762695,0.007307082830062416,0.013975439441944905,-0.023207996226431486,-0.04330160081166393,-0.01870507898441283,-0.017522502922660492,0.00557780927457215,0.0007523758991317088,0.009214014587643694,0.007132690358216353,-0.00992704004964889,-0.021852451241295312,-0.00343582174101401,0.0009040825242331742,-0.0017370480477515294,0.0064599872000007845,0.020957554680975772,-0.0009915431411580563,False,15,-1
762,762,5.505607095479028,1.7772799658767464,23.344596709208727,0.6339355163037044,42.76159549839941,1.006799633494651,38.53035668427081,1.198088200772211,42.5005393177956,0.3130655972863295,32,40,0,-0.003671124580246259,-0.004377846694963265,0.03215155823730893,0.035312854258008265,0.0016837050819496055,-0.0003387360459502352,0.009085064424700832,0.016027649948527904,-0.02299256786504995,-0.04253555883934412,-0.019191854874636267,-0.0173900144791087,0.00506185579916181,-0.00040353403438138293,0.005565989276548388,0.0017684443544878704,-0.00971150900196716,-0.01727946182054527,-0.009331853726131784,-0.0028626606477253455,-0.0015754689729486487,-0.0031672443660963725,0.01786585530095687,-0.004305038056805247,False,15,-1
763,763,5.495999709478249,1.7817622811899858,22.96279281739556,0.6442787616929047,43.11158432774783,1.2165374391181691,41.13095833424545,1.350868360693774,46.01936362365732,0.6029110744731174,40,40,0,-0.0036124382306381873,-0.0036030193205717166,0.035044545442755745,0.039395465618177535,0.0014236043608693348,-0.004414176745360607,0.008907391207077968,0.014948572133647992,-0.02263213411563679,-0.04273338271989262,-0.01960341679626622,-0.018501873100270395,0.005302797323895676,0.006919238259640295,0.006989216465897117,0.0058700729388253044,-0.009809994431647876,-0.019550547777094092,-0.011557198063449042,-0.00865215864277769,-0.0014455293343695894,0.004552234370949327,0.019325157215839772,-0.001188008361120329,False,15,-1
764,764,5.486446385638794,1.7862217037354278,23.27463126415938,0.6210361261016331,42.05618036983146,1.1850095465174224,40.88469784031613,1.2251276830479139,46.35010683980191,0.5238443971799653,37,40,0,-0.0035924416419538855,-0.00477397814720467,0.035240130330013233,0.040225773244380245,0.0014121183705041182,-0.0030229650146164078,0.00881650015585752,0.015357183373438714,-0.0229523145943808,-0.04167484999937269,-0.018760625171336795,-0.017157403352119814,0.004904659952271971,-0.004966607764032456,0.006271038883927736,0.002816612879010275,-0.009582218356219993,-0.019986933861915808,-0.01103451728361544,-0.004403772983938383,-0.0012696600610143766,0.0019009393702996958,0.017208291944435933,-0.007500962666830409,False,15,-1
765,765,5.476866137654363,1.7906964224641737,23.901970299090063,0.66351259575303,42.30580239168886,1.2685949243678798,38.141351618866736,0.7356828135042109,45.26301034219285,1.192669170953717,31,40,0,-0.003952863684497562,-0.004443283344140387,0.0326911562960055,0.03841850718683724,0.001226967349139093,-0.0029905019481466528,0.008320855534294916,0.01937530389246075,-0.023540892166494253,-0.04196540297943584,-0.017799279943906766,-0.014048345448741905,0.005267314332643847,-0.011459653291945355,0.006472833868938097,-0.0015078793584212883,-0.010195099374222631,-0.01890391859493785,-0.006511223559426777,0.0009870496415342,-0.0015565513703430294,0.0012446281536241692,0.008976315085645614,-0.02073784106531516,False,15,-1
766,766,5.4673513543233145,1.795143491180023,23.241614805426046,0.6358162961417968,44.66582186550157,1.272898901205342,41.29534335861004,0.9488028685601637,47.41954718068718,1.0199356170290639,37,19,0,-0.0037202468447979932,-0.00490612717597288,0.03631418918258515,0.04174369593588134,0.0012348000057585931,-0.004864708857704997,0.007848801496489793,0.01603673916655761,-0.022908681566675727,-0.04412822415171117,-0.01802723944994391,-0.015776574448780008,0.0051588522220951194,0.0033635619082406404,0.010897162422966594,0.0026377065833092677,-0.009676544293883907,-0.021569168118328118,-0.010551540416642038,-0.00523055422788767,-0.0017017908338801653,0.00412557826055166,0.006643917248411194,-0.01680975200359381,False,15,-1
767,767,5.457788368223981,1.7996162850932107,23.48612467557918,0.6397303094832513,40.23307058357184,1.0818688839332788,42.22376597099576,0.9978477200247343,49.90264519943975,0.9697970027645552,40,40,0,-0.0036626925713664216,-0.003498001266568653,0.037281775875480476,0.044557985314680824,0.0010575740223075392,-0.00027708768810218024,0.00877979290588702,0.015028152618243232,-0.023174647194549623,-0.04007976020555587,-0.017771630113008686,-0.016703729268658683,0.005033654924657061,-0.007854091671901932,0.011560148610707498,0.005758475456231912,-0.009872549399949178,-0.017145384383847193,-0.01123849373878207,-0.007334826595817184,-0.001364275865004586,-0.0009410297889945202,0.006585348092927017,-0.014125680842376911,False,15,-1
768,768,5.448272455219821,1.804070016004406,23.589513704477433,0.6211437045747085,40.33675739154255,1.300668988454936,41.53516363901797,0.9011878804424504,48.03419042309324,1.3893780276715906,40,21,0,-0.0036362381918509865,-0.004377236525688466,0.03708474279998708,0.04236291305892567,0.0010803320118853968,0.0005787492778172197,0.008920490484082522,0.018014485780828232,-0.023282521585299747,-0.040094374250457726,-0.016441305285840296,-0.013716608502695755,0.005003756146149535,-0.015796988428191848,0.010341462931400697,0.00649988292415298,-0.009526572829722491,-0.014551683274945094,-0.002943320773661757,0.00649275536810412,-0.0013168810390847148,-0.007350992356899189,0.01147967227137517,-0.022441487818079083,False,15,-1
769,769,5.438641827782097,1.808580360544541,24.600590010021445,0.6504498831840347,42.82358630874288,1.0638168999661515,40.266200700890586,1.1840983331968495,45.37291581685349,1.399494295800258,40,40,0,-0.0037693240907525696,-0.0038244507505608458,0.0362768251371335,0.03849592602632231,0.0010326053837489753,-0.003043287630740509,0.00767113300364101,0.021105739980743235,-0.02428816483107548,-0.04254376007354624,-0.015700719578882052,-0.011459184480775719,0.005400265971984747,0.003417147654123784,0.0071014626190269575,0.001599756714692943,-0.00989877104873458,-0.018204152020991914,-0.00037378990113708636,0.011745330741626564,-0.001315498232834974,0.00129206563736639,0.019404386139259808,-0.02135665880337111,False,15,-1
770,770,5.429094019724656,1.8130549290139724,24.117737682890855,0.6330650856824385,43.58804640206667,1.286954910153391,44.95514222747567,1.2744558248398772,50.251119653318746,0.2962450805409686,40,40,0,-0.0031491635806338986,-0.003525568749787543,0.04144157303930909,0.04554413832110053,0.0007949754090268612,-0.003912714442974976,0.010585570808726076,0.017765156999935132,-0.023898034517135194,-0.043268681743577224,-0.013838588344683931,-0.011632097307376488,0.004934715687356098,0.008759421521770044,0.00483186117809286,-0.0030115312217797864,-0.009871646429955755,-0.020497882865550703,-0.00248439830145695,0.004199511248927421,-0.0005302154889834879,0.002762757673953219,0.021569700149441495,0.0001684023571564249,False,15,-1
771,771,5.419410078163399,1.817596289890041,24.14900536113779,0.6333290297013158,44.10688590367943,1.2251224504047515,40.473730354810016,1.2392499046058743,44.377633177027036,0.5077953273421489,40,40,0,-0.0033086633666230296,-0.004586225852337554,0.036358517805983634,0.03937602966284241,0.0005210692810725966,-0.004898953564932758,0.007304130958935339,0.014691864470994116,-0.023915595193575067,-0.04359339595076505,-0.01621205424122936,-0.01424962219680459,0.004888018462913861,0.0024977437698941274,0.008153381433941417,0.004335573706727272,-0.009892472138803048,-0.021157317638345774,-0.00291186607468498,0.004565122171785336,-0.0006557756158559013,0.0018267711500192948,0.019820612067852007,-0.00623778152583887,False,15,-1
772,772,5.410752266343471,1.8216591076794642,22.793635755792323,0.617258673036743,44.9448463771786,1.6821037432793853,41.396175711175815,1.4550275851763257,44.315174837907506,0.49578136462899597,32,40,0,-0.003254238901779554,-0.003218182940338382,0.038050254089051654,0.03955545283641562,-0.0007848078470042416,-0.010288409441507463,0.00992175686213235,0.016355127882749638,-0.022546481694072792,-0.04363291355839763,-0.012937552629376235,-0.011476526641772549,0.005193585980227216,0.022899611913205414,-0.0004247762096225578,-0.0006506088108473208,-0.009438456994342398,-0.018309105693490257,0.0004358438420092023,0.00812198160573541,6.285050412089746e-05,0.0015136672376261547,0.025387728358112566,0.00291287303830576,False,15,-1
773,773,5.402096845916965,1.8257232802788754,22.97732505654435,0.6438489127527671,47.999788157024284,1.5703200891563829,28.8676513645437,0.6735385714395559,32.23375314148639,0.9881617962349839,37,40,0,-0.0041948636169016635,-0.005973843689794189,0.022929797686631923,0.02645654545320504,-0.00090941574921317,-0.013445254772686276,0.008631194007138005,0.010460016994751173,-0.022572849819745368,-0.04568936395690655,-0.015266570124494767,-0.015154342240371115,0.00534363045740687,0.017255134725279994,0.011532063737201156,0.012579020827422335,-0.00982956726495469,-0.02124741729173579,0.0022789655488897292,0.009227239626012521,-0.0010496472839603547,0.0014018766518902326,9.378734393183835e-05,-0.0073535125989150595,False,15,-1
774,774,5.3933821149588494,1.8298176190992876,23.627899894957576,0.6594685676912474,45.693283887228795,1.9006073107876573,35.690916736974934,1.2907356095639742,39.1483150935733,1.0201102746189596,34,34,0,-0.003544722000247174,-0.004988268060845206,0.032301851093462085,0.03509552855908204,-0.0011157355548981663,-0.009399288541820452,0.006648560655082055,0.012781935599463749,-0.02333383238044355,-0.04443699752525632,-0.013646559811072347,-0.01172674601735357,0.00582390250030852,0.02724633211993324,0.007515340283521426,0.0016453720478341143,-0.009924544684828698,-0.018707965391383478,0.005473129049345274,0.015275503970563518,-0.00025163521993032314,-0.0028322085017887843,0.020519665129127403,0.008996900762066915,False,15,-1
775,775,5.384774559361512,1.8338639005138935,23.277360610839803,0.6355041565113392,47.37063318550312,2.178510734496579,35.30987559401083,1.1455150365030111,38.117979921682796,0.8015902703139273,40,12,0,-0.003481713988933625,-0.0049363224651261025,0.03161870855250583,0.03347214610481305,-0.0009391130109220302,-0.011699615867666737,0.006924874405143173,0.01385957313104614,-0.022996331260856744,-0.0456369214284314,-0.014109950333336022,-0.011853609622095938,0.0054896180077853565,0.03229032004811394,0.00809050349910667,0.004071258244513852,-0.009633267646982833,-0.02007370167915475,0.003176183096558104,0.013153272969436426,-0.00029786768225283544,0.00026132814247101753,0.01800488888233228,0.0024793676593642695,False,15,-1
776,776,5.3760896505886135,1.8379486401294014,22.890468521755775,0.6176754499403928,49.326606280880085,2.021906204219729,34.46279006824415,1.3743665641913552,37.04434259472557,0.7228291787335,40,40,0,-0.003344954242715259,-0.005414817485251971,0.030184162866929366,0.03146991545909714,-0.0016139417702981666,-0.014551547839011855,0.009513453127988531,0.015552568963452461,-0.02258716498858854,-0.04681929403866869,-0.01364164289563817,-0.01183407528747951,0.005359552586346064,0.026979656210317227,0.004906324923622073,0.0028600122713778094,-0.009353769778679818,-0.022668969662670565,0.003440027991640884,0.011152159411739164,2.6964990118924655e-05,0.0018771974670827932,0.023226730007048144,0.005158177544070864,False,15,-1
777,777,5.367407851409932,1.8420218330671365,23.339040522339666,0.6413570254840391,47.112648375122426,1.9194257253849798,32.834543895562845,0.8259601615898742,36.90582278914332,0.6190449427637004,38,40,0,-0.003856686005270857,-0.00597452485665159,0.028432992114184836,0.03219370290067958,-0.0010682244818600594,-0.01267774129682606,0.008509100983397265,0.012315421087636287,-0.02299338343994889,-0.04497979063163733,-0.014045192512696082,-0.01318846665540122,0.005500823217126336,0.02675729118289138,0.010243451625423481,0.006887891163181957,-0.009701753705471905,-0.0200356943102446,0.0015478811154253508,0.006298457255754773,-0.0009580674743438047,0.0022109572733622577,0.010024413710208643,0.005442504567887672,False,15,-1
778,778,5.358740946298672,1.8459707799122933,23.580811636950823,0.6131820377757442,49.01830836050184,2.0761133421555016,35.881863797532354,1.3276148589635601,37.468990917695876,0.8893144760523507,35,20,0,-0.0031512430065481073,-0.0037509160728952406,0.03272266256840365,0.03176056646370518,-0.0013069621171714252,-0.015232195816515547,0.006756371291531334,0.016183057674969775,-0.02333272798014231,-0.04644034230867239,-0.013080021062293015,-0.011545576754044978,0.005175428483327011,0.02842327982410857,0.0066754735918179734,0.005321223190046547,-0.009367390616025244,-0.02193388433430867,0.0067731602909507395,0.013823913791052392,-2.6652820024147166e-05,0.004898783815663469,0.021129817820887405,-0.004636797225547329,False,15,-1
779,779,5.350090872387592,1.8499143222550454,23.802684885234765,0.6343716063853148,48.58142502767346,2.2475103115514967,34.93781416054686,1.2807951547173808,37.23628003700531,1.031526295932105,37,19,0,-0.0037080473562542335,-0.0062625581089954824,0.03145775031544954,0.031858811260978316,-0.0014281089711421031,-0.012629070803901531,0.0077207133699315495,0.015859432066598254,-0.023468674809543528,-0.04649130880369958,-0.013093944725219481,-0.01095605360321845,0.005103879545568743,0.03139729797415036,0.00845069125427262,0.0055548543576912565,-0.009814236435872531,-0.023513237404555992,0.00806098533913682,0.016245880259574325,-0.0004664259863771756,-0.00022827924749175763,0.01906073933222536,-0.005416831802411406,False,15,-1
780,780,5.341424139932441,1.8538679220074754,23.923623012837083,0.6457739846476231,48.823123138233385,2.2155944358683244,31.55757447244259,0.6016241541478157,34.565880137573174,0.9730352562118265,34,40,0,-0.003930858347701084,-0.006874073554057567,0.02656303218151502,0.028408790561630235,-0.0010995364289691774,-0.013112342182834814,0.008387762661947943,0.014140693089957516,-0.02357284688687445,-0.04652430491930812,-0.014830079751450759,-0.013703338551102513,0.005493219251894194,0.03178868569616543,0.009666475569070562,0.011335963786901965,-0.00977777426077092,-0.021896632663557077,0.003060408063557057,0.008741345522068476,-0.0011191334061141128,-0.0023110197519753094,0.0027294545239840468,-0.009137606275872703,False,15,-1
781,781,5.332738113416972,1.8578326971033647,24.144144470516643,0.6339166892057114,50.15305355208902,2.179618248845065,37.2706132027443,1.5931204288891136,38.23499696817821,0.9085281844323854,40,19,0,-0.003645051768509325,-0.005085988403150576,0.033588541476011986,0.030786150167158802,-0.0012787598857992638,-0.016432845781278134,0.007737336145988268,0.019333130447266353,-0.023833129944942966,-0.04711075335940253,-0.014178932237188519,-0.011847278934452758,0.005028811543249468,0.02975240746525032,0.005847565397878577,0.003516228842263071,-0.009854484255939848,-0.02297260784559743,0.004010332579550614,0.01341236858588426,-0.00010400486726177605,0.00584896512860545,0.02688591051489106,-0.007693040286067126,False,15,-1
782,782,5.324042081921874,1.861804301059579,24.643158726161086,0.6492031618077304,48.97555908568382,2.2133576419784133,36.029748934057004,1.2246058908527493,37.87956376029722,0.8733156017434951,40,40,0,-0.0037501719479852936,-0.005321190292668655,0.03128724496148036,0.030465969745068374,-0.0015537251937623399,-0.013651514067022422,0.010282788076865087,0.01844148463951932,-0.024306530406160022,-0.04673249924091804,-0.014612165491048384,-0.012907272463745931,0.00529030341141608,0.03191040179011281,0.009419018517529647,0.008951361496495381,-0.010015219311953375,-0.021771359319097953,0.0040984278492987945,0.010574668520606895,-0.0003059006265692868,0.00020075985503318662,0.018743196460541383,-0.00635414585002894,False,15,-1
783,783,5.31533664009421,1.8657822397978105,24.15076410899428,0.6106614647084472,58.968447199519524,4.254874106199137,39.01547548256902,1.7067666095140277,38.38599890520151,1.1165978012335833,40,40,0,-0.002889183958093745,-0.004225175208449497,0.03534996196473733,0.030122548662762063,-0.0015576392540521049,-0.02369884762614525,0.0057329452674131694,0.01992176600286435,-0.023926675135898346,-0.053831127433606435,-0.015482921390468056,-0.013009235693797734,0.005187731000385072,0.06848278632421652,0.012899620372874674,0.010972433275214064,-0.009298333869089107,-0.02615427893386317,0.004785618458980124,0.010155035725207725,0.00047173275374705754,0.011867658675916841,0.02642090295861283,-0.012501004286557572,False,15,-1
784,784,5.306647086198969,1.8697547993092296,24.99693604172883,0.655082804019081,53.42223267991371,3.0021036334148232,35.09743289662752,1.170859355059637,36.93092701648032,0.8332627154919398,40,8,0,-0.0039147448343932025,-0.0064461000382906,0.030620736058233743,0.029653572568402897,-0.0014449264517778825,-0.018202436712167397,0.00918106679045034,0.017682872619907104,-0.024646171546607927,-0.049810180049290435,-0.014488213546691857,-0.013110111370053218,0.005422600009904036,0.04620671357214381,0.00986939673020654,0.00917878310473074,-0.010055913385563633,-0.024373290719608028,0.002848261212412951,0.00948491146436364,-0.00044220874407181884,0.004035500805739054,0.01766595538118313,-0.0061065881821251305,False,15,-1
785,785,5.29796154359146,1.8737275004731346,24.732229376865583,0.5979217445320382,57.19728974114881,4.023356434552704,38.89786336860475,1.5945583404708548,41.19885816284168,0.7177276378040073,40,40,0,-0.0030242779891299478,-0.004238998157847029,0.03533491900414146,0.03346517822057651,-0.0013976817306143533,-0.02282748936169437,0.007837860455268337,0.020255226231317446,-0.024506803103919204,-0.05227300046670773,-0.014249744457257726,-0.012928788454652207,0.004867004329600542,0.06544129685931259,0.010573365086023807,0.008853149996556824,-0.009222635642846064,-0.024137926075592217,0.00483688590911904,0.008862283821757968,0.00039894872257790814,0.00810927229646174,0.025285048993988053,1.1591083911331408e-05,False,15,-1
786,786,5.289272481084712,1.8777037335779216,24.599197945654254,0.6101925321969535,64.3718535257126,4.631695058220247,37.77428728299428,1.6331866211125003,39.3357453295489,0.7937982417323056,40,40,0,-0.002746013870280743,-0.005381465755447809,0.0342759849014599,0.032317431044813015,-0.0019254581882196312,-0.03045666555542335,0.006589365579196059,0.017858151334565857,-0.024369500572624055,-0.05645499867951311,-0.014444164913098368,-0.01356358883948596,0.005193117223484053,0.07308112731330489,0.010815091234745163,0.011018469435304878,-0.00926980901402635,-0.029992162394334484,0.004436458594285809,0.008390332620585089,0.0007224118683371572,0.017159674089230335,0.02599725438565353,0.00037396905760165086,False,15,-1
787,787,5.281390344410647,1.881312341477094,26.017759346527715,0.6889840745049454,55.313432390634865,3.186007877493514,35.86692666267862,1.5775712586462287,35.602231314271776,1.0277930060412335,40,40,0,-0.003996354640735071,-0.0066346656882090346,0.03156376064923572,0.02838311349549397,-0.0017567398921909138,-0.019432186106192684,0.007701460532089999,0.015985914746880145,-0.025648914517976986,-0.051360949730055894,-0.015193845713853533,-0.014365523748276694,0.0054221143513551225,0.04905002994761758,0.009672450387861655,0.011418060154895864,-0.010732717616881122,-0.026081341663766383,0.0017647128618790088,0.007088814538864807,0.00010511804067503232,0.0024334815350998146,0.02571848228329345,-0.011881153150392778,False,15,-1
788,788,5.273498054891646,1.88492714008331,25.913111527300515,0.6704251873700321,60.011934967933215,3.8046699347016033,39.185876427098925,1.7285951164024238,37.396494669547145,0.9522127146682072,39,40,0,-0.003348736976124757,-0.005970906914433182,0.036060479096901084,0.03091565449641345,-0.0020004700564401796,-0.024839321077475815,0.007423056518862179,0.0163403781229939,-0.025617834202842672,-0.05430275073718352,-0.013419127787587587,-0.01325564647331245,0.005286368133341584,0.058468469727205125,0.007812808885619279,0.010213831344129395,-0.010411719609814619,-0.029411119484108378,0.005220769713289475,0.006366540170535088,0.0007528463590512223,0.011221301780398917,0.028669024117374143,-0.011460549203681196,False,15,-1
789,789,5.265609967215003,1.8885414992736196,25.546198804223803,0.6429075778970755,57.96687586518909,4.012039928197738,36.88306673246409,1.5308545784364338,37.53038196743554,0.8240827311087477,40,40,0,-0.0032418101473447973,-0.006292023649731042,0.03313275093452084,0.030909384126796682,-0.0020647467771262155,-0.01983644179561078,0.0065194476106161395,0.015806656348836073,-0.025255410530415946,-0.05410253887620074,-0.014835033871037817,-0.014257950715076143,0.005276633025784528,0.06468312639675457,0.01042721072051001,0.012766356029064127,-0.009894572916350226,-0.026776215819754826,0.0014876408140259304,0.0053608228759640915,0.000402660725291501,0.0015462453559177605,0.024554753499969786,-0.0038924520468383195,False,15,-1
790,790,5.257722814764774,1.892156912641464,25.76287326898918,0.6446187794613208,54.80864742444143,3.3985182903552706,36.94750470528147,1.418333819073298,38.176281988086274,0.9499352723070291,40,15,0,-0.0032750705908709873,-0.004904776285719144,0.0331975157864111,0.03272543710444527,-0.00201022593897799,-0.01964390439536028,0.005553424764835772,0.013418214170149614,-0.025474664735243704,-0.050931797751402046,-0.015238192902673552,-0.01436752592622937,0.005365823798016626,0.05460017082710032,0.013967655769502391,0.015187473191616025,-0.009875529968659731,-0.02276423590165907,0.0023430988006114466,0.00616070117640043,0.0005104371318099881,0.004349682736437701,0.02030281890951921,-0.00250323371969824,False,15,-1
791,791,5.249972550050618,1.8957109423989855,25.926770837384556,0.6433171006999473,52.228468292403925,2.6246286703235313,35.112800863259416,1.3882229924013607,36.1847678822733,0.8059845176835213,40,15,0,-0.0034629855508682182,-0.005963859320351848,0.031083046005710806,0.029955714282374434,-0.0018707077080947834,-0.015661274630880843,0.005523917659388337,0.013748824552847679,-0.025626268354944054,-0.049466855156901,-0.015370080323865401,-0.014931926598458697,0.005009807942822008,0.038437969566032563,0.014353119501367946,0.013338459871161633,-0.010046336726930182,-0.024652230166266494,0.003348207951766983,0.00441573728245783,0.00020238913829138537,0.0036332695851938194,0.019230832223358557,0.0006852679941613196,False,15,-1
792,792,5.242103065056331,1.8993210999941552,25.919137922977594,0.6565936256293465,50.295043668261194,2.612292208566636,32.672476523287386,0.8685249231029164,35.82575300137473,0.938717165344983,40,40,0,-0.0038927747754456178,-0.0067403640553071326,0.028388173166163138,0.030294609810616897,-0.0018302732542223666,-0.012351340838761412,0.006846746945012294,0.012773683983443689,-0.025559697084137516,-0.04828667817813696,-0.01465347749592789,-0.014232153457193291,0.005252182929124056,0.0387756062012066,0.013891352428274493,0.013835532249370916,-0.010181715041937352,-0.023621187045916165,0.003943099894349529,0.007940643432395174,-0.00026916510541531995,-0.004150019239440969,0.004611511401874073,-0.0037349736232709105,False,15,-1
793,793,5.23422890751847,1.9029348906457808,26.534872651311748,0.6637206991379279,58.56333814079558,3.0219810993126237,37.98273626943467,1.8725636439678996,37.3937934750002,1.0946977540869496,40,40,0,-0.002939042809124549,-0.005399205150407376,0.03424552871236855,0.031034313709800372,-0.002783864613504049,-0.021737295227553445,0.004548309684821475,0.013571518587137144,-0.02622425579117824,-0.05411102617884047,-0.015787491780986877,-0.01584238133146829,0.005400559462372706,0.04218928115394482,0.013857394410062989,0.018065292474023924,-0.010144126772398152,-0.030805504756298625,0.0034766196424038513,0.005750460988683938,0.00145680783849765,0.007277660795509435,0.029394303424140115,-0.0023705914688671448,False,15,-1
794,794,5.226373524326787,1.906541631395042,26.545728728847994,0.6970268217682754,52.60379469618747,2.7097505049233215,30.401870718546142,0.8030702521127627,32.98489705916754,0.7790818040478041,40,13,0,-0.0039819584594716455,-0.00646007514893341,0.024727927193052893,0.025987862557151527,-0.0023335053315611046,-0.01710095419917538,0.008376845905518286,0.013024367108851199,-0.02614143212297681,-0.0493252877435751,-0.0155766431748779,-0.015588466734363454,0.005598920191147234,0.038786427265354716,0.011308480450085028,0.013503459294921154,-0.010800353094205446,-0.027005067893766083,-0.00323534158350524,-7.1099845253727565e-06,-4.1707897013641086e-05,0.0017516439985602247,0.0076226805334182555,-0.001596778601792092,False,15,-1
795,795,5.21852600080013,1.910146475619337,26.0792616900046,0.6395164396332944,52.01506080450214,2.4279002758615658,35.08566845958858,1.345645609910971,36.17362982409553,0.8044349994928364,40,40,0,-0.003285013825179971,-0.005921745359541503,0.031495770669342366,0.029589627434181875,-0.0024445406835638347,-0.017323210204737934,0.0063571412074932415,0.015592019060400983,-0.025755791490663208,-0.04868681413478671,-0.01409281082213032,-0.013779491448420627,0.004879955274358653,0.03361134187971899,0.012808696725431569,0.012322706309511763,-0.010007271077605852,-0.025480494663455065,0.0026966726464487797,0.00522385259915941,0.0007895462663665164,0.004080479980231041,0.019500126303685337,-0.004240870010515227,False,15,-1
796,796,5.210674350832821,1.9137548347494802,26.702413684116777,0.7005877616121244,51.01342037602294,2.297104326681073,33.00822957230328,1.0592687549403512,33.162016716201634,1.1627388975005544,40,28,0,-0.0036929751161526216,-0.006177244039714657,0.028420747534219984,0.026573894917769434,-0.0025845237204991417,-0.015375809633267814,0.004560555156390346,0.011073022479447744,-0.026319214815175657,-0.04824722989619354,-0.01615566977130713,-0.0164601225619565,0.005169119074028113,0.031068433575856626,0.014115001068535193,0.016819004817116325,-0.011047723405573258,-0.025218532564313886,-0.0006140413168207287,0.002803979748868363,0.0008609970256909101,0.0024797624180587846,0.011924167219938582,-0.011004084358296674,False,15,-1
797,797,5.2028379683156585,1.9173576032203365,27.313843348078688,0.6860036005551601,55.18995272205807,2.647376467657644,34.75453415353809,1.3304117766614167,35.4547924599332,1.0764560339863227,40,18,0,-0.0035308602344822195,-0.0069673338934872365,0.030705895603723034,0.02899907830056214,-0.002579972817348657,-0.0194009933871103,0.006688743563986722,0.013888823045024772,-0.02696150598000187,-0.05119559156287747,-0.014842045982206571,-0.014939757712854346,0.0052779320750658,0.03521197903981503,0.014534588452798983,0.015696410691030123,-0.010707665240672778,-0.029519280038940308,0.0034408756555075713,0.0060545874180377235,0.0009179227576192067,0.004865279522514614,0.01777857064271832,-0.00836315794338048,False,15,-1
798,798,5.194999758591332,1.9209627544932213,26.31381361434226,0.6704830627841144,53.6690747685412,2.5180668041680616,36.2425368389961,1.7048010459471798,36.64209542027606,1.3497880597425438,40,40,0,-0.0031772662481561707,-0.005681892808819409,0.032481668575394994,0.029348192285867818,-0.002695931940719913,-0.015893173136511677,0.0047961460507513634,0.0155239274296195,-0.025981795878839434,-0.050945978528959636,-0.015344695048910194,-0.015502723744563452,0.004745317177138296,0.03319046727374499,0.014134226512797138,0.02027354688223501,-0.01058876772171092,-0.028648337759540277,-0.0007938310884733884,0.0017288222667591556,0.0015165665045579545,0.00302344931711427,0.026170924272816302,-0.011873728047805801,False,15,-1
799,799,5.1871550408448375,1.9245723880683825,27.329045583497265,0.6791520656700971,53.75547162817203,2.6718745626189615,34.64294059098065,1.4555462774380852,34.89017028315913,1.010645191923948,40,40,0,-0.0036129677377225436,-0.0058537929756484215,0.030431420230707273,0.028999197760615734,-0.0025042128137950986,-0.016313375933387962,0.006203012035446108,0.010823879994091732,-0.026973173984799634,-0.05088474823973698,-0.01534876663515429,-0.01610012836911682,0.005137164832627715,0.0367722435985192,0.01241765505528542,0.017484961468607715,-0.010639381203931587,-0.028482318079242994,0.0010701302241369224,0.0012571830985043525,0.0009576727179937017,0.003346210147193796,0.022136478686182865,0.0019577982425966075,False,15,-1
800,800,5.17930840008432,1.9281842985947235,27.060281592919843,0.6895415835628131,56.976730700718306,2.770024806031888,32.04732073543008,1.187310970769605,34.170913554650944,1.1458328097827266,40,40,0,-0.0034541558275581986,-0.006804908550742802,0.027017026900232655,0.027396146326214434,-0.0030611540408284022,-0.020364944933680844,0.005011177826608071,0.011805281362401996,-0.026663776614451715,-0.05277603697518742,-0.016492395841167014,-0.016665468237844372,0.005420979211317233,0.03554259032787284,0.015099868875573083,0.019630581367682722,-0.010662319178084237,-0.03227966567858202,-0.004758458532678083,-0.0010169526270166819,0.0013280234399450734,0.005664655250647625,0.013370581337304423,-0.0036808005830354846,False,16,-1
801,801,5.171479729838645,1.931789330229572,26.74163855308124,0.6530289257968367,56.3379317587625,3.0947658310705375,34.16295443641563,1.2246259236953636,35.828807763932346,1.1501821991313772,40,15,0,-0.003430876976652954,-0.006270023599406097,0.029832228139391757,0.030059287026567405,-0.0026758170515105077,-0.020010320814073165,0.005465479274795453,0.010532017453404641,-0.02638530497799029,-0.052289926561774225,-0.01572495330233684,-0.016407904729136953,0.005085426769977244,0.044832399141886914,0.014604319212768085,0.01849440753053233,-0.010143075419982755,-0.029869802639797265,0.00697578858797733,0.007651285936911043,0.0010768346021240132,0.003917553961339682,0.013960287039027311,-0.001548842714331861,False,16,-1
802,802,5.163768712287958,1.9353415072979894,27.154548149684466,0.6819879249077637,50.80744309651418,2.3174676330289024,32.74285187545269,1.1736488426166862,35.94313780614273,1.0994426508351607,40,12,0,-0.003371651008750487,-0.005894875129302306,0.027663595725316775,0.029988256301374628,-0.0030264835002797993,-0.01586879120873693,0.006183537600546196,0.010454819847255513,-0.026773902448303237,-0.04790436500767934,-0.0163885229116813,-0.016831826440284598,0.00539051557780918,0.030999664388543027,0.014991581391080606,0.019088749064349077,-0.010536908216621243,-0.02570902715680562,-0.0015748597280173982,0.0019500417867699977,0.0012632350005330924,0.003749956510940529,0.013869681260362907,0.0001750901879732239,False,16,-1
803,803,5.155954881536301,1.9389424295279862,27.18170038826785,0.6681594095103293,48.93622146525868,2.2785375044357155,29.05089386646767,0.7772580140374601,32.62734664489981,1.0221593150530872,38,40,0,-0.003964155440273338,-0.006746200245049122,0.023695897046052048,0.0269295321267878,-0.002499128541183241,-0.014097786945796852,0.006180135648271625,0.009501685484741205,-0.026774701943766903,-0.046373429426574256,-0.015628973766458013,-0.015781698941109496,0.004992829379845945,0.0323662634326726,0.013465270324104352,0.016678491671845156,-0.010537878742629347,-0.023030580267387416,0.00025235402462855694,0.003623000529073419,0.00013134826143672306,0.00187342550066433,-0.0016282937605229155,-0.0051931692775794396,False,16,-1
804,804,5.148103350712476,1.9425621016950634,27.014694319951186,0.6366130108198478,54.43745966713367,2.70708311054715,33.07265590322055,1.0912948342363207,36.6376077494983,1.41231328464666,40,40,0,-0.0029927280533029385,-0.004802449446916637,0.028564688369857455,0.030961617506309807,-0.002956282613252138,-0.020337008989098803,0.004853919373468733,0.009522163863134706,-0.02668515844266171,-0.05026708226760262,-0.015946743038677977,-0.017117854373801627,0.004920425226471596,0.0376459771082973,0.017661563491719687,0.02369442984811777,-0.00988620402915311,-0.02751298773260408,0.003473219780390236,0.004861604211781341,0.0012274172678290016,0.007625184356135684,0.006227538993349239,0.004747365733783393,False,16,-1
805,805,5.140281838728397,1.9461692693989991,27.7610066370043,0.6885114424307368,54.680510833277864,2.8711395542135345,29.654672809112153,0.8071803296732917,32.24018121776305,0.9255404379749662,40,40,0,-0.0037560796924069,-0.00648226822110712,0.024130233641706952,0.025433373303213862,-0.0032406499306294524,-0.02198527597164651,0.005540399054784369,0.009612787184344917,-0.027314163777630036,-0.049644597935207264,-0.016322849693784294,-0.017325332029201165,0.005186391329716261,0.0415156596876425,0.01099371219003966,0.015971413008944144,-0.010779278214165959,-0.02729799334347842,-0.002791631624266314,-0.002420045244243061,0.0011453325754883267,0.006508893594179742,0.008355569676505222,-1.6610505393284407e-05,False,16,-1
806,806,5.132435269683682,1.949789247309515,25.792062147845275,0.6725715519442593,53.81543002397294,3.276680656105673,34.5446393919187,1.8673073820138506,37.15733489128009,1.6614174994424524,40,13,0,-0.002940066785954094,-0.0047720389089207435,0.030171278033186092,0.031824454278255525,-0.004910757257565325,-0.02469374908403313,0.005838659701684486,0.009434669002653972,-0.025148974935168076,-0.04757674757159938,-0.01577771039947841,-0.016699061857611185,0.005928489516167008,0.04994603097962839,0.01368299002718953,0.02114783879237091,-0.009899141034330802,-0.02546405148878276,0.0023166034504939876,0.0026914511754213507,0.002157421593918235,0.011293469965454103,0.029488309201299343,0.019656117075634923,False,16,-1
807,807,5.124581794408691,1.953413741861351,25.714140986798487,0.6587194605669013,55.38955811774182,3.58030704214624,35.54125220222006,1.704221985683428,38.778194071570276,2.1025353488599157,40,40,0,-0.002944107708765677,-0.006351406592962105,0.031592724575812706,0.034330900566093586,-0.00484575473114914,-0.02407268954533381,0.005323716859075852,0.008215402753400014,-0.025081226795627083,-0.04947896927810393,-0.01538630562490695,-0.016051316437376433,0.005458460341213525,0.05542374722546247,0.012837863685141157,0.017984052912875866,-0.009952879534818318,-0.02846659625879057,0.005331796294596788,0.008074126919234342,0.0018227311205973671,0.00475705225591281,0.02629607736190574,0.030951426504358722,False,16,-1
808,808,5.116792726981325,1.9570099536432766,26.38658608115976,0.6824549452215891,51.398719566688776,2.685081484339774,33.12634958317678,1.2773683064371584,35.792395854942626,1.3588081078722836,40,18,0,-0.00317157286172669,-0.0063852858779943076,0.02875712835914771,0.030812756029148156,-0.004954085092867667,-0.020286308096486717,0.006302054756486045,0.008322990505767085,-0.02572255997162489,-0.04679233058061779,-0.015187715795622149,-0.01619868809397906,0.005902219658020289,0.03706528015876741,0.011753163428039311,0.01742959383912509,-0.010214691485314613,-0.027975425621323047,0.002904917158328474,0.003008205962249555,0.001642512003051928,0.00630312461896764,0.018720567491375593,0.015798519375763348,False,16,-1
809,809,5.108972804145075,1.960622047833139,26.190616173385216,0.6859497345126885,53.281594118865414,3.11320878725567,35.25039353036311,1.2634677521956867,38.81051369656535,1.4720565397313237,40,15,0,-0.0033446628421581887,-0.00603879219289916,0.031557274479960123,0.034779313484089996,-0.004611194239979736,-0.022724879871030078,0.003909148751556916,0.006018688852236673,-0.02556361660045486,-0.047812562110241964,-0.01521338974325328,-0.016137865765541763,0.005514722801637205,0.04465492632875812,0.016441111434012227,0.020362843422334694,-0.010516120835169996,-0.029932945863554335,0.0069340431359295514,0.007898163249373659,0.0015263575404671334,0.007894893499878526,0.01295705022158244,0.013530132364709825,False,16,-1
810,810,5.101183561860325,1.964221506434964,26.922032191218307,0.6998553564565054,49.93383586900875,2.4629912944474146,31.416975356653257,0.8079087330807411,34.114206022811054,1.142592163222931,40,40,0,-0.0036121932633350956,-0.006135725838032171,0.026587732854061838,0.02922782928079079,-0.004769263798118508,-0.020657240592572693,0.0059943519543256794,0.006669545857370795,-0.02624884759293763,-0.045044636130555836,-0.015626469431361343,-0.016279748344374817,0.0059632356836783985,0.034203715891425554,0.0116774595643881,0.01764474131614223,-0.010596056920648071,-0.02511745051430329,0.0016960410484814696,0.0026888922205339427,0.0011680131265090765,0.006864991484361606,0.0077194044692260625,0.008894725251075397,False,16,-1
811,811,5.093349071349911,1.967841950120215,26.454478580728033,0.6788755986826663,59.709226396577016,4.0260822024984275,35.70479762210328,1.7722070564319758,38.98630222759318,1.8693489461551835,40,40,0,-0.0028358061065208917,-0.00430654280805939,0.032112143969637574,0.03428253203823309,-0.005089574863865306,-0.03123853369779431,0.0042879653600394856,0.008079232264678644,-0.025804919461403623,-0.050703051371015245,-0.01500853543753429,-0.01671423837457556,0.005707816491532225,0.061898731188684025,0.014197930016117207,0.023803204575161368,-0.01017537619169466,-0.029353585612553933,0.004628778365395133,0.004207489269410634,0.002066933394393026,0.01563843907986571,0.02708709216787099,0.021912999448069317,False,16,-1
812,812,5.0855727548846446,1.9713208352506697,26.823397967857257,0.7005613201509461,52.97482756849285,2.87846042183065,33.7074571251146,1.0435491801804535,35.883779326797445,1.226772458060782,40,13,0,-0.003478754758926707,-0.0058934331597738565,0.029381093370426364,0.03101994529276707,-0.005027096396329098,-0.023380786183478497,0.00584046973597358,0.007772664151673013,-0.026117450979973308,-0.047169255229919514,-0.015454220506479904,-0.016278645668277542,0.005974234503210894,0.04159708760242913,0.012993972755886955,0.018867514051286255,-0.010556829352618358,-0.02716469043707947,0.002352173068489951,0.003978706092398754,0.001537494991619951,0.0074619037081263,0.012543953438655511,0.00930736761031172,False,16,-1
813,813,5.077783040363775,1.9748070363567234,26.280813384935485,0.6674695636910655,51.90180522299563,2.8890634659866072,36.19652776755052,1.1710180244384594,40.20691914311484,1.484744387893152,40,40,0,-0.0029760377435219597,-0.004598362499603251,0.03268652048599721,0.03637106984206496,-0.005234127065432819,-0.021157848332284446,0.004604309663956136,0.0052894581923260235,-0.025581795585647236,-0.047169883418088566,-0.014851947127024825,-0.01630224700942304,0.005669653232314277,0.04095532488796976,0.012808928782360129,0.022440546934954862,-0.010026393335833179,-0.028948268356249775,0.0038162481694004905,0.003409954586364853,0.0017430682914296972,0.005215898449250113,0.015462352591678002,0.012502510813703304,False,16,-1
814,814,5.069977788816337,1.978301533926712,26.386380682755902,0.6798473779165173,52.540537845287396,2.8300625509288344,31.30727663154568,0.8723394422881535,34.53224035432546,1.0947188056720722,40,40,0,-0.0033832543980573193,-0.0059059454477392494,0.027243753169275218,0.030274697654082215,-0.004768432612608675,-0.023443703427432384,0.0031950868812162395,0.004049755425890099,-0.025730462989078717,-0.04664783698143998,-0.015090225417707073,-0.01610955576151267,0.00533454374472717,0.04075698266611791,0.01213277920341646,0.01777939366625455,-0.010511117291976265,-0.02694256037346228,0.0003324857728953583,0.0004343698080255988,0.0013604889140741076,0.0072612054934522744,0.009191936623839164,0.006982894917129503,False,16,-1
815,815,5.062218382190164,1.9817768086217704,26.6543089542168,0.6765965873326609,62.64781628968318,4.286634557756497,35.7370451008507,1.2550555483325585,38.14735156949025,1.2216186053505829,40,17,0,-0.003010470502839687,-0.005206787401870389,0.031958961763421605,0.0332773439491523,-0.00526212345872831,-0.03541439750076779,0.00547844983571175,0.009239725831193422,-0.02595571825019441,-0.051414576731460396,-0.015024904090941234,-0.01620081102971342,0.0057639360639506945,0.0676972961629223,0.01216826774739129,0.020025633739922735,-0.010133683554147992,-0.02875969761937613,0.0012652995873281229,0.0015757214640960138,0.0018799354474298353,0.013688418904763171,0.018170162387987583,0.007147553147435388,False,16,-1
816,816,5.0544060324066775,1.985277310896255,27.139960412596892,0.6942054193846262,52.95516510724094,2.539895754664487,34.99645056258235,1.203317692219305,37.432456159874526,1.367985596234372,40,40,0,-0.0033565245460122376,-0.004669176230223444,0.0316676569344547,0.03289086004980234,-0.005208527832282985,-0.025119026544449686,0.00499933546454999,0.008788889192339848,-0.02642314197800249,-0.04638407927646615,-0.014032736767068872,-0.015560704550566372,0.005480042831946665,0.03434857466153573,0.013480915107512958,0.020825223154318076,-0.010644033950698916,-0.026830011058509923,0.00590342666285742,0.005220964586187891,0.0018642031614017976,0.008089150697454027,0.014983071226098713,0.010445475338891702,False,16,-1
817,817,5.046615627500971,1.9887694985432744,26.816959501893148,0.6807219592969527,52.50120051183634,2.817188693387105,33.35907192497791,0.9728710665720096,35.26616929432155,1.1675923798759857,40,40,0,-0.002951665373043445,-0.004357734487460305,0.02967576808188579,0.031047900816370013,-0.0053471331851357344,-0.024221062450927453,0.004206022846480858,0.005179456987180687,-0.026112164888269486,-0.046375924131699144,-0.014645335102375054,-0.015902948686031267,0.005886588550690634,0.040187857116177,0.012378008094901383,0.01969724861445852,-0.010140879775745718,-0.02654097322357447,0.004109934181051607,0.0038991860906378343,0.0019144135830060714,0.009905802030231961,0.01087230780674928,0.0034772307174674322,False,16,-1
818,818,5.038772267676621,1.9922869927860798,27.213129851797618,0.7057761596499617,63.44428945131392,4.736518238437838,34.69030345051306,1.2651372432582229,36.61021855723987,1.424372684181076,40,20,0,-0.0033369520015105536,-0.0067134568673977765,0.031047716935467845,0.031983536683112435,-0.005364854121217776,-0.034663904989364905,0.005201180211733457,0.007829569742869634,-0.026469558514045262,-0.05271167851396855,-0.014574091772347733,-0.016001853695444528,0.005760130761955964,0.07533024173467866,0.013956272249939157,0.022357329353968863,-0.010735218811775802,-0.03139599204309191,0.004023659370912569,0.002335908901441328,0.0018198890114826118,0.013176413012717627,0.016631139990600192,0.010616619584961736,False,16,-1
819,819,5.030915845105242,1.9958115725177208,27.62288169157175,0.7254444494286668,58.32438848693543,3.616333681978581,33.097366903489124,1.0932843065911173,34.30636160416294,1.1901222627965395,40,24,0,-0.00354243070289102,-0.006651062665185333,0.029138687137625918,0.028840416030532067,-0.005788536601875893,-0.03008209022860433,0.005062337859099256,0.00859386530488138,-0.026776251075729923,-0.049523383419116794,-0.014857501244827868,-0.01647125765759767,0.006153808569018877,0.05338652539702258,0.0122899659327105,0.020068654104492465,-0.010870794145871592,-0.032467753924666054,0.005640439364654473,0.0035158430673373864,0.0020657631489123256,0.00891463198428974,0.013462630488193999,0.004042937287698296,False,16,-1
820,820,5.023042603473417,1.999345041990462,27.167585005611542,0.7080380153538612,54.2076731836129,3.055206559783056,30.63549368548383,0.7468177001548572,32.94414420536333,0.8425912669202615,40,25,0,-0.0035357403214953914,-0.00765952049901872,0.026830201390599363,0.02882281718360805,-0.005485353781771863,-0.021696420957921302,0.004474693008548373,0.006101052966776726,-0.026372089589277562,-0.04908226660743338,-0.014094356642729311,-0.014742421772580915,0.005886620148484665,0.04227105178351019,0.012222026606532035,0.014089746816674771,-0.010748939891459731,-0.031630856131221304,0.004329310257134149,0.003625946882529899,0.0015868644133194315,0.007485558126184906,0.0013324585830140137,0.002144234204768653,False,16,-1
821,821,5.015955117039026,2.0025268712520172,27.0577120924077,0.6728960153857448,53.07674362787441,2.8900068043713745,30.79016841175409,0.8159648455076204,32.106577560761004,1.1249093921344433,40,21,0,-0.003224980486213349,-0.005223715387686654,0.02713719362529654,0.027436858974513995,-0.005363057312031813,-0.02531664141577916,0.0030225121891763354,0.00527142869184173,-0.026324074547969034,-0.04635645779298077,-0.014229252019471186,-0.01581970707139108,0.005604576296662551,0.04288749579313048,0.01255389026548916,0.01954293092080395,-0.01019430616871849,-0.025289725846035217,0.0032807694438455356,0.0018810847385132615,0.0016100551658726672,0.008080817002071193,0.005869433665496012,-6.851275518399021e-05,False,16,-1
822,822,5.008908858061306,2.0056911209089505,27.5800829911687,0.7162624910050954,55.78823968664021,3.1011510737948758,34.950314030586384,1.2705415275741305,36.478856095728375,1.4161930304209414,40,40,0,-0.003230677773559335,-0.007810640007395016,0.03181224122822279,0.03174643250738017,-0.00568508394216467,-0.02396416515323403,0.00444325138641634,0.009445316983723591,-0.026793721643208212,-0.049769874206365264,-0.013775459193474272,-0.015285841559567378,0.005998180938052919,0.03747470933262624,0.012056679173430559,0.02199426566829977,-0.010753520127107685,-0.038537012068116584,0.005038016488478251,0.004151010967688146,0.0021591898993512017,0.006331873281947703,0.01791623280867672,0.010486319901222861,False,16,-1
823,823,5.001917878042482,2.0088317982297346,27.072373006283208,0.6743592849101018,58.526672533489425,3.9452965187904705,31.853962635269404,1.0093622413387073,33.20410214798575,1.0476450420981795,40,40,0,-0.0029022330260085024,-0.006284736229516062,0.028395499531167916,0.027695989391137467,-0.005657921515253542,-0.028485331231717932,0.005157419747708295,0.01058310458057065,-0.02631498333233955,-0.05073913078667222,-0.013482268484588595,-0.014947992123913404,0.005841560963724795,0.05938248299614474,0.009981419920800963,0.018006877470227826,-0.009991552303847228,-0.0341310419957958,0.002087137579389917,0.0015542969064855406,0.0021384577357370007,0.007090408622712558,0.014365341508958485,0.002769920765919022,False,16,-1
824,824,4.994819980625328,2.012021746580317,28.016660231817124,0.739176037605339,60.732605397778585,3.7040226652306836,29.587836600821564,0.7023263631748395,31.618535544580542,0.8431166860970728,37,16,0,-0.004012173118942718,-0.008468909677061067,0.025958745399807664,0.02742415963179054,-0.00538809867902703,-0.031148038416362833,0.0028848769657085277,0.005547927125750245,-0.027199340249972677,-0.05144440329226155,-0.01390183789567426,-0.014726430765169754,0.005696908471344199,0.05090514858805346,0.011130839622644745,0.014568758357902068,-0.011505457811808329,-0.038547417275898506,0.0013859332946521107,0.0017310318842452797,0.0012676396223080656,0.01010186327461159,0.0049436720683269705,0.001136136282313375,False,16,-1
825,825,4.987800510402357,2.015177631249561,26.884169621419957,0.6622458404536252,59.33984508428117,4.218355224177839,31.38038541913752,1.0915204559354543,32.30551941074341,1.444057509905147,40,40,0,-0.002793552634698924,-0.0067962006890275005,0.028052749607408296,0.02641721453778886,-0.006079643184282793,-0.030823967331409886,0.004526447409895431,0.01002583273139115,-0.02603829062481349,-0.05024850155749051,-0.013314770082998927,-0.015660780264869365,0.005800609518836372,0.06462318877911119,0.012893774172585644,0.024364018273289996,-0.00975786069052699,-0.03415348456800664,0.004473374544412502,0.00200381009137038,0.002175548125525264,0.00882632287600581,0.013291570692891956,-0.006131777997531839,False,16,-1
826,826,4.980735040504063,2.0183553100778715,28.379135881690782,0.7276055059088926,56.80960326761248,3.6922401059641903,33.19288375884229,1.0774856434656537,35.35606448664832,1.0481506717148221,40,40,0,-0.0035744215536935593,-0.006540677769727266,0.030329194863265036,0.031054869164727807,-0.0058113337871058286,-0.025566653374059903,0.004360472610907673,0.009074575012017576,-0.027546819481798664,-0.05030801917176619,-0.012762983576877253,-0.014258277788601925,0.005807764362594945,0.054397164382254115,0.01073073388815829,0.016098158255096803,-0.011078145712995601,-0.03371173620046334,0.006731523539127543,0.004766551650707752,0.002193627018537276,0.007563468607508255,0.013899325343447826,0.007265536751253936,False,16,-1
827,827,4.973713686853112,2.0215142721286314,27.481934189584326,0.7132049910913083,56.70665662513191,3.614710981288505,30.28545994277611,0.692395822008139,31.645489697701457,1.1432063808488062,36,40,0,-0.003252222295589704,-0.006975436491829034,0.026862370476895086,0.02737441431099625,-0.005994604408969866,-0.025615520290954576,0.0016149864557476583,0.004319487167183869,-0.026622255256094896,-0.050108216008682364,-0.013892946233800921,-0.015278104920106637,0.005941873286497413,0.05287669289419443,0.01007704987978332,0.019790173205449332,-0.010788919308919221,-0.03415856372617343,0.0006412665193936434,-0.0006409973759120173,0.0018001313322508795,0.004173769124590471,0.006639207905167455,0.0024594750909266534,False,16,-1
828,828,4.966589200480144,2.0247208785236523,27.67208253595476,0.7120601705650096,56.81704854709339,3.5011198905859895,31.130083242930166,1.159480062786245,32.36377846405208,1.198486035395256,40,40,0,-0.0033725651797012843,-0.006182327097940619,0.02808995141381426,0.02729494184115367,-0.005947159461821807,-0.02648184124787416,0.004635748804361626,0.009310298121670346,-0.02681419867012666,-0.04988655050591519,-0.012591526726500468,-0.014687363794905536,0.005615010214267525,0.050178575709128134,0.009884477210665996,0.019625710049140026,-0.010866022669883625,-0.034170679657764005,0.0029345549577677672,-0.0011015472790604668,0.0022025636176248907,0.006958946272218168,0.017412964532264714,0.007152695253008713,False,16,-1
829,829,4.95953535324762,2.0278969568873064,28.029157993033795,0.7197021690612407,54.27096647836945,2.5263354084866054,31.37326087869305,0.7816295323572573,32.682721483520844,0.946617784571771,40,40,0,-0.0031787528969783657,-0.005041442131627652,0.028285268736622234,0.029066455143712543,-0.006445526175147964,-0.026913703095523926,0.00037573238724426854,0.002623103092412858,-0.027092146835271,-0.046856955187204986,-0.013567752055251027,-0.014711247367729084,0.006297515820215996,0.030153487917478197,0.011558714324737884,0.01620499456465438,-0.01066179979360091,-0.030296974033358286,0.0010392165554473603,0.0007306732957186652,0.002109590914056751,0.010818585580441773,0.00717081293380533,0.003134874540808179,False,16,-1
830,830,4.952438135576556,2.0310938890108345,28.056411978274326,0.7344875304686526,51.018428160156795,2.290390319132255,31.629929136642996,0.880966690213718,35.10089255909149,1.100923890219935,40,40,0,-0.00373965955509331,-0.00787402370694569,0.0285564357798844,0.031488486659199295,-0.0059422039544988784,-0.018865224209945526,0.005009881912867601,0.007592114810637083,-0.027163714982855205,-0.046743802563591494,-0.01264450378455071,-0.013524335808475675,0.005933011374665239,0.022987419409580087,0.009926931475569688,0.015030794995423272,-0.011257364879084545,-0.032488316411571454,0.0036042311702801444,0.003909671038947784,0.0015503741827477074,0.0037518869936612013,0.01117496452297162,0.011313539006378782,False,16,-1
831,831,4.945278172227929,2.034319984658704,28.091997518628666,0.7391873366321908,54.555276754771114,2.8652062322715075,30.595450599195612,1.54215641197546,31.264852098314652,3.61114436407047,40,12,0,-0.003638597622483318,-0.0064338291937684824,0.02620578701321759,0.025673140102730314,-0.00596700235094008,-0.025443716338659318,0.0004097969539765952,0.0009653730940735676,-0.027208745191062624,-0.04782783041883588,-0.015785131955172463,-0.017817095969442087,0.005887464483924879,0.036626570315882095,0.02569514987607572,0.06291493418886357,-0.011338434082271129,-0.032945393745729086,-0.0016772173289311828,-0.001971367486081322,0.001794435472416283,0.008592070824275884,0.007835910703743605,0.0031853861130982874,False,16,-1
832,832,4.93822709358632,2.0374976670187244,28.126517391877584,0.7261851073503639,52.806584514762505,2.4652432506394883,32.08318386801332,0.9676733844515846,34.62263854203503,1.0896796970205356,40,40,0,-0.003300904705524292,-0.00590266815185468,0.029189431323363532,0.030877893912475026,-0.006473018620730026,-0.024450443142671193,0.003239232684795657,0.007189452750114185,-0.027171769148443797,-0.04643134401383229,-0.0129156942415476,-0.013913825365305634,0.006020808482190529,0.030141908524019417,0.010772686422743103,0.01614074801799535,-0.010905254660963815,-0.030200187583192022,0.00020206563544515117,-0.0011416451122351992,0.0023374561818982264,0.005541058117516305,0.013005754277909789,0.00999380734492113,False,16,-1
833,833,4.9311607199853045,2.040683103835063,27.8767406351762,0.7134009451364751,54.89885272643051,2.8313302033270014,29.192948995350996,0.6435820641483972,31.879688297535825,0.6864305741646155,40,17,0,-0.003407453937543139,-0.006987780664160209,0.025906605247531814,0.02872946560186589,-0.0062946459287429165,-0.024675934243404793,0.0016511998802256089,0.002531295090866268,-0.026942148368980637,-0.048540222715630986,-0.013354759995943944,-0.01358399342396056,0.005909118404452761,0.03603710451988372,0.008778499345759841,0.01009552332898578,-0.010804617040945848,-0.033332167004778125,-9.943106755960546e-05,0.0003389945674152383,0.0018370728506017903,0.005677867777311631,0.0070071356589629106,0.0064418350809308895,False,16,-1
834,834,4.92410239197491,2.043866269429477,28.718692973466187,0.7493937779176053,54.8147817893067,2.8190918691857125,29.982634048236836,1.0492464280187637,33.33891786921053,2.009367818889198,40,40,0,-0.0038958685463717745,-0.007821482697024859,0.026205790269160815,0.03009595754721681,-0.006158275249914252,-0.02488973203391069,0.000917766008195581,0.0007950236479862542,-0.02777879011620018,-0.04820773745271158,-0.014538659030097918,-0.014320779357466248,0.0060023121677575,0.0384479329560768,0.01701975054799224,0.03425815652400597,-0.011478508109865098,-0.03041840512612293,-0.0024978619366681715,0.0031928339537490957,0.0018128739838250152,0.004166136605186979,0.006280732274765015,0.006789354708601569,False,16,-1
835,835,4.916973343409643,2.0470828052664887,25.351267717610316,0.6468593257483731,53.049699340210196,4.246518109483191,36.37783698721834,2.5205623356867597,40.29334960063918,7.2187297231870104,40,40,0,-0.0015390487767308028,0.00041496551447037927,0.0327116755413366,0.03503917405556207,-0.009042082806104237,-0.03745547171995424,-0.0027825923380870696,-0.009258526790840873,-0.023633849501939978,-0.03756575624081335,-0.015670050638940853,-0.01760937208439408,0.007363592422987857,0.0722812029977007,0.04098270451408577,0.12268523076907457,-0.008106276103439823,-0.009192243103572993,0.0037254848326787405,0.00922166059025425,0.00274334533110497,0.013567266474171554,0.015551353334430263,0.02714639550086989,False,16,-1
836,836,4.90989362986613,2.0502784461677743,26.225254774411308,0.6610912891403534,52.736305579596134,3.5265037207996,32.215509938057984,0.9028282533187112,34.89492113100108,1.0224629088305162,40,40,0,-0.002498410936995943,-0.0016847871780595975,0.029222371721465985,0.031881016369367916,-0.008289343811221869,-0.034641095344208526,0.002176461319588335,0.0024800324175246807,-0.024754973438726208,-0.039727495915331014,-0.013384882803592773,-0.013968026174191784,0.006639266256954906,0.05794048759717436,0.008603606724486951,0.012405570156710037,-0.009073543584727777,-0.016744155212793436,0.0012861498919732525,0.0018065106055784284,0.002592578468900135,0.012281082955926101,0.013138381934776112,0.012700183444084925,False,16,-1
837,837,4.902816422299842,2.0534740307872204,26.335621321848357,0.6955371285730917,44.415968111971836,2.6091158421066325,30.35490260958832,1.312212052744735,32.592780389852976,2.5766720143932944,40,40,0,-0.0009247788468317386,-0.0006620648398154294,0.026549934271111818,0.028563868650636367,-0.00974860598600777,-0.021923467145052004,-0.0015632383365482853,-0.0025379862056345366,-0.02444738055133555,-0.038622551466874946,-0.01463138368509211,-0.015490428246836387,0.008647740681900233,0.033052996102379405,0.021247466787594853,0.04426925381840564,-0.008063142759414726,-0.020109217501702643,-0.0005875493741302353,0.000957704785013288,0.002750937483388209,-0.024016608451788844,0.0085276502954107,0.007857717278958232,False,16,-1
838,838,4.895758069291211,2.0566620823619783,25.954582035434488,0.6478455895900987,54.8450256674523,4.777614772975341,30.434157256609847,0.8648074838444219,33.21086645616349,0.775225064680054,40,13,0,-0.0023280368690021614,-0.0011548704255262407,0.02725376485957873,0.029412713990663107,-0.008367732269932843,-0.039036007839885575,0.0038791350419193735,0.007570740517598314,-0.024458160798175112,-0.03850757336795112,-0.012977771003735677,-0.013436435334111908,0.006470091628829116,0.08173194879185773,0.006793507618186709,0.0094004960580131,-0.008884644745499805,-0.01073608022223771,-0.0009932021943821587,-0.0008047520795274371,0.00265520687995387,0.012557921579386167,0.013441827633267553,0.00969794653561173,False,16,-1
839,839,4.888720054254998,2.0598420519315126,27.125220975727746,0.7017093956343002,49.30845205389133,9.595190775483797,28.28281908762763,1.092876539885475,31.770978716948054,2.4871019449411893,40,17,0,-0.0011149677990929772,0.010872731815267546,0.024050502587655762,0.027230925453508494,-0.009919472271293712,-0.04134561029273001,-0.0023085376304676354,-0.0039452256317303435,-0.025221786805222215,-0.024569242079190545,-0.014702443158650613,-0.01588417395689708,0.008667315688575145,0.16322614418302395,0.01792863425494914,0.04220745344975003,-0.008172063081277197,0.030564362750019412,-0.0018683135707732114,-0.0014772911180911698,0.002843843510198701,-0.02164408799978346,0.006237160204568226,0.01003061178321378,False,16,-1
840,840,4.881672144473961,2.0630278395881123,26.159637295092512,0.6307714595559529,47.114573835875184,2.7155408096738607,33.20222239908598,1.5059693137306238,36.05054618330613,3.7794362452434567,40,16,0,-0.0011407032836042467,-0.004156040403386617,0.02963367898480977,0.03204460591017469,-0.009012069745697422,-0.017303431066566354,-0.002455826617857302,-0.0023696628819691924,-0.024531775686408328,-0.043624553513201006,-0.014771647087804193,-0.016345329914140696,0.007048737102894152,-0.007649502306515888,0.024425288872479085,0.0651315346841878,-0.007891190670543804,-0.038882748718503085,0.0013417235807586618,0.003698838385426245,0.0030402878623923607,-0.02599836791558818,0.009615620678434012,0.009767248681616538,False,16,-1
841,841,4.874604867736869,2.0662237430164194,26.726067872844553,0.6448812393548717,38.67501735339845,3.554852447874007,30.948018736106988,0.5027836837465869,34.549442278212325,0.6471352868253887,40,40,0,-0.0001609824476161998,0.004667206898331661,0.027800339416451512,0.031663927799432535,-0.009592085403740314,-0.01151765889921021,-4.559263399774418e-05,2.0319723022937616e-05,-0.024944913032576507,-0.036624004157591525,-0.013598489376847957,-0.013822417485979253,0.008015860823036363,0.025532808361135865,0.006212230981657982,0.008221606239709349,-0.0071016626788431595,-0.010401775153753293,0.00364880410409041,0.004652816866429685,0.0034632587342975957,-0.05558166758362516,0.005009899080423542,0.00619075211729926,False,16,-1
842,842,4.8675399291187125,2.0694196491772416,27.023035846780726,0.6650474669980596,46.74452274645968,7.526196187953035,34.60083060459084,0.7581701575078461,36.21362533723018,0.603701210714104,40,40,0,-0.0006049469403063899,0.011238081326426855,0.031794366953060024,0.033192846819794584,-0.010295627755412578,-0.03741220245235358,-0.0011148124249212134,0.0009980161413966375,-0.02497756102380271,-0.025672612694445644,-0.01360488521961859,-0.014445260255337851,0.00824620090795297,0.1265002256072366,0.006241188373933882,0.006645113053723366,-0.007403504462977428,0.02484010990913736,0.003684543026179462,0.002195980365276028,0.0034520953403570412,-0.025205118378981012,0.01107124659241006,0.007876517676818278,False,16,-1
843,843,4.860488321544968,2.0726104238679035,26.84300470588171,0.6392223850226575,37.58317742438781,3.9738212203626864,28.824273747904254,0.5720525517094831,31.292005877157685,0.6744541746416626,40,15,0,-0.000260002861927153,0.0047100948914533414,0.02466852486490538,0.02748852606329342,-0.009241903896342347,-0.013703254895630734,0.0022471680823462487,0.001543636941924932,-0.025200526036623712,-0.03467752927605845,-0.014739500456031462,-0.014872382178899052,0.007636226254618344,0.04107952814037475,0.006721882400976118,0.008948267648920677,-0.007323459315619144,-0.0064116729810295425,-0.0009549549902305543,0.000872327812482068,0.003538823462107654,-0.05551264899539515,0.007320424715336242,0.007598321606301755,False,16,-1
844,844,4.853456338599225,2.075793332348162,27.46331805286013,0.6380978065186501,44.5305605477049,7.187443593392608,30.949148842857078,0.684181297294553,33.20202724663553,0.7604227547889136,39,40,0,0.0011127447283702544,-0.0016237788598881002,0.027399517127030166,0.029583207470328794,-0.009688423907863194,0.012049905897268355,0.0005567812904794512,0.0015502418947262156,-0.025673528776223618,-0.042838463240106664,-0.014380760407484514,-0.014993505231320882,0.008637829751748973,-0.055735567872177656,0.0068702109607013465,0.010259007273249406,-0.00560736811972337,-0.043406842777022614,0.0014523615735411307,0.0015672045149227262,0.004239815146662239,-0.10366160803408891,0.00965833807530751,0.008272814464576292,False,16,-1
845,845,4.846415386136955,2.0789813774928643,26.316362712738975,0.671485029507251,54.044428320622885,2.5533213515531856,34.42482552691081,1.3646500902824392,37.40383235136455,3.3920544888334287,37,40,0,-0.0018025967965107738,-0.0009306415765063473,0.030686237498255314,0.033418046636501615,-0.01000329519819694,-0.03612630707905844,-0.0032517650451878,-0.004556034271596901,-0.024274177151767214,-0.04018487371622058,-0.015259405782985585,-0.016171684676793033,0.007945846277077256,0.03980843007074096,0.020779050180939333,0.0568998507361288,-0.008319245396831286,-0.018888643342605017,0.005089900996894881,0.007534007308461546,0.002236802346068554,0.006666788008247488,0.010469184487488072,0.014511512812692553,False,16,-1
846,846,4.839392443970937,2.0821622287697745,27.156267661673652,0.7161416254884704,56.696322596501105,3.8058313896341436,36.54854298408895,0.4330353347179343,56.551072172867556,7.9422281231093965,24,40,0,-0.0030201664217488523,-0.002105640198451526,0.03360107427755046,0.05564329616339486,-0.00891073169286315,-0.04018110692929461,-0.0013253598654284755,-0.005977005326926647,-0.025474307228955356,-0.03994393472428298,-0.014318073295015825,0.008131590453010533,0.007132574290004728,0.06323266462435931,-0.001760682430078774,0.04851200576302681,-0.01000511897466877,-0.017967177486254555,0.007029521132621558,0.12937134491419586,0.002291224809254132,0.009539222385263103,0.0021465244180538913,0.011162385277170301,False,16,-1
847,847,4.832382941838733,2.08533796636949,26.01253995683092,0.6699372544844447,54.698949906932626,2.9746276147813315,34.13721350451604,0.42205014956945813,55.83706389045881,6.757761636265979,31,40,0,-0.0023338113038530624,-0.004841268746641796,0.029300016823720538,0.05552843317135315,-0.009270274121974904,-0.03262841369731733,0.0014362128256989613,-0.005762528762217566,-0.024192304096699334,-0.043633975952698016,-0.017458397770182214,0.0010789234015267078,0.007167108689341367,0.04212947468347468,-0.005651251738792542,0.06610249024033346,-0.009021124965024932,-0.030074570974695104,-0.0027849283357334405,0.09417204579964765,0.001992236536371725,0.004000899702331371,0.0038167932364768253,0.025945222369543247,False,16,-1
848,848,4.825370163697185,2.0885083383946914,27.826424161203295,0.6061754124292986,42.82601872968271,5.816825220860351,40.822770622906766,0.8806247347643376,87.63203729159929,12.91009613780179,26,40,0,0.001563845886666296,0.004413675083546766,0.037706974177485544,0.08218699100186143,-0.009992341490276002,0.003000330042076338,0.003814476354574558,0.0010503471847662666,-0.025923297999746565,-0.04249218012917938,-0.015170117661023264,0.030390282011321466,0.008009744145686712,-0.029514414316539755,-0.011960667614934004,0.03714372393576922,-0.005505691655680822,-0.034034103140662665,0.009320329492541845,0.22213844682697403,0.004178829008351588,-0.09098048344773879,0.002510911008063282,0.006754031698471505,False,16,-1
849,849,4.818347183296466,2.09158802083186,27.315902071471026,0.6649815209474278,37.75246851713637,5.380005060256032,41.611977454675674,1.111853412234533,116.44101685311685,12.833062807675118,39,3,0,0.0004927554818328333,0.007816103422019464,0.03760198509848501,0.10972895288656287,-0.010903543778821889,-0.02050884038951919,0.0006531674492882583,-0.001992315772037777,-0.025040535758578196,-0.03071717552625721,-0.017810692199489,0.038911411977346676,0.008875037923703373,0.07587175025648098,-0.0188930076841291,0.020887686806186367,-0.006462414448946425,0.005630599503776673,0.004255823303884335,0.2229258746332675,0.003764685018314745,-0.05503416114965177,0.0012311658069730648,-0.005868610777645671,False,16,-1
850,850,4.811326911483151,2.09466777040809,26.865473971468077,0.6471537198842507,46.623955837244864,2.489967492376624,42.377432052590116,0.8920321768503467,97.66826858053152,14.844400220272627,37,16,0,-0.001824368237263732,-0.004543275887623947,0.03911141005738855,0.08412753962239622,-0.008717843184134917,-0.01992308686009365,8.716561079210599e-05,0.038325706981162756,-0.02534609600043613,-0.04190730857604026,-0.016313698319234474,0.03150853771591196,0.00668574094702869,0.007037033946850688,-0.014102175416619546,-0.08818006000518315,-0.008639431089179167,-0.03156671027580553,0.006557691239661021,0.23042992641843074,0.0028700682306225167,-0.02902812612694257,0.0007182863238908867,-0.07906116972839408,False,17,-1
851,851,4.804314221813244,2.0977452092227287,26.439769277758803,0.6260857287091628,47.76570537505354,2.6012486413614524,36.88733849461754,1.2580231870227414,85.24666497264366,14.736356473463571,40,21,0,-0.0013297216389811196,-0.0007981652837964854,0.03215721971411645,0.06910346018739798,-0.008596510385325289,-0.02521342483697171,0.0033195829143748065,0.04503571214519683,-0.02496784430059868,-0.04056117293849549,-0.017764271185419466,0.021528825111041802,0.006730949152005116,0.03521039626272372,-0.021876149247282175,-0.16103311320958802,-0.00812810591650066,-0.021575603172679824,0.00182339794609473,0.18674023833596717,0.002834284964504003,-0.018865668198517736,-0.00045127316589433367,-0.0731245532244392,False,17,-1
852,852,4.79731794682435,2.100816235450541,27.40933126057362,0.6347603855772822,44.535369366546334,3.5266837258178345,50.06808622360426,2.1715999776352843,137.3565714120281,12.291264582858641,40,2,0,-0.00031271212560849467,-0.00025554947707212257,0.04634105190146783,0.12742069364705672,-0.009865942862206652,-0.013829276406122987,0.002059791780991124,0.005313919475486587,-0.025570233137733205,-0.04233302414383518,-0.018843498204385963,0.05101526046565423,0.007357655095248363,0.0009160878835900279,-0.03385204051879289,0.004302842433624232,-0.007100292630076741,-0.03180838973452438,0.008976526104311246,0.2139229709960044,0.004264672839296874,-0.05268838302608782,-0.014491042524297842,-0.015446070364203356,False,17,-1
853,853,4.790329898026439,2.103884726496639,26.66461465303747,0.6578764382587121,57.49625764901803,8.639679792342749,40.47537893869716,0.8661483092573856,88.83575277252562,14.144129271887916,32,40,0,-0.0019033473707731926,0.006841061125882229,0.03716095695286579,0.0760563937400895,-0.009600562596272745,-0.04947995846989697,0.0022073242813505974,0.037617095405433565,-0.024803389712218772,-0.02847372887648328,-0.015888590185895834,0.02630912532130771,0.00745063163933705,0.14976626597432205,-0.014193911312381534,-0.13006702586558583,-0.008527770778017772,0.01600162278812113,0.004960561347943349,0.19708317316770668,0.0018984367048640008,0.007203937121470584,0.001566406306695272,-0.07198231617168536,False,17,-1
854,854,4.783350801893062,2.1069506311159754,28.68907892579603,0.6899954593385684,40.721949174872215,9.263749282271984,41.440802287428205,0.8437484198249471,90.79368643103278,12.828809033943216,38,40,0,0.004108271867241281,0.008982072287168113,0.037967896149372786,0.0866429570831053,-0.011753693770360882,0.014707489574682271,-0.0012618719828203808,-0.0023156973480501757,-0.025846393068046602,-0.03689565384214752,-0.01655858192343569,0.02703939772672673,0.009690165461867684,0.025225035787732303,-0.011230562491557636,0.03854965652007922,-0.0029016434169624582,-0.01936831997064858,0.0034835884171145986,0.2204517555709236,0.006535105477500094,-0.15852423893114564,0.008865646644016888,-0.006955365263796334,False,17,-1
855,855,4.776400859166868,2.11000519501512,26.40674725847762,0.6349237971737464,56.98876031349265,6.485934932430753,33.66779462148366,0.44610269096097577,37.001001725063695,0.649879076297266,33,40,0,-0.002420492063588176,0.0012051501659908793,0.03025825725549229,0.03368480600275887,-0.008794281665983837,-0.04685434767931892,-0.0010284294796739737,-0.002151911705214406,-0.024781406919756645,-0.032418151068369525,-0.014727545462166777,-0.015158405233652647,0.006622044268306769,0.112481649256574,0.004104591468653773,0.00590715035207854,-0.008741631758806042,0.0022322627853136046,0.00022298859834743153,0.0008661680790552107,0.0015913153756656846,0.01254367533675392,0.006612396683914531,0.00964408138625532,False,17,-1
856,856,4.769428882523462,2.1130708817916095,27.355897796808428,0.7219011288894918,54.334312549886725,4.335206074605635,31.39934885558035,0.5786710232315856,35.04593142467898,0.8631063117523949,31,40,0,-0.0031451832834554433,0.00029232137565770016,0.027316257885343143,0.03125867539439796,-0.009604297143674462,-0.04164452377722414,-0.0031961602388874176,-0.003384174510648474,-0.025420669596981648,-0.03489793271599801,-0.015150106383231065,-0.015480952325113546,0.007004449383091061,0.07524237396602271,0.0012914295865930903,0.002867065620720848,-0.010129169533108547,-0.006776806676766486,-0.004016284675199871,-0.003690464315787574,0.002662013007027649,0.00420040540309439,0.009176377436975157,0.014320821132705941,False,17,-1
857,857,4.762489038008592,2.1161242336436494,27.002435447787924,0.6217945194806248,52.3305968208073,7.914641103833795,32.068653878689645,0.49952599247505575,34.33023437030052,0.8235898892646089,29,20,0,0.0008531832273847254,-0.0017019984336780535,0.028345467642040302,0.03055272701815498,-0.010081642203591978,0.018154448330241508,-0.0010002177954493636,-0.0018243385931570933,-0.0250352569184184,-0.049051101626551026,-0.014964377371174158,-0.01554887945709863,0.007889847803811894,-0.07890404290477328,0.0015080173379201332,0.003936277851073596,-0.006083166555224069,-0.05340955204884388,-0.0009586741288584528,-0.0012261707000311255,0.004303386964719538,-0.10001638469668747,0.008533279560816894,0.013770414338576176,False,17,-1
858,858,4.755563735079471,2.119172990918114,28.037373016265967,0.6366481988128256,46.92870850356183,4.805614411143812,36.901715575555585,1.0092573119897723,41.27121629847971,0.9788350887162917,34,40,0,-0.0005718576804766562,-0.002450416362904518,0.033823802983019326,0.038670153123005514,-0.009604848754818466,-0.0054210448008058625,-0.0007030301747737965,-0.0014673638549044785,-0.026334656725379598,-0.04655009575423387,-0.014737459508288813,-0.014345012914477404,0.006980175804177905,-0.04082198410656132,0.0012596744815878806,0.0018367788483147976,-0.007566280767375827,-0.04168827336061768,-0.00028498742506684777,0.003284037139784831,0.004182864650602814,-0.060253355152390435,0.01756745297958943,0.016664357665784738,False,17,-1
859,859,4.7486127434700345,2.1222350107897725,27.519264768241015,0.7162369966260176,60.09266697556449,9.021775190817054,32.64217349712743,0.3337714378227936,36.01414510640864,0.3806471041828475,26,10,0,-0.0024326701679656814,0.007963047673002835,0.028830623414706765,0.03219488846403447,-0.010501874760907528,-0.054390488975905274,-0.003681350337137394,-0.005469859603662194,-0.025320005445194013,-0.02427742171144849,-0.014857802792848911,-0.01518513880246283,0.007806496168962429,0.15578291460064286,0.003184711805541951,0.0028551741891173657,-0.009505360817975587,0.02222281327588057,-0.0025246945149771187,-0.002341220192959208,0.002230264369629248,0.00560190792372698,0.004173599917459122,0.005522984874928689,False,17,-1
860,860,4.741653370102143,2.125302722035596,27.317776250673564,0.6074371193679031,43.595906413826434,4.711413780496729,34.07761392159071,0.7408085333935802,36.306320963790554,0.7750337739134611,28,40,0,-0.0008150414033004571,-0.0008959145600574191,0.03045658013606448,0.0325985702143906,-0.009077732305580415,-0.0033007931673240502,-0.0015631394741330385,9.936563878150388e-05,-0.02575250246055696,-0.043461536530715716,-0.015206481907031716,-0.015983500504365516,0.006241765270967257,-0.02923421854349672,0.0010243321578420974,0.0021446190882635115,-0.0076757779828682685,-0.036450432732027055,-0.005823860495551984,-0.007525898130313603,0.003810576037077113,-0.06766422369734856,0.01149811310335251,0.011033505834273196,False,17,-1
861,861,4.734720721177121,2.1283603736535666,27.72815660236354,0.6620562704030869,47.302492718526594,4.168016986358887,33.207347410678466,0.7322272210511368,35.772484988007065,0.6958672665056258,40,40,0,-0.0015297172928236554,0.004054128006476553,0.029344123756246968,0.03217841212638675,-0.009870207650204457,-0.031092726873827782,0.0002422958247326202,-0.0010261842294797944,-0.025866766989925093,-0.0354165526137555,-0.015543217677330315,-0.015593826379973696,0.00739601690775757,0.06393489924570249,0.0013989881343637435,0.0022179487467889735,-0.008379909191444154,-0.009184579258901246,-0.0023708741051712908,-0.00031127157547648993,0.0029318096691338036,-0.03346486734634545,0.012479762005830631,0.011936879328710305,False,17,-1
862,862,4.727859430749079,2.131388112203735,28.0347858569722,0.6079422138187839,47.27438716596089,8.316960292579278,35.91862062360249,1.0507582315762296,38.635289627876375,1.0725745283829542,29,19,0,0.000984600621804067,0.0005774347502341673,0.032457780819993,0.035165175923357106,-0.010183703943632261,0.013932489339081455,-0.0029114977409023177,-0.001227311367495334,-0.02610118682455417,-0.04517100831111445,-0.015105063808150477,-0.015955867689237534,0.00742075663610047,-0.07400972501765185,0.0028642118987246635,0.005169360219150183,-0.0058662067336655455,-0.043230769177200416,-0.001469744683443012,-0.00299575044348401,0.0048067327297394834,-0.11715205982524814,0.01805441938573605,0.01774091271711608,False,17,-1
863,863,4.720896818036592,2.134462342486064,27.368525146817532,0.6362417592705494,40.87010347937185,4.138919440136518,35.146137575597784,0.41132921650325394,38.0993306937956,0.570005310693658,31,40,0,-0.0019302760423054203,0.0016661033461394794,0.03158141993108178,0.034535618782489064,-0.009004852502434647,-0.01960622298550299,-0.0018485565044937503,-0.0025226524642387024,-0.02577252091903083,-0.03582157838925136,-0.015311686401870016,-0.015889816209461144,0.006383114278376415,0.05311095447379744,0.00161489644545259,0.001263678801580422,-0.008658224456531482,-0.009168700919024435,-0.003463756206159458,-0.0034778775270556746,0.002757031426021815,-0.04809841056905907,0.006077273149634457,0.009234691532612313,False,17,-1
864,864,4.714035979345512,2.1374933709105797,28.2478863594973,0.7282494692354307,58.00672838714603,5.682340607568616,33.081595577476854,1.091366326346295,37.39555647240304,1.1804940350503057,32,18,0,-0.003210293274776991,0.0019844077176958998,0.028499766138279033,0.03370980043895982,-0.01026594430769877,-0.04831249166934629,-0.0024922761063330074,-0.0032330233742336274,-0.026119867693773304,-0.03204287460402744,-0.016611557898792685,-0.015862678150547222,0.007302733411154178,0.0986579495564492,-0.0008098929836859772,0.0009459658463380587,-0.010158898173272585,0.0005170250221869371,-0.008767265567565206,-0.004703949351866394,0.002240512336786529,0.01010603542258757,0.016890914237636164,0.020037029199511194,False,17,-1
865,865,4.7071012194504585,2.1405585270969705,27.21565706745467,0.6537216149572216,46.02983245300638,2.586923963939461,31.55566393707431,0.7215548122889975,34.42616727941507,0.811373746826904,28,18,0,-0.0021511507608994243,-0.0006321355732283917,0.02688470863670409,0.029821191095788346,-0.009265419367619657,-0.026104089575288567,-0.0009147840397003047,-0.0009457966222069667,-0.02549934399076407,-0.037906759129661946,-0.016496531095651915,-0.01717448758851816,0.006337240742991455,0.03075910615304887,0.0013183217404664248,0.0013567328093270106,-0.009062022678707971,-0.01777020049143413,-0.009159911774426658,-0.01046069919283547,0.002810333262055849,-0.027868452158855285,0.008541338763484766,0.00944833473992181,False,17,-1
866,866,4.70021776957802,2.143602632394509,28.12891538699588,0.6571894401115985,49.62589450687173,2.5804148022955657,37.61036388107888,1.0796786855187381,41.228087753512796,1.0515520874856135,31,40,0,-0.0017206980812763326,-0.002608085580013763,0.033923964446718205,0.038105603466939496,-0.009821508809806234,-0.02213363684561585,-0.0029831489094933688,-0.0022284158111507656,-0.02630233912907299,-0.04433993025705929,-0.015962610377652856,-0.015580512417899933,0.006850233438978868,0.005909543101817134,-0.0005086458103792517,-0.00034775018024952204,-0.00826177197022595,-0.03253525075537462,-0.005361543721757548,-0.001446337905924442,0.00404735320783636,-0.030575189305700995,0.01805794843811273,0.01829266193487448,False,17,-1
867,867,4.693272096699061,2.146675744453774,28.001656298709612,0.6214103002556952,36.18892236358823,6.950503525463799,33.5525856651951,0.7781571421718478,36.457186673701614,0.8452663208862249,26,40,0,0.0010149142200156069,0.008298999452854446,0.0290105960517153,0.031886866519762226,-0.011060147873345135,0.00549962193924693,-0.0032449584165621546,-0.0037127876654314156,-0.025704782310239722,-0.03479251167197752,-0.01654181267029823,-0.017279161190966813,0.00803298138173943,-0.004388369696909377,0.002424546850705481,0.0009262991293892635,-0.005847113174296719,-0.011716556625170484,-0.008929824277043306,-0.01011190573195503,0.004348646478212249,-0.12066225394569473,0.009941546749684166,0.010702004955517387,False,17,-1
868,868,4.686362234366651,2.1497347137164726,28.105689725754356,0.6805889719970896,54.63150148629663,2.2239820186677117,37.48876705164746,1.0660858316959596,41.98711401582539,1.3118157703327886,35,40,0,-0.0028458209814381393,-0.0032293451970884426,0.03373666979017826,0.038550329030273986,-0.009789421010763128,-0.036157992294566565,-0.0033172723691466247,-0.003887780736817129,-0.02619156990667054,-0.040826117589985673,-0.016007512940805567,-0.016176372769504566,0.006501312788171582,0.032209920328334675,0.001470573007906782,0.0013111067208545764,-0.009435134138038793,-0.02151798256575714,-0.004440930853929328,-0.002600102304768433,0.0031321519027636712,0.002482834302976803,0.01800902901356336,0.022709570396963377,False,17,-1
869,869,4.679379039299125,2.152827929631283,28.26619282550591,0.7401648477965431,57.587619457260196,3.7257431040988314,32.58664307553145,0.9361017514033813,36.41746730889918,1.118852791470791,37,40,0,-0.003402758693684109,-0.002101385744267675,0.02770603564525672,0.03167092632236011,-0.01047076630216326,-0.04523509863305775,-0.004830460619818347,-0.005597633316619246,-0.026033861472450095,-0.03557673318849748,-0.0164599983583301,-0.017083642829650008,0.007446100531621383,0.06253066744068317,0.0047025994315453516,0.0036711655115939388,-0.010261068811683077,-0.01117770668929001,-0.010696414230745108,-0.011314473846884214,0.002479693534181681,0.013907485628473042,0.011419475051767047,0.015486604789478376,False,17,-1
870,870,4.672398610336452,2.1559215884016285,27.746480854622387,0.5952825253340333,46.9700383851264,5.190748965776085,33.78875503847554,1.0669926218773729,38.50045025872884,1.000984501397197,34,40,0,-0.0010808901826440324,-0.001519108181905678,0.02919379311937039,0.03483100136428512,-0.009479142246841966,-0.0019243734037724912,-0.001514896353388964,-0.0006704778895486167,-0.026054649076376488,-0.046906008178428146,-0.016944246793292334,-0.016390133418787294,0.006208089827321339,-0.03615265635846936,-0.0007441091459168998,-0.0007630325038303608,-0.007402651687747558,-0.04317184189801159,-0.008390048604389317,-0.003188813813675385,0.003821647417681505,-0.07097007209959685,0.01660879801406767,0.017160033666796904,False,17,-1
871,871,4.665448996636231,2.1590029238502098,27.000203072984455,0.7253432665071129,97.13102955067858,19.871871950107867,33.79454204169383,0.8251859270996599,38.95287389500206,0.7278128729947735,38,14,0,-0.002931425030304815,0.01184527060711413,0.029649792178134644,0.034812716152266866,-0.011963468596795531,-0.09587677655346996,-0.0035428344908079524,-0.006723208989683681,-0.02402692515507527,-0.010088120911994729,-0.015824323662386935,-0.016130704871848197,0.008344428522243253,0.34487260515441953,0.0022129760206070596,0.002297317243188952,-0.00914538976283562,0.033946720709076825,-0.0060631024281544,-0.005153956788553819,0.002645476342871039,0.014187095748048955,0.012874984209527993,0.011380616725682835,False,17,-1
872,872,4.658433518415174,2.162114582351584,27.186861146170163,0.727433924787331,83.02021336150389,13.200282088005153,33.212015094162055,1.299569706501975,35.82597378790732,1.387783685234457,32,40,0,-0.0035498529891383732,0.0017609876443804772,0.027863228844718813,0.0306912005297048,-0.012267316715276673,-0.07920354481629951,-0.007404732574269727,-0.0071177415190757775,-0.024000768807347313,-0.02482041977159941,-0.016487824612884103,-0.017055449673488387,0.007793986288059393,0.23022207562632804,0.004551071474117896,0.005488504127509247,-0.009287142752094406,-0.0001683324996147803,-0.010432004113487986,-0.01160141953252234,0.0037675119254269524,0.008750733103342625,0.01961947348239861,0.020541649015154345,False,17,-1
873,873,4.65136784142697,2.1652496431950965,26.34299783834242,0.6695153771069896,56.28842866174848,5.66509906583685,33.743473966374815,0.7505921184647314,37.21297870695484,0.762201908108267,32,14,0,-0.0031241314908996925,-3.645210952504113e-05,0.02920340199217922,0.03293505370214707,-0.010985164411762163,-0.04894734344890197,-0.0029130339826413873,-0.004069116970817954,-0.023738565676658652,-0.02779466570670877,-0.016652254514586733,-0.016838358261979235,0.007351410320129297,0.09872508754538299,0.0012622903279122214,0.00041264816009123573,-0.008844207322942922,-0.0050606298324290325,-0.007880110223008096,-0.00666425851938647,0.002069245632490744,0.0019848929453780105,0.01038886162338771,0.011505885563467235,False,17,-1
874,874,4.644366177843648,2.1683575753251056,27.51572830917937,0.7455606338771159,72.97487041465723,8.94145112618291,34.610620734249096,1.1881993075003145,38.43345735961687,1.216313115848654,28,40,0,-0.0038496322316849563,-0.0005891312107621973,0.030222618683887464,0.03429785966829134,-0.012066121937391278,-0.06790625598321981,-0.005645986825232653,-0.005513215733627053,-0.024427532365291264,-0.026715632779216493,-0.015893747835789677,-0.016443598117874613,0.0076825424647070815,0.15538351277525553,0.00010579583685211603,0.0021283154337235393,-0.009777172589808163,-0.003337772059045202,-0.006502107792566517,-0.006590717032468424,0.003835397902146207,0.014101359291564568,0.01969201955852591,0.02006711472104866,False,17,-1
875,875,4.637367431947784,2.1714657985153982,26.984726008742246,0.7151812685668315,65.85860431204641,8.201168595826571,32.121798890077166,0.8900657352215436,36.12882249531807,1.1639774170707486,28,14,0,-0.003816752818639274,-0.005481542634566091,0.02734169074559924,0.031500867654597565,-0.01136952001493323,-0.056819770020470894,-0.003593894680590533,-0.004742259206292509,-0.024173163845850467,-0.03284542870928813,-0.01647197110644013,-0.01704400567724805,0.007500479667041846,0.14136848427536966,0.0026670750300611655,0.0028357583887987604,-0.00964185540798776,-0.02242986580068196,-0.009233675033958654,-0.01018007019173316,0.002566016486828268,0.0004080201984377335,0.01220446879496104,0.017350318565857913,False,17,-1
876,876,4.630367645984496,2.174576090032184,27.06638730735881,0.7010454000790434,79.29778023683123,12.854433180604374,34.422185995091986,1.4565712706212934,38.68203718102071,1.6497868286314183,40,40,0,-0.003179147945198567,0.0013131128694822839,0.030425866315461396,0.03479600813831121,-0.01146292423926903,-0.0756210888696487,-0.0031431847300551824,-0.003998214618084351,-0.02431221314687892,-0.023829909845601085,-0.015788411490302835,-0.016418041843660428,0.00708207600238462,0.22418155981043228,0.0011963394136104853,0.001033702541438771,-0.009156635319906011,-0.00545223598940691,-0.011057643426702915,-0.012586495669609466,0.0039634484504524736,0.006841282543256473,0.022859868131240944,0.02587698276801188,False,17,-1
877,877,4.623376759338242,2.1776838274751977,27.097384738488977,0.720816665370597,71.42485350361613,9.477762239886975,34.18017809211285,0.8884802765464029,38.13740227603456,0.9469670670386143,35,13,0,-0.0034526427816487758,-0.0026746220042887896,0.02948784497120542,0.033558372826898206,-0.012304035920951646,-0.06592388832964602,-0.007474525640842662,-0.008223508577560597,-0.023894732004020373,-0.027356846357860086,-0.015584705316658757,-0.01614530805682484,0.007893864076713924,0.16426292328727943,0.0050475122095365735,0.004530766699141054,-0.00940231163916281,-0.018044991722881935,-0.010145943571687318,-0.01032534407563247,0.0027487358685874307,0.007432153680906332,0.010585206107465585,0.012084041801867633,False,17,-1
878,878,4.616403341200701,2.1807850182500053,27.454719002765952,0.7048174438770893,65.9682205028943,7.075019666982976,33.093115913722336,1.4196982807640781,37.95205655149,1.5126837625700063,35,40,0,-0.0041774591178352395,-0.001192336888099263,0.029043288441056126,0.03428701334406856,-0.010970987613022861,-0.05961267732463096,-0.0018617533896972435,-0.0024607345711947517,-0.024818296912450542,-0.028226107617827716,-0.015753589804378847,-0.016084281078160956,0.006531978908264042,0.12292629195512292,0.000960184809425392,0.0009852646699416501,-0.009884357324668063,-0.004927917419411849,-0.013584715321834707,-0.01402601729779671,0.0033101065328382906,0.010618026220281998,0.02070031705963111,0.022345679181540287,False,17,-1
879,879,4.6094278421047,2.183888702950914,27.17046281287572,0.6979636179166907,86.5498653715028,15.938946279762003,35.80880720269967,1.0074644269333028,40.48914356218241,1.1636806057825186,34,28,0,-0.0026158047699150412,0.006864418032842016,0.03139154686122064,0.03602830499546897,-0.012719437339584186,-0.08447477784935858,-0.007930098738249531,-0.009663161688251683,-0.023866451949042272,-0.017543399562147875,-0.015295587368307155,-0.01574659619534291,0.00808435785517799,0.27811586824823226,0.0036100499007518123,0.0035238451269260875,-0.00851781870319884,0.0038684385082710868,-0.009796717932183415,-0.00977006166300034,0.003238097754764949,0.004965591695351428,0.014148280417631914,0.017453563163263103,False,17,-1
880,880,4.602441620763594,2.1869988240963028,27.171793187508943,0.7197371031917871,57.56315877058014,2.516006527203199,33.77447583315046,0.9465027108567182,38.20824274961538,1.1441640425625377,30,20,0,-0.004034525486222233,-0.010747940225249266,0.029874524870078415,0.0343418740544046,-0.011625211438451317,-0.03570292947913285,-0.004387956730828728,-0.0054057200240572945,-0.024225676629086777,-0.04385544270862571,-0.015131880825578344,-0.015851930212641436,0.007229793798766312,0.008746202164100143,0.004423243992432928,0.003528162985404237,-0.00998779236705781,-0.04302704228632798,-0.01063037213679948,-0.01225470849976838,0.002402593866346162,-0.0007027334075742318,0.011845966025978538,0.015367247935189792,False,17,-1
881,881,4.595447195229864,2.1901143791873903,27.640485743865764,0.7169700254879255,76.15102477520708,9.833299551564895,34.052092787449055,1.10137803949014,38.78937694585628,1.0623119675181234,31,40,0,-0.0033321603172200473,-0.00374568792395083,0.030041395434234754,0.03483400691169669,-0.0120342343093892,-0.0696116475420684,-0.004372787903444444,-0.006468877933306195,-0.02465908279648516,-0.030645830430409512,-0.01542524909103478,-0.015791179329219775,0.007690685209650885,0.17017779422165574,0.0010389943225763204,0.0009523229131426262,-0.009437178228955494,-0.020526862383200138,-0.009978979079504506,-0.009162312564624523,0.0028948919785851115,0.00853088911810845,0.016396695654038115,0.016090615702275688,False,17,-1
882,882,4.588434806162664,2.1932395736257897,27.63876787785206,0.7197367771656559,77.94430885742445,10.481205234478276,33.97416247337483,1.204731538401141,41.59673231466031,1.6008476534660219,28,40,0,-0.0037011482103257963,-0.00597346267475204,0.029435231229140744,0.03685212208064482,-0.01231132145799012,-0.07034759173049164,-0.008242192968292114,-0.010349539476863378,-0.024467005449973257,-0.03302800879034313,-0.014828254561064317,-0.016281777237992248,0.007446991547351344,0.18115911775143706,0.004831070274498134,0.0036064685981163015,-0.009581633380785652,-0.024971397959644887,-0.013041940586590042,-0.019844144844454424,0.0032454349042648632,0.004663904204517882,0.015769704863663584,0.01933521102049617,False,17,-1
883,883,4.581422085342933,2.1963665231806666,27.02786254249152,0.6814222742574537,60.14362013187653,4.7511862337804605,32.92935804205337,0.956308158300104,37.064658399481345,1.1965786880649645,29,40,0,-0.0037984766174455884,-0.005184973608349599,0.0292535684082878,0.03343882100370171,-0.011128610188829484,-0.050312034487514076,-0.0038889350908953473,-0.004527679574582057,-0.0243357959448138,-0.032543359952152705,-0.014609843952013103,-0.015334088490110937,0.006875625059503787,0.08065237257225753,0.002835796370615308,0.0034637969821786005,-0.009383680835633214,-0.018609454541062016,-0.012000498563123803,-0.013947566618017536,0.002473306383136999,0.005024615779145723,0.011248405596195773,0.01515318075992186,False,17,-1
884,884,4.574410975204787,2.199494242235445,27.815115954585043,0.7216558806761423,67.43666201742387,5.929311595519985,33.752341776523146,0.916917126434029,37.97576251834571,0.9497735622048741,32,15,0,-0.0039921571958046265,-0.006837149061282405,0.029844169850159797,0.03396131982526216,-0.011907860902000805,-0.055246168296197634,-0.007516956751317324,-0.009683045075384264,-0.02481826354178707,-0.03806333754880506,-0.013857902530789697,-0.013965168550508892,0.006663418162466512,0.09738355705916202,0.0043706130190164375,0.005992506174959946,-0.009981340589663872,-0.03467593314132243,-0.007440255119907362,-0.005429956838545012,0.003822637130074572,0.00483494392329052,0.01347751781114231,0.014470370394256969,False,17,-1
885,885,4.567416463682505,2.2025874121862374,27.252198191881238,0.7261854022006501,77.84586144737193,10.05886985555879,33.44154253573783,1.0372970422797254,38.62491585835667,1.093982998690993,33,40,0,-0.0037018548861040756,-0.008202150489626503,0.02968602021919366,0.034763745882516565,-0.011694174272149008,-0.06711403727606993,-0.0064933660284243406,-0.008842809383561159,-0.024335670625327148,-0.03857990244071702,-0.013961130625278617,-0.014323785096368481,0.007386594540825056,0.17039656837457623,0.004336330404684912,0.0053354549014785055,-0.010050496652885592,-0.04193275224055814,-0.012530198815815198,-0.012454675173546032,0.0022503964025606753,-0.005301615302576203,0.012326969521101034,0.013452871448491397,False,17,-1
886,886,4.5604314982713,2.205606282209316,27.826872049734202,0.71950271586782,57.79732862272892,2.115103959678316,34.13072387518426,1.1886137137837192,37.96828317679406,1.2166178668992886,30,18,0,-0.0040447099535854646,-0.006217733374557683,0.030953694522726564,0.034667340714142854,-0.011660307055458358,-0.043897443757528375,-0.006920015095294738,-0.007933201617562021,-0.02494017579801861,-0.037079447395575685,-0.012605098124119982,-0.013297756476107805,0.006704971723715876,0.02708220269218523,0.0023754561447042145,0.002949646982624476,-0.009986380832714928,-0.02336716331177556,-0.0077319629805271545,-0.008089448206857232,0.003607099189871509,0.009126126908899412,0.019103356439347637,0.019409859252848247,False,17,-1
887,887,4.55344951370925,2.2086257488951913,27.278291058842374,0.7063259373874814,65.15048882299013,5.147223477442076,34.073762898033486,1.0409037966158388,41.82469184599711,1.343342495243751,29,24,0,-0.0038518787210253696,-0.008105172737682454,0.03048183405618727,0.0380338016747894,-0.011250005027190884,-0.05164607318408816,-0.008449949405677433,-0.010254620594314555,-0.024550062735105415,-0.038878985241781974,-0.012667970068008414,-0.01405622761063807,0.006340282323417339,0.08274908004466265,0.005811941446205327,0.00622366146495379,-0.01008674669016945,-0.033491947717663215,-0.012325309741480162,-0.017909607697913832,0.0031671555062018743,0.010069039176335995,0.012014789878799184,0.013791851246904182,False,17,-1
888,888,4.546457086583903,2.2116522067068396,28.04075298895838,0.7337831649449233,94.73313858409385,17.383443116026324,31.894257115561736,1.1663969599427915,37.22001396818079,1.4437910220556023,27,40,0,-0.003407071456739631,-0.005071597285833739,0.02750989225684001,0.0330077026347169,-0.012869147332628785,-0.09117084157661798,-0.007858696695860163,-0.00895627138668253,-0.024679155966271252,-0.02522942910917096,-0.014095756496658533,-0.01468353531741481,0.0077611449853076,0.30221370351781157,0.00376004992533953,0.004748016200326367,-0.009642425266660575,-0.0267838211523704,-0.014866951951181399,-0.017200195009185286,0.003287214091577361,0.00020861076313974034,0.013388884964285535,0.017793104004092244,False,17,-1
889,889,4.539457189822369,2.214684115752104,27.55592721917332,0.6901011013735936,61.08029119700324,4.114638544830699,32.555718692588336,1.1302234810683938,39.97820948973225,1.348048722891079,31,40,0,-0.0038016942405471855,-0.006380750186079005,0.029817885983474676,0.03732839140158148,-0.011456472492551745,-0.04869646610213691,-0.00597154004580906,-0.006966466179874531,-0.02477146511285056,-0.03631449006852493,-0.011623648504180982,-0.012502670848259593,0.00626421846537357,0.06698115142457635,0.0032622548411177887,0.005052368767421724,-0.00973240554814737,-0.025021813519980306,-0.010817754428336906,-0.012485628942072082,0.0033332725854859774,0.006684562915594631,0.01616953101641844,0.019291039009095342,False,17,-1
890,890,4.532465507857834,2.2177140626344625,27.993897472418425,0.7264576997180349,67.07958628975724,5.5895503688021,31.632281181562362,1.297149271716068,35.668736999303015,1.3837311582989729,40,18,0,-0.003897160612013913,-0.007998673382641855,0.027606499571495996,0.031428582370470325,-0.011880607556038066,-0.05539977914710977,-0.008348806559462966,-0.010138481397851838,-0.02504638894052101,-0.036966966218155706,-0.012991528901214196,-0.01348014110658423,0.006793091689259109,0.09287347169884339,0.005239953125277383,0.0061112370619010115,-0.01009639983517902,-0.029758777644635675,-0.014410905150018397,-0.015109338796628003,0.0035602883699214346,0.0024734167227043365,0.01665583462561833,0.017821763855866517,False,17,-1
891,891,4.525494064932358,2.220737077670306,27.77603586508925,0.6946574271475949,71.566391628058,9.64719144803815,30.73590889191572,1.1878177349263581,36.14118174900447,1.2678393947072253,35,40,0,-0.0038885504436051823,-0.001466048008861423,0.02777824784387739,0.03339224518988064,-0.011777189162999926,-0.06707624330782722,-0.005073231421734183,-0.006144965798857278,-0.024853272606342593,-0.02490736231730386,-0.012137848453403675,-0.012384763813829512,0.006578044092599289,0.16811704084074577,0.0036090496598177963,0.002641405577590512,-0.009636696280182249,-0.006503871044772715,-0.012730954470948633,-0.00888477487536699,0.0032948799789045964,0.006677313377421572,0.015958872719272175,0.020093055741682183,False,17,-1
892,892,4.518477783821006,2.223781593744524,28.41692748791868,0.7418561420035785,71.05597863129341,6.63164144577216,32.93247047766372,1.4632664300592753,41.295131966538065,1.7591988469775923,35,33,0,-0.004086430599155764,-0.008439884175278464,0.029409128739540956,0.03764046666216953,-0.012037109908147488,-0.05903119424517652,-0.007719484893932544,-0.009207519320133969,-0.0254151694440759,-0.03863985714708258,-0.012651494438035598,-0.01427251840276471,0.006572193679219631,0.1093233302990244,0.0029580150065227784,0.00560664342481575,-0.010466789404731811,-0.036995893585088646,-0.016289783298456335,-0.023411372255739114,0.003859915786680123,0.00873966605754134,0.019445418047275658,0.019057735297584262,False,17,-1
893,893,4.511490283749373,2.2268157899650323,27.482736478505295,0.6784038879581368,70.30392071696312,8.049977582939752,31.46857993147914,0.7712898197380786,35.83298685687838,0.9646262329011261,27,40,0,-0.0037282747585175983,-0.010651599145365578,0.02836279785002549,0.032691818079306836,-0.011321989341587384,-0.057209405011430015,-0.0077541332374493396,-0.008369848791333082,-0.024763144570529562,-0.03944957137994847,-0.011211451233375832,-0.012049631071735987,0.00636078664907089,0.13435857595923695,0.0065917426611982145,0.0062779147917757135,-0.009470630804013138,-0.040816122204499185,-0.008675621885810886,-0.008864936701147645,0.0031689398101580214,-0.004655925190449699,0.007905425791823961,0.012862672367267625,False,17,-1
894,894,4.504482603589119,2.2298607382908826,28.789288295600528,0.7388462348245857,76.79947790563133,11.735007882135529,34.49561083296316,1.297845963498461,41.023351492592305,1.4058097992666878,32,40,0,-0.0035234169436725803,-0.00013422825238684592,0.0321643702773419,0.03855268300437464,-0.013079598202342752,-0.07288867428620907,-0.007854657551430683,-0.008711608965015613,-0.02540340064781711,-0.024194688469842733,-0.009680124283863492,-0.010986986397080786,0.007477601912171711,0.20460448494046518,0.006952662984858225,0.009102492462811666,-0.009676776022921045,-0.007208506097729821,-0.0059978389143850236,-0.008688576923533423,0.004090748550397013,0.005833691126713468,0.02070713042153935,0.02106345251257946,False,17,-1
895,895,4.497459969444532,2.2329139582847715,28.403152030283444,0.7146950324122227,87.59251157534683,13.725818517439237,31.64271049589723,1.6238365000091384,41.10158183915954,0.8785690061388769,40,40,0,-0.004242223787450681,0.0029615290984624527,0.027376429812266966,0.039699237800814434,-0.011862875878007148,-0.08579913614069874,-0.0030564531448159433,-0.007014761397366077,-0.02545613400529582,-0.01738348834342726,-0.015570816049094221,-0.008006476769062583,0.0066654340389319874,0.2391318940209498,-0.010964287125397473,0.005275954130447477,-0.010103532455984214,0.006728894184399745,-0.021533705202503806,0.008125227879663154,0.003014273540376202,0.012649131353731994,0.014809215438081145,0.011885879842087574,False,17,-1
896,896,4.490476408508789,2.2359519747988643,29.203111219270447,0.6839119865491359,52.765218297504425,2.6198734441327076,34.53447586423391,1.2749905558784467,42.729922249323366,1.3363928030081738,38,40,0,-0.003078335854338081,-0.005481761979130632,0.032137869634275805,0.04037251547636693,-0.012466261409986393,-0.027250040763870272,-0.007113027527644089,-0.00716571760596998,-0.026228569913566775,-0.04485034922890638,-0.01044950706869108,-0.01202325832439877,0.006677782388948106,-0.023258099671736997,0.0025964128236730223,0.003378522143351203,-0.008603585594653424,-0.03223667623852821,-0.009720302578797529,-0.013727712044982989,0.004885278960722003,-0.022598037926701148,0.019848443650361595,0.018551703114274953,False,17,-1
897,897,4.4834712418734215,2.2390013324751856,27.983790053430187,0.6842115880896728,74.50716995729186,10.346547844105398,32.08672178332348,0.8856527894463112,40.70139897607229,1.279437044043873,33,40,0,-0.0038260683565898364,-0.0017546008176789005,0.0291500186571915,0.037488504272725084,-0.01152386142013534,-0.07079163102146087,-0.008322691051970432,-0.009799546983138445,-0.02521218603482603,-0.023168615157939755,-0.01051508158500182,-0.012457319331563833,0.006187658933380139,0.18016756556810243,0.004758424897105545,0.006543513966209662,-0.009626840464593245,-0.0061523304007423535,-0.011871879438056489,-0.018398084463362746,0.0034120511512095325,0.010555211132218738,0.008680549859444128,0.010832321335809521,False,17,-1
898,898,4.476471742732327,2.242049941289801,28.84992683297796,0.7358162473726759,62.83226089208162,3.115502789555452,33.68042628399367,1.0608901646565616,38.43882084197034,1.1906502042161056,27,13,0,-0.004299210159949541,-0.006065232524459605,0.03100053582798607,0.035599737517518285,-0.011823657851016002,-0.048439414491530206,-0.009294531248946237,-0.010305495910936045,-0.025962206864804,-0.03955665667056027,-0.009324675968184938,-0.010197960111442635,0.0063740161201962225,0.04526935941176163,0.007634692235511176,0.007864052918632227,-0.010467611355568455,-0.026788823539300476,-0.00703095229506573,-0.006626805656011941,0.0038377968972656638,0.01377569051383343,0.015333636784000914,0.018057750874210073,False,17,-1
899,899,4.469481190844751,2.24509629784159,28.474526771156874,0.6671591441215844,74.25381309940204,10.310634724513346,33.337544944505936,1.1385868732537263,43.40814520684484,1.0805626884555413,40,40,0,-0.0034633165832144855,-0.0021946691670336124,0.03006076504898485,0.042087773000265255,-0.012124586868310359,-0.07017115121309572,-0.004180102557288006,-0.008455375637225133,-0.02553034481472111,-0.024183087571215074,-0.013793804776320355,-0.006433743623279484,0.006425287832677922,0.17963058115193797,-0.010150263791276858,0.004675053408472001,-0.009059957182640665,-0.007971833601729303,-0.01336440429007531,0.01429962818982357,0.0034954926476941897,0.0072756347404009155,0.010642593401020584,0.011372800812078795,False,17,-1
900,900,4.462504905800217,2.2481384648204745,29.143767175742948,0.728922020162047,63.11443947490436,4.083566256853086,32.99220649218376,1.8727592360911245,43.81369443599035,1.3068412252952117,40,40,0,-0.003773847752194634,-0.0030099374006508986,0.0293710810477493,0.04227718240022253,-0.012473304718512405,-0.05336895796286381,-0.005055535797134129,-0.009413687288931384,-0.02606787117768353,-0.033557816869301926,-0.0141515668783824,-0.006607734865659865,0.006635491245383645,0.06781031867464314,-0.009867512989903272,0.007249153902794403,-0.009943529691215813,-0.019139234161822977,-0.022105155160506068,0.009560962390563041,0.004352933252040011,0.010728571879897213,0.02196262255974239,0.019397776902221987,False,18,-1
901,901,4.4555194767867405,2.2511860849277348,28.853605626242363,0.6940625579451836,61.031083337779755,4.625983303298333,32.47447631611942,0.9723087090612669,40.83436006331633,1.1890600574309118,27,40,0,-0.003981682315466693,-0.003358582093617576,0.03031471224803216,0.03849065417358621,-0.012427060523786492,-0.051534482474973116,-0.008393072080416652,-0.009499733072713795,-0.025734119963806267,-0.03252245648379191,-0.00807255686744545,-0.009781082486981814,0.006443852603785947,0.07905276527095854,0.006320507290736242,0.0055468480280590655,-0.009538197610595902,-0.016164272401210416,-0.007700787393871411,-0.012616222075040196,0.003773687428937971,0.0028468500241923215,0.013737887925257014,0.015516151788996074,False,18,-1
902,902,4.448510019281626,2.254245523097411,28.990602300977727,0.7239339048678044,65.70884622144887,4.087316306379552,32.45754462221401,1.069169207168131,42.09620488028284,0.6529549793117193,32,40,0,-0.0038034211928128395,-0.00837246958292857,0.02950488395502075,0.04004092893855336,-0.012262518450969895,-0.05189225131470382,-0.007544714579136108,-0.010326297649477009,-0.02599268455244937,-0.0394302989885769,-0.011226366626079147,-0.007885559708408396,0.00638757346321161,0.06052404417259439,-4.810974075651064e-05,0.004908308121530724,-0.010151775632010094,-0.03774994025684901,-0.01599551444116804,-0.0006252333305145591,0.003972951685485743,0.0008762379090774229,0.009610219512986861,0.010266026204992397,False,18,-1
903,903,4.441609443162806,2.2572587307788936,29.105022392388854,0.7180918126155722,68.37854377342633,6.319892975374546,29.981773067788716,1.504769858054482,40.047979623796884,0.998007387637709,39,21,0,-0.003937103132260049,-0.00425218811323638,0.026688407370317687,0.03843087001329532,-0.012504544992279206,-0.06089071073936102,-0.004947713333947347,-0.009718770350567575,-0.025985340134842758,-0.0308198879050443,-0.012734039464735178,-0.005696876762066877,0.0065763180239102265,0.10808780075566121,-0.006030718235652277,0.00450721473421816,-0.00970000511475835,-0.020540553638057773,-0.01816111552221746,0.007495790372464298,0.004442937874520153,0.007864587200830962,0.017987756701380215,0.01506329321331316,False,18,-1
904,904,4.434662526807761,2.260293785317754,29.490498431531545,0.7245552143325115,72.06687596476189,7.825706032600204,32.56969994375746,0.9872112297217863,40.455637801303226,1.2316788288842095,36,40,0,-0.004195181574938483,-0.006322508106302088,0.03048892110319867,0.038466509061811274,-0.012802789010324923,-0.06406384583236709,-0.007914733603281838,-0.008494009112662754,-0.026233157317611708,-0.03239574292608248,-0.008280581886462027,-0.009210761081573433,0.006532816859833453,0.13442387151222376,0.0032421782158232764,0.00673838846433385,-0.009997892385111909,-0.024192568224140995,-0.007979289508302515,-0.010466364704018707,0.0041572326793545625,0.00047265683376002815,0.014922972080729869,0.01752609280535722,False,18,-1
905,905,4.427775354713131,2.2633045501264597,28.936793695211456,0.728207420047448,71.10909966292196,7.563323909246818,30.48669686705838,1.404652840198278,43.5336028438858,1.2017586785213714,40,40,0,-0.004098299003618104,-0.000703084095874806,0.027326057827578194,0.04103241381336183,-0.012301407064160306,-0.06637099575835603,-0.007093804175212823,-0.010550190842129312,-0.025869235761382656,-0.02551275464683855,-0.011506658584988644,-0.010010447862751463,0.006488573084261604,0.13124233390803489,0.00038804974080397617,0.005512158323053684,-0.010134683362105393,-0.004079794799427536,-0.022382489220071074,-0.018705865882497407,0.004089129460893921,0.013568342056766266,0.009994942342265344,0.007722852888612866,False,18,-1
906,906,4.420831209609115,2.2663419856827667,29.659035986545042,0.7258660963707755,57.8632908984641,1.6072945236999012,35.85210828067474,1.3153954727538424,44.577646699934085,1.3990417252943266,33,21,0,-0.004254299887867731,-0.005302450070484233,0.03422986103487846,0.04285077693021687,-0.01320537182738675,-0.04390986153683181,-0.008442336513297281,-0.009337196049349983,-0.026214070706697252,-0.037309094289014286,-0.006512851594991473,-0.007987131632628914,0.0068382144409031426,0.02026454473969716,0.00394667393375026,0.002857683447437235,-0.00955827764035626,-0.018817349889433514,-0.0049355448891142874,-0.009809116567045006,0.004730270842830059,0.00471199509371574,0.022071091894851853,0.022177645500060676,False,18,-1
907,907,4.413970984982228,2.269344514067135,28.591046108529294,0.7269039494631181,65.57204143687447,5.8685603200341685,33.938442180482355,0.9889324144971026,46.073888433653494,1.3992083702608553,32,18,0,-0.003768824794680744,-0.000776367052417062,0.031309892107744944,0.043410771410115505,-0.01234918360633907,-0.05976179280135209,-0.010642635904312133,-0.011450808969463348,-0.025509636247974494,-0.026974395147386802,-0.007631698031733249,-0.010353120057272826,0.0062453945077123405,0.10167129622341595,0.007009551357396154,0.0034392853113076995,-0.01017041331523711,-0.007639676790572328,-0.011480893627899958,-0.02370293293993654,0.004302829465786651,0.009777876572423738,0.010815139638967056,0.004766279102946953,False,18,-1
908,908,4.4070338369543975,2.272382919263683,29.60643885615463,0.7451220951346108,61.32208988674894,1.9526605335934555,33.17293574479792,1.2707838057664715,44.52340001458084,1.6428785592647046,32,40,0,-0.0048388337890945925,-0.006117975626190505,0.031031417210632635,0.042346239485242534,-0.012220776797495007,-0.048185373158874584,-0.008626960836964894,-0.009906252968379017,-0.026528843242224993,-0.03743178990985956,-0.007941684868188751,-0.009539145792121262,0.00599843844040464,0.020684616935784356,0.004790885261193281,0.004082353190875595,-0.010552185880120525,-0.01945679808563844,-0.010102959702350669,-0.017472582963598264,0.004668598710581168,0.018842777408213236,0.019154678275659014,0.022365618074301326,False,18,-1
909,909,4.400081419564985,2.2754303929505983,28.7707055673453,0.6896257138764379,59.400473197136805,2.088460797273491,39.10166645703372,1.6507387500966209,48.752576852548444,1.182463131754467,40,40,0,-0.003909200104091855,-0.004751492281359322,0.0365646746183144,0.047197484845196924,-0.011870054944709134,-0.045303952172117266,-0.008052706754291926,-0.00996814735247276,-0.025914734206598154,-0.0381233715026683,-0.011274697499414007,-0.007060255831798068,0.005303825794693917,0.024412901417722635,-0.004669434086904002,0.003517269817225021,-0.009434748096222047,-0.019625139668155794,-0.02047474786418413,-0.004206428005888316,0.0052655500295473185,0.018641468352612087,0.019724218517100402,0.019896146817815298,False,18,-1
910,910,4.393096866567025,2.278494282547913,29.94040442576847,0.7899593984837653,61.345095829204006,2.0806764635997275,36.98887567432367,1.1108448371026405,47.17321254382243,1.2582806249474299,34,40,0,-0.004567935576421052,-0.0060495199357866805,0.03469834384819866,0.044739925142660224,-0.013207800215765338,-0.047534042559637585,-0.010417007848061101,-0.011735451423848254,-0.02647859126178491,-0.03830324906296207,-0.007462426236565497,-0.009269857593960288,0.00678439347092058,0.026541237634582156,0.0032280209401637683,0.0030547741979984285,-0.01069966809277916,-0.02336635240243642,-0.004540396523496491,-0.012202003012765842,0.005438869257403954,0.008266223139353443,0.018570281156121974,0.01800197598160419,False,18,-1
911,911,4.386161820735414,2.2815384743447185,29.42144900469066,0.6843824629967442,53.00720737019639,2.2692535249722883,33.682293611683,1.1170889465387446,44.40792858638413,1.3396163962224308,31,40,0,-0.003503328108314863,-0.00471337007050532,0.03159279605943763,0.042258102558513214,-0.012922857146721941,-0.02988745192672352,-0.009572348840037236,-0.011124923198241514,-0.026198246446404033,-0.04352342349922921,-0.006690461701186352,-0.007909043767788818,0.006241831963115181,0.0011470387944193716,0.00578567888606233,0.0037807939614715085,-0.008789633385988009,-0.032019315826246175,-0.0087520087430343,-0.01237483640812073,0.005143771912313407,-0.023282582347642203,0.01643339887416363,0.01947375003110841,False,18,-1
912,912,4.379174547009629,2.2846071925181297,27.845267217251283,0.6779621991763557,65.37124977377422,2.190373716297488,40.86197276891282,1.6145099475995703,53.0018308292735,1.356332756493897,40,26,0,-0.003935364565558312,-0.004686118876416433,0.03827614897172321,0.05153955835078732,-0.013427075026967973,-0.05644997759266434,-0.007349451756909297,-0.011216981048943588,-0.02407458137447981,-0.03263189569499394,-0.01227284797162775,-0.005200704991475324,0.006561258700881959,0.025470368577020397,-0.009576732461880488,0.0027648523473888737,-0.00905114280078564,-0.015933728197704874,-0.019538174718461275,0.008958693258461783,0.003877994151363677,0.02364002752156591,0.017904597101138373,0.021736682219779625,False,18,-1
913,913,4.372184012812477,2.2876793450539035,27.94343998391855,0.6669945242199277,57.09267101263369,1.8605329791269622,32.802777994187,1.761493197242616,40.0258479537626,1.4486052474724331,40,20,0,-0.002329858064414667,-0.0014016398011112551,0.03001859841953767,0.03799163477891897,-0.01482932037194585,-0.04230203099188745,-0.00802960146979987,-0.01130956530239645,-0.023569023247490162,-0.0383164020125345,-0.010508638984123339,-0.0055495877246680685,0.008089711583331452,-0.0008406011743243987,-0.0043459730855349476,0.005829717407880261,-0.007345703291492601,-0.026356404550713974,-0.019456939681498572,-0.0011058130355930205,0.0040144643224821995,-0.018949717687422676,0.023403518978681738,0.02457678129865645,False,18,-1
914,914,4.365182950891519,2.2907585313587036,28.212751578556567,0.6800505317092685,68.371024622733,2.166922681127717,33.00471027493759,1.1128555469282935,43.409995357183156,1.4026421686972488,28,24,0,-0.004058713738568189,-0.006323778039364351,0.03095809266676857,0.04141864055819922,-0.01379308879457051,-0.05957030831441775,-0.00920156361646901,-0.010144653522289462,-0.024274202271687476,-0.03295428965394987,-0.006799898953691491,-0.008124648677577236,0.006856986564005596,0.02742783174234618,0.0050757086560255255,0.007556642622225952,-0.008754016338016648,-0.014904169435199704,-0.007408758311362213,-0.014584740310454421,0.004150296756002127,0.021352454066715175,0.0172220833311987,0.018151814052621725,False,18,-1
915,915,4.358178244741604,2.2938415298212287,27.083336796854674,0.680795746842695,62.558040733500924,2.2957940445546736,41.372995167022495,1.8220171255179138,51.14742196913835,1.3818572170001802,40,38,0,-0.003774482121354091,-0.004225890998461608,0.038620298012209835,0.048815055000212056,-0.013006809444470852,-0.053312611814717636,-0.01048767845307244,-0.013761680569144851,-0.02345385522345238,-0.032456366512237794,-0.010497900323566024,-0.006615536813304691,0.006341999656294325,0.03293046534070566,-0.0054988486156305645,0.002086929777821257,-0.008945164890291988,-0.017720362090494504,-0.021811108495135165,-0.007381697077542145,0.004576900151650698,0.014391358714157934,0.022478674217142634,0.022865501995329298,False,18,-1
916,916,4.3511506594892815,2.2969371345867877,28.16191198784674,0.6983402874433453,67.12117180114902,2.0490294699098177,34.515085756331565,1.3181330606799795,45.44288668801249,1.6951411891091,40,40,0,-0.003842996888554445,-0.005282184150327044,0.032478000825060895,0.0434710054518398,-0.014700363771185464,-0.058391977652748873,-0.00979498776500517,-0.010001575362792881,-0.02371126244468237,-0.0326760949374657,-0.0063662250869463395,-0.008677334026533281,0.0068460385780794095,0.02513200019948737,0.006216822747921207,0.004764767659103911,-0.008808987742744037,-0.017038546881298605,-0.010175234823452513,-0.02278141182444778,0.004908060436157449,0.018894797014085647,0.019674368891216154,0.0182653642821408,False,18,-1
917,917,4.344504053387567,2.299866942259798,27.45104466820582,0.6533472342068641,70.5874497189193,2.4173706106967647,43.42848470177376,1.6469147955641719,53.197149253687634,1.6121979679666583,40,40,0,-0.0023808540513390593,-0.0016861607428566685,0.04137029350555317,0.05113451394663057,-0.014282842800476678,-0.06331344993189296,-0.01156247303827261,-0.012955067021747133,-0.023321487707668332,-0.031163311401259865,-0.006390721085746253,-0.006882180658991852,0.00728113432565653,0.0342607438773514,0.00308186305865267,0.0010320288737571328,-0.007992728013446027,-0.015126327214933621,-0.01110382687861467,-0.013425156333168146,0.0036236953822020596,0.01942891097168843,0.026333051673796844,0.024707413784812813,False,18,-1
918,918,4.337772306995146,2.3028365010693856,27.811725132934075,0.6900000086468958,68.3698166091764,2.4928469222475633,31.297074239812595,1.5756700330573115,41.866539440273264,1.607157116103585,40,30,0,-0.0038153787570966583,-0.004051920990748844,0.028727219452800587,0.03945701436241031,-0.014165921718062888,-0.06053617334018225,-0.009924548707321375,-0.011781032448826832,-0.023627560214450553,-0.031518018287712,-0.007467064445883821,-0.007560318561290413,0.006336509086914174,0.034492470312927084,0.007175353271889149,0.006054774139393706,-0.009161489053872941,-0.01719069615072109,-0.019024013549209833,-0.024031598978970867,0.004576475510978462,0.020192304400529874,0.01851717754956628,0.013139054086049491,False,18,-1
919,919,4.3310643243574685,2.3057978734191735,27.453306534935408,0.662226675461582,64.16291994360776,1.8178205593823165,35.4829800124213,1.4857386557170509,47.27833944058695,1.3993919048481975,40,13,0,-0.004112129685417807,-0.006290005100535028,0.033212416649139404,0.045844077714349236,-0.014011480119856673,-0.05528480210654742,-0.009010079237026587,-0.011461093526367932,-0.02324764190197135,-0.03195163200158878,-0.008648452059667053,-0.0014850097507807763,0.006556587070150077,0.02208965103405118,-0.0033015345005446704,0.010469588786375855,-0.008474287489682862,-0.015057086527047875,-0.014050516539412737,0.012053419025037248,0.004334260140796916,0.01708599048434363,0.02154300913622573,0.018483354512133315,False,18,-1
920,920,4.324372961963618,2.3087544588939894,27.24903457636602,0.6646916854223606,67.57499695412751,2.430459724415927,41.14216092238331,2.1444111042502296,53.28344057040095,1.8671175602454362,40,19,0,-0.0035254313464492554,-0.0042509753441831106,0.03829087309455558,0.050502029581287765,-0.01348541004873573,-0.05942211118084666,-0.011518909848601792,-0.0165493434737515,-0.023414203701661977,-0.03189548753012859,-0.00968509984046154,-0.003845683005395071,0.006119845251623913,0.0343514458741125,-0.00785830916427301,-0.0001119779715068063,-0.008794251615799598,-0.016991747022638656,-0.01923462051052371,0.002178088728370579,0.004448953709295208,0.018184464816781133,0.031129716450722416,0.03251428458215855,False,18,-1
921,921,4.317586050877734,2.3116718587611005,27.51046224925055,0.6823397333464571,66.70301184074746,2.6511552200596102,40.74647265474071,1.5477545675459898,48.03324016648709,1.6367374021526628,40,21,0,-0.0038416846327551397,-0.0049540449363221955,0.038067840797705345,0.045590512414774464,-0.014183980871261135,-0.05827266861276482,-0.0130597285354583,-0.013534004008722175,-0.023256863051443352,-0.03207873626162181,-0.006368517989629046,-0.006747449454543277,0.006340601985428257,0.03983041492961393,0.0051687227621640165,0.0034241819905170166,-0.008489564098568693,-0.017183898991275568,-0.019891374563645405,-0.02228521002284484,0.005436003530044324,0.01610257649514756,0.01753117270976995,0.01754100447331233,False,18,-1
922,922,4.310836313668152,2.314565893406894,27.508131337000947,0.6351274642796962,50.37901334685802,5.68462913808065,36.954883349114354,1.59685009405787,46.154422298584734,1.9289954111211416,29,40,0,-0.0011983251600314153,-0.0008418455285156938,0.03499341507101258,0.04406131326089434,-0.014739136392948163,-0.00938713133072933,-0.010889462707619542,-0.012175601056190461,-0.023195240133583445,-0.04948957513748381,-0.004748042433871292,-0.006370722907325836,0.006686199475308246,-0.05186710315648082,0.006537276919680183,0.004005660413503063,-0.005124112778901509,-0.0438677374074386,-0.0026278393973777577,-0.010001978053402935,0.007205336925150632,-0.07231279081551684,0.026965007615624835,0.0318967652764854,False,18,-1
923,923,4.304100457048025,2.3174570095709766,26.480751393013673,0.6401658485281647,67.1493226092952,2.0288296953524307,41.76498188721356,2.1865227463828028,57.014166215875704,1.0906474195238984,40,40,0,-0.0035680628342662935,-0.005738500034241399,0.03930471366607994,0.054795992202859335,-0.013135061200891108,-0.05922832547543187,-0.010501754044666491,-0.01567819892995592,-0.022714957389309984,-0.031114411542250343,-0.009442793953702299,-0.0014860908816122424,0.005813171340524198,0.02230681878619112,-0.008597718617263203,0.003280599479243171,-0.008272242706780217,-0.015082109482443169,-0.026929422186838227,0.003991517810555513,0.004755313779144253,0.02299536434082509,0.02563640593472739,0.018320793269721372,False,18,-1
924,924,4.297327880895872,2.3203662323683694,27.2266377764209,0.6972587384072119,64.03845295027084,2.1799401514410595,41.749091098857214,2.4903517213401534,54.28066207014853,1.418618886369805,40,40,0,-0.00391102507833856,-0.005565307536084155,0.03904754871643621,0.053328846296873886,-0.013928192529659815,-0.05484429502518983,-0.00982462167056311,-0.010051902869749716,-0.023065106553011305,-0.03258917169065203,-0.011034144998527154,-0.001176297630355237,0.0061112099225362135,0.022570009444718705,-0.01566025352400451,-0.014896133439276251,-0.008918756721323256,-0.01673100545396665,-0.02876842628823721,0.01651903011300168,0.00558611368748815,0.025656431362658133,0.028571422260573326,0.010874887538953956,False,18,-1
925,925,4.290566912082949,2.32327294361503,27.085605973484906,0.7220079169911097,63.48724158433243,2.13393980912003,43.020367019055485,1.7548808340847637,51.664190674996334,1.7824066886309398,40,40,0,-0.00435506484382029,-0.006389789509639437,0.04014273835043159,0.04887909629886308,-0.014256392485305094,-0.05486419167313953,-0.014775790842614699,-0.016678855309167257,-0.022614569075309354,-0.031300493703181394,-0.004581325262228089,-0.001355849801678401,0.006201357680694887,0.026358445232919823,-0.0006202804372734136,0.004020626777829774,-0.009075224278823903,-0.01648526106513809,-0.007430132126136807,0.005757289439772879,0.006162721534179132,0.02050864709262771,0.02970707404682832,0.030305934740615364,False,18,-1
926,926,4.283894352945811,2.3261439396672774,26.513844771961974,0.6269305773428441,66.67415158333716,1.7562202102585769,42.26286009804998,1.56129314521629,53.116668029646725,1.3077739787788734,37,40,0,-0.0030760532322862437,-0.004143577215439531,0.04017354665912256,0.051201801491861355,-0.014056006947809698,-0.058415662430357694,-0.012074626994165323,-0.01406548352438242,-0.022269946784556138,-0.03187292958044502,-0.005141874701548213,-0.001384962015741319,0.006467681299768942,0.022081824154669867,-0.005660266424030206,-0.004292797821576625,-0.0077705587104009224,-0.016588627229265605,-0.010666508250215605,0.004618409908089428,0.004185085452710727,0.013294542794060487,0.024428128486714478,0.021936751309807174,False,18,-1
927,927,4.277137658277323,2.3290532023157056,27.11505469754393,0.717564163886874,63.720220976087745,2.098450114050113,42.62391599435233,1.9738927332966025,51.59112469573335,1.3907687146887284,40,40,0,-0.004686437725310333,-0.006668597390262277,0.03985003702984183,0.04920645880298566,-0.014007335842486115,-0.05460021782707066,-0.01379733672892456,-0.01528100860862459,-0.02273891016063415,-0.032165394188855743,-0.0061972786448979715,-0.002619033284233618,0.005754941863155992,0.02450150854586441,-0.004404100329774088,-0.0018578645273625365,-0.009145810415322711,-0.017300627776860283,-0.01873023957730882,-0.0007475165533604945,0.006331018600580656,0.021017730539014623,0.028577061009171758,0.024190742666894877,False,18,-1
928,928,4.270445862784118,2.331936362551009,27.062274979924734,0.7035144004241006,54.2214273832155,1.547106694071954,41.79359972602233,1.9337043655117732,50.291988548188954,1.977543487370277,40,10,0,-0.003244123028943076,-0.004893653374532542,0.03935086637033461,0.04757887720493393,-0.01463818057902303,-0.03944217502918086,-0.013950326683793188,-0.016185076524292706,-0.02252922684421404,-0.036882654094990225,-0.0018980725429999094,0.0018915215969628012,0.006341534674709668,0.003811374216094797,-0.0021251000400630154,0.003715495241743262,-0.00793194120700203,-0.02474185312281742,-0.0030040024465774057,0.012895219422731702,0.006901761464402311,-0.010120664128038526,0.03354831151045709,0.03179888563433782,False,18,-1
929,929,4.263754821249928,2.334821098044054,26.089275882119182,0.5837798411446846,53.91643875549842,1.618444522058168,41.67848710154657,2.388404960955363,60.54787882765811,5.73614886118792,40,40,0,-0.0024823894464085314,-0.004005317416842354,0.03866471542135946,0.059989206932791236,-0.013581520995884134,-0.03801758142470867,-0.009766984184348109,0.004754909919217325,-0.022136629059729115,-0.03802109024056777,-0.012113714888578386,-0.006688162211224386,0.005922129461067066,-0.00769277010719686,-0.021187641740118716,-0.09947231907974567,-0.006691945732186325,-0.02465231828467456,-0.028890000524023345,0.011121896483629557,0.004894847029231044,-0.011444998452970437,0.021310447091702947,-0.0021239374703211082,False,18,-1
930,930,4.2570486184919245,2.3377143729928553,26.96985674412049,0.7456955955391801,63.175474781190246,2.1416316807500317,39.90745844488069,1.520696194978297,45.74367122838556,1.4771853505648953,40,35,0,-0.004281264843554263,-0.006572729782016746,0.03738672829913431,0.04320304008161967,-0.014341244742512856,-0.05450588133637494,-0.013559060359047458,-0.015031494013810645,-0.022435967627296025,-0.03125777882042178,-0.0033150669369254914,-0.00018701034561835182,0.005605125599241028,0.021154425812583404,0.0020442012841151457,0.007592936242020966,-0.009255682246128214,-0.016752224539597457,-0.009324394254094419,0.00863537724693522,0.007231947238124309,0.025865175670084662,0.02476509336752588,0.023075443884976118,False,18,-1
931,931,4.250363494813826,2.3406009218575985,26.837813589898726,0.6814069068369466,68.7735873593768,2.3103886378194796,38.487490378309296,2.354554322715821,53.18589290935433,2.376347687917716,40,18,0,-0.003288057178657348,-0.003553784598513657,0.03556159682410196,0.051180739540548824,-0.01531325029689721,-0.062257146233538715,-0.011500143587760856,-0.014064631116177766,-0.021793606484944387,-0.02900387346822792,-0.009187297992410741,0.003384856897071602,0.007198160070719748,0.02974105874984797,-0.01619509581189619,-0.002241705749554074,-0.00791882541003783,-0.011995819752822344,-0.014779729123748822,0.03048264874761724,0.005188183354149385,0.024445566781219154,0.034757084603533155,0.028035086609252555,False,18,-1
932,932,4.243635829335145,2.343508079838961,26.24514048520378,0.6723035000381024,61.72001573442352,1.948170785787863,43.281951397878615,1.5323533224253116,54.85657374910709,1.7061984882699324,40,21,0,-0.003996941551480469,-0.006794836505299092,0.04127603742200186,0.05359433904761082,-0.013539550604695224,-0.05164037753409361,-0.011622515450709216,-0.011623916531331777,-0.022124927722933438,-0.03311286679313679,-0.005876494375378451,0.0013323175348225807,0.005114937416314647,0.021101640309774038,-0.005030742745536057,-0.0007407729812251574,-0.008606606651194094,-0.018652643837624244,-0.009699294402870385,0.02403837986851169,0.006119507563061755,0.01905086063927843,0.024410848434637762,0.017560847507070054,False,18,-1
933,933,4.236921945239726,2.3464120887300983,26.464944204259602,0.6974243868623295,67.20691540828119,2.303011762055021,37.80644650019856,2.060212344392285,45.85974562609644,1.7301177997604167,40,15,0,-0.0036765195646455053,-0.004780313612274407,0.03499105531108959,0.04336710850742884,-0.014521253015825117,-0.0597738679578051,-0.013364603828104508,-0.01487594384821409,-0.021817646217585952,-0.030348027774915614,-0.0051323298516813606,0.0010566282316623033,0.005959119234426967,0.026707432182630372,-0.0020232425023141163,0.0005116618230049845,-0.008697154134489847,-0.016298547629348077,-0.012575746747916734,0.01214986665340487,0.00608395899825559,0.02523330194423268,0.03362585429562872,0.027639330320079942,False,18,-1
934,934,4.230226091757625,2.3493108710822987,27.271712847270127,0.7076774436713008,67.24534765355624,2.5437848010054216,41.97107293473669,1.8678689409961706,55.45178707931824,2.5764756887447753,40,40,0,-0.0038080008903107207,-0.00627669411629461,0.04003831826619685,0.054826094357418066,-0.01554422652472263,-0.05931507584470496,-0.009535392126708637,-0.007860451098655461,-0.02208217544970288,-0.031052563011046478,-0.00822072567950161,0.0026857729478088938,0.006844140285605318,0.03633161883459767,-0.012837315340248054,-0.014702335423851123,-0.008177511276691807,-0.015515953252672503,-0.010224375357157494,0.03563742059080468,0.006232230755358628,0.020258321536145974,0.028168345217221717,0.0231502734262067,False,18,-1
935,935,4.223478467374494,2.3522348089888445,25.512542636662502,0.6297954067399466,52.191901948478204,1.3400769729895403,45.27425487119957,1.8116908371849765,52.41054735518245,1.872782937365725,40,23,0,-0.002753248863361908,-0.004473031348271701,0.042184253165131504,0.04914274937997619,-0.013464250060427858,-0.03601888960537265,-0.016301830120413006,-0.018213762874745795,-0.021494730116802745,-0.037505015813260496,-0.002120677667073781,0.0003383775837793754,0.004981343822917281,0.0014644862793507564,0.0010373006021649782,0.003619873213031254,-0.006918147217047038,-0.02235275745881989,-0.004348327614525156,0.00416376066333768,0.006938990769546564,-0.006726320948236157,0.03130237316702988,0.03221721813226823,False,18,-1
936,936,4.216744335423242,2.355155339811347,26.561414777668215,0.7167939839612343,64.12047104409574,2.289550812722454,38.89851203782371,2.194261611588712,50.39571122418682,2.0047110771922836,40,40,0,-0.004257701958443559,-0.005614844629502692,0.035594040971469655,0.04864116026809122,-0.014677482154571053,-0.05607982773152216,-0.012931713837601264,-0.012932294817351303,-0.021724461941015842,-0.030577136038322204,-0.008884214275919233,0.002553622588128895,0.00544044591760228,0.026826682927347585,-0.012130832300468856,0.00027270261116727347,-0.008669810442121463,-0.014282437229994071,-0.01815050583432708,0.028421390573432143,0.00719349849200394,0.025945301305216734,0.03146536398465189,0.020405071324910675,False,18,-1
937,937,4.209997730638461,2.358084256088546,26.9285823315233,0.719217898868673,64.41280799913217,2.4421863585256176,42.83577773620374,1.755074210738576,52.43063990275458,1.8645792730551212,40,24,0,-0.0038284177452678567,-0.005104533184599093,0.040993471315770615,0.05080457151195342,-0.015434501663796292,-0.056002858540178446,-0.01204225787197159,-0.012935544211976837,-0.02173172617036246,-0.03141072126884631,-0.003069721338082267,0.0007343092258202328,0.006508443021335143,0.031228930592430856,0.0012233536999475272,-0.000435476854285932,-0.008523907823869614,-0.014348287980506233,-0.009747553604401271,0.008309804304859739,0.006523339148737236,0.025213138375888917,0.02901374193657397,0.031461205500764144,False,18,-1
938,938,4.20324457339827,2.3610186565474724,25.18731169049929,0.5983628254878407,53.66178378822971,1.256236629946322,40.056632044933515,1.8044438837800614,51.73865707817374,1.999033152500528,40,22,0,-0.0024425778811713655,-0.0034906203724295714,0.038079086371630856,0.05098106117257333,-0.013554322317617148,-0.038493914787025754,-0.009533648346441034,-0.00869436128430898,-0.021088262849246742,-0.037223932262987654,-0.007976622160505924,0.0014926887917788303,0.005034842531707637,-0.007728510691245556,-0.007789001560508633,-0.006048898571162731,-0.006613306498053924,-0.019956660086703264,-0.01476024678613073,0.02891906316114163,0.006322908444262887,-0.00476737586779934,0.02670779453843645,0.018557761219948343,False,18,-1
939,939,4.196510096430843,2.363947039106118,26.40407886415409,0.7003266585439683,52.79165098046482,1.4226095618317953,38.446519761623584,2.404040150421011,49.08898056823105,2.046331927992892,40,40,0,-0.003452653400421068,-0.004954560197379712,0.035064860967745755,0.04704897418001313,-0.014552771754393377,-0.03702765134944541,-0.013752859847490952,-0.013936855868484135,-0.021759397956413223,-0.03730098902224532,-0.007710334176210792,0.001373350041949657,0.005108979449569697,-0.005423207430094559,-0.006106807457603054,-0.00042198587052140376,-0.007937272122017254,-0.022817848329413054,-0.018831897036978653,0.022395471829351244,0.007765302098488963,-0.008150142669232821,0.036994259389726815,0.027818023011830728,False,18,-1
940,940,4.189743035481173,2.3668918181066183,26.64929241570988,0.742176865178954,64.11072021153473,2.4183764075792116,44.84700894695649,2.0062842818680697,54.15628076674995,2.1774472967707568,40,40,0,-0.004396435987581044,-0.006124955675771777,0.04259145875550597,0.05217004330695726,-0.015098087545417914,-0.056035264483171,-0.013496310957305972,-0.01453076646857534,-0.021515201354763355,-0.03054044037522371,-0.003882195655828379,0.00021483405917611985,0.005919674203280688,0.03279225172657305,0.0028446510541178496,-0.0016289763497545015,-0.008922612873184362,-0.014439623251602147,-0.012118163333136641,0.007340713550392462,0.007289429592282018,0.02230995353053462,0.03272914593877538,0.03725232670150497,False,18,-1
941,941,4.183002763986295,2.369827096817065,25.227550904556093,0.6381612749800505,53.8428196024121,1.489686093084365,44.82949710490096,1.5968015624227776,55.77191505865074,1.324732437678042,40,40,0,-0.0032106965086819827,-0.005431471808856079,0.04238952123715979,0.05418751459895493,-0.013655877899478433,-0.03754689881158635,-0.013139279336500487,-0.013196370023993547,-0.020967540422415856,-0.03820705074145333,-0.006338110008520986,0.00027493469632706714,0.004767253901986089,-0.001659057283989974,-0.002767168912413793,-0.0018353946660372299,-0.007505385173479507,-0.024529979264069857,-0.02070544859357241,0.011665180301361723,0.0067080452324880906,-0.00845717788648679,0.01844811985741046,0.0198779498036164,False,18,-1
942,942,4.1762822444412215,2.3727556521045945,26.172910123950984,0.6991282094406919,55.18906537293781,1.5104332550785788,40.78299607309847,2.2213898890718955,51.437013841172785,2.042375981814144,40,40,0,-0.0034360842954506404,-0.005727324505955358,0.03821853107211566,0.050477139178062555,-0.01491971698053128,-0.039242935489997174,-0.012046342710297678,-0.009513317722015597,-0.021227731727431927,-0.0383799779164841,-0.00758170684570122,0.002705845379079869,0.005284849018633871,-0.0025084561671986595,-0.008924970009832023,-0.004260996467286078,-0.0077245568003679235,-0.02494088254725216,-0.02098668640246365,0.029341674940791478,0.007828957317006004,-0.008161913509106541,0.03135380058525582,0.019787889166036146,False,18,-1
943,943,4.169533446453452,2.3756984158181353,26.51013204214393,0.7163549278355614,57.115281727896715,1.3862257589714773,43.01369308377455,1.9368998671241067,48.96692078439387,2.4787178230846374,40,40,0,-0.0032640186274946895,-0.004796623811202914,0.0408846078328545,0.046640390564539023,-0.015568623705065544,-0.043622675003970865,-0.013133625493147892,-0.01469346581444719,-0.021207339277272506,-0.0365542067670569,-0.002476795604118982,-0.0025564353017503193,0.005848895830743607,0.0066406270043364015,0.0024506503122067847,0.0007413502521558323,-0.007663622382358036,-0.022380477926851168,-0.012146451556651488,-0.014634406536558956,0.007961037602362421,-0.006354193259644515,0.031452424087652364,0.0407046284884822,False,18,-1
944,944,4.162827439842061,2.3786239342991697,24.97365280539221,0.6511365588105243,61.63570651578465,1.956015467296429,44.9246077489696,2.0241141658610187,61.456537152084636,3.2744199329276307,40,40,0,-0.0037947462775135303,-0.006598950964914539,0.04180130970879274,0.06104150073325614,-0.014101426334057983,-0.05254717400557649,-0.013347222922647936,-0.006048098371036458,-0.020259146341312297,-0.03153107463900108,-0.009629253775942915,0.0037764603866207048,0.004899035618609949,0.021777775940741515,-0.011979710375255035,-0.030574495756409886,-0.007700291244208473,-0.012906306953334886,-0.023861549856611732,0.047455680643892335,0.006771727874939553,0.022904604348762188,0.02313314007539089,0.0089001979786674,False,18,-1
945,945,4.156140398928314,2.3815425682282823,25.900665784450823,0.7580632296352657,66.70764166147853,2.544148951643811,41.2336482386007,2.6583916192357093,54.23024556681555,1.8291359863904326,40,40,0,-0.0043404549843495685,-0.00688641307180808,0.0378207550062749,0.052439569586288676,-0.014893086437356484,-0.05864809428808845,-0.01520607643707609,-0.013703645467514257,-0.02074128527782415,-0.03103043356796912,-0.006211237977230455,0.001794763701043016,0.004819172681503571,0.032272842743881945,-0.003136147872286061,-0.009678867100837691,-0.009144907372749866,-0.015302817566346313,-0.03055461555929288,0.010310714566633713,0.008258186705079891,0.026381484170480876,0.03477535568406735,0.028621301730239964,False,18,-1
946,946,4.149473618620319,2.3844538527136563,24.618671492541186,0.7246792216508163,55.44644777780428,1.2046347086214124,45.44972480409661,1.835714236179769,51.94443935468379,2.352066498904904,40,40,0,-0.003506558419092283,-0.0059584933518583875,0.043341683880735775,0.049292770877047976,-0.01571154220816675,-0.043142489483109246,-0.013648616070401865,-0.016356747724517836,-0.018626069782757385,-0.03431516471405092,-0.0009440352288190182,-0.0009509589958314039,0.006042763079244522,-0.0015913171930146477,0.000837441940224505,-0.0002465036732022866,-0.0069681858177978225,-0.020934872892330897,-0.009104032119106467,-0.009002724666519683,0.008654610165742633,-0.0011148029260574961,0.030707154123078527,0.04005121466930011,False,18,-1
947,947,4.142793589736038,2.387373344514624,24.443643817823013,0.6917369878684362,62.51505268985555,2.193851980182298,45.0677712340761,2.1084540518870507,62.41531811562942,2.125370210946203,38,40,0,-0.0042868138107902565,-0.006344569005543109,0.041951910120489606,0.061277137386510146,-0.01513065676310095,-0.05541661473637789,-0.01445773572225557,-0.011595977276261644,-0.01871304829153825,-0.02822901110753229,-0.007881314549920849,0.002513499591884285,0.005208963166116763,0.026038013678526477,-0.005327631098484136,-0.015775516524995103,-0.0076432095541317975,-0.011035224559066276,-0.025831423024916516,0.024125094286540437,0.007759349470672182,0.02581405034165709,0.025662318292392333,0.02334802488429854,False,18,-1
948,948,4.136119643602926,2.3902921149146517,24.489147059884292,0.7489713817216299,55.627072642771395,1.2238304107005908,44.70409174499677,2.1864137215460784,54.165510662600006,1.7672974761505813,40,39,0,-0.003584395101723642,-0.0050363988743928586,0.041027195757970814,0.05223564243049324,-0.015483936085822946,-0.043831607919233136,-0.016984570181788155,-0.01425457745549342,-0.018631107287693047,-0.03387913877885328,-0.005171982475042069,0.0014653418642859087,0.0054647022069336535,0.006266809790442341,-0.00020205648615276628,-0.010324896625917417,-0.007357938010986066,-0.02002093571307363,-0.021552797515511084,0.009904438010328,0.0093206972045736,0.004016625594469282,0.03149016858354696,0.02732622370082557,False,18,-1
949,949,4.129480285530735,2.3931969669283877,24.19830625547305,0.6925233825609676,56.42301556991104,1.1293691615351877,47.28166686682096,2.4722469215062324,64.94245151708556,2.2881701503812923,28,27,0,-0.003408350281597219,-0.0053587396375132015,0.04485424385912792,0.06376897294387028,-0.015339622716794498,-0.04523820144459371,-0.013524125823461174,-0.011825265618471328,-0.018402096318028673,-0.03329182670803943,-0.006383639263156317,0.0033471169363418945,0.005324178399365236,0.006526889038950338,-0.00304709638594904,-0.014746409571139934,-0.006590851891510043,-0.018322508544999498,-0.02039184683531149,0.01644120593021883,0.008620026008578151,0.003196437568741172,0.037903969853009624,0.0332734499676748,False,18,-1
950,950,4.122858154154832,2.3960966259444607,24.415644739894862,0.6450806054829816,49.79023729033524,2.825339296733889,45.029091488222384,1.8187787128877007,58.050541380203384,1.296586684793522,31,40,0,-0.0027197803408419673,-0.004573193361034426,0.04287754438885858,0.05657989624552367,-0.01564769112165527,-0.028613040720248038,-0.012928221793831293,-0.01298248829722824,-0.018543901033051164,-0.04049009178369331,-0.0046900265122565895,-0.00018892589238687804,0.005662787676419162,-0.020174303917830833,0.0059947793513067905,-0.006333851796205006,-0.0057601405226181575,-0.029657438783860682,-0.025341608827464203,-0.0036615176091342673,0.00784307053287197,-0.03383866393264296,0.01815286495346468,0.02141446321925497,False,19,-1
951,951,4.116191143492004,2.3990188479838515,24.781173121887043,0.7883038581181858,67.46208683303435,2.967978021490374,44.2334576467069,2.6506220067461586,55.90581790789691,2.0697934977416863,29,40,0,-0.004737232741057317,-0.006103762475618026,0.04115703293853462,0.05389254533717294,-0.015793188750598684,-0.061385509242549985,-0.015132372969218927,-0.014867861707435166,-0.01849973935875732,-0.027307444013343955,-0.005805919685962046,2.6856661525424366e-05,0.005259646291125242,0.036941956747423794,0.0009390825360983985,-0.007090026302235966,-0.008885267609983765,-0.012029896586443888,-0.026764738578796236,-0.0013861087637896093,0.00909309644392943,0.03426245525233525,0.037721970438763804,0.035394985538012666,False,19,-1
952,952,4.109524615010842,2.4019441405667186,24.382007368366327,0.7151675454201721,49.843794675254074,2.3532655202411346,46.42554588014769,2.4540070733556316,63.44582587792404,1.8143040991471626,26,40,0,-0.0026853123581266286,-0.0034510135946492597,0.04372363791431441,0.062358787056489826,-0.015948056895901355,-0.028998438229469424,-0.014268833874027737,-0.011688331976940546,-0.01824639312564145,-0.04039288245532966,-0.006322592639339042,0.00037066665892955514,0.005322696789177155,-0.019019364167150582,0.001049488443835095,-0.01367173385438559,-0.005679468779873612,-0.024881942905954708,-0.02359615571891972,0.007470378494159459,0.009757743874640077,-0.02657218290703485,0.03572914807259694,0.02756784550159075,False,19,-1
953,953,4.102858974165578,2.404872185334288,24.15037993943776,0.6466654912936184,49.092686706567164,4.581382405020688,46.800792073260965,1.9793344534945165,66.62566296428245,1.3470732365104492,30,40,0,-0.0016227264487929651,-0.0033105038786283517,0.04382734538886051,0.06546891226793233,-0.01575088248222452,-0.015645537630597946,-0.014790024851054538,-0.012064790316209228,-0.018235057200972477,-0.04641497176976721,-0.007122717160980308,0.002690971294875398,0.005472466962302286,-0.038624100736335244,0.0040248409339547235,-0.013657131339403992,-0.004349421170679416,-0.03718717607530818,-0.02987888668315582,0.013255923582900874,0.00886106164304669,-0.059320548910163924,0.016866304122113592,0.01380304111255821,False,19,-1
954,954,4.096142384725781,2.4078252776332976,24.76115921172567,0.7639045469966109,50.15295511668471,4.7454159047262445,46.7554969061497,2.299788339078392,60.14048651925185,1.7553707330788786,32,24,0,-0.0021711303153557045,-0.005020655851920727,0.04376699640018875,0.058595849818081074,-0.016637829508357422,-0.013984443601770726,-0.015610266001271406,-0.013542437540485775,-0.018209443371860694,-0.04790143274372551,-0.00518132342325678,8.299597124548072e-05,0.005569957722661273,-0.051686919744272926,0.0022341223324855997,-0.01193091605160284,-0.005025414843037259,-0.03810500221731755,-0.02301821902989185,0.0031303023029757605,0.01102181109168929,-0.05230814767708373,0.032807009413180925,0.028044253428535677,False,19,-1
955,955,4.089491797787469,2.410751602920817,23.954919010743335,0.7052647637696542,49.015264639981325,4.92688876703598,46.47211121169527,2.154162888953446,63.55365413753519,1.5968191711271584,24,40,0,-0.001711790386526745,-0.002328592993598253,0.04433451503002236,0.06302470061574625,-0.015974997397739284,-0.011097677530322161,-0.011951825343114501,-0.008144814336765146,-0.01776815625286119,-0.047685588764642,-0.007159732431633233,-0.0007848986868529558,0.00500031048424021,-0.05877445953270256,0.001056770289068488,-0.019569337298414174,-0.004276617318496514,-0.03406201209817214,-0.0239597193027449,0.007422127819377764,0.01040305977253487,-0.05272282654307277,0.028954570794270752,0.018403155658148262,False,19,-1
956,956,4.082752861225498,2.4136550754929953,24.30260644473549,0.6652561999418275,49.42142669573287,4.87197134112304,46.24024268636793,1.9303348590959346,57.011720823034224,1.5655067652706582,25,25,0,-0.002393122103240988,-0.0040213111077224495,0.04369384464999095,0.054690548301764424,-0.015885106532729173,-0.01547457973685891,-0.014282051641350843,-0.016031654128249116,-0.01823603676927976,-0.04676370232973648,-0.0050030974716116896,-0.0015054247135475032,0.005156631349487307,-0.04994811966029742,0.011345082796164186,0.006859064118776813,-0.004797263497001852,-0.03662074281359771,-0.028289663086985148,-0.013626689719644385,0.009230854330415643,-0.05826265976184371,0.014354346205966678,0.022667739665251464,False,19,-1
957,957,4.076057749842241,2.4165168010611873,24.889598644181014,0.7738442354072894,66.40609380001203,2.474253704428916,46.948173352001945,1.970011605262519,58.24295812125167,1.7718623518006116,26,40,0,-0.0049046910889284125,-0.007048742487015979,0.044877805858421736,0.05675695041714916,-0.016412004265017648,-0.0593879692568613,-0.01280519296616891,-0.013007222200273763,-0.01805774742307706,-0.028864400750298426,-0.005112783539581079,-0.0013049600345805235,0.005447055379389212,0.03464709975122224,0.003526222714918513,-0.0027643463132847944,-0.008547512749472705,-0.012936253030596381,-0.022481620063371354,-0.005100875405316116,0.008926654233963358,0.022295263660075445,0.025774913884101837,0.03037572533328885,False,19,-1
958,958,4.069424987496514,2.4193544770323085,24.519129752017395,0.7860901582375523,54.687580210331326,7.469705101518467,46.180841869751575,2.148498047690726,55.11236693812919,1.9335572151853155,21,40,0,-0.001211892917696516,-0.0018945030412480628,0.044163717325731704,0.0536242770473822,-0.016874080949158446,0.002547311886377801,-0.012263977541095218,-0.012064416740993376,-0.017747800750333824,-0.05459536142971894,-0.005641904168219961,-0.004032337953127521,0.005500933806824596,-0.09282341280829008,0.00436786227074673,-0.001073101468022866,-0.0037249182584732955,-0.04204014077506997,-0.022453275806774146,-0.014013499398098875,0.012004137212528966,-0.08132050618482413,0.029713625750953945,0.030681040166037583,False,19,-1
959,959,4.062705828362915,2.422231363768032,24.06861668320878,0.7022179350468662,49.66996611803865,2.7400591286440914,47.18697714383136,1.9511323762893003,60.30238344520588,1.2866061605823107,32,17,0,-0.003102213616020721,-0.005142738072535076,0.044665424628735635,0.0584992343307336,-0.01599225469712125,-0.026526753650821324,-0.013748491545653534,-0.01435182932014953,-0.017717854537900885,-0.04167720144195197,-0.006526073469268691,-0.0028708930763536597,0.005103007446477903,-0.026283667294238502,0.0065457048001028246,0.0014041178361571087,-0.0057387601202904,-0.027571418403783077,-0.028988339745651327,-0.008228056127176555,0.009551746006626472,-0.028914186246117968,0.01662778724974362,0.020846525850611135,False,19,-1
960,960,4.056042102621964,2.4250864358757593,24.586055398265703,0.7676658603831341,52.66755128389299,2.6336505021372836,45.630158519672875,2.174806125747137,58.25112479316615,1.464256829821147,22,40,0,-0.0031145096435598665,-0.005716015774854525,0.043454892722485004,0.05702499539338924,-0.016694007688968972,-0.03081119262561067,-0.011627530574047378,-0.011412362403434231,-0.017778752965475604,-0.04233046811565669,-0.007654031470890927,-0.003331880013690953,0.005275717524730037,-0.02414127592652541,0.002396964752737858,-0.003493917072093902,-0.005605886314765485,-0.029887814869725277,-0.025826284554742066,-0.007334617166260577,0.010966093236469432,-0.025234475696320265,0.027713380865297378,0.024230359542812597,False,19,-1
961,961,4.049501495787474,2.4278910322490956,24.2759888590083,0.7839791974887568,55.78618998406705,7.444688543573757,45.119420801763304,2.3039948285499863,55.82170953043197,1.945049403393017,25,19,0,-0.0011916306028967663,-0.0030055692147952437,0.04333548024279192,0.05471506358111292,-0.01700889990872573,0.0044690376236085246,-0.010502973058246498,-0.010275355750885406,-0.017280074521942454,-0.05552560895075595,-0.006890997210196078,-0.004091715582422121,0.005567954137208321,-0.09343442403542657,0.0019439967869076963,0.00036032682158083543,-0.0031329744557855085,-0.04106227327386468,-0.025289839329293354,-0.01409554982744649,0.012099890354037697,-0.08041658671029836,0.031203743833518465,0.030880730172834325,False,19,-1
962,962,4.042834073062855,2.430751982678897,24.115943678996096,0.706370297769201,54.45417237539001,6.777119202190809,45.06410470958705,2.3551376101064134,61.20457022395245,1.0201557059576407,25,40,0,-0.0016430164848366888,-0.003278431145013515,0.04263312133197677,0.06005333706441914,-0.016403363477135387,-0.0027332656763039316,-0.012075521075453526,-0.011569313768397219,-0.01760138923483165,-0.054286628529121535,-0.008208062470878918,-0.002397311547205263,0.005428975858736631,-0.07235135133229013,0.006981532365323149,-0.00011875687612765789,-0.003878361667658625,-0.04789757441289205,-0.03804337494451979,-0.009307387030493301,0.010367069707462881,-0.08038645902689856,0.013913054870698284,0.015178246707848881,False,19,-1
963,963,4.0362222914228845,2.4335913056578287,24.72099484491663,0.7772180442629709,52.54750919008593,2.4443594986969805,47.19172245372848,2.541987929146906,62.527623683019065,1.7243432753347039,23,12,0,-0.0032128173229606163,-0.005961302430037297,0.04426700059240353,0.06154850232155775,-0.01721125929781645,-0.03086424952400004,-0.014304976588211334,-0.010758870786019064,-0.0174521615954874,-0.04210821412432568,-0.007928364996177467,-0.002394219043486344,0.005325894193488156,-0.015322872946209237,0.00368399315661245,-0.010876182095356403,-0.0059579632873326144,-0.031270084313098634,-0.02917299961068311,-0.0010347679642380076,0.010961164446582941,-0.02464645999339051,0.03322215332130327,0.028042380207504648,False,19,-1
964,964,4.02969189187176,2.436398723278865,24.419537158237663,0.7886644583993415,65.31100477629845,2.3658275153679886,45.57763695032976,2.231466665714868,54.817984029691395,2.0361864910672196,21,40,0,-0.00488955243618143,-0.007157718657579771,0.04363020027994178,0.05327306612692576,-0.016584506976267135,-0.058543440544135385,-0.011053721659432957,-0.012245273825271418,-0.017244135245077643,-0.028052806949820524,-0.007179265351274857,-0.004128567240559114,0.004973712007421224,0.02983885755907532,0.005665612260676575,0.005868802169368891,-0.008045896619824822,-0.011155274440778067,-0.02691239868849171,-0.01891427530608419,0.009999761061297985,0.026271443159317502,0.027576237224367414,0.029508779321187235,False,19,-1
965,965,4.023024766498587,2.4392691130706354,24.208106775446453,0.7662012283420556,73.4374724889217,11.546517712944505,48.122809657146284,2.1462105898897517,56.880625892484915,1.7429520803972318,25,19,0,7.766103455218634e-05,-0.0002007762874383888,0.04547472358788541,0.05496611080013725,-0.017013327914232067,0.02780694328419473,-0.015031450522768604,-0.013931630184308683,-0.01722129715491666,-0.0679690809091392,-0.004680792570164724,-0.004476823185643998,0.005368950466671838,-0.13938292223793475,0.015304340275800398,0.009105096586361987,-0.0012630015529016443,-0.06576327291010896,-0.02919543963256845,-0.02112004246202967,0.012182332168988534,-0.12984536296368387,0.01779152306916068,0.01991061990923611,False,19,-1
966,966,4.0164140177033545,2.4421189975365074,24.547801056726588,0.8028780345174882,57.91118546096802,1.4253878409251586,46.241526754309135,2.5085650041385765,61.80220726542613,1.3925709490485174,19,40,0,-0.0039380445499745745,-0.006222387549859389,0.04315000874050784,0.06071577146698344,-0.017259217921373433,-0.046114707138296115,-0.014491771575866563,-0.01130476503488879,-0.01700605005830527,-0.03447348372623762,-0.008145188693731448,-0.00230438832527955,0.005224104268675327,0.011540805272661938,0.005383244640310193,-0.002740257806956286,-0.006790988298246717,-0.022023556827708034,-0.03275838955138494,-0.005785290395096596,0.011088354407931406,-0.0008205242414275928,0.028545315879044415,0.02344678881479954,False,19,-1
967,967,4.00977036664807,2.444986027404056,24.52276106644158,0.8005382186885015,56.48934603722236,7.043481905520206,46.60179783498399,2.416215947037902,56.77436692494296,1.8808071276277938,26,40,0,-0.00116652891627512,-0.002442257025655671,0.04463698004191172,0.05577597992390484,-0.017317975401416823,-0.0018005698493801098,-0.011175625671044387,-0.009372087059773875,-0.01732318529039041,-0.05640779684184792,-0.007373802618146747,-0.0049530583885354,0.004875601199470895,-0.08031985148636044,0.0066854084142521355,-0.0020744611571392774,-0.0028791597771735573,-0.047344361792239505,-0.027068765670796288,-0.017427594210852028,0.012773273272234147,-0.08012176488482062,0.03163817387857398,0.02774058454281834,False,19,-1
968,968,4.003076895139661,2.447877431791029,24.388866263138606,0.7537479643942304,56.271164241024366,1.2205931803512817,46.971067217955806,2.3100611572941507,54.88391104963697,2.0818954549179236,26,40,0,-0.004234444739965145,-0.005648546291026262,0.044905592360807205,0.05349125997852709,-0.016796038694132025,-0.04468303209413258,-0.012417963633374747,-0.010956919401730155,-0.01716913974346594,-0.03373372930337217,-0.0059634813254439145,-0.005556502068575005,0.004911669585090475,0.009169455266630742,0.013911000663031968,0.007206837968947201,-0.0071987985486024544,-0.01921927438789802,-0.035044600778326995,-0.030791955701935575,0.009854791822840043,-0.0006116763818916973,0.01427988446558334,0.017894602159258432,False,19,-1
969,969,3.996433095858482,2.450750592273349,24.545221199502617,0.7938628412559152,52.49500788117462,4.6881159825823895,50.30346673290882,2.280253109702816,63.11699088418944,1.5504876066309907,18,40,0,-0.002297363304717189,-0.004902065447812362,0.047962920621393255,0.06203192344399667,-0.017595054645996214,-0.017654678092053407,-0.012529168523062902,-0.010556028651892807,-0.01695889317093125,-0.04919357629056785,-0.008544995432151105,-0.004936119043682728,0.005228685926443359,-0.0517999132032411,0.0048315465543089416,-0.004275836403537722,-0.004346750190655007,-0.04037275017471841,-0.03035261528365266,-0.0128068502791736,0.012072367270626034,-0.04880392524830753,0.025283387852079234,0.023452200029192932,False,19,-1
970,970,3.989711326415736,2.4536602578436506,24.604295311692958,0.8107402415098323,51.36263605405621,4.821377608976646,47.48474845521779,2.6856283479489034,60.376921721432936,1.900741572797741,28,18,0,-0.0020296964658922294,-0.002563957795169048,0.04455543054075125,0.05914959336992586,-0.017479599279962472,-0.01573393277093303,-0.013641742222868698,-0.010476866716954589,-0.01719637429963875,-0.04882611864981473,-0.009138808144851292,-0.006077297468746451,0.004999770303828502,-0.06031860218644865,0.0100149318520275,0.0005017945330773551,-0.0042368915509464755,-0.035060362230581926,-0.03525267122862502,-0.0214336799568728,0.012540972748439237,-0.047047602673051164,0.029223856666292514,0.02531547004248084,False,19,-1
971,971,3.983038638175256,2.456550778605529,24.435779294984442,0.7594360820975511,56.670069115763226,7.157769661175248,49.80739178380923,2.3040645389183116,56.391179850842256,2.5881305096016547,21,40,0,-0.0016828239805127421,-0.002410051701118283,0.04730857366221745,0.05363802101648302,-0.017363011864787392,-0.0014426076865917022,-0.015025857942775086,-0.016837163185042647,-0.017111435713786666,-0.056600417555402405,-0.004110806178349419,-0.004408832304092427,0.005198674977481236,-0.08633343691711512,0.018361830474850193,0.02121207589670785,-0.003673681104214928,-0.04925410679042517,-0.0344032201917977,-0.03786110622153071,0.01162599930123305,-0.07567851700868941,0.009817749242602479,0.012531550069839444,False,19,-1
972,972,3.976415850536888,2.45942232816882,24.75668451573447,0.8034947094892142,53.508375442017126,2.621446891963435,51.39683328772055,2.709011615256739,71.23740261398545,1.4199425998143336,21,23,0,-0.0033575768478514706,-0.004716329992249396,0.0483416403166907,0.07060350066929855,-0.017746693753510328,-0.03285220939643106,-0.013718558667626179,-0.008288166845628105,-0.016931478575171636,-0.04197183355086024,-0.01079450932559427,-0.004606464454052804,0.005414337432957691,-0.01979894805254935,0.006139954977109588,-0.012167427974698584,-0.006050979064545627,-0.03182012039031839,-0.035758158990338795,-0.002007916107130258,0.011433842333041726,-0.02624514375231503,0.03031772187053038,0.021496578285273443,False,19,-1
973,973,3.969706505943353,2.4623348268900043,24.438767477675114,0.7825809211299516,54.51052460275028,1.3083320385492347,48.17061055559551,2.5592699695897814,67.56016715202217,1.155669598270671,25,40,0,-0.003796091682938431,-0.005539095979573414,0.045477312913677875,0.06698572896132246,-0.017278403739377196,-0.04034289359883806,-0.010153294156683326,-0.005926198086031617,-0.01686119236535995,-0.03623764126249042,-0.012211975647622992,-0.006493726000882372,0.004586173205709809,-0.013709757260514167,0.005407607001466796,-0.009470427767928705,-0.006123050671616713,-0.018244811609182433,-0.03579926247940135,-0.011311742922516525,0.01131516659253497,-0.0007700718646415881,0.02616052162342546,0.013754782210357674,False,19,-1
974,974,3.963046250346444,2.4652284600091923,24.44676674083128,0.7496867850119019,56.08445713929072,7.138371685902712,49.31352655800113,2.7767861774112355,56.602932105765035,2.7693110114813964,32,40,0,-0.0020252738820589165,-0.001247311589984347,0.04666417929171178,0.054467380610263856,-0.01741933468838134,-0.004282839355617931,-0.015050158300965753,-0.014333985422614017,-0.01703259959012185,-0.05590677806366951,-0.005269820465018833,-0.005633225925771872,0.0049598308302735246,-0.0841654301164241,0.023986176288029893,0.017846981831090236,-0.004160737783105479,-0.04852315078675882,-0.0413174090547333,-0.04409814001935373,0.011370688265761889,-0.07799920620830852,0.008142499946282746,0.00854258202457086,False,19,-1
975,975,3.956437734627071,2.468101187886878,25.30115722440461,0.8170432877452899,54.4256362118615,2.543760537771853,50.87914665796109,2.553668539538232,72.4109566884648,0.7924065525887227,21,40,0,-0.003548280660492658,-0.004732576838429545,0.04789257597602579,0.07200261341298318,-0.018226293727912617,-0.034710147838904595,-0.013183620034309665,-0.007214746738642466,-0.017186054759375943,-0.041652829802255174,-0.011008219375260454,-0.002630159640871048,0.0055399683505854376,-0.015063346692088081,0.009020950235036724,-0.010078134758034213,-0.006359006742951272,-0.032410700620956044,-0.0377470748427226,-0.0012807396353510885,0.011498787225499582,-0.02633885710448089,0.021914810626199883,0.009384170962426644,False,19,-1
976,976,3.94980068547718,2.4709888184665556,24.4457174333575,0.7952846228858299,57.14495164245349,7.839784749379972,47.06028760692523,2.3483730288394713,60.218887564443634,1.6555079739666843,17,12,0,-0.0011947403602496553,-4.9950379282862056e-05,0.045317716938616366,0.05975331684590679,-0.01779179799901451,0.003977116480672022,-0.008444482920663118,-0.003695158033709613,-0.016721770847174428,-0.05700636409802966,-0.009469208484376743,-0.006496256808169387,0.00476922496736625,-0.10698888722925255,0.0024379854717245233,-0.01211260467634278,-0.0025518488563386135,-0.04228262743530643,-0.03294684382626841,-0.019821438058966988,0.01278304598968968,-0.07408118381250178,0.02425866604276532,0.017183200805241508,False,19,-1
977,977,3.943258048920205,2.4738376196017806,24.67114645850469,0.7840870914638576,52.77478458252899,2.630576520720838,47.78439280885243,2.498078906320214,68.77775603626381,0.2585888186774119,29,40,0,-0.003154452433736893,-0.0040143586048344004,0.04408254229196466,0.0683628031114611,-0.017876586587135413,-0.03329837125157082,-0.01571739695542802,-0.006664093473597745,-0.016707559648641995,-0.04074654935962914,-0.009645781157239495,-0.0035350720364060004,0.005068676901409421,-0.025422010455544423,0.017186059216973134,-0.004134189918734831,-0.005444248640926807,-0.0299064183738375,-0.037454727930981646,-0.0014972181095811604,0.01148674003660521,-0.023817212444695562,0.014237862518495223,-0.0010178522662536544,False,19,-1
978,978,3.936619550212341,2.4767308345458163,24.25926732635587,0.8443687497244973,66.21501387279771,3.116822888158017,45.405394663989995,2.925841767063174,63.76746176327368,1.0094631102110354,27,20,0,-0.005789577824926473,-0.007270440374608614,0.04150679584678987,0.06327101622580361,-0.01776112858198263,-0.06132979840856136,-0.015443254243315246,-0.0070571319934389,-0.015476923186311834,-0.023879375747688194,-0.010017068508397245,-0.0036420562203030938,0.00565040183795862,0.04903393733138887,0.016131327508019922,-0.008059733048339695,-0.008996046316698349,-0.012923009613687943,-0.04245284193901953,-0.0074197094343433,0.010213898103596335,0.019695192402237032,0.023350142420637172,0.013798498829434827,False,19,-1
979,979,3.9299884176783535,2.4796242629790806,23.592093147557954,0.8101981617061343,65.3626039161617,3.3696068459625295,43.57704485166445,2.5027264503071485,51.36403380809695,2.2647788304141474,33,40,0,-0.0051293369371317515,-0.00755411201633362,0.04172631741387027,0.050440014306660105,-0.01727323268061095,-0.06043661446106347,-0.010925653588279958,-0.00718954256993581,-0.015228663579904204,-0.02371963353069552,-0.006205108117497033,-0.006509946498883872,0.004950741521491227,0.053015875393009886,0.015979152724231557,0.004072366039106199,-0.0077468429675301605,-0.011500302029173513,-0.03709402441983537,-0.03752254722085171,0.010744015654770608,0.022710403748932864,0.01663471640561053,0.011744147758631073,False,19,-1
980,980,3.923401354985493,2.482501505978274,23.649577642004946,0.8053842087987716,64.36145559449372,2.598265794558376,41.91363379431733,2.659838049600893,62.76243191709499,0.7683988857007615,26,40,0,-0.005389306148607193,-0.0072119652116944665,0.03839270238582747,0.06247092199229289,-0.0174020003597685,-0.059481057572567636,-0.014279235602759234,-0.004635387358845194,-0.015080725624465885,-0.023502942668444497,-0.008880120041886265,-0.0038755579745760067,0.0047527226052981415,0.036280637174412836,0.018915946325113318,-0.007239202500446176,-0.008065555415717695,-0.010003952910931077,-0.04135616220257465,-0.009433054829342093,0.010485543437157623,0.025300276016033827,0.009324344204096816,-0.006202319952297913,False,19,-1
981,981,3.916730904175701,2.485417856270342,24.170669920823613,0.825363899060167,66.34722793247752,3.3584544635187834,41.382402757846364,2.8568399048577984,50.405894482428614,2.17500955667721,36,11,0,-0.00565161307908176,-0.007958807931265105,0.03881319268258906,0.049384311132654034,-0.017759109957413834,-0.06105987448370624,-0.011769059064316587,-0.008332034339743886,-0.015391379650513603,-0.024704326719653703,-0.008217577534617704,-0.005702737613486994,0.005458194921592682,0.0532826689163616,0.01667170638888474,0.0024877242521113485,-0.008409260087174655,-0.012518033195271137,-0.03859017751335075,-0.03134361953540062,0.010344352427907696,0.020978604101277325,0.026814136343841607,0.02127045338935834,False,19,-1
982,982,3.910103244332173,2.4883177649817414,24.176186793693706,0.806443275472498,64.03111195712667,2.697192171696793,41.456841692316864,2.1719037808291484,56.62756562533597,0.9126554227367023,26,40,0,-0.0054079691652964956,-0.00769092082456454,0.03897655614410813,0.05616249688797397,-0.017862015543717136,-0.05872869055842325,-0.009162501262590748,-0.002825464526688486,-0.015368483272814527,-0.024326404186178808,-0.010749249502176032,-0.0066687241784670215,0.004958331994864839,0.03887777665888359,0.010654879367458835,-0.0039007248132713708,-0.007664978457745095,-0.01054169215953664,-0.031929698679114,-0.013114475474946844,0.010713132991289884,0.024360539974804307,0.017432694388953906,0.008156156473125774,False,19,-1
983,983,3.90352953868406,2.4911963827991372,23.829276438529604,0.8278721281974113,63.84464997392128,2.862442034770609,39.20952610878483,2.4050462595748376,45.21233427448993,2.1183727300067496,40,40,0,-0.005364598670318691,-0.007138426347002296,0.03684576498161393,0.04371753771881378,-0.01761131207489227,-0.05886800729473564,-0.012994723086203459,-0.009526047525752054,-0.015129348422553791,-0.02365882323210313,-0.0033035908505809823,-0.0064951123846647175,0.00484501390226988,0.04092223171115629,0.025370271887663144,0.01306398901161655,-0.007789933408548845,-0.010404089574967237,-0.032792473624412705,-0.034243046152590106,0.011163292856885373,0.026702647156988297,0.006556335108414132,0.004870069149326981,False,19,-1
984,984,3.896882535444071,2.494109327718792,24.360430644917052,0.8125575791077386,63.29650120363513,2.878823631543695,40.894378206656704,2.432543908560187,50.036663223517614,1.7217524934012436,37,40,0,-0.005666584542314111,-0.007739193937516679,0.03880190940803661,0.04935342181667647,-0.017638623622501477,-0.056799706464625836,-0.00986387640212394,-0.0053689034186134845,-0.015817691283317975,-0.02683924900871166,-0.00833462281829367,-0.006251583608216726,0.0051351476886260985,0.04479609089822108,0.01492157062689475,0.0009694484688619872,-0.008593589778187237,-0.014347273432285673,-0.032375821951189,-0.02488625546551832,0.010045101758069516,0.017664118481642038,0.023057674689807746,0.016815230550946476,False,19,-1
985,985,3.8902731807529913,2.4970082340812696,23.90918026080418,0.7982731339613045,63.16480439821058,2.9440674577667254,37.80117274566736,1.967120746470409,47.455623114977925,1.5066671636256213,27,40,0,-0.0050619135954425,-0.006981064652606186,0.03614717059457424,0.04668283423488621,-0.01765103708232617,-0.05745858015893709,-0.007785913777881903,-0.0030932955683534245,-0.015312309473565676,-0.025289697845156958,-0.007854315094132666,-0.007948627274930453,0.004601769402730041,0.04378044716164465,0.012077029397772308,0.00048618898727257074,-0.007087933993863722,-0.009169914576154192,-0.028437412534906156,-0.024627654778447836,0.011076972219534059,0.025287679036190697,0.014973160659218467,0.009205312488755581,False,19,-1
986,986,3.883734909510431,2.4998764811407597,24.149816552569312,0.7877068724190505,64.8929932183801,3.3547796222543873,41.87113610278486,2.1206800551109866,49.08661143936067,2.039996254349019,36,40,0,-0.005499125764382249,-0.00805510691663099,0.04009032928219797,0.047353352026254195,-0.017658091763672428,-0.059601814370708446,-0.011503094398860774,-0.011092268398256092,-0.015529489708808271,-0.024368823219884483,-0.0036927436729039267,-0.006642067167491648,0.004654951583544038,0.05193486116449529,0.024566623713279973,0.020103118109117107,-0.007794244632150761,-0.0117045447423915,-0.027681651353327192,-0.029328576047681364,0.01032428388943181,0.024374262803337064,-0.0003977363135525947,0.0018413224197590045,False,19,-1
987,987,3.87744969522017,2.502623790034032,24.53954446645551,0.7953064928884707,64.29608446770645,3.051179989702321,40.145616075334985,2.119959660510931,49.983426919661554,1.6911350026772203,39,18,0,-0.005624110043516389,-0.007083820004515641,0.03849454569397423,0.04918270502191076,-0.018043406188689038,-0.059381291056527334,-0.009429280691435825,-0.005832429611249098,-0.01565228807393805,-0.023615000412493183,-0.006397586070139282,-0.00673700661946283,0.004671533194069886,0.047811270918184316,0.016764669877602254,0.0061014888617733345,-0.008138595896989521,-0.010679924676472764,-0.030442518591727728,-0.028061585078126547,0.010228114933059878,0.020878653473187014,0.012697217651180334,0.006819537242891106,False,19,-1
988,988,3.871819524592282,2.50506092990027,24.026208093422145,0.7798472375378347,62.515219920560845,2.752689204220201,34.27024146491328,2.116332921890774,39.974070737860416,2.6045286640330105,25,22,0,-0.005203001600016953,-0.007129264067203037,0.032762663738329076,0.03785805387125525,-0.01791624014943847,-0.05711533926195076,-0.006389500185831298,-0.006544347184807453,-0.015139213605940498,-0.024395990173969987,-0.007760902151676719,-0.011039275717242813,0.004366601993610157,0.04206844257093694,0.012120290773022848,0.008369567202883382,-0.007124925745298796,-0.008676822963312328,-0.03167482256057386,-0.042519533382896824,0.010743596802433296,0.021520590244550712,0.01463367617031587,0.013727093012981442,False,19,-1
989,989,3.866698714213328,2.507236129337863,23.980781824086726,0.8106277946151051,62.9061646951109,2.8595214454914393,38.90684780411687,2.003257391103803,53.01697002011209,1.8475889206231195,27,40,0,-0.0053576514175059375,-0.006975880006849398,0.03729837237155967,0.0524080819317033,-0.01802191612501886,-0.05779792003671457,-0.007081430687819389,0.0007932486963402786,-0.014885698081236569,-0.023831137073333376,-0.008510438525645916,-0.007972629105827795,0.004433045355911828,0.042657268438680875,0.013649845586896064,-0.02096171479345297,-0.007500765024485578,-0.008440012904532791,-0.03158564093651897,-0.022920425055830407,0.011147019616221289,0.02449364222046463,0.006202495118559358,-0.008665911847604952,False,19,-1
990,990,3.862169502405999,2.5090608563332677,24.87446291695897,0.8520937944885623,65.54112969426598,3.089235357496384,37.5698871994904,2.372746668420231,50.16908049790754,1.8422886245636652,32,40,0,-0.005537978872696244,-0.0061067886721480015,0.03486722316290458,0.049369529650927675,-0.019067207124869943,-0.06033200190434627,-0.009887798189168358,-0.001362627107345156,-0.014983701407530973,-0.02486757647878613,-0.009899728282176324,-0.008816429402996886,0.0050756984468964626,0.04812865586376856,0.01675176700435248,-0.022483573456538872,-0.0080406964361332,-0.00878023249775802,-0.03450486187237565,-0.022715507329822603,0.011434866767751403,0.02266314848437961,0.015613025662396973,0.0035177426562615194,False,19,-1
991,991,3.858253260366796,2.510596347625302,23.736811450353933,0.7528072812109622,62.77795321277607,3.1937241003465946,36.48091914447641,2.324228528506052,46.58296194388491,2.219812311022814,29,40,0,-0.005320252163728036,-0.006909593272417024,0.03446168064763565,0.045334463639933306,-0.017565824092131234,-0.05722619913504815,-0.007035552216180442,-0.004738354079572601,-0.015052340638860882,-0.024869480552498185,-0.009682511739192396,-0.009607640218159364,0.00414041311944916,0.05143940884694347,0.012204851870895614,-0.009702351484260553,-0.007720072317468097,-0.010910635686570427,-0.037446670637152166,-0.03750815148048063,0.009792337924084196,0.018493361875262765,0.009713053234448776,0.00016000314663808468,False,19,-1
992,992,3.854897500687794,2.5118617194305912,24.449845526956754,0.8197412283507778,61.2484737369181,2.6983462757949024,39.39833601470876,1.8619000902631728,47.09395556260363,2.0814529966646074,19,40,0,-0.005754775565589992,-0.007745355262198326,0.037889815878076515,0.04564580933211917,-0.01848977454277101,-0.055267864689140425,-0.007459758471895641,-0.007275101608367425,-0.014926678861663519,-0.025235850286193014,-0.007806582926885448,-0.009020733758194913,0.00464194770583446,0.03923646539326368,0.011233911271772807,-0.002223912871659813,-0.007900730496936506,-0.008781823904833858,-0.030491037700151064,-0.03576473525861584,0.010987551017230344,0.0245218455337183,0.00032329704693482664,-0.005972990973423841,False,19,-1
993,993,3.852137031622578,2.5128437182430465,24.485299850678444,0.821339919668453,65.78953742651976,3.2578309855805054,39.57114732335156,2.4592624343671363,56.04858927992083,1.3658295497429154,20,40,0,-0.005318663541789297,-0.0060742187643954915,0.03639559191522749,0.0555632732462102,-0.018967388052066523,-0.060812182192297067,-0.009862777412189145,-0.0004420486184620628,-0.01454234910147598,-0.024356633556560692,-0.011998425369365465,-0.007346537923073274,0.004586750806028258,0.05078897839543677,0.010360001332609135,-0.018180203325843983,-0.007703655217604648,-0.007237120379959432,-0.038210902831143936,-0.015242893116362002,0.011185262643854232,0.024518348112264256,0.016580555414051654,0.0023227733972021494,False,19,-1
994,994,3.849992918280501,2.5135353422317426,23.937342777326194,0.7625745723623909,60.80106865322954,2.6010197191135234,33.498207091769494,2.230439983676462,38.505679725379835,2.8109884003464605,19,40,0,-0.005342748869563251,-0.006774639455838334,0.03193821419245011,0.036592310445798054,-0.018151663729595275,-0.0549018841794001,-0.0051922927151846895,-0.005327783156260295,-0.014661804718508788,-0.025232069339827586,-0.008667205369673348,-0.010738012571781391,0.004166900611314585,0.03984924852631446,0.00645630083945079,-0.007966656371560153,-0.007247052340000046,-0.008360431263411877,-0.03496131963265367,-0.0468229052294373,0.010356557683686443,0.020074110225680654,0.015857241055377377,0.012293491366386924,False,19,-1
995,995,3.8484251886511993,2.5139485685451786,24.048756031182517,0.7784644096732317,62.895593893968204,3.15185507875495,38.60988400931307,2.1837229146088024,55.092480161437585,1.5528597785952754,21,40,0,-0.005665353279308165,-0.007847834828079426,0.036277289274818575,0.05477859556114247,-0.018356734232627337,-0.057059581724594015,-0.008533651027743587,0.0006462584743664139,-0.014466400629757816,-0.02526799068387771,-0.01009248364974812,-0.005836881759251714,0.004349654798381312,0.04984962790011338,0.01334208214869826,-0.012267671099257771,-0.0075907126767814515,-0.010022843393763033,-0.035652382114123866,-0.015664629139228423,0.010395278894405419,0.02099249073495737,-0.0018732493657127995,-0.01840298918653081,False,19,-1
996,996,3.8474566715196414,2.514079398055248,24.719792483113743,0.8309535924444335,60.74686829578466,2.261760020079044,34.52564148796925,2.5194932935887757,47.391511866038016,1.7916779396574691,25,40,0,-0.005615841279262682,-0.006355472381086582,0.031957107763460516,0.046527343249141075,-0.019288699277055305,-0.05497384008118044,-0.006691417437948177,0.0012260295799241113,-0.014404046213951908,-0.02505328092860199,-0.011224442802272113,-0.008925165465949611,0.004887973628056808,0.03225581810406281,0.01025534214327308,-0.015500414782594743,-0.007668085342591254,-0.007972451270866272,-0.041211703590426786,-0.02700375111998943,0.011297858059194409,0.021314089617491382,0.01140561499708827,0.0028965399261819728,False,19,-1
997,997,3.847074487776915,2.5139308805054736,23.861000140453765,0.7836159093617957,62.04161243500726,3.052926333647308,30.256524980697044,2.439291051545928,35.02683243993592,2.8400677803518337,22,18,0,-0.005766173025253495,-0.007090530582094018,0.028470729109434507,0.03314476687815644,-0.018027258235072726,-0.05729656690020323,-0.00565801045739021,-0.0059076577082117325,-0.014529849857158746,-0.022715401626442196,-0.008535912695711328,-0.009664522738894961,0.004137344645199714,0.0479971598717644,0.00961241151488518,-0.0044558309355627644,-0.007807782115727552,-0.008418808140183837,-0.04070682069207011,-0.048795351190110345,0.010438986078118398,0.021553191975422683,0.00794184123985637,0.007496586605226691,False,19,-1
998,998,3.8472239164270112,2.513527072212552,23.762228636606046,0.7844298670044667,61.157216017270386,2.4842141670887097,35.69238380266357,2.275697311249258,49.92821217007196,1.7607121958451335,22,40,0,-0.005369960847277293,-0.007085335093260762,0.03301998761271588,0.049001061453268484,-0.018384160843078857,-0.05517309571185372,-0.009222019624205763,-0.009190852126308243,-0.014065193222023487,-0.025415204251980933,-0.009928798196332455,-0.0026926908743972787,0.004190504268301964,0.036962448793164925,0.013308610408068982,0.025411898786660184,-0.007140261263383683,-0.009679187170368694,-0.03733584514388462,-0.016099716916843212,0.010903973856279427,0.020493469655725446,0.002543170786314747,-0.006275447685389273,False,19,-1
999,999,3.847651650400023,2.512999412111749,24.17082509689964,0.7901381614025014,61.37423103304563,3.017871244354768,30.44394430198946,2.5620551981109707,33.96304116516013,2.9713613476382337,21,40,0,-0.005861392051016135,-0.007198709091955902,0.028943272266142843,0.03239639731627304,-0.018500243704299375,-0.055657431282113444,-0.004733393803573959,-0.005470052456768493,-0.014408811608551543,-0.024844016691828882,-0.008167969043210856,-0.008604657589511584,0.004195731763959339,0.04729973176728434,0.009241784993437165,0.0021322407488645065,-0.007712863085588344,-0.009322153849262101,-0.042817623556544226,-0.050317087549168436,0.010634181301632,0.021216744416302342,0.008988209148679238,0.012373676596305536,False,19,-1
1000,1000,3.848096590259916,2.512457998015261,23.734729769030423,0.7679106545319319,64.01766164284558,3.030688797914261,28.681703287223325,2.600632569799943,34.99541251634466,2.5380293618436025,22,40,0,-0.005046819474433757,-0.006979808064693245,0.02625212226523252,0.03385197836427024,-0.018295215521877177,-0.05931294373355346,-0.007390113734120464,-0.003424772472114747,-0.014253143492206884,-0.023054673870133754,-0.00887988733173819,-0.008184949085263578,0.003687593348346481,0.04606174361787116,0.010563945353328158,-0.0020494282852389903,-0.007048737424509321,-0.0093709981148631,-0.04305781816223372,-0.044173772358395834,0.010786371929237738,0.0242576563440697,0.009728475244692269,0.0025882679487403935,False,20,-1
1001,1001,3.8485245620141257,2.511928541043568,23.47726607568509,0.7329209386791605,60.14400524361731,2.646583563703063,32.81831605623003,2.5121789063488187,43.47350386461079,1.9992575233949157,21,40,0,-0.004749009469076984,-0.00550997705902011,0.030337522262379506,0.04292641050114215,-0.018307828053050056,-0.055042083361778495,-0.005391313543326136,-0.0010093597910203755,-0.013908715376737152,-0.023607426347409522,-0.011296475114998572,-0.0068007361782408005,0.004243518902293832,0.042022457911902,0.007756285075866543,-0.002766726391000924,-0.006724745200943096,-0.008197320545294115,-0.043075127096469774,-0.031988012059523056,0.010020111462766712,0.017337260770576936,-0.0026128641107134518,-0.013662996428313756,False,20,-1
1002,1002,3.848930498646215,2.5114188775934303,24.666571075992202,0.8401126614727731,65.88188420884153,3.4696906846648075,31.59721368820638,2.1344354985249687,38.302268254432995,1.8549395416511303,27,40,0,-0.005260519783002739,-0.005759223708999911,0.02963431191773611,0.037174523734364105,-0.019571563350121605,-0.061278360703080986,-0.006243790349983344,4.84040016374514e-05,-0.014061314600413037,-0.023499287621542818,-0.009011467809738603,-0.009225843896921906,0.004557400776722009,0.05660193484016437,0.01021843660899886,-0.008959130550538569,-0.007506387923782162,-0.008885150023856219,-0.0351029103055819,-0.03109986195317075,0.011742229306785246,0.019608393456704048,0.00715191026278095,0.0008126490481068887,False,20,-1
1003,1003,3.849332465768709,2.510907849166885,23.26088826341895,0.7025364580170714,59.624201011938034,2.393161998460124,29.362628631596888,2.6089582104921956,39.7299764093114,2.2576784955060174,26,40,0,-0.004474066790226748,-0.005560482451929439,0.026133969051408298,0.03826126141662854,-0.01811025149300611,-0.05365490528615437,-0.008226406603448332,-0.009982583737584863,-0.013894978949963235,-0.02540231327945511,-0.010559633335104417,-0.0038593940217291314,0.004019161063275269,0.03630401373034634,0.014209735737414617,0.02592036040668487,-0.006739032439947364,-0.009486668799648207,-0.04263705006701053,-0.02931850297790706,0.009422207311663208,0.01834758857330699,0.007320756466649462,0.004607544131096203,False,20,-1
1004,1004,3.84972775956846,2.5104029587917305,24.12313770748067,0.8186394619072499,63.589438379195855,3.2589121869331605,30.915650978714467,2.44513227984991,33.32651789466411,3.202459535079002,19,40,0,-0.005355059424748189,-0.0062086853425254804,0.029761007691845545,0.031987505733369344,-0.018851967866897603,-0.05907060464727152,-0.0026665233636310416,-0.001033106585961294,-0.014066002237912224,-0.022709746064295815,-0.007934075229969082,-0.009294566300967115,0.004160248084504165,0.05201748130721744,0.008845988061891172,-0.0028307352834177537,-0.007559400775415809,-0.007631067668679032,-0.0415777510700041,-0.05562679653575545,0.011388302121626614,0.021705768451748056,-0.0037744812532316727,-0.0046610789026290105,False,20,-1
1005,1005,3.850110374813689,2.5099131065263878,25.049902480447965,0.85533076143665,62.78591943510646,2.746461520667139,29.428151251380328,2.3561663166474007,33.719413937104704,2.364037868333855,30,40,0,-0.005863783271502927,-0.006983766533662025,0.02774169982213523,0.03264024345547441,-0.019664988271125887,-0.05801250394636671,-0.006709569579297855,-0.0024634150782071144,-0.014366693994140643,-0.022974944400101793,-0.007169090117526814,-0.008095984781460048,0.004458019245191812,0.04098679782520277,0.011903043626394964,-0.002703296146293865,-0.008014249357665258,-0.007068226430446974,-0.03881764159787342,-0.040654708144378736,0.011779352550436207,0.023829965944619478,0.006526703891049694,0.00650343503391928,False,20,-1
1006,1006,3.850499931118686,2.5094158779197024,23.51511065081996,0.7477678320481377,62.2102302806787,2.7429383874494766,28.877803727681144,2.2378677293045053,33.334131372744885,2.321516340639507,25,40,0,-0.0052129655615352245,-0.007273772433072521,0.026231436339425086,0.03182730739840914,-0.018129497324648688,-0.05781292556042889,-0.0036510636356944064,-0.0030069700624341987,-0.014039470991818391,-0.021791526433713973,-0.011511256666119213,-0.009441660298179022,0.0036554004585276157,0.040909498522227,0.006761046291588852,0.005973393826196338,-0.007063421351560295,-0.006371793307060428,-0.0378086022662168,-0.039695469717715016,0.010347705390272074,0.02403469600273321,0.007094907903119428,0.005504996299532791,False,20,-1
1007,1007,3.850883156500468,2.508926400370912,23.835158011579942,0.789466498821916,60.13770974401905,2.5249870344790635,26.672298312063806,2.7363368157509083,30.8389060520973,2.7661333430788133,32,40,0,-0.005402192287990826,-0.007021163955120402,0.023814543796733218,0.02918761643975254,-0.01855999756093152,-0.054741844595488635,-0.006903299573259915,-0.007376909086366287,-0.013944804281838159,-0.023886771239633297,-0.009829723088827402,-0.006685984249716512,0.003763580876297221,0.03779538947231502,0.011608793119748145,0.014191265221331075,-0.007407889118470918,-0.008102330242435077,-0.04609057068371638,-0.04571767417172078,0.010991527849098404,0.021165237330668822,0.004661553242874539,0.006267417293548611,False,20,-1
1008,1008,3.851256021857804,2.5084488482962546,24.628995835938785,0.8109323525617661,62.77905145517998,2.9781754945423593,25.10749380008576,3.024100628440506,33.49226845224811,2.123583610668885,37,40,0,-0.005615493063749288,-0.00696364424901596,0.021124829166351396,0.032359250713706274,-0.01939511742262914,-0.05688116467507549,-0.005788539999507552,-0.0011789827717225351,-0.014102591736985836,-0.02563688876584337,-0.012272760173975347,-0.008556923451155546,0.004189416202755678,0.0470550885405139,0.005064652128662574,-0.0049173344296113575,-0.007669394207503339,-0.008989906763785981,-0.04998327555933387,-0.0358188022229744,0.011133240132038702,0.020169614316832257,0.016180358550762722,0.008157094156889571,False,20,-1
1009,1009,3.8516298561747857,2.5079684892490133,23.332536150526927,0.7286788149013758,61.01206581322632,2.72733374596086,25.393732920994072,2.8532666350159195,29.598878941001278,2.8498634859193954,32,40,0,-0.004814937452549906,-0.006292558429612798,0.022137508700756474,0.028028674214975426,-0.018236906405891186,-0.05541068007778903,-0.00234721027520602,-0.004624528888650416,-0.013734586462156157,-0.024749392245553902,-0.012217323115587828,-0.008312688426307013,0.003447614000237801,0.041977102910213955,0.0038179162093569135,0.012561445533076043,-0.006873803338421127,-0.010067466139912495,-0.04937008763936232,-0.04768940257097165,0.010129578191583458,0.020060402460269355,0.005286598761162295,0.006476799704012385,False,20,-1
1010,1010,3.851999052899288,2.5074940518265767,23.751879908988197,0.8068241968435149,58.60693497668074,2.5079591838864426,26.51242061860067,2.42898106834803,29.393658936413015,2.932738507415912,26,40,0,-0.005172927832551563,-0.00663788490919979,0.023381918196501678,0.02698865517230262,-0.01877898479891117,-0.05300136120238145,-0.007569094724546692,-0.007656073871090463,-0.013591995687627104,-0.024115700735989346,-0.009945006463574829,-0.008774064653347473,0.0037541963559911177,0.03708713634214363,0.010561077230150002,0.012857603432907129,-0.007118560791791759,-0.008641967540226779,-0.040991089540950744,-0.04928968897400614,0.011555408575360356,0.021583823016900476,0.0023284064284434165,0.005020892468413119,False,20,-1
1011,1011,3.852363053141929,2.5070258595224817,24.349782803315815,0.8137676122090368,61.230611666762165,2.4806789672805456,26.654414716612152,2.3960708494822804,33.499127392099,2.2237205694677655,28,40,0,-0.0052066128950142366,-0.005946203825650278,0.02327144281327337,0.03154099198003705,-0.01944583723688587,-0.056142592558117196,-0.007081209906448126,-0.00991826565637139,-0.01369899700294401,-0.023703159409726306,-0.010897441880300104,-0.005383806025198104,0.003958085559043564,0.03586703310083263,0.009170659023842887,0.02437053369593963,-0.006997832536802116,-0.005710848137735163,-0.03932201898438213,-0.02765739467181939,0.011708413800876996,0.023568774309887495,0.010887323631584775,0.012143244662468513,False,20,-1
1012,1012,3.852724476097532,2.506560118024506,23.27537104157314,0.7569230936923526,60.15624739639001,2.5037617333466464,25.684340435775,2.5080279351443098,28.34072931518952,3.0321034597735177,25,23,0,-0.004734722960870795,-0.006138008641129874,0.02207093519488701,0.02560307349118449,-0.01834285707933968,-0.055254807964579704,-0.004098102206594347,-0.005430898701265306,-0.013522754518722235,-0.022978362594721878,-0.012480573766786171,-0.010871288112199187,0.0035742735686917363,0.03555905597798253,0.008674672546307206,0.014662459452639868,-0.006696418456372697,-0.006897225137312987,-0.04258493208712747,-0.05048105033767514,0.010812390550975538,0.024445336060024265,0.0052325295384234366,0.006101000301574023,False,20,-1
1013,1013,3.8530792904599056,2.506101502773578,23.974156335266912,0.7774034467382941,60.000872081300066,2.3541733038827943,23.522484931722627,3.0210351805131404,25.754907442756387,3.4446362376021624,33,40,0,-0.005161994671962083,-0.0057099399668496705,0.019878624380268533,0.022422217126927435,-0.01882462740562575,-0.055114689325240086,-0.004439516861157102,-0.0031092245400912116,-0.013919317010321224,-0.023018954291491447,-0.011765979778616537,-0.012283816966121117,0.004068993306250041,0.035481554365865,0.00965690130833212,0.006288248200669831,-0.007631610280903698,-0.007204059109329069,-0.05179618661767007,-0.059263232067673664,0.010454626707652593,0.019426547949851054,0.002009220819419863,0.007922814121921426,False,20,-1
1014,1014,3.853424473657684,2.505650383737171,23.99747809511545,0.7789000436299311,61.28975418304965,2.804725417722006,22.81278928129345,3.0849951223770025,26.15289033422954,3.320135649221744,27,20,0,-0.00478263600608,-0.005658129722677664,0.018473447447854334,0.02334540788947785,-0.019147520275532775,-0.05553828288231656,-0.004991453431227445,-0.00865442796661942,-0.01365202604220173,-0.02529661381180864,-0.012419359356583145,-0.008004153913983523,0.004000178690806716,0.044698019731606184,0.0066194580632748246,0.022626181992104394,-0.007395988726316415,-0.01152245544590606,-0.051779448868009136,-0.05162276624501233,0.010681986013781203,0.016296880535134582,0.013197530279164595,0.013454936616161131,False,20,-1
1015,1015,3.853761879705727,2.505205762414071,23.35484766455813,0.7522516389045248,59.25675594796403,2.191673397961695,21.385276293083237,3.196127219666171,23.89862652553762,3.6109859384913863,31,40,0,-0.004835365112260203,-0.006393381191158237,0.017952565082992318,0.020734849844199866,-0.018285790868311957,-0.05336670753111292,-0.00715617760222036,-0.007161084372593484,-0.013700292186162024,-0.024949595782492555,-0.009155575962107058,-0.009483101937352169,0.00330751943502664,0.03087848999721882,0.010697784245423348,0.006948161870885873,-0.007080887769798304,-0.008551348022997273,-0.054287950495686306,-0.06152057132788957,0.010549835033384542,0.020895034116993037,0.007079025777410644,0.011786251922605646,False,20,-1
1016,1016,3.854093561419988,2.504767631444845,24.1280931914005,0.7897753502350717,60.000904288942195,2.726845089706433,25.787926146105033,2.1432644758139507,30.159767866561864,2.6628481358372067,27,40,0,-0.0054270433268742485,-0.006954153392396042,0.022704858848477307,0.027759610933099838,-0.018941856191822537,-0.05391265415585799,-0.0020049749680021755,-0.00232892010566765,-0.013925450290365874,-0.02540027535198539,-0.012061782412453561,-0.011558188861116541,0.003716493081375232,0.04144356079660404,0.007170710178925628,0.012278166801481973,-0.007540748884942032,-0.01036233902510234,-0.03635319049645871,-0.04480975140110448,0.01092375437138455,0.02097837258927958,-0.00512949700207717,-0.0011409969985689485,False,20,-1
1017,1017,3.854425263388953,2.504330628815609,22.637954171208268,0.7846764150093881,59.089383225692494,2.919792378169801,23.516284673011185,2.931982530981282,26.417514546139888,3.750961358904517,40,40,0,-0.004838515472502169,-0.005889762529957826,0.01942579510835196,0.021857803643074943,-0.018804115754394984,-0.055207541527550294,-0.00637879696088263,-0.01221575628621269,-0.011639199619191912,-0.02022358192351849,-0.011617447162017328,-0.008420023340356447,0.004721566799867393,0.046107587299312885,0.01009058419231428,0.031827512154226925,-0.005862201690604212,-0.00781843992061442,-0.04986841589002518,-0.05542939871342457,0.01144113392044929,0.020245567903208316,0.005474616390969651,0.014158754381634608,False,20,-1
1018,1018,3.8547539222607954,2.503898851834473,21.76621273882171,0.7586176904470565,58.08898365489247,2.6135945155451945,22.3661187166323,2.9353393652188204,24.650684830580634,3.218736897255586,35,40,0,-0.004528818253300334,-0.005977015212134813,0.01797308027807104,0.021424486498267902,-0.017920897197821042,-0.05455982949809521,-0.006881652353054786,-0.007601141218568586,-0.011493444472626482,-0.019021837880474474,-0.011395372422882856,-0.009532591099881093,0.004110073610250585,0.03730940869400514,0.01197692256612798,0.015521063651316785,-0.005343410736878237,-0.005580918232554197,-0.049057993285555275,-0.05249797297676332,0.011395737162443135,0.025644985580838452,0.008632292226021894,0.01260861940965524,False,20,-1
1019,1019,3.8550803161410254,2.503472012195274,22.69606367079804,0.7983758127179105,58.765937257868224,2.9441024424276954,25.160478059646028,1.934116498721898,28.392632174970096,2.635707411622348,28,25,0,-0.005248034531069069,-0.007234713483932852,0.022776593484572963,0.025906332989671474,-0.018594092810732408,-0.0545032085821369,-0.002107949225735242,-0.002041560645603458,-0.011909204518165548,-0.020748362751146977,-0.010480123829905817,-0.011438334799337264,0.004735044620721511,0.045264147101972706,0.002943181197077825,0.003929827071247882,-0.006201086261040057,-0.007522653532502638,-0.03362312643219465,-0.045655875767240374,0.01154513857343412,0.023128143437431796,-0.000581306381188104,0.004032435473074479,False,20,-1
1020,1020,3.85540425761411,2.5030478192010603,22.676137429330538,0.7930905132996179,60.313840428581265,3.0436855272891883,22.002279828015624,3.216165945289645,24.729934280411214,3.3927108481283836,38,40,0,-0.004840992902799058,-0.005554561828240484,0.016548384004640673,0.02113252845419195,-0.018898889525231024,-0.05716992542309417,-0.0063688148577936655,-0.0065407192256496495,-0.011558718403960173,-0.0183985275839799,-0.013026492305006849,-0.011054631728711831,0.0043891135326145575,0.047627656139959354,0.008773677948606373,0.010043705195482115,-0.005535477205456266,-0.005113559579649641,-0.05392426734306662,-0.057228632388761705,0.011903624065562574,0.022966066975817725,0.012886981651969621,0.011415009440326978,False,20,-1
1021,1021,3.855720939373724,2.502630992486581,22.263598626521162,0.7747644633076922,61.569193860074975,3.039424308656244,21.321980068688575,2.9070421155341553,24.208394329269773,3.0672884604886534,38,36,0,-0.004688121987145769,-0.005933950152858344,0.016886662755857873,0.021127238198066726,-0.018441133360200205,-0.05855540399839392,-0.0076843872766726665,-0.0055476984388862,-0.011559149468182608,-0.018078122987405517,-0.010507980167548213,-0.010435957270646076,0.004220778942459919,0.046577359921210926,0.015866188933580928,0.006029103774007172,-0.005624891809272582,-0.0037045145825006006,-0.04818284413784826,-0.052917264567574736,0.011549686645684046,0.025117968453201307,0.00098339335463436,0.005415943803001434,False,20,-1
1022,1022,3.856029448922038,2.5022212780952806,22.653652136985116,0.7872653120137569,57.42983258106879,2.830712773269197,25.588938608094416,1.3611213885321798,28.840463669120684,2.7553211780557105,40,16,0,-0.004891637046249361,-0.006707068484796231,0.022999680736551988,0.025263060292623717,-0.01870494798810948,-0.052736818706642354,-0.0013274377424434241,-0.0068091309014096085,-0.011806132428251438,-0.021726225059420252,-0.01113761079161241,-0.01213201820261566,0.004421395951931335,0.0439299899617749,0.007295665319504609,0.021757090648594497,-0.005877924541358892,-0.009019703577920608,-0.02235455429759173,-0.041168801408464115,0.011605993176496977,0.020728734994366515,-0.003375954589213763,0.012014646847558309,False,20,-1
1023,1023,3.856330602088079,2.501818299568396,21.960608390775082,0.7620324979290787,60.3093628445095,2.8779043924939596,29.302248624588586,1.2686723543511116,28.199774001588384,4.2790576223896695,27,40,0,-0.004658008389144593,-0.0058441359341308615,0.028235790218712864,0.020728322969834213,-0.018410406557995872,-0.05759680191461267,-0.003381837678300752,-0.013343750958453563,-0.011028517992411401,-0.016901885430417915,-0.007065769533438519,-0.01369336302584844,0.004223126877724931,0.043552704541616305,0.008566262314057863,0.02992338516520397,-0.0051242312084374495,-0.004792542891362371,-0.018196587398142294,-0.05944017411355361,0.011523750173136418,0.02455883911989836,-0.00926251010227195,0.033898428598744694,False,20,-1
1024,1024,3.8566223123907273,2.5014229507113153,21.824868280783136,0.7436856182681918,58.870762237522676,3.1238431504991815,27.34752513966558,1.9834427377205062,31.753986022552937,3.261088149426066,34,40,0,-0.004197508995392438,-0.005973902711730178,0.02550511741512247,0.026658214653160244,-0.018164925880188067,-0.05476969428329137,-0.005488272731619185,-0.01564697326240441,-0.011346420645930909,-0.02074511318196432,-0.008200913322845383,-0.007268249276966285,0.004180377726834834,0.04807105313804801,0.013865519084548283,0.038416157963335,-0.005082119215562534,-0.0058157382782356975,-0.03075256735181971,-0.037777303370165674,0.011187973207504741,0.025058500714621776,-0.007772107023881977,0.018346329013500563,False,20,-1
1025,1025,3.856904376781722,2.5009978018326455,22.165532640831227,0.751130258226964,58.912105372912485,2.8285030518715892,22.977372296600326,1.3620699541921595,24.66575148037894,4.027451836326533,22,40,0,-0.004658230686321933,-0.005973849746780736,0.02013243418546747,0.01592597648804481,-0.018293569599620987,-0.055151385461833506,-0.0036528575315529586,-0.010880147260587138,-0.011617100990719933,-0.019831136132665007,-0.010454729230284912,-0.015374815920263825,0.003953767804234723,0.04370460145961744,0.005006115583764645,0.012244428724431343,-0.0053255800577682415,-0.005050902768687519,-0.023034843027487182,-0.05899940768507093,0.011307963985151511,0.02239344520955882,0.003077592933085027,0.036196002482459216,False,20,-1
1026,1026,3.857174623477396,2.5005455552010565,22.348256595787344,0.8095604471886171,60.58608058757095,3.107995516778306,25.336729266506342,2.1633011886475657,26.918850355016623,3.1786566472591034,32,40,0,-0.004289648309674819,-0.0052098483347567965,0.021005817627235426,0.02227269656213858,-0.01894260694714928,-0.05707469373640308,-0.004148625542068356,-0.005669297011476743,-0.011055366673985462,-0.01964713659005466,-0.013546009812755288,-0.014014655317999794,0.004385563258409875,0.047618715104760095,0.0024346958367102677,0.005319098649035838,-0.004907834768912996,-0.004542910955620696,-0.036684431062539165,-0.05283574716384852,0.012502904868294619,0.02557954977174073,0.008596238559116521,0.016059333416275624,False,20,-1
1027,1027,3.85743620094422,2.5001005680759674,21.11790349329957,0.6825738916681999,58.73044394392584,2.944991294377908,25.119976997915604,2.1191244520984855,28.407001282513907,2.9144272472066968,37,25,0,-0.004213666490285237,-0.00593319145572187,0.022173019998124734,0.023996113522636982,-0.0174720851978121,-0.055232338392391805,-0.007478370005880967,-0.01204692899244997,-0.01108770046048128,-0.019064393006562954,-0.009134791217849998,-0.009274468153179111,0.00380033243595075,0.045630401565044956,0.014998913054479415,0.01994898671121857,-0.004807574988819635,-0.0058885550122663045,-0.03276579694478952,-0.04634593230675776,0.010216071658067639,0.022915720598562467,-0.00832929075470273,0.006440355557068525,False,20,-1
1028,1028,3.8576871671447135,2.4996639218389163,22.54157563055007,0.7958591094030498,60.723596987708795,3.3599892135729506,20.78346391403823,2.352854159270942,23.52305050194891,3.490391666004163,32,40,0,-0.005093985504658715,-0.006770193116240744,0.01676155281001347,0.018351680250132774,-0.018693464338046712,-0.057080304002008496,-0.003935093723753426,-0.005108247164382913,-0.011520778386390026,-0.019579545738672707,-0.011641209432380095,-0.013800563315375911,0.004311087075355436,0.05295636918861302,0.0076889172247924555,0.0037917182291477385,-0.005832586556891359,-0.0055074674868314365,-0.040221972545610274,-0.05934748205563862,0.011846417786023331,0.02458205659766175,0.003067892416413265,0.013213731488379166,False,20,-1
1029,1029,3.857926374788664,2.4992360777805516,21.521086874879764,0.7404015587029115,59.313415786587136,2.7100490597381084,25.39108339236423,1.006343729189115,28.38716059820214,3.3584301733103064,19,19,0,-0.004055308198099817,-0.0052039836034388455,0.023287998108196838,0.02258317180142253,-0.018290420986758763,-0.0557394022959222,-0.0031837191171200895,-0.011609472419621363,-0.010591135719160672,-0.019598950957157038,-0.00960417578628688,-0.012690602363702253,0.003838306948800938,0.0404858695284921,0.0037481231851779822,0.02360937299216566,-0.004261479509527898,-0.004272234625413651,-0.01709848121280001,-0.04931665703677946,0.011580016259905545,0.024080369020004887,-0.0014449955412259654,0.021124889062163775,False,20,-1
1030,1030,3.8581547785352006,2.498816771399183,20.81037245088246,0.6860252725465243,56.51651582073893,2.691081991203819,23.33093909260915,2.1918716931215956,25.925900027795844,2.941032570990884,40,40,0,-0.004171719756499851,-0.005857989959599278,0.02021037541324972,0.022202880096956586,-0.01731323684363712,-0.052324394515296344,-0.00593154126926642,-0.008920217606824158,-0.010766623696117673,-0.02054162244703893,-0.0100344537853108,-0.00998068762652844,0.0037093941004644813,0.04072366575058024,0.014791658289788406,0.012763703658257889,-0.004659443036011788,-0.005584035262942792,-0.03507699937626565,-0.0488022681983719,0.010387121245194149,0.022724816352982357,-0.0037795360063841476,0.009500917431665637,False,20,-1
1031,1031,3.858377126454725,2.4984037681121314,21.851811189201605,0.7339315924267626,58.949072303391496,3.1239409091964,26.69514212680008,1.3602770381102542,28.94454640197843,2.6694079068339756,26,40,0,-0.0042901068938944395,-0.0058262462834773225,0.023910874232094606,0.023931735537029705,-0.01826099612042991,-0.05541606769094549,-0.0025571970685084595,-0.007917293567709809,-0.011208597404542624,-0.019238176143992772,-0.011591438641507029,-0.014225865989972384,0.004298598385140282,0.049145275307099404,0.004299644005750955,0.007789826069368856,-0.005146680555238168,-0.005589423135693387,-0.022934773059308185,-0.0426512857195807,0.010914101192422924,0.02294043888771398,-0.004377121392437293,0.017053167872222243,False,20,-1
1032,1032,3.858597142154387,2.4979952764378637,21.20738384532196,0.74055232678887,60.84163188176553,3.017864732336845,23.99425012722285,2.261169241212282,25.48987185139651,3.5670346371933936,31,40,0,-0.0038886702089197035,-0.005138438290559458,0.018789349651468265,0.01950124609338991,-0.018072998378947092,-0.05780871063128663,-0.002276404874171978,-0.007460967855242228,-0.010392213583431543,-0.01826071184588781,-0.014747961204568217,-0.014620838774458297,0.003324295988991683,0.04596141072526178,0.003892653071525509,0.009738663789950542,-0.004052432196875031,-0.004154991761419154,-0.0390692056399456,-0.05911137511583972,0.011814586283290417,0.0253887813009264,0.003989820358270275,0.01693739712070819,False,20,-1
1033,1033,3.858815764452223,2.4975907930559664,20.76952868776463,0.684993570803999,59.53059050940965,3.497626221911784,24.099969868877483,1.5111303188579754,27.3039460795083,2.732950964319251,36,40,0,-0.003771163562062995,-0.005629862639083575,0.020889277986951726,0.021857594034643643,-0.017447801486792747,-0.05597969647886969,-0.006143679802840937,-0.01225695677259634,-0.010617244019872532,-0.01945429091994076,-0.010329656884176789,-0.01084057494804183,0.003767535570949834,0.05548660276872384,0.009370642457507497,0.015950312637221912,-0.004399696025849412,-0.004394278829955243,-0.02462835005929571,-0.042898798537236146,0.010458478682101861,0.02506851963136334,-0.0011107799376958599,0.013434080097958283,False,20,-1
1034,1034,3.85903206545294,2.4971906831298005,21.721278823943756,0.7247110937304522,60.09383779774507,3.5104733339458396,25.354595148237724,0.7886200245756985,26.50825228524774,4.082840849508224,37,18,0,-0.004188643440453799,-0.0056916073960997845,0.02170393694161293,0.015340041745454029,-0.01822388066392093,-0.05636781702049811,-0.0008963518131378563,-0.0107473967071005,-0.011052574063240637,-0.02003856658680953,-0.013076359194845257,-0.01875803887633979,0.0040780917081518694,0.05564492893885785,0.004777707025956911,0.011536095154907252,-0.004878411206753979,-0.006663423263200786,-0.012769463603868204,-0.061871129824694455,0.010934222436419278,0.024762269678674453,0.0018874455306883166,0.033417497145352595,False,20,-1
1035,1035,3.859240128662634,2.49679852102937,20.94870589116898,0.7368640331030007,60.691695774655685,3.5200954200049166,24.285514682670893,2.113925794989197,25.124295880939048,3.5269640285730643,27,40,0,-0.0038572679459600873,-0.0053863327509691365,0.017697144851813763,0.018873263022313333,-0.017869245242373374,-0.05739775563236487,-0.0038408509466828634,-0.010132743577501404,-0.010230339045001556,-0.018972796416620367,-0.0161816300631769,-0.013128506921815407,0.0035462788239952634,0.05478863150234697,0.003875881628540222,0.01560504370897842,-0.004089452080709202,-0.004178720814440182,-0.0364610338880257,-0.058168272950869404,0.011666104025708942,0.027482366349851513,0.004099879431503931,0.012736384479317858,False,20,-1
1036,1036,3.859440963267349,2.496411145522893,20.581833998973767,0.67017356874586,58.03680520715677,2.645518902638356,25.153117445119648,2.1371137769501334,27.546091600093508,2.5534330066026154,28,40,0,-0.003719445558959385,-0.005191267697350045,0.020349481069672177,0.02425583947631286,-0.017305609129403137,-0.054340841005987205,-0.006511008790695965,-0.009444293338284993,-0.01050207161257095,-0.019707726837713387,-0.013273458551956838,-0.009013697192634696,0.003462540171759452,0.03957418653151805,0.009797200301989885,0.012602693626989687,-0.004317067905703665,-0.00551428473395223,-0.03598501147152128,-0.042185838121301604,0.010304725020145018,0.0231392256527135,-0.0005994491631343679,0.006902092510104412,False,20,-1
1037,1037,3.8596326650895136,2.496032864544354,21.271683978391597,0.7218564818817773,58.84372625774689,2.9291160148282533,23.706148635258273,1.5642209339862962,26.719607427855426,4.026108129365633,33,27,0,-0.003926571178312002,-0.0055394971502491655,0.01679911882473631,0.014252416015169614,-0.01789521038269791,-0.054867141103027636,-0.005317389524092784,-0.012495272747286429,-0.010808701282632994,-0.020530341409715703,-0.0158586398684886,-0.018832796335121464,0.0037610831227235554,0.04365085287469235,0.006165886731200418,0.02189235875668946,-0.004933270073045007,-0.005703425193550439,-0.026257411866745527,-0.05708245824385646,0.010965681214459837,0.025992428602656444,0.00422659973072847,0.034641418435661715,False,20,-1
1038,1038,3.859817459378487,2.4956610770596965,20.729872521713368,0.7095307368401742,59.209968633453016,3.0437382929057657,25.05216682369966,1.6624093139578642,26.162256973237216,3.5131397037945544,35,40,0,-0.003685805995941462,-0.004612976701344279,0.02046460788357943,0.019854025921438832,-0.01763243928487386,-0.05619604971073378,-0.002660690697801252,-0.009460008523109825,-0.01025863215989373,-0.018070551414831867,-0.014203225399339775,-0.014170024113854703,0.0030434680486580074,0.04669991260531657,0.004919012567591179,0.01475751665613628,-0.004008946057499738,-0.0027852410961485153,-0.02841552461539668,-0.055890199059540596,0.011314609104945535,0.02516824970350762,0.0031942788672142505,0.020448359714980366,False,20,-1
1039,1039,3.859994251922533,2.495294766042996,20.79772484117966,0.6955210273897551,58.96860534701726,3.2715179368055245,22.216250205185524,1.3232615260923926,25.280400425874536,3.6425872697856048,31,21,0,-0.0038376060420467263,-0.005277219480173352,0.01948733790718549,0.017031258827077327,-0.017673992057790407,-0.055368002591660276,-0.008000956533665993,-0.015491807228147917,-0.010268794631144867,-0.0195916221926683,-0.007056212087016992,-0.010442163437887859,0.003587062236092251,0.05221103633273062,0.008712212989756121,0.01138754811038493,-0.004301944447786709,-0.006206854843973491,-0.021277305137968175,-0.05700937165842494,0.01076962315292139,0.02226546605124341,0.002182922384542101,0.025730407366756084,False,20,-1
1040,1040,3.860160950588848,2.494940551472254,20.72814058857884,0.6704934444270189,61.76965298549353,3.2947098287691357,31.46245942484408,1.5267237830639555,55.696275605036405,6.878320340822424,33,40,0,-0.0034328992864244407,-0.005004224538402566,0.01983701471023014,0.05252405307104577,-0.017497341569540595,-0.05810549600990081,-0.0034306227762179093,0.016610851606671372,-0.010569486872501551,-0.02035188198081299,-0.02417871021815201,0.008208445295138722,0.003492869734935593,0.051374416989854614,-9.959443023695421e-05,-0.07772468292796983,-0.00438493458854723,-0.004481908845210674,-0.026417806116214148,0.07637303992386406,0.010272120586862003,0.025440877376368413,0.0034810818377190625,-0.05037733359050909,False,20,-1
1041,1041,3.860318494439156,2.4945912123253047,21.043365060383167,0.7203484046558561,58.892121637958354,2.6194248335579497,26.922032009057546,1.5253267202713716,31.347865302754165,0.5689532104842598,23,40,0,-0.0035437839514651827,-0.004876283820340593,0.020744954546542568,0.027645121852899336,-0.018042690004393357,-0.05551071032772454,-0.004819165226855372,-0.013011137953541804,-0.010233579323738928,-0.01905426162397859,-0.016468707140357735,0.0070104340758522145,0.003182315918736679,0.03856868144889539,-0.00028820270737086364,0.001433574762325024,-0.003968537875349884,-0.0030594497454300984,-0.026366218495477125,0.007840259815391767,0.011497395674771444,0.024355582886585153,0.0036700042437162444,0.005923023783546365,False,20,-1
1042,1042,3.86046566555772,2.494250280608583,20.537543110575225,0.6839710606773204,59.199150348273456,3.3530852265325346,27.189338095611777,1.3938832299500665,36.92056443667855,4.087377529419439,21,29,0,-0.004019766699728695,-0.005098502273726565,0.0212217342995625,0.031178759731420244,-0.017414866398579885,-0.05634091341430582,-0.004426182448743622,0.010791496879037427,-0.010117044085013242,-0.01744265324324213,-0.016410576111967924,-0.016569749999412364,0.0034586997878300464,0.05410703378238299,-0.00026988882013725106,-0.06778456400583481,-0.004409032066367547,-0.0037799344063766394,-0.02424424786256294,-0.010528174545861368,0.010540534157490334,0.02197748020922883,0.0019969918427867914,-0.019584396425531222,False,20,-1
1043,1043,3.860597586594336,2.493924710391481,20.957478728581364,0.6924246836147717,60.242472138571124,3.229238661288992,41.70426768557255,1.441439310680962,90.61368197802162,9.178107818306538,30,2,0,-0.0034715411428128495,-0.004608769340007116,0.029374066859370596,0.06860985769037883,-0.017838773621984706,-0.05625519081245073,0.0037890250551971334,0.059185500897400635,-0.010437551073708844,-0.021053935527399335,-0.029360746388029806,-0.0007767064077209536,0.0035132914023667844,0.05132620294992711,-0.01966513130150105,-0.12810821204320727,-0.004415185457659319,-0.0049809182020679466,-0.014085824023507292,0.08022098264547489,0.010687017101427918,0.0227454702310035,-0.006913044902090899,-0.053039037890236264,False,20,-1
1044,1044,3.860722101457705,2.4936002858705155,19.314597297373627,0.7019577205995119,56.44843980120784,2.223826137976141,44.720669466273165,1.4874121002288365,78.43383141654225,0.0,31,1,0,-0.003580681803234275,-0.004607563223232533,0.02984484938353915,0.058725328602500924,-0.016903421057027437,-0.054384426848672125,0.001972755976154598,0.05196185508875672,-0.008631728862316118,-0.014405930496706253,-0.03324652578306591,0.0017796929347231548,0.0034040989469645657,0.02949650662800679,-0.021615588461991592,0.0,-0.0033944703672027085,-0.0031809723659232247,-0.012852989130808698,0.0,0.011268907781845392,0.02502585301998677,-0.006442126041860174,0.0,False,20,-1
1045,1045,3.860834280086363,2.4932869672127422,18.484168461791853,0.6038018607546859,54.331295698770255,2.158346131733763,75.11245397304276,2.5670114957242416,80.1884340580827,0.0,37,1,0,-0.0033056777002611823,-0.004727405781451887,0.049031962373389006,0.056471905407830605,-0.016160745242477174,-0.05186595315616019,0.011015210590453893,0.05576732175059163,-0.008340700922203598,-0.015474631823978985,-0.05582483805005605,0.011450531911771639,0.0035384909362894132,0.03166496667293252,-0.035455941162195984,0.0,-0.002821813197964357,-0.004079483048398324,0.0074945408065944154,0.0,0.009516977560833024,0.01999337808446113,-0.026343864742374833,0.0,False,20,-1
1046,1046,3.860932244334264,2.4929884099483797,19.448036026240793,0.6722630084156754,55.87488332163906,2.2888306383228567,43.93327088331224,1.5470029341324207,128.53312102347732,10.081350406788218,23,3,0,-0.003221692464131469,-0.0042061321076870255,0.03057561390775007,0.09905630986310736,-0.01708712021655724,-0.05413620800153767,0.004123471526068088,0.011029702259869094,-0.008710747708976485,-0.013175053021286557,-0.03127716590812533,0.08116006619266994,0.0038250830095997793,0.03318262454655884,-0.021659877468886164,0.05283725635575566,-0.0033548041275459177,-0.002951463378609267,-0.013736963583432014,0.167461881508539,0.01057270449685874,0.02204575894396193,-0.008435724954789078,-0.011140713870803953,False,20,-1
1047,1047,3.861018080669656,2.4926934797327345,18.95971378756303,0.6675203690722491,54.55412271027478,1.9062049292117658,47.67482134777003,1.0205570748589108,75.93755432614338,0.0,40,1,0,-0.0031666862753119878,-0.004111792706671974,0.03339519218512991,0.054518565279682796,-0.016594619544344866,-0.05241536188072439,-6.540100065672982e-05,0.05285212884558021,-0.008605896067145229,-0.014555937082090692,-0.03402418922133399,-0.0009437549317123375,0.002852853699406671,0.023636076240140053,-0.01009548749302616,0.0,-0.003058121311229154,-0.002607509288958868,-0.011470670241242943,0.0,0.010873895280000382,0.023268001655249865,-0.009152873416261528,0.0,False,20,-1
1048,1048,3.861087791950476,2.492411580779461,18.904081443446145,0.6544239193246101,56.72544460797551,2.445387169019203,54.93362581417811,1.8847953164607107,80.12141120796062,0.0,32,1,0,-0.003487258642114925,-0.005086932090284756,0.03680765613063324,0.05537334839869098,-0.016583104535883835,-0.054453760377433706,0.007438789507360727,0.05790611693330919,-0.008378780718898696,-0.015056133920710172,-0.040094439838042034,-0.0003382939228355304,0.0038034865640991476,0.03657352994744897,-0.0309357368755742,0.0,-0.003290572879753692,-0.003974546696951058,-0.0014998857974702444,0.0,0.010254965888929499,0.02163717174749432,-0.011084661050140103,0.0,False,20,-1
1049,1049,3.861141553995914,2.492141818361396,18.96749967324876,0.6535633442957571,56.35086169969646,2.3107388416819195,62.569003543575114,1.8753973228244347,72.54805612854716,0.0,40,1,0,-0.0031416703071653917,-0.004611877350950552,0.04260991557921129,0.05068147524496077,-0.016701670373200493,-0.05425304184837362,0.00650771429933518,0.05102630511863005,-0.008423191692032426,-0.014517494680444241,-0.045353334534151184,0.009535444455594443,0.0038439515553870085,0.033708687020804234,-0.02708257056615182,0.0,-0.0032110217053275686,-0.0035187828999709327,0.0029037361958754947,0.0,0.010248375360635432,0.02185981615071365,-0.01815150737849014,0.0,False,20,-1
1050,1050,3.861178700556996,2.4918823443378697,18.97493104302029,0.680200093439816,55.32204698467797,2.0095323081441054,74.3674416863979,1.726985476734201,69.57532576741902,0.0,40,1,0,-0.002995648273436194,-0.0038197830670026267,0.05116157943080866,0.04483143611285782,-0.01671873358400602,-0.053311416009945906,0.002857492294435837,0.05314904485732574,-0.008459198948852255,-0.01427694165115347,-0.05389660389033884,0.002459130426635663,0.0028179686379427096,0.026764365702911543,-0.012969295036146203,0.0,-0.0028593271414614494,-0.0019684489777127105,0.0076450377009303514,0.0,0.011172345447914334,0.022581101030875628,-0.026112560055780023,0.0,False,21,-1
1051,1051,3.861200223042314,2.491634969851994,18.747799666128216,0.6529042269887567,56.5723322523519,2.3970874999607887,64.69746198986861,2.1990846876601786,73.16066973134768,0.0,40,1,0,-0.0033415923293497653,-0.00462716953773114,0.04348811317516084,0.04782748916497408,-0.01665019840069544,-0.054596906534154485,0.005853743639507547,0.055261424911185124,-0.00794258435543413,-0.014078205689660422,-0.0475423946157303,0.003345114721360995,0.003910181342729982,0.03574083742883378,-0.03177765823942654,0.0,-0.002966494227132524,-0.0033612915238184268,0.009146461336314568,0.0,0.010284157943393995,0.02148568429275642,-0.01948446664526175,0.0,False,21,-1
1052,1052,3.861206910697741,2.491387693945084,18.984998684241553,0.6367362097109528,56.561545579756114,2.323184888653742,55.62939332642481,1.137870648802125,72.2969486989359,0.0,37,1,0,-0.0032048064284626054,-0.004386260086849012,0.03588870969132054,0.05002722618905904,-0.016705678162975614,-0.05435260250854636,0.001260908845960496,0.05176736889848868,-0.00843087824083695,-0.01502543714403359,-0.04248576264397723,0.006653190838468515,0.0036339521363445005,0.03394386872412441,-0.01744916296311368,0.0,-0.0031656999218261468,-0.0032444572495762703,-0.00680744462244514,0.0,0.010013725104211151,0.02194002652787054,-0.0066021735893890725,0.0,False,21,-1
1053,1053,3.8612034528418735,2.4911097962178643,18.556749863933295,0.6547404767876618,55.67751168089362,2.1737739944745815,110.88675151256288,3.4308310331453837,66.46656571277842,0.0,40,1,0,-0.002819491634190586,-0.004075132359336264,0.07396507880446732,0.04045929914894209,-0.01646961673092807,-0.053263960996680564,0.008563546606518755,0.05243811094662866,-0.00807187445229742,-0.015694873754638104,-0.08216875591108697,0.0055761985596434315,0.00299740930998256,0.031100270896439783,-0.02494491073480364,0.0,-0.002540353015670415,-0.003422362918358868,0.02751225668168512,0.0,0.010730661237465954,0.021458500858301893,-0.0469718792762166,0.0,False,21,-1
1054,1054,3.861191002963851,2.4908426406536073,18.203421806149535,0.6429396224281448,54.26357950929346,1.9923200170693243,38.026031937545724,0.7213063328247921,103.73226047000816,10.721733289809942,34,5,0,-0.0032524941657784143,-0.004761306484553202,0.02634074957987464,0.08639219377461108,-0.016130741704455873,-0.05223995197975318,-0.003326302768167946,0.04842583338332,-0.007783637916701029,-0.013887168137336195,-0.027222779549121348,0.030849787327607268,0.0036872409828594857,0.02586520396524498,-0.006615173037443494,-0.05524249870912247,-0.002993727401084098,-0.0029325949685916793,-0.010459253368299065,0.1690482747232082,0.010166708744565649,0.023054737699278672,0.0023088344697617044,-0.05821009079221241,False,21,-1
1055,1055,3.861172912214503,2.490578844854653,18.49029657648984,0.6402081290829341,54.72065474031108,2.2280127629748785,119.30445769070671,3.6187849710232975,65.20991951358918,0.0,40,1,0,-0.003088991396525293,-0.004720165680282974,0.0795123549257245,0.04001021651215613,-0.01634804454895003,-0.052182838326814696,0.0075239149768167625,0.050933323888023234,-0.008067876986189724,-0.01578041429483168,-0.08862691319492558,0.0075705148660372475,0.00366277843104109,0.03198339063739375,-0.026597604772599433,0.0,-0.0030799683131297554,-0.004313409484794941,0.03335832881990908,0.0,0.010097044585807895,0.021693098996924023,-0.046571865141528036,0.0,False,21,-1
1056,1056,3.861152525609548,2.490321759799044,18.716289444411665,0.6577182426031974,56.45312704802692,1.8870256121368623,78.43062185758286,2.0949459407428006,69.03487424637824,0.0,40,1,0,-0.003363100487095471,-0.004890508133082856,0.051200745405681994,0.04037264267249562,-0.01656720219372191,-0.0544364532999675,0.006308317973121565,0.05597767606342501,-0.008032238614049607,-0.014131915504324851,-0.0590766556197935,0.0015373250763896043,0.003351067273606606,0.023803871998263688,-0.02477461656524022,0.0,-0.002927358091825795,-0.0023203023994499902,0.013850714316284676,0.0,0.010581888939470374,0.02264273800766601,-0.023049524081278045,0.0,False,21,-1
1057,1057,3.861134923039339,2.4900689719947584,17.862398503558104,0.6413079521566314,54.29213059961786,1.9346078711810923,71.29478469795491,2.288319725426121,69.990317470598,0.0,40,1,0,-0.003402646907831324,-0.005218605801286182,0.045843013194494714,0.04585019634409702,-0.015808252281345532,-0.052041204227671736,0.008728874058896339,0.05263458179737305,-0.007588572601607923,-0.014564156723631665,-0.053899640296026605,0.005099493490386437,0.0034289741372264685,0.0251373905464072,-0.032629399724150056,0.0,-0.0028432631805067783,-0.0037506773218896807,0.011389078579921802,0.0,0.010268387951980415,0.022229213951772256,-0.02001779214930544,0.0,False,21,-1
1058,1058,3.8611198964134736,2.489815701169316,18.639523688342937,0.6386114146771374,56.314937998945275,2.2924532812444043,74.73713232035539,2.1202939666179175,67.602459463545,0.0,40,1,0,-0.003056861696411413,-0.004472128335552382,0.0490415524866297,0.04601619277703555,-0.016577572667110452,-0.054308210038688895,0.005794289358589538,0.04845395986573966,-0.007954339970354718,-0.014212340847624334,-0.056098050661323264,0.010237983256297897,0.0033858238530030346,0.03305177496274501,-0.027467805927317512,0.0,-0.0028839745612649443,-0.003444098753529988,0.013964742691672572,0.0,0.01022004629876368,0.022284234111738403,-0.020492872850900255,0.0,False,21,-1
1059,1059,3.861108138214338,2.4895665453656997,18.723283849971725,0.6742993122149065,55.84742612829188,1.9912107874831575,56.45055393792105,0.8906613874571607,65.94228703617108,0.0,40,1,0,-0.003729062293279058,-0.005106861798931123,0.037923913116374115,0.03991557608375466,-0.016538572396078588,-0.05383084415939458,-0.0010694058490899288,0.05235376245629924,-0.00794550663199797,-0.013967647790827587,-0.0418006964651281,-0.0037703530513947406,0.0033608622833632535,0.026560409978083663,-0.012338685524252378,0.0,-0.0032544815954427993,-0.0036957954063801205,-0.0006217693083019408,0.0,0.010798901305296016,0.02210587116753467,-0.00943485298105615,0.0,False,21,-1
1060,1060,3.861099492876477,2.489320724700677,17.725935578298706,0.6250955309853714,53.83422009630117,2.055236120753094,61.93521888381718,1.4955368665282633,69.397122749161,0.0,40,1,0,-0.003489860500494866,-0.005425640536055714,0.04192233595336884,0.045695144548011664,-0.015667592248250706,-0.05160078092357035,0.0028291103283328138,0.05222938586702683,-0.007520386888693697,-0.014354270661660392,-0.04550258477437675,-7.524992795818605e-05,0.0035533819175268006,0.028285810967207982,-0.019810462471835148,0.0,-0.003270170052961265,-0.004492552017104258,0.010419166190962365,0.0,0.009782996609420036,0.021597048140237975,-0.013427701601366039,0.0,False,21,-1
1061,1061,3.861092669593672,2.4890767373024896,18.707228224728237,0.6624545189807575,56.23262371173662,2.514166172782932,44.96558652882966,0.5804456338069481,69.20441802806414,0.0,40,1,0,-0.003753778900143147,-0.005654057487043911,0.031344043699169634,0.047676977019963734,-0.01643559968250744,-0.05393367284943118,-0.0005219353353070541,0.05007901036332965,-0.008108057405893852,-0.014876106224731551,-0.03223635339134949,-0.002872291397198581,0.003224373731387339,0.03637772347478657,-0.005074156561142545,0.0,-0.0036428604962558554,-0.004110923353867379,-0.008622349793748613,0.0,0.010488713673125394,0.02419210332744441,-0.0015933760413151447,0.0,False,21,-1
1062,1062,3.86108159708792,2.4888416285043764,18.424918366647,0.674965155597225,55.91541740203137,2.354619130626674,53.323037540729516,1.1258952885496676,64.01527147795194,0.0,40,1,0,-0.0036403839984080516,-0.005183286711946103,0.041412834822335994,0.0395642544925849,-0.016299250866350187,-0.05394411583769317,-0.004328122925098736,0.049811977700428174,-0.007782007604566013,-0.01377315536087127,-0.03331052080789489,-0.007168795325151201,0.003288482681340711,0.03439995541201377,0.0020109830273689257,0.0,-0.0034292467025466133,-0.004671143828229427,0.011020640636147666,0.0,0.010779755645721728,0.021993019373398377,-0.01614455680443188,0.0,False,21,-1
1063,1063,3.861066170198332,2.4886089780236498,18.073303994878135,0.6436735860116449,55.45779264855937,2.4329757645051013,33.664537062178326,0.6381375715098586,41.79646162923716,4.076418957538037,40,40,0,-0.0034474059697420694,-0.005528175138033514,0.028452641110528587,0.04129670588776964,-0.01596351801045945,-0.052691705328153295,-0.008484192728331981,-0.004603543979655856,-0.007741175757002384,-0.016388722790531794,-0.015867159266697857,-0.00450928712444887,0.003402909591502743,0.03609184361568947,0.010480792865250362,-0.05580888988623065,-0.003363105845541628,-0.005884674803454334,-0.0002922122189906965,0.040268512057024225,0.010164521652584137,0.021584553949191024,0.0037568290673405543,-0.018047181234319674,False,21,-1
1064,1064,3.861049270704661,2.488381570001772,18.879841239594953,0.6851778170371744,55.71447103994927,2.48808385292627,31.959343261046666,0.39947537323476373,43.30319499678957,7.4420526316947235,40,40,0,-0.003640012459379651,-0.005496359922843515,0.027242179088045975,0.04191186021812956,-0.016652205155746103,-0.053038709540978946,-0.0052492460223351805,0.008764079960188577,-0.008118052597687088,-0.016148919502170227,-0.015865330642921928,-0.006461700429250138,0.0032448848295411627,0.035616456826112426,0.004587271297426955,-0.11962261303563515,-0.0036517258424968967,-0.005525334399814577,-0.004669332545788529,0.03883086809885084,0.010915307915684711,0.024221715065838173,0.0024011035517225456,-0.032458746171722654,False,21,-1
1065,1065,3.8610340474703135,2.488159846543732,18.61768481439455,0.7139843081531461,55.715773443800764,2.469898155576443,41.592092469541136,0.6174393396215835,83.30422934291202,11.243614720110028,36,2,0,-0.0036766131742326305,-0.005129017753704479,0.03419692478534787,0.028650969400361402,-0.016478454651460014,-0.053608709427272735,-0.004352553304560769,-0.06144681029613802,-0.007846096845882822,-0.014284497221301073,-0.02327074925633205,0.04840460807884376,0.0033373641368950767,0.03608626504435387,-0.0045650565161682935,-0.1802519816330786,-0.003732053053094017,-0.00480949873874266,0.00392983978914738,0.054307229885096925,0.011411384534100696,0.02308543610275751,-0.0089356770752662,-0.05540161092157342,False,21,-1
1066,1066,3.861017762450984,2.4879391079209845,18.021127557419486,0.6688690030196657,57.36047159148696,2.4763901834891215,34.71093247414406,0.23576812340341743,38.943087360148134,2.6466028696076584,40,40,0,-0.003611644447218702,-0.005987380768276541,0.029540772120061412,0.03864148885776897,-0.01591449012393161,-0.05521210513256931,-0.004314388252798178,-0.004520155827612938,-0.007645002741853109,-0.014352645037189797,-0.017708124400379284,-0.0017226674923335687,0.0033023583089934775,0.034164587587815626,0.0022802574298677438,-0.009007912664365531,-0.0032989276290615946,-0.005487407200973109,0.00310807487884909,0.04516818960884739,0.010700140038351725,0.025898613568778338,0.0014397727975854074,-0.0035195070359222333,False,21,-1
1067,1067,3.860998575939389,2.4877244411994948,18.36764669005397,0.6496527723349064,55.09955709557361,2.4608621018335204,30.354485793118087,1.0330890756424682,34.94054905296906,4.617353822184529,40,40,0,-0.0035609526059380884,-0.0054253527556406235,0.028302008422988897,0.01887174821108611,-0.016200347864815667,-0.05216412647378169,-0.007765269835267469,-0.022336351289974816,-0.007889156515615333,-0.016894692919155012,-0.007751884375760403,-0.01912554570806139,0.003210791705516805,0.03594995751070816,0.0178892631929589,0.022149948465250938,-0.00344918247018499,-0.00446533467743271,-0.002103404423563587,-0.06265107810940769,0.010312970009837918,0.023073283087965205,0.0008123492795476732,0.04559223923705084,False,21,-1
1068,1068,3.8609766054449217,2.4875169171350646,18.129063004107408,0.6835761618207831,54.997042515546276,1.907475997325047,29.852668126496688,0.9404140209995846,30.90291323387473,1.6447162963173183,40,40,0,-0.0039356856314696365,-0.0061395050094983465,0.025380317587742316,0.02711446695735375,-0.015952009741600926,-0.05222107483795688,-0.009045201088400623,-0.007062574974712001,-0.007662029053782595,-0.016122670574804175,-0.012853233472028953,-0.013035174056587575,0.003133701452553554,0.021889771179991562,0.013141384454826438,-0.009034647240798065,-0.003929500279479922,-0.006529670809277563,-0.00868816558760775,-0.023412670086635758,0.01082032645602005,0.024218609368207335,0.00460618057918059,0.013937004024512905,False,21,-1
1069,1069,3.860953858242932,2.4873109550169836,17.800082275545954,0.6440895210542071,56.11837514699739,2.389594115572228,28.819716756129505,0.85385341056135,31.379284417641014,3.1787223511961367,40,40,0,-0.004087697501797235,-0.006673613260481768,0.023973633905475536,0.02606093439811188,-0.015593841706796816,-0.05318686689809247,-0.006813056690842457,0.000987941220384602,-0.007547566427224731,-0.016610000143084017,-0.014471461909466245,-0.017450248164584424,0.003582306421255738,0.03363914450001664,0.010436326113517334,-0.05164685181011973,-0.003819226790402268,-0.007647308727111713,-0.009523113383438551,-0.019660187688677853,0.009947438032971958,0.02343802132504794,0.0047412556247973464,0.004900830224795554,False,21,-1
1070,1070,3.86093221802546,2.4871094703274883,18.452055667365666,0.6584267772762555,57.18130202315098,1.9833432249407568,49.06864665044609,0.7663645565556495,51.17911563309381,0.0,40,1,0,-0.0038449894012990036,-0.006290056483680775,0.03718349580882894,0.010374668761446354,-0.0162831059581026,-0.05496947935819463,-0.00976605914805698,-0.046421035084826714,-0.007781701305798327,-0.014439280784856632,-0.030491700711140858,0.018887975718142585,0.00314298369196431,0.024054975509115093,0.012081393557128364,0.0,-0.0037532349933612694,-0.006201917425068185,-0.001032295457055425,0.0,0.010396845560604759,0.024107110835487958,-0.005646287637066868,0.0,False,21,-1
1071,1071,3.860910557651651,2.4869129696121837,17.132323743539377,0.6500383129702436,52.68488879030139,1.4716046649128827,28.797845256483097,1.0018597075729265,30.298640880345435,3.736584112293766,40,40,0,-0.004119893124139223,-0.006260305023427006,0.024811755275507174,0.021720691353383063,-0.015273422584055557,-0.05118749924100414,-0.008363794080143431,-0.01799126664912484,-0.006577656122660647,-0.010786380732770407,-0.011989146764872203,-0.011069486468996569,0.0035561954300970017,0.009298510390866708,0.015014223613926736,0.05166717996869229,-0.003643653762113053,-0.003170791971551923,-0.007068394390894915,-0.023188928451381357,0.010138702760679292,0.02373119145130902,0.005510205255741747,0.03233980605638986,False,21,-1
1072,1072,3.860886811135621,2.4867190333657465,16.813904464875254,0.6465219769360585,53.10772567687078,1.9351585965660085,53.60747633735086,1.144613382380993,53.146529948175505,0.0,40,1,0,-0.003753250416796833,-0.0059559091434094776,0.040590944871046294,0.010811987140648991,-0.015188964239186422,-0.05175825821761389,-0.007508179306708665,-0.047178244084430034,-0.006157585566070718,-0.010297590937885214,-0.034201812192245384,0.021951488895122793,0.00385349962426695,0.025023551299041786,0.010167612609285887,0.0,-0.002918015683940382,-0.004086366978606525,0.014581321168813582,0.0,0.010196223001060083,0.02231292486887799,-0.009115707912744044,0.0,False,21,-1
1073,1073,3.860864787281731,2.486531352107268,17.083976989188443,0.6212968970541832,53.241074578749995,1.725890650864301,44.150998672479474,1.275294264098294,54.10486019431526,0.0,40,1,0,-0.0037502963162613367,-0.00626583209893195,0.036983965610126096,0.012196695845585092,-0.01527807344039589,-0.051548063538887696,-0.01071543279477747,-0.051407436806801335,-0.006661682914791618,-0.011753659676832985,-0.02160269593238079,0.011655554386274978,0.0035094090587835186,0.019194697833717394,0.019526737029746544,0.0,-0.0033857687478281444,-0.004892151111709465,0.009689552084649377,0.0,0.00968534654918533,0.022693476943080944,-0.004499046300318556,0.0,False,21,-1
1074,1074,3.8608418514377134,2.4863450603566686,16.78842364417521,0.6286016495844906,52.87795156248365,1.8055487486146642,56.25735797447687,1.3604159033402594,51.664809800624205,0.0,40,1,0,-0.003911629864217506,-0.006551453985987088,0.04186006640535563,0.009046452545889969,-0.015020195513840595,-0.0512797225928001,-0.010903064790790897,-0.047295664081946936,-0.006398753549533368,-0.011115136657699191,-0.035968713418406684,0.018722564651170785,0.0029761649275589007,0.019266906825904345,0.016598841493997648,0.0,-0.0032323561899867586,-0.005004515323981952,0.010510232737788042,0.0,0.01005290273274306,0.024429405034505934,-0.013333360484065757,0.0,False,21,-1
1075,1075,3.860819398071864,2.48616362035069,16.12018837918498,0.5932811024691419,54.89057574297767,1.9130948978464595,109.31400308773402,4.268872819012119,51.91825954728264,0.0,40,1,0,-0.003144207121254209,-0.00587243500006303,0.07888518932272852,0.005831432202019661,-0.01475555988983529,-0.053646979384236,-0.019015391272461612,-0.04553527527559099,-0.005678722329586895,-0.010024540663439961,-0.07324679563870076,0.024249510891323253,0.003731933461861058,0.02223410013512134,0.033007067825896304,0.0,-0.0019513085842736413,-0.002528180219676107,0.05228661479961326,0.0,0.009459654233368704,0.024781690120933852,-0.04156645812474748,0.0,False,21,-1
1076,1076,3.8608005818914033,2.4859853706711257,16.985736389877115,0.6295345067407229,53.888360602758254,2.0203829460244034,47.56503175720253,1.5457897280082982,56.87948868336715,0.0,40,1,0,-0.00371852810721175,-0.005914770734635191,0.04008750388126898,0.010580905505291458,-0.01523793351257963,-0.05243042693231987,-0.010601755355815161,-0.05339606397156118,-0.006518678676578132,-0.010955419996708425,-0.023302941059196246,0.01649790968317897,0.0036566702363899505,0.02633936665199298,0.02223318712676092,0.0,-0.00340277512780214,-0.0043971720589359425,0.013098948919531138,0.0,0.009786416068354736,0.023029000864687763,-0.007872474795359073,0.0,False,21,-1
1077,1077,3.86078447550158,2.4857659000948438,16.305364157426755,0.6138914622597339,53.47006776593104,2.1734888187029164,62.89179479519266,2.487630028231662,51.71539729345413,0.0,40,1,0,-0.0033878510274785185,-0.005686065933410523,0.04884226884296739,0.008835673520933212,-0.014816515077671651,-0.05204251653720742,-0.013500855707236897,-0.04726625081021358,-0.005904087285519966,-0.010876271124271326,-0.0372496647233809,0.019034566582858323,0.0034142158744511673,0.028759653572292675,0.032810883394205057,0.0,-0.002806448400554869,-0.003124975305174712,0.019676978639099924,0.0,0.009760426680367007,0.024538661088693486,-0.02052626081830753,0.0,False,21,-1
1078,1078,3.860771079087051,2.4855186086325034,15.793356788289973,0.5588174653615631,53.17838398073157,1.613114792720389,112.26418149772051,4.873347677871151,49.19278343214573,0.0,40,1,0,-0.0032706432490542266,-0.0063467901863663795,0.08269232072547916,0.006163711802557556,-0.014313505665147983,-0.051716337200045794,-0.02070004354374222,-0.044809013435280806,-0.005818639613639736,-0.010633872471660148,-0.07305295844573852,0.019341429977481717,0.0035418227197594157,0.014345796002670313,0.04758328248154488,0.0,-0.002652765405501678,-0.004225889018117964,0.05307032139750558,0.0,0.008691566557028976,0.023853657351760208,-0.0464100095271779,0.0,False,21,-1
1079,1079,3.8607551098972848,2.485275898560051,16.530410048780446,0.5950225150860923,53.66901188078507,1.5573493638162181,85.22177925805667,3.3176424457065337,53.18928812764548,0.0,40,1,0,-0.003303346554647137,-0.005292402783236095,0.06304714641761819,0.007413530890447685,-0.015028634493420828,-0.052999811453439176,-0.01882473139530262,-0.047168655630426506,-0.006040074766415077,-0.006585840488482987,-0.05416122668846285,0.023436250922028903,0.0034012461589398124,0.015088497267343324,0.03363367959440622,0.0,-0.002464629440175366,-0.0005166087724585849,0.037491292724246804,0.0,0.009497761319562138,0.022602439627741035,-0.028566182414914962,0.0,False,21,-1
1080,1080,3.8607365359084014,2.4850350546560196,16.14568335794781,0.602883212721956,53.50915525081436,1.698557223277972,58.40192026120803,1.9527245290035642,53.98531522637618,0.0,40,1,0,-0.0037972290762070893,-0.0067284029785086436,0.04502771546215909,0.007498926081912343,-0.014496761082241917,-0.05227377475524808,-0.01300503789270775,-0.0497340328944787,-0.006008998299410352,-0.009241794298302602,-0.03484477177231293,0.01961393228702826,0.0027348810460025913,0.015146792131068126,0.02181261823452572,0.0,-0.0029194672006504613,-0.004183623613036499,0.0199533348892707,0.0,0.009732207996889923,0.02513807224397195,-0.016959388979693544,0.0,False,21,-1
1081,1081,3.860715019262753,2.4848037615876457,15.819887897834471,0.5568440996879619,52.164967871283054,1.6807863476231693,121.9581150276593,5.235913921889863,49.77216903886123,0.0,40,1,0,-0.0030048042332710273,-0.005928356188450851,0.08708639632027101,0.004919244347423839,-0.014537612505453037,-0.05064951391270917,-0.025245263823163763,-0.04532149269363042,-0.005467890567765742,-0.010984771564358077,-0.08156235682928323,0.019975788993291846,0.003850980263689995,0.018478159307303895,0.05790705859165329,0.0,-0.0021463171185459595,-0.004118703007112232,0.052961988957211194,0.0,0.008661271690994548,0.022408729244099427,-0.04682760174527272,0.0,False,21,-1
1082,1082,3.860687534556635,2.484577262412144,16.056827739130714,0.5315485901093382,53.94856987840667,1.6824341592714995,145.20757850885775,5.462271218562853,51.70214182314545,0.0,40,1,0,-0.0029551519521986485,-0.005769821790409978,0.09732669286989,0.00535596136390898,-0.0147472947350475,-0.05263689956113089,-0.028622854271328768,-0.04617969279199823,-0.005621929560317736,-0.01032056941373184,-0.10389171249324203,0.022624347959789404,0.003542078185806335,0.01857044249631857,0.05894406622142847,0.0,-0.0017535399080352487,-0.0023158886960655926,0.05645634415436466,0.0,0.008393245785871207,0.022627875130610126,-0.04926426226965354,0.0,False,21,-1
1083,1083,3.8606500909782,2.484358054104734,15.886936157591121,0.5918417333043254,53.74337853640984,1.7827079896737497,92.85806937188751,3.3364256172094024,50.80396378642057,0.0,40,1,0,-0.0034675885511032496,-0.006344156972451309,0.06326219275735157,0.004200191858025336,-0.014443835283261326,-0.05252162782734076,-0.014520977009079292,-0.04592725931485181,-0.005634375957073597,-0.009464724992467545,-0.06640525010650708,0.021309340125730488,0.0030447115087004744,0.01840381399563577,0.0322986337161752,0.0,-0.0025170417627910693,-0.00304751766287566,0.036928546625968624,0.0,0.009544349011491276,0.02490182684319683,-0.03136879614385292,0.0,False,21,-1
1084,1084,3.8606022854870736,2.484151261093025,15.955388518369531,0.5694734469828295,52.82258977789239,2.472514617543503,101.35015466500838,4.130527862267449,51.282133258828466,0.0,40,1,0,-0.003302049448976183,-0.006482598211702132,0.07052425187904968,0.004383863169337375,-0.014542693061756548,-0.05105068695355486,-0.017919108502843912,-0.04628319897566986,-0.005672827400879776,-0.011917603485570498,-0.07054848898441968,0.021644963106166763,0.0038350640763662714,0.03629290402147936,0.04603291516988907,0.0,-0.0025156161255893697,-0.005326537066864411,0.04522550080654946,0.0,0.008817674883590617,0.02273058478984386,-0.03213692464289119,0.0,False,21,-1
1085,1085,3.8605432322611017,2.4839523631683864,16.271042136597348,0.5819219199857925,52.963364026138244,1.6994737304015382,85.51817218167308,3.144015957101465,50.977383351674604,0.0,40,1,0,-0.0035195348992435485,-0.006404921360278977,0.06010689031535266,0.004527884986498412,-0.014813552421100148,-0.051696819586051095,-0.014249433299506195,-0.04660529529568687,-0.005737451609491015,-0.00956732752764116,-0.0591394382840704,0.020152873773595197,0.0034542031390125683,0.017373978255687723,0.02843760286226889,0.0,-0.002404998935598315,-0.0033447394074540976,0.03473524754800383,0.0,0.009243268272388689,0.023806658068720666,-0.03155722835860539,0.0,False,21,-1
1086,1086,3.860476792572001,2.483760163241847,16.240906090442238,0.6142831145610447,54.48539895348034,2.07570031085642,63.2654075050766,1.883173006103503,51.38370322951722,0.0,40,1,0,-0.003909673516703105,-0.006634199904239965,0.042717820601412375,0.004838049284551216,-0.014700182073314402,-0.05326711677783003,-0.013449079234450444,-0.047462903801112594,-0.0056908813590480015,-0.009341325437405394,-0.044685812710461306,0.01908274087927839,0.0030748806165790754,0.02598391209802932,0.025510578218499513,0.0,-0.002757832841628681,-0.004399636603312322,0.013753340680172962,0.0,0.009893682081796282,0.024858265102022024,-0.015502681493552911,0.0,False,21,-1
1087,1087,3.860407733900268,2.48357806921128,16.062619123996388,0.5844463527720722,52.96498783466187,1.4494438578158177,78.94271619834092,2.771145187522325,49.5220807475888,0.0,40,1,0,-0.0037359622589702894,-0.006394870298526182,0.05467921812001538,0.005595585107250714,-0.014599388699700084,-0.051449520218491515,-0.01343553980338515,-0.044806851308273374,-0.005559511553832186,-0.010832471531369979,-0.055331924028965716,0.020334010541860653,0.003677518036315605,0.009629512746072526,0.025186474877216914,0.0,-0.002461184912055865,-0.0035667426577678085,0.03149106881413803,0.0,0.009190696306065673,0.023119640128527047,-0.026705543696277895,0.0,False,21,-1
1088,1088,3.860335391137538,2.4833972993401314,16.267263847619336,0.5801524234207543,52.4446390326588,1.5444538326287816,68.83201402688628,2.3352261360480124,52.71755586000277,0.0,40,1,0,-0.0037059829824929386,-0.006509854631817821,0.04633639048376309,0.0041219988183129885,-0.014668048134281074,-0.05107931811872693,-0.014448876682102587,-0.04857340321907303,-0.00597812070402976,-0.009948126279072544,-0.048805891391911806,0.020069238184636806,0.0033546124255445066,0.01110497587706431,0.027678886606306834,0.0,-0.003121084475497632,-0.005237226548703448,0.020158990433478588,0.0,0.009029538970866294,0.023997215805296904,-0.022105627359706358,0.0,False,21,-1
1089,1089,3.860262730716394,2.483222592259157,15.997344204735663,0.6035163220715152,51.258144885387736,1.7762361476045045,50.50938605562525,1.518747225641622,52.287490470954516,0.0,40,1,0,-0.0040071007336646555,-0.006517827954828348,0.03369861599453159,0.008439973169962738,-0.014437151755089212,-0.049673386636109894,-0.013635813653043076,-0.04889391885594251,-0.005605962407613736,-0.010838357621992244,-0.03506659301655601,0.016496460576407832,0.0033137165062853617,0.021275632935706126,0.025425195027090713,0.0,-0.0030090130245267444,-0.0043448972679534115,-0.0017053197671686381,0.0,0.009535015503592481,0.02212559139409254,-0.0072993007697722545,0.0,False,21,-1
1090,1090,3.8601919573288064,2.4830527506281457,16.06832314700124,0.5971283700619886,52.50457358150993,1.6991706102314414,71.54534161748363,2.415601659252454,49.12858385663406,0.0,40,1,0,-0.003991953550673236,-0.007045215957114856,0.04696061550949744,0.00578655666125333,-0.014537005923731266,-0.050856233191587726,-0.011323685141949936,-0.045349565983648005,-0.005561544244103909,-0.010988117430053969,-0.05277509500642861,0.01798750618788455,0.003877920427701061,0.018371587296850032,0.02165062895957162,0.0,-0.002724082242352246,-0.0043412404281844875,0.030942799647100113,0.0,0.009282036089552945,0.02287190342150339,-0.01874236056594192,0.0,False,21,-1
1091,1091,3.8601209898952646,2.482885152053279,16.140188537638164,0.5862921332904845,53.49987922234258,1.6529402822402375,44.19877433916951,1.0481140096788353,53.11473977997029,0.0,40,1,0,-0.003942294528455507,-0.007233025111563453,0.030498930792977202,0.006894901706562518,-0.014517061941171416,-0.05192301968963643,-0.012988061723559262,-0.05097577883936536,-0.005849693366118298,-0.010673352371694788,-0.029234519428836703,0.013232757991851541,0.0031586193306842535,0.009883119581706847,0.016879705857368827,0.0,-0.00296089582137901,-0.005620780762306394,-0.00492373153296722,0.0,0.009271728227174373,0.026514335966548532,-0.005046555778484186,0.0,False,21,-1
1092,1092,3.860050879347964,2.482722971357412,15.816599387629044,0.5853428016500639,52.553000346607476,2.036884274151647,68.61855359061899,2.7830822927071033,50.13040443963468,0.0,40,1,0,-0.003861862595295288,-0.0069733449743322054,0.04571794409872313,0.002528652808254116,-0.014369098642463376,-0.05122573033505047,-0.015946627640443564,-0.04827669111599018,-0.005364684304501403,-0.00944006657498615,-0.04862181147542446,0.013267420968218627,0.003264460481417891,0.025202894622157676,0.03382998997961306,0.0,-0.0027731865717519253,-0.005131953349088178,0.02619725129391069,0.0,0.009274839169002621,0.024541874887553546,-0.022992702303451563,0.0,False,21,-1
1093,1093,3.859984893188833,2.4825639411823897,15.955451607710256,0.5788598951062982,52.364260708910926,2.269226872917715,62.45552590805941,2.2089762599748632,49.87143128153789,0.0,40,1,0,-0.0038833928151416914,-0.0073773911339934045,0.042977373875136275,0.005342700155547984,-0.014471348197929416,-0.05018918314627092,-0.012042351440136038,-0.048523745001109835,-0.00548413872760115,-0.012985984550928106,-0.04368775369644551,0.010201048190472014,0.003957397377646382,0.030988948886274518,0.02694221160524594,0.0,-0.002730741061021964,-0.006877194174844484,0.022232961193005298,0.0,0.008885543994724358,0.02368508656278079,-0.016316144056186508,0.0,False,21,-1
1094,1094,3.859924158894316,2.4824056802647756,15.962084617753412,0.5823488744364581,52.965428002128505,1.7752633793214323,47.63866002227501,1.492264428843644,51.99175426049022,0.0,40,1,0,-0.004029912740073334,-0.006951099873463885,0.03342335771760869,0.00793063407014247,-0.014425268759517048,-0.05158786291969394,-0.01406454566445555,-0.049800772268512906,-0.00551901892254558,-0.009783208746452072,-0.030895139469682212,0.01265427342001169,0.0033986473712970776,0.018481449796800258,0.023449992411603775,0.0,-0.002898826755968765,-0.0038470436356118267,0.0033000008537281468,0.0,0.009129675213324613,0.024569419290441905,-0.01084186808732404,0.0,False,21,-1
1095,1095,3.859873832970969,2.4822470907933623,14.929618800303162,0.584631043900059,51.516254944206445,1.447771313819344,44.56221679737939,1.1296942480906809,50.48518620698674,0.0,40,1,0,-0.0038695521562510248,-0.00650208054331368,0.029427661689781916,0.007172791076098844,-0.013792850171484697,-0.05065852166859615,-0.013454292866395271,-0.04902249867177187,-0.004204446191758585,-0.006735106119216807,-0.030639613196541,0.009700500941131153,0.0029861970954999837,-0.005284457475175481,0.017919637782526452,0.0,-0.002033352315238952,-0.003095851900307281,-0.005531716517562216,0.0,0.009542764085422591,0.024514914809464786,-0.006086231632670953,0.0,False,21,-1
1096,1096,3.859829056455351,2.4820904825549226,15.581727838543674,0.5948069836240942,52.511191985119204,1.480881630091021,46.79654128277118,1.4036236220138998,53.56301745419082,0.0,40,1,0,-0.003812523204108703,-0.0065672658719373965,0.0331910095074407,0.0068683931121072735,-0.01452590297189166,-0.0517391085177394,-0.013479885490139619,-0.05302089056066085,-0.004153679345323696,-0.0061123606286704255,-0.030109231990866382,0.00325686644029703,0.003842330501597851,0.000500389288244122,0.02258778890840593,0.0,-0.002168093102637966,-0.003950067027838999,0.006283972651757893,0.0,0.009397238668056267,0.025537731914998422,-0.007102697658682275,0.0,False,21,-1
1097,1097,3.859786561961424,2.4819357910669453,14.885811361415493,0.5614755618986238,51.19036349321271,1.4478361952575456,57.00660338613749,1.8809328341192233,50.90508528685774,0.0,40,1,0,-0.0036744486158566654,-0.006616437037579098,0.039037613457650035,0.004735386629708088,-0.013811488372445844,-0.050485808987132105,-0.013522638514484212,-0.04963792364651473,-0.004162763048129079,-0.005278178323039798,-0.03928047622880954,0.010245992269771452,0.002953740355337183,-0.0005769246997748914,0.024541784740194444,0.0,-0.001954842491116144,-0.002354996801918613,0.012931036750549737,0.0,0.009137073629608394,0.025152916624094156,-0.01755555741559968,0.0,False,21,-1
1098,1098,3.859744289342883,2.4817858267245514,14.631894445683928,0.5394250841619499,52.62167014603084,1.4836664455268183,55.299925094497446,2.0639503905524363,48.64141929205673,0.0,40,1,0,-0.0035492829994397284,-0.006723017162120253,0.037613926269898595,0.001468192603544911,-0.013632240665396225,-0.051992394275310994,-0.018461151210867128,-0.04833658425197549,-0.003956885100712657,-0.004542262290546208,-0.03608961293764675,0.005235141266120698,0.003254424268125689,-0.002030798395034495,0.029284310774011977,0.0,-0.0020665396420559423,-0.0028530759383790525,0.011525855237641262,0.0,0.008589268720664643,0.02565696439154148,-0.01752771730472323,0.0,False,21,-1
1099,1099,3.8597013267816473,2.4816408683503406,14.863009006103974,0.5583383917894457,52.59381265870339,1.5115568565243134,93.05981779570698,4.502567343850815,47.047663577229365,0.0,40,1,0,-0.003405720258333203,-0.006443750820429404,0.06232348509271303,0.0024576075105009793,-0.013979855767233991,-0.05188055510026151,-0.017176881686269144,-0.04506657372418293,-0.003724746832315073,-0.005744145526684952,-0.06693928315723488,0.013283325869798903,0.0036254196357511765,0.004482858445366906,0.04455964645416068,0.0,-0.0013870769116196779,-0.002133659206137027,0.05368290503383098,0.0,0.008938362299636519,0.025910280151004134,-0.03616803688944878,0.0,False,21,-1
1100,1100,3.8596516500146745,2.48150256563715,14.458440205880379,0.5131243255030624,52.365955889376465,1.4563794698290948,69.12710207945867,3.0217079908313296,50.970538340284335,0.0,40,1,0,-0.003388500094518989,-0.006123235133253748,0.045794471227917556,0.0017310929852580614,-0.013547683095120961,-0.051864576267614045,-0.02046163332970241,-0.04971230080703939,-0.0037449757076163776,-0.0038425325362129595,-0.047568310967913724,0.011121431753385784,0.0030787412367111913,-0.002525928706089381,0.03928786122681578,0.0,-0.0016860683564763222,-0.0026897177013345966,0.024274345049079563,0.0,0.008239129124455504,0.025149377493728066,-0.025467552898424232,0.0,False,22,-1
1101,1101,3.85959194372773,2.4813739014535563,14.662915235977374,0.553197667383809,51.26481612061871,1.4718442323591645,82.6586228494879,3.4038294476447253,46.771142181696916,0.0,40,1,0,-0.0036636200470920688,-0.006776024961262251,0.051468136550247214,0.001967770944580187,-0.01359028691710427,-0.05004735736563561,-0.016915685090185983,-0.045265027460150264,-0.004108901663314304,-0.008799368063762188,-0.06242866688748567,0.01160796741561662,0.0027738267597723003,-0.00398966262964477,0.0368071712507415,0.0,-0.0019379936474335164,-0.0035020904266811134,0.0352550299625252,0.0,0.00904275520280239,0.025134009270602664,-0.03052260078435594,0.0,False,22,-1
1102,1102,3.859523199919519,2.4812540829173027,14.252087201454842,0.527605108841324,51.779722150793525,1.5838212366397983,99.3655052099324,4.801451734387682,50.01452575999366,0.0,40,1,0,-0.0033271517007282276,-0.006057250295566528,0.06338735649661888,0.0009771561050282676,-0.013448522609787175,-0.0511521748992096,-0.021325586501604408,-0.04869169805669948,-0.003345039726558913,-0.005282456620825963,-0.07348990422063591,0.011384923947865635,0.003727841601431859,0.01433252992492112,0.056235696717982904,0.0,-0.0014535182400299048,-0.0020074021883190385,0.04667554681028701,0.0,0.008293730461836579,0.023551615344068112,-0.0410069638583651,0.0,False,22,-1
1103,1103,3.85944959265204,2.4811075379839465,14.139907635885642,0.4972546801250903,52.460416536349335,1.551817238988743,76.84967234132618,3.8249858125430483,50.25868323483844,0.0,40,1,0,-0.003359859883108102,-0.00651209316918179,0.050021712967648395,0.0011935059450272037,-0.013191164335448249,-0.05171927353409204,-0.020448289664740684,-0.04980065878264609,-0.0038264230022902667,-0.005899550053091963,-0.05464034974758352,0.006663720347784031,0.003110656309675191,0.008261918404147991,0.049903644634189684,0.0,-0.0018034888435664396,-0.0036860710273597976,0.03333991032875927,0.0,0.007898836866206928,0.025528689466529798,-0.02923673729337928,0.0,False,22,-1
1104,1104,3.859372211376094,2.4809238310529054,14.929123692057587,0.5827339135380871,50.84698580505952,1.3801297311881087,31.452191889101275,1.241550905569731,34.827807870524694,7.870362530322633,40,40,0,-0.004184140925261603,-0.006997258433417497,0.017903153910130486,0.012395939283039526,-0.01372307977644254,-0.04961128063339234,-0.01109977545812952,-0.02432698432510078,-0.004129016878107902,-0.008670361802755535,-0.023356207728955768,-0.0216220887983488,0.0029158095561537404,-0.0019779962437493875,0.01732487734623564,0.13019293685972452,-0.0021710209957514002,-0.004648021917166438,-0.01299597207998213,-0.029199971573153207,0.00949875489731818,0.02355219550729913,0.0007109468843754763,0.032649008803021254,False,22,-1
1105,1105,3.8592901234613097,2.480746851088885,14.399910307825381,0.5309973976322272,51.24955909491335,1.488013033613856,72.42396269409538,3.726920606540855,50.87441967203887,0.0,40,1,0,-0.0036320685805164552,-0.006259160450746597,0.047106872666655246,0.00025161735914065524,-0.01353702877933959,-0.05060984412925331,-0.01896189257700431,-0.05066988627717379,-0.00330368680827534,-0.005097440052370322,-0.05163932174013711,0.004550372548439258,0.003711589174792385,0.011631676742609726,0.04557407391366156,0.0,-0.0014316629879393373,-0.001201259095648716,0.03664087375328529,0.0,0.008370414405121703,0.023189215610270486,-0.02848801485964647,0.0,False,22,-1
1106,1106,3.85919945102621,2.4805784635704113,14.117601663920038,0.49833019784324256,51.397261428987825,1.449721402142519,46.71048873337817,2.228976743535983,62.49169416178391,0.0,40,1,0,-0.003549746682303647,-0.006331709922596956,0.03135510009864346,0.0035187289716843493,-0.013095506146168803,-0.05083166396527675,-0.02035384824076592,-0.06213905374897571,-0.003900473562049505,-0.004210685262162511,-0.02800800452204634,-0.005618574980871432,0.0027426919695612132,-0.004909259822265637,0.036341489249585766,0.0,-0.0019419747919485661,-0.0024564956890292524,0.003707078387522949,0.0,0.008022027682320475,0.024699733499914153,-0.013378932131585962,0.0,False,22,-1
1107,1107,3.8590978704017087,2.4804202955746564,14.508235436528377,0.5608857890585907,50.37435131641763,1.3467584363334737,35.73590016222886,1.338323826129119,71.24808098795087,11.939612847035525,40,3,0,-0.0037802528962090423,-0.006401255147074013,0.02222266504462327,0.021787666753383516,-0.013473848355591735,-0.04947949534394999,-0.013274937617425871,0.01540483136949829,-0.0038280535540870884,-0.006955482988258727,-0.024637040203172113,-0.06606268078413435,0.0029618538394443968,-0.0038356135484584257,0.02226485301511602,-0.19813727965692488,-0.0017420865044382667,-0.0028950211076117765,-0.00401802003836739,-0.004781467818513033,0.009166407381866963,0.023008895902265767,-0.0058082135016065085,-0.064368437575809,False,22,-1
1108,1108,3.858987317877709,2.480269808283711,14.19377726269871,0.5132235399461212,50.993886337136935,1.4806222512743046,31.59619315069517,1.3050217630707013,57.395788407824476,11.238499799842575,40,40,0,-0.003691974176728665,-0.006562936568113489,0.021710954708811382,0.007173266798680043,-0.013277492502030456,-0.05032589868982091,-0.012766850516782549,-0.04904324899622163,-0.0033971800835393773,-0.004960668143470317,-0.01907777227901902,-0.02894098302209722,0.003346967938129939,-0.008319782126397257,0.021622878751144523,0.16372217114905027,-0.001649642930285562,-0.0015807003696828078,-0.0015814431753544663,-0.07414181647816091,0.00814323187703206,0.02441470437560167,-0.006981299036298403,0.0785646426399564,False,22,-1
1109,1109,3.858866585486728,2.480129406114688,14.079853093039258,0.5044635036336836,49.556856629552534,1.362285432139688,24.067916532891257,1.0020115802681078,27.016643544939498,1.6811959031736952,36,40,0,-0.003556148890893113,-0.006494679819564327,0.016254892333621544,0.015603955329744375,-0.013179940106012134,-0.048809808378236376,-0.010823400141213906,-0.017299026381138526,-0.003447498656895997,-0.00559497802705378,-0.014067590086427833,-0.013680617411737542,0.0029627595709612277,5.9398879629344735e-05,0.012231098149141443,0.021798374624330038,-0.0015836530327046632,-0.0026302279152439333,-0.011683177829747888,-0.019425035995589115,0.008138438643566554,0.02363036097572452,-0.004443846425556266,0.0029112722043546473,False,22,-1
1110,1110,3.858735376662541,2.479998587249401,14.26103697497125,0.5494636291857657,50.68604416739573,1.6423064751973182,24.714876161974512,1.0164387558664374,30.31430363791473,2.390665002271728,40,23,0,-0.0038983130855422213,-0.0065541108514664366,0.01512074904288788,0.010955354810019828,-0.013219515777466398,-0.049925935108195464,-0.00911697507080084,-0.02018163931732289,-0.0036639777971358345,-0.005789620700713935,-0.017293606264806,-0.01978986206378792,0.003036333690148044,-0.018703909468600007,0.011638369707016835,0.01659750376803893,-0.0019505102793817525,-0.002545590257844339,-0.012771712468923242,-0.035275510064711205,0.008885005222916069,0.021570555789708467,-0.004018272183395342,0.014870603461812926,False,22,-1
1111,1111,3.858595508587416,2.479876505732286,14.215760175213196,0.5317236905584384,52.219919203140925,1.4858748585907064,23.13218199328201,1.236277312527336,26.11273811207799,2.0929439996581016,40,40,0,-0.003663088826233695,-0.006001322201417561,0.015118420935384881,0.01358813834751845,-0.013394944316817436,-0.05178688629187867,-0.011157103505259388,-0.016041154219901845,-0.0030405730314629247,-0.003003747927068425,-0.013492599214523693,-0.015489317585096975,0.0037210347385181783,0.007776309319834524,0.01707017573190679,0.025695505284424942,-0.001237681237831358,0.0007177405720811218,-0.013068333205258416,-0.025176981038997875,0.008411097076992733,0.024729649029346608,-0.0018437530123184731,0.006341231949196263,False,22,-1
1112,1112,3.8584470076513946,2.479763265424114,13.795373688792466,0.48423930536453985,48.465841938393226,1.2787595687257671,36.90983071185434,1.2492467182832556,66.74174264304118,7.949511214548696,40,6,0,-0.003402053241771747,-0.006341972789061232,0.018031253492688637,0.0020011646385866486,-0.012881912762257303,-0.047639283794543054,-0.012595432210257945,-0.05556869922628257,-0.0035769669468937197,-0.006262256421060222,-0.029640590211683474,-0.03691307650979739,0.0026594201957167592,-0.0030574700113847235,0.018356473307851118,0.10699474156256449,-0.001689883672078348,-0.0026008840590404265,-0.01025886990499193,-0.06956263455471846,0.007842245662027975,0.021954626270359604,-0.005760790779493375,0.054436938808688565,False,22,-1
1113,1113,3.8582938911594074,2.479657051381423,13.967266367579608,0.5266516636053501,51.14965409052814,1.4989328769082384,23.33792901627585,1.1127214508884398,25.6707890877471,1.8784579949403704,36,40,0,-0.00398064949097684,-0.006747522299031698,0.01153404532221478,0.00923744526181737,-0.012926978458991193,-0.05040834176718288,-0.011182858576652783,-0.015010733210911514,-0.003483128957372088,-0.005455010237170731,-0.016928331380511454,-0.01866378594748026,0.003091837018757017,0.010685163971618396,0.012082428783128868,0.01846212396883283,-0.0017065590590149967,-0.002496865192476096,-0.015170986896772987,-0.0259012230713869,0.008486311868617853,0.023748837522403168,-0.0010088772354165262,0.007946760443558055,False,22,-1
1114,1114,3.858142302107973,2.4795547143593977,13.887545059222045,0.5238003492222967,49.524099209528245,1.7176275452880607,22.66896396493781,1.0865400177471363,25.11233478186739,1.841083258440399,40,40,0,-0.003702788716962108,-0.005743732188219186,0.011701801106182949,0.009576250047905887,-0.013067083284665413,-0.049137402680131254,-0.009947614696491974,-0.010940262779895555,-0.0028990684574667245,-0.0022719156929430977,-0.01667317426182313,-0.02047523976717736,0.003426874584019353,0.019172429929170405,0.014262982583195354,0.018431984380493417,-0.0011921185547338195,0.00022808392522332029,-0.012470354978152028,-0.02489706093404147,0.008391203275371663,0.02304477685788331,0.0008243307774966433,0.008539656122226218,False,22,-1
1115,1115,3.8579913939490593,2.4794566578158235,12.978869959066058,0.44118353341420113,46.867458947255486,1.176575717390163,22.870936461774853,0.7349487656443489,27.850038823277156,1.5807012986663462,24,18,0,-0.0035500544704644074,-0.006511653392724277,0.011963541081542937,0.010103101667418292,-0.012197941817661446,-0.04620700803560004,-0.010555129791791854,-0.018340497348363738,-0.0026567638367060832,-0.004366862336242574,-0.01638727111227507,-0.018362411502047253,0.0027468395750134445,-0.0029918440991871195,0.002073761021477091,0.012511002796327365,-0.001097440205655381,-0.0005379609851117201,-0.011986616013768263,-0.02402751998704563,0.00710929802551553,0.020308880499850274,-0.004069343443191031,0.0052225695487950015,False,22,-1
1116,1116,3.857842066687281,2.4793630804022597,13.383429073614082,0.4889434297968384,47.79944933102263,1.228672514964612,23.10720344383531,1.154747580442438,23.878375927406147,1.9868543542455623,39,21,0,-0.003981786787990433,-0.006683781918228295,0.010275238202159025,0.008982798742386661,-0.012508586670209463,-0.04721619364640038,-0.008535610056783384,-0.015034999373174686,-0.002607068709739286,-0.0032780288534704854,-0.01885485857391204,-0.01623067951544059,0.003115885638974289,0.002708245559758449,0.008345021168396896,0.022120343880444548,-0.0011551571946037615,0.00010656885706741663,-0.017938841993575615,-0.026487208747085367,0.007860053332696968,0.02127241212464752,-0.003840341566513751,0.0034092386406982794,False,22,-1
1117,1117,3.85768996765072,2.479275350363718,12.987893149475891,0.48203882560219463,46.41696488542276,1.463716043653837,24.278581739520373,1.1888446404735815,25.757619138040152,1.549850961832693,40,23,0,-0.0038530236082511,-0.0062993111392332796,0.00950000750688161,0.009072458411471408,-0.01224181754351599,-0.045918307402913,-0.010526029368142266,-0.011581523570511678,-0.0019943622458637156,-0.0025223706304361125,-0.019707919585607497,-0.021142699776001563,0.0034004821779128887,0.01158819103867208,0.01233957049209188,0.012768572955365619,-0.0007628466940704003,0.0005641905337314627,-0.016641706801662628,-0.02354434870513998,0.007657422866549122,0.022760219092196693,0.0011489587026143303,0.003785473247825296,False,22,-1
1118,1118,3.857532263956452,2.479195541654506,12.644722136230502,0.42053837719490084,45.63991558472266,1.0983236648445236,22.91782180291817,1.0438922242332644,25.520043272763427,1.6016032706118162,31,40,0,-0.00344713302724786,-0.006081273054821519,0.008950091080229552,0.00764686562424383,-0.011901990961893073,-0.045094507719020974,-0.010608797178912131,-0.017921480626024645,-0.0025196989776459988,-0.0035362955465387497,-0.018236662201801427,-0.016480855164083538,0.0027115301720085673,-0.005053845607722375,0.006689716821749896,0.011131737447166584,-0.0009492781153996885,0.0004100261633956017,-0.016638505644245974,-0.0253034365542534,0.006754171714585854,0.018486618054916356,-0.003217571217100428,0.004147858112391801,False,22,-1
1119,1119,3.857374101103108,2.4791221733307847,12.904513072703772,0.44306337476009894,48.50074544291988,1.2215946491001282,23.71511376871081,1.3321287182857244,24.905485194567888,1.6012473305362926,40,40,0,-0.0036640208380774577,-0.005742681852393756,0.008191100696840134,0.008256825105613999,-0.012136864592203091,-0.048085994901247944,-0.014060864927189803,-0.016460575061157206,-0.002407888455108251,-0.00266101635061818,-0.017251219317382927,-0.016767751805419596,0.00308868280291025,-0.009889830745484707,0.010734915757963266,0.010071272517798064,-0.0008684834298877259,0.002231399005159975,-0.020371691601860045,-0.025996526216631545,0.007035889751390382,0.01875608428728042,-0.0032124386362177982,-0.0019460294650548258,False,22,-1
1120,1120,3.8572117254256337,2.479054455029705,13.043156983278305,0.46830467849220014,48.110074506570214,1.2591261514357697,22.60642166766875,1.3969563857885066,24.546190772358948,1.8029917772815778,40,19,0,-0.0039069288626225745,-0.006279961455771895,0.008648918259729188,0.008094468437422338,-0.012292498518746326,-0.0476973211652226,-0.009248696748111712,-0.01105615407212369,-0.0019376096406313714,0.00032696605842837036,-0.018727202727968587,-0.020365571911490132,0.0033564404635005657,-0.0006422217077686766,0.015346123564144555,0.017204298708671517,-0.0005025452827708068,0.004272749365684322,-0.01892355412734276,-0.026200405557237835,0.007435534963572885,0.02154695372602825,-0.0009233467568524456,0.002791929825515186,False,22,-1
1121,1121,3.85704931151794,2.4789916696156937,12.405410572334961,0.424161713620844,48.03575189149475,1.321210478195582,25.969386337360678,1.006503572011105,25.34020765388636,1.1964827096880086,38,19,0,-0.0037903712708655495,-0.007162708485918629,0.008264576538990301,0.008273667292254464,-0.011608628412823658,-0.04734478619508174,-0.01108762482579332,-0.012052084323674842,-0.0021833560108650077,-0.003821032199417807,-0.02198113684714051,-0.02069830468744217,0.0028343020423103097,-0.004465224582425987,0.0045010159893495725,0.0047762862805617295,-0.0006571898140554137,0.0007935002735752605,-0.0166441684843129,-0.020029163063661905,0.0068073134093736215,0.02260910037505936,-0.0033622934437827117,-0.0034786696296773686,False,22,-1
1122,1122,3.8568869126129424,2.4789352810720935,12.494881136446946,0.43916992707336144,49.47179725756471,1.3284506921241495,24.339200537564007,1.329584373982596,23.86041233060303,1.4291167929343944,28,40,0,-0.00351862998718727,-0.006375733142990299,0.00708945933931677,0.00775347324520994,-0.01180048643177273,-0.04901915589740393,-0.013609017735495688,-0.016039634267922057,-0.0021189189698409758,-0.001982701664137119,-0.018892614571808058,-0.01587239937040103,0.0030237051785670724,5.3469825712059924e-05,0.0071022649071785515,0.0076425983093148285,-0.0005331024858089735,0.0015073963624753313,-0.021834563172138756,-0.023142284464369365,0.007023150217593708,0.023136724172383397,-0.0033631408432349933,-0.005307382128358701,False,22,-1
1123,1123,3.856720748301724,2.4788846292168127,12.690625388341921,0.45958581280410726,48.7952629239159,1.289564250249402,25.817054834864443,1.344572977939338,24.98462254547723,1.4439201441848235,40,40,0,-0.0036347411469596124,-0.0059418834434297844,0.006613372462198366,0.007276308395063272,-0.011994799169288115,-0.048431319760845117,-0.0076939709198914664,-0.0069397042101045575,-0.0019913368450044807,-0.00028101811605332414,-0.023739975495069458,-0.0228719742338994,0.002955805618798094,-0.0024909043859779787,0.007935343285577998,0.00866900947834613,-0.0002921705434425332,0.0033747679981350398,-0.021975293940583118,-0.02364310755035833,0.007451098755056125,0.022112841993667722,0.0021971471860405827,0.00097480163583506,False,22,-1
1124,1124,3.856549716810871,2.478840655634303,12.378952634748922,0.4301666445337429,49.05919652038154,1.2924746894118038,24.88436384190277,1.1162661700695868,23.598964798541743,1.261973987214519,40,12,0,-0.0036462657414693058,-0.006661986732360235,0.005796369736176728,0.006462849005439393,-0.011660106891873696,-0.048593038621032654,-0.008872350079395295,-0.008999808788496252,-0.0019962769712703024,-0.001067376961575132,-0.022514774388529564,-0.020836174410534408,0.0029911851389371608,-0.0013296413635473729,0.00629267234277345,0.009705853650240563,-0.0005907722929938499,0.0024429876202263327,-0.01825109743680149,-0.019427498672095492,0.006860847248870081,0.02238580955742678,-0.002620744654999715,-0.003673663885961481,False,22,-1
1125,1125,3.856377048374938,2.4787708592749333,12.256486914272717,0.40253201371787484,43.909744164629785,0.8614001345455797,31.7491213013747,0.9524712292295231,53.830601821019066,6.2993361155355005,38,5,0,-0.0031446452085655825,-0.004611244995401482,0.01091160708251211,0.023285723588879884,-0.01166183703691101,-0.04341778750936247,-0.023790056323814732,0.03362371155930292,-0.0020818825414788593,-0.004658087589072631,-0.017971554033972662,-0.03499935414164358,0.0026673462038134936,-0.0058035015293406616,0.008709248445668671,-0.0987324002315547,-0.00022319598988326935,0.001138460125192555,-0.013749498769881399,-0.04601817828908082,0.006495631167500822,0.013822174525824954,-0.0033837313328371073,-0.014898249203442682,False,22,-1
1126,1126,3.856199675971149,2.478661338527351,12.106331439804833,0.406849398758624,46.383939922180105,1.0893259971322151,24.76484994095894,1.206329004749795,63.103155157863576,9.700665817619136,40,3,0,-0.0033089723110632466,-0.005031524895103664,0.008084460812989329,0.02302966558945637,-0.011523283789461141,-0.04610872706551029,-0.0163557062346279,0.049988475194157764,-0.0016816342891859079,-0.0003727309118437133,-0.016746049072184396,-0.030867378273482963,0.00291419930173286,-0.005962715013460891,0.016727905865445203,-0.1607192443568625,-0.0001777160482006961,0.00391671234127303,-0.012430014544951316,-0.028128870936140055,0.006472873739327313,0.017623107176729005,-0.0029933610442341085,-0.04520485568062447,False,22,-1
1127,1127,3.856018760667148,2.478557198600325,12.041661657635338,0.39909636952075056,45.269398123388804,1.0009821171275883,30.812248837855375,1.8379922519190541,77.52395945725947,11.582193707038376,40,4,0,-0.0032091106507860776,-0.005456878267267077,0.007759047873451585,0.029865629616058535,-0.011466498486499313,-0.04486875548368074,-0.012162295723203233,0.0589573292877066,-0.0017951704005707508,-0.002517075162917372,-0.02722628173814336,-0.040522114713180395,0.0028879363394217665,-0.004298529332423077,-0.021750581409115854,-0.17446034333811214,-0.0002099807494298769,0.0016260508233702942,-0.02130478478894508,1.4743525197281828e-05,0.006335184165983162,0.01685510776813542,-0.01010354631174662,-0.10211349417142918,False,22,-1
1128,1128,3.8558400248796607,2.4784574056386024,11.508908298995467,0.2888387075370272,36.45269352417128,3.877568858351823,55.47164970188223,7.781119306997481,54.69243569238232,2.411709549095783,40,2,0,-0.0014951924321149124,-0.0006579777599274974,0.021158285045348054,0.024814841219721256,-0.01126064072287302,-0.0345048540143383,-0.03282972446049155,0.01580897999177913,-0.0018486049702429175,-0.011738014307530957,-0.039390862981614594,-0.046103821195481454,0.0025810541184579836,-0.06750758094714832,-0.12728048379267173,-0.028300675464690346,0.00013508111849237737,-0.0025168671767786402,-0.024758441301190495,-0.0010594948655147846,0.004328218292813951,-0.004059479118883293,-0.040373367301579886,-0.03114014483993411,False,22,-1
1129,1129,3.8556654580788,2.4783606571629404,11.478689324907998,0.3515596155240385,42.41633120713757,1.765394410826647,32.28071074619445,1.1983310281608075,85.25417808854654,4.354872327091168,40,2,0,-0.0025337789736412267,-0.0034117522436562173,0.010562658883104238,0.03407721822284915,-0.011072557929462871,-0.042245733305007874,-0.018144028914134278,0.0722988453737322,-0.0016549119702205756,-0.0016742512426895111,-0.024520781764897148,-0.02966302475087615,0.0027487060235243917,-0.027750324265986198,-0.0033199172147811815,-0.04486943986361206,0.000107037342909119,0.004199162632172805,-0.014791878200349277,0.012725073307557743,0.0054847145156953474,0.012714656700987188,-0.014408617804592454,-0.06001540415338116,False,22,-1
1130,1130,3.855497836802273,2.478265653414773,11.713912381878197,0.3732049516527375,41.982285137987404,0.918881923808819,37.214415065971004,3.131686334843842,60.63538549334692,2.8256203757934766,40,2,0,-0.0027089072706321226,-0.004072174128584365,0.009978351819295683,0.024034917524617394,-0.01125683759677352,-0.04143609130970187,-0.01418018491398088,0.04847428020606108,-0.0017779685062739253,-0.005383307556494906,-0.032928217982120395,-0.027371826245537603,0.0027334418431516653,-0.01033949525213559,-0.04660072227455886,-0.03516801518641084,1.8243524533517567e-05,0.0007265721421401555,-0.022334320087718913,-0.03246090350967411,0.005912331757630708,0.01223800712820004,-0.017806565538910135,0.011899818729776739,False,22,-1
1131,1131,3.85533813804302,2.478172916148937,11.741154494209706,0.39312060391932835,46.63307872113551,1.0741201633546928,26.14166369710627,1.5113548094407092,45.03896664498328,14.005727344915107,35,9,0,-0.003251856732030605,-0.005276561216783105,0.00399339586032445,0.017997083462984446,-0.011194205245749052,-0.046324628332137865,-0.012331824870910283,0.029633003897261367,-0.001403533244099488,-0.0009114508360037318,-0.02270166217942083,-0.02874888838371287,0.0030578091891923648,0.0013199525618965249,-0.010657829284553666,-0.22867266027672326,0.00029661217211951734,0.0036721072688918124,-0.022275951331172213,-0.0031165020805470874,0.0061350273505701245,0.018336326399159275,-0.009273497444634831,-0.08633062202948265,False,22,-1
1132,1132,3.8551852513245057,2.4780798918468663,11.801402021410446,0.4099975415733409,46.57768656833449,1.2123784826645458,21.355544366558924,1.0689835925407651,19.330451984547274,1.1974181906223467,31,15,0,-0.0035791417152593115,-0.00607160635786272,0.001804749691177747,0.0020312588214826594,-0.01114988566624047,-0.04617960452978124,-0.009956781273309548,-0.011809376954124828,-0.0014638592428257856,0.0002461864459628901,-0.018805974061976496,-0.015168354475104475,0.0028584698695950884,0.00540246079452243,0.003255849641421234,0.00536927865383699,0.00014147780975756708,0.0031233467648819815,-0.01809786214076244,-0.019486276453734325,0.006558559919730077,0.02021889131198098,-0.0031561132206867405,-0.005312200846444208,False,22,-1
1133,1133,3.855044084983337,2.4779870718618344,11.744142889516745,0.40345991227479566,44.671591037312474,1.2098355754851693,23.202799972114704,1.1765585096213376,22.476033498304915,1.2414765740242864,34,40,0,-0.0033482089857245954,-0.0059213527493214195,0.002604758285850589,0.0027648715623524874,-0.01117071368704387,-0.04424865282592559,-0.01307134178845104,-0.0152150234417637,-0.0013890804582134542,-0.0015954154674275474,-0.018992766640691196,-0.016310445387149927,0.0030817674698868387,-0.004361244720040409,0.009829219023849256,0.009314072004433792,-0.00010434923852391557,0.0032945051619004944,-0.017096984818959698,-0.01847250519665902,0.006330672466388852,0.020395954090759862,-0.0057234944874287146,-0.006442864494017331,False,22,-1
1134,1134,3.854914802237397,2.477894170439632,10.97256279982799,0.3554405597000074,41.316451564965845,1.2576887654603517,37.44392891805415,3.635194879794522,83.83097487184254,5.823845592039074,40,2,0,-0.0025855632160450602,-0.003415619354890245,0.00785987881768114,0.03704876816889347,-0.01060046358986086,-0.04099889744983312,-0.020096520324147018,0.0739183144279484,-0.001158520147445858,-0.003804355693246295,-0.0306006534023835,-0.013824034044447282,0.0030728527815751644,-0.019622618883440045,-0.05684629908540054,-0.010413762172953601,0.00046533699717314896,0.0006462826684913497,-0.02236789217449047,0.03836767583491092,0.00536896547273831,0.009816985439885318,-0.017134344830645538,-0.09354805235177958,False,22,-1
1135,1135,3.8547933736979982,2.4778004975190604,11.324476897206896,0.3830731983078259,44.35083551359753,1.0947136419648082,28.479400686898042,1.4184153311095493,55.88734523520417,14.59296089498468,28,8,0,-0.0034522451961161073,-0.005623775465584565,0.003870962536123647,0.018408085288517353,-0.010721463047471538,-0.04394625122276471,-0.012685497973877273,0.03651782367964648,-0.001173034621385193,-0.0020240463760804565,-0.025202580298127643,-0.03809181417511931,0.002962068247254011,-0.004839679300999666,-0.009414133773688091,-0.23908734210649402,0.0003531699923171724,0.003792187073428571,-0.02124843092031086,-0.0034183899535193203,0.005983521442076407,0.01809004464554826,-0.008528697468869723,-0.08772234673551421,False,22,-1
1136,1136,3.854679728134754,2.4777090032637585,11.360817988969874,0.378869069766332,44.76625227258936,1.2123562322348376,24.194395808110865,1.147333798383624,22.96519272962514,1.1811060388915582,40,40,0,-0.0035966734017223467,-0.0062868462165503475,0.0011419904824680638,0.001502647149677337,-0.010692501258195873,-0.0443050780662731,-0.008214936719954718,-0.009257431178582713,-0.0013425880467679494,-0.0012461800528032292,-0.02272838447722637,-0.020962874245346194,0.002929034324056599,-0.00338972808005558,0.009199942598520923,0.009607243384679763,-0.0002608264215114911,0.0024561400688854276,-0.016456216474251238,-0.016295236254574855,0.005922672684894192,0.02074141095750324,-0.006748681668751984,-0.00819212707877439,False,22,-1
1137,1137,3.8545689304539623,2.4776216173989165,10.672387787070681,0.3291003592956941,52.8628429533713,1.546786914046251,37.79315653074707,3.4768041014653828,61.08600495430176,11.90330893229745,40,2,0,-0.002611712991767737,-0.005860214352847272,0.008105161142400322,0.0027335073677607433,-0.01030170736601021,-0.05253007649906643,-0.024489955707052494,0.011902297364118963,-0.0009765457855820307,0.0008538828102903255,-0.027620121521815953,-0.059852846684209295,0.0029230421946087838,-0.009668918456622197,-0.05395589794972483,-0.1776769530510926,0.000604800877646056,0.003614427124972665,-0.02077325798717466,-0.08733017448859483,0.004907367244561785,0.02494514514424945,-0.018425498566107198,0.06296988597653963,False,22,-1
1138,1138,3.854461324769776,2.477537085786453,11.446680304583124,0.39556490770260266,45.703725775067454,1.2185648818959243,22.127553506166354,1.188157079544107,20.77277010119676,1.2973429250527846,27,11,0,-0.00361611747898498,-0.006431160616114385,0.00011725486282809688,0.00024790323838737684,-0.010811709456617179,-0.04524596465962839,-0.00995691129829468,-0.011674539900470182,-0.0010281648696610676,0.0005228813172830559,-0.019760435037298386,-0.017179977874662723,0.002882196316989925,-0.003036075237542598,0.002311638156810456,0.004157750416832694,0.0003297560748224647,0.004793005941365784,-0.020030880106582955,-0.021136967248032386,0.006264836727924867,0.020497215932198415,-0.004842916067031266,-0.006974446190336125,False,22,-1
1139,1139,3.854357056396824,2.4774576662297574,10.805008503369864,0.35950721760997384,41.19758663043,1.1476660979223667,25.019828154396947,1.1342566478518556,24.883416390673197,1.34988902681678,30,9,0,-0.0036006603937879813,-0.00576654298652468,0.0006966340785281738,0.00022622846349492013,-0.010138529758378555,-0.0407854793204644,-0.012927489988172473,-0.015918383735228123,-0.0009968288845003137,-0.0007299333916999263,-0.021409962737984574,-0.01912428537781093,0.0029438164252437466,0.00837058128056138,0.004725295948599489,0.00982707524818214,0.00046702477121392033,0.0036169387782328862,-0.018425323959366344,-0.020966540811446808,0.005521435050907462,0.01783463319562932,-0.005484609815487113,-0.004348187898005679,False,22,-1
1140,1140,3.854256303391614,2.4773798363027835,11.057187123955623,0.3676664739828729,47.24398227392305,1.1624842207672037,23.063808699586122,1.110088893052026,21.369809105749354,1.2108934892157126,40,13,0,-0.0032829521917976533,-0.005546927079775688,-0.00012007083610700761,0.00040607743411649,-0.01050470457743775,-0.04691234447531957,-0.01610431477974908,-0.0177478871607446,-0.0010652669812302442,0.0006763112444429075,-0.016509872809933348,-0.011896064208936769,0.0025168157308061508,-0.00182869103233691,0.004039191108336356,0.010685628806620107,0.0008366249866601778,0.00437592724365968,-0.01849483236838198,-0.016704339449437833,0.00584324092821689,0.01972708441427874,-0.0041237543777766245,-0.007309695288880081,False,22,-1
1141,1141,3.854159734026209,2.4773056614245323,11.101554567746659,0.36074920472074995,45.77548784341015,1.122370684558948,23.566457036013365,0.9236459915779036,22.572823774396685,1.032928712401377,28,40,0,-0.003362635266975247,-0.00595786840441785,0.00034201088503330984,0.0005818168592301059,-0.010535515552136205,-0.045361135058997006,-0.012456984941654484,-0.013780257531832218,-0.0009695926632597596,0.001505495777895739,-0.020002111187276607,-0.017868921753946578,0.0026085426358699766,0.0007151743147376269,0.0022538234613043166,0.00619813558350091,0.0005615544026140117,0.004877684784384472,-0.01586785954386706,-0.016462701753589267,0.005702900099128999,0.018958590144852766,-0.0017341022611974614,-0.003946086867225743,False,22,-1
1142,1142,3.8540692190016506,2.4772349729748826,10.335779519598514,0.3170182632777358,40.266402776875566,1.109029206561733,26.773728643818274,1.056023998877833,29.14512989862413,1.4601646726380644,40,40,0,-0.0029178657553198374,-0.004483152177416695,0.0015960053853129642,-0.00014812505166431132,-0.009874718521289993,-0.04001436590249107,-0.011315109156546505,-0.017092974721232893,-0.0008968454922539486,-0.00036750587104936,-0.024212674719623697,-0.023606076992080595,0.0025784521034849612,0.011993377261548083,0.0050567219979094,0.005860375774862074,0.0006039598765575633,0.004825739213064521,-0.017289996537207333,-0.024638463493465615,0.004858090608072708,0.014406042246139545,-0.0038975470891007597,0.00284096572071445,False,22,-1
1143,1143,3.85397992737248,2.4771529787873736,10.7239396215319,0.34379976544439406,45.52318433972721,1.3017607948005967,21.840092271347608,1.01387699308372,21.256676178312457,0.953578579664232,32,20,0,-0.003149286346471903,-0.005602723121674252,0.0007156265794057342,0.0012165559191439981,-0.010222663913784824,-0.045177093788145876,-0.015317560733285872,-0.018031695704876602,-0.0007629017105688749,1.7052015241613566e-06,-0.015551522182793692,-0.01119036299017895,0.0026888216749443457,0.01231595895524375,0.005230202603137673,0.0013696517126983454,0.0006157106358471109,0.0032351338187796034,-0.015841181766840066,-0.01464037258216153,0.005328826615687099,0.018816216592647924,-0.005901895361988781,-0.007795886917960772,False,22,-1
1144,1144,3.8538907161207874,2.477008640130687,10.772219267627056,0.34733673938043275,44.899332959824555,1.2943923266685509,26.025073409779786,0.9248256846055255,25.446236541436463,0.9502116575682912,32,40,0,-0.003379662101203422,-0.006158440388568363,0.0004924067649132487,0.0008356696483646485,-0.010208600892366883,-0.044460993995207754,-0.011503024755242527,-0.012136015583270439,-0.0006348699488012723,0.00111522427149804,-0.023339717287117513,-0.022350161881385906,0.0026771119372151395,0.010683910275166823,0.001901024861447474,0.005880904993250551,0.0008382246195936332,0.004429573882669159,-0.01579994245618881,-0.014746045172517055,0.005374044363437236,0.019406304334878742,-0.002699625498622174,-0.004796753583509814,False,22,-1
1145,1145,3.853800317351432,2.476871332473338,10.488779266650742,0.3320147969507429,42.80181871935488,1.0588181630889917,24.448423035501385,0.9323506984727463,23.678578752137255,0.989476620328837,38,40,0,-0.0034252661637178675,-0.005999127663138179,0.0008680634006534572,0.001018196960327988,-0.009888589499908179,-0.04237133733833751,-0.015356191235348277,-0.01667089519065828,-0.0007055777168517099,-0.000822146657655102,-0.01900419021160053,-0.016784505360993855,0.002755069480273011,-0.0036455976015769298,0.004594992651552364,0.006773283469400684,0.00042437869533958777,0.0027288935057687303,-0.015203060979546913,-0.015063639945629216,0.005080220304929987,0.017909999986338243,-0.0035426187342388797,-0.005044732568586765,False,22,-1
1146,1146,3.8537033741902063,2.476740528402042,10.21352016061744,0.2930277503892295,41.118011576845504,1.1006070591748613,22.833859758348208,0.9750292293752106,29.862196547425487,1.4347287552258752,34,40,0,-0.0027348387779533093,-0.004342779586350902,0.0029678222403926695,0.0007971032347030243,-0.009799120205745193,-0.040837560055342746,-0.019188621043503384,-0.026355444799378153,-0.0009021608078929341,-0.002030967804828413,-0.012015573438757034,-0.014018057586457116,0.002175057017681294,-0.013780279164609912,0.01248978546916828,0.017730805424385963,0.0007925456196879637,0.0035716915701268772,-0.007433377789466548,-0.017677476640418237,0.00456037861608557,0.012897323033559985,-0.008851240076005415,-0.00040503211885293357,False,22,-1
1147,1147,3.8536020008543943,2.476618552217513,10.279193173651139,0.32733957335995273,43.16168889920328,1.0009915292328,23.00101581653772,0.9851041297395757,21.1785685593956,1.0745731088060602,28,18,0,-0.003045822199643735,-0.005267284159647577,-0.0001651659257420068,0.00021754487467139915,-0.00980107254305742,-0.04283391106865926,-0.009408409563016711,-0.010163082001880878,-0.000568995988667351,0.0006657092273080088,-0.020988122314874378,-0.01857945652261037,0.002503974122570438,0.001476189435152354,-0.002221291139018391,-0.006591865428908376,0.0009057899159836613,0.0047174413915841845,-0.015886253244231298,-0.015294720410539694,0.005054678937553796,0.01675674207257752,-0.006188921620492793,-0.008623387746224032,False,22,-1
1148,1148,3.8534983710972295,2.4765042140727678,10.340606995863157,0.3300770145037759,43.83367337575479,1.0493530537018971,20.642753202890795,0.9399591627623161,21.058694810207424,1.1044589835350498,40,40,0,-0.0035472605820596748,-0.006530669196302803,-0.0004189062764755405,-0.0005532769115143976,-0.009692831116001086,-0.04334403591346609,-0.013452507321178654,-0.016605059267282035,-0.000627790062473792,0.00018929393275551876,-0.015651767443347165,-0.012939649087154306,0.002411914393582162,-0.0009225463934486504,0.008457678611813667,0.01135844714121503,0.000942830325162168,0.003683772767224469,-0.011736276949913084,-0.013048113252560473,0.00514607251510673,0.01791663221214631,-0.007737185650213938,-0.008503750850492616,False,22,-1
1149,1149,3.8533908580974505,2.4763951138498888,10.292833795948141,0.32168817011348066,43.092746179790986,1.27584488867795,23.336914203056274,0.6622021266026739,21.764632866638802,0.7983769786167754,39,18,0,-0.0031279439529508794,-0.005315297989831132,-0.0012542260298502445,-0.0007373393938012944,-0.00979127009209638,-0.04274209719518264,-0.015852492270053746,-0.01852519341020284,-0.0005379815627223339,-0.0013584947378433524,-0.01708030943556767,-0.011400560668339952,0.0025146801030106283,-0.015222394806840915,0.0025162754416829637,-0.0019917064584670874,0.0009348973706297717,0.003792321144167039,-0.00981546929740788,-0.00997004919505104,0.004932054365300808,0.015803391885454432,-0.005559065543387423,-0.009528700571439563,False,22,-1
1150,1150,3.8532834913809535,2.47629346395328,9.90362056984034,0.29784257153361193,42.721525545455634,1.0228440377025152,23.967319133729614,0.6878896224267105,26.64784455150034,1.2033370837910782,37,40,0,-0.0032501010548525657,-0.005258596750183981,0.00011809347993979974,-0.0008609217332013917,-0.009341593201884909,-0.042348848705205985,-0.015654819699010142,-0.021441554536383786,-0.0005031699266735033,0.0020126893683690833,-0.01814786655724362,-0.015799562401329598,0.0023368461112233305,0.008129647854861026,0.0015762789793466112,0.016265734431633167,0.0009429460289638453,0.00556794452288201,-0.010238331910639428,-0.01322536539322863,0.004546721289576446,0.014886254988949488,-0.006069140859770745,-0.001267971457250589,False,23,-1
1151,1151,3.853172318751008,2.476196505664363,10.254481779108886,0.32093572209511734,40.7127703077148,0.9355127748794909,23.802332551673242,0.9077060310802176,22.177036551933178,1.0975150430614145,35,40,0,-0.003401191357014408,-0.005378851745344443,0.00010155068611062165,0.0005894425434701345,-0.009654458447822348,-0.04035169557396819,-0.013350506948354355,-0.014319326769404271,-0.0006145941671691429,-0.0005816221592620336,-0.01970544814462579,-0.016924254446939454,0.002300578817062159,0.006846563193439868,0.004976086776011554,0.012644519234259983,0.0007433006417159383,0.0034407570507414675,-0.014285712373109959,-0.012565270177283422,0.005052757227938309,0.014418117129677901,-0.0047053677684080345,-0.0070109744749302745,False,23,-1
1152,1152,3.8530611410036033,2.476105317224774,10.04593193638223,0.3121630789383759,42.06242812025578,1.181307471186945,27.773353891952475,0.7470196017661456,27.369663670556445,0.6000542408003744,24,40,0,-0.003207181889111928,-0.005748673397968942,-0.004408389579693097,-0.004132650076926511,-0.009503595017111725,-0.041667261354356486,-0.01900005246924256,-0.02318998221967013,-0.0005625073788902933,-0.00019986185959065903,-0.019771780240719714,-0.013937159589831771,0.0022924513360792916,-0.00997621752928377,-0.003923514897441589,-0.0006485276184381803,0.0008760014822640529,0.0035056906492923964,-0.012379967863437208,-0.010431031319606003,0.004864254592373433,0.01769957542392371,0.0011535203498523514,-0.000674608618481388,False,23,-1
1153,1153,3.852951591026419,2.476020055908685,10.011228767591263,0.33024525645428143,42.57809988340184,1.1163080072401521,24.731531932607933,0.7317930600045419,23.65787528213411,0.7381581969181773,33,14,0,-0.0033557086474063445,-0.005766441427264237,-0.002078494417109989,-0.002127134742166824,-0.009420161205912344,-0.04218003664315862,-0.014861156199987863,-0.016581553327646374,-0.00047379717748548484,0.0006980341887548158,-0.019658956459873724,-0.016739846173011816,0.0022607719537751374,0.005797945494763858,0.002434166374778188,0.0039777396965215905,0.0010416603979188212,0.004270834624018192,-0.012031284542212922,-0.011377147409667018,0.005198655337915228,0.01810361394103552,-0.0035287500292277337,-0.0045516248843498796,False,23,-1
1154,1154,3.8528395264880935,2.4759406640394275,9.668159531100784,0.28161156056413383,39.38542574792756,0.879558461525193,25.060367124079622,0.7807240025101506,25.492719137277046,1.0706953332327807,38,40,0,-0.0030047506292594475,-0.004965166002138999,-0.0011545534868491513,-0.0009585791410623121,-0.009175512838775393,-0.03905437428719579,-0.01857458038127055,-0.02077908553719762,-0.00050472420216175,0.0011466197941510203,-0.016783145423292213,-0.01473734912663184,0.0020242290823582233,0.0048808819752526305,0.007058465395698072,0.014429508101442196,0.0008301341923279012,0.0033204968572773915,-0.009335494266532525,-0.008295819187559863,0.00440125890650565,0.014170757230547473,-0.0069785427720397315,-0.008495798130084657,False,23,-1
1155,1155,3.852724849642002,2.475867852352957,10.08888876535884,0.32141312179046166,43.716861389527274,1.4807195083859814,29.267273426479736,0.873877832011548,28.169245853746354,0.8764117679516886,32,12,0,-0.0032781679733548817,-0.006075225682953307,-0.0027196854879533074,-0.002777562031738657,-0.009531248073257307,-0.04329208697757758,-0.020890193697609992,-0.022646958418266014,-0.00044113651433883797,0.0002254058077830988,-0.02031689966366126,-0.016519892116172552,0.0024161504490605797,-0.016895948730493965,-0.004670651095372499,-0.006523707305529242,0.0009080545195337823,0.003625937972811453,-0.013387981526134197,-0.011993864706432718,0.004980620588491113,0.01921620154154778,-0.0056188841208110185,-0.0068966917789031095,False,23,-1
1156,1156,3.852608677389646,2.4758025536348307,9.888604635906693,0.32294633062706996,43.094037346209774,1.079355450190786,23.389336834683412,0.6885174245557175,22.8591270365093,0.7762085699692953,32,9,0,-0.0034754723299507064,-0.0059932211034622535,-0.0021047048966845987,-0.0019377921411861327,-0.009252652710499104,-0.04266416698228743,-0.017229956529335906,-0.018840064444555778,-0.0003066130263311639,0.0009727339353759468,-0.015676730936689098,-0.012799868054547003,0.0021111267727008352,-0.002850621392714772,0.0041525771292485565,0.007228796708559929,0.001216528170187439,0.00475581998917382,-0.009790498668046247,-0.008559441229153763,0.005082624658062063,0.018003830762402327,-0.005595357796633947,-0.007616585945092122,False,23,-1
1157,1157,3.852492170575303,2.4757426556602193,9.53333677813147,0.3048329223896338,40.570972380857526,1.0059645687436196,28.782484642774023,0.7846098924426312,27.529947535018113,0.7070636636359285,30,14,0,-0.003127386795345577,-0.005872408760736714,-0.0030708153677902242,-0.0029045108439671634,-0.009002482186406377,-0.04014228997574264,-0.015062664481829895,-0.015302439022989502,-0.0002434675358402112,-0.0003393682049317474,-0.024333467773753212,-0.02270015832512661,0.002193252285345997,-0.00028290142939084266,-0.007962408889384542,-0.007152983752344491,0.001103333347879936,0.0031753486412025482,-0.01090750684924318,-0.0091939359810695,0.004719989207345968,0.017265549737850813,-0.002269952905352776,-0.004073880249656382,False,23,-1
1158,1158,3.852374434850017,2.4756144257207655,9.732375490239816,0.3231713355978763,42.15179657480939,1.100460995284994,26.671679098308513,0.5823741511015783,25.188103921148887,0.49459896161453637,30,40,0,-0.0030580980142735008,-0.0057280876149371305,-0.0035870451999137037,-0.0036586965935271895,-0.009236481874159725,-0.041759653861934976,-0.017552132933288223,-0.020344163455025297,-0.00023360609246340317,0.0003070441191347882,-0.019759407940247154,-0.014393384997780114,0.0023578580063043043,-0.003186876402140834,-0.00043852064927592054,-0.0010322471794808076,0.0009989525183964369,0.004307517119889814,-0.009906736424791734,-0.007842380126294707,0.005025609925883623,0.018444110104986713,-0.0022311905115099807,-0.0034568092723088824,False,23,-1
1159,1159,3.8522525150832223,2.4754818008823554,9.364122890027609,0.30796813896406044,42.870924683691406,1.2483340456922145,27.99120739150417,0.9715157760899805,25.560491761660707,1.1967643695764993,31,40,0,-0.003147041711105183,-0.005674029184915703,-0.0034865958508589275,-0.003822623873822006,-0.008819055445395506,-0.04240947276126264,-0.01790468193870037,-0.02008387335065265,-8.477628880206186e-05,0.002675480546591267,-0.021231432012018117,-0.01534158782695439,0.0021552544872403536,0.010401404255181662,-0.01104350658527241,-0.017538809758951824,0.0013308135289780997,0.005263832114643896,-0.012818465422554104,-0.01108784114801548,0.004740787078474386,0.018406513197381926,-0.0011130572159987284,-0.0023951396624411533,False,23,-1
1160,1160,3.852129252613804,2.475354683590433,9.442212476055431,0.3183939679483778,40.99901486653455,1.0370523133839227,26.00593888631634,0.8953301417496615,26.065058580831764,0.9524874362602351,39,40,0,-0.003025448986792664,-0.005591821642571924,-0.003365935417433795,-0.003280312300547843,-0.00894301184192819,-0.04059301270907863,-0.02273514230196076,-0.024715659954293426,-0.00015676117639343116,0.001363110393389583,-0.012169331971561932,-0.007600196251203136,0.002079980840132414,-0.0008021734754810859,0.011631049526119435,0.013185931538080313,0.001065289333744914,0.004398568985109142,-0.010060910761967917,-0.009048670354489256,0.005041759972513958,0.017539050427512404,-0.0027718185813086224,-0.0045399935690530755,False,23,-1
1161,1161,3.852006734690633,2.475233185548593,9.595971341410092,0.31626141129115487,42.27849628980498,1.0339032930562744,28.972534939995878,0.37942520455856654,30.166600345267852,0.5860962321046882,40,40,0,-0.003095822937502772,-0.005636310733276794,-0.003254703530247393,-0.004397486786709919,-0.009082551651628636,-0.0419006665641942,-0.022618011595256247,-0.02817563265157101,-7.61696809329904e-05,-0.0001933683563052225,-0.01781123907133726,-0.009839695677994899,0.0025318033970056194,0.0007505465380396311,0.002580094792133869,0.006602738725362591,0.0009590883882226368,0.0033037670084225656,-0.00601377398999786,-0.0077950042874426135,0.004810233397941153,0.01772411994828354,-0.0010155879406871452,-0.0005296336173011055,False,23,-1
1162,1162,3.8518870375599032,2.4751129491355415,8.977170183984612,0.2823865342650516,39.85980593173385,0.9590188156027225,29.98269599972268,0.7748928590227792,29.49263328814866,0.9637228367897132,30,40,0,-0.0027011317025736254,-0.005014108805526067,-0.004024153811476616,-0.003893989634473687,-0.008559822166405565,-0.039458805439159646,-0.0167785041493232,-0.0168753750279149,-0.00015138202365529282,0.0025817658910862436,-0.024520400568190333,-0.02387203344214841,0.002193109392011078,9.822767249910175e-05,-0.009176970838600827,-0.014786268065901678,0.0011745034501591187,0.004796572841062799,-0.009819604638609845,-0.0072913062122757265,0.004254604830487771,0.016035744036127356,-0.0015062618837909498,-0.0033346851314994576,False,23,-1
1163,1163,3.851775328151034,2.4749967189023976,8.929905476761075,0.2978194489385875,38.79189016848717,1.2091360817310508,30.93556836527233,0.6623014423211001,29.91432070113082,0.9240172673041498,40,40,0,-0.0026447859813175222,-0.004556562912180579,-0.003904320448059975,-0.0039466296556783615,-0.008529164101681159,-0.03851914111951242,-0.015009396279045347,-0.015193745803702455,4.097149627720325e-05,0.0005694248733589102,-0.026767213064864983,-0.025464500502140188,0.0018335957804746135,-0.014530785717733995,-0.006731400497286686,-0.013078236158773694,0.001467846667695674,0.004812464074371322,-0.008761747120164693,-0.007719787071970485,0.004637006420929386,0.014527566534003684,-0.003396821262723991,-0.005426729140155055,False,23,-1
1164,1164,3.8516673992488,2.474883823628345,9.668343034171915,0.3102936594666884,43.85687157222355,1.0078515988775567,31.007312783841645,0.5518398374439807,34.898183015422894,0.6043151370305399,34,12,0,-0.002745449279838919,-0.005026190749443677,-0.003901908052565807,-0.005164248592457267,-0.00927029669641178,-0.04355915850313388,-0.029397281310945267,-0.03382608251921922,-3.1055414171853165e-05,0.0008730985921279128,-0.0090569537455736,-0.006856373360328759,0.002270669839069205,0.004837576609629105,0.0054090710414997165,0.00423137689137416,0.001024935496096817,0.0038562129641614012,-0.00756960086826503,-0.009630032664047633,0.004808615951647707,0.016466546098821866,-0.002491462415466842,-0.0007766741956410044,False,23,-1
1165,1165,3.851562074827435,2.474773743716232,9.213146042355257,0.3115093412968411,41.85409087580597,1.092297488798981,31.771187659964035,0.6961769586220978,31.561748397527005,0.6069332159936053,32,16,0,-0.0031161843018206515,-0.005662119867358831,-0.0032564306403790456,-0.003193344548190336,-0.008669297135809738,-0.04138393035537806,-0.019677970193600295,-0.020017056944758062,0.00012141896842732215,0.0026600056370434926,-0.024730174157672848,-0.024192228995602177,0.0020751990137566284,-0.0003713421705227927,-0.0071096199297057275,-0.00722794100729526,0.0013789452149207601,0.005658961508133241,-0.009833184694810822,-0.007725471682445026,0.004832343692792881,0.01820114029777748,0.0006311735800520184,-0.0005340824321775354,False,23,-1
1166,1166,3.851456513313374,2.4746709629093364,8.233006781523919,0.24664208070478985,35.770652996586136,0.7799387738749163,28.00320237266947,0.631631065820569,32.492061088398565,0.7390220650621876,36,28,0,-0.002309356492082237,-0.003889894788240925,0.0007208841602203755,-0.00046096490035253744,-0.007898832783378147,-0.0355575669259275,-0.018001232667773464,-0.022978993564119966,0.00024023721053810726,0.00026032411870516043,-0.021438640152605527,-0.02296709384996282,0.0018063010819378883,-0.008179759521769003,0.0034897956282839903,0.0034102662009726664,0.0015384769663037974,0.0044523792100263524,-0.009265594917355527,-0.012395591218650508,0.0035917889912007008,0.009928141720748344,-0.004847635913333165,-0.001042740174194316,False,23,-1
1167,1167,3.8513465996632914,2.4745755519001187,8.954819525555655,0.29355458891984637,39.71592816725547,0.9971071475147048,31.68627279059629,0.6003896837546866,34.0492421429236,0.6915693851355379,32,40,0,-0.0030835607432835484,-0.005251493812781372,-0.00142591576682861,-0.0023712343836532826,-0.008400774555892141,-0.0392889565002991,-0.02180886444526384,-0.028089721284143124,0.0003277693378408019,0.0024808587300611407,-0.022942538638827645,-0.019097007519095283,0.0021701054537739653,0.00596055732754246,-0.0027847751136364095,0.005079556665171616,0.001488337898373816,0.005398695705967691,-0.010101952769291713,-0.010679996031107763,0.004396098784730809,0.015433190969671017,1.8453881652723712e-05,0.0024134246030574837,False,23,-1
1168,1168,3.8512281703213858,2.4744879743340604,8.774044228075109,0.2877477058156836,40.31256533539642,1.1374051347880039,29.519297795951353,0.44049504943231266,30.191842199641407,0.45474895847216273,40,18,0,-0.0032532404537582655,-0.005699748952630763,-0.004137791022922854,-0.004299970405461824,-0.00813738218626464,-0.039540717900769025,-0.02399497458326125,-0.026995388621455632,0.0004281236047122089,0.005398834475087531,-0.0166885835997344,-0.012818212944743265,0.0019628939109538543,0.00897485878983229,-0.0001625178534678676,0.003879831080447504,0.0016028869585974165,0.0065159426311068944,-0.007449725017866395,-0.006799841977778706,0.004335866707304819,0.016464356815916792,0.0018925899791099265,0.001304956404207261,False,23,-1
1169,1169,3.85110449419462,2.47436107563049,8.283150777217326,0.27272908593965045,38.56277203983793,1.6832312129545548,32.777173232668304,0.5196486815094606,33.97338973683541,0.5109245930634302,40,40,0,-0.0028923564969098796,-0.005494631641311356,-0.003567126748434527,-0.0039558247546970645,-0.007752989238202387,-0.038108976595834315,-0.017754623806179124,-0.015583386237510372,0.00036880694843940704,0.0021453002915579776,-0.027320176159498086,-0.029928259790599446,0.0017041064633424058,0.02360438562886606,-0.0021934279938708033,0.0050930464299419765,0.001481070907585629,0.0038997945287994333,-0.008728250147377563,-0.007237160559760717,0.004190494653050525,0.01704955017481166,0.001124194141038655,0.001096775495089095,False,23,-1
1170,1170,3.8509749355576193,2.474201321898812,8.819988973024929,0.3042617570211282,40.2638375041047,1.0737201405207475,30.700701495596974,0.5396039617589602,29.673662364179858,0.33005247804182164,40,40,0,-0.0029095875368556103,-0.005467873073298532,-0.003928270763009912,-0.004278251614159908,-0.00830844174517535,-0.039877494395168495,-0.019895549280019718,-0.021321105442334436,0.0005443359410175205,0.001031705081188575,-0.023049270703875614,-0.020189929765755475,0.00202609887082624,-0.0039058144571815037,-0.0061940033186524855,-0.002593173792825557,0.001612929027336668,0.004782960583244176,-0.006570991192238241,-0.0043296424460919055,0.00463609825088201,0.01769332334790351,0.0026744333360682504,0.0027772350281949423,False,23,-1
1171,1171,3.850831550363375,2.4740505748380412,8.506715303570862,0.30602396759622785,39.758093592440844,1.3019251846493922,26.87353651746274,0.35408240491607407,26.358784704724403,0.32030667947567204,38,15,0,-0.0027200764502139244,-0.005548847255674895,-0.004024794944798281,-0.004051526296290559,-0.008042289312421248,-0.03916611320159367,-0.020269167468479295,-0.021026663700372945,0.0005356976538246926,0.003991475531482693,-0.017179896412448777,-0.015370428732208414,0.001999897263079259,0.012714835165921519,-0.004940295266673758,-0.005142516363300293,0.0016374476438364692,0.005069856839882012,-0.003503286013935614,-0.0021919351918781214,0.0046740561854472385,0.018137222588089443,0.0012295042195873012,-5.086006974815705e-05,False,23,-1
1172,1172,3.850676360872334,2.4739119201681525,7.844474006287112,0.26671299791251496,36.65272140275948,0.9986369524031965,25.71045197260884,0.25452277131015133,26.902846131686818,0.38555775210167464,36,40,0,-0.002189459485176441,-0.004072063229644749,-0.004683801194164958,-0.004859340369558034,-0.007508794675958874,-0.03619531975265162,-0.01960769783867482,-0.02287434281912639,0.0006000350926210522,0.004091346390295755,-0.01595705275032302,-0.013300916575600386,0.0016623405659975912,-0.008449281469673308,0.001284713279801273,0.005896896508823438,0.001849386363723686,0.00614409003469324,-0.004065777095191337,-0.002696903330855366,0.003935175327072445,0.013951608148987032,-0.0012460520416600898,-0.00179893289854477,False,23,-1
1173,1173,3.850514231370923,2.47378253246529,8.251766143108341,0.2719264176282415,38.63567135419036,0.9271949784412581,28.51333891564568,0.26480213966377675,31.189470255035907,0.22595878643447595,32,13,0,-0.002301612586120535,-0.004526600153511537,-0.004210222135126658,-0.00495467978533127,-0.00790904636695366,-0.038285059970705415,-0.022883298845309916,-0.026113299537347257,0.0004911308881935346,0.0025454223772733795,-0.016481479291847612,-0.01631961366844751,0.001987025916974836,0.0004985035640941967,0.00112264663153991,0.0018271557786254861,0.0016322553558502104,0.005701732000648272,-0.0033232164633079427,-0.002990144501643602,0.003988996593190708,0.015136659369161448,-0.0030092728531807148,-0.00180928242547336,False,23,-1
1174,1174,3.8503427724857175,2.4736618063080926,7.699773977903314,0.2534463553648797,36.301531952478165,0.8388239157635587,25.40310779701301,0.24948673939664956,32.58524784015762,0.35819822524379263,36,18,0,-0.0017418798549398143,-0.003251786977452013,-0.004367143386057305,-0.006374524770348248,-0.007470895512242227,-0.03594997250289325,-0.021693400500796423,-0.028284062621509103,0.0006618867931231294,0.0038505299104520494,-0.012475669084434902,-0.014871974057913932,0.0014437429750573337,-0.00426600705959005,0.0031828637764364028,-0.0004945104539254365,0.002030924867949316,0.006772489962527815,-0.0013603814628562368,-0.005521453333298915,0.0036548689622499016,0.012258514043834571,-0.0026418242522603147,0.002890198191736923,False,23,-1
1175,1175,3.8501641849226393,2.4735517316710633,7.753880593191099,0.2928900605145752,37.41996259439589,1.0742575606025213,25.84941661640025,0.25149554409184166,27.162208620802346,0.5153670416630824,40,17,0,-0.0019330131541745836,-0.0043067025859156,-0.005813382602925297,-0.00568372060352873,-0.007426446691636571,-0.03681745910615381,-0.022204834295046764,-0.025521315097823707,0.0011108617985752373,0.005116699949102653,-0.011888744931646484,-0.007358218054570552,0.0021496620040220428,0.005389550075486404,0.0017419255944593466,0.008650302146352382,0.0023319162358861997,0.007278923780278576,-0.003718298938008579,-0.0024645172095863837,0.004009064685644717,0.01641668201228714,0.0015514517981745474,-7.606184469603289e-05,False,23,-1
1176,1176,3.849976419432981,2.4734497841403495,7.67834209801795,0.25673052593314993,36.92831098154631,1.0609809193122641,26.114170404825277,0.2992419666292044,30.0539942441363,0.2961220063692594,40,14,0,-0.001831381738555611,-0.003627220598126272,-0.004197326663494331,-0.00499121094541471,-0.007428711979603185,-0.036442728864619085,-0.01987058890180275,-0.024498045327945365,0.0006459230805443018,0.004740351841602194,-0.016416212763841885,-0.0166786138043569,0.0018295647210548494,0.00909270628624747,0.001394001597749295,-0.0027928796077962017,0.001883722105586637,0.006901377892316212,-0.0016874549314012967,-0.0024266745710127507,0.0036306734336302984,0.014580657337327614,-0.004741988202923474,-0.003608661835958748,False,23,-1
1177,1177,3.849782884541673,2.4733560567119004,7.4441365710234,0.2739731804133121,35.065010597826195,1.2596406557379491,24.10720911896602,0.35127116234382383,24.264004337753864,0.3922279915448338,35,22,0,-0.0014948477241085653,-0.003578830278779927,-0.005575531026046025,-0.005653184141771741,-0.007213855622940077,-0.034306430069698475,-0.016778609165045994,-0.017103229647398712,0.0010681229429009092,0.006309976064474358,-0.0163874726474155,-0.016256166558881603,0.0015665529503330168,0.014496902843038768,-0.004182436518218976,-0.0061875644689017295,0.0023105618972337955,0.007176750826563841,-0.00448145068584884,-0.00288593182553894,0.0038822926470042157,0.01488854811476849,0.00010489708168109794,-0.0004986375672239926,False,23,-1
1178,1178,3.849587689565338,2.473205051800369,7.510063865286039,0.2731065090281881,35.986720413945314,0.9767364936306548,21.907373061349464,0.13547346991291284,23.87074058898984,0.1474122200514617,33,9,0,-0.001753877810264635,-0.00393210641479577,-0.005630603209783944,-0.005857421907810308,-0.007222640166701183,-0.03540176451320161,-0.018730213181731802,-0.021665521359391263,0.0010763089285568141,0.005128123891445071,-0.009869570208980284,-0.008130685646765085,0.0017937080110301891,0.0003389203083434783,0.0018515329782866638,0.0015402029187163047,0.0022029562927889483,0.007074971178242644,-0.0011889749384893797,-0.00018625850198155205,0.003827550780599193,0.015506103739845522,-0.0008653475187892047,-0.0020524448182847174,False,23,-1
1179,1179,3.8493870805660735,2.4730307712271404,7.649827771833673,0.27969054954601547,37.137447489457,1.169583201410401,25.833355088218354,0.22438220967753972,27.498556010361664,0.47148798526773417,40,40,0,-0.0015743537515037819,-0.0036500937812954945,-0.004916214263268996,-0.00501565279037133,-0.007426021016937824,-0.03672739163721263,-0.022388451427123552,-0.024444817227859687,0.0009463017805337971,0.004118922789605086,-0.01191429037445945,-0.01155269321145386,0.002090547058255735,0.010243684381100581,0.0033733604297153173,0.007602712702511447,0.002117535641775174,0.007205346401864668,-0.00022687326125114568,0.0011493857936343717,0.0038697419610346515,0.01611966675754909,-0.001976273187273294,-0.0029316214973602946,False,23,-1
1180,1180,3.849185225891449,2.472864091374663,7.281302864027696,0.2759943180719228,33.2100576586781,1.0107871658831407,24.985645845536894,0.16925236484008238,26.50551609510576,0.28644956790323445,40,17,0,-0.0014470990337202975,-0.0034738024631415275,-0.005404453783828871,-0.005560961149097716,-0.007046922424268919,-0.03257179185681255,-0.02108120094619832,-0.023108288735400922,0.0011243487584551158,0.005469826448460306,-0.01227425534535843,-0.011731371884288697,0.0017765818181647317,0.006237114965357976,0.002946439832324153,0.004894302399172856,0.0022111711484360413,0.007101850385165235,-7.51477301732446e-05,0.0009716222297458207,0.0038933353780171587,0.014895868597014618,0.0001975507977287258,-0.00031086257159789317,False,23,-1
1181,1181,3.848980307558614,2.472704977547335,7.392811422327248,0.2800712089412241,35.450948463518436,1.3585399131451195,25.32869134459057,0.11177271309114463,26.762390205617063,0.11680216300273916,35,40,0,-0.0016025495177883077,-0.00368441715358027,-0.005071997960176473,-0.0051535253058875245,-0.007128747396700918,-0.03471070359503837,-0.021343520928568466,-0.022251087646207736,0.0011253694163067362,0.006193696242054023,-0.012659840294935122,-0.013948326243677641,0.0018771185584155184,0.015820067555098495,-0.001591383665075211,-0.0005702670825199513,0.0023455222544937746,0.00795362272647119,-0.0010125788477323375,-0.0003274753862763556,0.003856047945531701,0.015769483455473243,-0.0004978051769608667,-0.001929604413506444,False,23,-1
1182,1182,3.848770238225973,2.4725522056816,7.349737335799166,0.27619229326922645,35.19834338937137,0.9813940343444548,24.365066751325127,0.05450301142316061,26.770560150423155,0.393919270458279,36,40,0,-0.0012517053203779847,-0.0029233492289441965,-0.005103332895905626,-0.005080155670745698,-0.007147561670962803,-0.034567029027626116,-0.02060391044749,-0.02384988807237216,0.0011680046472343773,0.005958012323332998,-0.011962079477327895,-0.01104706965958551,0.002069698655226803,-0.003498772601672556,-0.00030434059579762695,0.006058944206433244,0.002276324043939428,0.008269887226068235,0.00011924690068837415,0.00174662696318237,0.003711007685581786,0.014586124430093076,-0.0008933346861577653,-0.0027398362939836662,False,23,-1
1183,1183,3.848556862315277,2.4724072301002904,7.18879429351246,0.2682112032520874,35.94314286226596,1.3746778791337781,27.944912920122405,0.29591432404809737,30.381871183072434,0.3042590690693396,32,40,0,-0.0014747485112246521,-0.0033269264207168993,-0.006588802959168843,-0.006858929865868336,-0.006952683793734495,-0.03528039479265454,-0.02283274146743784,-0.0237020187314954,0.001078919963398439,0.006011224724033399,-0.014702780375140495,-0.01772646286577635,0.0016441804953869425,0.016424547639719574,-0.004169638869051052,-0.004992893799998774,0.002306580582262725,0.007921988670742624,-0.0015775859472103185,-0.0006844564408458001,0.0037268882275392585,0.015592428651384601,0.0026075364088647096,0.0016739343777307924,False,23,-1
1184,1184,3.848343992892658,2.472206408548024,7.177818329923495,0.2923124924396626,34.83016035069238,1.528413487455168,27.525783821629247,0.4845156895793353,28.868878002000464,0.2825738590285609,40,10,0,-0.0013557166638561646,-0.0035468497732532383,-0.006902422322015201,-0.006980762757454793,-0.006880206653070953,-0.0335010946305307,-0.025890787616385556,-0.02704076882243788,0.0015316215967942633,0.008845144730141176,-0.0063001950514907775,-0.007312857848337401,0.0020842876907497224,-0.01971209107170775,0.008273211176321427,0.004663412921186438,0.002644069096434563,0.008744692829575762,0.0012400301269680982,0.0016045786260437222,0.0038331663408559943,0.015702377615172364,0.0012356790143699908,-3.1539987852123253e-05,False,23,-1
1185,1185,3.848127488231385,2.47200965954851,6.958264954066218,0.25779108725993816,35.54089937770502,1.2239052594790345,27.95297925364574,0.40924052003416317,31.944178473818084,0.3906753980480716,38,40,0,-0.001171135505258427,-0.003006305169786652,-0.005675280529658487,-0.006047747989010275,-0.006770263635151784,-0.03476024678516793,-0.022744601764835115,-0.026354307107880833,0.0010997377459424542,0.0067707386034678175,-0.015226402418939534,-0.01700899113680958,0.0017705537175606377,0.013222671579429347,-0.006821878092248608,-0.006664706218434877,0.0021340194315599198,0.0076074875844789605,-0.0021152983342880845,-0.001374011393483536,0.0035432796078277325,0.014952824176802207,-6.440920206842745e-05,-0.0004320970556640436,False,23,-1
1186,1186,3.8479122667796086,2.4718190966707776,6.976198163811567,0.27541296945583793,32.85714239302439,1.1567322841059027,25.107568304253203,0.27901293847294534,27.555777897381986,0.16236325126102547,40,19,0,-0.0011214267812708224,-0.002685244338345686,-0.007143470828568283,-0.007466482102696891,-0.006764498073698915,-0.032010151092459097,-0.023004750428462277,-0.02516011286899008,0.00128503253108243,0.00690879845680875,-0.007081120560921049,-0.00839888450686354,0.0014161011520409203,-0.011078382913235747,0.002947723540598381,0.0005456534130168662,0.002657193134952116,0.008783181397920798,-0.0001539463771407617,6.209863404062477e-05,0.0037469874862712882,0.014412226543156747,0.003873131846760091,0.0027800498798690385,False,23,-1
1187,1187,3.847699542016503,2.4716329247748883,6.751219030573893,0.28303472843400157,32.48931714332373,1.0143293333406374,23.266626614999772,0.3882382386953047,24.674018576015673,0.2783856736214601,39,11,0,-0.0009478589827589064,-0.0029942643881576483,-0.005933513468267096,-0.006657202469936833,-0.006495177626736618,-0.03185412229449934,-0.021477978619223514,-0.022051688426822265,0.0015789836429572087,0.0056484512975115645,-0.006695204731439235,-0.008843748384604031,0.0018202539179646043,-0.0004057067113841686,0.006735591761112319,0.00474069253605555,0.002812264034550907,0.008829416478650168,0.0007378113631953536,0.001060707816988769,0.0036304736914408954,0.015339058075012763,4.577946361195046e-05,9.028665868533888e-05,False,23,-1
1188,1188,3.847492307286137,2.471366405338302,6.887624626378238,0.27284994064100765,33.17889085009342,1.2698503413402777,29.259859519887677,0.341570889092639,33.90421790193324,0.35248913139606963,34,9,0,-0.0011272214156257615,-0.0030411504901993796,-0.006760439135219413,-0.007453196666564135,-0.006642551620939675,-0.03255136065311945,-0.0235192566816633,-0.026856080743347308,0.0014301233643285159,0.005656776588209913,-0.016039962810573828,-0.01930535620231073,0.001908794431113164,-0.014234621788704382,-0.004147453826482705,-0.004990926414265441,0.0025474459470929568,0.007724844454395582,-0.0035429147646459133,-0.002944233486844082,0.0035418785221486785,0.015129572655971759,0.002405473109598687,0.0020665011288645537,False,23,-1
1189,1189,3.847288481173981,2.471091388740604,6.435856805905624,0.2555460847567513,31.740989675467436,0.951532298402557,24.85311824155604,0.0804238361402629,28.51866887141794,0.06348890254821334,38,40,0,-0.0009317415087869241,-0.0025902441306918027,-0.006256193674927291,-0.006785207554076326,-0.006215186598695207,-0.030912527772294165,-0.020320120899879727,-0.022424417592141005,0.0013869268655284993,0.006722848179803627,-0.012869740232220558,-0.016261024823145842,0.001628622980580666,-0.0034795850597581215,0.0007851578565504864,-1.4260497914329276e-05,0.0025255050341756757,0.008901745177678923,0.000700304821000733,0.0011057540425484728,0.0032957680447386235,0.013581465689567735,0.0009291736999240279,7.04907330160631e-05,False,23,-1
1190,1190,3.847090124081058,2.470819324966749,6.6704291826983955,0.2843132707448009,33.638002960095335,1.6599590379221492,26.089099721642636,0.17274010164584033,31.974045375380523,0.09017116150386903,37,40,0,-0.0011032491690644393,-0.0030207799312063593,-0.006442481159842388,-0.007468047946626276,-0.006399119307098413,-0.03250825541536677,-0.02341950818136534,-0.02726825524547437,0.0015260205915626885,0.008099596384998502,-0.00952166988158335,-0.014933522471320793,0.002020980362672544,0.02252249954065433,-0.00236010356774717,-0.001096094788023558,0.002593972667931694,0.009030165552379989,0.001790536124065735,0.0010349888640998864,0.0037162346030762323,0.01582894376898926,-0.000559834083372412,0.00045185093880834585,False,23,-1
1191,1191,3.8468962331534216,2.470516487439099,6.582599903592535,0.2556328370574418,33.895356718756126,1.5622954650499379,29.593240447149313,0.35334740556867633,34.15972403784877,0.4452212077709112,40,40,0,-0.0007618580002958178,-0.0026330535903962286,-0.007357187750620062,-0.008097574128814575,-0.00639598226936769,-0.032968304314320955,-0.023238317603275317,-0.025683061586973553,0.001357057363598104,0.007419780759574646,-0.016781306967403486,-0.02101657410450284,0.0017105992588314963,0.020539204838024922,-0.0037007816573270185,-0.006200791638552326,0.0023656079859261173,0.008837729491071412,-0.004338571781584313,-0.004348311249955048,0.003374008458194088,0.015605633101356384,0.002348154989304311,0.0017390294180405223,False,23,-1
1192,1192,3.8467067871618457,2.4701556565385445,6.629051288106066,0.2820050123211703,34.081533069968884,1.4061414147436149,27.96837111539854,0.349037993011192,31.61340857408844,0.19940286062549212,40,40,0,-0.00087418359660138,-0.002875667286127187,-0.0070811311683118576,-0.00707147147811027,-0.006408035908855582,-0.03284015222497201,-0.02416782671267335,-0.024257088716286266,0.001455060071128054,0.008649036703561052,-0.012165669575161664,-0.018999882626393752,0.001471620420091306,0.015354458447517556,-0.003632674054863723,-0.00020141497177917275,0.0028095849114182655,0.01023193640937026,-0.0012276953985515668,-0.0011776630646986904,0.0037637511609330985,0.01618171512801235,0.0047336273821566585,0.0032687287289614605,False,23,-1
1193,1193,3.846523355514169,2.4697443978498224,6.373482098673897,0.2643046499604784,33.33682615222067,1.3769614510774961,27.314490760438662,0.4329490447887443,30.944203465536617,0.24445557100602738,40,40,0,-0.0008258641351354179,-0.0030483742467700015,-0.006278811433747594,-0.0067103375325920315,-0.006124633672165751,-0.032499960279048015,-0.02604073297902719,-0.029394288387870927,0.001558231328842773,0.0067678633419502665,-0.005342111791841821,-0.006963541375327017,0.0018740126119587265,-0.015643191210778278,0.007033804703874885,0.0037028483961842646,0.002513420510224097,0.008014803506256005,-0.00013222857640706332,0.00043623457945198734,0.003383849482485185,0.016389480717590256,0.00275809377702927,0.002074150719357745,False,23,-1
1194,1194,3.846347928296398,2.4692946364416035,6.543944274495305,0.27145387317738784,31.400903650591395,0.9708671407093349,32.77962321463784,0.40623800923389586,37.64448356278615,0.44403377749296596,35,28,0,-0.0006137900958511455,-0.002493941263575216,-0.006616498188326736,-0.007741926022071382,-0.006342935473773291,-0.030553329383133387,-0.02810969155359542,-0.03363573578355672,0.0014878299504591684,0.006803754158794903,-0.015510347854874797,-0.015026876005225186,0.0016402993224441228,-0.0037267024185557193,-0.0031330999509364115,-0.0038426411455753247,0.002607127843527998,0.008059176620807833,-0.005923958709886684,-0.005841033349889516,0.0035998206731447987,0.014432205797048969,0.002315427302492197,0.0033431475090626946,False,23,-1
1195,1195,3.846183406943304,2.4688470067868202,6.40244745232943,0.2751043637019001,31.78010893158012,1.0922974773515493,28.99435031523323,0.4437759824971755,33.78241797580467,0.7430078936893921,40,22,0,-0.0006515785177264922,-0.0023221381524031756,-0.007295565577389882,-0.007949560371867994,-0.006181457637944647,-0.030144249825473656,-0.024465592340977813,-0.02569602309190999,0.001535044066264141,0.009793222174733074,-0.013743429867160418,-0.02043943862844635,0.001389316228891985,0.006884300961720855,0.006401344741908767,0.012053736822336597,0.0028655439329683422,0.010612551143031385,-0.002585385676633261,-0.002042470297863385,0.003593416080060566,0.014262657514805616,0.0035112739223134,0.004324703326723682,False,23,-1
1196,1196,3.846027828438192,2.4683991939745265,6.352979620341099,0.27152674843711794,33.07405134552739,1.7673961887647973,28.116505820424095,0.2499667963912288,32.7738497173993,0.40787416741504817,40,12,0,-0.0005377156800054199,-0.0025404628028559673,-0.005733842758891241,-0.0065765763578598535,-0.006112173010369286,-0.03160649971577425,-0.02495112193563578,-0.028891570219151962,0.00164698299786576,0.009405748076078232,-0.011623358418257932,-0.01400539321046447,0.0018544631376096804,0.025174501262256177,0.004044634267349352,0.006908952125683697,0.0025241295517845104,0.008452436925782753,-0.0013649228682671153,-0.0016451083886735043,0.003556430300503562,0.01569493444894387,-0.0009008057952482802,-0.0004863743152394261,False,23,-1
1197,1197,3.845884240080817,2.467951566603837,6.433361188523425,0.2598472947323456,32.83910051939538,1.0191241209278388,31.85260939028354,0.35554546519214464,34.82101504722077,0.6971296507879404,40,10,0,-0.00045588289245568223,-0.0022447182727978595,-0.007144974064515079,-0.007975844788167269,-0.006192681361533974,-0.031203387620021644,-0.028302091756199937,-0.03180437777843904,0.0016825589216653027,0.009985808121198843,-0.01274871259425929,-0.011720518032927259,0.0016339501855128966,-0.004318819562863936,-0.003250419442517394,-0.010860842609778026,0.0026053512005818308,0.009107913749195213,-0.004436823004709877,-0.00476087499001051,0.0033332128521609125,0.014655156552946328,0.0028734732217824102,0.0027234373180340223,False,23,-1
1198,1198,3.845751606710189,2.467510203358208,6.205986717639522,0.27769377637999315,29.437281160383073,1.0157700562203162,32.23851138994739,0.130183573863773,39.61505347554378,0.5551364670346333,40,12,0,-0.0004124895917780538,-0.002230268386682661,-0.005687760699422938,-0.007042287628644914,-0.0059720055523760284,-0.02886861654283087,-0.023243246305340737,-0.025508828228774004,0.0016368485447905182,0.005308710195687851,-0.021603761155297285,-0.029479795271007747,0.0016463760698385895,-0.0061797824001937375,-0.00013562114216478607,0.008831139471152502,0.002788870823769788,0.00807764764574651,-0.001916623182590634,-0.0027032578379767407,0.0036058095259454016,0.01452111366890435,0.0012127432905238104,0.0029290445655828917,False,23,-1
1199,1199,3.84562098165602,2.4670684732273007,6.174760488254414,0.2812550569506126,31.31545479292281,1.6743609297319892,25.348261238789203,0.13930396538391615,29.698150930918626,0.16922539815433746,36,40,0,-0.0005990230417162934,-0.0025222794925182828,-0.006004392214122759,-0.006645927151773863,-0.0059011770398767075,-0.02951980905233513,-0.02371228699071621,-0.028014376028039894,0.001716085087293992,0.010142814627256413,-0.006648989971326176,-0.007280560196064687,0.0018368254873284261,0.022982800785875817,0.001697256595402415,-0.0016820670634791987,0.002795410306020022,0.009276105945257986,6.3211606600906e-05,0.0003818757993147596,0.003592816962017615,0.015483376516163333,0.0017397145027074257,0.0023975449983862484,False,23,-1
1200,1200,3.845495395958237,2.466631647880686,6.144319854697992,0.2559360004813542,32.3664473984388,1.0008777083932368,34.772731700856,0.3337864110766845,39.28549943459613,1.3535715339363008,40,40,0,-9.546765070013943e-05,-0.0021226995393888786,-0.006098723423406654,-0.007039914213492784,-0.005924403815991277,-0.031200159410224654,-0.02918566039721413,-0.032143250484891986,0.0016263430848298091,0.008344526148197653,-0.017892614949274285,-0.02146162906113621,0.0016737528342437994,-0.0024834949283675054,0.004692756077040097,0.023368070769759726,0.002513088584449041,0.008391369984730118,-0.0032077882848335743,-0.0030654381128296733,0.003291863311085545,0.015118516716521358,0.001275377386440612,0.0016257182456024322,False,24,-1
1201,1201,3.845374703679343,2.4662004741014987,6.066363888646026,0.26829591395502284,29.856656164404466,1.4771915244126574,31.71715377277424,0.18186399420179203,35.738711602544555,0.8754407215465003,40,40,0,-0.00022356354347737403,-0.0018407623417690884,-0.005755808821349096,-0.006447691551209762,-0.005839370441794248,-0.02829699303900811,-0.025886075111768544,-0.027528672415093762,0.0016286629531600534,0.009344072788186244,-0.017399989182920902,-0.021859894229679315,0.0014159970925076487,0.019507134212161294,-0.001023709914818156,0.015024305315384104,0.0028101188442045517,0.00959757384437006,-0.002028937453910551,-0.0017913000029783407,0.0034677612202150946,0.013858657177902262,0.002215965577905581,0.0021258422652573675,False,24,-1
1202,1202,3.845255760383696,2.4657702038470655,6.000419057346442,0.27111848047314957,30.77030785177169,1.2983875184883498,29.077479621749898,0.48917550483457406,33.1456334681564,0.8341577544287738,37,40,0,-0.0003361696936917803,-0.0022025703765946878,-0.006110911183558831,-0.006600649683075419,-0.005718173276047392,-0.028924583376628094,-0.027810065178049098,-0.03126051714016611,0.0017873201128804465,0.010262992035339393,-0.005895494928553264,-0.008822953581203203,0.0016977108299031439,0.01425760745532271,0.007473852168487319,0.014167835280786224,0.002714217332691924,0.009212851486213683,-0.0020675032848574983,-0.0022456102756540255,0.003484505108432241,0.015012366060270923,0.003572069570982477,0.002487632384916161,False,24,-1
1203,1203,3.8451456741656727,2.4653414280021235,6.022845376966623,0.25311660212868525,32.4406508536814,1.0059166252232972,30.262108047512132,0.38448463916034387,35.13337349735591,1.1582951398031618,40,20,0,2.5392177034641263e-05,-0.001994545359457324,-0.005432497129964394,-0.006054637200830597,-0.005736468431940822,-0.03021456156404621,-0.027679004999216814,-0.0316153449690213,0.0018349255029946215,0.011640355927203794,-0.010961561962857204,-0.014077118460850177,0.0017273186546384732,-0.002201766805744047,0.005881120100087955,0.019987326829967407,0.002500776607739165,0.009301496731290496,-0.0029734070863500764,-0.002771255586854697,0.003206044263929296,0.014726407541286481,0.0012658570005213065,0.0012313197186552178,False,24,-1
1204,1204,3.8450452912596487,2.464918745468241,6.070926305561148,0.2776281684254209,29.514563301647485,0.9824385176482076,30.969711268870743,0.406881492194266,35.56531426977522,1.1182943081158485,40,24,0,-0.00015772767866289867,-0.0019011685452806776,-0.006326189654084085,-0.00677381155712842,-0.005770960167823541,-0.02867715869701505,-0.026454225020110668,-0.027733314138030336,0.0018781072728499904,0.0067168127944439385,-0.014807981601931088,-0.02121014717105276,0.0015742257087819481,-0.0031289401810411155,0.0045599042597299225,0.018702452918853415,0.0029077703455528325,0.007958635046348108,-0.002469540989416227,-0.0032750630330425513,0.0035420056066769604,0.014862104836902293,0.004851683281586103,0.004521208646527801,False,24,-1
1205,1205,3.8449538249443256,2.4644924973162103,5.806609832946904,0.256318423141232,29.379925457822054,1.185318685897539,27.844942022071926,0.5340273470532214,32.638320116151796,1.1879337677693473,40,16,0,-0.0002076979327313897,-0.002071234592331992,-0.004588613012186512,-0.005414364417477104,-0.005511059414247773,-0.027064465173545365,-0.025938800872997058,-0.029831652741980526,0.0018170865288823675,0.011242985904138542,-0.009025742967088446,-0.012083753251413335,0.001588046302927006,0.01169860983539153,0.009291485038634898,0.020700876295594448,0.002665224174822476,0.009414111068791205,-2.664100345110743e-05,0.00014853187137096524,0.0032230094215930168,0.014230198209603825,0.0007348320035886547,0.0011505176914296165,False,24,-1
1206,1206,3.8448691333241753,2.46406870924403,5.853855317170173,0.24727536881228476,31.51734553967185,1.5160231076560506,35.10651969578381,0.5367978524277418,40.50953246307813,0.25534805396724203,39,40,0,2.584364168494089e-05,-0.0021277806857889748,-0.00433173936416529,-0.005462781754190143,-0.005567035483704728,-0.03004868150487261,-0.029963071793508635,-0.03318007033147303,0.0018097154759017877,0.009267813066683166,-0.01777408472829035,-0.02258900548235295,0.0016601521296371032,-0.019696092378519905,-0.008570836968431663,0.0002172970394195603,0.002417108925329641,0.0086515645607226,-0.0035389425357465107,-0.0039650803193330125,0.0031665982358939013,0.01540534098265766,0.0013389317174161885,0.002023061186691421,False,24,-1
1207,1207,3.844787289999928,2.4636490191059472,5.978447599592184,0.2739786887189732,29.181260618813987,1.2152521546500235,30.857174464545086,0.5198752153305902,34.98227807276239,1.0383457818169186,40,40,0,0.0001431169035085454,-0.0014820859022886142,-0.00604073556318659,-0.0064379265928023455,-0.005708953648001758,-0.027115513122510825,-0.026330157278288344,-0.027168528510658225,0.001768954916883721,0.01068168248846241,-0.014912999278871615,-0.021075671730962975,0.001593418243306113,0.013180874112396634,0.005823390877092683,0.016897645291906484,0.0026904693244687926,0.00883113871830181,-0.0029379707519334463,-0.00342742206414172,0.003617774614694857,0.01407643656833446,0.006307572398282936,0.005581153711169915,False,24,-1
1208,1208,3.84471014350367,2.4632349034475984,5.737118093983525,0.2492196398962347,28.354370205342374,0.9725362000139223,28.470855419696953,0.15278590170545034,32.43868747164825,0.48735688171579616,38,40,0,0.00011282258109651902,-0.0018515683532918732,-0.004176581653205676,-0.00466616644611802,-0.005448140323064684,-0.027099025088063746,-0.025989482151868783,-0.02870866592915742,0.001794313826983591,0.008135406790762655,-0.01084862164060887,-0.014363420071432416,0.0015040367696864784,-0.005219100368403188,-0.0008753609413860041,0.008238162364135625,0.0024781004211028106,0.007255576062584891,-0.0007056983718723103,-0.0011835830641393336,0.003242963196641898,0.014430276649533568,0.0024179701080982953,0.001756002701774887,False,24,-1
1209,1209,3.844634764874941,2.4628199186746103,5.789201755500672,0.24629379299793966,29.55344382710856,0.9323497953355101,35.249028471872286,0.3546887018466714,40.40217811376064,0.29080677945327515,40,40,0,0.0004193332756133177,-0.00139292929243752,-0.004343054008617575,-0.005341618517478585,-0.005465592979384061,-0.02759281263689143,-0.03186860666710206,-0.03562812929980245,0.0018618028772034744,0.010492972925426575,-0.014423030166599248,-0.018287687402903836,0.00174711468979064,9.700593002707559e-06,-0.0043847861519568385,-0.001836356675708173,0.002370596042383244,0.008439573129018163,-0.003185196559263654,-0.0029823251398775055,0.0031314772887546696,0.013912949594174155,0.002991702871597425,0.003673498939811962,False,24,-1
1210,1210,3.84456303459951,2.4624111153388,5.9529585894950126,0.2682678214955866,27.01968914167645,0.9334110136162335,31.700914542105053,0.34485383576249207,35.74994937362754,0.5793110976108768,40,40,0,0.000186428673402936,-0.0013793139677069058,-0.004311296574507802,-0.004874176572877595,-0.005669548577637442,-0.026147979233544942,-0.027089002667039352,-0.028894294911004835,0.001805319706806783,0.006666654055327865,-0.01589171605452412,-0.020479770617592943,0.0014996222111824094,-0.004975278454966269,-0.0029327777901159814,0.008526022515314388,0.0026005417040564443,0.007240268683849546,-0.0016006688031811147,-0.0022828848418173717,0.00359317519966377,0.01371950819208147,0.005006300733573898,0.004932078011927209,False,24,-1
1211,1211,3.844491021087317,2.4620086998649495,5.595110904102072,0.24334025952543067,28.473697974199943,1.3808620077691525,29.0814839497797,0.21813087969355438,34.21356555366895,0.7714729584990343,40,40,0,0.00035693661686229104,-0.001229065934723772,-0.003296114249394547,-0.004225588576972436,-0.005257091371380167,-0.026174112377350903,-0.026468613127517682,-0.0296963617441448,0.00188171533280276,0.011142563193083793,-0.011587961800162742,-0.016457173762048454,0.0016023666240021618,0.01807518698857529,-0.001330351857551544,0.012864379584536437,0.002399097559856227,0.008047262620960807,0.0018800825841155883,0.0013819062115621643,0.0031168116389604,0.01376108818934721,0.0030314154182766472,0.0037279193926096177,False,24,-1
1212,1212,3.844418723979088,2.4616090762295832,5.684743695448673,0.23689656008601187,28.88153784997599,0.9723072348618178,29.31141562869208,0.3169881668812107,34.07542623979613,0.3291383941003426,40,40,0,0.0005827204715849418,-0.0013571975988843571,-0.003393332834137063,-0.004117081842454045,-0.005368414471919578,-0.027426164713142295,-0.02386894251150678,-0.02760143246884774,0.0017767593513539478,0.008950236442953159,-0.01667087165738751,-0.019553650201278527,0.0013980309521111464,-0.00525166090980529,-0.0040553879878470625,0.004322314627492821,0.002284846877499987,0.007506319350572856,-0.0018681088489716194,-0.0015047942001750626,0.0031496202571752864,0.014284777134344711,0.0032668658123699464,0.003471747415712087,False,24,-1
1213,1213,3.8443481431329833,2.461214949306402,5.891602860647172,0.2617883288922178,29.489030710035365,1.4630559109243926,31.18039401090304,0.46547867855454345,36.312387369462996,0.889921862832242,40,40,0,0.00033492302488554484,-0.0012967727678296931,-0.00413994284701596,-0.004828872988874535,-0.005549190564048939,-0.025890593395006142,-0.02611351371953874,-0.02860499136059181,0.0019507165142218052,0.014056972869735809,-0.016527620673226422,-0.02184092331811368,0.001416234680025127,0.019278852868010964,-0.0036048310759451345,0.013558243157734,0.002575918047032471,0.009218585738963182,-0.0009086447250646037,-0.00038165470605956714,0.0034979008727915564,0.013978090935051809,0.007223651149329121,0.007567924073115504,False,24,-1
1214,1214,3.844280064736568,2.4608259746471903,5.473450730089779,0.23492043668910573,26.13645889189729,0.8681934795321344,29.6409301865768,0.3765718869584821,36.08592224222316,0.5566039751919557,40,27,0,0.0005377809375481094,-0.0009211139476179347,-0.004506255665856802,-0.005076274093070662,-0.005177301671723456,-0.024468557326344904,-0.0258697040061092,-0.030415151624787702,0.0016926316663408245,0.009140882608955972,-0.013749066035034917,-0.01874416648040051,0.0014544805825951297,0.0025107710508202297,-0.00027795563916855633,0.00654664076350098,0.002233761236892356,0.0070167829079474525,-0.002859524196356652,-0.0030267711994961,0.003115430116907584,0.013193528249982376,0.005911223008833622,0.006507922856054371,False,24,-1
1215,1215,3.844211431165957,2.460440245247622,5.6645898776857715,0.23385058389917485,28.27775718268518,1.3477186264288044,32.21444215492162,0.5031139623653703,36.623324935652256,0.4077439454070707,40,40,0,0.0007717552308168436,-0.000954986679590661,-0.004190621778112179,-0.00486796221936607,-0.005338636443256473,-0.026113517663466996,-0.026832163225117542,-0.03039137026004584,0.0017294314883281197,0.010807578219217514,-0.01732755000357099,-0.019847808112988048,0.001469815618595824,0.017439719252999936,-0.005367481907308932,-0.00014501216425721078,0.002128259007760392,0.0074322591893277706,-0.0027325001774717176,-0.002240720713764244,0.0031572920327472185,0.01392509224956788,0.0063897931644976026,0.0067529511595933915,False,24,-1
1216,1216,3.844141180337293,2.46006421085563,5.83678063550312,0.2536250817127622,28.093437900134905,1.0059979015018972,26.075757923049984,0.5799303148179596,30.069918955827386,0.9987632418173236,40,40,0,0.0002700482226105673,-0.0013992897732412776,-0.004408036397020562,-0.005175818468936648,-0.00552207387597522,-0.02610570707197992,-0.023219902777312416,-0.022519333563878773,0.0018713049598398151,0.010284711928450714,-0.011015919453055436,-0.019242934937929935,0.0012954358945654425,-0.007007836668248491,0.004531204537473495,0.013973869815236418,0.00247302022087678,0.008236475512866485,-0.001270079464498846,-0.0022864381161721904,0.003435220535795147,0.013832324651362167,0.008961236599784083,0.010166984443547912,False,24,-1
1217,1217,3.8440693948009033,2.459689802619439,5.549017137650756,0.23132084966148722,28.311408568158658,1.1906323690860836,27.88442105729037,0.32173967868767755,33.3722447743745,0.4238301246467801,40,12,0,0.0006805744427549163,-0.0009209998117551256,-0.0039213435909567565,-0.00489361841494228,-0.005259132810933896,-0.02680441191656773,-0.021786518038338764,-0.02370653857589833,0.0016339925638659304,0.009067034590587834,-0.01695616801954559,-0.02297301131413007,0.00148293795618967,0.013909716875225922,-0.002795457740502377,0.004594316836171651,0.002067597210877527,0.006814815342580157,0.0011710821380313443,0.0010200772440037572,0.003134615208052437,0.013852991705508062,0.004727249482469654,0.0057070766445017265,False,24,-1
1218,1218,3.843992893131957,2.4593260029317854,5.741226254456527,0.23277921582041083,28.542936917366102,1.8352399583355379,27.147710536045874,0.5055332416995284,31.349730092129317,0.9128864633325142,40,40,0,0.0008005416221847401,-0.0007762042864127346,-0.003196676724108669,-0.003724994781777731,-0.005418833647261217,-0.026666928908116064,-0.022802887088957457,-0.02325426968170216,0.001719608652955796,0.010147495128551624,-0.014380813109095576,-0.02069224328814435,0.0014533554022940118,0.028212572389948773,-0.002105368826042321,0.013095547734882276,0.0020876893518787976,0.006654227595806212,-0.0030481690133313715,-0.003428265208151913,0.0031678637127778263,0.013629221678841947,0.008007826854290839,0.008402982592294233,False,24,-1
1219,1219,3.8439128844949138,2.4589721284476656,5.819368923291241,0.23841764731292092,29.58011168411847,1.0104903054652201,27.3974089682264,0.5520658129635281,32.99890569069377,0.656319595781188,40,40,0,0.000479070666509624,-0.0011992833003293742,-0.0032328371026719973,-0.004182888455344446,-0.005572118594901966,-0.02825443971426426,-0.021514503399403247,-0.021768805448653915,0.0016084279051936426,0.008673601515142354,-0.016652114758099218,-0.024444842611317907,0.0013122565167107184,0.007186752266336263,0.0026627565725053227,0.004170172607056075,0.001966962509608072,0.006148093698308619,-0.002701226202342342,-0.003034898187311433,0.0034240913481737995,0.014886018177355877,0.00885739153369684,0.010228130597701328,False,24,-1
1220,1220,3.843828646986883,2.4586212750262932,5.707736435892996,0.22795898093221234,28.000908215833288,0.862906458715,24.131119225057773,0.4430074381621902,26.57139270561088,0.5870012518223425,40,40,0,0.0008105991695131155,-0.0008797357991236386,-0.0027284181263962704,-0.003519589088551443,-0.0054232279135115035,-0.02689317296815953,-0.020520484446540838,-0.0199112668562611,0.001584229530754554,0.00774817227092389,-0.012400659968758951,-0.01723928232677622,0.001327170982425811,-7.616339512549414e-05,-0.00011869461391690593,0.006105169329944547,0.0019106626924973908,0.004957868283242607,0.0019330918452186631,0.002141969128677639,0.0032276183085573067,0.014220906224132053,0.007485448485724511,0.007943616500135904,False,24,-1
1221,1221,3.8437441167026174,2.458278723401167,5.515094069636706,0.21782363067550992,27.368995025137732,1.0121133275593008,23.383154600116747,0.5255302513918089,26.221004267462952,0.6247988856077346,40,40,0,0.0008572343958892438,-0.0008470779669184322,-0.0016649555301554925,-0.002392612981984204,-0.005163347050716823,-0.02532510944284007,-0.018254162267944102,-0.017748180001773025,0.0017381769246254128,0.010343267342196465,-0.014518450400477712,-0.0191525083092898,0.0014092045078346088,0.009445972104652048,0.0005129688672467159,0.0037445850734331826,0.0018258353009148174,0.00598941054191347,-0.0024959943715793334,-0.0027011078388465577,0.0030221998062598143,0.013672693613747497,0.008811171148977224,0.009879104833522074,False,24,-1
1222,1222,3.843663468329272,2.4579408677980816,5.676272729651142,0.23121832232893996,26.43851758356885,1.3074197435717692,21.341153705912866,0.5543751408048713,25.6439745336102,0.9561153151228825,40,40,0,0.00047993025521079417,-0.0011260867727432614,-0.0011495147712910479,-0.002178552129850961,-0.0053042500915676935,-0.025480452074249125,-0.017978846871589436,-0.018102026502786982,0.0019633313570609134,0.0069623058456825425,-0.011440477370193993,-0.018032858259032815,0.0013356044412609932,-0.017595924096060287,0.003086568116749776,0.012710475591953884,0.002131915328592629,0.005890320901817517,0.0011518627296251067,0.0005442430320217126,0.0031553965955745658,0.013280973626514918,0.00909752320441414,0.010798870440194753,False,24,-1
1223,1223,3.8435908442667257,2.4576026457549442,5.430843041074658,0.21575593501786966,27.734866582050568,1.4621133209090986,21.800363194348016,0.5537756728006369,24.085667793555217,0.6885906985273349,40,25,0,0.000669434321179796,-0.0010727812002718762,-0.0013331842076500804,-0.002522241985689718,-0.005104839589559535,-0.025055694254697426,-0.01626983975590958,-0.015218874091978819,0.001728156992660455,0.011844161018645898,-0.014448902020256773,-0.01849712301412365,0.001255104257476685,0.020464957440657114,-0.00460572062286633,0.00576314088821256,0.001958662488200317,0.006882267129559567,0.0019536673540200126,0.002353849637932977,0.002961162842334552,0.013602335509937676,0.008269630143643751,0.010280181254287191,False,24,-1
1224,1224,3.84352551264604,2.4572674312626837,5.486886564756865,0.2153933508257985,28.19691224181052,1.0416828230420951,21.63391339207712,0.4979841942424318,21.763100438152865,1.2496151301902105,40,18,0,0.0006899829294641025,-0.0011618156152271265,-0.00011064433116610255,-0.0013445806588432926,-0.0051699556390633495,-0.02630987787765454,-0.016320438684465692,-0.014524804489666964,0.0017033515261608806,0.010075036998020526,-0.014200607298086598,-0.016150996813507963,0.0013894901193667057,-0.009467586732953132,-0.00028457204108512914,0.019012439974778042,0.0017968647472184991,0.006621883043396249,0.00013531274731416824,0.00027316161613544996,0.002995514129623943,0.014037691195566224,0.008685749962811391,0.010682891806716943,False,24,-1
1225,1225,3.843464480260226,2.456936964912294,5.815634733421511,0.2257878295000062,28.403490146638184,0.9687686520354166,17.1397537896118,0.8129378875466136,16.638423302001303,0.8804659172810468,40,40,0,0.0005369747955150238,-0.0010294881199979771,-0.0003616527955738324,-0.0012741071651476083,-0.00548095206414972,-0.026157140062982042,-0.015826183472125468,-0.01289741264764887,0.0018688044017641909,0.011022814089264832,-0.006570561918937245,-0.010434104077713927,0.0013202744702161269,0.007966140464106042,0.010040253738479247,0.010927076276419544,0.0020201692977406087,0.0062869239359807485,0.0019308501919014956,0.0016180238191465224,0.0031153220126119196,0.013524145481165296,0.00983753170908294,0.010683004710941833,False,24,-1
1226,1226,3.843404813466831,2.4566094457179632,5.304028275426568,0.20223675459310417,26.696671824186083,1.3995550454192311,17.86767656647544,0.4247541481383083,20.17803000384167,1.1723987653694279,40,18,0,0.0005916109232541095,-0.0010795210535799941,0.000723943095533192,-0.0005063373060135653,-0.004981346663572217,-0.02485979473421179,-0.013446217936544021,-0.01368450952752125,0.00172304900665329,0.009671480060260907,-0.011744317582625527,-0.014819943196910495,0.0012735748165172678,-0.01961906604450871,0.00028438509206679934,0.018217608950703665,0.0018608278016618862,0.006673215744251739,0.0019242039900021013,0.0019160414552175594,0.002715527510174587,0.012931787490431917,0.007153631723780765,0.009118656665194493,False,24,-1
1227,1227,3.8433423875603374,2.4562929325755785,5.541531728550215,0.2065077934415968,27.442342435172407,1.8753612435179032,18.36970381643037,0.45644916453374546,19.694459254818117,1.0931170783882114,40,25,0,0.0005716162237359896,-0.0011310751613057995,0.001188641969674679,0.00040937146578294006,-0.00520768373742134,-0.026002698395558077,-0.01271367387322474,-0.009817815479345602,0.0018060617050056288,0.008698419595442769,-0.01320589433611321,-0.01706794186644118,0.0012468492160422815,-0.02938443609906539,-0.0019013596178527904,0.017228714590593903,0.0018224537319919852,0.00538501963994995,0.0002889786534041369,8.959720471454298e-06,0.0028486105532465975,0.0133749687406302,0.00773091812695808,0.008195131185299525,False,24,-1
1228,1228,3.8432770734525503,2.455978964234557,5.741531154486069,0.21588872231878808,28.944085801902823,0.8791861073391638,18.44554106624552,0.5976646189123929,17.906577228258964,0.7575685215863236,40,40,0,0.00037343293029541377,-0.0012753403956934411,0.00025663346038446084,-0.0010933299190527025,-0.0053902279289941195,-0.026937804028292163,-0.01233308278741746,-0.009923688056539605,0.0019419502357158596,0.010511342631479174,-0.013713759274986137,-0.014865078307099492,0.0013057342350661948,0.0014747183778309424,-0.0038714653583166113,0.006933247844196239,0.001920966683647747,0.0062284138503925154,-0.0011011821523376497,0.00021765310247016167,0.002966906749690096,0.013946026270207352,0.009623378255138315,0.011256362850269763,False,24,-1
1229,1229,3.843211648356098,2.45567265755201,5.378883158992756,0.19020081511222184,26.761110583663246,1.1952358193860868,15.50796716652401,0.3915150000611756,14.538962913279091,0.46509019156674186,40,40,0,0.0005877080014862154,-0.0007710093676838111,0.0023332503349818485,0.001058638156313117,-0.0050600199902066535,-0.024203923538868806,-0.006047959632418236,-0.0031757117873996445,0.0017271887684309514,0.011390025002193351,-0.014088121691585903,-0.014148342040361965,0.001084701774405529,0.01571317063404057,-0.0025908977413771224,0.0026671463459687823,0.001788500555817627,0.007217259926044473,0.0016518018273389708,0.00155709628222694,0.002577718805042308,0.011669636692393516,0.0061034231994476764,0.007506879268786777,False,24,-1
1230,1230,3.843150249357681,2.455373932610028,5.551503581102061,0.2051678272549343,28.518212129501954,1.1999244350863858,12.319032823964308,0.5947630037581556,11.205713558982755,0.8183196634972951,40,40,0,0.0005258690353120278,-0.001476659547445523,0.0019560571557024698,0.0007130367636843135,-0.005258738678517942,-0.02740066811255386,-0.008103147209984403,-0.005207736826798459,0.0016995061870285636,0.00776603416357953,-0.009070359166805755,-0.009896417133610107,0.0011800587826400434,-0.0138957790803859,-0.002603936818088198,0.008230523705857083,0.0019168103050005488,0.006802482068348781,-0.002233795745827774,-0.0030165363065219764,0.002784926505986385,0.014114793783740451,0.009797242411731901,0.011275865881495789,False,24,-1
1231,1231,3.843087073608402,2.4550781339932692,5.54601369615931,0.20074773631377987,27.218350263274694,1.0116981466068504,19.668845394635255,0.675316197765541,20.46136732684783,0.6680612818896229,40,15,0,0.0002813140818877667,-0.001252310938326943,0.0038969378166173927,0.002399558474377377,-0.005245872309708251,-0.024844636667521357,-0.006534977030976156,-0.0046403336869309045,0.0017776259492802496,0.01104601001388762,-0.018137569573018757,-0.01978324986664663,0.0012660364222421721,0.010379960005414132,-0.006918571100907984,-0.00025536658394958295,0.0017334583025575816,0.007072700930979161,-0.0022733744548051335,-0.0027248880703334716,0.002769160630854545,0.012410453495079675,0.009267497827099925,0.011334121818843624,False,24,-1
1232,1232,3.84302521082519,2.4547900554640907,5.319474665521358,0.18724301712064675,26.421666704175163,0.9069814449335257,17.059817499094397,0.6997500793547978,18.32254318855064,1.0273920159048004,40,40,0,0.0005625727399809891,-0.0010692282320228855,0.003716481385281193,0.002694058253237584,-0.0050098261007315665,-0.024514329416887557,-0.005114129846673173,-0.0017297584448922943,0.001697635140359257,0.009798411894520714,-0.01584521426572176,-0.018040664476309892,0.0011574732874254185,0.007434802576978201,-0.007405314474199696,0.014695178538779495,0.0017834865622359784,0.0068350149899418415,-0.001421250459866111,-0.0005123999779460345,0.0024817941100095196,0.012189718762925534,0.009607150312949215,0.010262715307986347,False,24,-1
1233,1233,3.842962519279365,2.4545110035412576,5.421105845302454,0.19104095298753174,26.682973429404743,1.1950821288104356,21.37905033302851,0.7973340182813218,23.000541578759655,0.6784047674265382,40,40,0,0.0005879969136531352,-0.0010385449641730463,0.005036323024550536,0.003485898302532758,-0.005103825583292471,-0.023998704076204504,-0.0006554229018839885,0.0033782424731920698,0.0017302059504105535,0.011617430785439422,-0.02076703311391,-0.0224824576888954,0.0011632262229673536,-0.014914401022340392,-0.009514565857815653,-0.000549121845021331,0.001715683552875151,0.007665528856720354,-0.00418425755465156,-0.0039098932992288025,0.0026116754680087376,0.012404087839809843,0.009253268169520042,0.011162714599066991,False,24,-1
1234,1234,3.842893282968058,2.4542363113954377,5.607487999021663,0.19059550629996397,27.462035586278255,1.212647984342062,17.64717801075775,0.6538046171896844,19.956601926050837,0.6307379309665406,40,17,0,0.0003027323960991397,-0.0013347471739767766,0.006600230367689039,0.005130080605559141,-0.0053077366877841885,-0.02526813542879476,0.00039130131079148325,0.0048712199661239425,0.0017833132110411146,0.010672543299310682,-0.01636174605966552,-0.01866063904203062,0.001174493796696035,0.015667869388558124,-0.006287553268597262,-0.003297819085145291,0.0016956840126636694,0.00722508524288362,-0.0035496925263023464,-0.0033030658076706873,0.0026097795952885004,0.012258080514944657,0.008836190614030633,0.009969964718705695,False,24,-1
1235,1235,3.842816779306816,2.4539727150127497,5.136152007683856,0.17143438893954605,24.022093144213482,1.278779228503099,17.218493939132983,0.7564165547104876,19.769807866210463,0.658879706825731,40,40,0,0.000504315424462039,-0.0005997316946000637,0.00668542677969888,0.00480037370705513,-0.004830245631348679,-0.021320338850225842,0.0049853937570333825,0.009621772001395875,0.0016716610121437839,0.01105189722334184,-0.0150641113708236,-0.016589852889421455,0.0011645849970400109,0.018515512517815854,-0.011123573121581621,-0.007719118840156799,0.0016516035487425284,0.007258568238655072,-0.000441757641703901,0.0008756692772106916,0.0022064852656692277,0.010130283071931517,0.007096668450484951,0.008478777844855961,False,24,-1
1236,1236,3.8427331274280574,2.4537219359334506,5.191547697758496,0.16946142453645668,23.528449548359138,0.8309824376897305,15.66829687035825,0.6718311306914079,18.832438966583176,0.7081742230623157,40,40,0,0.00026729028664431896,-0.0010444524895667382,0.007687976420057696,0.005977947142299936,-0.0048865099809541224,-0.021614117972124976,0.005844424114562412,0.01055168579392699,0.0017328426376341517,0.009237259411415451,-0.012338284003516711,-0.014407873968777896,0.0010280554896805675,-0.007438546387617793,-0.0057099174504787464,-0.00513241990697045,0.0016694841480492952,0.007426677248047265,-0.00022309955004474205,0.0014773870861194433,0.0022144245664839452,0.00999302313957823,0.010239057320219363,0.011146501600421238,False,24,-1
1237,1237,3.842640386920171,2.4534763532404638,5.323524027844274,0.17293094907184894,22.865922244714767,1.1752133159132394,24.30918144127389,0.665139436020399,27.006966851917888,0.5716925467318177,40,18,0,0.00030262000278709073,-0.0007355434431111958,0.011050556916762651,0.009324020807156498,-0.0050076374488342715,-0.020936507882199654,0.003255771541755266,0.00666116237589647,0.0017809818612161813,0.009163624481788275,-0.021406107676129736,-0.024455424967279663,0.001058477577704176,-0.016985946495946053,-0.0076127394480581855,-0.0036004268645100455,0.0015294930515898305,0.006369056820634564,-0.004769703854761392,-0.003912361979863786,0.0023769506995037284,0.0095722452069975,0.00735269058873927,0.008443292176120167,False,24,-1
1238,1238,3.8425434326108814,2.4532417406870826,5.0334696678398005,0.15522101770068358,23.69534320442708,0.6955828810050486,17.149337558907177,0.5468000887821592,19.129819193005172,0.5638604326089193,40,14,0,0.00043158946352878026,-0.000890685144733222,0.009592327918301502,0.007838660417781163,-0.004768386609846936,-0.02162356804436274,0.0055022979472440425,0.00988629951112293,0.0015530732664838088,0.009648692894861706,-0.013107697780955739,-0.014379376453384565,0.0008779881607208207,0.000411631879190886,-0.004806945412223584,-0.001248562664335051,0.0015460078365611839,0.007050349124665036,0.0004439526265802486,0.0010823837867068396,0.002044092943198475,0.009874607411767614,0.008232487284863086,0.009701503428581719,False,24,-1
1239,1239,3.8424440818199295,2.4530128481866695,5.220226601181041,0.16543011524027493,24.967962252388713,0.9861880733733602,23.90990538296172,0.7497656894759874,28.447435880605564,0.5341322177622096,40,40,0,0.00040406990390830206,-0.0007203945958144298,0.01081703965982826,0.00896439988158059,-0.004918654556637494,-0.02199680953598905,0.012863431265876222,0.015611878409374808,0.001701273238754705,0.011790697218589333,-0.017006097861883614,-0.02202647033628356,0.0012054705734037986,0.011806160406191969,-0.011768909752977367,-0.005464342824322988,0.001511741700391381,0.008036824715840177,3.0707991326913645e-06,0.00016021771392366637,0.00214429012306058,0.00960650037690183,0.005721276653819453,0.007551277551153281,False,24,-1
1240,1240,3.8423422527611977,2.4527879822011616,5.153853533397974,0.15460235700446542,24.018921452208108,0.694573573483039,22.51154682512465,0.8515351457933664,24.537424251722644,0.9160876499656834,40,40,0,0.000253969761974541,-0.0007263347058960623,0.009344116902232205,0.007786250604436461,-0.004843101891488712,-0.021359414986741813,0.008961938220898089,0.013143036345273805,0.001744152995691557,0.010961588253829951,-0.01841577810199732,-0.01920208546123965,0.0009209884523331129,0.0037861458811394386,-0.011760734298409608,-0.01308956029022322,0.0014343184430961413,0.006795052859518676,-0.004385577075566356,-0.002250216909380255,0.0020917558571948583,0.009297832211491703,0.007958242319248411,0.008901681034964325,False,24,-1
1241,1241,3.842243826830747,2.4525701971315406,5.03877390955126,0.15158419588612496,25.806452466196333,0.9350612154810257,25.72381323429366,0.6007423242095573,34.77929893837092,1.2180086564315817,40,37,0,0.00043307966886607554,-0.0007194016787724689,0.011232816340691242,0.007403893438412318,-0.004769587796568486,-0.022024349475983414,0.015573564691835818,0.02670514621079256,0.0015661151818478463,0.013430691727322879,-0.017117315419139953,-0.021014689206776186,0.0010305160594552213,0.010481588439401586,-0.009460551543753746,2.0796129289163118e-05,0.0012911382426476158,0.007792778787737476,5.958284505903128e-05,0.00204398419542356,0.002066501203718784,0.009785087529575213,0.004519756986407326,0.02115975833303373,False,24,-1
1242,1242,3.8421476549260856,2.4523544556303007,5.12322862865298,0.15562535885003745,26.95786498618138,0.7950734658774049,27.480800130443377,1.3561695795705184,38.409298808101425,1.2607106713366296,40,40,0,0.0004622238284503255,-0.0009854754474793372,0.007665225414722879,0.006650819506198444,-0.004843408716225114,-0.02410365471937531,0.021216526707451708,0.03567838797991956,0.0016047469337739208,0.012032005316020094,-0.015693874270646228,-0.01257352241737865,0.0009853760023459436,-0.0003992535904801146,-0.009889651204255473,-0.0029737606755637037,0.0014293084037963167,0.008290721040963116,0.0008662640448739352,0.0025450034826507723,0.002088951356749977,0.011120519329778365,0.021487100872397885,0.021652621343590098,False,24,-1
1243,1243,3.8420536084426273,2.452142916489189,5.155218558748331,0.15833794183850453,25.169502510226,0.7390309621813099,32.30624871639852,1.543425079051177,37.621332086030705,1.769863436637671,40,40,0,0.00035849961420514353,-0.0009540264084304561,0.007220606589345862,0.00628664559921186,-0.004840079726449937,-0.02386677948189539,0.02170182816753935,0.030536310432875594,0.001738213064237606,0.007935397115889512,-0.022816380098391854,-0.02105650636227118,0.0010176871658054434,-0.004274701006318357,-0.00990954742880444,0.01761379870653886,0.0013484225978441038,0.005012907780479519,-0.004197691640148596,-0.0028694105926313344,0.0021870307188673814,0.011089165749883376,0.024694695468120035,0.0252132749875393,False,24,-1
1244,1244,3.8419686345316526,2.451934334234919,4.975149487557023,0.14709819384912526,26.756826178868614,0.7668799014360471,35.1761544340186,1.38884232454947,41.49287066370888,1.4939629676573036,40,40,0,0.0005956432750964149,-0.0007344775381194634,0.007861563768583778,0.006976027211154204,-0.00469315950066045,-0.02395637250168245,0.028826941274819218,0.0367349575847702,0.0015399920174247264,0.0118945578510855,-0.0185624651546216,-0.017987113484649042,0.0008196137682485752,-0.0013368903984567724,-0.01278437049602331,-0.015517914212578976,0.0013475209129150743,0.007440791520823192,-2.1393631922742408e-05,0.0019118424732833116,0.0020257579863354543,0.01104510331490188,0.02059443557402628,0.02086678072284998,False,24,-1
1245,1245,3.841890705689193,2.451725333381186,4.993283015131136,0.1567443655974556,25.564411928800496,0.7705731912263245,37.01831739253204,1.3733608590894841,41.33191879572847,1.46724549646015,40,40,0,0.0005100306798103251,-0.0006912873374715063,0.007045713800301266,0.0056773675006096085,-0.004659683890521562,-0.023216410082150713,0.03139582316086039,0.0387425395848719,0.00172049121336412,0.010679868069403263,-0.018303443055077556,-0.013232937546680546,0.0010615049950522997,-0.004835860878615075,-0.0053838018884547435,0.007407796242558702,0.0014718401473823263,0.0062829903295263815,-0.001293910029426075,0.0009774112423813171,0.002047187586778486,0.010863477369825212,0.023321352809838714,0.0244939268111931,False,24,-1
1246,1246,3.841821812799494,2.4515194230162716,5.201388000664336,0.16543869297051347,26.345075243010033,2.038984657099679,35.52929990670814,1.2528706919940535,40.16958424330683,1.5295439656735155,40,40,0,0.0003921320543473644,-0.0007998746637189027,0.007071330415368694,0.005662290917077293,-0.004900098171541094,-0.023418305585556708,0.029693641972286165,0.03638594932000686,0.0016999139668429947,0.012041850089736381,-0.018182823335202318,-0.016049817816174747,0.0009129528511519949,0.03312168670896921,-0.005105020612723711,0.012974950384470326,0.0014432719211248967,0.006917215374646735,-0.00110781494121701,0.0004049755085514999,0.0023282719327636153,0.011024529985710463,0.021233579450962034,0.023326820523328542,False,24,-1
1247,1247,3.841756935358092,2.4513182914152734,4.895143858871818,0.15423749202030987,25.441994055037473,0.7497619023432781,31.26974991617559,1.0565872283566127,39.76022641485247,1.1172672723965322,40,25,0,0.000782062936792714,-0.0005562713963896376,0.009145793178551255,0.008098422504735539,-0.004600899525754442,-0.02357252178797517,0.026277928832593538,0.036170043068818686,0.0014773403520713102,0.009556246134626134,-0.014269624494865948,-0.014388159781394096,0.0006860473231366116,0.0004814150535525465,-0.008020956286499249,-0.005588569325767381,0.001427858627598318,0.0062103796861139975,0.003200252813110834,0.003187552872217909,0.0021765028680038666,0.011508168688313506,0.016293875928982446,0.018408071821179456,False,24,-1
1248,1248,3.8416940228720735,2.451120730660087,4.934759212740251,0.15839396631092756,25.749073082616164,0.7692631936256892,31.205841585766475,1.2211116661009647,38.76265353211506,1.4552459019775383,40,16,0,0.0005892789247801237,-0.0007265929570899766,0.007980429557467712,0.007088837471128483,-0.004653041771406257,-0.024614406913552885,0.026824689649039935,0.036674609568094665,0.0015342102561524233,0.007524480020749314,-0.01380410512807468,-0.010356867537365543,0.0007749619461884848,0.004118481157449048,-0.007471743032853548,-0.014604128824313124,0.0014716275000339145,0.005763754447496969,0.0011593876212941405,0.0037061906417814195,0.002208208747948369,0.011405237276832288,0.019926065457801546,0.020447108849139455,False,24,-1
1249,1249,3.8416357607366938,2.4509298831278103,5.021437210492429,0.16315235830945657,25.605307750557834,1.3341747841828602,32.83716508303205,1.1674772355758691,37.80165890824419,1.3818438081415485,40,22,0,0.0005858790521955696,-0.0005685327357306449,0.008001530258966532,0.006909502589671291,-0.004723463710306034,-0.023374003174843457,0.02940952662047432,0.035571331556055436,0.001600146234735551,0.01043860771902018,-0.012220256468861634,-0.010765898081801542,0.0008474972696047603,0.019552586074204504,0.003030755129088912,0.01006276065732941,0.0014479360453964391,0.006319896440275045,0.00026504166212221506,0.0013643725653548593,0.00230081439239974,0.010953588620239528,0.020147922036878027,0.021875647557527775,False,24,-1
1250,1250,3.841578309703576,2.450741336778391,4.812760792047814,0.15678118847619918,26.742974140333992,0.9849530633236198,32.561393643184736,0.9453128557182693,40.69158683919939,1.312171716258108,40,10,0,0.0007013017534013195,-0.0008549452822657459,0.008693385377171622,0.007674344227031254,-0.004546826091992841,-0.02519563348258847,0.027995390190324328,0.0375302810399453,0.0014132284957932468,0.008923888605645573,-0.014174890996473392,-0.013725439345968461,0.0007888310788876383,-0.010382771616046282,-0.0003135056765350039,0.012927777029608001,0.0013764767421656624,0.0062080718728925385,0.0018914925829914286,0.0029657966278974204,0.0022294971133498577,0.012213810521170059,0.01638704032398766,0.01866990261981807,False,25,-1
1251,1251,3.841521311040329,2.450559468701405,4.694693710244998,0.15358703300312446,25.061215810733064,0.941150013835574,33.695182740803645,1.0151698732885406,41.131983597942536,1.1308883880129899,40,40,0,0.0006413968925076122,-0.0004947779851223184,0.008059853186112105,0.006869551579647246,-0.004427307279855598,-0.02341660617874361,0.029986358092069693,0.038548425503214,0.0014239765830353916,0.008915283939796969,-0.013085199078678049,-0.012596357688599536,0.0007513360304881456,0.010942106853752393,-0.0015127454535030457,0.002361895577526319,0.0014387816482666293,0.005812192158409847,0.0011341951635556573,0.002898453772309858,0.0021333107503844974,0.010784603177191852,0.01761688785599025,0.019380356975034787,False,25,-1
1252,1252,3.841461679488683,2.4503869035179977,4.811963579443188,0.15665911605407337,25.109509551646596,0.722045553270468,35.97224541840002,0.9780339972473915,41.76736953149395,1.2697210080989243,40,40,0,0.00043313100638568697,-0.0008790883847765946,0.006191539835120553,0.004990944073327868,-0.00454972448301785,-0.023950322545107955,0.03295004085293893,0.03898526081454494,0.0015057882154615814,0.0074897745974946495,-0.013036950667290742,-0.014133402777080577,0.0006142742685167663,-0.00026469407536755204,0.0010699338413360285,0.010410113578741265,0.0014945699200751734,0.005807021689486011,0.0017571736343548496,0.003134965917893731,0.0022056456083038804,0.011181263847981408,0.016945486936940972,0.01931069962847908,False,25,-1
1253,1253,3.841397415088552,2.4502210705791434,4.654447484025175,0.14931227652564377,25.734534463436795,1.525815559854779,31.049978164347994,1.1012507035831238,37.59587299267482,1.2408872750416013,40,40,0,0.0006311516595933205,-0.0006138852772227093,0.005491823024295365,0.004242324120542024,-0.004423285306210988,-0.024570022641383044,0.02904397074525293,0.03630016467904981,0.0013038696499262663,0.007629115041611966,-0.009507301784691507,-0.008817618522677644,0.0006468450409832158,-0.023432269698318534,0.003997703468733275,-0.005102858444931293,0.0013445674656737193,0.00531647783418642,0.0008701094853810625,0.002348483927278687,0.00213656689019256,0.011482491568940108,0.018779962734750667,0.02091639874372269,False,25,-1
1254,1254,3.841327620574559,2.4500640226905084,4.715759185377036,0.1519906116518356,27.69221610956426,0.8016758463530684,33.679894849146706,1.0610958440787048,39.39098415478993,1.2545224006112394,40,40,0,0.00043510482088994447,-0.0009570237686448434,0.004305862685188834,0.0028316074768277785,-0.004468746049967171,-0.025458231401533922,0.03327742564156998,0.03928351651608965,0.0014420045874438182,0.010854556300052581,-0.0028996217435483342,-0.000661030944961197,0.0005345197239927808,0.002931541220256483,0.005723654253744902,0.007019946672887877,0.001520237946668225,0.007364024186160376,0.005566874139884555,0.006826257685682273,0.0021071726906066192,0.011530394842175521,0.016710053170137094,0.01958411366942481,False,25,-1
1255,1255,3.8412524432057302,2.4499173459182604,4.652593101174469,0.15419318380813463,27.12200596564479,1.6716123619989283,30.600120793265912,1.0550561331762593,37.80153839225595,1.1998594488889531,40,40,0,0.0002624353479553162,-0.0011213166223626697,0.0032986335501350595,0.001975974227727281,-0.004417413867916159,-0.025484214630827194,0.030128295036187188,0.037647964012957336,0.0014367341343414321,0.00921415548397235,-0.00421571434953161,-0.0027717569070227154,0.0006634822579798723,0.025826626761100563,0.0065047588350535665,0.007618604429501117,0.0013968897466186303,0.006152274020860194,0.004614182446822746,0.004769370961927977,0.00220248345017514,0.012096430933907405,0.016597599725730043,0.018914446947358936,False,25,-1
1256,1256,3.841168048137962,2.4497785613834036,4.379384494625413,0.14750200351744325,25.51909697399138,0.939892483151453,29.848241146100886,0.9227950830955253,38.15746536715139,1.1552556531557088,40,40,0,0.00033392836052378004,-0.000983430049655078,0.0032019607677517942,0.002169545530200222,-0.004176749177307483,-0.023956135007919415,0.028832871191211765,0.03784962859423114,0.0012736823433119584,0.008738465036134742,-0.007023566446511274,-0.0043232916529545185,0.0007739835355233089,0.01004141486845277,0.003716587236852272,0.010286958778706556,0.0012880083118759359,0.005674653896113427,0.004115982110477608,0.004608733571715395,0.002090334149387922,0.011664762038483137,0.015120941357804254,0.016717811513029895,False,25,-1
1257,1257,3.841072380015509,2.449652178075063,4.434301274327037,0.15365301115935276,26.954599854824433,1.357469308906414,33.60838085174089,0.9508505331176089,41.76988736384259,1.1381419646331448,40,40,0,7.488454335088602e-05,-0.0013929963547711973,0.0023765271196125267,0.0005671720066897671,-0.00419400581436317,-0.02552021158214753,0.032961107289930056,0.041532512539527104,0.0014379622129087543,0.008563224584916516,-0.0061188878521451955,-0.00441046578684704,0.0005903189639802185,0.019270727350797188,0.002642191500227652,-0.0023951439427297837,0.0015234587893641744,0.006232112481714864,0.0064080985369770966,0.00754818064914688,0.002126589992803799,0.012293304847229788,0.015078620779877507,0.01821756426375167,False,25,-1
1258,1258,3.8409672781759023,2.4495367637913708,4.523315241185503,0.14700670137054378,27.060582036725023,1.621334192707971,30.77128161272458,0.9652241624639687,40.14166128091903,1.0117288818590364,40,40,0,-6.505591551402995e-06,-0.001328947365034212,0.002921565674876213,0.0018349792228143016,-0.004287508620746345,-0.025473506034029567,0.030125994058352975,0.03996168443305521,0.0014413910903864394,0.009033797064443773,-0.005546233685400228,-0.00332409369855705,0.0006850573653960241,0.025039565033026068,0.0066574890268551404,0.006388641840524378,0.0012844945328239587,0.005364899647475295,0.004718167973310913,0.005280751217103684,0.002112782098856594,0.012041317572435784,0.014738245845345522,0.015591789200248797,False,25,-1
1259,1259,3.8408536484158056,2.4494306817520783,4.2909788640324145,0.1426324662613492,26.092707123527674,0.7508439696720317,26.173531382228283,0.914521925523828,36.45347451200644,0.9093053024290066,40,40,0,0.00011098000354721412,-0.0013162567727309326,0.0016313887218506451,0.000895607702360945,-0.004079714023586268,-0.02493222591358427,0.02528399648597007,0.03530516154924487,0.0013251854723543837,0.0075816188334964976,-0.0065659605201493915,-0.009033230807562478,0.0006174919063257417,-0.0005186266535110951,0.004444015645600379,0.0014239457804312895,0.001295811975726154,0.0053185439722193825,0.0052624054191929585,0.004586210705949328,0.0020338923474973627,0.011965670219842652,0.014398774270402818,0.015126392141012258,False,25,-1
1260,1260,3.840738626372406,2.4493318817763194,4.324479117343585,0.13980932260968285,26.123911215267476,1.1103003060811238,32.076962665003265,1.0299920180464277,39.44953439486502,1.1888617696831902,40,40,0,-0.00020121332727563416,-0.0014863406390822234,0.0018441954153483534,0.0003709208113902609,-0.004059323600850082,-0.024874438967255844,0.0313944533571424,0.03923067037815994,0.0014773370424005987,0.007842946815582431,-0.006318130695722554,-0.004133120298694413,0.0006281566774421863,-0.01460623792072747,0.004016385242404402,-0.0018055082301641912,0.001367436100932726,0.005532171602348735,0.006282182036326928,0.007067061660390994,0.0019208817710124311,0.01147062002444311,0.016357458554049402,0.01942525926081686,False,25,-1
1261,1261,3.840623177824402,2.449239943713381,4.451761674191928,0.14196529613340647,27.098672588301866,0.8774278499592099,30.93703527631194,0.8357187860263124,38.919289474842266,0.9906260627093153,40,40,0,-0.0002868344641599935,-0.001673763096689031,0.0023615714161544913,0.0009367651260795479,-0.004175590702549343,-0.02551400883360874,0.030163486809856137,0.03865136090234187,0.0015166905679002746,0.008976186628111083,-0.006456562212648954,-0.004461598897485873,0.0007308688269967165,0.00768750720504951,0.003609552738127569,0.0035833251454669905,0.0011990576795142087,0.005656690853677458,0.00574170850026075,0.005309964260414178,0.002041419893142379,0.01197592704424553,0.01291342730822381,0.016059181735264234,False,25,-1
1262,1262,3.840507602317302,2.4491533384769215,4.246216200066907,0.14231600726803184,24.545040375208902,0.706624910670449,28.568719574090938,1.1784007896262378,37.192848707313615,2.0748172849113744,40,16,0,-0.0002059608185100297,-0.0014237414146680632,0.000699072240010877,-0.0007419629168682666,-0.0039847046800912805,-0.023077121101122217,0.028444116480184373,0.03716741586180383,0.0014526048228640724,0.008238837848200066,-0.002572017450951039,-0.00115787916072681,0.0009593081462357225,0.00028128181362983243,0.01146964808568093,0.030397276552630508,0.0011786945393992875,0.005138046180168424,0.0061535110642425605,0.005555649820605038,0.00196470897328336,0.011208146842734839,0.015924254488605596,0.018880618103420493,False,25,-1
1263,1263,3.840390966237032,2.44907441711444,4.328021644953651,0.1411706180573177,26.704917719529053,1.324485007300554,34.07056000829829,1.0938347250419815,40.631054608787665,1.5430152095818197,40,40,0,-0.0004222424975286127,-0.0017584054457024801,0.001421216198239443,-5.6525841424723176e-05,-0.00403503743149632,-0.024751635700135256,0.03279702332667835,0.03979209533294816,0.0015073007526342198,0.009870013721526964,-0.009118029650436118,-0.008213924303589703,0.0010648851512263372,0.018944254300003724,0.007916620007502513,0.01771489224237885,0.0011052381490888302,0.00558118338345109,0.006059172977702306,0.006813520295244001,0.0019274938366650074,0.012014322233467942,0.016281292847639534,0.019105520436173768,False,25,-1
1264,1264,3.840277384202474,2.448998315317562,4.436596258815596,0.13122380625935504,26.409574935789667,0.7232519522159173,30.392100978346466,0.8845129622290069,36.53492520746664,1.156537105271566,40,40,0,-0.0005369668020307173,-0.0017203921981452587,0.0017495413829340793,0.00027283138798005175,-0.00409537549057281,-0.024880851711280925,0.029200561072922997,0.03579880590969162,0.0016195532126080249,0.008686145122832086,-0.008242944853261089,-0.007291900876256001,0.0006451032690628263,0.0019430540085400815,0.0025899848467045793,-0.007836868104801732,0.001119596787222713,0.0049645490958540785,0.004343101880412885,0.004533585800438691,0.0018909684106397989,0.011442078091962926,0.014585982924879627,0.018041055410722828,False,25,-1
1265,1265,3.840168707786155,2.4489265075878905,4.211225410546134,0.1194846932083294,26.391612093870865,0.7799585228004501,34.14733279955392,0.8701627136102991,40.591208365792454,1.066493376794697,40,40,0,-0.0005480950146386479,-0.0019765328905193796,0.0016845629146737344,5.0564882170879016e-05,-0.003946936702153141,-0.025200590538142893,0.03294793744356401,0.0398076871623528,0.001362241528714418,0.007585561493713484,-0.00881112951470978,-0.007936729967191915,0.0005833528239166956,0.0042509926590022186,0.005522540670247482,0.007643055074899393,0.0009631440116207077,0.004819556537341019,0.005472372122606532,0.005946261950978144,0.0017552639935380634,0.012000436026322399,0.013046296976343078,0.015896540678022555,False,25,-1
1266,1266,3.8400650644224776,2.4488585856193534,4.405240063007516,0.12694922356614638,27.47785584452721,0.7699120432750634,33.569975193929004,1.0264143379024653,38.28674197278149,1.1684744894010775,40,17,0,-0.0006260511151741424,-0.0021210000225879923,0.0007968738519079128,-0.0005904236692755526,-0.004025165606224392,-0.025168802203111042,0.03260333393950165,0.037709398429960024,0.0016769740178022735,0.010819672655744834,-0.00795806776890561,-0.006597520809488642,0.0008191637406061204,-0.0019365455374910604,0.002972045586278221,0.002992877500337168,0.001128649244662662,0.006002037883562544,0.00812115292001117,0.00856727449943209,0.0017217340333528428,0.011865569591121703,0.01568873200139202,0.01826331283053226,False,25,-1
1267,1267,3.839966449932344,2.44879258912582,4.318530736504782,0.1282774626857947,26.18165629226333,0.7623387698543016,25.908593137924935,0.88122980830312,34.56542897189087,1.067611804006954,40,40,0,-0.0007997627004371394,-0.002219769924127732,0.0009609890236756354,-0.0008045321947863667,-0.003937722452873411,-0.0246800012130016,0.025014557939485003,0.0343067607064377,0.001582538855530136,0.008452768056464666,-0.006678591885648783,-0.004143401717141031,0.0007790383585240687,-0.001749106507105726,0.004609826459321272,0.004740697729076397,0.0010363964556438586,0.005076335422294215,0.007757703449502635,0.008227294906590289,0.0018252380642706976,0.01217386654454409,0.012454840858716175,0.016032429778353514,False,25,-1
1268,1268,3.839873219634863,2.44873038136271,4.17610243860204,0.12203308163939394,27.001330602012725,0.9960997084372111,27.896173776034182,1.0484024366847644,33.66089831664436,1.291790950935582,40,16,0,-0.0007994981028821063,-0.0022605032783774488,-8.312081310301464e-05,-0.0014914623533681711,-0.0038516264813780294,-0.02588479513453995,0.027107313470165165,0.0327623567773645,0.001402001358463437,0.007344342043405285,-0.0065865893073219885,-0.007580210678116744,0.0007524231148877929,0.011358434367767883,0.007042791761018176,0.012293570284388568,0.0009300876249445213,0.004519242804228038,0.008260232907611027,0.008120748839168662,0.0017621524687244116,0.012361564358747015,0.014730484156789058,0.017065870174228333,False,25,-1
1269,1269,3.839782312819441,2.4486731235562638,4.194993180767013,0.12605129907752163,26.52681157763983,0.9902294651232623,30.663717079802066,0.9871546931178515,39.47432056046358,1.1085102051918896,40,40,0,-0.0009793796926429847,-0.0022877739998355463,0.00039617210042205937,-0.000873334309509218,-0.003767411764759984,-0.024908854301651285,0.030081615993868757,0.039251973649798114,0.001563774855619676,0.008831013530755749,-0.005933209250853307,-0.004091678810662737,0.000876713166630962,-0.011697346486501333,0.006431692324395269,0.003466974129559095,0.0010278549041495785,0.005146502401439418,0.00889284831891307,0.00935809079194883,0.0017363562937883542,0.011635271700529762,0.013281282181550074,0.016574635784495483,False,25,-1
1270,1270,3.8396939055052273,2.4486198393622027,4.2346707930492,0.11903467468550503,26.042236461069216,1.5694722718150427,24.124493858750238,0.7672672818781474,34.91110872323142,0.9971857543933521,40,18,0,-0.0011973083875492947,-0.0024791824954254584,6.291127264224149e-05,-0.0018153814272044383,-0.003771346516534327,-0.024188273553436633,0.022926754294496372,0.03411115847693693,0.0015085870219620906,0.009326261660104593,-0.007506742544702369,-0.0072054680569925466,0.00044686956235968515,0.024179387038142847,0.0011163377551522554,0.0006836452294770534,0.0010595177282615028,0.0050791611677857475,0.007762599864122644,0.007822647689395106,0.0017302980389910586,0.011828193261727486,0.010854668521288765,0.01553203490233015,False,25,-1
1271,1271,3.839605132243812,2.4485728399141533,4.05831896153442,0.1312839759990979,25.259346108517807,0.9431841302496864,26.795804345357205,0.9824099939718562,36.05881471853554,1.1975391416822223,40,40,0,-0.001141509286657029,-0.002309754384707789,-0.00046095364945076953,-0.0023779645845506043,-0.003621987587309081,-0.02388020169572244,0.025841790723941396,0.03480769112390932,0.0014311237750119696,0.007901618029481798,-0.007071386315832167,-0.009110874928502887,0.0010033048994763866,0.010374853187682394,0.00283898360054407,0.001974965708968593,0.0010002719927928228,0.004926463370635674,0.009862623356726672,0.009999763025176574,0.0018008507385721623,0.011793172203970213,0.013735503597863885,0.018247084434068226,False,25,-1
1272,1272,3.839512880322843,2.4485329500900246,4.098410018975512,0.11851754856315506,27.28792327691475,1.2717664497571706,26.52546044994538,0.7926806684669951,39.884023058077524,1.076561243410955,40,22,0,-0.0013395831814851553,-0.0028770485471874686,-0.0005684101977913941,-0.002988671648137407,-0.0035770013786846824,-0.02614820467276953,0.02579027575322934,0.03935363496170053,0.0014857801723030392,0.0072542912000322975,-0.006175648832394383,-0.005752786488137832,0.0007552841262672581,-0.017467646602553163,0.003698936747640469,-0.003417195651933043,0.001009528864047877,0.004592330925310963,0.010300447807548402,0.010952232966938128,0.0016398714354495338,0.012902595002510604,0.008463022881811156,0.01488012487596935,False,25,-1
1273,1273,3.8394171536524895,2.448499631120925,4.324043626188702,0.1242001627667965,25.252767615849226,0.7005444567749212,23.39359245447207,0.751207515581547,36.19722904583073,1.0906524129319826,40,40,0,-0.0015718624591460565,-0.002759578234907731,-0.0004466365252350222,-0.0029697934279375874,-0.0037111142895726265,-0.023555184990768908,0.022612973608670088,0.03549137417735155,0.0015665989979699042,0.008674114379933089,-0.005976128204268114,-0.006463905676518986,0.0007179276904166936,0.0007985181623178693,0.0029803951632987324,-0.006498651593005906,0.0010906990437292985,0.005064380229860956,0.01050776621116489,0.012360893465830731,0.0017302850628660852,0.01109996572297348,0.007252832697237033,0.012935423129365424,False,25,-1
1274,1274,3.8393208573815487,2.4484730379593955,4.079513294702142,0.11681889490134093,27.914430885159582,0.8336735653363652,25.254976293472254,0.8530637150163135,37.083667412787825,1.5012884452684676,40,40,0,-0.0012179320332792456,-0.002747493614529488,-0.0008344832947281058,-0.0032620650604979376,-0.003612241903201148,-0.02676949802116074,0.025036710456620252,0.03650273256016045,0.0014528519252565133,0.007420290167880368,-0.0032063366520107563,-0.0056663776757945065,0.0007361151279404241,0.004087529546195796,0.006463088214671254,0.018994844615685933,0.0009322897430409027,0.004548731440657923,0.012045235332376163,0.012555041747475602,0.0016570995583796888,0.01320279473930786,0.00590053261969389,0.012966647738623044,False,25,-1
1275,1275,3.839224115141757,2.4484511526555184,4.090740061163825,0.11747184504398098,24.69541973097496,0.797996034828398,27.333811640837606,0.7961808706410649,41.57465583892046,1.2396216694698263,40,33,0,-0.001552575236765742,-0.002775326602923747,-0.0005074269300732454,-0.0034369257457802778,-0.003481284622131313,-0.022611843161513698,0.026506539532996466,0.04059450459087758,0.0014846958482815477,0.009532358930256321,-0.006654557739859295,-0.008290099309652115,0.0007426495133888082,-0.006497615875346687,0.0008361063422386354,-0.010635327201083974,0.0010089375225034699,0.00519713336925986,0.012549801853043713,0.013367791395404225,0.001622999012379719,0.011169174379877252,0.005907757107456771,0.013277271803596113,False,25,-1
1276,1276,3.8391248116994063,2.4484358555410384,4.305778870526129,0.11435772084116945,28.08125256980921,1.585824618291726,19.440114311797934,0.7972223553499423,35.157846411472704,1.0626857211616052,40,40,0,-0.001548409960800034,-0.0028319988784115185,-0.0008970431881251624,-0.003692038273527845,-0.0037283406514122615,-0.027125551536643762,0.01912705321725415,0.034391429149405926,0.0014972088238423176,0.006688870014806335,-0.003356961900102073,-0.006298620383933456,0.0002524533007680919,-0.024204750539116898,0.0032745649843168,-0.0013816137896813351,0.0010878694387231296,0.004968198745586263,0.012427130789724574,0.0132003101648569,0.0016542367082174837,0.012470406538719647,0.0053336060095969,0.012955604732721837,False,25,-1
1277,1277,3.839020531744524,2.4484290197227088,3.980558493017608,0.1147789479775692,24.81106848898907,0.6821679275616647,24.93691628043234,0.8456932717054428,39.050411828049775,1.0640023681815958,40,25,0,-0.001644492941518526,-0.002799793428399455,-0.0014397582821654609,-0.004333523632904544,-0.0033179594326134187,-0.023515008202144545,0.024087334148896963,0.037406076473769576,0.0014600116729540213,0.007402341898120648,-0.0062910430983748366,-0.010341212680428234,0.0007089753840362646,-0.0003341617578708181,0.005684589142769707,-0.0003045781054714207,0.0009867095527668368,0.004360240495984036,0.012683952040329566,0.013860525063508468,0.0015927495335329553,0.011073901466092426,0.004966317060468912,0.012355192217471023,False,25,-1
1278,1278,3.838910245573605,2.4484300094133733,3.958477767000865,0.11221928225320299,23.803437925568307,0.939511068629674,20.4949846362851,0.8483987042541579,34.370831313289955,1.541183728000206,40,40,0,-0.0018108129315843075,-0.0029517378184549187,-0.0013985017678585464,-0.004613234899293076,-0.0032086860736069175,-0.02285788701436286,0.019032781757296256,0.032338575504401945,0.0014473549805380246,0.0059504539462219555,-0.007472737559020095,-0.010690586666627411,0.0006746327123994143,-0.011402560958638385,0.007583756685832104,0.018798237463084396,0.0010248103836212634,0.004327317664050341,0.012024548750663097,0.014913410037545384,0.0015266736762392045,0.010960654578034185,0.004141798929183374,0.01215558177029198,False,25,-1
1279,1279,3.838795733011204,2.4484388672654216,4.414536290615141,0.1192132899964166,25.20048131306416,1.33413029464637,18.230703469057165,0.7794591501848592,32.26579774430783,1.0213590976283786,40,40,0,-0.0019048778558193543,-0.0030929972183771095,-0.0016591362674310236,-0.004676317074103618,-0.0035783704296894767,-0.023200889336072995,0.016664803396771018,0.030286228547551947,0.0017478089379251655,0.00933896999847959,-0.007203481350691283,-0.010097431508283529,0.000689001964068543,0.019792498818563344,0.007064981539393571,0.004822818891900245,0.0010815804454029903,0.004952945537275409,0.010937036638201678,0.012902661286840178,0.0016384823688369778,0.011221184262365916,0.0039420272928852255,0.0113150716166606,False,25,-1
1280,1280,3.8386819892679296,2.4484535893360517,3.8635887645003844,0.10120974850047645,24.802465496427345,0.6959882693958784,24.581588935082664,0.9389096301512032,37.81226040038456,1.326649017003144,40,40,0,-0.0017251503296578665,-0.0028786431303138107,-0.0021173596347400744,-0.004876701117243133,-0.0031829374164529696,-0.023466795592995242,0.022406954819836036,0.03438980755350587,0.0013491048455174471,0.007495679624046454,-0.00988431476898518,-0.014944094460100303,0.00027324855352691573,0.00010162955194146547,0.00875277679333464,0.014544326789695042,0.0008823130153296976,0.004017785900160571,0.013549496823648246,0.014833631830130456,0.001505716131011478,0.011463142931230755,0.002887198416325688,0.010225060247559526,False,25,-1
1281,1281,3.838568436711919,2.448473096142575,4.048198689994618,0.10786355436906739,23.797519051014984,0.6869495327070989,18.313445273729688,0.8784128401989066,29.42994990288362,1.193361456924799,40,23,0,-0.0018781633920385565,-0.0028960938906115435,-0.0021509332704940697,-0.005256140306081745,-0.003264530769955123,-0.022768114850788113,0.017066040693355346,0.027338318027120036,0.0014843361339321297,0.006288680251173952,-0.006285381365717854,-0.009545224346083559,0.0005522128453948917,-0.003064830046082493,0.0045652423777338145,0.007782061173157837,0.0009719859242810568,0.004175652752638248,0.014363774078734301,0.016428352697167168,0.0015147243410258706,0.010812936597133846,0.00280822627360632,0.010166510834311651,False,25,-1
1282,1282,3.838463032011249,2.4484943588237895,4.241747187821378,0.11240421199089438,24.703109970039918,1.1250278506056384,18.70970215908681,0.8453411055463512,32.744984084215815,1.715458027571024,40,40,0,-0.00190831252912081,-0.002921472050463931,-0.002346742669593489,-0.004747413777010504,-0.0034572700267194506,-0.023006724178523695,0.016358718416310102,0.030066860680469515,0.0015485627074608235,0.008508776987533339,-0.008771435771886122,-0.012069794278554789,0.00016962691776525605,-0.015522192220546911,0.005373263673779549,0.023597597439258815,0.0010233571690490438,0.004970964560761434,0.013687813423810766,0.016414950093317705,0.0016651482278853057,0.01094995756439465,0.0012049448459633921,0.008374354150791866,False,25,-1
1283,1283,3.83836874334632,2.448515995453698,3.9164546331052392,0.10529403581719614,24.323766639969254,0.8938306955298293,18.923784058857134,0.8597862195974031,32.23355556303621,1.4200720598114684,40,40,0,-0.0017080092860859136,-0.002765202501808766,-0.0023353438496613,-0.005007884815783339,-0.0032076725641012097,-0.022385404992658234,0.0174485922449309,0.02915509392495732,0.0014601910468593324,0.009104555013527221,-0.006942794889685404,-0.012802487732238063,0.0006717007802418823,0.010447604253967764,0.002126895915362194,0.016574915953555522,0.0008742664651291174,0.0043086590310419705,0.014849683452501932,0.016770053574530208,0.0014702785348225883,0.010754163234414797,0.00038244502613899,0.007637432225122716,False,25,-1
1284,1284,3.8382826059696256,2.4485389679278806,4.123109105696701,0.1156313635615019,23.418759964952827,0.634836998046323,18.51437557965922,0.9550304479693407,31.800493661508195,1.3411448535948998,40,40,0,-0.0019178112755827848,-0.0029746484969526863,-0.0028924473694578257,-0.004753791297133689,-0.003316531596205259,-0.021853730301990937,0.016038996719800795,0.027367516180531987,0.0015240232216402645,0.00787427815761531,-0.008784442813395596,-0.015481987066498887,0.0006980639808231221,-9.912143196036188e-05,0.005370408767845539,0.01286725699886979,0.0010306239316939681,0.0044624126178793,0.01564421563465055,0.017415599752843087,0.001588534667968535,0.010141171340072603,0.002062436573941033,0.008890255918402631,False,25,-1
1285,1285,3.838204492861471,2.44856381271413,4.098476955166651,0.111004482520045,22.005632515293353,1.0188279557768947,19.16907826573933,0.8652936625160702,30.427257052815534,1.3678691092820463,40,19,0,-0.0018285732496014233,-0.0029599521732888313,-0.0028630334406817117,-0.004655395018719711,-0.0033449975478203778,-0.019815740197437752,0.015722692988087796,0.026308814664207637,0.0015049334297402841,0.009100713486184943,-0.010585533821112329,-0.014559929256083824,3.927536686204585e-05,0.013835825178322245,0.006554387088035038,0.016611112573085802,0.0010079221430493313,0.004439019310225056,0.013534530516102759,0.015851591632475737,0.0016540993818814635,0.01024993170786589,0.0013905558098526807,0.0065389027022429835,False,25,-1
1286,1286,3.838134397121732,2.448590669910479,3.8451588313758074,0.10551198748344762,20.974994997260495,1.1518919939082535,19.20907159321637,0.9544575511921815,29.219978534347355,1.6035509517302178,40,32,0,-0.0017820042241498012,-0.0027167572477592833,-0.002944096347345865,-0.004416104820467753,-0.003077425679257152,-0.018944560251912407,0.014823527838198552,0.023661542624690998,0.0014625862614793983,0.00858331416490803,-0.01185680187069892,-0.016566127018174545,0.0006111635779522854,0.017324350687258606,0.002313166863464129,0.02137331216399823,0.0009449705570317309,0.004336043116403336,0.016437641910098565,0.017345628308975142,0.0014576516368792398,0.0092330276909814,0.0013987037719466044,0.005059300640715292,False,25,-1
1287,1287,3.838068296246302,2.4486214546032814,4.063375322778451,0.11531194219077766,24.68465874280998,0.781836384967884,17.20016850159613,1.0212512911792857,25.442415454516762,1.5636679771192714,40,40,0,-0.0017290884171126575,-0.002823601198052058,-0.002637181706372594,-0.004100020829125176,-0.0033286428980297254,-0.023339290190592017,0.012720923455237485,0.019870909860986535,0.0015625007894295591,0.007525768194854214,-0.011272496421683275,-0.01535100239911131,0.0005937658181021212,0.006367720964885128,0.002809118594576529,0.019955164066535785,0.0010547336503227364,0.004428174524051212,0.01758150349498047,0.018389416249513037,0.0016079270488159824,0.01122703529554671,0.0008376185627660289,0.002903087487042818,False,25,-1
1288,1288,3.838003405857007,2.4486573479577074,4.081992162619471,0.11079652732091935,22.19509295921594,0.6741622481642502,18.35153835149281,0.9735943315831497,29.30956157832635,1.2238198510063067,40,40,0,-0.0019048257390343391,-0.0029766723069534805,-0.0025996624704062543,-0.003908019202861697,-0.003281025918186893,-0.021280871028344143,0.01191813729530137,0.021324315110004693,0.0015063757312785292,0.005557526582953629,-0.013710533115696826,-0.01972438518466403,-0.00011280155534937355,-0.004240911743208486,0.006186918951944766,0.012597502521643631,0.0010292860961914646,0.0038312578194972515,0.01580606923979906,0.016952730923544917,0.001633183984859262,0.010285093346815374,0.000795470320029791,0.0031849684642745483,False,25,-1
1289,1289,3.837936913389536,2.448699629692947,3.9088149571294366,0.11050089883757316,22.541663943791672,0.7393931861715871,15.469458858704371,1.010728304063468,22.818288128274812,1.1915915478403867,40,32,0,-0.0019260165671821936,-0.0030014696419178384,-0.002430552273093735,-0.003808174161521051,-0.003047362325145039,-0.021313254296326127,0.010473396801120487,0.017103139743628377,0.00151091939272257,0.00669798362521282,-0.011122253929630682,-0.014616931742688346,0.00026204807919336413,0.006151244827107123,0.0039319700522374035,0.010543296687612011,0.0009970461988887923,0.003961318872994874,0.017184014914278727,0.017893217927216022,0.0016299524661225367,0.01063038940646071,-0.0006616492478512427,0.0010931616245644046,False,25,-1
1290,1290,3.8378685395909553,2.448748642566592,3.9867526053753304,0.1189996665492489,23.190700249865824,1.222537365327787,15.628076892925758,1.113916417460529,22.621193569366145,1.4354681437395032,40,16,0,-0.0021591871323739568,-0.003312891203557991,-0.002348873818404045,-0.0036979083669464266,-0.0030251199268007995,-0.022316600575894605,0.009019006249238362,0.013803490239108833,0.0014424828221959653,0.005366811780610111,-0.012545003205763456,-0.017535892604348003,0.0004978035334730544,-0.017795557773634424,0.007666789036194889,0.016403664904229225,0.001100378848569523,0.004374197706584553,0.017856121563845223,0.018904201584088707,0.0016896807800552255,0.01093000390720747,-0.000592911250779344,0.0011117953030143975,False,25,-1
1291,1291,3.837797134657068,2.4488050570041806,4.153011589887469,0.121968945986172,23.683640064256117,1.0662874378517586,18.987621736827148,0.9336795273641899,26.90223074220473,0.9630735110871811,40,40,0,-0.002115502647638901,-0.003218654472238577,-0.0018188025015601446,-0.0031067992244009704,-0.003192248338527597,-0.0217954305181922,0.012082611691880149,0.01793500399703828,0.001606768296531967,0.00868989520122263,-0.014533830581935048,-0.019809428288375907,0.00018174957388655645,0.013887960252020583,0.0034203451128258424,0.0021971409730572418,0.0011510756778798981,0.004981959219242055,0.015676693239953184,0.016647257456805918,0.001781462799280111,0.011342185640719094,-0.002845177755336001,-0.0007597846925047996,False,25,-1
1292,1292,3.837723480335967,2.448868732404412,3.9511960848660177,0.1133303388015787,22.89247191543345,1.1350789449264904,15.715706657908997,1.147525651677345,23.33270201138309,1.7433156252554192,40,13,0,-0.00213352337255058,-0.003263409606067259,-0.002937405940513487,-0.004099025766570861,-0.0029684684936775218,-0.021665041077251937,0.009365428638677778,0.014033174781564564,0.0014994076570048755,0.006636371242096344,-0.012273704759033246,-0.018184690716837863,0.0001243224968753398,-0.016042448321574487,0.00816628711358545,0.023802270736254336,0.0010940574628917521,0.004295433213954391,0.018137795984449364,0.01895174658364899,0.0016431728303413138,0.010800901435382355,-0.0023360085998486925,-0.00024707982007864343,False,25,-1
1293,1293,3.837647849035268,2.448939293142266,4.035249474708697,0.11783012904631836,26.083010715054787,1.7513267334286962,14.877761290188847,0.9685354983631232,21.14799678216569,1.1049765762684798,40,40,0,-0.0023026477583939584,-0.00346019613360609,-0.002793041253050411,-0.00416175589004741,-0.00299330958716626,-0.025477465791990762,0.00941336280027363,0.014331968486482731,0.001421671319004025,0.004387394157877853,-0.011177446146460508,-0.014983732349204986,-4.868594698294406e-05,-0.027571494650977933,0.0002841271358229423,0.005774016196530154,0.0011839872724721439,0.004141164579253816,0.016793717609298292,0.01835188040304712,0.0016808014715023194,0.012528740332845229,-0.0019078903487197002,-0.0013412452554436914,False,25,-1
1294,1294,3.8375720237518656,2.4490160886324213,4.171788071797146,0.12461197513502517,24.850380894102013,0.9786801606064516,16.00173295205195,1.0245699945653879,23.366560017332784,1.5418838720427375,40,40,0,-0.0023118475651518955,-0.0034756634646606,-0.002398762169055199,-0.003491863700810403,-0.0030809322577962698,-0.022521036928912823,0.01003759915240078,0.01339206225116117,0.0016021962970749213,0.009912824507117973,-0.012228982001001473,-0.018826993482752408,1.5422624569379846e-05,0.010644143107044497,0.004611952036089311,0.019221719130378078,0.0011886843262722314,0.005838378567460445,0.0167819948417858,0.018596570052896992,0.0018212454475442642,0.012015932902642447,-0.0041066722399542566,-0.002982002570060058,False,25,-1
1295,1295,3.837495035129424,2.4490995589447047,3.994557478274206,0.11333389081623887,26.69450679857336,0.82890369647996,13.710610691588023,0.9334304234734881,20.904026747238934,1.3024847336352565,38,40,0,-0.0022536276054087377,-0.003444770992199821,-0.003036107833128223,-0.004108075452314024,-0.0029385756303071248,-0.025433508634576517,0.007515517638753316,0.011060361467365807,0.001497472980838434,0.007339406281525759,-0.011058023755784442,-0.01725602661502889,-0.00028762755598004894,-0.0044468260817663256,-0.0012661626856217184,0.014145678010699906,0.001080540826637497,0.004617816067122645,0.016094167376752684,0.01769952058518174,0.0016316807067172157,0.012969134780143382,-0.002187564331514303,-0.0018439107832775796,False,25,-1
1296,1296,3.8374207251695753,2.4491877780354128,4.28205785827533,0.12238222277368115,26.192809288769915,1.0936829365522698,15.589717940009002,0.9955948207455166,21.686000472669903,1.5372089644782057,40,40,0,-0.0025914236989893528,-0.0037434081498013937,-0.002687482932634348,-0.0037645734151889017,-0.0029624610419722677,-0.02412918376342664,0.00670230214232352,0.008880855098107836,0.0016865252114126338,0.009478008481356215,-0.013816507768927833,-0.019422693330964795,0.00028796129948314324,0.012938787696401794,-0.0009266729657204376,0.019326690567739873,0.0012254984238469406,0.005390167360546483,0.016796141715939718,0.018143184572888518,0.0017255756780251935,0.012957610501614458,-0.004355507211345664,-0.004137429273273464,False,25,-1
1297,1297,3.837347102002372,2.449282127502844,4.246699829787968,0.12269236680498692,26.454434523953623,0.8621776133835507,15.508908597893432,1.0044240282049681,21.360955084863463,1.2125024128310173,40,20,0,-0.002522296541212911,-0.0035906387022570756,-0.0020016590321054735,-0.0029197385678378595,-0.0030040533490303385,-0.025450856130224176,0.008560659002969031,0.010576059894463374,0.0016273116108128,0.0062608579228915105,-0.012776334546805226,-0.01832791548272083,-7.478903229352508e-05,-0.00620300190436658,-0.004754083579541277,-0.011232085541204324,0.0012421303236920167,0.004562217549376564,0.016241874971703617,0.01714982169704536,0.001742713936995832,0.012928509953021703,-0.004573711906388497,-0.005249843432552827,False,25,-1
1298,1298,3.8372702102210616,2.449383869312152,4.063399730049666,0.11186977397822752,24.594799000262384,0.7397260230955808,18.270054423332265,1.0313832260420506,25.44412373511612,1.3928738931975801,40,22,0,-0.0024783335502612256,-0.0034155745804231408,-0.0018586374605412685,-0.0026435831177615567,-0.002845210205851874,-0.023391434174389422,0.01033768094056198,0.012764129722337635,0.001507932048977546,0.0067881363726785505,-0.014949003585287455,-0.021851587891471926,-0.0002587837034006128,-0.0032327384001841,-0.0037157708205638215,0.015732380678842854,0.0011171346702879771,0.004341890460718895,0.0165328216085712,0.017596258659466128,0.0015802788745497517,0.01172102357134791,-0.006074211976008428,-0.005818198131482573,False,25,-1
1299,1299,3.8371898406028846,2.449493122773139,4.252315975024943,0.11759195109805767,26.228188025321742,0.8705217880467753,17.898158145807074,1.0060763969596929,26.359217056147717,1.0820383143062475,40,15,0,-0.0027325500724937174,-0.0038239729050812674,-0.0023816423304562997,-0.0030923289880675094,-0.002837655411434242,-0.02509608096856504,0.006561489989284116,0.005856571356404804,0.0016009600303333222,0.006594072969877015,-0.01648085841036877,-0.02551365119284194,-9.672255768347243e-06,-0.006454427015317933,-0.0005549242659724878,0.0009913185011313603,0.0011778857851266727,0.004607197401042225,0.01611431677537292,0.01737563329582891,0.0016806845867391128,0.012959771508474495,-0.006953522395358246,-0.007331632580510512,False,25,-1
1300,1300,3.837106177163201,2.4496103310163675,4.152324733679376,0.11853578898419824,26.24160390466561,0.7725051345238353,16.000067266700462,1.0942407892741832,22.967933149655284,1.1435713154290743,38,40,0,-0.0024697988272705165,-0.003408469003804827,-0.002017676691687542,-0.003129628902371882,-0.0029415527837949704,-0.025211421127587244,0.004300947078620519,0.004867166054162641,0.001577707725431659,0.006433378526630522,-0.015278513917710257,-0.02222705717592141,-0.0003993518388296466,0.0024503928757320472,-0.004732624249578056,0.002800030834794611,0.0012092540695409042,0.004375114186740067,0.016845390369511482,0.018077323845084075,0.0016304357757891623,0.012515538990120126,-0.007653279666489422,-0.00798343606544862,False,26,-1
1301,1301,3.837027073820823,2.4497313251674155,4.156610804708229,0.11744162808317671,24.333593533629514,0.729741167392529,17.872035849273626,1.0262144585518302,25.991621855913372,1.1298786688576952,40,40,0,-0.0025978979964352746,-0.003537838083389886,-0.001570465643548554,-0.0025766596247070424,-0.002812736400985829,-0.022762534142304808,0.0018175386442832986,-9.029265906445366e-05,0.0016176691010537545,0.0078405685620381,-0.017709880189789317,-0.025863431309764706,-0.0005272488653044827,-0.002959060589418912,-0.0017560824418662566,0.006494225373868579,0.0011905870329505153,0.0046613743981487685,0.016350116637566074,0.01726990552494841,0.0015830217565530166,0.011477416040890023,-0.007098406445423608,-0.006961167941736833,False,26,-1
