traj,order,scan,ndist,in_support,arm,et_mm,eR_deg,corr_dir_cos,disp_dir_cos
v,0,0,0.8282414300595352,False,T0_raw,145.58936221877678,3.6881655013825503,,
v,0,0,0.8282414300595352,False,oracle,61.55548714104439,2.5760842705974802,,
v,0,0,0.8282414300595352,False,est_gtstart,66.1778571323192,2.866611671241047,,
v,0,0,0.8282414300595352,False,est_warmstart,66.52452646672528,2.7851204988261027,,
v,0,0,0.8282414300595352,False,view_gap,1.0742041008421366,13.876177439136939,0.9911045752319602,0.9937758932731426
v,1,1,0.8178850758526178,False,T0_raw,149.99617733804777,4.739721570843522,,
v,1,1,0.8178850758526178,False,oracle,66.71432790959126,3.0956159590561168,,
v,1,1,0.8178850758526178,False,est_gtstart,66.62835418626139,3.11790135783938,,
v,1,1,0.8178850758526178,False,est_warmstart,66.89308032658683,3.1026243259938395,,
v,1,1,0.8178850758526178,False,view_gap,1.1092024006240782,10.555700626351694,0.9999919065185977,0.9999939870532476
v,2,2,0.8108385469442921,False,T0_raw,153.70970040438462,4.5849108411027135,,
v,2,2,0.8108385469442921,False,oracle,67.60968505355574,2.762150045474963,,
v,2,2,0.8108385469442921,False,est_gtstart,64.95000190235899,2.990522196018345,,
v,2,2,0.8108385469442921,False,est_warmstart,64.55067213526326,2.971269423597022,,
v,2,2,0.8108385469442921,False,view_gap,1.1376449457966809,8.909558016617858,0.9369810326611393,0.9947602321145987
v,3,3,0.8046563810443762,False,T0_raw,154.34087367680067,4.5344489664779015,,
v,3,3,0.8046563810443762,False,oracle,62.628241299398496,2.839115435816139,,
v,3,3,0.8046563810443762,False,est_gtstart,62.46994556332573,2.8485764027656004,,
v,3,3,0.8046563810443762,False,est_warmstart,63.49095891888852,2.7376071836831413,,
v,3,3,0.8046563810443762,False,view_gap,1.1436738918069498,5.596686634408599,0.9999929976612083,0.9999967302546198
v,4,4,0.7970657826246952,False,T0_raw,154.92785719942466,4.589947448033666,,
v,4,4,0.7970657826246952,False,oracle,64.26541417709248,3.113417632054792,,
v,4,4,0.7970657826246952,False,est_gtstart,61.940132445077154,3.2062807121299137,,
v,4,4,0.7970657826246952,False,est_warmstart,63.55526836997522,3.1297446471628207,,
v,4,4,0.7970657826246952,False,view_gap,1.1461947167087627,9.623129389787266,0.9772355531560161,0.9944752544328481
v,5,5,0.7900480826892426,False,T0_raw,156.13075306185976,4.451373877321028,,
v,5,5,0.7900480826892426,False,oracle,67.1820180171359,3.647473972684044,,
v,5,5,0.7900480826892426,False,est_gtstart,67.0939087033299,3.651837882446168,,
v,5,5,0.7900480826892426,False,est_warmstart,68.32400551133807,3.7349551484011636,,
v,5,5,0.7900480826892426,False,view_gap,1.1551462840913307,9.451153853419214,0.9999974552577814,0.9999932208312432
v,6,6,0.7797100077936574,False,T0_raw,154.48449127665054,4.706141102932372,,
v,6,6,0.7797100077936574,False,oracle,67.75533570519727,3.9079629061684007,,
v,6,6,0.7797100077936574,False,est_gtstart,67.59810516984045,3.915943201958824,,
v,6,6,0.7797100077936574,False,est_warmstart,69.19530275047207,3.7367894214932456,,
v,6,6,0.7797100077936574,False,view_gap,1.141937530629006,10.993879057257239,0.9999974067760546,0.99999866165553
v,7,7,0.773749656914427,False,T0_raw,155.03609120338763,4.70101440660199,,
v,7,7,0.773749656914427,False,oracle,74.10330578564499,3.905600630885286,,
v,7,7,0.773749656914427,False,est_gtstart,74.02403429830876,3.9120626074126577,,
v,7,7,0.773749656914427,False,est_warmstart,75.1463279007039,3.730314335605036,,
v,7,7,0.773749656914427,False,view_gap,1.1398313446793389,18.771697178469715,0.9999998225238748,0.9999949272426584
v,8,8,0.7660427746032012,False,T0_raw,154.9894214565083,4.673201371374304,,
v,8,8,0.7660427746032012,False,oracle,79.20216482076968,3.915651390135797,,
v,8,8,0.7660427746032012,False,est_gtstart,75.90900904621198,4.148237927024604,,
v,8,8,0.7660427746032012,False,est_warmstart,76.43976376846993,3.874425731331924,,
v,8,8,0.7660427746032012,False,view_gap,1.1405801038234735,17.54391774036712,0.9999407615065736,0.997273856212137
v,9,9,0.7592894471057492,False,T0_raw,151.00530161354695,4.332784885461883,,
v,9,9,0.7592894471057492,False,oracle,62.59246807197413,4.097105084265292,,
v,9,9,0.7592894471057492,False,est_gtstart,62.50017444737395,4.103136688243115,,
v,9,9,0.7592894471057492,False,est_warmstart,63.46252674314324,3.786943510372569,,
v,9,9,0.7592894471057492,False,view_gap,1.1091480701795537,19.241351024507303,0.999999909130863,0.99999722246862
v,10,10,0.7533725446746123,False,T0_raw,147.45315368962403,3.92524044765381,,
v,10,10,0.7533725446746123,False,oracle,67.6120339191148,3.7201693483231306,,
v,10,10,0.7533725446746123,False,est_gtstart,67.5340961556104,3.727241566311587,,
v,10,10,0.7533725446746123,False,est_warmstart,67.73801974918852,3.5740693735917004,,
v,10,10,0.7533725446746123,False,view_gap,1.081489615782428,20.244162033907998,0.9999999662032677,0.9999996144058759
v,11,11,0.7457671710599719,False,T0_raw,150.4256796176474,3.5335554438337713,,
v,11,11,0.7457671710599719,False,oracle,71.46161583547625,3.3740933212692914,,
v,11,11,0.7457671710599719,False,est_gtstart,71.36549197015712,3.383092542907186,,
v,11,11,0.7457671710599719,False,est_warmstart,70.91290259725844,3.041121634848237,,
v,11,11,0.7457671710599719,False,view_gap,1.105189352620511,18.76137087169738,0.9999999847276895,0.999997899555408
v,12,12,0.7365297331357287,False,T0_raw,155.09030826909665,4.798880269147615,,
v,12,12,0.7365297331357287,False,oracle,67.63817178878737,4.186600413682203,,
v,12,12,0.7365297331357287,False,est_gtstart,68.1621780710873,4.216147093106765,,
v,12,12,0.7365297331357287,False,est_warmstart,76.44576190229888,4.452225067436893,,
v,12,12,0.7365297331357287,False,view_gap,1.1432619118137082,14.95970635015631,0.9999999942978608,0.999967498278212
v,13,13,0.7289043630548305,False,T0_raw,158.25550809560295,4.832983957280586,,
v,13,13,0.7289043630548305,False,oracle,69.69833734566521,4.586951201264442,,
v,13,13,0.7289043630548305,False,est_gtstart,69.64532736476322,4.5944104416948495,,
v,13,13,0.7289043630548305,False,est_warmstart,71.95293919577223,4.272926410690596,,
v,13,13,0.7289043630548305,False,view_gap,1.1723094036656703,4.521312744008021,0.9999999962674597,0.9999986932612716
v,14,14,0.7232481447801804,False,T0_raw,157.53740583798944,4.963069673124084,,
v,14,14,0.7232481447801804,False,oracle,72.38828687851728,4.255826997804214,,
v,14,14,0.7232481447801804,False,est_gtstart,72.48417355999494,4.2678743521752835,,
v,14,14,0.7232481447801804,False,est_warmstart,74.60125044247778,3.9578427832548244,,
v,14,14,0.7232481447801804,False,view_gap,1.167805257203488,1.3964902406611301,0.9999999984999604,0.9999950614430088
v,15,15,0.7153791883545533,False,T0_raw,156.85679573487252,4.411880196783356,,
v,15,15,0.7153791883545533,False,oracle,76.32090834682333,3.9630199035296503,,
v,15,15,0.7153791883545533,False,est_gtstart,76.33257946365183,3.968960339408008,,
v,15,15,0.7153791883545533,False,est_warmstart,78.69439796615008,3.666519726062711,,
v,15,15,0.7153791883545533,False,view_gap,1.1626990597008675,1.7180496860067507,0.9999999997788922,0.9999992574751689
v,16,16,0.7087507989736641,False,T0_raw,156.27203665382368,4.028410959047606,,
v,16,16,0.7087507989736641,False,oracle,74.98113269908673,4.094284756373937,,
v,16,16,0.7087507989736641,False,est_gtstart,75.12679835058943,4.094741532638911,,
v,16,16,0.7087507989736641,False,est_warmstart,76.06544170569391,3.741544130329525,,
v,16,16,0.7087507989736641,False,view_gap,1.1582505665508724,0.04843663047715552,0.9999999997953174,0.9999987259435179
v,17,17,0.6987250304242654,False,T0_raw,154.64668435694819,5.245235395645087,,
v,17,17,0.6987250304242654,False,oracle,68.9489750334843,4.786879273319577,,
v,17,17,0.6987250304242654,False,est_gtstart,68.95875541412767,4.786954339850637,,
v,17,17,0.6987250304242654,False,est_warmstart,69.98101933989663,4.674866820185811,,
v,17,17,0.6987250304242654,False,view_gap,1.1456858921379598,2.9688531551466113,0.9999999999480269,0.9999999978187754
v,18,18,0.6927618838712084,False,T0_raw,153.7941640336687,4.707564729608675,,
v,18,18,0.6927618838712084,False,oracle,68.12788015077898,5.766557240420817,,
v,18,18,0.6927618838712084,False,est_gtstart,68.18159907085833,5.763555545577089,,
v,18,18,0.6927618838712084,False,est_warmstart,67.96559868811862,5.681467646574389,,
v,18,18,0.6927618838712084,False,view_gap,1.139791992051334,0.9681860453882862,0.9999999988297769,0.9999999213221973
v,19,19,0.6853685119854513,False,T0_raw,195.500512250466,11.638116281381338,,
v,19,19,0.6853685119854513,False,oracle,149.42449408747098,3.992429102323396,,
v,19,19,0.6853685119854513,False,est_gtstart,149.36308627867658,3.9893540528647224,,
v,19,19,0.6853685119854513,False,est_warmstart,149.34477951220435,4.0456736867960545,,
v,19,19,0.6853685119854513,False,view_gap,1.2256165115590965,102.48967393582208,0.9999999957480169,0.999999947466958
v,20,20,0.6793703002541871,False,T0_raw,143.93747227917333,3.9424272632165396,,
v,20,20,0.6793703002541871,False,oracle,59.97235667180325,5.279062771683291,,
v,20,20,0.6793703002541871,False,est_gtstart,63.245088076731754,4.8517845808273705,,
v,20,20,0.6793703002541871,False,est_warmstart,63.42477094473356,4.8036967860545685,,
v,20,20,0.6793703002541871,False,view_gap,1.0665986175319342,2.4276807664529443,0.9999716512786568,0.9954719536317079
v,21,21,0.6717749073987499,False,T0_raw,144.29890215747824,3.799155779594851,,
v,21,21,0.6717749073987499,False,oracle,60.31308632715698,4.6874874870116825,,
v,21,21,0.6717749073987499,False,est_gtstart,60.387890779529,4.685940383599997,,
v,21,21,0.6717749073987499,False,est_warmstart,60.31364135475969,4.598779085296135,,
v,21,21,0.6717749073987499,False,view_gap,1.068323361771002,7.332343618825732,0.9999999658231622,0.9999953926011276
v,22,22,0.6651908510633701,False,T0_raw,150.91283349243417,3.7065288914927383,,
v,22,22,0.6651908510633701,False,oracle,66.03337807828682,3.989856915059518,,
v,22,22,0.6651908510633701,False,est_gtstart,66.19036228261396,3.9812954346252067,,
v,22,22,0.6651908510633701,False,est_warmstart,66.27206634683077,3.9046526628504767,,
v,22,22,0.6651908510633701,False,view_gap,1.1160863261199858,10.722687112200369,0.9999999189826899,0.9999982807044038
v,23,23,0.6551150078155764,False,T0_raw,154.28397058562757,5.657779063192518,,
v,23,23,0.6551150078155764,False,oracle,73.13383501237975,4.824364696026946,,
v,23,23,0.6551150078155764,False,est_gtstart,73.29977540027052,4.815033782773879,,
v,23,23,0.6551150078155764,False,est_warmstart,73.45774864082911,4.7900537084028,,
v,23,23,0.6551150078155764,False,view_gap,1.1422806442936855,7.2883634045473045,0.9999988835589403,0.9999957033130636
v,24,24,0.6490730499873232,False,T0_raw,156.01193277640192,4.798928884736238,,
v,24,24,0.6490730499873232,False,oracle,72.51180481554663,4.080078253190768,,
v,24,24,0.6490730499873232,False,est_gtstart,72.66547524306985,4.070421978197214,,
v,24,24,0.6490730499873232,False,est_warmstart,73.10626319357148,3.905533254310057,,
v,24,24,0.6490730499873232,False,view_gap,1.1541400513622462,9.965944298748752,0.9999983790867824,0.9999960000823127
v,25,25,0.6414878403429537,False,T0_raw,154.97132183234984,4.889846791176586,,
v,25,25,0.6414878403429537,False,oracle,68.79115797250195,4.03556201545711,,
v,25,25,0.6414878403429537,False,est_gtstart,68.95679239052954,4.022742068071391,,
v,25,25,0.6414878403429537,False,est_warmstart,69.66682574138048,3.973384470163435,,
v,25,25,0.6414878403429537,False,view_gap,1.1470317697429535,8.04206536270069,0.9999978095653803,0.9999866730911795
v,26,26,0.6349859075715424,False,T0_raw,156.07399094128053,3.7876137326056383,,
v,26,26,0.6349859075715424,False,oracle,72.54884459094524,3.895735418957369,,
v,26,26,0.6349859075715424,False,est_gtstart,72.69123211804299,3.895619433406724,,
v,26,26,0.6349859075715424,False,est_warmstart,73.42037354377179,3.8921742234152403,,
v,26,26,0.6349859075715424,False,view_gap,1.155945489368834,4.436939048757971,0.9999917261455001,0.9999969139061604
v,27,27,0.6288768507310463,False,T0_raw,154.01640884034614,4.372407911901246,,
v,27,27,0.6288768507310463,False,oracle,67.27234928478833,4.09865828035836,,
v,27,27,0.6288768507310463,False,est_gtstart,70.49009727189974,4.061623462389514,,
v,27,27,0.6288768507310463,False,est_warmstart,70.37651738227302,4.077675940660011,,
v,27,27,0.6288768507310463,False,view_gap,1.1403164189200117,6.1247169289000425,0.9999449256558189,0.9985271557057105
v,28,28,0.6212531106729492,False,T0_raw,153.33023834194148,3.413022459192719,,
v,28,28,0.6212531106729492,False,oracle,57.146724306676006,4.177535521327353,,
v,28,28,0.6212531106729492,False,est_gtstart,57.27787384741847,4.1784543172046344,,
v,28,28,0.6212531106729492,False,est_warmstart,57.32446763899194,4.187221573008678,,
v,28,28,0.6212531106729492,False,view_gap,1.1355494865236369,3.725045185064779,0.9999919237170735,0.9999975818705654
v,29,29,0.6111217000363403,False,T0_raw,150.00289796098423,4.871986589086014,,
v,29,29,0.6111217000363403,False,oracle,51.55323584977949,3.7555079809972916,,
v,29,29,0.6111217000363403,False,est_gtstart,51.701574278380605,3.760540984366738,,
v,29,29,0.6111217000363403,False,est_warmstart,53.381327909406004,3.979253087539964,,
v,29,29,0.6111217000363403,False,view_gap,1.1109032987340863,1.8706037568216871,0.9999981724159207,0.9999858131366857
v,30,30,0.6046663022718803,False,T0_raw,144.9975401499211,4.481629036577881,,
v,30,30,0.6046663022718803,False,oracle,48.41213601633205,3.061877103101046,,
v,30,30,0.6046663022718803,False,est_gtstart,48.504075812258534,3.0639969699395735,,
v,30,30,0.6046663022718803,False,est_warmstart,49.09853001938264,3.234490843488363,,
v,30,30,0.6046663022718803,False,view_gap,1.0735478373992289,4.215756436406259,0.9999986815113133,0.9999883581343221
v,31,31,0.5979007826499348,False,T0_raw,143.19060001485906,4.046485206994323,,
v,31,31,0.5979007826499348,False,oracle,41.615817394234384,2.9131036943435,,
v,31,31,0.5979007826499348,False,est_gtstart,44.641344551891756,2.999804483278441,,
v,31,31,0.5979007826499348,False,est_warmstart,45.13703764810475,2.9710917671561026,,
v,31,31,0.5979007826499348,False,view_gap,1.059584743981312,6.5531939431613395,0.9997382096380862,0.9921767505647261
v,32,32,0.5916531749402868,False,T0_raw,148.38097663800602,3.940813421683405,,
v,32,32,0.5916531749402868,False,oracle,44.40321682750332,3.1339933731409264,,
v,32,32,0.5916531749402868,False,est_gtstart,44.55868552994904,3.138070440460624,,
v,32,32,0.5916531749402868,False,est_warmstart,44.69332561293324,3.2158748036975897,,
v,32,32,0.5916531749402868,False,view_gap,1.0979521981601266,6.6877404716017,0.9999989829570549,0.9999608116684601
v,33,33,0.5840228281980122,False,T0_raw,153.0519938518135,3.9568078083280827,,
v,33,33,0.5840228281980122,False,oracle,46.537241137993924,3.2605259017951456,,
v,33,33,0.5840228281980122,False,est_gtstart,46.618964402630766,3.2674969970382732,,
v,33,33,0.5840228281980122,False,est_warmstart,46.66630101560487,3.478778315043597,,
v,33,33,0.5840228281980122,False,view_gap,1.1330963924682547,2.985226858953638,0.9999988439586219,0.9999532734862511
v,34,34,0.5738821000809934,False,T0_raw,154.5457392033597,5.4526671904654345,,
v,34,34,0.5738821000809934,False,oracle,49.71545660297655,2.309746246591184,,
v,34,34,0.5738821000809934,False,est_gtstart,49.88307279896825,2.312905874999682,,
v,34,34,0.5738821000809934,False,est_warmstart,49.75825949106995,2.3753823819455286,,
v,34,34,0.5738821000809934,False,view_gap,1.1440188321425715,0.05425289003646583,0.9999990207082557,0.9999700488397911
v,35,35,0.5675656523322441,False,T0_raw,154.59976792239024,4.983101552938686,,
v,35,35,0.5675656523322441,False,oracle,48.962004190906754,2.14516167452156,,
v,35,35,0.5675656523322441,False,est_gtstart,51.1408932738561,2.1895846273060746,,
v,35,35,0.5675656523322441,False,est_warmstart,51.34164303264081,2.330408705591876,,
v,35,35,0.5675656523322441,False,view_gap,1.1442963139876816,0.4781139183460681,0.9996264801764986,0.9896479485816454
v,36,36,0.5612356757873974,False,T0_raw,154.75033827741592,4.5632025769591715,,
v,36,36,0.5612356757873974,False,oracle,50.06835746683286,2.5763848204397632,,
v,36,36,0.5612356757873974,False,est_gtstart,50.30763238411861,2.589807589693534,,
v,36,36,0.5612356757873974,False,est_warmstart,50.09854576613513,2.7825599589525676,,
v,36,36,0.5612356757873974,False,view_gap,1.144037163343936,6.064308959880194,0.999999051501893,0.9999819013171288
v,37,37,0.5537367048011806,False,T0_raw,152.28791605563285,4.213893616826975,,
v,37,37,0.5537367048011806,False,oracle,48.44043744749823,2.56065841911514,,
v,37,37,0.5537367048011806,False,est_gtstart,48.52323006818067,2.5520557158887027,,
v,37,37,0.5537367048011806,False,est_warmstart,48.34504897749867,2.700317673286672,,
v,37,37,0.5537367048011806,False,view_gap,1.1259152994579416,5.506632851994375,0.9999992558466044,0.9999775340096952
v,38,38,0.5475316486112998,False,T0_raw,155.95314377366248,3.4438897399416706,,
v,38,38,0.5475316486112998,False,oracle,57.05551635968148,2.6114304144212155,,
v,38,38,0.5475316486112998,False,est_gtstart,57.07230287260237,2.610828087937784,,
v,38,38,0.5475316486112998,False,est_warmstart,57.03523587384676,2.6171868187258056,,
v,38,38,0.5475316486112998,False,view_gap,1.1386428406614484,23.945330614067117,0.9999994617357058,0.999988646457972
v,39,39,0.5411117018110998,False,T0_raw,153.27530842063317,3.060155289553102,,
v,39,39,0.5411117018110998,False,oracle,54.63883144266629,2.127927808519187,,
v,39,39,0.5411117018110998,False,est_gtstart,54.585544440678646,2.1295357378308517,,
v,39,39,0.5411117018110998,False,est_warmstart,54.44620895904729,2.2633934334454158,,
v,39,39,0.5411117018110998,False,view_gap,1.1262949840393535,16.605786123376376,0.9999995801290668,0.9999936014514619
v,40,40,0.531060982317514,False,T0_raw,148.10276821469898,4.5974421063081685,,
v,40,40,0.531060982317514,False,oracle,56.73521719536625,3.602722514412662,,
v,40,40,0.531060982317514,False,est_gtstart,56.39333888159895,3.571116976776237,,
v,40,40,0.531060982317514,False,est_warmstart,54.79022343054138,3.77609105259222,,
v,40,40,0.531060982317514,False,view_gap,1.0815573156911595,22.43484774996496,0.99999974661121,0.999984964005997
v,41,41,0.5236422801156443,False,T0_raw,143.60515312595362,4.156900123408751,,
v,41,41,0.5236422801156443,False,oracle,57.22389729481985,3.3855365567331868,,
v,41,41,0.5236422801156443,False,est_gtstart,51.44868592849469,3.08148513010185,,
v,41,41,0.5236422801156443,False,est_warmstart,50.17844048231027,3.3846125550112296,,
v,41,41,0.5236422801156443,False,view_gap,1.0496569099002204,20.920825549026745,0.9997640929990652,0.999571235608603
v,42,42,0.5170095389607074,False,T0_raw,145.65051162394965,2.9864507311712485,,
v,42,42,0.5170095389607074,False,oracle,53.30777222295416,2.10066063004313,,
v,42,42,0.5170095389607074,False,est_gtstart,53.13641941967491,2.0889205254865284,,
v,42,42,0.5170095389607074,False,est_warmstart,53.74983141325673,2.1088941193160737,,
v,42,42,0.5170095389607074,False,view_gap,1.0664551611900026,19.464604813791198,0.9999994313863483,0.9999968051954663
v,43,43,0.5110316650748812,False,T0_raw,152.3697254298163,3.8141042174991746,,
v,43,43,0.5110316650748812,False,oracle,63.29107828580537,2.866869335951801,,
v,43,43,0.5110316650748812,False,est_gtstart,62.58770045837211,2.811187985099466,,
v,43,43,0.5110316650748812,False,est_warmstart,64.0501303597475,2.8233116980458477,,
v,43,43,0.5110316650748812,False,view_gap,1.1157004063914038,20.181051637294445,0.9999984670950484,0.9997705584797736
v,44,44,0.5044996953102087,False,T0_raw,154.48813769454367,3.90009900448964,,
v,44,44,0.5044996953102087,False,oracle,69.04257732231923,3.291550712511341,,
v,44,44,0.5044996953102087,False,est_gtstart,64.33947155307985,3.207036244428721,,
v,44,44,0.5044996953102087,False,est_warmstart,66.17148221110149,3.156559736106433,,
v,44,44,0.5044996953102087,False,view_gap,1.136487752955851,14.598190396553967,0.9997877777350511,0.9987153089826051
v,45,45,0.49462455653776827,False,T0_raw,156.07030520012725,5.649793697080897,,
v,45,45,0.49462455653776827,False,oracle,68.74337127270391,4.564669873903876,,
v,45,45,0.49462455653776827,False,est_gtstart,68.54703603737403,4.557644799375055,,
v,45,45,0.49462455653776827,False,est_warmstart,68.79566192437515,4.491008879759064,,
v,45,45,0.49462455653776827,False,view_gap,1.1525101628099668,7.158633060509345,0.9999992007735066,0.9999971515144319
v,46,46,0.48738812855631625,False,T0_raw,155.2133351800497,5.153366451443027,,
v,46,46,0.48738812855631625,False,oracle,76.85173225125429,4.62031518732409,,
v,46,46,0.48738812855631625,False,est_gtstart,72.21614370864133,4.743217775357546,,
v,46,46,0.48738812855631625,False,est_warmstart,72.17895830029163,4.697237267965536,,
v,46,46,0.48738812855631625,False,view_gap,1.1441253054189209,11.040514792941103,0.9997693601573613,0.9993590506761534
v,47,47,0.4836893299363795,False,T0_raw,153.78214189286714,4.451750315941511,,
v,47,47,0.4836893299363795,False,oracle,79.49658912194332,5.086819792849025,,
v,47,47,0.4836893299363795,False,est_gtstart,79.40273603827484,5.086036485850436,,
v,47,47,0.4836893299363795,False,est_warmstart,79.41433618949323,5.088602585811611,,
v,47,47,0.4836893299363795,False,view_gap,1.1296389490530998,16.258012342945882,0.9999987713759195,0.9999988188438175
v,48,48,0.4858408438292361,False,T0_raw,154.03128519549188,4.707653790435885,,
v,48,48,0.4858408438292361,False,oracle,81.48237973731874,5.9990449132048935,,
v,48,48,0.4858408438292361,False,est_gtstart,81.39511691484756,5.993610192395423,,
v,48,48,0.4858408438292361,False,est_warmstart,81.09507010759802,6.108088457681331,,
v,48,48,0.4858408438292361,False,view_gap,1.132929070246623,14.408492806520456,0.9999987222637199,0.9999995294405103
v,49,49,0.493754022409832,False,T0_raw,152.65352343730237,4.553374049055831,,
v,49,49,0.493754022409832,False,oracle,67.89965015831277,6.21378312495129,,
v,49,49,0.493754022409832,False,est_gtstart,75.86320698092175,6.093024468404123,,
v,49,49,0.493754022409832,False,est_warmstart,75.43458686242946,6.2006336265403545,,
v,49,49,0.493754022409832,False,view_gap,1.115970909501097,21.46456673595676,0.9878729880711896,0.9627991233269296
v,50,50,0.507114841298627,False,T0_raw,151.25230256475487,3.90026739325621,,
v,50,50,0.507114841298627,False,oracle,75.62518808870297,5.046720012598767,,
v,50,50,0.507114841298627,False,est_gtstart,75.44808845451236,5.031749409075985,,
v,50,50,0.507114841298627,False,est_warmstart,75.4189886302441,5.098361198417982,,
v,50,50,0.507114841298627,False,view_gap,1.113719159369439,12.312579271402946,0.9999986787040198,0.999999411633313
v,51,51,0.5362608451590712,False,T0_raw,145.88376914908918,4.909312096897368,,
v,51,51,0.5362608451590712,False,oracle,68.2754000691426,6.4445309422017285,,
v,51,51,0.5362608451590712,False,est_gtstart,69.70799893211259,6.62917357548275,,
v,51,51,0.5362608451590712,False,est_warmstart,68.88921885809123,6.8518512047589155,,
v,51,51,0.5362608451590712,False,view_gap,1.0727313481412235,13.836242238299157,0.999281512528863,0.9977263764587908
v,52,52,0.5608683164653083,False,T0_raw,146.1116991870797,4.825368655290326,,
v,52,52,0.5608683164653083,False,oracle,74.94803886211353,6.165982472245173,,
v,52,52,0.5608683164653083,False,est_gtstart,74.86389947321956,6.161545728602015,,
v,52,52,0.5608683164653083,False,est_warmstart,75.53020583399442,6.0327181152857925,,
v,52,52,0.5608683164653083,False,view_gap,1.076750517360571,10.368234207072113,0.9999993513894068,0.9999998433094596
v,53,53,0.5888652206763719,False,T0_raw,150.73063814030525,3.8704395306915167,,
v,53,53,0.5888652206763719,False,oracle,70.40881116449164,4.73234982107719,,
v,53,53,0.5888652206763719,False,est_gtstart,70.39480454110677,4.733366792299321,,
v,53,53,0.5888652206763719,False,est_warmstart,70.93098113058343,4.585068581731588,,
v,53,53,0.5888652206763719,False,view_gap,1.1139196707536827,2.7438641998402957,0.9999998506217616,0.9999999149036137
v,54,54,0.619624701533705,False,T0_raw,157.31752899130524,4.084133216557494,,
v,54,54,0.619624701533705,False,oracle,75.85391025246541,4.511300916578867,,
v,54,54,0.619624701533705,False,est_gtstart,76.27332167220491,4.813041296799177,,
v,54,54,0.619624701533705,False,est_warmstart,76.72123147099305,4.717672599178479,,
v,54,54,0.619624701533705,False,view_gap,1.1557023972866078,16.0357404868936,0.9965053646654438,0.9971035769705573
v,55,55,0.6525830969945878,False,T0_raw,156.5072957356598,3.8007669176748,,
v,55,55,0.6525830969945878,False,oracle,76.29218750199948,4.123027331613071,,
v,55,55,0.6525830969945878,False,est_gtstart,76.39603162958466,4.138114587510024,,
v,55,55,0.6525830969945878,False,est_warmstart,76.83578561001994,3.954034599992772,,
v,55,55,0.6525830969945878,False,view_gap,1.154778117286184,8.08266949926928,0.9999980556304063,0.9999971750487486
v,56,56,0.6872286290102436,False,T0_raw,156.65869510730369,4.492978237696066,,
v,56,56,0.6872286290102436,False,oracle,75.51400813263996,4.232572956280591,,
v,56,56,0.6872286290102436,False,est_gtstart,75.27284035561625,4.398210173274134,,
v,56,56,0.6872286290102436,False,est_warmstart,75.64998854181643,4.463591264359915,,
v,56,56,0.6872286290102436,False,view_gap,1.1499041479576637,16.998280479985972,0.9937533566556145,0.9972093225594537
v,57,57,0.741390676590597,False,T0_raw,155.10792361412305,4.725971703823499,,
v,57,57,0.741390676590597,False,oracle,71.98138287243385,4.754367476578522,,
v,57,57,0.741390676590597,False,est_gtstart,72.04656314831422,4.762184677517679,,
v,57,57,0.741390676590597,False,est_warmstart,72.06653591316476,4.803518042746595,,
v,57,57,0.741390676590597,False,view_gap,1.1393594208408304,15.788163654294252,0.999991579939656,0.9999963827115473
v,58,58,0.7784066271472891,False,T0_raw,154.36450353212626,4.609859352614937,,
v,58,58,0.7784066271472891,False,oracle,76.13350045578385,5.281009459321773,,
v,58,58,0.7784066271472891,False,est_gtstart,76.16200410838326,5.290449240376436,,
v,58,58,0.7784066271472891,False,est_warmstart,76.24084873062702,5.329850246859614,,
v,58,58,0.7784066271472891,False,view_gap,1.1352547294444422,13.940767749533123,0.9999894817105663,0.9999956051405144
v,59,59,0.815765112763297,False,T0_raw,154.331665660458,4.210226695981229,,
v,59,59,0.815765112763297,False,oracle,76.4561200463528,4.653245500477706,,
v,59,59,0.815765112763297,False,est_gtstart,76.4579876047256,4.658904859205475,,
v,59,59,0.815765112763297,False,est_warmstart,76.52035017361504,4.805996276118803,,
v,59,59,0.815765112763297,False,view_gap,1.1299980063654709,19.593994609503618,0.9999898730968854,0.9999957582287233
v,60,60,0.8292592685780955,False,T0_raw,152.63871188456858,3.778824131348427,,
v,60,60,0.8292592685780955,False,oracle,79.70213466242316,4.306704695663928,,
v,60,60,0.8292592685780955,False,est_gtstart,74.04495825880888,3.9692713798188524,,
v,60,60,0.8292592685780955,False,est_warmstart,74.01242189166796,3.9679631637201407,,
v,60,60,0.8292592685780955,False,view_gap,1.119333783842565,17.57747181202074,0.9985434226026116,0.9997683346438242
v,61,61,0.8216920042639976,False,T0_raw,147.93068283629538,4.2166509323161705,,
v,61,61,0.8216920042639976,False,oracle,68.69056794633099,3.2805160448271633,,
v,61,61,0.8216920042639976,False,est_gtstart,70.57762420111943,3.6069233161378493,,
v,61,61,0.8216920042639976,False,est_warmstart,72.11360033386296,4.205741378206195,,
v,61,61,0.8216920042639976,False,view_gap,1.0895218719383613,10.927760859810398,0.9999897350623905,0.9993536401731832
v,62,62,0.8120934764155922,False,T0_raw,144.84030790993324,5.570952200165764,,
v,62,62,0.8120934764155922,False,oracle,57.46986129861451,3.9125034371914147,,
v,62,62,0.8120934764155922,False,est_gtstart,57.432126970771314,3.9285173265204247,,
v,62,62,0.8120934764155922,False,est_warmstart,57.414248318014096,3.9533258114923013,,
v,62,62,0.8120934764155922,False,view_gap,1.067274989206469,9.780477591724512,0.9999927137008362,0.9999895000648621
v,63,63,0.8045999413909434,False,T0_raw,149.49257582064965,5.044829723928934,,
v,63,63,0.8045999413909434,False,oracle,62.75571305282522,3.224823377311595,,
v,63,63,0.8045999413909434,False,est_gtstart,62.61852243204148,3.2275114221374612,,
v,63,63,0.8045999413909434,False,est_warmstart,62.936145398317514,3.2324628083810065,,
v,63,63,0.8045999413909434,False,view_gap,1.101935428712982,9.31749188216191,0.9999916043925576,0.9999993768734101
v,64,64,0.7980452483535372,False,T0_raw,155.18724558300553,5.007907424748883,,
v,64,64,0.7980452483535372,False,oracle,64.34849324397557,3.449190637542271,,
v,64,64,0.7980452483535372,False,est_gtstart,64.2043946379198,3.45601032839875,,
v,64,64,0.7980452483535372,False,est_warmstart,64.79917464245644,3.440331660022568,,
v,64,64,0.7980452483535372,False,view_gap,1.1444242756450513,8.563249223785263,0.9999937139771397,0.9999948949843557
v,65,65,0.791621965210661,False,T0_raw,155.4421226528327,4.75443404821802,,
v,65,65,0.791621965210661,False,oracle,65.64156106250947,3.172977478089485,,
v,65,65,0.791621965210661,False,est_gtstart,65.48542686033566,3.1805644754510465,,
v,65,65,0.791621965210661,False,est_warmstart,66.36123007387563,3.100251331306997,,
v,65,65,0.791621965210661,False,view_gap,1.1458972121076365,9.33578124126111,0.9999928852394621,0.9999973721547794
v,66,66,0.7842319604112677,False,T0_raw,156.47361948659554,5.462967646452266,,
v,66,66,0.7842319604112677,False,oracle,67.93973454610875,4.1215528639561105,,
v,66,66,0.7842319604112677,False,est_gtstart,64.2959092363013,4.161598305130405,,
v,66,66,0.7842319604112677,False,est_warmstart,65.20211504212566,4.153719599239697,,
v,66,66,0.7842319604112677,False,view_gap,1.1528611039306615,10.520343468120252,0.9769475494958442,0.9965884672886147
v,67,67,0.7778446637342176,False,T0_raw,155.3301368769636,4.818625604513408,,
v,67,67,0.7778446637342176,False,oracle,62.813184810517456,4.150503294222521,,
v,67,67,0.7778446637342176,False,est_gtstart,62.683301786990526,4.153308278295457,,
v,67,67,0.7778446637342176,False,est_warmstart,63.270514456957095,4.118941044168451,,
v,67,67,0.7778446637342176,False,view_gap,1.1435328364863584,11.909938416424737,0.9999972239233159,0.999993957164454
v,68,68,0.7678767565382087,False,T0_raw,155.3366499435869,5.017906477702012,,
v,68,68,0.7678767565382087,False,oracle,60.522664180999314,4.637860224614316,,
v,68,68,0.7678767565382087,False,est_gtstart,60.33185801391155,4.638661261176735,,
v,68,68,0.7678767565382087,False,est_warmstart,60.62447547017554,4.810519087696508,,
v,68,68,0.7678767565382087,False,view_gap,1.1422004588666583,13.879160536338198,0.9999971369414926,0.9999955704097313
v,69,69,0.761321705529532,False,T0_raw,155.76070940477385,4.2592006278266545,,
v,69,69,0.761321705529532,False,oracle,58.40437510932399,4.802686893867928,,
v,69,69,0.761321705529532,False,est_gtstart,58.28557519941918,4.8069859218310915,,
v,69,69,0.761321705529532,False,est_warmstart,59.327514453767876,4.999241092032542,,
v,69,69,0.761321705529532,False,view_gap,1.1447056918948464,14.704139844369912,0.9999998357717301,0.9999973826913129
v,70,70,0.7542177904319843,False,T0_raw,155.31530108022983,4.783011061597227,,
v,70,70,0.7542177904319843,False,oracle,57.89998311818999,5.023453988122745,,
v,70,70,0.7542177904319843,False,est_gtstart,57.784964258758905,5.024819323565225,,
v,70,70,0.7542177904319843,False,est_warmstart,58.15130478665952,5.130757914887626,,
v,70,70,0.7542177904319843,False,view_gap,1.1385186328784258,18.05508777702869,0.9999997802407754,0.999998103867945
v,71,71,0.7481602663773981,False,T0_raw,152.29318260916992,4.163102696021956,,
v,71,71,0.7481602663773981,False,oracle,58.71630475890782,4.719618768924854,,
v,71,71,0.7481602663773981,False,est_gtstart,58.611460253642115,4.724662860558171,,
v,71,71,0.7481602663773981,False,est_warmstart,58.618836323536186,4.732450804292903,,
v,71,71,0.7481602663773981,False,view_gap,1.1165789291109598,17.487089169595293,0.999999918791466,0.9999969642305762
v,72,72,0.7415082833921629,False,T0_raw,148.43063123028404,4.4158819581648725,,
v,72,72,0.7415082833921629,False,oracle,61.221426928282504,3.96792855993905,,
v,72,72,0.7415082833921629,False,est_gtstart,61.10354237351567,3.9611983482638347,,
v,72,72,0.7415082833921629,False,est_warmstart,61.14293454569019,4.0234113228750426,,
v,72,72,0.7415082833921629,False,view_gap,1.0872627101727919,18.11369769587934,0.9999999654828143,0.9999991976119671
v,73,73,0.7317197814446605,False,T0_raw,150.3361491448438,4.898550006954536,,
v,73,73,0.7317197814446605,False,oracle,67.52114409509198,4.748266022354378,,
v,73,73,0.7317197814446605,False,est_gtstart,67.44898243086206,4.752075691714206,,
v,73,73,0.7317197814446605,False,est_warmstart,67.57039424458496,4.690635018829068,,
v,73,73,0.7317197814446605,False,view_gap,1.1037333044251678,15.550661393015197,0.9999999857705767,0.9999980695807301
v,74,74,0.7252113718983838,False,T0_raw,155.1178088623967,4.886223316950305,,
v,74,74,0.7252113718983838,False,oracle,70.35081423263478,4.617615415785039,,
v,74,74,0.7252113718983838,False,est_gtstart,70.30625959662838,4.627460514546495,,
v,74,74,0.7252113718983838,False,est_warmstart,70.70152042024287,4.500207930243788,,
v,74,74,0.7252113718983838,False,view_gap,1.1440699601426567,7.869221647506919,0.9999999899932707,0.9999964540239564
v,75,75,0.7183528677591046,False,T0_raw,160.14286729416048,5.291191133324937,,
v,75,75,0.7183528677591046,False,oracle,72.40709290178094,4.256671825259169,,
v,75,75,0.7183528677591046,False,est_gtstart,72.34298261356061,4.25987377706983,,
v,75,75,0.7183528677591046,False,est_warmstart,72.95547063779136,4.193075480083061,,
v,75,75,0.7183528677591046,False,view_gap,1.1808321256814172,8.72382456855103,0.9999999955239715,0.9999977389744604
v,76,76,0.7134771394716346,False,T0_raw,160.23057722980093,4.914334036747889,,
v,76,76,0.7134771394716346,False,oracle,71.96951911231713,4.664329421671613,,
v,76,76,0.7134771394716346,False,est_gtstart,71.9872969058684,4.650622354955886,,
v,76,76,0.7134771394716346,False,est_warmstart,72.68811188556482,4.516076341439558,,
v,76,76,0.7134771394716346,False,view_gap,1.1832752569748206,3.787058029798729,0.9999999983631799,0.9999973377161361
v,77,77,0.7052908153628688,False,T0_raw,158.76039668877618,4.2327098738462325,,
v,77,77,0.7052908153628688,False,oracle,67.24389196525483,4.580294043262163,,
v,77,77,0.7052908153628688,False,est_gtstart,67.20371522123826,4.5811808077545795,,
v,77,77,0.7052908153628688,False,est_warmstart,68.1865632409037,4.403058343724549,,
v,77,77,0.7052908153628688,False,view_gap,1.1727263197671316,2.290411016494076,0.9999999989913151,0.9999998541531576
v,78,78,0.699492854311111,False,T0_raw,156.85809364363803,4.327311377450048,,
v,78,78,0.699492854311111,False,oracle,65.58119508564008,5.065814744415064,,
v,78,78,0.699492854311111,False,est_gtstart,65.56320017734552,5.071153196351558,,
v,78,78,0.699492854311111,False,est_warmstart,65.5639011748086,5.072449658939567,,
v,78,78,0.699492854311111,False,view_gap,1.1589911929669001,0.6626787541712531,0.9999999997875167,0.9999998389207972
v,79,79,0.6897761503909626,False,T0_raw,156.62514437198462,5.0628424644355015,,
v,79,79,0.6897761503909626,False,oracle,64.04042795429775,6.088575326760173,,
v,79,79,0.6897761503909626,False,est_gtstart,64.05240047754303,6.086947949321798,,
v,79,79,0.6897761503909626,False,est_warmstart,65.03688698448408,6.263525555253055,,
v,79,79,0.6897761503909626,False,view_gap,1.1565841076310834,3.7783020833659364,0.9999999999900473,0.9999998772686761
v,80,80,0.6826761264739059,False,T0_raw,154.4358186228331,4.677846580543469,,
v,80,80,0.6826761264739059,False,oracle,64.88773354604417,5.937714930562009,,
v,80,80,0.6826761264739059,False,est_gtstart,64.92596495647639,5.936421477775554,,
v,80,80,0.6826761264739059,False,est_warmstart,65.68997154682741,6.147173674364986,,
v,80,80,0.6826761264739059,False,view_gap,1.1410324212130107,0.44079662676921316,0.9999999990905534,0.9999998979824373
v,81,81,0.6768270326474747,False,T0_raw,152.0847779107388,4.055820197656134,,
v,81,81,0.6768270326474747,False,oracle,61.39510927968829,5.4793247368153475,,
v,81,81,0.6768270326474747,False,est_gtstart,61.422814882661136,5.472743555296089,,
v,81,81,0.6768270326474747,False,est_warmstart,61.539435168370126,5.5573578008151,,
v,81,81,0.6768270326474747,False,view_gap,1.1234717869196538,1.345165367920842,0.9999999972727892,0.9999987653720844
v,82,82,0.6696321965099444,False,T0_raw,164.57334453507352,8.303161729706323,,
v,82,82,0.6696321965099444,False,oracle,89.54452506542495,3.8168963590621257,,
v,82,82,0.6696321965099444,False,est_gtstart,89.58913832466651,3.817768900806527,,
v,82,82,0.6696321965099444,False,est_warmstart,89.65857684140276,3.863258686018802,,
v,82,82,0.6696321965099444,False,view_gap,1.1646058052339245,45.705125200584895,0.9999999961442131,0.9999999471194315
v,83,83,0.6629853119401181,False,T0_raw,146.57710549827664,3.7913865083525233,,
v,83,83,0.6629853119401181,False,oracle,62.15576077312866,4.661640479647102,,
v,83,83,0.6629853119401181,False,est_gtstart,62.25804948111975,4.655098105726236,,
v,83,83,0.6629853119401181,False,est_warmstart,62.69549846164718,4.5653290600152285,,
v,83,83,0.6629853119401181,False,view_gap,1.0829123276960548,0.35142775527052805,0.9999999739100557,0.9999977529023076
v,84,84,0.6574514063383471,False,T0_raw,151.1912139473107,4.197266787510207,,
v,84,84,0.6574514063383471,False,oracle,69.45600267583828,4.209773959504274,,
v,84,84,0.6574514063383471,False,est_gtstart,69.56304251426688,4.205367009547823,,
v,84,84,0.6574514063383471,False,est_warmstart,70.5475951494609,4.214262347672049,,
v,84,84,0.6574514063383471,False,view_gap,1.1166551188314644,5.374992079050678,0.999999938398173,0.9999984915112345
v,85,85,0.647843379223249,False,T0_raw,157.19787424086925,4.965155728844729,,
v,85,85,0.647843379223249,False,oracle,77.17262907689292,4.210314554488225,,
v,85,85,0.647843379223249,False,est_gtstart,77.3234486978908,4.200319356998924,,
v,85,85,0.647843379223249,False,est_warmstart,77.48900080661525,4.158005285799675,,
v,85,85,0.647843379223249,False,view_gap,1.161175998527334,4.766959886334909,0.9999991855883889,0.9999935636442543
v,86,86,0.6404715021340561,False,T0_raw,158.06325814241478,5.381789483126544,,
v,86,86,0.6404715021340561,False,oracle,74.82504799687621,4.205822725678258,,
v,86,86,0.6404715021340561,False,est_gtstart,77.06089890616488,4.228793714885408,,
v,86,86,0.6404715021340561,False,est_warmstart,77.26046790701297,4.164635379857684,,
v,86,86,0.6404715021340561,False,view_gap,1.1675460954764287,4.999739307906204,0.9998269031789411,0.9980136216644072
v,87,87,0.6340223314736341,False,T0_raw,158.33552676953323,5.132081878090559,,
v,87,87,0.6340223314736341,False,oracle,72.44451117253938,4.127707437927164,,
v,87,87,0.6340223314736341,False,est_gtstart,72.56398549632772,4.116391375708829,,
v,87,87,0.6340223314736341,False,est_warmstart,72.53665348192533,4.1218245983661985,,
v,87,87,0.6340223314736341,False,view_gap,1.169447962320561,5.697019820097182,0.9999977564886713,0.9999935941277291
v,88,88,0.6287436822401887,False,T0_raw,155.89145520448227,4.020740228934114,,
v,88,88,0.6287436822401887,False,oracle,71.61756249964837,4.034069650811168,,
v,88,88,0.6287436822401887,False,est_gtstart,74.28785646629044,4.11420064316394,,
v,88,88,0.6287436822401887,False,est_warmstart,74.23144835653234,4.287758908621586,,
v,88,88,0.6287436822401887,False,view_gap,1.1517187300849987,3.2865833787010246,0.9952067286700572,0.9987383776096187
v,89,89,0.6209677891257188,False,T0_raw,171.84537592402484,4.259672223671879,,
v,89,89,0.6209677891257188,False,oracle,75.42886725009544,4.126547008002113,,
v,89,89,0.6209677891257188,False,est_gtstart,75.51244425462433,4.160058168316138,,
v,89,89,0.6209677891257188,False,est_warmstart,75.89896522972658,4.3393751839644015,,
v,89,89,0.6209677891257188,False,view_gap,1.268149014671836,10.149159369881922,0.9999882500542917,0.9999861951865313
v,90,90,0.6113912848594987,False,T0_raw,212.62009811690953,5.615908401272392,,
v,90,90,0.6113912848594987,False,oracle,109.32929970282461,3.7850400930484485,,
v,90,90,0.6113912848594987,False,est_gtstart,109.37385238809311,3.7658389384384354,,
v,90,90,0.6113912848594987,False,est_warmstart,109.32612960381168,3.741207730340458,,
v,90,90,0.6113912848594987,False,view_gap,1.5621604766370236,25.356125964041354,0.9999812672012878,0.9999992100024966
v,91,91,0.6069702074409448,False,T0_raw,191.10319253606536,4.996279416459539,,
v,91,91,0.6069702074409448,False,oracle,96.30541628915854,3.950059284608071,,
v,91,91,0.6069702074409448,False,est_gtstart,95.88786045679602,3.9327961982316353,,
v,91,91,0.6069702074409448,False,est_warmstart,95.51322032176336,3.8486419016642297,,
v,91,91,0.6069702074409448,False,view_gap,1.404966576007486,22.24720362681154,0.9999967383588623,0.9999776591306228
v,92,92,0.6041000866339479,False,T0_raw,174.71811710371054,4.364891978453248,,
v,92,92,0.6041000866339479,False,oracle,81.16367210531219,3.598248158494046,,
v,92,92,0.6041000866339479,False,est_gtstart,82.75524033899804,3.4265856556556002,,
v,92,92,0.6041000866339479,False,est_warmstart,82.97637060381257,3.4236191966145033,,
v,92,92,0.6041000866339479,False,view_gap,1.2844497241162052,21.352542236646954,0.9997622407409443,0.9984858505754692
v,93,93,0.5995236097071248,False,T0_raw,163.2644869336077,4.539602694189681,,
v,93,93,0.5995236097071248,False,oracle,68.04131734709799,3.650827734934864,,
v,93,93,0.5995236097071248,False,est_gtstart,67.8009960499312,3.7150526847298293,,
v,93,93,0.5995236097071248,False,est_warmstart,67.72122116713024,3.752791589183608,,
v,93,93,0.5995236097071248,False,view_gap,1.2009018198736103,20.136931250206658,0.9999981141833869,0.9999931431492515
v,94,94,0.5960716113733455,False,T0_raw,158.9966504825964,3.2359352981072598,,
v,94,94,0.5960716113733455,False,oracle,61.43729915832872,3.5861306909261446,,
v,94,94,0.5960716113733455,False,est_gtstart,61.21000522394314,3.602693496463394,,
v,94,94,0.5960716113733455,False,est_warmstart,60.91718647081416,3.715129649683692,,
v,94,94,0.5960716113733455,False,view_gap,1.1720007188809127,17.612460171138267,0.9999985862140253,0.9999545439966198
v,95,95,0.5929266120220091,False,T0_raw,159.26424760642286,3.5789931173988876,,
v,95,95,0.5929266120220091,False,oracle,58.193982521606024,3.7350808750278635,,
v,95,95,0.5929266120220091,False,est_gtstart,59.1304818276096,3.878492703978324,,
v,95,95,0.5929266120220091,False,est_warmstart,58.88193573899166,3.9950231003759447,,
v,95,95,0.5929266120220091,False,view_gap,1.1733982033278647,19.581673764261787,0.9997473810938403,0.99533344371168
v,96,96,0.5880372338190012,False,T0_raw,167.12332837665286,5.389775100553559,,
v,96,96,0.5880372338190012,False,oracle,64.73108657735465,2.5503793991973818,,
v,96,96,0.5880372338190012,False,est_gtstart,64.58267888856065,2.5447695850524115,,
v,96,96,0.5880372338190012,False,est_warmstart,64.88179623497696,2.57177991340506,,
v,96,96,0.5880372338190012,False,view_gap,1.2343411374431086,18.803315414251287,0.9995927751688191,0.9956442036720536
v,97,97,0.5854768070360922,False,T0_raw,165.1974367268494,5.04990330974409,,
v,97,97,0.5854768070360922,False,oracle,58.110931712205236,2.2970326658507947,,
v,97,97,0.5854768070360922,False,est_gtstart,58.23782380533893,2.2936576092764773,,
v,97,97,0.5854768070360922,False,est_warmstart,58.336886529263055,2.3462722856867653,,
v,97,97,0.5854768070360922,False,view_gap,1.2222479713126506,17.07847887952063,0.9999988619169569,0.9999826149734455
v,98,98,0.5814002000913268,False,T0_raw,161.51986695600775,4.285266873910898,,
v,98,98,0.5814002000913268,False,oracle,56.29827814379855,2.6085345037515615,,
v,98,98,0.5814002000913268,False,est_gtstart,56.41081508996376,2.604724245290937,,
v,98,98,0.5814002000913268,False,est_warmstart,56.861574963188836,3.007670761437897,,
v,98,98,0.5814002000913268,False,view_gap,1.2011687850149897,3.6323989487270225,0.9999992700407294,0.9999708922748933
v,99,99,0.5786435942912213,False,T0_raw,159.3372559997571,3.6247801139987073,,
v,99,99,0.5786435942912213,False,oracle,61.06475731064817,3.01064986764557,,
v,99,99,0.5786435942912213,False,est_gtstart,61.09688905480938,3.0080133856918465,,
v,99,99,0.5786435942912213,False,est_warmstart,63.35095234018019,3.355241363838433,,
v,99,99,0.5786435942912213,False,view_gap,1.1850190965501366,5.025568831355187,0.9999991772293146,0.9999793080142694
v,100,100,0.57607396786662,False,T0_raw,156.8331793703242,3.585304770048037,,
v,100,100,0.57607396786662,False,oracle,55.078673235181796,2.671677637060892,,
v,100,100,0.57607396786662,False,est_gtstart,55.079741247346504,2.675510950762776,,
v,100,100,0.57607396786662,False,est_warmstart,56.49179190944532,3.0554928439219355,,
v,100,100,0.57607396786662,False,view_gap,1.1648458285583958,13.90067683904217,0.9999993066137858,0.9999838813759935
v,101,101,0.5714908264379257,False,T0_raw,158.47480180129787,4.5644730329596355,,
v,101,101,0.5714908264379257,False,oracle,60.89441560569371,2.4236360235363574,,
v,101,101,0.5714908264379257,False,est_gtstart,60.86333047348246,2.4261677230019663,,
v,101,101,0.5714908264379257,False,est_warmstart,61.25718974199629,2.383412636201319,,
v,101,101,0.5714908264379257,False,view_gap,1.181207203382669,8.340272051804654,0.9999996049569023,0.9999915367393322
v,102,102,0.5676512082287478,False,T0_raw,154.26962539184098,4.4666493585060705,,
v,102,102,0.5676512082287478,False,oracle,66.78824209462705,2.8426823288257097,,
v,102,102,0.5676512082287478,False,est_gtstart,66.69143966989337,2.852346046531937,,
v,102,102,0.5676512082287478,False,est_warmstart,65.5143048191365,2.7846269315569745,,
v,102,102,0.5676512082287478,False,view_gap,1.1504225932583356,6.330907489300763,0.9999997315509841,0.9999969853098697
v,103,103,0.5651303677921211,False,T0_raw,150.63541487530466,4.173222360457778,,
v,103,103,0.5651303677921211,False,oracle,67.78975640066675,2.768931288622845,,
v,103,103,0.5651303677921211,False,est_gtstart,67.72306786440417,2.767966434676306,,
v,103,103,0.5651303677921211,False,est_warmstart,66.92139246227957,2.702271944964304,,
v,103,103,0.5651303677921211,False,view_gap,1.1246942683055763,5.20153038543647,0.9999998241937906,0.9999985406220028
v,104,104,0.5621902978278083,False,T0_raw,148.9043859982956,3.649879723689116,,
v,104,104,0.5621902978278083,False,oracle,71.4237179082522,2.4994496053894686,,
v,104,104,0.5621902978278083,False,est_gtstart,65.67695105786075,2.328162952550573,,
v,104,104,0.5621902978278083,False,est_warmstart,65.30893036449717,2.510784853398865,,
v,104,104,0.5621902978278083,False,view_gap,1.1108132973820233,9.582584262412652,0.9997586750140605,0.9993316643417015
v,105,105,0.559486989078528,False,T0_raw,154.51610276066089,3.6393334966479403,,
v,105,105,0.559486989078528,False,oracle,75.75993835660726,2.526484413483164,,
v,105,105,0.559486989078528,False,est_gtstart,75.54465167594125,2.5226251139570066,,
v,105,105,0.559486989078528,False,est_warmstart,74.77263666994743,2.57615657667475,,
v,105,105,0.559486989078528,False,view_gap,1.1566627701600858,1.5532797315627178,0.9999996102309482,0.9999980612944971
v,106,106,0.5557848558614165,False,T0_raw,157.99293259829818,3.427764206808202,,
v,106,106,0.5557848558614165,False,oracle,78.65564831121101,3.0496047139288542,,
v,106,106,0.5557848558614165,False,est_gtstart,78.56518408618506,3.0480240100213454,,
v,106,106,0.5557848558614165,False,est_warmstart,78.3581052679919,3.0123328210675395,,
v,106,106,0.5557848558614165,False,view_gap,1.1838064552361394,1.2618669206432287,0.9999994852469413,0.9999997686028019
v,107,107,0.551391015507527,False,T0_raw,161.7852227714421,4.826508561820355,,
v,107,107,0.551391015507527,False,oracle,122.9377115087478,12.215802027640445,,
v,107,107,0.551391015507527,False,est_gtstart,122.7714904591392,12.189292474606425,,
v,107,107,0.551391015507527,False,est_warmstart,123.43176308976453,12.057344008275358,,
v,107,107,0.551391015507527,False,view_gap,1.2109197772173101,9.963076832992357,0.9999993183275585,0.999999952918817
v,108,108,0.5490888348431563,False,T0_raw,163.52382004488106,5.0499269982947945,,
v,108,108,0.5490888348431563,False,oracle,88.53544897461738,4.258339282096936,,
v,108,108,0.5490888348431563,False,est_gtstart,83.78868980046788,4.080389140495459,,
v,108,108,0.5490888348431563,False,est_warmstart,85.60916690493828,3.8983579334580902,,
v,108,108,0.5490888348431563,False,view_gap,1.2276037352715954,7.050248628877931,0.9998082767191814,0.9986192931201806
v,109,109,0.5462504436130723,False,T0_raw,160.0528858192103,4.75209018440352,,
v,109,109,0.5462504436130723,False,oracle,91.63899487335019,4.324742450385722,,
v,109,109,0.5462504436130723,False,est_gtstart,87.09905773217258,4.220904148593449,,
v,109,109,0.5462504436130723,False,est_warmstart,89.2038372603361,3.8267336619118275,,
v,109,109,0.5462504436130723,False,view_gap,1.203219718150396,0.18084534120887952,0.9997263531144867,0.9983892267125712
v,110,110,0.5485175044997938,False,T0_raw,158.80721187640637,3.973153636438755,,
v,110,110,0.5485175044997938,False,oracle,91.91305852292844,4.20752724263002,,
v,110,110,0.5485175044997938,False,est_gtstart,91.84291605399652,4.205433888993233,,
v,110,110,0.5485175044997938,False,est_warmstart,94.64729865760287,3.7698122724310967,,
v,110,110,0.5485175044997938,False,view_gap,1.1941963712922992,4.16881340964359,0.9999994080156676,0.9999997410131428
v,111,111,0.5558243104046604,False,T0_raw,155.19193546932735,3.7295646203241324,,
v,111,111,0.5558243104046604,False,oracle,73.72364316915966,3.6993879943182635,,
v,111,111,0.5558243104046604,False,est_gtstart,74.0896458941908,3.6635772313293984,,
v,111,111,0.5558243104046604,False,est_warmstart,74.59677404397326,4.042883363114647,,
v,111,111,0.5558243104046604,False,view_gap,1.168368042913018,2.932980831410248,0.99999946100455,0.999972714469703
v,112,112,0.5757255885938913,False,T0_raw,155.10011406859257,4.675459340149936,,
v,112,112,0.5757255885938913,False,oracle,90.90929988046317,4.396877854632098,,
v,112,112,0.5757255885938913,False,est_gtstart,90.80049971871712,4.3879763354188075,,
v,112,112,0.5757255885938913,False,est_warmstart,90.35572035136008,4.0659701050560075,,
v,112,112,0.5757255885938913,False,view_gap,1.16932733144144,2.7484778568664936,0.9999994244705698,0.9999996869782487
v,113,113,0.5944097830078787,False,T0_raw,152.1547525169048,4.961423725625258,,
v,113,113,0.5944097830078787,False,oracle,107.44060014994918,6.75749394681665,,
v,113,113,0.5944097830078787,False,est_gtstart,107.26206505250295,6.741171506679254,,
v,113,113,0.5944097830078787,False,est_warmstart,106.66765478220746,6.48632941616808,,
v,113,113,0.5944097830078787,False,view_gap,1.1465118368334084,7.707659971629255,0.9999994676311439,0.9999993550208426
v,114,114,0.6168849160387039,False,T0_raw,147.05342227151604,4.198183514647225,,
v,114,114,0.6168849160387039,False,oracle,82.9143530173554,4.387498445859497,,
v,114,114,0.6168849160387039,False,est_gtstart,82.86933890348352,4.382190149362945,,
v,114,114,0.6168849160387039,False,est_warmstart,82.79990180560128,4.018184142993238,,
v,114,114,0.6168849160387039,False,view_gap,1.1110225467206647,3.562098245104117,0.9999998408769456,0.999999823972441
v,115,115,0.642633703296145,False,T0_raw,152.15352911564779,3.980498174348077,,
v,115,115,0.642633703296145,False,oracle,86.65722876914354,2.949206469551151,,
v,115,115,0.642633703296145,False,est_gtstart,87.94406502335474,3.1073548370748223,,
v,115,115,0.642633703296145,False,est_warmstart,94.6520369703999,3.95168859826907,,
v,115,115,0.642633703296145,False,view_gap,1.150725448392936,0.6085382839087217,0.9995183885358141,0.9988703027216189
v,116,116,0.6711597205707924,False,T0_raw,155.73062202077364,4.0284209731770355,,
v,116,116,0.6711597205707924,False,oracle,89.12727965624445,3.679554947312403,,
v,116,116,0.6711597205707924,False,est_gtstart,89.12309275166821,3.679596712880783,,
v,116,116,0.6711597205707924,False,est_warmstart,89.25971995664099,3.632286360062669,,
v,116,116,0.6711597205707924,False,view_gap,1.1788508143256455,2.9874300000525267,0.9999998633981413,0.9999999698500566
v,117,117,0.701965798220351,False,T0_raw,158.1685060818082,3.75899633143313,,
v,117,117,0.701965798220351,False,oracle,94.20190963799179,4.214437618964323,,
v,117,117,0.701965798220351,False,est_gtstart,94.22074997331262,4.214406398016606,,
v,117,117,0.701965798220351,False,est_warmstart,94.52920696127049,4.148274305281175,,
v,117,117,0.701965798220351,False,view_gap,1.1983761264880082,0.2604484181389921,0.9999993698436855,0.999999855323289
v,118,118,0.7514746447016579,False,T0_raw,162.3475933618503,5.140627708059359,,
v,118,118,0.7514746447016579,False,oracle,91.16623781566099,5.08306414278794,,
v,118,118,0.7514746447016579,False,est_gtstart,91.2663715169513,5.0942266544212425,,
v,118,118,0.7514746447016579,False,est_warmstart,92.13179270302062,4.877200822202661,,
v,118,118,0.7514746447016579,False,view_gap,1.2303546115612367,6.216060069834661,0.9999960060248199,0.9999991868929
v,119,119,0.7860971205059798,False,T0_raw,161.49972754458253,4.846702752170716,,
v,119,119,0.7860971205059798,False,oracle,90.38104373120021,4.772605635699561,,
v,119,119,0.7860971205059798,False,est_gtstart,90.50759982612252,4.788480648920406,,
v,119,119,0.7860971205059798,False,est_warmstart,91.72745522051159,4.329368766539003,,
v,119,119,0.7860971205059798,False,view_gap,1.2215450423827015,12.820890823688202,0.9999939128396869,0.999997627006223
v,120,120,0.8216037816316529,False,T0_raw,158.96989653182976,4.443524332022372,,
v,120,120,0.8216037816316529,False,oracle,90.48572036476295,4.449902719220994,,
v,120,120,0.8216037816316529,False,est_gtstart,90.51962072902897,4.4587801656073625,,
v,120,120,0.8216037816316529,False,est_warmstart,91.39705505423274,4.073637300414615,,
v,120,120,0.8216037816316529,False,view_gap,1.2064981198348042,7.268326422389393,0.9999906732115569,0.9999986784818222
v,121,121,0.8576905372912905,False,T0_raw,156.77903173778267,3.771332275123153,,
v,121,121,0.8576905372912905,False,oracle,85.5138491361117,3.6983754611178656,,
v,121,121,0.8576905372912905,False,est_gtstart,85.61388364427684,3.713272774134317,,
v,121,121,0.8576905372912905,False,est_warmstart,86.09629399183504,3.4364551165206683,,
v,121,121,0.8576905372912905,False,view_gap,1.191348904985093,6.218164633229328,0.9999885655512493,0.999994824510571
v,122,122,0.8940617725662229,False,T0_raw,155.4546421697444,3.1133559553893626,,
v,122,122,0.8940617725662229,False,oracle,80.74046608292427,3.3503680830334117,,
v,122,122,0.8940617725662229,False,est_gtstart,80.76567527376052,3.358852696059296,,
v,122,122,0.8940617725662229,False,est_warmstart,82.13872858392808,2.949134638755397,,
v,122,122,0.8940617725662229,False,view_gap,1.1790100196839317,12.44050735095037,0.9999902203364646,0.9999941981595446
v,123,123,0.9304536745520846,False,T0_raw,152.51306394631402,2.9626259658204743,,
v,123,123,0.9304536745520846,False,oracle,82.07516454460176,2.781552220657161,,
v,123,123,0.9304536745520846,False,est_gtstart,82.15235926527058,2.791571449231159,,
v,123,123,0.9304536745520846,False,est_warmstart,82.76269772282255,2.7110003610246687,,
v,123,123,0.9304536745520846,False,view_gap,1.1593574720438646,9.656618273157669,0.9999891762867023,0.999996952848682
v,124,124,0.9347700209321511,False,T0_raw,149.0746489549624,5.11325770463514,,
v,124,124,0.9347700209321511,False,oracle,67.57039659412858,3.447361046029845,,
v,124,124,0.9347700209321511,False,est_gtstart,66.06177167346465,3.6464720470190914,,
v,124,124,0.9347700209321511,False,est_warmstart,65.98663591395315,3.6235153845442696,,
v,124,124,0.9347700209321511,False,view_gap,1.1305266470442086,15.415810094304483,0.9937442215060945,0.9946935685734357
v,125,125,0.9315219263256834,False,T0_raw,149.3467554288335,4.426121177656335,,
v,125,125,0.9315219263256834,False,oracle,69.56227711038113,3.2960198632899926,,
v,125,125,0.9315219263256834,False,est_gtstart,69.5696334021771,3.2988747934626,,
v,125,125,0.9315219263256834,False,est_warmstart,69.42216039280542,3.23177071027328,,
v,125,125,0.9315219263256834,False,view_gap,1.135813577019911,12.697526732138975,0.9999929606769697,0.9999932643510959
v,126,126,0.9285898218191151,False,T0_raw,154.06466716147284,4.448132514982298,,
v,126,126,0.9285898218191151,False,oracle,74.40456396408881,2.8512996355136093,,
v,126,126,0.9285898218191151,False,est_gtstart,72.36900686304267,3.1095910220103034,,
v,126,126,0.9285898218191151,False,est_warmstart,71.51825193946281,3.0948469958039655,,
v,126,126,0.9285898218191151,False,view_gap,1.17475412830413,10.000372757000164,0.990199089094062,0.9946921595030985
v,127,127,0.9245853381934178,False,T0_raw,158.1693559680223,4.850683428860557,,
v,127,127,0.9245853381934178,False,oracle,73.70191490514932,2.6571002658801604,,
v,127,127,0.9245853381934178,False,est_gtstart,76.50284566000494,2.8128431599072257,,
v,127,127,0.9245853381934178,False,est_warmstart,76.89616927613982,2.8556941937962192,,
v,127,127,0.9245853381934178,False,view_gap,1.2059227689044234,12.186363293317015,0.9589814620462331,0.9931790099897307
v,128,128,0.9213690891466909,False,T0_raw,159.90870002641958,4.872534308665069,,
v,128,128,0.9213690891466909,False,oracle,73.52425074481742,2.8724853817592444,,
v,128,128,0.9213690891466909,False,est_gtstart,73.44585756096762,2.878762777156113,,
v,128,128,0.9213690891466909,False,est_warmstart,73.91781032073783,3.0482965833467057,,
v,128,128,0.9213690891466909,False,view_gap,1.2227642631851394,7.9211503389649,0.9999948229183502,0.999993977159473
v,129,129,0.9163223705173567,False,T0_raw,160.90091735178606,5.545532912472822,,
v,129,129,0.9163223705173567,False,oracle,75.82937890087179,3.3136145404893633,,
v,129,129,0.9163223705173567,False,est_gtstart,75.74922092522752,3.320037187628087,,
v,129,129,0.9163223705173567,False,est_warmstart,75.930662909983,3.216757442426247,,
v,129,129,0.9163223705173567,False,view_gap,1.2325194148359577,6.791711732116568,0.9999980289563489,0.9999971042175257
v,130,130,0.9132122415075337,False,T0_raw,160.26087371397358,5.246250762062474,,
v,130,130,0.9132122415075337,False,oracle,78.05266881501748,3.5662219144214533,,
v,130,130,0.9132122415075337,False,est_gtstart,78.00900691162703,3.5721164175261415,,
v,130,130,0.9132122415075337,False,est_warmstart,78.37228077830359,3.400561203138495,,
v,130,130,0.9132122415075337,False,view_gap,1.229435339039414,4.793217715297615,0.9999980948597346,0.9999975907545664
v,131,131,0.9094047981289041,False,T0_raw,159.5028768006742,4.620700011250857,,
v,131,131,0.9094047981289041,False,oracle,80.73463532169497,3.2162078264270306,,
v,131,131,0.9094047981289041,False,est_gtstart,77.79896635887175,3.3964743245797857,,
v,131,131,0.9094047981289041,False,est_warmstart,78.82874299643352,3.200396182271376,,
v,131,131,0.9094047981289041,False,view_gap,1.2226817975302535,9.556189989684327,0.823437184364644,0.996548770512893
v,132,132,0.9064640358704016,False,T0_raw,159.62905638306955,3.8533411432020253,,
v,132,132,0.9064640358704016,False,oracle,80.7243244491877,3.01620850628218,,
v,132,132,0.9064640358704016,False,est_gtstart,80.73322619674511,3.0131181564320038,,
v,132,132,0.9064640358704016,False,est_warmstart,82.88379091978355,2.8122189345077016,,
v,132,132,0.9064640358704016,False,view_gap,1.225378804804344,8.350809805936166,0.9999998612825258,0.9999958347169918
v,133,133,0.903270129150086,False,T0_raw,159.69823682708162,3.6176009053937923,,
v,133,133,0.903270129150086,False,oracle,86.17154000520934,3.205221717238651,,
v,133,133,0.903270129150086,False,est_gtstart,86.14825747798889,3.211451529720994,,
v,133,133,0.903270129150086,False,est_warmstart,88.15278630784847,3.0233192375756777,,
v,133,133,0.903270129150086,False,view_gap,1.2245421352761046,12.57656612902025,0.9999999491077948,0.9999981435476057
v,134,134,0.899643543763404,False,T0_raw,155.44600042023345,3.5636070695766593,,
v,134,134,0.899643543763404,False,oracle,81.7446312914977,2.964947351012446,,
v,134,134,0.899643543763404,False,est_gtstart,81.7459304578075,2.971080813348884,,
v,134,134,0.899643543763404,False,est_warmstart,83.35067546439856,2.723660129811595,,
v,134,134,0.899643543763404,False,view_gap,1.191498985573129,14.32585540889253,0.999999949673597,0.9999985824929947
v,135,135,0.8948831858606485,False,T0_raw,152.03002116971473,4.563678918776392,,
v,135,135,0.8948831858606485,False,oracle,85.98153932860426,3.2735296528569857,,
v,135,135,0.8948831858606485,False,est_gtstart,83.69852495485874,3.622443378997285,,
v,135,135,0.8948831858606485,False,est_warmstart,83.78166415097645,3.233216211817288,,
v,135,135,0.8948831858606485,False,view_gap,1.16456470528565,16.76025073778753,0.9999901828117682,0.997406539822587
v,136,136,0.8917369978951499,False,T0_raw,155.04447873201124,4.153752621066964,,
v,136,136,0.8917369978951499,False,oracle,82.04106853990682,2.698771650267664,,
v,136,136,0.8917369978951499,False,est_gtstart,82.00288130250455,2.69821466553707,,
v,136,136,0.8917369978951499,False,est_warmstart,81.77113988894399,2.6605493331330283,,
v,136,136,0.8917369978951499,False,view_gap,1.192892043674205,11.914946537550541,0.9999999915643798,0.999999762895105
v,137,137,0.8890721187389132,False,T0_raw,159.77686889455848,4.85153141390343,,
v,137,137,0.8890721187389132,False,oracle,75.44228575656544,3.7727709457011893,,
v,137,137,0.8890721187389132,False,est_gtstart,75.43624517428898,3.771733651378786,,
v,137,137,0.8890721187389132,False,est_warmstart,75.84709318382892,3.722166615449631,,
v,137,137,0.8890721187389132,False,view_gap,1.231208515674266,11.054288665916623,0.9999999964756453,0.9999992262492882
v,138,138,0.8857724087423801,False,T0_raw,166.04987758222637,5.214623971978566,,
v,138,138,0.8857724087423801,False,oracle,86.70739350481186,4.060128954449959,,
v,138,138,0.8857724087423801,False,est_gtstart,83.36639763400235,4.49999379688434,,
v,138,138,0.8857724087423801,False,est_warmstart,84.66917861872227,4.336559514681744,,
v,138,138,0.8857724087423801,False,view_gap,1.2838722766250563,4.637299128582129,0.9999884819038852,0.9967088081438439
v,139,139,0.88528333999734,False,T0_raw,164.2733675758891,4.541536950713168,,
v,139,139,0.88528333999734,False,oracle,76.51438507375444,3.5919831409821477,,
v,139,139,0.88528333999734,False,est_gtstart,76.55975267235154,3.5951459587488204,,
v,139,139,0.88528333999734,False,est_warmstart,80.18366170679141,3.40043058628203,,
v,139,139,0.88528333999734,False,view_gap,1.271698222160233,2.1312777292123997,0.9999999991432074,0.9999986224399483
v,140,140,0.880743854221354,False,T0_raw,163.4911860950471,3.8769810983095456,,
v,140,140,0.880743854221354,False,oracle,84.01535386687591,3.1179991101329674,,
v,140,140,0.880743854221354,False,est_gtstart,80.84637818855086,3.6701884836002963,,
v,140,140,0.880743854221354,False,est_warmstart,84.55402940715138,3.3642151927601183,,
v,140,140,0.880743854221354,False,view_gap,1.266611331252985,4.797811248920425,0.9999887135909039,0.9924315323850077
v,141,141,0.8781623609181181,False,T0_raw,196.26380520275956,7.015155830901765,,
v,141,141,0.8781623609181181,False,oracle,135.60817358850846,13.855915025273351,,
v,141,141,0.8781623609181181,False,est_gtstart,135.52036240025103,13.865574419842387,,
v,141,141,0.8781623609181181,False,est_warmstart,138.6045686134246,14.618264885743338,,
v,141,141,0.8781623609181181,False,view_gap,1.3428291607104754,90.40052240607999,0.99999999814114,0.9999999427947811
v,142,142,0.8747540883450465,False,T0_raw,169.11022650549128,4.618667416017141,,
v,142,142,0.8747540883450465,False,oracle,90.4532732159688,7.311241539239918,,
v,142,142,0.8747540883450465,False,est_gtstart,90.43271808182824,7.310596299320386,,
v,142,142,0.8747540883450465,False,est_warmstart,91.95992730928971,7.7135287914937285,,
v,142,142,0.8747540883450465,False,view_gap,1.2864740033119544,31.85000166016483,0.9999999999508238,0.9999999674429498
v,143,143,0.8714435544763144,False,T0_raw,160.68562760530065,3.7406535063813067,,
v,143,143,0.8714435544763144,False,oracle,80.74250762932121,3.6518939622519238,,
v,143,143,0.8714435544763144,False,est_gtstart,83.25703016081378,3.451024648908129,,
v,143,143,0.8714435544763144,False,est_warmstart,85.03340722692275,3.23989715598329,,
v,143,143,0.8714435544763144,False,view_gap,1.2465571640921878,10.89575039019497,0.9999853487625027,0.9974161635565496
v,144,144,0.8695354079777594,False,T0_raw,157.35595469511225,3.0814175886253437,,
v,144,144,0.8695354079777594,False,oracle,83.22435464637461,3.671027457959764,,
v,144,144,0.8695354079777594,False,est_gtstart,83.2623838909188,3.6710995592323226,,
v,144,144,0.8695354079777594,False,est_warmstart,85.58152648069041,3.2877190762789805,,
v,144,144,0.8695354079777594,False,view_gap,1.2188402370309281,15.888784152079616,0.9999999973282807,0.9999998723875354
v,145,145,0.8652575404005511,False,T0_raw,154.15114559913798,3.276262013818537,,
v,145,145,0.8652575404005511,False,oracle,81.66294497455728,3.9123630905883378,,
v,145,145,0.8652575404005511,False,est_gtstart,81.69373554505653,3.909086654052536,,
v,145,145,0.8652575404005511,False,est_warmstart,83.31194125806962,3.6269289403494516,,
v,145,145,0.8652575404005511,False,view_gap,1.1975749658635495,11.479221090140435,0.9999999929668899,0.9999996058516699
v,146,146,0.862777856314633,False,T0_raw,150.92307099916374,3.3823621806733213,,
v,146,146,0.862777856314633,False,oracle,82.49676750971851,3.9309970677915187,,
v,146,146,0.862777856314633,False,est_gtstart,82.5614257801719,3.9279081420699873,,
v,146,146,0.862777856314633,False,est_warmstart,81.91763487578818,3.7768148253108227,,
v,146,146,0.862777856314633,False,view_gap,1.1696217952896684,17.222359218006744,0.9999999814382609,0.9999995738180492
v,147,147,0.8591315043237008,False,T0_raw,150.5808226654459,3.201610510173807,,
v,147,147,0.8591315043237008,False,oracle,77.30697803311111,4.236317581495897,,
v,147,147,0.8591315043237008,False,est_gtstart,77.36464357721825,4.22861244798272,,
v,147,147,0.8591315043237008,False,est_warmstart,77.75313239089753,3.906664899145197,,
v,147,147,0.8591315043237008,False,view_gap,1.1655589638442678,19.972875035332294,0.9999999748871516,0.9999986729414461
v,148,148,0.855800995998325,False,T0_raw,155.38591824601787,3.280670213831109,,
v,148,148,0.855800995998325,False,oracle,79.81916607772973,3.961474604714296,,
v,148,148,0.855800995998325,False,est_gtstart,79.9499638859713,3.9549577100504343,,
v,148,148,0.855800995998325,False,est_warmstart,79.3784910137924,3.825799402460409,,
v,148,148,0.855800995998325,False,view_gap,1.2053803752235408,19.021574754356507,0.999999939748268,0.9999994213300945
v,149,149,0.8533154735975983,False,T0_raw,161.3063163167524,4.00738216790977,,
v,149,149,0.8533154735975983,False,oracle,83.4176215359502,3.8703027944369754,,
v,149,149,0.8533154735975983,False,est_gtstart,83.55304415086903,3.8670003167846154,,
v,149,149,0.8533154735975983,False,est_warmstart,84.08951302818097,3.7931039495754644,,
v,149,149,0.8533154735975983,False,view_gap,1.2553142814845055,16.21193803700649,0.99999924542855,0.9999978789761411
v,150,150,0.8495243495727832,False,T0_raw,161.81087460811617,4.062880598253428,,
v,150,150,0.8495243495727832,False,oracle,81.39197511055102,4.104070162598571,,
v,150,150,0.8495243495727832,False,est_gtstart,81.5059138389605,4.272474302101063,,
v,150,150,0.8495243495727832,False,est_warmstart,82.56658178054059,4.006456955942706,,
v,150,150,0.8495243495727832,False,view_gap,1.2576940812146453,19.690856112881683,0.9998115741529158,0.996770298752873
v,151,151,0.8462425252020944,False,T0_raw,163.25383675060965,4.236661104493469,,
v,151,151,0.8462425252020944,False,oracle,77.83002231381144,3.748691609675108,,
v,151,151,0.8462425252020944,False,est_gtstart,77.96860248524514,3.7301968548548405,,
v,151,151,0.8462425252020944,False,est_warmstart,79.26273898699948,3.6016848568025077,,
v,151,151,0.8462425252020944,False,view_gap,1.271678856417877,17.93827608878118,0.9999984024822399,0.9999992992082334
v,152,152,0.84379736318708,False,T0_raw,162.534789196032,4.402676240820377,,
v,152,152,0.84379736318708,False,oracle,76.76921910073929,3.7474280123565493,,
v,152,152,0.84379736318708,False,est_gtstart,76.91409587792089,3.7419382986096186,,
v,152,152,0.84379736318708,False,est_warmstart,78.33272561949624,3.628942318911077,,
v,152,152,0.84379736318708,False,view_gap,1.2689138226177405,15.518250830890423,0.999994777436415,0.9999968722275024
v,153,153,0.8390195720041138,False,T0_raw,164.14985670028565,4.71441006576448,,
v,153,153,0.8390195720041138,False,oracle,74.78825457164929,4.117661055861717,,
v,153,153,0.8390195720041138,False,est_gtstart,74.90477935389745,4.110708772838609,,
v,153,153,0.8390195720041138,False,est_warmstart,79.91857838886749,3.6627047470446823,,
v,153,153,0.8390195720041138,False,view_gap,1.2777234110880857,22.38675827851022,0.9999928017609139,0.9999939727091893
v,154,154,0.8350408560652136,False,T0_raw,161.038945361453,4.44244845093473,,
v,154,154,0.8350408560652136,False,oracle,72.75414651743043,3.4299237639544846,,
v,154,154,0.8350408560652136,False,est_gtstart,71.07502204465894,3.2279829536599167,,
v,154,154,0.8350408560652136,False,est_warmstart,70.00441744676355,3.01505716379506,,
v,154,154,0.8350408560652136,False,view_gap,1.2546136060009034,21.96853003800392,0.9999952767268475,0.9996633884432757
v,155,155,0.8318267855178799,False,T0_raw,157.55760508446613,3.6934193073686257,,
v,155,155,0.8318267855178799,False,oracle,69.4022443576689,3.068446856442692,,
v,155,155,0.8318267855178799,False,est_gtstart,69.53123519940864,3.056858521922501,,
v,155,155,0.8318267855178799,False,est_warmstart,70.35311708158717,3.0603108249510838,,
v,155,155,0.8318267855178799,False,view_gap,1.226099111021933,23.825919889327807,0.9999988039893357,0.999998211562411
v,156,156,0.8293899240212231,False,T0_raw,155.09885104123626,3.2538843768699177,,
v,156,156,0.8293899240212231,False,oracle,63.963208179807495,2.865082010936102,,
v,156,156,0.8293899240212231,False,est_gtstart,67.05057140960251,2.8279575465087983,,
v,156,156,0.8293899240212231,False,est_warmstart,67.84214006230034,2.889309689751267,,
v,156,156,0.8293899240212231,False,view_gap,1.2075337912233897,23.890732704293427,0.9997508484720135,0.9978482021869892
v,157,157,0.8253501191239471,False,T0_raw,151.15339828485133,3.5058274609723616,,
v,157,157,0.8253501191239471,False,oracle,63.40958861890715,3.1355601632459473,,
v,157,157,0.8253501191239471,False,est_gtstart,63.40959325072641,3.1465698000075806,,
v,157,157,0.8253501191239471,False,est_warmstart,63.2591476333555,3.4114663681514026,,
v,157,157,0.8253501191239471,False,view_gap,1.1812243953956532,20.089939134202872,0.9999991551443436,0.9999975394918066
v,158,158,0.8221195411240199,False,T0_raw,151.64491142333358,3.110058271648918,,
v,158,158,0.8221195411240199,False,oracle,64.38795096960624,4.206533659818177,,
v,158,158,0.8221195411240199,False,est_gtstart,64.48683065287754,4.210269032986483,,
v,158,158,0.8221195411240199,False,est_warmstart,63.666175799855175,4.576776541031985,,
v,158,158,0.8221195411240199,False,view_gap,1.1851196866874942,21.180185637745375,0.999999315290838,0.9999932602544936
v,159,159,0.8189963621615638,False,T0_raw,155.6210532693504,3.0869584244020065,,
v,159,159,0.8189963621615638,False,oracle,61.50703382338082,4.146072683882478,,
v,159,159,0.8189963621615638,False,est_gtstart,63.154200527842136,4.236449813023434,,
v,159,159,0.8189963621615638,False,est_warmstart,62.49591149494985,4.3371015271504945,,
v,159,159,0.8189963621615638,False,view_gap,1.2154443571114204,23.50984635944009,0.9997191419813939,0.9970286399655122
v,160,160,0.8164767560980235,False,T0_raw,160.08901152187224,3.4121304669350576,,
v,160,160,0.8164767560980235,False,oracle,61.20671545883532,3.859817063247926,,
v,160,160,0.8164767560980235,False,est_gtstart,61.36055958892575,3.857831075852481,,
v,160,160,0.8164767560980235,False,est_warmstart,61.19986432105775,3.921920732599264,,
v,160,160,0.8164767560980235,False,view_gap,1.253984795871082,21.905844176597355,0.9999994229220773,0.9999925566628753
v,161,161,0.8126145233708422,False,T0_raw,160.01684410684075,4.005474786800289,,
v,161,161,0.8126145233708422,False,oracle,56.76215337166763,3.498851777690672,,
v,161,161,0.8126145233708422,False,est_gtstart,56.91604096819217,3.5006980060192627,,
v,161,161,0.8126145233708422,False,est_warmstart,56.904760706360555,3.521166912260754,,
v,161,161,0.8126145233708422,False,view_gap,1.25482472274299,21.666471034856194,0.9999993952554502,0.9999829026457486
v,162,162,0.8096907119989142,False,T0_raw,160.12133353086043,3.549558274022355,,
v,162,162,0.8096907119989142,False,oracle,55.03434858990274,2.896014112828359,,
v,162,162,0.8096907119989142,False,est_gtstart,56.6110059865348,2.947303348428656,,
v,162,162,0.8096907119989142,False,est_warmstart,56.59562283234127,3.140401953447625,,
v,162,162,0.8096907119989142,False,view_gap,1.256557144918533,21.948038403700743,0.9995731502676019,0.9943584762958352
v,163,163,0.8070847676844684,False,T0_raw,158.91433498603845,3.866242941742516,,
v,163,163,0.8070847676844684,False,oracle,52.28720559424271,3.180357767029648,,
v,163,163,0.8070847676844684,False,est_gtstart,52.402016060423975,3.185431702799303,,
v,163,163,0.8070847676844684,False,est_warmstart,53.59726817299569,3.6509726191083214,,
v,163,163,0.8070847676844684,False,view_gap,1.2541012535617517,14.722800929453328,0.9999994187356651,0.999990604422192
v,164,164,0.8033459065762186,False,T0_raw,157.9325994106959,3.0652363753766565,,
v,164,164,0.8033459065762186,False,oracle,56.23840551510442,3.085561586461708,,
v,164,164,0.8033459065762186,False,est_gtstart,56.12705294038031,3.104121279997699,,
v,164,164,0.8033459065762186,False,est_warmstart,57.12141483779263,3.5875061181652255,,
v,164,164,0.8033459065762186,False,view_gap,1.250774820932936,7.8070434484853735,0.9999995643492815,0.9999780224968033
v,165,165,0.8005161956924495,False,T0_raw,158.96155136534955,3.1621824248245614,,
v,165,165,0.8005161956924495,False,oracle,64.05619456475145,2.3653278410859446,,
v,165,165,0.8005161956924495,False,est_gtstart,64.01245280540356,2.3718026105227206,,
v,165,165,0.8005161956924495,False,est_warmstart,66.22925190589326,2.8868250280505063,,
v,165,165,0.8005161956924495,False,view_gap,1.2607541276309067,5.090367205718316,0.9999996564789532,0.9999934307283211
v,166,166,0.7977632157597747,False,T0_raw,158.07650134091057,3.155173503816873,,
v,166,166,0.7977632157597747,False,oracle,60.8447787600061,2.4033520956078482,,
v,166,166,0.7977632157597747,False,est_gtstart,60.761697903924535,2.403869704652222,,
v,166,166,0.7977632157597747,False,est_warmstart,62.350457002579006,2.998305637212882,,
v,166,166,0.7977632157597747,False,view_gap,1.2523833693165736,12.261421150639329,0.9999997385993793,0.9999966593412319
v,167,167,0.7940824890808978,False,T0_raw,156.22775610785592,3.118977579763664,,
v,167,167,0.7940824890808978,False,oracle,64.5774797256057,2.537965540498104,,
v,167,167,0.7940824890808978,False,est_gtstart,64.44535138158604,2.5408230878380267,,
v,167,167,0.7940824890808978,False,est_warmstart,65.48903422089487,2.8475898406064006,,
v,167,167,0.7940824890808978,False,view_gap,1.2415710588572684,0.012559275385903845,0.9999998010341828,0.9999971087576596
v,168,168,0.7913418792291514,False,T0_raw,153.57881392908214,3.1465402544709247,,
v,168,168,0.7913418792291514,False,oracle,66.5075866053305,1.785288472674056,,
v,168,168,0.7913418792291514,False,est_gtstart,66.40325895343733,1.7855276657625188,,
v,168,168,0.7913418792291514,False,est_warmstart,65.86514950978322,2.2642398594155155,,
v,168,168,0.7913418792291514,False,view_gap,1.2217186306646428,1.4656271179456226,0.9999998564115702,0.9999977433356686
v,169,169,0.788295190369494,False,T0_raw,152.87194324723123,3.051215821723686,,
v,169,169,0.788295190369494,False,oracle,73.95446933447984,2.0363053921284817,,
v,169,169,0.788295190369494,False,est_gtstart,73.82651652391785,2.0331041114615767,,
v,169,169,0.788295190369494,False,est_warmstart,73.49461491701543,2.1604498286127964,,
v,169,169,0.788295190369494,False,view_gap,1.2149674944874926,7.675446471886893,0.9999998823848046,0.9999990758558523
v,170,170,0.7853472601474291,False,T0_raw,154.46839632217004,2.771092083797162,,
v,170,170,0.7853472601474291,False,oracle,78.11935934774979,2.0619152140846526,,
v,170,170,0.7853472601474291,False,est_gtstart,77.99742889722499,2.057571267702494,,
v,170,170,0.7853472601474291,False,est_warmstart,78.27801790675473,2.0694924242546096,,
v,170,170,0.7853472601474291,False,view_gap,1.229223011614022,6.792202725117491,0.9999999122659605,0.999999561982059
v,171,171,0.7817777209137121,False,T0_raw,159.1152022532101,3.8987516897690795,,
v,171,171,0.7817777209137121,False,oracle,90.48560327389302,3.2075401662172975,,
v,171,171,0.7817777209137121,False,est_gtstart,90.40126385100957,3.2039639749752853,,
v,171,171,0.7817777209137121,False,est_warmstart,90.2554220662791,3.2779323821686575,,
v,171,171,0.7817777209137121,False,view_gap,1.2683917741259534,4.172999988090176,0.9999999351966291,0.99999996804158
v,172,172,0.7791809974024267,False,T0_raw,161.54907399296258,3.6074359280739,,
v,172,172,0.7791809974024267,False,oracle,88.56326974709697,3.121075320030418,,
v,172,172,0.7791809974024267,False,est_gtstart,88.44369590954,3.119741409314634,,
v,172,172,0.7791809974024267,False,est_warmstart,89.15672736589522,3.084625690539942,,
v,172,172,0.7791809974024267,False,view_gap,1.2894822103522832,5.870642085507249,0.9999998150617264,0.9999993193816484
v,173,173,0.7761645924609184,False,T0_raw,160.87734642127845,3.8386470038384037,,
v,173,173,0.7761645924609184,False,oracle,87.65808803633288,2.979984212156803,,
v,173,173,0.7761645924609184,False,est_gtstart,87.54376118738644,2.9778927070508714,,
v,173,173,0.7761645924609184,False,est_warmstart,89.53661266115414,2.887944886361104,,
v,173,173,0.7761645924609184,False,view_gap,1.2842434333905386,9.534655817348359,0.9999997887172155,0.9999997992690064
v,174,174,0.7727463181044819,False,T0_raw,163.19307092247212,3.958064684562572,,
v,174,174,0.7727463181044819,False,oracle,97.23754317281407,3.6084227902318715,,
v,174,174,0.7727463181044819,False,est_gtstart,97.07584396264379,3.5981035427017427,,
v,174,174,0.7727463181044819,False,est_warmstart,99.20564130808438,3.5071207394560933,,
v,174,174,0.7727463181044819,False,view_gap,1.305463039719688,2.033655570851778,0.9999997490628685,0.999999804293995
v,175,175,0.7714224824554061,False,T0_raw,160.93093160804256,3.823308249158699,,
v,175,175,0.7714224824554061,False,oracle,98.0210369187578,3.748491458639101,,
v,175,175,0.7714224824554061,False,est_gtstart,97.90908218695196,3.7459144177849653,,
v,175,175,0.7714224824554061,False,est_warmstart,100.5144800956534,3.6007885713945322,,
v,175,175,0.7714224824554061,False,view_gap,1.2885608289363888,1.241902723733368,0.9999997591835504,0.9999997766826507
v,176,176,0.7736590109931902,False,T0_raw,160.49163611205233,3.7287197589457475,,
v,176,176,0.7736590109931902,False,oracle,105.25327125476034,3.9480412626646513,,
v,176,176,0.7736590109931902,False,est_gtstart,99.45957483588866,3.8284286133762544,,
v,176,176,0.7736590109931902,False,est_warmstart,101.77496447725794,3.3418424774352684,,
v,176,176,0.7736590109931902,False,view_gap,1.285901912808863,5.547317268624674,0.9998152556819099,0.9997735313229977
v,177,177,0.7794245119965482,False,T0_raw,158.13261024496273,3.118592674324254,,
v,177,177,0.7794245119965482,False,oracle,106.963159910731,4.356894318025328,,
v,177,177,0.7794245119965482,False,est_gtstart,101.70664042838409,4.125384463010787,,
v,177,177,0.7794245119965482,False,est_warmstart,88.48889306381979,3.2950431359388137,,
v,177,177,0.7794245119965482,False,view_gap,1.268511238681345,2.5076008105635594,0.9998091892546886,0.9998122577616628
v,178,178,0.7886233111120041,False,T0_raw,158.10202487060172,3.3981890982472023,,
v,178,178,0.7886233111120041,False,oracle,93.07838709012113,3.716297330482263,,
v,178,178,0.7886233111120041,False,est_gtstart,92.97364331976564,3.7130950118400063,,
v,178,178,0.7886233111120041,False,est_warmstart,94.41664793546026,3.7809802660986827,,
v,178,178,0.7886233111120041,False,view_gap,1.2694286377664017,2.8671458480689083,0.9999997802831978,0.9999998439070544
v,179,179,0.8011029298837311,False,T0_raw,153.96955185663612,3.6169248995175414,,
v,179,179,0.8011029298837311,False,oracle,112.27021152603098,5.642434051237387,,
v,179,179,0.8011029298837311,False,est_gtstart,112.19506821774085,5.637716156839181,,
v,179,179,0.8011029298837311,False,est_warmstart,112.61742085513235,5.6277461678828535,,
v,179,179,0.8011029298837311,False,view_gap,1.2364210792619788,4.526414714828064,0.9999997265410557,0.9999999795360457
v,180,180,0.8166669839467546,False,T0_raw,152.32754290422704,3.475045966093491,,
v,180,180,0.8166669839467546,False,oracle,96.91154585007101,3.8840384032158575,,
v,180,180,0.8166669839467546,False,est_gtstart,96.85999185913836,3.8882698343086632,,
v,180,180,0.8166669839467546,False,est_warmstart,96.77465265697613,3.710756604489659,,
v,180,180,0.8166669839467546,False,view_gap,1.2250024510359678,5.2892191955509205,0.9999998710544777,0.9999998614810767
v,181,181,0.835077604123457,False,T0_raw,152.3045333486596,3.5403338944186866,,
v,181,181,0.835077604123457,False,oracle,104.41040572410728,4.010453030960964,,
v,181,181,0.835077604123457,False,est_gtstart,104.34714551045903,4.009782647195922,,
v,181,181,0.835077604123457,False,est_warmstart,105.05225629532812,3.9418725191990847,,
v,181,181,0.835077604123457,False,view_gap,1.2262966803238242,2.2765719867061662,0.9999998585241292,0.9999999336792116
v,182,182,0.8560706976576073,False,T0_raw,157.11501869643325,3.142410427286353,,
v,182,182,0.8560706976576073,False,oracle,108.28650075218619,3.956141390724036,,
v,182,182,0.8560706976576073,False,est_gtstart,101.0469420784388,3.6669579467225497,,
v,182,182,0.8560706976576073,False,est_warmstart,101.56525731911023,3.624234530795209,,
v,182,182,0.8560706976576073,False,view_gap,1.2651911823620643,8.07630474642096,0.9985668221021137,0.9998457902644734
v,183,183,0.8793678620026336,False,T0_raw,159.56332120486422,3.6341661782486994,,
v,183,183,0.8793678620026336,False,oracle,107.27133005986576,4.457395343475628,,
v,183,183,0.8793678620026336,False,est_gtstart,107.26613942716645,4.45749481300603,,
v,183,183,0.8793678620026336,False,est_warmstart,108.30246851129006,4.3765612393277245,,
v,183,183,0.8793678620026336,False,view_gap,1.2871533510484499,1.216193802778598,0.999999933444017,0.9999999707985322
v,184,184,0.904661090741669,False,T0_raw,160.2548637182761,3.712910974456211,,
v,184,184,0.904661090741669,False,oracle,97.97525971942126,4.322900152517257,,
v,184,184,0.904661090741669,False,est_gtstart,97.98688436473128,4.331212918601083,,
v,184,184,0.904661090741669,False,est_warmstart,98.55503171135814,4.026139670130999,,
v,184,184,0.904661090741669,False,view_gap,1.2935275232203602,2.2972749160263817,0.9999989995671535,0.9999999490479142
v,185,185,0.9316472952012658,False,T0_raw,160.82983061021406,3.8585737295199682,,
v,185,185,0.9316472952012658,False,oracle,100.98386430962768,4.355716601181351,,
v,185,185,0.9316472952012658,False,est_gtstart,101.0058755219023,4.358471158347635,,
v,185,185,0.9316472952012658,False,est_warmstart,101.71938374093473,3.9032608671346134,,
v,185,185,0.9316472952012658,False,view_gap,1.2996621442395033,0.6048547630239653,0.9999987822757334,0.9999998281545244
v,186,186,0.9600369086978042,False,T0_raw,162.05686606242742,3.8221513945959797,,
v,186,186,0.9600369086978042,False,oracle,96.29165990163028,3.884982759432775,,
v,186,186,0.9600369086978042,False,est_gtstart,96.32567989029691,3.8922087558539644,,
v,186,186,0.9600369086978042,False,est_warmstart,98.36929898307542,3.525301918655017,,
v,186,186,0.9600369086978042,False,view_gap,1.310036418795581,4.202619417202236,0.999995791896768,0.9999994428428186
v,187,187,0.9895765150426151,False,T0_raw,160.3014142127493,3.8215778276460415,,
v,187,187,0.9895765150426151,False,oracle,98.03161585627169,4.060775964013219,,
v,187,187,0.9895765150426151,False,est_gtstart,98.04007828390218,4.064289118952713,,
v,187,187,0.9895765150426151,False,est_warmstart,100.3831443758653,3.5965182396112585,,
v,187,187,0.9895765150426151,False,view_gap,1.2933696493253644,11.676404967235321,0.9999955357239932,0.9999994171433325
v,188,188,1.0199771984230745,False,T0_raw,161.95037931815634,3.507997301230656,,
v,188,188,1.0199771984230745,False,oracle,99.21663296798455,4.064465299023254,,
v,188,188,1.0199771984230745,False,est_gtstart,99.232857292868,4.072995767758732,,
v,188,188,1.0199771984230745,False,est_warmstart,100.36552702475797,3.3927388188604826,,
v,188,188,1.0199771984230745,False,view_gap,1.311539661088272,4.514698756173274,0.9999922926930722,0.9999991986663582
v,189,189,1.0509995691103997,False,T0_raw,157.86254444913723,2.9676728811790047,,
v,189,189,1.0509995691103997,False,oracle,96.07130066432475,3.645688340109286,,
v,189,189,1.0509995691103997,False,est_gtstart,95.938233055976,3.8918419871395824,,
v,189,189,1.0509995691103997,False,est_warmstart,98.49414802954675,3.114569595974267,,
v,189,189,1.0509995691103997,False,view_gap,1.27655901640266,10.822001073482745,0.9885034447943979,0.9960602563845501
v,190,190,1.0824015364825748,False,T0_raw,156.57393869968564,3.203763707119857,,
v,190,190,1.0824015364825748,False,oracle,93.84498724407906,3.140782717055798,,
v,190,190,1.0824015364825748,False,est_gtstart,93.9595208262527,3.1525231561542117,,
v,190,190,1.0824015364825748,False,est_warmstart,95.23508403802259,2.904184081350658,,
v,190,190,1.0824015364825748,False,view_gap,1.2658430503783258,12.878373088509143,0.999992295939805,0.9999980354196921
v,191,191,1.1139561084390064,False,T0_raw,153.00941623195226,3.745845639764108,,
v,191,191,1.1139561084390064,False,oracle,77.31378724385793,2.7322613217147484,,
v,191,191,1.1139561084390064,False,est_gtstart,77.48274381167312,2.7405654432964894,,
v,191,191,1.1139561084390064,False,est_warmstart,77.98075685669815,2.69499288337061,,
v,191,191,1.1139561084390064,False,view_gap,1.2413793018618446,7.540579278209947,0.9999926973295508,0.9999962614785574
v,192,192,1.1454498621849714,False,T0_raw,151.23297171100106,3.7526513732881064,,
v,192,192,1.1454498621849714,False,oracle,79.57722573361849,3.0290327881809636,,
v,192,192,1.1454498621849714,False,est_gtstart,78.07311529417171,3.2578561891834648,,
v,192,192,1.1454498621849714,False,est_warmstart,78.18036556200175,3.2121934579092795,,
v,192,192,1.1454498621849714,False,view_gap,1.2279737286813468,7.829815259708717,0.9941579841567967,0.995944815936269
v,193,193,1.1519650820690301,False,T0_raw,155.63810721889496,3.544931170427458,,
v,193,193,1.1519650820690301,False,oracle,79.70842451112628,2.5849698345585574,,
v,193,193,1.1519650820690301,False,est_gtstart,79.80515707131661,2.595859514911322,,
v,193,193,1.1519650820690301,False,est_warmstart,79.48095485797496,2.5163929891112895,,
v,193,193,1.1519650820690301,False,view_gap,1.2657756044646264,6.2771842429540925,0.9999927189565918,0.9999958829105261
v,194,194,1.1481533996713824,False,T0_raw,162.06237464137945,4.248467171295886,,
v,194,194,1.1481533996713824,False,oracle,87.99190521522254,2.574757677377294,,
v,194,194,1.1481533996713824,False,est_gtstart,85.40864488098053,2.736868562126926,,
v,194,194,1.1481533996713824,False,est_warmstart,86.0971892575239,2.6740260731238465,,
v,194,194,1.1481533996713824,False,view_gap,1.3162521816301496,11.948235103787397,0.995107257865082,0.996879370695545
v,195,195,1.1449891361688889,False,T0_raw,161.4530893141554,4.105754979988105,,
v,195,195,1.1449891361688889,False,oracle,83.84994768154978,2.4489358605059826,,
v,195,195,1.1449891361688889,False,est_gtstart,83.8011601918781,2.452400057975643,,
v,195,195,1.1449891361688889,False,est_warmstart,84.38979627238393,2.6111052939184907,,
v,195,195,1.1449891361688889,False,view_gap,1.3166209211641073,3.5634136879272305,0.9999963387376943,0.9999978632929293
v,196,196,1.1418028693986246,False,T0_raw,161.2334872193022,4.058501636938889,,
v,196,196,1.1418028693986246,False,oracle,81.45112259730672,2.721953913591284,,
v,196,196,1.1418028693986246,False,est_gtstart,81.47267101219938,2.726625056474474,,
v,196,196,1.1418028693986246,False,est_warmstart,83.08772591257045,2.828615350859241,,
v,196,196,1.1418028693986246,False,view_gap,1.3158092136337152,4.547261783430123,0.9999964777871607,0.9999967068400261
v,197,197,1.1380853009476417,False,T0_raw,161.74969574220083,4.486921841838809,,
v,197,197,1.1380853009476417,False,oracle,79.4907572076748,2.7339004078639335,,
v,197,197,1.1380853009476417,False,est_gtstart,75.5551701242382,2.8163112456102772,,
v,197,197,1.1380853009476417,False,est_warmstart,76.70880149759532,2.947464872983091,,
v,197,197,1.1380853009476417,False,view_gap,1.3208790339086995,5.736109404373302,0.9949195283136256,0.9971576797479837
v,198,198,1.1350520821735488,False,T0_raw,160.7091324109812,4.3517593804899715,,
v,198,198,1.1350520821735488,False,oracle,77.57998414702041,3.0125319282983987,,
v,198,198,1.1350520821735488,False,est_gtstart,77.56634025043361,3.011670330328,,
v,198,198,1.1350520821735488,False,est_warmstart,79.26513703678728,3.1662592086287176,,
v,198,198,1.1350520821735488,False,view_gap,1.3139562421823285,4.844442389916992,0.9999988036273647,0.9999980969088845
v,199,199,1.1317256246443403,False,T0_raw,161.68393242516743,3.835449151162537,,
v,199,199,1.1317256246443403,False,oracle,81.95680313870297,2.774585245061812,,
v,199,199,1.1317256246443403,False,est_gtstart,81.8920542189325,2.7711821163366834,,
v,199,199,1.1317256246443403,False,est_warmstart,85.45234246702901,2.8626485442962792,,
v,199,199,1.1317256246443403,False,view_gap,1.32242357995368,6.823976767004858,0.9999999418694718,0.9999990121416552
v,200,200,1.1281280032771395,False,T0_raw,162.07697352994333,3.6090867769899138,,
v,200,200,1.1281280032771395,False,oracle,84.80449217374066,2.988230070816205,,
v,200,200,1.1281280032771395,False,est_gtstart,84.74039869842544,2.9892571713324676,,
v,200,200,1.1281280032771395,False,est_warmstart,87.79288071408033,2.9133333624018225,,
v,200,200,1.1281280032771395,False,view_gap,1.3242710550513839,11.535524225536165,0.9999999294529464,0.999999317630717
v,201,201,1.1252293150451684,False,T0_raw,160.34188647259572,3.7422986009058485,,
v,201,201,1.1252293150451684,False,oracle,86.9799396825533,3.1183850730158813,,
v,201,201,1.1252293150451684,False,est_gtstart,86.94520199841179,3.1206924571620784,,
v,201,201,1.1252293150451684,False,est_warmstart,89.65398745773935,3.00504157424024,,
v,201,201,1.1252293150451684,False,view_gap,1.3118880369587012,10.598029169539558,0.9999999687366445,0.9999990609604008
v,202,202,1.1218065735676939,False,T0_raw,158.5855457909186,3.742390746431676,,
v,202,202,1.1218065735676939,False,oracle,90.15710542910756,2.976646863150846,,
v,202,202,1.1218065735676939,False,est_gtstart,90.12270329723694,2.980999498242042,,
v,202,202,1.1218065735676939,False,est_warmstart,90.30074079758143,2.778663308454014,,
v,202,202,1.1218065735676939,False,view_gap,1.2951059526523536,15.28434146083324,0.9999999852847246,0.9999990571304158
v,203,203,1.1183570353633594,False,T0_raw,156.53299640138593,3.432874410901457,,
v,203,203,1.1183570353633594,False,oracle,92.85542044454759,2.7330514059489985,,
v,203,203,1.1183570353633594,False,est_gtstart,89.88813577622072,2.8320953692682638,,
v,203,203,1.1183570353633594,False,est_warmstart,90.52414874768846,2.3323543931450166,,
v,203,203,1.1183570353633594,False,view_gap,1.2740455227936114,20.457918427822186,0.9999896420235476,0.9979220713779965
v,204,204,1.1151011081264188,False,T0_raw,157.70544658614915,3.7671165381496095,,
v,204,204,1.1151011081264188,False,oracle,88.17258283012217,2.726462849380483,,
v,204,204,1.1151011081264188,False,est_gtstart,88.17960135968445,2.730039147961593,,
v,204,204,1.1151011081264188,False,est_warmstart,88.09108125851998,2.7318984997013582,,
v,204,204,1.1151011081264188,False,view_gap,1.2895827372476047,16.066707333348695,0.9999999944767867,0.999999427712445
v,205,205,1.1122691873739257,False,T0_raw,159.7515335968443,4.043666964996111,,
v,205,205,1.1122691873739257,False,oracle,89.5803071179039,3.2112891946146487,,
v,205,205,1.1122691873739257,False,est_gtstart,89.56232597377172,3.214183639994544,,
v,205,205,1.1122691873739257,False,est_warmstart,89.85634015875209,3.134568838187711,,
v,205,205,1.1122691873739257,False,view_gap,1.3118711139812107,10.81063374105451,0.999999997769976,0.9999996894230443
v,206,206,1.108708380257834,False,T0_raw,165.72644869347306,4.787239283528134,,
v,206,206,1.108708380257834,False,oracle,84.77440750591802,3.410321454643618,,
v,206,206,1.108708380257834,False,est_gtstart,81.87051052731574,3.7383927326390456,,
v,206,206,1.108708380257834,False,est_warmstart,88.07159960733563,3.8948407638126077,,
v,206,206,1.108708380257834,False,view_gap,1.3638379304072588,8.401360407428449,0.9999873751348927,0.997305359461531
v,207,207,1.107843017663589,False,T0_raw,165.52281532353953,3.4194241113515744,,
v,207,207,1.107843017663589,False,oracle,88.85635833211342,2.8457000084085062,,
v,207,207,1.107843017663589,False,est_gtstart,88.8769477532012,2.849018756517166,,
v,207,207,1.107843017663589,False,est_warmstart,91.01630931434656,2.632389297063918,,
v,207,207,1.107843017663589,False,view_gap,1.3654847232162242,2.02750530257223,0.9999999993839037,0.9999998840430517
v,208,208,1.1035971749340996,False,T0_raw,166.88566773701814,4.2566741417195075,,
v,208,208,1.1035971749340996,False,oracle,88.17169392705922,3.2392224711328517,,
v,208,208,1.1035971749340996,False,est_gtstart,84.2215758214507,3.8175475043207228,,
v,208,208,1.1035971749340996,False,est_warmstart,86.34922261797102,3.5258325813063616,,
v,208,208,1.1035971749340996,False,view_gap,1.377893525962027,0.3826633610808372,0.9999875614688968,0.9951047788636411
v,209,209,1.1008241890362216,False,T0_raw,165.49995306121903,4.302777278599877,,
v,209,209,1.1008241890362216,False,oracle,85.7614082439788,3.584033925688454,,
v,209,209,1.1008241890362216,False,est_gtstart,85.76696148178472,3.584304867574373,,
v,209,209,1.1008241890362216,False,est_warmstart,89.7171349516005,3.121757586747887,,
v,209,209,1.1008241890362216,False,view_gap,1.3665049909227658,9.413090653158207,0.9999999999559722,0.9999999594486566
v,210,210,1.0971729886549915,False,T0_raw,208.33376859772267,8.044169924246729,,
v,210,210,1.0971729886549915,False,oracle,150.74021177763333,11.988906457929787,,
v,210,210,1.0971729886549915,False,est_gtstart,150.67837229174495,11.993150948540707,,
v,210,210,1.0971729886549915,False,est_warmstart,152.4625994211284,12.616652377589876,,
v,210,210,1.0971729886549915,False,view_gap,1.4687160509323722,106.75238736386383,0.9999999990070971,0.9999999987554493
v,211,211,1.0959968051438933,False,T0_raw,159.8734703444891,3.437348846006296,,
v,211,211,1.0959968051438933,False,oracle,85.33264776252756,3.279430195049045,,
v,211,211,1.0959968051438933,False,est_gtstart,85.37056964041024,3.2855193201506125,,
v,211,211,1.0959968051438933,False,est_warmstart,86.10206853269037,2.9919721370491366,,
v,211,211,1.0959968051438933,False,view_gap,1.3209104347517067,11.374876781949261,0.9999999998415386,0.9999995734486914
v,212,212,1.0922954822265027,False,T0_raw,160.69702255533971,3.6838908963665356,,
v,212,212,1.0922954822265027,False,oracle,84.73402217527807,3.1969143193393115,,
v,212,212,1.0922954822265027,False,est_gtstart,84.75103115102812,3.1979617160672094,,
v,212,212,1.0922954822265027,False,est_warmstart,88.26356319848692,2.9665468698818764,,
v,212,212,1.0922954822265027,False,view_gap,1.3307907737620461,6.5294691066943855,0.9999999991188546,0.9999999442467531
v,213,213,1.089569916531496,False,T0_raw,159.223280406527,3.5205918589945564,,
v,213,213,1.089569916531496,False,oracle,84.36990165978897,3.8827885834218177,,
v,213,213,1.089569916531496,False,est_gtstart,88.778844706286,3.658827549669933,,
v,213,213,1.089569916531496,False,est_warmstart,89.64007222480693,3.30546432218201,,
v,213,213,1.089569916531496,False,view_gap,1.3190475400304384,9.031511319717467,0.9999739465553859,0.9982263389896007
v,214,214,1.0858053080046965,False,T0_raw,156.17578640415246,3.9373221542404973,,
v,214,214,1.0858053080046965,False,oracle,81.79746690956529,4.26152168283305,,
v,214,214,1.0858053080046965,False,est_gtstart,81.85629347642642,4.25776666995232,,
v,214,214,1.0858053080046965,False,est_warmstart,82.75049706377854,4.022005187055828,,
v,214,214,1.0858053080046965,False,view_gap,1.2940166993955653,11.13763690970515,0.9999999949969692,0.9999999558893866
v,215,215,1.0825107897331552,False,T0_raw,155.62961831285804,4.504326544954713,,
v,215,215,1.0825107897331552,False,oracle,89.24289076619866,4.670512014711766,,
v,215,215,1.0825107897331552,False,est_gtstart,89.28927447317143,4.668815263156019,,
v,215,215,1.0825107897331552,False,est_warmstart,88.8216641471366,4.500821663284134,,
v,215,215,1.0825107897331552,False,view_gap,1.2891134378908866,13.883521082127537,0.9999999865315675,0.9999996799494945
v,216,216,1.0809183199894523,False,T0_raw,151.72913568366747,2.966259614428634,,
v,216,216,1.0809183199894523,False,oracle,83.82227490796474,3.633352865727524,,
v,216,216,1.0809183199894523,False,est_gtstart,83.87683089876467,3.632394208334642,,
v,216,216,1.0809183199894523,False,est_warmstart,83.34631453780565,3.6702461651294813,,
v,216,216,1.0809183199894523,False,view_gap,1.2554682954310596,16.15549450383469,0.9999999857439769,0.9999998291506209
v,217,217,1.0776230606823463,False,T0_raw,153.80178549122903,3.054090256021648,,
v,217,217,1.0776230606823463,False,oracle,82.62630256198159,3.81227087612923,,
v,217,217,1.0776230606823463,False,est_gtstart,82.74153506019057,3.808899537311315,,
v,217,217,1.0776230606823463,False,est_warmstart,82.06439313425201,3.777462695199217,,
v,217,217,1.0776230606823463,False,view_gap,1.2709702387216337,19.624365665118937,0.9999999670907588,0.9999998283670793
v,218,218,1.0750347529608038,False,T0_raw,156.89076604264355,3.1768351272526663,,
v,218,218,1.0750347529608038,False,oracle,87.3877755281149,3.305881619453213,,
v,218,218,1.0750347529608038,False,est_gtstart,87.46791041475937,3.305867753171599,,
v,218,218,1.0750347529608038,False,est_warmstart,87.45111513417447,3.1948687629415318,,
v,218,218,1.0750347529608038,False,view_gap,1.2960285347808376,21.734794915415634,0.9999995416376483,0.999998638205127
v,219,219,1.0711657307119304,False,T0_raw,161.75852810506302,4.381556994058678,,
v,219,219,1.0711657307119304,False,oracle,86.17660607621983,4.11198328592373,,
v,219,219,1.0711657307119304,False,est_gtstart,87.5075508507878,4.099811144743221,,
v,219,219,1.0711657307119304,False,est_warmstart,88.09121440106775,3.891559331692308,,
v,219,219,1.0711657307119304,False,view_gap,1.3403806065164798,19.61528715663441,0.9998035435843866,0.997943522846886
v,220,220,1.0701692617780967,False,T0_raw,162.69429671402654,3.4264388476825665,,
v,220,220,1.0701692617780967,False,oracle,86.35053462680118,3.526979508235871,,
v,220,220,1.0701692617780967,False,est_gtstart,86.4226358201604,3.5230803703225892,,
v,220,220,1.0701692617780967,False,est_warmstart,86.09038067610317,3.6728600005493868,,
v,220,220,1.0701692617780967,False,view_gap,1.3501677838638375,18.170258856869737,0.9999991877558987,0.9999990217170702
v,221,221,1.0662985348979142,False,T0_raw,164.93177398952724,4.045086532973726,,
v,221,221,1.0662985348979142,False,oracle,78.42321783314287,3.735075762398922,,
v,221,221,1.0662985348979142,False,est_gtstart,81.28280356464887,3.8326931513986455,,
v,221,221,1.0662985348979142,False,est_warmstart,81.57883472968417,3.8465046018806244,,
v,221,221,1.0662985348979142,False,view_gap,1.3698327273682918,18.71325459871276,0.9948984367369126,0.9983859224177888
v,222,222,1.0630956633798516,False,T0_raw,164.37915403209897,4.131146902469747,,
v,222,222,1.0630956633798516,False,oracle,80.30105143034275,3.8773181534275896,,
v,222,222,1.0630956633798516,False,est_gtstart,80.45945476638586,3.869876042605411,,
v,222,222,1.0630956633798516,False,est_warmstart,82.65797308810588,3.812251791214222,,
v,222,222,1.0630956633798516,False,view_gap,1.3704092349433505,13.268746173920931,0.9999966581091543,0.9999993253905479
v,223,223,1.0603996679305712,False,T0_raw,163.3756163366654,4.3745247412699495,,
v,223,223,1.0603996679305712,False,oracle,81.42534595642958,3.8068447317394143,,
v,223,223,1.0603996679305712,False,est_gtstart,81.57729716600983,3.801651700339434,,
v,223,223,1.0603996679305712,False,est_warmstart,83.72833771643181,3.5534425413777857,,
v,223,223,1.0603996679305712,False,view_gap,1.360629972392454,17.175433132679885,0.9999962003191177,0.999999645908296
v,224,224,1.0565485519812703,False,T0_raw,163.25205728247903,4.666864920163734,,
v,224,224,1.0565485519812703,False,oracle,78.41494044728672,3.8139582864031842,,
v,224,224,1.0565485519812703,False,est_gtstart,77.57418764079803,3.1495158098469953,,
v,224,224,1.0565485519812703,False,est_warmstart,79.08731912181682,3.056650901547099,,
v,224,224,1.0565485519812703,False,view_gap,1.3582239890822274,20.26112465584351,0.7398205886902727,0.9917853205172434
v,225,225,1.0555045422829488,False,T0_raw,159.99481109975954,2.7024136551509805,,
v,225,225,1.0555045422829488,False,oracle,74.78934056227119,2.9087524818902066,,
v,225,225,1.0555045422829488,False,est_gtstart,74.89290738936839,2.9081506087257645,,
v,225,225,1.0555045422829488,False,est_warmstart,75.52612114669867,3.2587887473968293,,
v,225,225,1.0555045422829488,False,view_gap,1.3284349302145944,23.031915022943217,0.999999316666147,0.9999978285445678
v,226,226,1.0517059068216126,False,T0_raw,160.1167173438732,2.6862912538168855,,
v,226,226,1.0517059068216126,False,oracle,70.4047590387294,2.9275215717368344,,
v,226,226,1.0517059068216126,False,est_gtstart,70.55758133781727,2.9311256590512973,,
v,226,226,1.0517059068216126,False,est_warmstart,71.43987899353037,3.1569069961116907,,
v,226,226,1.0517059068216126,False,view_gap,1.331002823947012,22.81845821149009,0.999999240273469,0.9999974909911415
v,227,227,1.0486095486024272,False,T0_raw,155.65686328346703,3.490138448661163,,
v,227,227,1.0486095486024272,False,oracle,69.9716095924832,2.8158549946096145,,
v,227,227,1.0486095486024272,False,est_gtstart,69.98644721530617,2.8118669646839862,,
v,227,227,1.0486095486024272,False,est_warmstart,71.33099681964252,2.908215593238327,,
v,227,227,1.0486095486024272,False,view_gap,1.2979865267048882,19.431983894625304,0.9999994504120282,0.9999980323507185
v,228,228,1.0454122181888872,False,T0_raw,153.22664917888122,4.218278051422843,,
v,228,228,1.0454122181888872,False,oracle,73.03677568323945,3.2993527077814746,,
v,228,228,1.0454122181888872,False,est_gtstart,72.81115635145903,3.3139374005913327,,
v,228,228,1.0454122181888872,False,est_warmstart,72.23284448208398,3.4041818053840407,,
v,228,228,1.0454122181888872,False,view_gap,1.2799051624866193,18.097352590666027,0.9999996062835478,0.9999938861905109
v,229,229,1.0436795788948314,False,T0_raw,151.1809700683751,2.9134322733868263,,
v,229,229,1.0436795788948314,False,oracle,68.68172462930005,4.126834239297166,,
v,229,229,1.0436795788948314,False,est_gtstart,68.68379667151162,4.135346614672853,,
v,229,229,1.0436795788948314,False,est_warmstart,67.00033904185806,4.546779309980616,,
v,229,229,1.0436795788948314,False,view_gap,1.2613355974821652,19.995852092723254,0.9999996061867139,0.9999972823367386
v,230,230,1.0406135082620949,False,T0_raw,152.46225789137455,3.027165412397744,,
v,230,230,1.0406135082620949,False,oracle,64.52430975912837,4.145701801380813,,
v,230,230,1.0406135082620949,False,est_gtstart,65.59550023400806,4.324912349777597,,
v,230,230,1.0406135082620949,False,est_warmstart,64.96237118998899,4.467247703403458,,
v,230,230,1.0406135082620949,False,view_gap,1.2745871433758302,18.857744282176014,0.9997000206569778,0.9983829447141656
v,231,231,1.0377867447465972,False,T0_raw,156.32020374240525,3.3321831348817446,,
v,231,231,1.0377867447465972,False,oracle,61.12318174963955,4.297102503228114,,
v,231,231,1.0377867447465972,False,est_gtstart,61.278015688732246,4.2970610421166615,,
v,231,231,1.0377867447465972,False,est_warmstart,61.229871397183686,4.3352610285655215,,
v,231,231,1.0377867447465972,False,view_gap,1.3076885368884623,19.837808454894912,0.9999996642818563,0.9999967085706811
v,232,232,1.0341026458856761,False,T0_raw,159.66142747244388,4.232415624122968,,
v,232,232,1.0341026458856761,False,oracle,57.55608499162491,3.5147763549158095,,
v,232,232,1.0341026458856761,False,est_gtstart,57.64577222939602,3.5152839763596297,,
v,232,232,1.0341026458856761,False,est_warmstart,57.94823163100827,3.637191150945935,,
v,232,232,1.0341026458856761,False,view_gap,1.339814269587935,17.119792677771528,0.9999996484279996,0.999997338304008
v,233,233,1.031137098134719,False,T0_raw,161.09569481059538,4.3803991921843854,,
v,233,233,1.031137098134719,False,oracle,55.90138207956155,2.633999938813625,,
v,233,233,1.031137098134719,False,est_gtstart,57.83852760620515,2.5525081091446067,,
v,233,233,1.031137098134719,False,est_warmstart,57.80076077851411,2.5647879577672956,,
v,233,233,1.031137098134719,False,view_gap,1.3558917589241715,13.470361742762726,0.999540923553269,0.9914887093297853
v,234,234,1.029343281678099,False,T0_raw,161.20121664722905,3.7141652561385623,,
v,234,234,1.029343281678099,False,oracle,55.273613118866514,3.2646750750077396,,
v,234,234,1.029343281678099,False,est_gtstart,55.379794741531214,3.2611947324489243,,
v,234,234,1.029343281678099,False,est_warmstart,56.26539147602413,3.587828177263586,,
v,234,234,1.029343281678099,False,view_gap,1.3525932475209117,19.735834291112475,0.9999996908862427,0.9999917654289616
v,235,235,1.026462890278604,False,T0_raw,160.96302389004833,3.6052628977745758,,
v,235,235,1.026462890278604,False,oracle,55.59939160539802,2.6290084998227408,,
v,235,235,1.026462890278604,False,est_gtstart,55.65282138916322,2.630036730317448,,
v,235,235,1.026462890278604,False,est_warmstart,55.617863465097855,3.14600695584992,,
v,235,235,1.026462890278604,False,view_gap,1.3556874613842405,15.119579908586367,0.9999996932015127,0.9999866941766254
v,236,236,1.0235171812348483,False,T0_raw,159.35909147363404,4.044290032128168,,
v,236,236,1.0235171812348483,False,oracle,53.99664697859096,2.701655893515796,,
v,236,236,1.0235171812348483,False,est_gtstart,54.06588870282901,2.6975379338975825,,
v,236,236,1.0235171812348483,False,est_warmstart,55.09925742371696,3.074700565663725,,
v,236,236,1.0235171812348483,False,view_gap,1.3454171059674112,11.840169873180706,0.9999997494888784,0.9999940600610933
v,237,237,1.019998003719818,False,T0_raw,164.04791050407522,4.854551930814157,,
v,237,237,1.019998003719818,False,oracle,85.70756772865576,3.0850924995752025,,
v,237,237,1.019998003719818,False,est_gtstart,85.68368282233325,3.0875269951915225,,
v,237,237,1.019998003719818,False,est_warmstart,87.2472932405037,3.169225955639263,,
v,237,237,1.019998003719818,False,view_gap,1.3666486029651248,27.449248473531362,0.9999997974440729,0.9999976456852575
v,238,238,1.0188325158654843,False,T0_raw,159.68798748435373,3.174940803858342,,
v,238,238,1.0188325158654843,False,oracle,67.80425514742316,2.816725756491511,,
v,238,238,1.0188325158654843,False,est_gtstart,67.76819319538254,2.8162001799960334,,
v,238,238,1.0188325158654843,False,est_warmstart,70.55198401122611,3.592434680113048,,
v,238,238,1.0188325158654843,False,view_gap,1.3528196156807535,0.8962082042041075,0.9999998168964918,0.9999952318417158
v,239,239,1.0153405666036017,False,T0_raw,159.6433460142076,3.177366407525626,,
v,239,239,1.0153405666036017,False,oracle,68.49454226366714,2.5956784537557156,,
v,239,239,1.0153405666036017,False,est_gtstart,68.4491362328646,2.594297924937381,,
v,239,239,1.0153405666036017,False,est_warmstart,69.10475154249643,3.117976581960147,,
v,239,239,1.0153405666036017,False,view_gap,1.353632258874666,0.6492008078895495,0.9999998455498051,0.9999979793860098
v,240,240,1.0125836290481505,False,T0_raw,157.5731688903504,3.6115597062471956,,
v,240,240,1.0125836290481505,False,oracle,70.46075771150552,2.512897079192192,,
v,240,240,1.0125836290481505,False,est_gtstart,70.36192668260165,2.5077653573103045,,
v,240,240,1.0125836290481505,False,est_warmstart,70.82318226343118,2.9660508997610613,,
v,240,240,1.0125836290481505,False,view_gap,1.3368106739164791,3.452940118054748,0.9999998755576978,0.9999982491084688
v,241,241,1.0094886454015404,False,T0_raw,157.13161935993648,3.9334128676908793,,
v,241,241,1.0094886454015404,False,oracle,78.65714940646508,2.8904025187944096,,
v,241,241,1.0094886454015404,False,est_gtstart,78.28137596135643,2.8717489400203418,,
v,241,241,1.0094886454015404,False,est_warmstart,78.34070131284031,2.916687406528264,,
v,241,241,1.0094886454015404,False,view_gap,1.3332502433003304,6.503680955671776,0.9999998957902603,0.9999975818855854
v,242,242,1.0063800460236456,False,T0_raw,157.7691258171935,4.5780344149763295,,
v,242,242,1.0063800460236456,False,oracle,83.98094848239393,3.9618587786735873,,
v,242,242,1.0063800460236456,False,est_gtstart,83.89626455660444,3.9592722975107706,,
v,242,242,1.0063800460236456,False,est_warmstart,83.37089060616461,4.149701616865261,,
v,242,242,1.0063800460236456,False,view_gap,1.335928729692908,12.985937605213493,0.9999999080710997,0.9999998977887399
v,243,243,1.0049038472500305,False,T0_raw,155.99345467928447,2.8638319904072613,,
v,243,243,1.0049038472500305,False,oracle,81.73046869760097,2.369022201268759,,
v,243,243,1.0049038472500305,False,est_gtstart,81.72417614245978,2.371778767206515,,
v,243,243,1.0049038472500305,False,est_warmstart,81.60832894921782,2.3849832326814893,,
v,243,243,1.0049038472500305,False,view_gap,1.3257864548992677,5.908966944717875,0.9999999270394956,0.9999998981485734
v,244,244,1.0017569361108656,False,T0_raw,158.5442312874297,3.1876150860691053,,
v,244,244,1.0017569361108656,False,oracle,90.82957392070742,3.3664201435601897,,
v,244,244,1.0017569361108656,False,est_gtstart,90.75493897544631,3.365936140806731,,
v,244,244,1.0017569361108656,False,est_warmstart,91.45903645876541,3.399751691923232,,
v,244,244,1.0017569361108656,False,view_gap,1.350051745723256,2.007725548590855,0.999999946030526,0.9999999579404119
v,245,245,0.9984109704139786,False,T0_raw,163.35447274579784,4.243852046023084,,
v,245,245,0.9984109704139786,False,oracle,113.13345754068443,7.188512012065477,,
v,245,245,0.9984109704139786,False,est_gtstart,113.06218088967132,7.184643604961033,,
v,245,245,0.9984109704139786,False,est_warmstart,113.30921933881055,7.079833402209666,,
v,245,245,0.9984109704139786,False,view_gap,1.3862403382205117,13.880453952021199,0.9999999385729342,0.999999996776801
v,246,246,0.9957933526155834,False,T0_raw,165.06006944905857,4.306832758259333,,
v,246,246,0.9957933526155834,False,oracle,137.3173719648869,10.934496488177778,,
v,246,246,0.9957933526155834,False,est_gtstart,131.5808813999589,10.879142490502694,,
v,246,246,0.9957933526155834,False,est_warmstart,133.09908900861154,10.610665420054803,,
v,246,246,0.9957933526155834,False,view_gap,1.4073035508446177,5.4336483556269854,0.9997750277604714,0.9998542396845966
v,247,247,0.9938304533083825,False,T0_raw,164.4825978967479,4.121134605138047,,
v,247,247,0.9938304533083825,False,oracle,102.62203127151517,3.452016134782733,,
v,247,247,0.9938304533083825,False,est_gtstart,102.44537812225953,3.449378968679688,,
v,247,247,0.9938304533083825,False,est_warmstart,105.73012602597359,3.2042759976342707,,
v,247,247,0.9938304533083825,False,view_gap,1.4044074941200897,3.9585916761835094,0.9999998855054887,0.9999998745860705
v,248,248,0.9919687124473756,False,T0_raw,165.0741002324616,3.9615539711860874,,
v,248,248,0.9919687124473756,False,oracle,111.95587732383373,4.262489760483958,,
v,248,248,0.9919687124473756,False,est_gtstart,106.91090747591555,4.087548304559792,,
v,248,248,0.9919687124473756,False,est_warmstart,109.05183359365255,3.534532100263072,,
v,248,248,0.9919687124473756,False,view_gap,1.4098696199794898,4.451453049661325,0.9998848462843167,0.9999348354511758
v,249,249,0.9928768821311678,False,T0_raw,162.9605864310166,3.9059725127327134,,
v,249,249,0.9928768821311678,False,oracle,110.94657343343525,4.430005073250198,,
v,249,249,0.9928768821311678,False,est_gtstart,110.81610658635431,4.420926706585588,,
v,249,249,0.9928768821311678,False,est_warmstart,112.95330108216623,4.003975268943418,,
v,249,249,0.9928768821311678,False,view_gap,1.3941132253266761,0.5333334603818685,0.9999998445582726,0.9999999523952005
v,250,250,0.9965636569837064,False,T0_raw,161.78210667915934,4.52779748329703,,
v,250,250,0.9965636569837064,False,oracle,113.66103558638525,5.9512245245063236,,
v,250,250,0.9965636569837064,False,est_gtstart,113.5387858989153,5.94275395636851,,
v,250,250,0.9965636569837064,False,est_warmstart,115.63749868961345,5.467539313785578,,
v,250,250,0.9965636569837064,False,view_gap,1.3848547230780506,3.2933144274718273,0.9999998384753068,0.9999999287878779
v,251,251,0.9994331693836307,False,T0_raw,159.0908257853838,2.9184374845106826,,
v,251,251,0.9994331693836307,False,oracle,116.91252111337838,3.8363001056864046,,
v,251,251,0.9994331693836307,False,est_gtstart,116.7905307287574,3.830287503247123,,
v,251,251,0.9994331693836307,False,est_warmstart,116.96226606277881,3.086072158704544,,
v,251,251,0.9994331693836307,False,view_gap,1.3632002499112568,2.597223444722019,0.9999998718881565,0.9999999257746869
v,252,252,1.0071997352786062,False,T0_raw,158.20474910588845,3.118132119469511,,
v,252,252,1.0071997352786062,False,oracle,105.9227311263836,3.674251262646132,,
v,252,252,1.0071997352786062,False,est_gtstart,105.8256520061941,3.6715451096786658,,
v,252,252,1.0071997352786062,False,est_warmstart,106.52770674531448,3.690522324584552,,
v,252,252,1.0071997352786062,False,view_gap,1.356861107465599,4.0147148805766975,0.9999998792761619,0.9999999487597075
v,253,253,1.0175911354428706,False,T0_raw,154.71450880191827,3.7091009523075207,,
v,253,253,1.0175911354428706,False,oracle,100.32354138744215,4.013158429072437,,
v,253,253,1.0175911354428706,False,est_gtstart,100.23689263197657,4.010332719555993,,
v,253,253,1.0175911354428706,False,est_warmstart,101.13676656498015,3.964744358731935,,
v,253,253,1.0175911354428706,False,view_gap,1.3278522926025424,2.592878113065744,0.9999998537611268,0.9999999149694505
v,254,254,1.0304898029122154,False,T0_raw,152.19091467895944,3.695013710116686,,
v,254,254,1.0304898029122154,False,oracle,103.0280808955284,4.590901066513908,,
v,254,254,1.0304898029122154,False,est_gtstart,102.99827539063209,4.588997856279538,,
v,254,254,1.0304898029122154,False,est_warmstart,103.63970379362843,4.462482132770471,,
v,254,254,1.0304898029122154,False,view_gap,1.3080339356445725,1.1397527980943067,0.9999998899624094,0.9999999712903966
v,255,255,1.0457544098130247,False,T0_raw,153.4675646716439,4.3189982278442525,,
v,255,255,1.0457544098130247,False,oracle,103.17487270317424,4.977676329509114,,
v,255,255,1.0457544098130247,False,est_gtstart,103.15948603450809,4.976085962279344,,
v,255,255,1.0457544098130247,False,est_warmstart,102.9357204769966,4.9803533796959245,,
v,255,255,1.0457544098130247,False,view_gap,1.3198188614484205,2.6654774568566353,0.9999998578192653,0.9999999774800798
v,256,256,1.0542244859503163,False,T0_raw,150.88365409944586,2.3680149674645468,,
v,256,256,1.0542244859503163,False,oracle,101.01154967790455,3.70378610384615,,
v,256,256,1.0542244859503163,False,est_gtstart,100.98494132044094,3.7031510255566693,,
v,256,256,1.0542244859503163,False,est_warmstart,101.49094838943763,3.624088212107163,,
v,256,256,1.0542244859503163,False,view_gap,1.2975181631068293,8.419423381337943,0.9999999026235197,0.9999999988424894
v,257,257,1.0727104419780409,False,T0_raw,158.3258584763492,3.452890758973988,,
v,257,257,1.0727104419780409,False,oracle,115.87053395868264,4.690982710108857,,
v,257,257,1.0727104419780409,False,est_gtstart,115.83365656995858,4.787979403990816,,
v,257,257,1.0727104419780409,False,est_warmstart,116.60490891703726,4.607871268540387,,
v,257,257,1.0727104419780409,False,view_gap,1.3642195572934537,0.3041330716033741,0.9999150388909502,0.999544005732073
v,258,258,1.093100174683358,False,T0_raw,160.3070869853101,4.072874421518088,,
v,258,258,1.093100174683358,False,oracle,122.31584598772636,5.704644946526238,,
v,258,258,1.093100174683358,False,est_gtstart,122.2963871303745,5.704259758343253,,
v,258,258,1.093100174683358,False,est_warmstart,122.49433522314341,5.628979006088898,,
v,258,258,1.093100174683358,False,view_gap,1.3817282490545002,4.373290881986236,0.9999998869189167,0.9999999935093
v,259,259,1.11518225632173,False,T0_raw,161.22055380292312,4.783832719108019,,
v,259,259,1.11518225632173,False,oracle,120.00146857861377,6.505662018326659,,
v,259,259,1.11518225632173,False,est_gtstart,119.70522714951707,6.726602533090817,,
v,259,259,1.11518225632173,False,est_warmstart,120.37199639943587,6.534157687401302,,
v,259,259,1.11518225632173,False,view_gap,1.3897224881517818,7.521420923003674,0.9989748534483487,0.9992103760448491
v,260,260,1.1267868175566396,False,T0_raw,162.8460933866845,4.029740306811742,,
v,260,260,1.1267868175566396,False,oracle,125.65709393431871,6.277594280945878,,
v,260,260,1.1267868175566396,False,est_gtstart,125.67430045649988,6.27854062807111,,
v,260,260,1.1267868175566396,False,est_warmstart,126.66230297617872,5.950326651493624,,
v,260,260,1.1267868175566396,False,view_gap,1.4047869863283666,6.924692029175894,0.9999998927669438,0.9999999434335958
v,261,261,1.1509741364641588,False,T0_raw,163.07072988029768,3.5053669685611246,,
v,261,261,1.1509741364641588,False,oracle,105.70349642563883,4.410041814969888,,
v,261,261,1.1509741364641588,False,est_gtstart,105.84692308934301,4.419090588590731,,
v,261,261,1.1509741364641588,False,est_warmstart,107.63012793774891,3.699462601141365,,
v,261,261,1.1509741364641588,False,view_gap,1.4041458194703638,13.22123807210751,0.999998314227956,0.9999991874620761
v,262,262,1.1762741047836116,False,T0_raw,162.18571306488684,4.037625398343074,,
v,262,262,1.1762741047836116,False,oracle,107.19301270325806,4.595202604568239,,
v,262,262,1.1762741047836116,False,est_gtstart,106.71704899319965,4.76239803167534,,
v,262,262,1.1762741047836116,False,est_warmstart,108.6450512397369,4.19766085939905,,
v,262,262,1.1762741047836116,False,view_gap,1.3975639756065292,13.627653904299208,0.9899689542459489,0.9984616775790657
v,263,263,1.2024951976087528,False,T0_raw,161.59002837020265,4.26314961505379,,
v,263,263,1.2024951976087528,False,oracle,102.45032766888144,4.78900515364918,,
v,263,263,1.2024951976087528,False,est_gtstart,102.50121286700175,4.797625727839046,,
v,263,263,1.2024951976087528,False,est_warmstart,104.35852530717956,4.2883415739774975,,
v,263,263,1.2024951976087528,False,view_gap,1.3964987813029812,9.989968079509026,0.9999956525797006,0.9999992879260533
v,264,264,1.229428269304239,False,T0_raw,162.0738814692603,3.990651144758474,,
v,264,264,1.229428269304239,False,oracle,101.59786888438764,4.826093781971015,,
v,264,264,1.229428269304239,False,est_gtstart,106.70304241334668,5.16288461380913,,
v,264,264,1.229428269304239,False,est_warmstart,107.57115458289199,4.659558318537438,,
v,264,264,1.229428269304239,False,view_gap,1.3980422540128692,15.200468732378347,0.9792951940037137,0.9961167667973778
v,265,265,1.2430874536308647,False,T0_raw,159.0092284507878,2.7915819970649673,,
v,265,265,1.2430874536308647,False,oracle,100.54993458828905,3.553717956384865,,
v,265,265,1.2430874536308647,False,est_gtstart,100.64407214783856,3.5606271113194103,,
v,265,265,1.2430874536308647,False,est_warmstart,102.46686286126744,3.0413311285381637,,
v,265,265,1.2430874536308647,False,view_gap,1.3676826000314515,19.360981290382995,0.9999934827727252,0.9999986640625332
v,266,266,1.2706768133730089,False,T0_raw,153.65992875337875,3.680984787469792,,
v,266,266,1.2706768133730089,False,oracle,92.71981840172819,3.6243753293722007,,
v,266,266,1.2706768133730089,False,est_gtstart,93.83358576768907,3.747117396346495,,
v,266,266,1.2706768133730089,False,est_warmstart,92.10816657598706,3.2497574167275984,,
v,266,266,1.2706768133730089,False,view_gap,1.325507212166736,16.480529577483694,0.9999927234401,0.9999825415058303
v,267,267,1.2984618676536823,False,T0_raw,155.83553376938855,3.927300325077108,,
v,267,267,1.2984618676536823,False,oracle,89.06915992659214,3.6102837679415,,
v,267,267,1.2984618676536823,False,est_gtstart,89.18859466311328,3.6307091962311344,,
v,267,267,1.2984618676536823,False,est_warmstart,89.01789124714509,3.5016998482090713,,
v,267,267,1.2984618676536823,False,view_gap,1.3504454604651885,11.221069935254846,0.999992233144376,0.9999976709994387
v,268,268,1.3262489158874147,False,T0_raw,156.6076013061623,4.59136374606,,
v,268,268,1.3262489158874147,False,oracle,85.7454656059477,4.093380804017425,,
v,268,268,1.3262489158874147,False,est_gtstart,85.85673118634833,4.101662486841335,,
v,268,268,1.3262489158874147,False,est_warmstart,86.29301685855553,3.9996117678354146,,
v,268,268,1.3262489158874147,False,view_gap,1.3516555852103467,18.572504037892124,0.9999935831936557,0.9999963156963887
v,269,269,1.340090502690546,False,T0_raw,157.52907055504352,3.1735008000675458,,
v,269,269,1.340090502690546,False,oracle,90.40547850304662,2.6343132900056325,,
v,269,269,1.340090502690546,False,est_gtstart,87.67138521662432,2.8905426115449036,,
v,269,269,1.340090502690546,False,est_warmstart,88.86218525586524,2.7252924190006995,,
v,269,269,1.340090502690546,False,view_gap,1.3682808474565196,9.692220085548264,0.9976688425431293,0.9974553673586954
v,270,270,1.3675435617160572,False,T0_raw,161.06462586255728,4.399016522990231,,
v,270,270,1.3675435617160572,False,oracle,88.64875002372742,2.789157371528899,,
v,270,270,1.3675435617160572,False,est_gtstart,93.53933451695319,3.2311529283448976,,
v,270,270,1.3675435617160572,False,est_warmstart,94.10460268595149,3.097532233365225,,
v,270,270,1.3675435617160572,False,view_gap,1.3985871679406237,12.411449312923928,0.985790230688776,0.9968078043056208
v,271,271,1.3642458674616125,False,T0_raw,164.5032370686079,4.269761191058127,,
v,271,271,1.3642458674616125,False,oracle,93.01866676786042,2.6843777166761327,,
v,271,271,1.3642458674616125,False,est_gtstart,90.90693722998964,3.0852013582478017,,
v,271,271,1.3642458674616125,False,est_warmstart,92.3748640098599,2.9166570315668854,,
v,271,271,1.3642458674616125,False,view_gap,1.4282838419704682,14.552723385655497,0.9521707591476986,0.9966909205666539
v,272,272,1.360930532589263,False,T0_raw,164.3506057868763,5.059321040980736,,
v,272,272,1.360930532589263,False,oracle,88.13003813148467,2.914892777241931,,
v,272,272,1.360930532589263,False,est_gtstart,94.2454334288169,3.489884271197222,,
v,272,272,1.360930532589263,False,est_warmstart,95.15635039701473,3.3483981253420034,,
v,272,272,1.360930532589263,False,view_gap,1.434190569373469,5.489416545828796,0.9914458531325391,0.9933919101772293
v,273,273,1.357618843336431,False,T0_raw,165.3341290074952,5.507649160387776,,
v,273,273,1.357618843336431,False,oracle,92.22686744358519,3.1976968945130806,,
v,273,273,1.357618843336431,False,est_gtstart,88.50357867314108,3.4412973666485596,,
v,273,273,1.357618843336431,False,est_warmstart,89.5415192591368,3.251378338366692,,
v,273,273,1.357618843336431,False,view_gap,1.441598593527751,10.42119126977692,0.9962723382172124,0.9976593327896823
v,274,274,1.3557988089079454,False,T0_raw,163.74446374448937,4.310564309240361,,
v,274,274,1.3557988089079454,False,oracle,90.3093665755473,2.8284488368622163,,
v,274,274,1.3557988089079454,False,est_gtstart,90.41580505486766,2.8176586104364154,,
v,274,274,1.3557988089079454,False,est_warmstart,91.72072818686176,3.012985343664044,,
v,274,274,1.3557988089079454,False,view_gap,1.4309755960731494,5.624858817969702,0.9999988591328455,0.999998075850847
v,275,275,1.3524802228513306,False,T0_raw,161.58341181480665,4.763282023340852,,
v,275,275,1.3524802228513306,False,oracle,83.28364718564852,3.3964223724959686,,
v,275,275,1.3524802228513306,False,est_gtstart,87.92559297649997,3.4266315577214788,,
v,275,275,1.3524802228513306,False,est_warmstart,89.77971751093628,3.51558012660016,,
v,275,275,1.3524802228513306,False,view_gap,1.4125628025806314,7.5968933890528945,0.8286233879863848,0.9974587950934616
v,276,276,1.3488549111672385,False,T0_raw,163.5006097067089,4.416046006836282,,
v,276,276,1.3488549111672385,False,oracle,90.76387396280496,3.2827421347167123,,
v,276,276,1.3488549111672385,False,est_gtstart,86.52698317675711,3.482784457039603,,
v,276,276,1.3488549111672385,False,est_warmstart,89.21217697386967,3.1791826037275617,,
v,276,276,1.3488549111672385,False,view_gap,1.430311065957646,8.509029977902038,0.9999398731612241,0.9973619396540845
v,277,277,1.345818676014042,False,T0_raw,161.66146128289037,4.401945945225992,,
v,277,277,1.345818676014042,False,oracle,88.73949056634665,3.5171558123798876,,
v,277,277,1.345818676014042,False,est_gtstart,88.68713542791605,3.518707118091935,,
v,277,277,1.345818676014042,False,est_warmstart,90.93133172547415,3.375272558772292,,
v,277,277,1.345818676014042,False,view_gap,1.4091288708593825,16.676726343907156,0.999999977083665,0.9999995363105482
v,278,278,1.3438975130880686,False,T0_raw,159.2234095158845,3.4929115924113185,,
v,278,278,1.3438975130880686,False,oracle,90.2345652273006,2.978987574723123,,
v,278,278,1.3438975130880686,False,est_gtstart,87.09216118454434,3.122075041085621,,
v,278,278,1.3438975130880686,False,est_warmstart,88.75904030963964,3.0696547467822044,,
v,278,278,1.3438975130880686,False,view_gap,1.3909795505036888,13.915595260837854,0.9999612009590468,0.9962841399204554
v,279,279,1.3409399553903567,False,T0_raw,157.5434869505371,3.548675631194467,,
v,279,279,1.3409399553903567,False,oracle,88.60919916757177,2.9580503003689107,,
v,279,279,1.3409399553903567,False,est_gtstart,88.59775471528768,2.9627902455741153,,
v,279,279,1.3409399553903567,False,est_warmstart,89.36767016708095,2.7890030778882053,,
v,279,279,1.3409399553903567,False,view_gap,1.3746881981896228,16.909072267113245,0.9999999903408834,0.9999992743003319
v,280,280,1.3375697011791003,False,T0_raw,158.43372891436613,3.8254203685640404,,
v,280,280,1.3375697011791003,False,oracle,94.75125883881947,2.76246653519168,,
v,280,280,1.3375697011791003,False,est_gtstart,94.70031321229497,2.7613205308364335,,
v,280,280,1.3375697011791003,False,est_warmstart,94.7647116513481,2.700616945212696,,
v,280,280,1.3375697011791003,False,view_gap,1.3839906494146719,16.87340988301056,0.9999999954659365,0.9999996064516357
v,281,281,1.334306341982727,False,T0_raw,158.58307050904375,3.834130678553069,,
v,281,281,1.334306341982727,False,oracle,91.34852239877037,2.508423876137367,,
v,281,281,1.334306341982727,False,est_gtstart,91.33566584186703,2.4980322482344794,,
v,281,281,1.334306341982727,False,est_warmstart,91.259053081772,2.543507487436892,,
v,281,281,1.334306341982727,False,view_gap,1.3886898378593664,14.888208403448289,0.9999999981200811,0.9999986874596611
v,282,282,1.3328060187601822,False,T0_raw,157.54771707889626,2.6944245574161534,,
v,282,282,1.3328060187601822,False,oracle,90.53598540885179,2.2099482339097625,,
v,282,282,1.3328060187601822,False,est_gtstart,90.51735701066993,2.2125864738029337,,
v,282,282,1.3328060187601822,False,est_warmstart,90.40837568447319,2.026033392076468,,
v,282,282,1.3328060187601822,False,view_gap,1.3820255574637699,12.874370633259247,0.999999998289069,0.9999997438272076
v,283,283,1.3293872669964002,False,T0_raw,160.99481263401856,4.147763873579678,,
v,283,283,1.3293872669964002,False,oracle,83.85519212895944,2.7629333689379116,,
v,283,283,1.3293872669964002,False,est_gtstart,83.84044070616181,2.764136994092323,,
v,283,283,1.3293872669964002,False,est_warmstart,84.17990576684811,2.7359029376224453,,
v,283,283,1.3293872669964002,False,view_gap,1.4168484771244794,8.6710506156642,0.9999999994423646,0.9999999515986713
v,284,284,1.3284244093185493,False,T0_raw,164.88822397777665,3.5351270436653683,,
v,284,284,1.3284244093185493,False,oracle,82.83211882212213,3.553337614680651,,
v,284,284,1.3284244093185493,False,est_gtstart,82.83004603328347,3.554763072743877,,
v,284,284,1.3284244093185493,False,est_warmstart,83.93572415419794,3.5848062314934546,,
v,284,284,1.3284244093185493,False,view_gap,1.4534295923683036,5.686683872605514,0.9999999995060014,0.999999135770001
v,285,285,1.324232184662811,False,T0_raw,167.01686546045636,4.141787512118729,,
v,285,285,1.324232184662811,False,oracle,89.14732170561021,3.18666273583478,,
v,285,285,1.324232184662811,False,est_gtstart,89.14565787049787,3.1871231109865215,,
v,285,285,1.324232184662811,False,est_warmstart,91.75996238861788,3.1529072237384197,,
v,285,285,1.324232184662811,False,view_gap,1.4743216497208154,4.030454404687411,0.9999999999444202,0.9999999804346531
v,286,286,1.32128827960477,False,T0_raw,169.73730556096487,5.1507569849270585,,
v,286,286,1.32128827960477,False,oracle,94.28079120181759,3.7128086706542778,,
v,286,286,1.32128827960477,False,est_gtstart,94.2801064106777,3.713071832539775,,
v,286,286,1.32128827960477,False,est_warmstart,96.80663319231809,3.3873628184441054,,
v,286,286,1.32128827960477,False,view_gap,1.5000574285387904,3.4156235761750864,0.9999999999518523,0.9999999648508148
v,287,287,1.3192753502736514,False,T0_raw,166.76468895104924,3.9276700948628878,,
v,287,287,1.3192753502736514,False,oracle,89.70892234799648,3.108458985245583,,
v,287,287,1.3192753502736514,False,est_gtstart,89.82237741408409,3.1091897330335545,,
v,287,287,1.3192753502736514,False,est_warmstart,92.23928284290295,2.8392935850337944,,
v,287,287,1.3192753502736514,False,view_gap,1.475333480952934,1.6045438981979743,0.9999999999579887,0.999999713672995
v,288,288,1.3164055117020026,False,T0_raw,164.88900635920447,4.414678398640906,,
v,288,288,1.3164055117020026,False,oracle,93.60323041047677,3.8343034465841,,
v,288,288,1.3164055117020026,False,est_gtstart,93.62086194029074,3.8344131346209536,,
v,288,288,1.3164055117020026,False,est_warmstart,95.39215368081477,3.480814116665249,,
v,288,288,1.3164055117020026,False,view_gap,1.4601356710429496,3.9578640723707537,0.9999999999507138,0.9999999974824121
v,289,289,1.3143947543994399,False,T0_raw,163.59568928422857,3.0544206289500484,,
v,289,289,1.3143947543994399,False,oracle,93.29169744175263,2.989034298277055,,
v,289,289,1.3143947543994399,False,est_gtstart,93.30961461803639,2.989063928391459,,
v,289,289,1.3143947543994399,False,est_warmstart,96.18417345115923,2.764190555758184,,
v,289,289,1.3143947543994399,False,view_gap,1.446371240247584,12.828600694606784,0.9999999992924724,0.9999999926825385
v,290,290,1.3119261946576497,False,T0_raw,162.82560966256227,3.8379981888120116,,
v,290,290,1.3119261946576497,False,oracle,89.53267160073658,3.6124020095576053,,
v,290,290,1.3119261946576497,False,est_gtstart,89.56105173439714,3.6131143137160544,,
v,290,290,1.3119261946576497,False,est_warmstart,91.96918132733792,3.22280845164795,,
v,290,290,1.3119261946576497,False,view_gap,1.44386444851942,5.475666979240401,0.9999999993704561,0.9999999991049935
v,291,291,1.307995235818141,False,T0_raw,160.9609111992168,3.831668416834152,,
v,291,291,1.307995235818141,False,oracle,92.0033059853962,4.1523181587311955,,
v,291,291,1.307995235818141,False,est_gtstart,92.05143325261882,4.15221623686822,,
v,291,291,1.307995235818141,False,est_warmstart,93.45623931365448,3.757059186959115,,
v,291,291,1.307995235818141,False,view_gap,1.4243346182815144,15.158743776796157,0.9999999972888113,0.9999998999818142
v,292,292,1.306497008760257,False,T0_raw,156.62224986107083,2.7115332022476357,,
v,292,292,1.306497008760257,False,oracle,85.42648177112864,3.4976742936171976,,
v,292,292,1.306497008760257,False,est_gtstart,90.04791778845558,3.28924911549813,,
v,292,292,1.306497008760257,False,est_warmstart,90.71008943426321,3.2644860193469962,,
v,292,292,1.306497008760257,False,view_gap,1.3890216738960999,10.891401346750484,0.9999647265513941,0.9976557102808484
v,293,293,1.303199510131009,False,T0_raw,156.42526237073028,4.013130992832897,,
v,293,293,1.303199510131009,False,oracle,90.52549393107411,3.9085815760752967,,
v,293,293,1.303199510131009,False,est_gtstart,90.66542929573349,3.9072490015330046,,
v,293,293,1.303199510131009,False,est_warmstart,89.9909694184665,3.950696327283861,,
v,293,293,1.303199510131009,False,view_gap,1.3895418660115073,9.09685764284518,0.999999992463044,0.9999989477386154
v,294,294,1.301677518130193,False,T0_raw,156.2761402862822,2.4162667944767326,,
v,294,294,1.301677518130193,False,oracle,89.8233060614623,2.974149196465683,,
v,294,294,1.301677518130193,False,est_gtstart,92.85007631698943,2.717974865997141,,
v,294,294,1.301677518130193,False,est_warmstart,92.79241783566295,2.7340533447082263,,
v,294,294,1.301677518130193,False,view_gap,1.3813912220048785,19.641966680199907,0.9999498077047729,0.9976545289510286
v,295,295,1.298328423376327,False,T0_raw,157.0508972976922,3.110673884637009,,
v,295,295,1.298328423376327,False,oracle,91.32502220519929,3.4504446615658173,,
v,295,295,1.298328423376327,False,est_gtstart,91.36024470046813,3.4431958705563765,,
v,295,295,1.298328423376327,False,est_warmstart,91.32669839431668,3.388483820395499,,
v,295,295,1.298328423376327,False,view_gap,1.3911398267517552,18.253857367158233,0.9999999783761644,0.9999991307976521
v,296,296,1.2955270280410613,False,T0_raw,157.4863572277576,3.7983768270207046,,
v,296,296,1.2955270280410613,False,oracle,90.94252220477297,3.5202129995094134,,
v,296,296,1.2955270280410613,False,est_gtstart,91.02052913484205,3.519521901947666,,
v,296,296,1.2955270280410613,False,est_warmstart,89.9761185679503,3.4747124015083295,,
v,296,296,1.2955270280410613,False,view_gap,1.3962849501368693,18.47121864080581,0.9999996867862604,0.9999994950533837
v,297,297,1.2934480463808882,False,T0_raw,160.48000191412618,2.8138832316536546,,
v,297,297,1.2934480463808882,False,oracle,89.17050045859419,3.1354887108802827,,
v,297,297,1.2934480463808882,False,est_gtstart,89.24339978426508,3.132535246806353,,
v,297,297,1.2934480463808882,False,est_warmstart,89.30838217856815,3.3133859360379954,,
v,297,297,1.2934480463808882,False,view_gap,1.4224711786182749,19.977650836634275,0.9999996263947714,0.99999967108768
v,298,298,1.2906642132106652,False,T0_raw,164.99419862662162,3.302253744103173,,
v,298,298,1.2906642132106652,False,oracle,90.10482437014902,3.1570425335766568,,
v,298,298,1.2906642132106652,False,est_gtstart,90.23455847592925,3.153045011115473,,
v,298,298,1.2906642132106652,False,est_warmstart,90.9584485011187,3.031422126142003,,
v,298,298,1.2906642132106652,False,view_gap,1.4582754053006626,25.575166193065435,0.9999994244513701,0.9999998090604886
v,299,299,1.2869979332525383,False,T0_raw,168.21730588648603,4.657277267325042,,
v,299,299,1.2869979332525383,False,oracle,88.8057999217106,3.8478772469650027,,
v,299,299,1.2869979332525383,False,est_gtstart,92.33327927474679,3.7676916460210843,,
v,299,299,1.2869979332525383,False,est_warmstart,92.98536072463772,3.5521980865015466,,
v,299,299,1.2869979332525383,False,view_gap,1.4949116970368452,20.268799302012752,0.9947428360941716,0.9986009134995968
v,300,300,1.2858056786948866,False,T0_raw,169.33743037899623,4.318163401773916,,
v,300,300,1.2858056786948866,False,oracle,88.72648539426334,3.8974338235293358,,
v,300,300,1.2858056786948866,False,est_gtstart,88.89628451518949,3.895219738898356,,
v,300,300,1.2858056786948866,False,est_warmstart,89.03204059697022,3.8890516598522358,,
v,300,300,1.2858056786948866,False,view_gap,1.511113890839755,13.42423536687587,0.9999978151054878,0.9999993412231852
v,301,301,1.2821270171602663,False,T0_raw,167.85551044445455,4.371601113915864,,
v,301,301,1.2821270171602663,False,oracle,87.42193490168187,3.3918484252843344,,
v,301,301,1.2821270171602663,False,est_gtstart,91.74584191951988,3.3574494493185707,,
v,301,301,1.2821270171602663,False,est_warmstart,93.66494559365383,3.15119251147786,,
v,301,301,1.2821270171602663,False,view_gap,1.5002229229467845,11.883717213597933,0.999964164546456,0.999195064984096
v,302,302,1.2809597011993519,False,T0_raw,167.6590583761881,3.38126120654438,,
v,302,302,1.2809597011993519,False,oracle,90.62809255918823,2.8630707751044833,,
v,302,302,1.2809597011993519,False,est_gtstart,90.71151374955134,2.858649100605442,,
v,302,302,1.2809597011993519,False,est_warmstart,93.78958553814857,3.2242371981203948,,
v,302,302,1.2809597011993519,False,view_gap,1.4980380777554296,13.965421880466344,0.9999975023743722,0.9999990970158856
v,303,303,1.277251795440176,False,T0_raw,164.25390016573377,3.630048106365932,,
v,303,303,1.277251795440176,False,oracle,83.32965482635277,2.9432828032735077,,
v,303,303,1.277251795440176,False,est_gtstart,84.70127899039825,2.5314043644669395,,
v,303,303,1.277251795440176,False,est_warmstart,85.64854251264728,2.461065646668254,,
v,303,303,1.277251795440176,False,view_gap,1.4587677567019453,24.664386505642177,0.737452862629904,0.9952554522659818
v,304,304,1.273987777530344,False,T0_raw,165.55005339972524,4.213565899417772,,
v,304,304,1.273987777530344,False,oracle,79.14499359550264,3.1774148372682283,,
v,304,304,1.273987777530344,False,est_gtstart,79.2030211460863,3.171567501899024,,
v,304,304,1.273987777530344,False,est_warmstart,80.77345254348525,3.0118389837693607,,
v,304,304,1.273987777530344,False,view_gap,1.475824468216229,21.393486952530516,0.9999995127237642,0.9999989675207771
v,305,305,1.27238531400921,False,T0_raw,161.7383832296908,3.1280349369556886,,
v,305,305,1.27238531400921,False,oracle,73.68791738619834,2.9784265057669796,,
v,305,305,1.27238531400921,False,est_gtstart,73.74840254811998,2.9757274916942165,,
v,305,305,1.27238531400921,False,est_warmstart,74.54628035193001,3.238856702902161,,
v,305,305,1.27238531400921,False,view_gap,1.4404696034311388,22.762145989137395,0.9999995363584055,0.9999995534516248
v,306,306,1.26918298620563,False,T0_raw,157.96507822885812,3.5473426973805284,,
v,306,306,1.26918298620563,False,oracle,70.81568781243968,2.923947064736436,,
v,306,306,1.26918298620563,False,est_gtstart,70.91266369725048,2.920734839611476,,
v,306,306,1.26918298620563,False,est_warmstart,72.7647006298959,3.0407634856692347,,
v,306,306,1.26918298620563,False,view_gap,1.4103844931275704,20.34025947794582,0.9999996489879058,0.9999988860687545
v,307,307,1.2675759251177565,False,T0_raw,157.70228077212604,3.342724858166534,,
v,307,307,1.2675759251177565,False,oracle,70.03404506286537,3.3892797830399704,,
v,307,307,1.2675759251177565,False,est_gtstart,74.70717213549783,3.3874199852606055,,
v,307,307,1.2675759251177565,False,est_warmstart,74.88158762114524,3.9998312091447286,,
v,307,307,1.2675759251177565,False,view_gap,1.4141840435267679,14.151823932721186,0.9996764708448195,0.9985598681166481
v,308,308,1.2643727927244033,False,T0_raw,205.75809950442525,12.297547774660002,,
v,308,308,1.2643727927244033,False,oracle,109.82078757891597,14.900430376757685,,
v,308,308,1.2643727927244033,False,est_gtstart,109.77612970706768,14.920063486757996,,
v,308,308,1.2643727927244033,False,est_warmstart,107.6440253697823,17.912910971704523,,
v,308,308,1.2643727927244033,False,view_gap,1.6731407280685826,85.6530887880167,0.9999997225282699,0.9999992550920748
v,309,309,1.2611995681572756,False,T0_raw,156.50583260823572,4.105120275777381,,
v,309,309,1.2611995681572756,False,oracle,73.08788228811149,3.347912662237719,,
v,309,309,1.2611995681572756,False,est_gtstart,73.20620812977366,3.3438690096253305,,
v,309,309,1.2611995681572756,False,est_warmstart,73.0001481005103,3.4478444845207403,,
v,309,309,1.2611995681572756,False,view_gap,1.4038524681934408,17.25190821725331,0.9999997623564579,0.9999994754147099
v,310,310,1.2595708082692898,False,T0_raw,155.36626290051757,3.6875880554922613,,
v,310,310,1.2595708082692898,False,oracle,70.96767688713383,4.297486840168557,,
v,310,310,1.2595708082692898,False,est_gtstart,71.01434102287742,4.294400218432628,,
v,310,310,1.2595708082692898,False,est_warmstart,70.50492621529783,4.379426625228997,,
v,310,310,1.2595708082692898,False,view_gap,1.3968209317415194,14.039611794973261,0.9999997732765158,0.9999990964100416
v,311,311,1.2563991525540852,False,T0_raw,154.9262974769846,3.1520788722071784,,
v,311,311,1.2563991525540852,False,oracle,62.709867557057386,4.545072317560519,,
v,311,311,1.2563991525540852,False,est_gtstart,62.80769774170314,4.5415563257656295,,
v,311,311,1.2563991525540852,False,est_warmstart,63.04026564202074,4.512290380097973,,
v,311,311,1.2563991525540852,False,view_gap,1.394940060705065,13.091116506050327,0.9999997949856451,0.9999994594206784
v,312,312,1.254737524835996,False,T0_raw,161.6390695738849,3.530645871108761,,
v,312,312,1.254737524835996,False,oracle,58.80622179692684,4.578214712174995,,
v,312,312,1.254737524835996,False,est_gtstart,58.88126034775716,4.578101017648901,,
v,312,312,1.254737524835996,False,est_warmstart,58.82628518107529,4.567499531260079,,
v,312,312,1.254737524835996,False,view_gap,1.450201114301859,20.707223428594546,0.9999997699320118,0.9999972081771538
v,313,313,1.251610110515032,False,T0_raw,163.1482800613957,3.6186149779299295,,
v,313,313,1.251610110515032,False,oracle,59.14264924386444,3.3701960576145167,,
v,313,313,1.251610110515032,False,est_gtstart,59.25795624977381,3.368409132197382,,
v,313,313,1.251610110515032,False,est_warmstart,59.446029465244564,3.4460562327261446,,
v,313,313,1.251610110515032,False,view_gap,1.4720773963021436,12.621699378863482,0.9999998181589882,0.9999982197280214
v,314,314,1.248811081144718,False,T0_raw,165.56013358398448,4.950457383788762,,
v,314,314,1.248811081144718,False,oracle,59.26701334065601,2.439128328416349,,
v,314,314,1.248811081144718,False,est_gtstart,59.38222220992813,2.438467757623721,,
v,314,314,1.248811081144718,False,est_warmstart,59.593852447552486,2.547943367254668,,
v,314,314,1.248811081144718,False,view_gap,1.494072701250607,14.92117685264649,0.9999997882876399,0.9999961259727939
v,315,315,1.2468936204155328,False,T0_raw,163.50121697474776,3.6041023035762367,,
v,315,315,1.2468936204155328,False,oracle,56.49097671628014,2.9254880306733053,,
v,315,315,1.2468936204155328,False,est_gtstart,56.564019658596955,2.9232443945777336,,
v,315,315,1.2468936204155328,False,est_warmstart,57.46314614273222,3.3125364320764374,,
v,315,315,1.2468936204155328,False,view_gap,1.4750541383854265,16.32646290052886,0.999999803297526,0.9999959504667051
v,316,316,1.2440746656032466,False,T0_raw,163.31609923919456,4.370304383986629,,
v,316,316,1.2440746656032466,False,oracle,56.560880126083724,2.7459367295434336,,
v,316,316,1.2440746656032466,False,est_gtstart,56.53137414857386,2.751275451622807,,
v,316,316,1.2440746656032466,False,est_warmstart,57.600385267829715,3.0679340691631167,,
v,316,316,1.2440746656032466,False,view_gap,1.4790315421194584,9.50946704525446,0.9999998334707159,0.999993073193189
v,317,317,1.242215435170579,False,T0_raw,160.26590274536574,2.9005666237891785,,
v,317,317,1.242215435170579,False,oracle,59.94133096754627,3.4979630454782074,,
v,317,317,1.242215435170579,False,est_gtstart,59.919793890315255,3.500214840200503,,
v,317,317,1.242215435170579,False,est_warmstart,61.77629875517849,4.101723831464541,,
v,317,317,1.242215435170579,False,view_gap,1.4528433009692594,7.430890320883066,0.999999849366409,0.9999948826906421
v,318,318,1.2394161913983328,False,T0_raw,163.97878567092357,3.6593718184796025,,
v,318,318,1.2394161913983328,False,oracle,62.96434669738176,2.43522013505005,,
v,318,318,1.2394161913983328,False,est_gtstart,62.90784589636556,2.43514535319848,,
v,318,318,1.2394161913983328,False,est_warmstart,65.17325804611892,2.9885126268035065,,
v,318,318,1.2394161913983328,False,view_gap,1.4866583534881186,11.207017167495614,0.9999998658551384,0.999996484869697
v,319,319,1.23591168155732,False,T0_raw,161.5904557248359,3.829826085686014,,
v,319,319,1.23591168155732,False,oracle,64.28381578810844,2.4267548082563577,,
v,319,319,1.23591168155732,False,est_gtstart,64.2646395771103,2.4219906592305347,,
v,319,319,1.23591168155732,False,est_warmstart,65.68795169563532,2.796198966352842,,
v,319,319,1.23591168155732,False,view_gap,1.4688200474911748,1.913967738080835,0.9999998834435334,0.9999964098909397
v,320,320,1.2347667805327067,False,T0_raw,161.13764613421404,2.8115763117204313,,
v,320,320,1.2347667805327067,False,oracle,67.7683259177595,2.3304577052524302,,
v,320,320,1.2347667805327067,False,est_gtstart,67.69883216175643,2.3291437439509246,,
v,320,320,1.2347667805327067,False,est_warmstart,68.97495700112144,2.734625367999507,,
v,320,320,1.2347667805327067,False,view_gap,1.4654752377092526,1.4352318819588206,0.9999998950046075,0.9999985243549122
v,321,321,1.2312891965257284,False,T0_raw,159.57146192894558,3.7275605234354985,,
v,321,321,1.2312891965257284,False,oracle,69.88331269236011,2.710747644113609,,
v,321,321,1.2312891965257284,False,est_gtstart,69.74509786504336,2.7088587728472753,,
v,321,321,1.2312891965257284,False,est_warmstart,70.32516703208542,2.8524360416322634,,
v,321,321,1.2312891965257284,False,view_gap,1.4519986709883512,3.2286859161079207,0.9999999099425994,0.9999983966879205
v,322,322,1.2299228611170803,False,T0_raw,158.14850427489742,3.067454573130635,,
v,322,322,1.2299228611170803,False,oracle,74.18834725593592,2.4920269439628413,,
v,322,322,1.2299228611170803,False,est_gtstart,74.09703026091778,2.4931000815615687,,
v,322,322,1.2299228611170803,False,est_warmstart,74.99842302754028,2.7001100788799324,,
v,322,322,1.2299228611170803,False,view_gap,1.4385407863369775,6.441944199757188,0.9999999155544684,0.9999988348105165
v,323,323,1.2269907723174645,False,T0_raw,160.3000889183533,3.200065268267222,,
v,323,323,1.2269907723174645,False,oracle,81.37668779599554,3.270309231171398,,
v,323,323,1.2269907723174645,False,est_gtstart,81.28725388567858,3.271534555636638,,
v,323,323,1.2269907723174645,False,est_warmstart,81.85295347009429,3.352739989988622,,
v,323,323,1.2269907723174645,False,view_gap,1.4536472351738028,14.806971461510443,0.9999999192969995,0.9999997915423305
v,324,324,1.2235016379149293,False,T0_raw,160.0124233955373,3.8986426875926945,,
v,324,324,1.2235016379149293,False,oracle,85.84202017759576,3.90360462661343,,
v,324,324,1.2235016379149293,False,est_gtstart,85.74202133198874,3.9023968970840603,,
v,324,324,1.2235016379149293,False,est_warmstart,85.53117461941905,4.01104469242586,,
v,324,324,1.2235016379149293,False,view_gap,1.4538567803125535,13.369948792782083,0.9999999318991222,0.9999996192890482
v,325,325,1.2222868325785217,False,T0_raw,159.6371895939941,3.0069256227789847,,
v,325,325,1.2222868325785217,False,oracle,89.95915755970114,3.3288689715501003,,
v,325,325,1.2222868325785217,False,est_gtstart,89.88129493618253,3.3302231538049853,,
v,325,325,1.2222868325785217,False,est_warmstart,90.07092478117835,3.2589042508074084,,
v,325,325,1.2222868325785217,False,view_gap,1.4565029732921342,5.123776530808755,0.9999999452803993,0.9999998931856019
v,326,326,1.2188473255370758,False,T0_raw,164.0128506791057,4.15154417889724,,
v,326,326,1.2188473255370758,False,oracle,98.75065042939652,3.9559180085571914,,
v,326,326,1.2188473255370758,False,est_gtstart,98.66534697698023,3.9542918717694504,,
v,326,326,1.2188473255370758,False,est_warmstart,99.73568294816286,3.806357982541173,,
v,326,326,1.2188473255370758,False,view_gap,1.4952936323207304,10.162799018374358,0.9999999492673214,0.9999999332309402
v,327,327,1.2176330239276538,False,T0_raw,166.6778377631772,1.9083838871790795,,
v,327,327,1.2176330239276538,False,oracle,149.09134219758886,13.008508447736586,,
v,327,327,1.2176330239276538,False,est_gtstart,149.03308367077554,13.00456638091961,,
v,327,327,1.2176330239276538,False,est_warmstart,152.95202566796354,12.491722732008526,,
v,327,327,1.2176330239276538,False,view_gap,1.5154241452824289,16.155012581906547,0.999999943380051,0.9999999878643845
v,328,328,1.214234221979994,False,T0_raw,169.16160800789675,4.328241187997501,,
v,328,328,1.214234221979994,False,oracle,113.42636581515526,4.230196422277353,,
v,328,328,1.214234221979994,False,est_gtstart,113.38959400282523,4.228375434446182,,
v,328,328,1.214234221979994,False,est_warmstart,115.61604187824096,3.831545078089557,,
v,328,328,1.214234221979994,False,view_gap,1.5490487573994132,2.4772097500127543,0.9999999693971834,0.9999999884090752
v,329,329,1.2123381814056209,False,T0_raw,231.72720911506102,7.0606348935662036,,
v,329,329,1.2123381814056209,False,oracle,208.20616288092293,14.400064748320622,,
v,329,329,1.2123381814056209,False,est_gtstart,206.9314162726131,14.316218861386858,,
v,329,329,1.2123381814056209,False,est_warmstart,250.60081372950484,44.84046942226463,,
v,329,329,1.2123381814056209,False,view_gap,1.6259007894439395,146.61162102242463,0.999688733188493,0.9999935137020376
v,330,330,1.2122302846238717,False,T0_raw,166.38931909740612,3.6201895389102834,,
v,330,330,1.2122302846238717,False,oracle,118.55305597152476,4.516136930260995,,
v,330,330,1.2122302846238717,False,est_gtstart,110.22100274418669,4.3398097193101846,,
v,330,330,1.2122302846238717,False,est_warmstart,115.34673093709908,3.7050842068295338,,
v,330,330,1.2122302846238717,False,view_gap,1.5237058397736511,7.042966119451322,0.9996956111049473,0.9999720952702448
v,331,331,1.2137387965498028,False,T0_raw,168.6572897753701,4.136799130493834,,
v,331,331,1.2137387965498028,False,oracle,121.64170110725412,5.281198050878943,,
v,331,331,1.2137387965498028,False,est_gtstart,121.54458503581438,5.278867902372192,,
v,331,331,1.2137387965498028,False,est_warmstart,124.24411901968308,4.630001754954283,,
v,331,331,1.2137387965498028,False,view_gap,1.544793626521272,9.413477641251333,0.9999998962077449,0.9999998756239431
v,332,332,1.2175215768221055,False,T0_raw,165.19049081067706,4.584446136065311,,
v,332,332,1.2175215768221055,False,oracle,124.45336405926054,6.45651330732532,,
v,332,332,1.2175215768221055,False,est_gtstart,124.35141775965846,6.455433989752012,,
v,332,332,1.2175215768221055,False,est_warmstart,126.67434128496998,5.982047288909577,,
v,332,332,1.2175215768221055,False,view_gap,1.5137328802167405,10.608332396661702,0.9999998730524191,0.9999998552969573
v,333,333,1.2202533959771746,False,T0_raw,163.20629959467666,3.414379727718957,,
v,333,333,1.2202533959771746,False,oracle,127.97743183083176,4.8737246580150195,,
v,333,333,1.2202533959771746,False,est_gtstart,127.910169962726,4.873503680941267,,
v,333,333,1.2202533959771746,False,est_warmstart,131.47402463458624,4.315307584873451,,
v,333,333,1.2202533959771746,False,view_gap,1.5000909384882026,3.024865337232896,0.9999998939846453,0.9999999204082487
v,334,334,1.2273753365551983,False,T0_raw,159.50938565924045,4.260568064149751,,
v,334,334,1.2273753365551983,False,oracle,127.30936631826329,5.558871258637768,,
v,334,334,1.2273753365551983,False,est_gtstart,127.22299736001754,5.552545151041097,,
v,334,334,1.2273753365551983,False,est_warmstart,114.94207324460929,4.248910805832726,,
v,334,334,1.2273753365551983,False,view_gap,1.4653636454600492,8.20259920742572,0.9999998862466353,0.9999999701884011
v,335,335,1.2317485615746846,False,T0_raw,157.52376466077646,3.0510572348896456,,
v,335,335,1.2317485615746846,False,oracle,116.94297998107483,3.8693438262492528,,
v,335,335,1.2317485615746846,False,est_gtstart,116.86459729897173,3.869416573599769,,
v,335,335,1.2317485615746846,False,est_warmstart,117.93982554234691,3.8682964213843385,,
v,335,335,1.2317485615746846,False,view_gap,1.4499116315792218,3.7512661564900185,0.9999998996905466,0.9999999936805465
v,336,336,1.242096545400889,False,T0_raw,159.98848093493731,4.3460484306164675,,
v,336,336,1.242096545400889,False,oracle,134.79818787715124,7.4932596775186795,,
v,336,336,1.242096545400889,False,est_gtstart,135.500014314757,7.540004495935702,,
v,336,336,1.242096545400889,False,est_warmstart,135.60690190095625,7.43090567402979,,
v,336,336,1.242096545400889,False,view_gap,1.4707691877852052,10.274877933952986,0.9999965651820882,0.9999121476498481
v,337,337,1.2544820426399197,False,T0_raw,157.54968268869274,4.123494708422207,,
v,337,337,1.2544820426399197,False,oracle,113.19223089832332,4.790150147183058,,
v,337,337,1.2544820426399197,False,est_gtstart,113.17273588851388,4.789020197066871,,
v,337,337,1.2544820426399197,False,est_warmstart,113.36431872893884,4.742592347783713,,
v,337,337,1.2544820426399197,False,view_gap,1.4538925819210236,1.2994818922935636,0.9999999126493371,0.9999999978734091
v,338,338,1.2614050922692346,False,T0_raw,155.38898883813704,3.3018760069859754,,
v,338,338,1.2614050922692346,False,oracle,113.56115883178438,4.428026922966229,,
v,338,338,1.2614050922692346,False,est_gtstart,113.51969256773666,4.4257772966710345,,
v,338,338,1.2614050922692346,False,est_warmstart,113.94477157150958,4.3293992107994725,,
v,338,338,1.2614050922692346,False,view_gap,1.4338207414085686,4.435738308407267,0.9999999022581308,0.9999999865460538
v,339,339,1.276633418444708,False,T0_raw,157.16358943381124,3.3718006298108145,,
v,339,339,1.276633418444708,False,oracle,108.72845195780626,4.695159879614872,,
v,339,339,1.276633418444708,False,est_gtstart,108.71802590742055,4.692774065155242,,
v,339,339,1.276633418444708,False,est_warmstart,109.14362851376089,4.476823847896935,,
v,339,339,1.276633418444708,False,view_gap,1.452947126789328,0.955702717422291,0.9999999186383252,0.9999999714827452
v,340,340,1.2849081966507978,False,T0_raw,159.06926608434833,2.889266763326438,,
v,340,340,1.2849081966507978,False,oracle,113.89910840150826,3.9610387067913573,,
v,340,340,1.2849081966507978,False,est_gtstart,113.8150975292865,4.063229934980232,,
v,340,340,1.2849081966507978,False,est_warmstart,114.93180880107889,3.9092242289727794,,
v,340,340,1.2849081966507978,False,view_gap,1.47118515941936,0.6258448159233154,0.9999351799544312,0.9996450477767652
v,341,341,1.3026750673237333,False,T0_raw,162.62168640589866,3.4403576357984957,,
v,341,341,1.3026750673237333,False,oracle,117.06878574461169,5.040108406402027,,
v,341,341,1.3026750673237333,False,est_gtstart,117.04224958755118,5.039224666372892,,
v,341,341,1.3026750673237333,False,est_warmstart,116.91652270224728,4.815297292142878,,
v,341,341,1.3026750673237333,False,view_gap,1.5039940592040724,6.004453972916934,0.9999999277171446,0.9999999944382827
v,342,342,1.3219174991187579,False,T0_raw,167.0369784905556,5.016968559525578,,
v,342,342,1.3219174991187579,False,oracle,137.17601600701087,7.618695683789171,,
v,342,342,1.3219174991187579,False,est_gtstart,136.28626577927292,7.701474321758313,,
v,342,342,1.3219174991187579,False,est_warmstart,136.69693541432682,7.57351640007063,,
v,342,342,1.3219174991187579,False,view_gap,1.5431705880641546,11.51960234657512,0.9990663409809255,0.9994334293431487
v,343,343,1.332056048110057,False,T0_raw,164.01564143268962,2.838692599334229,,
v,343,343,1.332056048110057,False,oracle,124.19727152083797,4.635626052330544,,
v,343,343,1.332056048110057,False,est_gtstart,124.22354361277169,4.638833657902876,,
v,343,343,1.332056048110057,False,est_warmstart,126.40204905759373,4.254371027086404,,
v,343,343,1.332056048110057,False,view_gap,1.5190404745729693,6.647611331016989,0.9999999162651441,0.9999999443231269
v,344,344,1.3532411897552947,False,T0_raw,166.98004096227723,4.372575389768827,,
v,344,344,1.3532411897552947,False,oracle,137.27797502140538,8.023554153249671,,
v,344,344,1.3532411897552947,False,est_gtstart,137.2820794139103,8.024738029727546,,
v,344,344,1.3532411897552947,False,est_warmstart,138.7314892418286,7.706519826260093,,
v,344,344,1.3532411897552947,False,view_gap,1.5390982791447063,17.907920309031766,0.999999833371875,0.9999999539810557
v,345,345,1.3642478901957387,False,T0_raw,168.7533154853532,3.334483180171342,,
v,345,345,1.3642478901957387,False,oracle,130.49441477474542,5.878604412425528,,
v,345,345,1.3642478901957387,False,est_gtstart,130.49631912588643,5.876912382165651,,
v,345,345,1.3642478901957387,False,est_warmstart,130.63816721659921,5.109699058081113,,
v,345,345,1.3642478901957387,False,view_gap,1.5559539807679972,18.366724288359393,0.9999996892769255,0.9999998716367502
v,346,346,1.3869803656597701,False,T0_raw,163.26070593410262,3.503258281365085,,
v,346,346,1.3869803656597701,False,oracle,111.17317718059657,4.298313670602813,,
v,346,346,1.3869803656597701,False,est_gtstart,110.69405635486471,4.491759129197908,,
v,346,346,1.3869803656597701,False,est_warmstart,112.97632718359993,3.9660187684291626,,
v,346,346,1.3869803656597701,False,view_gap,1.5101057933080482,14.828927104647782,0.9937288530624361,0.998185206402572
v,347,347,1.4105374781575157,False,T0_raw,165.66836728502275,4.042419893793393,,
v,347,347,1.4105374781575157,False,oracle,117.83591580766462,5.177886766340112,,
v,347,347,1.4105374781575157,False,est_gtstart,117.92267546919874,5.187721140920903,,
v,347,347,1.4105374781575157,False,est_warmstart,119.54488497213438,4.716175015190209,,
v,347,347,1.4105374781575157,False,view_gap,1.5315510784291044,17.420612624418297,0.9999946961147977,0.9999994972480118
v,348,348,1.4225770349827642,False,T0_raw,163.41246365836778,2.8311918196750665,,
v,348,348,1.4225770349827642,False,oracle,109.89173825014173,3.9074247629442,,
v,348,348,1.4225770349827642,False,est_gtstart,109.92260498134,3.9172809733112888,,
v,348,348,1.4225770349827642,False,est_warmstart,111.79099501327109,3.2861183028037497,,
v,348,348,1.4225770349827642,False,view_gap,1.5097347456196233,18.762876418771945,0.9999952862207446,0.9999997395265773
v,349,349,1.4470343002434563,False,T0_raw,159.5809583554779,3.68632694795454,,
v,349,349,1.4470343002434563,False,oracle,109.23527099738426,4.651676921486569,,
v,349,349,1.4470343002434563,False,est_gtstart,109.6507628280398,5.035757918167065,,
v,349,349,1.4470343002434563,False,est_warmstart,110.12663280596342,4.764184426801678,,
v,349,349,1.4470343002434563,False,view_gap,1.4615733932250266,28.034548644726875,0.9986066091570371,0.9989499635352623
v,350,350,1.4594096611325984,False,T0_raw,156.23360353159347,3.218773569557604,,
v,350,350,1.4594096611325984,False,oracle,106.1718871301026,3.49566633362819,,
v,350,350,1.4594096611325984,False,est_gtstart,106.25116922155888,3.499757846870899,,
v,350,350,1.4594096611325984,False,est_warmstart,105.79243366992182,3.146753762760559,,
v,350,350,1.4594096611325984,False,view_gap,1.442578646795311,20.53410544217016,0.9999925309629822,0.9999995812115463
v,351,351,1.4843546964879635,False,T0_raw,157.80086306994224,3.899464790298945,,
v,351,351,1.4843546964879635,False,oracle,95.64112850655384,3.5240376584259274,,
v,351,351,1.4843546964879635,False,est_gtstart,95.75426805433746,3.5357277015575828,,
v,351,351,1.4843546964879635,False,est_warmstart,96.25624073217777,3.2798020456193195,,
v,351,351,1.4843546964879635,False,view_gap,1.461004310766131,18.91682387405158,0.9999923989287746,0.9999985323761967
v,352,352,1.5093707718216431,False,T0_raw,159.65372367712308,4.301318712694221,,
v,352,352,1.5093707718216431,False,oracle,97.1436186173127,4.400215150634949,,
v,352,352,1.5093707718216431,False,est_gtstart,97.187184085463,4.407158223113672,,
v,352,352,1.5093707718216431,False,est_warmstart,97.34535585548377,4.220963242006641,,
v,352,352,1.5093707718216431,False,view_gap,1.4804802669518966,18.548944248983013,0.999992157999168,0.9999993815486491
v,353,353,1.5218546251130445,False,T0_raw,159.38659548933595,4.286595468723277,,
v,353,353,1.5218546251130445,False,oracle,97.73225788341139,3.335483629963108,,
v,353,353,1.5218546251130445,False,est_gtstart,95.72330648340359,3.6167462256324625,,
v,353,353,1.5218546251130445,False,est_warmstart,96.5118697171209,3.517068010146605,,
v,353,353,1.5218546251130445,False,view_gap,1.4790430276946294,18.329918675180856,0.9874848126532728,0.9977634143330711
v,354,354,1.54667224440357,False,T0_raw,163.80421308634374,4.847188287761539,,
v,354,354,1.54667224440357,False,oracle,98.12703099506626,3.3804584848963843,,
v,354,354,1.54667224440357,False,est_gtstart,98.18485695022518,3.3883991095569965,,
v,354,354,1.54667224440357,False,est_warmstart,98.12852090048132,3.1244564402465915,,
v,354,354,1.54667224440357,False,view_gap,1.5212385979772252,19.17003648912985,0.9999938185982636,0.999999011333194
v,355,355,1.5589587169075219,False,T0_raw,164.55984510344751,4.103634772702029,,
v,355,355,1.5589587169075219,False,oracle,98.87185279666978,2.660445337842388,,
v,355,355,1.5589587169075219,False,est_gtstart,98.97920666492418,2.6671765231454856,,
v,355,355,1.5589587169075219,False,est_warmstart,101.10018951745343,2.643616770258438,,
v,355,355,1.5589587169075219,False,view_gap,1.5303768000737992,18.175013100167448,0.999993807460234,0.99999790565814
v,356,356,1.580315959981811,False,T0_raw,166.77704114173758,4.042303341797553,,
v,356,356,1.580315959981811,False,oracle,104.26540655652411,2.7597956222500084,,
v,356,356,1.580315959981811,False,est_gtstart,104.39404303189063,2.759574613364357,,
v,356,356,1.580315959981811,False,est_warmstart,105.8708949884199,2.762907935479072,,
v,356,356,1.580315959981811,False,view_gap,1.5590491923981769,11.921858330408597,0.9999969784773678,0.9999973856958019
v,357,357,1.5773507863490766,False,T0_raw,170.07836373480302,4.542941196968407,,
v,357,357,1.5773507863490766,False,oracle,105.03173272199933,2.989921787435297,,
v,357,357,1.5773507863490766,False,est_gtstart,105.07503842607576,3.0081106164046596,,
v,357,357,1.5773507863490766,False,est_warmstart,106.46901048225048,2.810791631940208,,
v,357,357,1.5773507863490766,False,view_gap,1.5890629383460284,15.048586860332946,0.9999986078511776,0.9999984891553262
v,358,358,1.5752464701638527,False,T0_raw,165.1533225788545,4.441690929550452,,
v,358,358,1.5752464701638527,False,oracle,95.58139349138435,2.964011178816185,,
v,358,358,1.5752464701638527,False,est_gtstart,95.70025265899184,2.96896302401695,,
v,358,358,1.5752464701638527,False,est_warmstart,96.71249953539139,3.008467506264936,,
v,358,358,1.5752464701638527,False,view_gap,1.5499332858793171,6.326435680974463,0.9999987162515163,0.9999983021097769
v,359,359,1.572257018633812,False,T0_raw,166.9312294077993,5.044941115783449,,
v,359,359,1.572257018633812,False,oracle,97.01814418064002,3.4792304414343542,,
v,359,359,1.572257018633812,False,est_gtstart,100.82462470497892,3.522433338505761,,
v,359,359,1.572257018633812,False,est_warmstart,103.19125551778971,3.348444784081332,,
v,359,359,1.572257018633812,False,view_gap,1.567996780460572,7.031610975693603,0.836460353680681,0.9984752538487537
v,360,360,1.5685155864738163,False,T0_raw,170.1902023917838,4.84705004273706,,
v,360,360,1.5685155864738163,False,oracle,100.15474717559475,3.6556023907291957,,
v,360,360,1.5685155864738163,False,est_gtstart,100.1534685757107,3.6606934232918054,,
v,360,360,1.5685155864738163,False,est_warmstart,102.39418998080794,3.3645797637074977,,
v,360,360,1.5685155864738163,False,view_gap,1.5978925588001751,11.019078608501154,0.9999999805820248,0.9999997401831805
v,361,361,1.5672259986158534,False,T0_raw,166.2200671886865,3.6140074838888485,,
v,361,361,1.5672259986158534,False,oracle,94.45996979030069,2.8036423603035097,,
v,361,361,1.5672259986158534,False,est_gtstart,97.71296503263024,2.848664827939143,,
v,361,361,1.5672259986158534,False,est_warmstart,99.62053762427544,2.6726486631351514,,
v,361,361,1.5672259986158534,False,view_gap,1.5600379934469641,12.611002689900452,0.9999811819327565,0.9985369384293331
v,362,362,1.5635700754588138,False,T0_raw,163.18827424213293,3.769557827575866,,
v,362,362,1.5635700754588138,False,oracle,95.06034165535795,3.2264816390169564,,
v,362,362,1.5635700754588138,False,est_gtstart,90.40010217178757,3.4462619855287664,,
v,362,362,1.5635700754588138,False,est_warmstart,92.42115645406234,3.198345094597909,,
v,362,362,1.5635700754588138,False,view_gap,1.530397278276477,15.479037621907388,0.9999609985109177,0.9974154719723755
v,363,363,1.5622781364681846,False,T0_raw,161.966484393875,3.367532969190772,,
v,363,363,1.5622781364681846,False,oracle,92.52137672096626,2.974943370452775,,
v,363,363,1.5622781364681846,False,est_gtstart,92.50029296931463,2.9772990049300274,,
v,363,363,1.5622781364681846,False,est_warmstart,94.14985875297862,2.9579670855716613,,
v,363,363,1.5622781364681846,False,view_gap,1.5174512726724205,17.513943178165903,0.9999999927131797,0.9999997606311439
v,364,364,1.5587153421553133,False,T0_raw,163.65604432198933,4.013855788484202,,
v,364,364,1.5587153421553133,False,oracle,98.33690210510179,2.961728927054349,,
v,364,364,1.5587153421553133,False,est_gtstart,98.30457715534071,2.9639807769777096,,
v,364,364,1.5587153421553133,False,est_warmstart,98.49705086029415,2.770357720478233,,
v,364,364,1.5587153421553133,False,view_gap,1.532573517433186,19.665120072081876,0.9999999964603755,0.9999998601579114
v,365,365,1.555500378915843,False,T0_raw,166.04434234486376,4.529224449841573,,
v,365,365,1.555500378915843,False,oracle,106.16629123129464,2.927530162386942,,
v,365,365,1.555500378915843,False,est_gtstart,102.26245672191746,3.000761852068751,,
v,365,365,1.555500378915843,False,est_warmstart,101.97797436657956,2.9848407717157266,,
v,365,365,1.555500378915843,False,view_gap,1.5576333179365216,19.150104546953095,0.9999827292277558,0.9988583992396345
v,366,366,1.5542110208613926,False,T0_raw,163.53871375870392,3.0567502656318686,,
v,366,366,1.5542110208613926,False,oracle,99.50252126482556,2.357646210338213,,
v,366,366,1.5542110208613926,False,est_gtstart,99.46088268845854,2.358189023094773,,
v,366,366,1.5542110208613926,False,est_warmstart,99.21312434223724,2.2986551758229266,,
v,366,366,1.5542110208613926,False,view_gap,1.539957440274045,14.33292747563275,0.999999998607252,0.9999999676111797
v,367,367,1.5506741564483792,False,T0_raw,165.61051755416995,4.3122108489877204,,
v,367,367,1.5506741564483792,False,oracle,102.86910654490876,3.2827336381403764,,
v,367,367,1.5506741564483792,False,est_gtstart,97.96424067533681,3.331158523012948,,
v,367,367,1.5506741564483792,False,est_warmstart,97.89231408832183,3.280351299714986,,
v,367,367,1.5506741564483792,False,view_gap,1.5584233067317883,17.179173174871387,0.9999860031324621,0.9992984860756082
v,368,368,1.5493821563950896,False,T0_raw,166.1233762463033,3.679570321398309,,
v,368,368,1.5493821563950896,False,oracle,99.4131880359583,2.559415685863299,,
v,368,368,1.5493821563950896,False,est_gtstart,99.93729735849259,2.5883752362659305,,
v,368,368,1.5493821563950896,False,est_warmstart,99.22776904170493,2.4866174256282974,,
v,368,368,1.5493821563950896,False,view_gap,1.5682705172501457,13.064472055517307,0.9999999995750383,0.9999945215180434
v,369,369,1.5480981682899724,False,T0_raw,166.4580132973912,3.6981195857507942,,
v,369,369,1.5480981682899724,False,oracle,86.9536814145823,3.021455836957641,,
v,369,369,1.5480981682899724,False,est_gtstart,86.95016885310353,3.023355732630104,,
v,369,369,1.5480981682899724,False,est_warmstart,88.21675249074312,3.099680705265249,,
v,369,369,1.5480981682899724,False,view_gap,1.5769639163201692,6.261200224810359,0.9999999996353044,0.9999998107206541
v,370,370,1.5441960569494615,False,T0_raw,171.11452502656513,3.0014092580749705,,
v,370,370,1.5441960569494615,False,oracle,94.34457167229723,14.915776320836377,,
v,370,370,1.5441960569494615,False,est_gtstart,94.28744476597929,14.911206219614883,,
v,370,370,1.5441960569494615,False,est_warmstart,82.49476155759322,16.84021688023658,,
v,370,370,1.5441960569494615,False,view_gap,1.5949619243447775,30.433141613464443,0.9999999998850199,0.9999994630887775
v,371,371,1.5428994680235069,False,T0_raw,170.40971766244672,3.530480245367934,,
v,371,371,1.5428994680235069,False,oracle,94.92864403269853,2.3957692058183593,,
v,371,371,1.5428994680235069,False,est_gtstart,94.95158729414368,2.394602186776359,,
v,371,371,1.5428994680235069,False,est_warmstart,96.86713128281367,2.489944720790562,,
v,371,371,1.5428994680235069,False,view_gap,1.6177876526418682,4.880607082705879,0.9999999999556554,0.9999999554937907
v,372,372,1.539400786401297,False,T0_raw,172.53827988994024,4.297001267711052,,
v,372,372,1.539400786401297,False,oracle,99.80376290666175,2.945908415983048,,
v,372,372,1.539400786401297,False,est_gtstart,99.8134097476862,2.9465020144248086,,
v,372,372,1.539400786401297,False,est_warmstart,100.95461944748436,2.6456510134439206,,
v,372,372,1.539400786401297,False,view_gap,1.6408158131898494,1.9488155242513017,0.9999999999762699,0.9999999969865841
v,373,373,1.5380960534580108,False,T0_raw,167.76134425454052,3.115099536762553,,
v,373,373,1.5380960534580108,False,oracle,96.96529065358692,2.77313429884215,,
v,373,373,1.5380960534580108,False,est_gtstart,96.98217324265534,2.7743596672204163,,
v,373,373,1.5380960534580108,False,est_warmstart,100.25804183074573,2.4176477962225915,,
v,373,373,1.5380960534580108,False,view_gap,1.5968007453557629,2.585025284879805,0.9999999999828934,0.9999999847292376
v,374,374,1.5363941818012723,False,T0_raw,204.2652154930509,6.80548997225385,,
v,374,374,1.5363941818012723,False,oracle,157.1275820399028,13.614871306564629,,
v,374,374,1.5363941818012723,False,est_gtstart,157.16475613292468,13.610915253935193,,
v,374,374,1.5363941818012723,False,est_warmstart,158.30964879479683,14.11541701142682,,
v,374,374,1.5363941818012723,False,view_gap,1.735613051590065,89.50946137666361,0.9999999999989514,0.9999999338491471
v,375,375,1.533330321533696,False,T0_raw,184.8607035679458,5.748814705405714,,
v,375,375,1.533330321533696,False,oracle,129.14976741798995,7.460665784581296,,
v,375,375,1.533330321533696,False,est_gtstart,129.1679210710411,7.460676815693121,,
v,375,375,1.533330321533696,False,est_warmstart,129.94246040671027,7.726547253955036,,
v,375,375,1.533330321533696,False,view_gap,1.679247469137865,53.58493663459907,0.9999999998148227,0.999999993813377
v,376,376,1.532265178264578,False,T0_raw,168.05524234171307,3.0518292964416625,,
v,376,376,1.532265178264578,False,oracle,96.51466006010341,2.9059109427519716,,
v,376,376,1.532265178264578,False,est_gtstart,100.9716738562013,2.6818560822584776,,
v,376,376,1.532265178264578,False,est_warmstart,102.23062726274347,2.4443448339529636,,
v,376,376,1.532265178264578,False,view_gap,1.601168726280276,10.844927948132188,0.9999714407434054,0.9983309412572864
v,377,377,1.5283035107652432,False,T0_raw,163.826253930438,3.6172475579827985,,
v,377,377,1.5283035107652432,False,oracle,98.42243386315828,3.6554925008939576,,
v,377,377,1.5283035107652432,False,est_gtstart,98.46105936778781,3.6541787058935102,,
v,377,377,1.5283035107652432,False,est_warmstart,100.14632009273069,3.299258938603011,,
v,377,377,1.5283035107652432,False,view_gap,1.5629251897779404,9.882213333930245,0.999999998227744,0.999999998667616
v,378,378,1.5269754982767965,False,T0_raw,159.64182589815775,2.8912147105403685,,
v,378,378,1.5269754982767965,False,oracle,97.37477777426705,2.9302721887294,,
v,378,378,1.5269754982767965,False,est_gtstart,97.43598490848137,2.9340256893824144,,
v,378,378,1.5269754982767965,False,est_warmstart,98.26135062437,2.8029074367273474,,
v,378,378,1.5269754982767965,False,view_gap,1.5235567840114432,10.220201898325953,0.9999999955867683,0.9999997795909747
v,379,379,1.5235334688904767,False,T0_raw,160.2027391593129,4.096839045089275,,
v,379,379,1.5235334688904767,False,oracle,96.87124706228866,3.9307250834004006,,
v,379,379,1.5235334688904767,False,est_gtstart,96.90869749670105,3.9305702530694835,,
v,379,379,1.5235334688904767,False,est_warmstart,97.46887506562396,3.782510250535872,,
v,379,379,1.5235334688904767,False,view_gap,1.5287348619649637,13.52516464899356,0.9999999944190833,0.9999999651503941
v,380,380,1.5221979284098202,False,T0_raw,157.79980239533734,2.9986536351382695,,
v,380,380,1.5221979284098202,False,oracle,98.89255861613921,3.0680294589449195,,
v,380,380,1.5221979284098202,False,est_gtstart,98.93313913988716,3.0683119742164804,,
v,380,380,1.5221979284098202,False,est_warmstart,98.93837848155744,2.8530188804173835,,
v,380,380,1.5221979284098202,False,view_gap,1.5041177498994058,16.527370873059333,0.9999999887195274,0.9999998781298268
v,381,381,1.5205199968837637,False,T0_raw,159.67738224143062,2.2097924917279683,,
v,381,381,1.5205199968837637,False,oracle,96.6931650801541,2.5041200392715575,,
v,381,381,1.5205199968837637,False,est_gtstart,96.73868943709368,2.501611250898557,,
v,381,381,1.5205199968837637,False,est_warmstart,95.68015681227998,2.755039512886539,,
v,381,381,1.5205199968837637,False,view_gap,1.5151448686561377,23.78125577611545,0.9999999859094306,0.9999998322093452
v,382,382,1.5173730580287588,False,T0_raw,160.990041496089,3.41005249150232,,
v,382,382,1.5173730580287588,False,oracle,99.17556383825325,2.6493187812739203,,
v,382,382,1.5173730580287588,False,est_gtstart,99.24165468554327,2.6477397548368033,,
v,382,382,1.5173730580287588,False,est_warmstart,98.85245061330468,2.6162795425445857,,
v,382,382,1.5173730580287588,False,view_gap,1.5360515140619166,18.085000014940178,0.9999997840243339,0.9999995596063973
v,383,383,1.515709093258956,False,T0_raw,159.1347044466337,2.5963309479629517,,
v,383,383,1.515709093258956,False,oracle,92.89137426250839,3.024707254265299,,
v,383,383,1.515709093258956,False,est_gtstart,92.94114299798896,3.028682831622747,,
v,383,383,1.515709093258956,False,est_warmstart,92.72564321941107,3.094507431454783,,
v,383,383,1.515709093258956,False,view_gap,1.5166753594742979,20.293839393694668,0.9999997656681456,0.9999996181983863
v,384,384,1.5125138433261889,False,T0_raw,167.67806163958625,6.098067954515282,,
v,384,384,1.5125138433261889,False,oracle,103.43058847753329,3.6344576899204735,,
v,384,384,1.5125138433261889,False,est_gtstart,103.47321304092165,3.64593029534816,,
v,384,384,1.5125138433261889,False,est_warmstart,103.28656172599042,3.5964319392502087,,
v,384,384,1.5125138433261889,False,view_gap,1.6102085614951858,0.7196991914373285,0.9999996378397152,0.9999995812202245
v,385,385,1.510880319980019,False,T0_raw,169.6863875321654,4.641498176751738,,
v,385,385,1.510880319980019,False,oracle,96.67616248834005,3.711093606591231,,
v,385,385,1.510880319980019,False,est_gtstart,96.73185223365468,3.7123195572496654,,
v,385,385,1.510880319980019,False,est_warmstart,97.45216184338688,3.7187525080161814,,
v,385,385,1.510880319980019,False,view_gap,1.6293413786617175,9.305882410933108,0.9999995728229135,0.999999806191581
v,386,386,1.5076633923525962,False,T0_raw,168.29863084984638,4.211559216956186,,
v,386,386,1.5076633923525962,False,oracle,97.34023999770027,3.3466762070898826,,
v,386,386,1.5076633923525962,False,est_gtstart,97.41633744733946,3.3398424770539643,,
v,386,386,1.5076633923525962,False,est_warmstart,98.05297857680392,3.2137864998205945,,
v,386,386,1.5076633923525962,False,view_gap,1.6133576880244866,16.592542702371205,0.999998572134638,0.9999991807569031
v,387,387,1.5060334677381904,False,T0_raw,167.141466993279,3.9827449298648974,,
v,387,387,1.5060334677381904,False,oracle,93.24264578965058,3.6433221936838533,,
v,387,387,1.5060334677381904,False,est_gtstart,93.30793989375644,3.645795587709027,,
v,387,387,1.5060334677381904,False,est_warmstart,93.18274222019829,3.7157952285231732,,
v,387,387,1.5060334677381904,False,view_gap,1.5999201156182632,19.97367957280982,0.999998556615431,0.9999996004133268
v,388,388,1.5041891400876228,False,T0_raw,167.37912820754298,3.1059426136551536,,
v,388,388,1.5041891400876228,False,oracle,88.85030550146251,3.440190253720263,,
v,388,388,1.5041891400876228,False,est_gtstart,92.24708555304397,3.436489030600442,,
v,388,388,1.5041891400876228,False,est_warmstart,94.3584106233119,3.8680902863336253,,
v,388,388,1.5041891400876228,False,view_gap,1.6065424172563263,16.234321839585952,0.99996739944461,0.9992153378172769
v,389,389,1.5011546451429267,False,T0_raw,171.1423302448356,3.9029917615370966,,
v,389,389,1.5011546451429267,False,oracle,101.03576615773842,2.36664220500719,,
v,389,389,1.5011546451429267,False,est_gtstart,101.1036734074614,2.3645285447949216,,
v,389,389,1.5011546451429267,False,est_warmstart,104.11476174411854,1.6407358557949365,,
v,389,389,1.5011546451429267,False,view_gap,1.6496867772792518,6.726043955695538,0.9999984027047363,0.9999994764297959
v,390,390,1.499291528844796,False,T0_raw,168.17972923974114,3.7311030778219823,,
v,390,390,1.499291528844796,False,oracle,94.71103482721665,3.187008536883133,,
v,390,390,1.499291528844796,False,est_gtstart,93.67511609431293,2.6402501265724605,,
v,390,390,1.499291528844796,False,est_warmstart,93.75618456752547,3.028788639970325,,
v,390,390,1.499291528844796,False,view_gap,1.6160712646558906,17.34790451517121,0.7349789648697447,0.9926018299998884
v,391,391,1.4962776363283763,False,T0_raw,167.49298549120513,3.7975578452137198,,
v,391,391,1.4962776363283763,False,oracle,86.91646355413123,2.4312553534099166,,
v,391,391,1.4962776363283763,False,est_gtstart,86.98030321817589,2.4298403963684225,,
v,391,391,1.4962776363283763,False,est_warmstart,88.34087526042003,2.435312234335966,,
v,391,391,1.4962776363283763,False,view_gap,1.6055480942551774,22.817732509654576,0.9999996793213879,0.9999998875527206
v,392,392,1.494401233815214,False,T0_raw,162.9314768251879,3.217175375686449,,
v,392,392,1.494401233815214,False,oracle,76.66143442839694,2.8125136225143166,,
v,392,392,1.494401233815214,False,est_gtstart,76.71440178026104,2.8137724920016347,,
v,392,392,1.494401233815214,False,est_warmstart,78.62491320517334,3.25219298112034,,
v,392,392,1.494401233815214,False,view_gap,1.5622069012239927,22.52773910803274,0.9999996869891477,0.9999995447490121
v,393,393,1.491404454698505,False,T0_raw,166.31222076194817,3.9168840802066063,,
v,393,393,1.491404454698505,False,oracle,83.25023459329645,2.65062011451278,,
v,393,393,1.491404454698505,False,est_gtstart,83.29119932010748,2.643192062461413,,
v,393,393,1.491404454698505,False,est_warmstart,84.94455878376131,2.61664583654479,,
v,393,393,1.491404454698505,False,view_gap,1.5966424726147008,22.84595359583186,0.9999997401341705,0.9999984486030389
v,394,394,1.4895104760164302,False,T0_raw,158.33070928453802,3.0014627287519806,,
v,394,394,1.4895104760164302,False,oracle,76.19964655397642,2.9082677835434154,,
v,394,394,1.4895104760164302,False,est_gtstart,81.65496247863128,2.7589453422469536,,
v,394,394,1.4895104760164302,False,est_warmstart,82.6755444064969,2.9846366745693675,,
v,394,394,1.4895104760164302,False,view_gap,1.5242538290810357,18.579713826351707,0.9996670241230736,0.9990610945676063
v,395,395,1.4880630482657533,False,T0_raw,158.2525514562413,2.4125980470951762,,
v,395,395,1.4880630482657533,False,oracle,74.70820488101327,3.2117600235928796,,
v,395,395,1.4880630482657533,False,est_gtstart,79.8431436518504,3.1956300082928126,,
v,395,395,1.4880630482657533,False,est_warmstart,80.21295781597931,3.5743053600779535,,
v,395,395,1.4880630482657533,False,view_gap,1.5265448079629709,16.242533688069827,0.9996696572976854,0.9986439626539421
v,396,396,1.4847778240225695,False,T0_raw,157.74061470473262,3.22062775305819,,
v,396,396,1.4847778240225695,False,oracle,79.27586160074411,2.693987896947132,,
v,396,396,1.4847778240225695,False,est_gtstart,81.22610477684287,2.926659037818917,,
v,396,396,1.4847778240225695,False,est_warmstart,81.43334030187029,3.1115601286220955,,
v,396,396,1.4847778240225695,False,view_gap,1.5223357736229464,17.240871462028018,0.9996762893466259,0.9996204207037205
v,397,397,1.4832237733258153,False,T0_raw,156.94041086216166,3.163529533592037,,
v,397,397,1.4832237733258153,False,oracle,75.7813258436546,4.127311505652381,,
v,397,397,1.4832237733258153,False,est_gtstart,78.28798148152093,4.289181037914732,,
v,397,397,1.4832237733258153,False,est_warmstart,76.64723643128744,4.712533434159672,,
v,397,397,1.4832237733258153,False,view_gap,1.5176613449164391,14.561712025130902,0.9996770918751091,0.9994169779092017
v,398,398,1.4798194626084038,False,T0_raw,159.0454967980965,3.476553583092924,,
v,398,398,1.4798194626084038,False,oracle,79.21720455545601,3.281387860738224,,
v,398,398,1.4798194626084038,False,est_gtstart,79.2317554506244,3.285939363751099,,
v,398,398,1.4798194626084038,False,est_warmstart,78.64983100835252,3.4836780297925327,,
v,398,398,1.4798194626084038,False,view_gap,1.538143585340363,16.6723918511833,0.9999998435621416,0.999998708892523
v,399,399,1.4783117062331517,False,T0_raw,160.05997295157007,2.7511093339774644,,
v,399,399,1.4783117062331517,False,oracle,74.33097106341359,4.063269211492268,,
v,399,399,1.4783117062331517,False,est_gtstart,76.98299530258498,4.155328014936799,,
v,399,399,1.4783117062331517,False,est_warmstart,76.31149281503966,4.26163585056821,,
v,399,399,1.4783117062331517,False,view_gap,1.5470821615773638,18.61311698216994,0.9994765965496493,0.9989693288268743
v,400,400,1.4763809047244822,False,T0_raw,161.77638300012984,3.1720495808214135,,
v,400,400,1.4763809047244822,False,oracle,71.6554871162077,4.865088195229258,,
v,400,400,1.4763809047244822,False,est_gtstart,71.74835985750022,4.868302184978855,,
v,400,400,1.4763809047244822,False,est_warmstart,70.57371308757597,5.038710689116817,,
v,400,400,1.4763809047244822,False,view_gap,1.5647750795633593,18.60586218617577,0.9999998440275557,0.9999997809414286
v,401,401,1.4734747605883198,False,T0_raw,164.5310681887868,3.516184751861971,,
v,401,401,1.4734747605883198,False,oracle,60.61752929986651,3.651223542449544,,
v,401,401,1.4734747605883198,False,est_gtstart,62.74772248552174,3.7872024794658623,,
v,401,401,1.4734747605883198,False,est_warmstart,62.8125836495714,3.6892713330999936,,
v,401,401,1.4734747605883198,False,view_gap,1.5900064043142446,21.90978525700782,0.9995018270243743,0.9935751809856135
v,402,402,1.4715536998415206,False,T0_raw,165.37265383343228,3.2543374175543875,,
v,402,402,1.4715536998415206,False,oracle,61.62504677718155,3.843989097559462,,
v,402,402,1.4715536998415206,False,est_gtstart,61.727383674653375,3.8437522847024383,,
v,402,402,1.4715536998415206,False,est_warmstart,61.80323127119092,4.000942196184265,,
v,402,402,1.4715536998415206,False,view_gap,1.6068401054105532,13.55063173062998,0.9999998658063591,0.999998348769832
v,403,403,1.4687655387815313,False,T0_raw,166.78892060910047,4.063244139686802,,
v,403,403,1.4687655387815313,False,oracle,59.32566183229562,2.754916863414415,,
v,403,403,1.4687655387815313,False,est_gtstart,59.39962039662833,2.757428159666057,,
v,403,403,1.4687655387815313,False,est_warmstart,60.04277733129518,3.060511155008205,,
v,403,403,1.4687655387815313,False,view_gap,1.624147694918302,10.751953666757963,0.9999998622061638,0.999995969722744
v,404,404,1.4668550048231273,False,T0_raw,165.35555180089324,3.429436718960175,,
v,404,404,1.4668550048231273,False,oracle,58.190401948544405,3.180040553698194,,
v,404,404,1.4668550048231273,False,est_gtstart,58.18240112205801,3.18947163193809,,
v,404,404,1.4668550048231273,False,est_warmstart,59.39472192637031,3.710860456748504,,
v,404,404,1.4668550048231273,False,view_gap,1.6103601521988504,12.039337352219626,0.9999998694514658,0.9999944836647502
v,405,405,1.4640970514111882,False,T0_raw,167.49359629790584,4.185526421865482,,
v,405,405,1.4640970514111882,False,oracle,59.44805959705926,2.400219263773312,,
v,405,405,1.4640970514111882,False,est_gtstart,59.507874474580845,2.399537622561836,,
v,405,405,1.4640970514111882,False,est_warmstart,60.99099350372495,2.7250099830086865,,
v,405,405,1.4640970514111882,False,view_gap,1.6337894000523805,10.845653250890486,0.999999879903731,0.9999984654788023
v,406,406,1.462176344335323,False,T0_raw,164.89218463214823,3.100195155757631,,
v,406,406,1.462176344335323,False,oracle,58.67531332850586,2.7986172157728912,,
v,406,406,1.462176344335323,False,est_gtstart,58.66656765191554,2.79886815446427,,
v,406,406,1.462176344335323,False,est_warmstart,60.692144988639534,3.330904717512533,,
v,406,406,1.462176344335323,False,view_gap,1.6111900808511481,4.891823048727595,0.9999998897602691,0.9999981825388679
v,407,407,1.4607085303263923,False,T0_raw,163.14747984015477,3.098420097400934,,
v,407,407,1.4607085303263923,False,oracle,69.40560692884857,3.6413384643043036,,
v,407,407,1.4607085303263923,False,est_gtstart,69.40928384555443,3.638605932157176,,
v,407,407,1.4607085303263923,False,est_warmstart,72.15017454814678,4.219423844936335,,
v,407,407,1.4607085303263923,False,view_gap,1.5942140852958742,3.5942361782907994,0.9999998996924002,0.9999986074359499
v,408,408,1.4575282394089082,False,T0_raw,168.2165464867844,2.9726195223105742,,
v,408,408,1.4575282394089082,False,oracle,68.2757129534448,2.1853481264703247,,
v,408,408,1.4575282394089082,False,est_gtstart,68.28980419930602,2.193558491954897,,
v,408,408,1.4575282394089082,False,est_warmstart,70.05479350108412,2.781864406544186,,
v,408,408,1.4575282394089082,False,view_gap,1.6465812308725867,4.542386474017057,0.9999999037055367,0.9999959869031483
v,409,409,1.4560651854934548,False,T0_raw,166.8501803598743,2.326428167217322,,
v,409,409,1.4560651854934548,False,oracle,69.69569078786095,2.780984060119059,,
v,409,409,1.4560651854934548,False,est_gtstart,69.66124254848995,2.782257410904894,,
v,409,409,1.4560651854934548,False,est_warmstart,71.62253839057777,3.3457278136300315,,
v,409,409,1.4560651854934548,False,view_gap,1.6340729136577552,5.023232770223096,0.9999999116253472,0.9999974472784627
v,410,410,1.452950588957695,False,T0_raw,166.42452343342208,3.333898354425909,,
v,410,410,1.452950588957695,False,oracle,72.41164918300757,2.4082328048389,,
v,410,410,1.452950588957695,False,est_gtstart,72.40381451996947,2.4094992971186793,,
v,410,410,1.452950588957695,False,est_warmstart,73.33230032469447,2.690014721249681,,
v,410,410,1.452950588957695,False,view_gap,1.631992839675692,1.9309569856744702,0.999999921277429,0.9999989275169558
v,411,411,1.45148189580086,False,T0_raw,162.94207541957402,2.91400531767327,,
v,411,411,1.45148189580086,False,oracle,73.3334681842788,1.8186999858324073,,
v,411,411,1.45148189580086,False,est_gtstart,73.2659569235431,1.8172755929320437,,
v,411,411,1.45148189580086,False,est_warmstart,74.59031333108751,2.0825449103905402,,
v,411,411,1.45148189580086,False,view_gap,1.5984013058765805,1.2177178219108242,0.9999999278890345,0.9999989823882703
v,412,412,1.4484395986631509,False,T0_raw,164.0208019388991,4.324950149907763,,
v,412,412,1.4484395986631509,False,oracle,77.50712339175304,3.3244874177531702,,
v,412,412,1.4484395986631509,False,est_gtstart,77.38251278847612,3.319081252140644,,
v,412,412,1.4484395986631509,False,est_warmstart,77.84479720842091,3.3796766886770255,,
v,412,412,1.4484395986631509,False,view_gap,1.6072651294337315,9.19357255155795,0.99999993091495,0.9999990080886575
v,413,413,1.4473184562316623,False,T0_raw,164.63280919605327,3.430487526221831,,
v,413,413,1.4473184562316623,False,oracle,82.97132345970374,3.0905904558251516,,
v,413,413,1.4473184562316623,False,est_gtstart,82.90312978440362,3.087896346295659,,
v,413,413,1.4473184562316623,False,est_warmstart,82.82120213126433,3.1581463749956287,,
v,413,413,1.4473184562316623,False,view_gap,1.6140677600015756,9.408483551459845,0.9999999350834107,0.9999995748071581
v,414,414,1.4453695113518201,False,T0_raw,163.000187099064,2.6341483520899427,,
v,414,414,1.4453695113518201,False,oracle,85.22887232495711,2.522646475344064,,
v,414,414,1.4453695113518201,False,est_gtstart,85.16939440647609,2.5206248102447333,,
v,414,414,1.4453695113518201,False,est_warmstart,85.36100964156469,2.742438215887436,,
v,414,414,1.4453695113518201,False,view_gap,1.5976605374911654,11.093595564437564,0.9999999406527394,0.9999998861605465
v,415,415,1.44280355515742,False,T0_raw,163.46766746786076,3.076876202467139,,
v,415,415,1.44280355515742,False,oracle,89.83759713398078,3.6072301410771623,,
v,415,415,1.44280355515742,False,est_gtstart,89.78270903078052,3.60356827515203,,
v,415,415,1.44280355515742,False,est_warmstart,89.80664470703866,3.6582682915114773,,
v,415,415,1.44280355515742,False,view_gap,1.6068880863037807,7.056783378879494,0.9999999489738621,0.9999997977044935
v,416,416,1.4408487874736426,False,T0_raw,164.65331970605146,3.3316742717708276,,
v,416,416,1.4408487874736426,False,oracle,93.97903875571693,3.503141615030345,,
v,416,416,1.4408487874736426,False,est_gtstart,93.89607108290527,3.5018174538296605,,
v,416,416,1.4408487874736426,False,est_warmstart,93.90264650155633,3.210454688378426,,
v,416,416,1.4408487874736426,False,view_gap,1.6184597125468212,8.769330166611411,0.9999999521882247,0.9999996760888527
v,417,417,1.4377689612052236,False,T0_raw,171.28248720373293,4.1310657075425965,,
v,417,417,1.4377689612052236,False,oracle,143.87177486674543,14.04602159902174,,
v,417,417,1.4377689612052236,False,est_gtstart,143.82504608746618,14.046973228925461,,
v,417,417,1.4377689612052236,False,est_warmstart,144.7101200080526,13.86882830753962,,
v,417,417,1.4377689612052236,False,view_gap,1.6519345216003314,33.31573938463084,0.9999999352507409,0.9999999321431238
v,418,418,1.4351047189474053,False,T0_raw,169.0295252887005,2.409249790455959,,
v,418,418,1.4351047189474053,False,oracle,143.47613491531823,12.115660281429067,,
v,418,418,1.4351047189474053,False,est_gtstart,143.4506110026993,12.112881002179524,,
v,418,418,1.4351047189474053,False,est_warmstart,146.66851932934318,11.728696354608918,,
v,418,418,1.4351047189474053,False,view_gap,1.6490516224141991,22.62252056702696,0.9999999471081442,0.999999973413222
v,419,419,1.4302808910190699,False,T0_raw,170.82782205167044,5.12399234836076,,
v,419,419,1.4302808910190699,False,oracle,114.98017894536845,5.29003067170994,,
v,419,419,1.4302808910190699,False,est_gtstart,114.96686522190555,5.286170371590008,,
v,419,419,1.4302808910190699,False,est_warmstart,116.20007639015232,4.996634843468234,,
v,419,419,1.4302808910190699,False,view_gap,1.6842090962604663,4.861493577285714,0.9999999671657729,0.9999999815765787
v,420,420,1.4281413840429693,False,T0_raw,169.68153544572303,4.0362118353483885,,
v,420,420,1.4281413840429693,False,oracle,116.54406231254859,4.609711114365998,,
v,420,420,1.4281413840429693,False,est_gtstart,116.41975162389845,4.608179506701984,,
v,420,420,1.4281413840429693,False,est_warmstart,118.5549776140958,3.870098499863739,,
v,420,420,1.4281413840429693,False,view_gap,1.6732014971277065,4.211864324337178,0.9999999689512576,0.9999999129602425
v,421,421,1.4263233999567482,False,T0_raw,168.78270832873815,3.351209322058137,,
v,421,421,1.4263233999567482,False,oracle,121.64651034776875,3.9458805734248665,,
v,421,421,1.4263233999567482,False,est_gtstart,121.59503200822157,3.9464475943324597,,
v,421,421,1.4263233999567482,False,est_warmstart,123.94341206867315,3.338020588657432,,
v,421,421,1.4263233999567482,False,view_gap,1.6624162560611928,7.9487460007579,0.9999999675881993,0.9999999944111957
v,422,422,1.4241290191232001,False,T0_raw,170.559778599613,3.89352193520456,,
v,422,422,1.4241290191232001,False,oracle,126.92103100398452,5.160378304410577,,
v,422,422,1.4241290191232001,False,est_gtstart,126.85115662328892,5.158412865007863,,
v,422,422,1.4241290191232001,False,est_warmstart,130.21055548818384,4.594329822899689,,
v,422,422,1.4241290191232001,False,view_gap,1.6814768290770443,4.782221163281974,0.9999999725763051,0.9999999814059515
v,423,423,1.4237573268862402,False,T0_raw,169.38647028603714,3.3721614081140627,,
v,423,423,1.4237573268862402,False,oracle,133.18000751708087,4.99358914162082,,
v,423,423,1.4237573268862402,False,est_gtstart,125.8493216928151,4.942090563065437,,
v,423,423,1.4237573268862402,False,est_warmstart,129.7071528819809,4.220784140826298,,
v,423,423,1.4237573268862402,False,view_gap,1.6694491712238484,5.668653307025373,0.9995614220892288,0.9999490943452303
v,424,424,1.4244666439021871,False,T0_raw,166.10233608369472,4.395295079661382,,
v,424,424,1.4244666439021871,False,oracle,131.5278584221193,6.546675088561686,,
v,424,424,1.4244666439021871,False,est_gtstart,131.71615866956535,6.5592464354281255,,
v,424,424,1.4244666439021871,False,est_warmstart,133.30289136961454,5.9100554901826134,,
v,424,424,1.4244666439021871,False,view_gap,1.6375753996382365,4.193093032506923,0.9999967765656155,0.9999904717871798
v,425,425,1.4255443731870614,False,T0_raw,163.70898681056292,3.096612607215034,,
v,425,425,1.4255443731870614,False,oracle,134.94763598068792,4.9494587902056795,,
v,425,425,1.4255443731870614,False,est_gtstart,128.41233367024518,4.8402014504233355,,
v,425,425,1.4255443731870614,False,est_warmstart,129.25223617059189,4.128507575161627,,
v,425,425,1.4255443731870614,False,view_gap,1.613597708122168,4.943318731340796,0.9997267285047905,0.9999708506534541
v,426,426,1.4271019432780085,False,T0_raw,160.41773120799166,2.032493361994583,,
v,426,426,1.4271019432780085,False,oracle,131.09914315347655,3.854842766161784,,
v,426,426,1.4271019432780085,False,est_gtstart,131.00053064164348,3.8555899920962338,,
v,426,426,1.4271019432780085,False,est_warmstart,131.61360165095675,3.2323177713300777,,
v,426,426,1.4271019432780085,False,view_gap,1.582381943469793,5.147222501166837,0.9999999390888067,0.9999999961824807
v,427,427,1.4316408789513064,False,T0_raw,159.65891807397452,3.9282615916772183,,
v,427,427,1.4316408789513064,False,oracle,159.77349091610077,10.094429452023203,,
v,427,427,1.4316408789513064,False,est_gtstart,152.72580950767937,9.758660948444623,,
v,427,427,1.4316408789513064,False,est_warmstart,136.21777571198854,7.248717036620095,,
v,427,427,1.4316408789513064,False,view_gap,1.5678119361056997,13.110525778838422,0.9997017993222983,0.9999497309722992
v,428,428,1.4346087220587727,False,T0_raw,157.83567756421326,2.8915712926675368,,
v,428,428,1.4346087220587727,False,oracle,119.68765511945901,3.9870038790593054,,
v,428,428,1.4346087220587727,False,est_gtstart,119.62141844758725,3.983872232950272,,
v,428,428,1.4346087220587727,False,est_warmstart,120.46262184985562,3.7560476764462787,,
v,428,428,1.4346087220587727,False,view_gap,1.5569266187823796,0.6031451083536865,0.9999999321958339,0.9999999955366059
v,429,429,1.4418975082073238,False,T0_raw,155.9746250483134,3.791900393604123,,
v,429,429,1.4418975082073238,False,oracle,125.2787260083566,4.888343617668789,,
v,429,429,1.4418975082073238,False,est_gtstart,117.55504173305394,4.658377987129332,,
v,429,429,1.4418975082073238,False,est_warmstart,118.00766376376906,4.55504416058952,,
v,429,429,1.4418975082073238,False,view_gap,1.5382605420901774,0.7596566489072032,0.9996584446440192,0.9999584626510349
v,430,430,1.446201718018677,False,T0_raw,158.31416759269936,3.4925949258567677,,
v,430,430,1.446201718018677,False,oracle,121.16741200795195,4.663043107551393,,
v,430,430,1.446201718018677,False,est_gtstart,120.734035244881,4.715197103507725,,
v,430,430,1.446201718018677,False,est_warmstart,121.63970700126185,4.547665700373386,,
v,430,430,1.446201718018677,False,view_gap,1.560792595230854,2.7301509015984493,0.9999898883992576,0.9999640016570367
v,431,431,1.4561458442064774,False,T0_raw,158.18603406179759,4.053248000209701,,
v,431,431,1.4561458442064774,False,oracle,116.95301424441276,5.215925166334339,,
v,431,431,1.4561458442064774,False,est_gtstart,116.92116151523622,5.215685689837289,,
v,431,431,1.4561458442064774,False,est_warmstart,117.35416076983596,5.180714041518549,,
v,431,431,1.4561458442064774,False,view_gap,1.5601726352666012,1.9210887697642676,0.9999999510711843,0.9999999997426977
v,432,432,1.461762521800209,False,T0_raw,159.10940542106658,4.4659668509099255,,
v,432,432,1.461762521800209,False,oracle,119.60792797491226,5.693645475097511,,
v,432,432,1.461762521800209,False,est_gtstart,119.57616361709523,5.693901611525588,,
v,432,432,1.461762521800209,False,est_warmstart,119.84774340554902,5.633243817178559,,
v,432,432,1.461762521800209,False,view_gap,1.566097063338975,7.909796702978866,0.9999999303952948,0.9999999998290593
v,433,433,1.4677924845124142,False,T0_raw,162.927844297866,4.235379949118479,,
v,433,433,1.4677924845124142,False,oracle,125.78137538092126,5.656353787546032,,
v,433,433,1.4677924845124142,False,est_gtstart,125.75238517670955,5.657813972889277,,
v,433,433,1.4677924845124142,False,est_warmstart,125.85006979435944,5.544819442479976,,
v,433,433,1.4677924845124142,False,view_gap,1.601428370266177,11.15963906092432,0.9999999159364589,0.9999999977734332
v,434,434,1.481022966157087,False,T0_raw,160.31762123387486,3.6602079051788747,,
v,434,434,1.481022966157087,False,oracle,114.8436333783504,4.7412228760775665,,
v,434,434,1.481022966157087,False,est_gtstart,114.2794922301351,4.778390456430071,,
v,434,434,1.481022966157087,False,est_warmstart,114.78176466749142,4.52562498524028,,
v,434,434,1.481022966157087,False,view_gap,1.5806278881297098,1.8280782622719371,0.9999228920729804,0.9995011613999896
v,435,435,1.4881921622972174,False,T0_raw,162.49388891745377,3.0565968099260803,,
v,435,435,1.4881921622972174,False,oracle,117.26714199695576,4.869294770742347,,
v,435,435,1.4881921622972174,False,est_gtstart,117.24982361024682,4.8686703769181845,,
v,435,435,1.4881921622972174,False,est_warmstart,118.4117925132229,4.312964796511941,,
v,435,435,1.4881921622972174,False,view_gap,1.601755015955263,3.016972890139691,0.9999999450782922,0.9999999888017224
v,436,436,1.5035536243403074,False,T0_raw,164.26468792809166,3.5845472905045628,,
v,436,436,1.5035536243403074,False,oracle,130.34379746330262,6.919549628475395,,
v,436,436,1.5035536243403074,False,est_gtstart,130.37794172125507,6.928872877997153,,
v,436,436,1.5035536243403074,False,est_warmstart,130.79901296340245,6.456303225998318,,
v,436,436,1.5035536243403074,False,view_gap,1.615134376469588,10.552396615986837,0.9999999018090757,0.9999999572730809
v,437,437,1.5117094273690932,False,T0_raw,163.9482051668852,3.426586182844338,,
v,437,437,1.5117094273690932,False,oracle,138.11710074091394,6.789149772355816,,
v,437,437,1.5117094273690932,False,est_gtstart,137.22229076062973,6.877865693484906,,
v,437,437,1.5117094273690932,False,est_warmstart,138.56705083073683,6.530923776150198,,
v,437,437,1.5117094273690932,False,view_gap,1.606036048749383,16.788358220472865,0.9993529987542533,0.9994034826249812
v,438,438,1.5288733330353168,False,T0_raw,165.6111321593939,4.3542424598384,,
v,438,438,1.5288733330353168,False,oracle,128.66419699244113,7.142789196828171,,
v,438,438,1.5288733330353168,False,est_gtstart,127.20556992714468,7.350735790729901,,
v,438,438,1.5288733330353168,False,est_warmstart,128.55231205089672,6.976482214667273,,
v,438,438,1.5288733330353168,False,view_gap,1.6245428467837377,14.980869048912382,0.9990500740385435,0.9991224292497021
v,439,439,1.5378390207643688,False,T0_raw,161.84527703281367,3.0358624208308154,,
v,439,439,1.5378390207643688,False,oracle,124.59993560571722,6.214192502407635,,
v,439,439,1.5378390207643688,False,est_gtstart,124.63900657545307,6.215645975156488,,
v,439,439,1.5378390207643688,False,est_warmstart,125.95491801911457,5.894893857874501,,
v,439,439,1.5378390207643688,False,view_gap,1.5885504232779786,13.78296142676394,0.9999998057964761,0.9999998352469183
v,440,440,1.54703361371503,False,T0_raw,161.90043957251785,2.0784883863842665,,
v,440,440,1.54703361371503,False,oracle,115.80653079429818,4.178716272230952,,
v,440,440,1.54703361371503,False,est_gtstart,115.86347652174656,4.184608750045494,,
v,440,440,1.54703361371503,False,est_warmstart,116.58097984159367,3.4811234306424796,,
v,440,440,1.54703361371503,False,view_gap,1.587091359260837,15.756580321456326,0.9999997430454015,0.9999997441388228
v,441,441,1.565991288107912,False,T0_raw,159.55897101163245,2.8574340473551434,,
v,441,441,1.565991288107912,False,oracle,111.61121253364324,4.267175136265405,,
v,441,441,1.565991288107912,False,est_gtstart,110.52026919712218,4.5912512545886495,,
v,441,441,1.565991288107912,False,est_warmstart,111.3755845958411,4.156650803911431,,
v,441,441,1.565991288107912,False,view_gap,1.5634643791192266,16.225031870808593,0.9965099357270655,0.9979698105595306
v,442,442,1.5757108366001542,False,T0_raw,159.37052564346712,2.8350880471180306,,
v,442,442,1.5757108366001542,False,oracle,110.40501122027489,3.7969964898351485,,
v,442,442,1.5757108366001542,False,est_gtstart,110.45539313358914,3.8043358285478375,,
v,442,442,1.5757108366001542,False,est_warmstart,111.26190446931925,3.4133629291636933,,
v,442,442,1.5757108366001542,False,view_gap,1.5528288804805477,22.755640501168628,0.9999962039131418,0.9999997475456464
v,443,443,1.5955415847812924,False,T0_raw,157.43710081215534,4.0076007479423525,,
v,443,443,1.5955415847812924,False,oracle,104.82698936570328,4.3908762563936525,,
v,443,443,1.5955415847812924,False,est_gtstart,104.84476227554629,4.392764873784674,,
v,443,443,1.5955415847812924,False,est_warmstart,104.82864684362538,4.304465128316269,,
v,443,443,1.5955415847812924,False,view_gap,1.5383452057004192,19.54832985409727,0.9999956295550392,0.9999992218440845
v,444,444,1.6056142636775117,False,T0_raw,157.79875196945474,3.3565444596316305,,
v,444,444,1.6056142636775117,False,oracle,107.81536402911999,4.009336330836137,,
v,444,444,1.6056142636775117,False,est_gtstart,107.8717341517678,4.013911485807931,,
v,444,444,1.6056142636775117,False,est_warmstart,108.07287360568276,3.714079709167322,,
v,444,444,1.6056142636775117,False,view_gap,1.5449024134631113,17.260206224674945,0.9999938704580076,0.9999994373426292
v,445,445,1.6157638052172505,False,T0_raw,157.07937195937643,3.168140725916361,,
v,445,445,1.6157638052172505,False,oracle,99.2889785260883,2.5424456025281628,,
v,445,445,1.6157638052172505,False,est_gtstart,102.18867509291805,3.0627484258793234,,
v,445,445,1.6157638052172505,False,est_warmstart,98.59621795647516,2.634221651461921,,
v,445,445,1.6157638052172505,False,view_gap,1.540975792870611,14.442952017356347,0.9900468868564778,0.9982360748664195
v,446,446,1.6362161410747869,False,T0_raw,157.96903794318888,4.178419838381138,,
v,446,446,1.6362161410747869,False,oracle,99.67415406650935,3.2720804387293456,,
v,446,446,1.6362161410747869,False,est_gtstart,99.75764590410081,3.2777636648631,,
v,446,446,1.6362161410747869,False,est_warmstart,100.00720185989294,3.073302557008112,,
v,446,446,1.6362161410747869,False,view_gap,1.5404137488371612,21.826574936939735,0.9999924643318494,0.9999993007462509
v,447,447,1.6464793250620566,False,T0_raw,160.84187950104197,3.512312882362374,,
v,447,447,1.6464793250620566,False,oracle,102.71011610869989,2.816205189732221,,
v,447,447,1.6464793250620566,False,est_gtstart,102.84513508749338,2.8200198962725045,,
v,447,447,1.6464793250620566,False,est_warmstart,104.41716496940818,2.668896340294189,,
v,447,447,1.6464793250620566,False,view_gap,1.5724415836869852,19.363325399657683,0.9999911979330404,0.9999990586749191
v,448,448,1.6669653211005844,False,T0_raw,161.7789157693879,4.278934872435738,,
v,448,448,1.6669653211005844,False,oracle,105.4205240321179,3.224312222340511,,
v,448,448,1.6669653211005844,False,est_gtstart,102.16679903495123,3.4928358835387963,,
v,448,448,1.6669653211005844,False,est_warmstart,104.21239829860416,3.198510863801912,,
v,448,448,1.6669653211005844,False,view_gap,1.581566165675774,19.496179032563177,0.9844037485503273,0.9986720380437664
v,449,449,1.6771442426099543,False,T0_raw,163.19988851091395,4.092683322172892,,
v,449,449,1.6771442426099543,False,oracle,104.98047758553813,2.679713910792089,,
v,449,449,1.6771442426099543,False,est_gtstart,105.06732572911353,2.686795384945759,,
v,449,449,1.6771442426099543,False,est_warmstart,107.50075947309277,2.51010695869593,,
v,449,449,1.6771442426099543,False,view_gap,1.597890472624529,17.73533671302374,0.9999918045493321,0.9999989176343156
v,450,450,1.6972763019744197,False,T0_raw,164.88739840493835,4.9085580005357885,,
v,450,450,1.6972763019744197,False,oracle,103.32392211983472,3.2441715853261504,,
v,450,450,1.6972763019744197,False,est_gtstart,103.35899002859408,3.2573789148471226,,
v,450,450,1.6972763019744197,False,est_warmstart,104.24585676576133,2.957879363141102,,
v,450,450,1.6972763019744197,False,view_gap,1.6186848454603942,13.981112033203402,0.9999974666709782,0.9999995746007802
v,451,451,1.7071912181191675,False,T0_raw,165.12336097073455,3.857319395057245,,
v,451,451,1.7071912181191675,False,oracle,106.47239113054505,2.457638868808257,,
v,451,451,1.7071912181191675,False,est_gtstart,106.54062567092409,2.4690992541063688,,
v,451,451,1.7071912181191675,False,est_warmstart,107.80736823927985,2.3235506707138334,,
v,451,451,1.7071912181191675,False,view_gap,1.6219461811980025,12.985522538023986,0.9999975304473637,0.9999989984565583
v,452,452,1.7169775443152415,False,T0_raw,167.61074669276138,3.7990776040056753,,
v,452,452,1.7169775443152415,False,oracle,109.54601977993848,2.2121348622957258,,
v,452,452,1.7169775443152415,False,est_gtstart,106.83586777911859,2.3728484419117404,,
v,452,452,1.7169775443152415,False,est_warmstart,108.77410759920963,2.251134596107823,,
v,452,452,1.7169775443152415,False,view_gap,1.6483397979502692,10.81878462550634,0.9896263422244849,0.9987393019583064
v,453,453,1.7124458747081184,False,T0_raw,165.54165108595603,4.442892565846846,,
v,453,453,1.7124458747081184,False,oracle,98.77116517491717,3.18591383614675,,
v,453,453,1.7124458747081184,False,est_gtstart,98.806806581456,3.187622129818691,,
v,453,453,1.7124458747081184,False,est_warmstart,100.22291444720149,3.253961494985856,,
v,453,453,1.7124458747081184,False,view_gap,1.6279700653671976,10.674976452239804,0.9999990610283879,0.9999995639482184
v,454,454,1.7094525433597951,False,T0_raw,166.71063610459808,3.3667063194541855,,
v,454,454,1.7094525433597951,False,oracle,103.02852558845727,2.698570563388991,,
v,454,454,1.7094525433597951,False,est_gtstart,103.09560031706836,2.700955323288183,,
v,454,454,1.7094525433597951,False,est_warmstart,104.74624799966521,2.9177934222279704,,
v,454,454,1.7094525433597951,False,view_gap,1.6416075001592956,7.561769797554518,0.9999990470133387,0.9999994948628799
v,455,455,1.7024627503792769,False,T0_raw,166.01014352637003,3.7926893501072194,,
v,455,455,1.7024627503792769,False,oracle,97.26171414166244,3.089149661021798,,
v,455,455,1.7024627503792769,False,est_gtstart,97.30833145458233,3.094092600268107,,
v,455,455,1.7024627503792769,False,est_warmstart,98.75767272733692,2.9752271305317817,,
v,455,455,1.7024627503792769,False,view_gap,1.633643905109018,9.114210868061079,0.9999999853692921,0.999999486205638
v,456,456,1.6995190855448081,False,T0_raw,165.9771292896609,3.767914404450067,,
v,456,456,1.6995190855448081,False,oracle,101.86825035964333,3.158316896914781,,
v,456,456,1.6995190855448081,False,est_gtstart,96.82787158155874,3.3259007658768582,,
v,456,456,1.6995190855448081,False,est_warmstart,98.57505286759282,3.3093752622659545,,
v,456,456,1.6995190855448081,False,view_gap,1.6283806215335903,14.848950715921738,0.9999578563239204,0.9983794720128811
v,457,457,1.6924406881041976,False,T0_raw,167.73817543015963,4.326057534620801,,
v,457,457,1.6924406881041976,False,oracle,104.97161313744066,3.4630006321398104,,
v,457,457,1.6924406881041976,False,est_gtstart,106.99966554482948,3.638265954191284,,
v,457,457,1.6924406881041976,False,est_warmstart,106.665321233152,3.736303606636901,,
v,457,457,1.6924406881041976,False,view_gap,1.6463162268902534,14.21696117754756,0.9999835169351138,0.9983057213037486
v,458,458,1.6894621592307346,False,T0_raw,167.12622992932157,3.476860316169243,,
v,458,458,1.6894621592307346,False,oracle,104.93271994694027,1.3484150935790828,,
v,458,458,1.6894621592307346,False,est_gtstart,107.34353171567174,1.6839702852189484,,
v,458,458,1.6894621592307346,False,est_warmstart,107.6983141704697,1.4271457341852039,,
v,458,458,1.6894621592307346,False,view_gap,1.642257466255445,11.981481374269798,0.9999836598677587,0.9979011825667139
v,459,459,1.6858388958923685,False,T0_raw,166.0719061637888,3.48622961087623,,
v,459,459,1.6858388958923685,False,oracle,107.57417045138615,2.2332977553707605,,
v,459,459,1.6858388958923685,False,est_gtstart,103.28502881324937,2.1599675845050585,,
v,459,459,1.6858388958923685,False,est_warmstart,103.74207569609061,2.122264344227568,,
v,459,459,1.6858388958923685,False,view_gap,1.6255253334564737,18.03976933192253,0.9999888598711092,0.9985601505878582
v,460,460,1.679213468894995,False,T0_raw,166.12772877656022,3.782896185056715,,
v,460,460,1.679213468894995,False,oracle,102.58677069246632,1.8639578140637512,,
v,460,460,1.679213468894995,False,est_gtstart,102.56820169247557,1.86627588902482,,
v,460,460,1.679213468894995,False,est_warmstart,102.59460931824266,1.757133064262768,,
v,460,460,1.679213468894995,False,view_gap,1.629284358411945,15.106501013630869,0.999999996802431,0.9999999327448809
v,461,461,1.675837720510025,False,T0_raw,165.06197659975976,3.3710180173209743,,
v,461,461,1.675837720510025,False,oracle,102.35213372373319,1.888153993648429,,
v,461,461,1.675837720510025,False,est_gtstart,98.81789730890476,1.8755305538889693,,
v,461,461,1.675837720510025,False,est_warmstart,98.6890650590748,1.8785557020769565,,
v,461,461,1.675837720510025,False,view_gap,1.6207556272946517,13.01100106135511,0.9999825178894586,0.9989679654462085
v,462,462,1.6693000983741955,False,T0_raw,166.86862080929797,4.096196456903354,,
v,462,462,1.6693000983741955,False,oracle,102.53441174046925,2.9901791238738102,,
v,462,462,1.6693000983741955,False,est_gtstart,102.50170798703749,2.986202504315621,,
v,462,462,1.6693000983741955,False,est_warmstart,102.27462667858033,2.9209806947285015,,
v,462,462,1.6693000983741955,False,view_gap,1.642596294193069,7.5877822140357765,0.9999999987661022,0.9999998153198081
v,463,463,1.6659198805797357,False,T0_raw,168.25995884232785,3.5423693074521965,,
v,463,463,1.6659198805797357,False,oracle,105.53245762464145,1.8742533174117009,,
v,463,463,1.6659198805797357,False,est_gtstart,101.28336481356646,1.9810196182358575,,
v,463,463,1.6659198805797357,False,est_warmstart,101.28619154628412,1.8086571673551657,,
v,463,463,1.6659198805797357,False,view_gap,1.6558882638488652,8.240948697219252,0.9999857889655948,0.9989558945431501
v,464,464,1.6629336040226967,False,T0_raw,169.45179389464306,3.2796050373955747,,
v,464,464,1.6629336040226967,False,oracle,107.07436844517257,1.9633658994382275,,
v,464,464,1.6629336040226967,False,est_gtstart,107.05853646128065,1.9669946897140467,,
v,464,464,1.6629336040226967,False,est_warmstart,106.57260796729565,1.8927686327148523,,
v,464,464,1.6629336040226967,False,view_gap,1.6663182596661492,10.145521389881118,0.9999999996247545,0.9999999697573858
v,465,465,1.6560944762891816,False,T0_raw,173.23473203409196,3.991073032154205,,
v,465,465,1.6560944762891816,False,oracle,103.19658225883022,1.8375478839065982,,
v,465,465,1.6560944762891816,False,est_gtstart,97.54237124481946,2.499734991607442,,
v,465,465,1.6560944762891816,False,est_warmstart,98.36524433304183,2.4403858683163957,,
v,465,465,1.6560944762891816,False,view_gap,1.707256015850364,3.1591720661925393,0.9999859047532551,0.9969299518732752
v,466,466,1.6527039581147662,False,T0_raw,174.47281384342423,1.8527740455907828,,
v,466,466,1.6527039581147662,False,oracle,145.6261122790287,14.800736429791302,,
v,466,466,1.6527039581147662,False,est_gtstart,145.60119107877216,14.794281258486732,,
v,466,466,1.6527039581147662,False,est_warmstart,100.7259442156127,20.2577431952241,,
v,466,466,1.6527039581147662,False,view_gap,1.6911969709592085,29.461052298336732,0.9999999999041816,0.9999997853163806
v,467,467,1.6462610546610874,False,T0_raw,171.47017751970066,2.799525726478587,,
v,467,467,1.6462610546610874,False,oracle,92.8165593110297,13.834755856112182,,
v,467,467,1.6462610546610874,False,est_gtstart,86.49945056278712,13.84213613898437,,
v,467,467,1.6462610546610874,False,est_warmstart,81.31592938324496,14.483404041446665,,
v,467,467,1.6462610546610874,False,view_gap,1.6348169713518397,41.35171489928702,0.9999869102652793,0.9997837202602499
v,468,468,1.6428638929670438,False,T0_raw,172.31178188576655,3.0317802302788324,,
v,468,468,1.6428638929670438,False,oracle,105.27532449853408,1.248584174227602,,
v,468,468,1.6428638929670438,False,est_gtstart,105.28745151096406,1.2476057071931805,,
v,468,468,1.6428638929670438,False,est_warmstart,107.14459174577703,1.1689621017940541,,
v,468,468,1.6428638929670438,False,view_gap,1.6989178999407344,1.053512313251126,0.999999999965263,0.9999999995292332
v,469,469,1.6365081077249295,False,T0_raw,177.3310108577131,4.392488105995002,,
v,469,469,1.6365081077249295,False,oracle,116.36246279581178,1.7929186442232903,,
v,469,469,1.6365081077249295,False,est_gtstart,116.35947351244769,1.7908658404120203,,
v,469,469,1.6365081077249295,False,est_warmstart,116.8253473870226,1.3497525742086627,,
v,469,469,1.6365081077249295,False,view_gap,1.7484425785874091,2.749427492344303,0.999999999676357,0.9999999420469996
v,470,470,1.633102400113817,False,T0_raw,217.59724364022256,8.336734657585795,,
v,470,470,1.633102400113817,False,oracle,176.15414306240243,13.858874021838837,,
v,470,470,1.633102400113817,False,est_gtstart,176.15506854068911,13.858723940290371,,
v,470,470,1.633102400113817,False,est_warmstart,177.2865481350222,14.57835463118169,,
v,470,470,1.633102400113817,False,view_gap,1.8763059622759055,102.40961000362691,0.9999999999959146,0.9999999990592506
v,471,471,1.6300969603607292,False,T0_raw,171.19918199186733,2.8478158504809348,,
v,471,471,1.6300969603607292,False,oracle,105.65281056307617,2.2525868109932077,,
v,471,471,1.6300969603607292,False,est_gtstart,105.64606503507703,2.256104214623528,,
v,471,471,1.6300969603607292,False,est_warmstart,107.27993070225105,2.212399543580383,,
v,471,471,1.6300969603607292,False,view_gap,1.685658374676067,11.394240000278444,0.999999999688928,0.9999995198420082
v,472,472,1.6235678589969325,False,T0_raw,170.2035616432995,3.7103628673296734,,
v,472,472,1.6235678589969325,False,oracle,112.44736896053489,2.620576098710216,,
v,472,472,1.6235678589969325,False,est_gtstart,112.47554661733001,2.6208841995334935,,
v,472,472,1.6235678589969325,False,est_warmstart,112.26693391716245,2.2088481267063793,,
v,472,472,1.6235678589969325,False,view_gap,1.673286887867444,15.333938741806996,0.9999999985069695,0.9999999794560483
v,473,473,1.6201483296579673,False,T0_raw,166.8959057014039,2.9669326253578463,,
v,473,473,1.6201483296579673,False,oracle,103.82217991595157,2.5105149844393493,,
v,473,473,1.6201483296579673,False,est_gtstart,103.83089204793869,2.5098412264753556,,
v,473,473,1.6201483296579673,False,est_warmstart,104.15388187222604,2.329201636603063,,
v,473,473,1.6201483296579673,False,view_gap,1.6406637576749357,15.101544879449591,0.9999999983577449,0.9999999180416923
v,474,474,1.6138861324981804,False,T0_raw,165.291522847186,3.8934390643516212,,
v,474,474,1.6138861324981804,False,oracle,107.14239967095045,2.9737051005219723,,
v,474,474,1.6138861324981804,False,est_gtstart,107.20473691332631,2.972382651838338,,
v,474,474,1.6138861324981804,False,est_warmstart,106.62492291956531,2.6976914349984544,,
v,474,474,1.6138861324981804,False,view_gap,1.6213088161855647,18.989530239953645,0.9999999961308562,0.9999999623615686
v,475,475,1.610458388345322,False,T0_raw,164.3654771685645,2.782257088928617,,
v,475,475,1.610458388345322,False,oracle,103.87113804763075,2.4617109149556833,,
v,475,475,1.610458388345322,False,est_gtstart,103.90180280278548,2.4590482605107846,,
v,475,475,1.610458388345322,False,est_warmstart,103.71336396300866,2.1155994611715343,,
v,475,475,1.610458388345322,False,view_gap,1.615299415993219,15.434541487138631,0.9999999953533529,0.9999999299307029
v,476,476,1.6042020092974294,False,T0_raw,163.13371350519935,4.0420915141757146,,
v,476,476,1.6042020092974294,False,oracle,105.07946694577501,3.1785298377970563,,
v,476,476,1.6042020092974294,False,est_gtstart,105.11029103590117,3.1784395840439728,,
v,476,476,1.6042020092974294,False,est_warmstart,104.91109291128694,3.1660272968801237,,
v,476,476,1.6042020092974294,False,view_gap,1.6066902331798119,9.629689648629203,0.9999999886757831,0.9999999085449006
v,477,477,1.6007609963126121,False,T0_raw,159.82132315166393,3.774315494633687,,
v,477,477,1.6007609963126121,False,oracle,99.17625909219035,3.1319800157459095,,
v,477,477,1.6007609963126121,False,est_gtstart,104.29765770491454,3.0109794919927246,,
v,477,477,1.6007609963126121,False,est_warmstart,103.46993390840656,3.128998733437393,,
v,477,477,1.6007609963126121,False,view_gap,1.5710269459246449,14.424855668836223,0.9975972544822507,0.9984784381754294
v,478,478,1.597730318698522,False,T0_raw,160.45229748008293,2.825021056736767,,
v,478,478,1.597730318698522,False,oracle,99.83709275066444,2.997817307997588,,
v,478,478,1.597730318698522,False,est_gtstart,99.91038394217047,2.9953895459157196,,
v,478,478,1.597730318698522,False,est_warmstart,99.46469948960399,3.2044388373123103,,
v,478,478,1.597730318698522,False,view_gap,1.5753490372562273,16.759718624133946,0.9999998194726613,0.9999998482997382
v,479,479,1.5911186853941346,False,T0_raw,163.72849657888142,3.9406063828344147,,
v,479,479,1.5911186853941346,False,oracle,100.69878090634278,2.3764304128691527,,
v,479,479,1.5911186853941346,False,est_gtstart,103.38782797621846,2.3907657773316,,
v,479,479,1.5911186853941346,False,est_warmstart,103.44621929047985,2.456314108563577,,
v,479,479,1.5911186853941346,False,view_gap,1.6102485877973556,13.741716606418208,0.9997933275728367,0.9989362372912948
v,480,480,1.5880830225113285,False,T0_raw,167.51911504193785,4.5946716448127916,,
v,480,480,1.5880830225113285,False,oracle,102.83442904981331,3.13510097065754,,
v,480,480,1.5880830225113285,False,est_gtstart,102.89377765553216,3.1342329766690677,,
v,480,480,1.5880830225113285,False,est_warmstart,101.66172664448307,3.490085580892731,,
v,480,480,1.5880830225113285,False,view_gap,1.6511023786630932,6.482901990533918,0.9999996879122759,0.9999994756405053
v,481,481,1.581521816785278,False,T0_raw,170.56259927023828,5.833086467574563,,
v,481,481,1.581521816785278,False,oracle,104.80656714009451,3.6975999292525534,,
v,481,481,1.581521816785278,False,est_gtstart,107.62741920938869,3.634735307164795,,
v,481,481,1.581521816785278,False,est_warmstart,106.7982986499523,3.7549624521055573,,
v,481,481,1.581521816785278,False,view_gap,1.6812110095263801,6.305595378814921,0.994682799227026,0.9988914090125187
v,482,482,1.5784788055101917,False,T0_raw,167.81227430603198,3.418542870858851,,
v,482,482,1.5784788055101917,False,oracle,98.17914969305079,2.2617171067212634,,
v,482,482,1.5784788055101917,False,est_gtstart,98.23072647521438,2.2612472151455316,,
v,482,482,1.5784788055101917,False,est_warmstart,98.14176835412329,2.95894295579903,,
v,482,482,1.5784788055101917,False,view_gap,1.6521208287554932,11.449180604873987,0.9999987754553356,0.9999996099841582
v,483,483,1.5719422659127196,False,T0_raw,169.300953127325,3.7420922263321335,,
v,483,483,1.5719422659127196,False,oracle,92.58754878751343,3.0029795775146297,,
v,483,483,1.5719422659127196,False,est_gtstart,96.79403799994583,2.8161435241740342,,
v,483,483,1.5719422659127196,False,est_warmstart,97.515209440243,2.831008899063839,,
v,483,483,1.5719422659127196,False,view_gap,1.6594174260470838,20.7688492930167,0.9999677015337813,0.9993904725986171
v,484,484,1.568867257480366,False,T0_raw,169.75616077677884,3.761665290042221,,
v,484,484,1.568867257480366,False,oracle,96.03353778395997,2.534233612738938,,
v,484,484,1.568867257480366,False,est_gtstart,96.08905557340428,2.536316410638507,,
v,484,484,1.568867257480366,False,est_warmstart,97.95877184684765,2.652426930733613,,
v,484,484,1.568867257480366,False,view_gap,1.6704989364119858,13.010309463099112,0.9999985796969344,0.9999993909433955
v,485,485,1.565817826464302,False,T0_raw,172.46838570654802,3.4543222281930155,,
v,485,485,1.565817826464302,False,oracle,100.94449077734144,2.211015141551043,,
v,485,485,1.565817826464302,False,est_gtstart,101.0041450541214,2.2121017063089816,,
v,485,485,1.565817826464302,False,est_warmstart,101.50516228452645,2.621138379678901,,
v,485,485,1.565817826464302,False,view_gap,1.7002547813280418,5.38960437727809,0.9999985156241403,0.9999999190197422
v,486,486,1.559216482750761,False,T0_raw,173.93285259604787,4.234104794970242,,
v,486,486,1.559216482750761,False,oracle,96.3839950911081,2.7726100262806175,,
v,486,486,1.559216482750761,False,est_gtstart,95.77355923356374,1.6633744336355685,,
v,486,486,1.559216482750761,False,est_warmstart,98.2785077750491,1.3901862153486007,,
v,486,486,1.559216482750761,False,view_gap,1.7107107877503762,14.79715552338412,0.7354833551662413,0.9887908627356213
v,487,487,1.556221596564669,False,T0_raw,169.9194751062121,3.5193021740066985,,
v,487,487,1.556221596564669,False,oracle,90.56870040433576,2.317483455695915,,
v,487,487,1.556221596564669,False,est_gtstart,90.64831628441942,2.3192407607816072,,
v,487,487,1.556221596564669,False,est_warmstart,92.1670683107888,2.6710244446949196,,
v,487,487,1.556221596564669,False,view_gap,1.6593263058432823,25.889836882036832,0.9999996987982334,0.9999997862453114
v,488,488,1.5495909069395493,False,T0_raw,172.92513680273012,3.6115078073392293,,
v,488,488,1.5495909069395493,False,oracle,89.95910898641844,2.4385826951302487,,
v,488,488,1.5495909069395493,False,est_gtstart,94.25782900324776,2.287821092058174,,
v,488,488,1.5495909069395493,False,est_warmstart,95.19683178879153,2.3146697273718466,,
v,488,488,1.5495909069395493,False,view_gap,1.6800023121627508,32.0132333017229,0.9997210032069005,0.9993842908460141
v,489,489,1.5466623465009233,False,T0_raw,168.55920551284765,2.782886143768292,,
v,489,489,1.5466623465009233,False,oracle,89.06640453694934,2.2798640721912604,,
v,489,489,1.5466623465009233,False,est_gtstart,89.13175810316355,2.2786457905658093,,
v,489,489,1.5466623465009233,False,est_warmstart,89.83705495592599,2.3079976062878385,,
v,489,489,1.5466623465009233,False,view_gap,1.6419113375362557,28.49802389051348,0.9999997547926918,0.9999993754739708
v,490,490,1.5400010328950695,False,T0_raw,169.19008945396828,3.9102510584510677,,
v,490,490,1.5400010328950695,False,oracle,83.9280341136077,2.091026754506032,,
v,490,490,1.5400010328950695,False,est_gtstart,89.21948061984241,2.0417163908385647,,
v,490,490,1.5400010328950695,False,est_warmstart,89.05890053272608,2.198655764756818,,
v,490,490,1.5400010328950695,False,view_gap,1.6504576243771534,27.035556186634224,0.9996663749268756,0.9994216675858875
v,491,491,1.536733221639813,False,T0_raw,167.15518014179108,3.604437961940385,,
v,491,491,1.536733221639813,False,oracle,84.18547280506523,4.380772178018355,,
v,491,491,1.536733221639813,False,est_gtstart,84.08247614905083,4.404364047630582,,
v,491,491,1.536733221639813,False,est_warmstart,83.6919767582231,4.812301494358206,,
v,491,491,1.536733221639813,False,view_gap,1.6415757302308942,17.318053576218517,0.9999998163896687,0.9999987333176404
v,492,492,1.5307168314488766,False,T0_raw,166.4122368609343,3.7770870140580795,,
v,492,492,1.5307168314488766,False,oracle,80.96607098701955,3.9373774954915786,,
v,492,492,1.5307168314488766,False,est_gtstart,82.7684961946379,4.2794161397993795,,
v,492,492,1.5307168314488766,False,est_warmstart,82.61189716874111,4.464907327843964,,
v,492,492,1.5307168314488766,False,view_gap,1.6318762463478114,19.74402179397483,0.9996745463328697,0.9993834013274784
v,493,493,1.5239778710968108,False,T0_raw,171.02843380032385,5.316882076648428,,
v,493,493,1.5239778710968108,False,oracle,80.9081487893308,5.006300698829146,,
v,493,493,1.5239778710968108,False,est_gtstart,80.99031072233345,5.012555012772898,,
v,493,493,1.5239778710968108,False,est_warmstart,81.74383724885968,4.718050902998819,,
v,493,493,1.5239778710968108,False,view_gap,1.6823140736458615,14.41021063442438,0.9999998300874754,0.9999998644322653
v,494,494,1.52115388430169,False,T0_raw,164.053945130528,2.814875117992531,,
v,494,494,1.52115388430169,False,oracle,80.3309016554834,4.463048764826654,,
v,494,494,1.52115388430169,False,est_gtstart,82.37678465275164,4.600366073300479,,
v,494,494,1.52115388430169,False,est_warmstart,81.91396696521298,4.865064438139873,,
v,494,494,1.52115388430169,False,view_gap,1.6120007366131122,15.963726811509815,0.9994736831858918,0.9989137120549463
v,495,495,1.5143709785025128,False,T0_raw,167.03351486343206,3.846862228946404,,
v,495,495,1.5143709785025128,False,oracle,75.70405640105866,4.00798647367621,,
v,495,495,1.5143709785025128,False,est_gtstart,75.6416901779716,4.018289400641331,,
v,495,495,1.5143709785025128,False,est_warmstart,76.44392859301222,3.9948754022652833,,
v,495,495,1.5143709785025128,False,view_gap,1.6359499573489296,21.702959746766837,0.9999998443300029,0.9999995991994096
v,496,496,1.508006425268822,False,T0_raw,164.67187742108155,4.198290018912972,,
v,496,496,1.508006425268822,False,oracle,70.77143864568006,3.065939871779024,,
v,496,496,1.508006425268822,False,est_gtstart,70.91565042435099,3.063833205499298,,
v,496,496,1.508006425268822,False,est_warmstart,71.77014203053672,3.1914927448366295,,
v,496,496,1.508006425268822,False,view_gap,1.608874739627723,24.524263610915753,0.9999998696398141,0.9999973438961083
v,497,497,1.5048295418924504,False,T0_raw,163.7291819700607,4.32992313533132,,
v,497,497,1.5048295418924504,False,oracle,63.61476389920954,3.78814522559562,,
v,497,497,1.5048295418924504,False,est_gtstart,63.718419345966836,3.7843486829071282,,
v,497,497,1.5048295418924504,False,est_warmstart,63.83667073393097,3.9167001106740646,,
v,497,497,1.5048295418924504,False,view_gap,1.6068384220030696,18.17944739691324,0.9999998680502094,0.9999986245921647
v,498,498,1.4986234223844195,False,T0_raw,164.6324260587998,4.1368200491049745,,
v,498,498,1.4986234223844195,False,oracle,63.02006907993564,2.94410116719321,,
v,498,498,1.4986234223844195,False,est_gtstart,63.0789649047081,2.9424585779215358,,
v,498,498,1.4986234223844195,False,est_warmstart,62.11416493637475,3.315803081711162,,
v,498,498,1.4986234223844195,False,view_gap,1.611313717774705,22.38016598649928,0.9999998737644101,0.9999983846290218
v,499,499,1.4954733149618944,False,T0_raw,163.55258221210812,3.535745562985816,,
v,499,499,1.4954733149618944,False,oracle,63.46793734718513,3.494030812897677,,
v,499,499,1.4954733149618944,False,est_gtstart,63.52830410725911,3.4943302126670974,,
v,499,499,1.4954733149618944,False,est_warmstart,64.02981631465319,3.966113819224624,,
v,499,499,1.4954733149618944,False,view_gap,1.607680392101677,15.349016723630093,0.9999998837969986,0.999998628206836
v,500,500,1.489361942050334,False,T0_raw,163.34333697389658,4.032934361068879,,
v,500,500,1.489361942050334,False,oracle,61.7811976262298,3.0610492628088606,,
v,500,500,1.489361942050334,False,est_gtstart,61.78094198521884,3.061069648664907,,
v,500,500,1.489361942050334,False,est_warmstart,62.555849778838656,3.2480888884971337,,
v,500,500,1.489361942050334,False,view_gap,1.606747386247255,13.96500828637226,0.9999998930045926,0.9999999475760564
v,501,501,1.4835267076280065,False,T0_raw,163.88503870333696,3.7968252957107693,,
v,501,501,1.4835267076280065,False,oracle,70.51026554571975,2.7963009158523544,,
v,501,501,1.4835267076280065,False,est_gtstart,70.48210926974568,2.794777170547493,,
v,501,501,1.4835267076280065,False,est_warmstart,70.8035524072975,2.797700676965604,,
v,501,501,1.4835267076280065,False,view_gap,1.6160899253500165,5.177914498307068,0.999999902088505,0.9999951666159232
v,502,502,1.480185488919458,False,T0_raw,163.4827140710241,3.575304090462453,,
v,502,502,1.480185488919458,False,oracle,64.4268929568281,3.136414062727887,,
v,502,502,1.480185488919458,False,est_gtstart,64.38221305163597,3.1367017691932766,,
v,502,502,1.480185488919458,False,est_warmstart,65.14782776139951,3.382983237608855,,
v,502,502,1.480185488919458,False,view_gap,1.6108146795039244,9.622855598201419,0.9999999081738007,0.9999979981041202
v,503,503,1.4743514312127277,False,T0_raw,166.2563820092764,3.2678208441191874,,
v,503,503,1.4743514312127277,False,oracle,68.87875028284333,2.223042668569492,,
v,503,503,1.4743514312127277,False,est_gtstart,68.89297262656194,2.221429597421263,,
v,503,503,1.4743514312127277,False,est_warmstart,70.42933304966753,2.3550784325183525,,
v,503,503,1.4743514312127277,False,view_gap,1.6397229225677996,5.099888653025353,0.9999999127995595,0.999999808335041
v,504,504,1.4679340516258153,False,T0_raw,161.52417857052785,3.9375438194133854,,
v,504,504,1.4679340516258153,False,oracle,66.71285352270827,2.6527714476799154,,
v,504,504,1.4679340516258153,False,est_gtstart,66.6310899255795,2.642868929868263,,
v,504,504,1.4679340516258153,False,est_warmstart,67.24602018667363,2.7137809342050456,,
v,504,504,1.4679340516258153,False,view_gap,1.5922988009942272,3.7579729929149153,0.9999999222713472,0.9999973181219101
v,505,505,1.4650525472211293,False,T0_raw,162.48401809954058,2.495152415305159,,
v,505,505,1.4650525472211293,False,oracle,69.18818262741424,1.6214509802772528,,
v,505,505,1.4650525472211293,False,est_gtstart,69.16570427495053,1.6267904446699424,,
v,505,505,1.4650525472211293,False,est_warmstart,70.32517885646008,1.6972749928374584,,
v,505,505,1.4650525472211293,False,view_gap,1.6016116139753076,4.36273034841328,0.9999999256129958,0.9999991834327003
v,506,506,1.4591785659431944,False,T0_raw,163.59018336432223,3.4800690230971436,,
v,506,506,1.4591785659431944,False,oracle,75.19312338655253,2.8223867868413786,,
v,506,506,1.4591785659431944,False,est_gtstart,75.1500727914059,2.825396974422162,,
v,506,506,1.4591785659431944,False,est_warmstart,75.92989657416841,2.7297266993506364,,
v,506,506,1.4591785659431944,False,view_gap,1.6107142554848999,8.155113172996664,0.9999999325409066,0.9999997950202432
v,507,507,1.4559809696910821,False,T0_raw,162.00891766013265,2.6310161062032686,,
v,507,507,1.4559809696910821,False,oracle,82.1696029256135,2.329190046995992,,
v,507,507,1.4559809696910821,False,est_gtstart,82.09308864472344,2.3289614960353715,,
v,507,507,1.4559809696910821,False,est_warmstart,82.64834973416176,2.2100777365031,,
v,507,507,1.4559809696910821,False,view_gap,1.5903214781974877,14.096056802063828,0.9999999350515791,0.9999996488356688
v,508,508,1.4499946320222972,False,T0_raw,162.89205481159405,3.1300929665022026,,
v,508,508,1.4499946320222972,False,oracle,84.0671118063656,2.641526819044745,,
v,508,508,1.4499946320222972,False,est_gtstart,83.99714780554324,2.6383672554997784,,
v,508,508,1.4499946320222972,False,est_warmstart,84.55385158514002,2.527907252611508,,
v,508,508,1.4499946320222972,False,view_gap,1.601789370987317,11.186129458758742,0.9999999437395735,0.9999996268043214
v,509,509,1.4468230042859682,False,T0_raw,164.79118502723685,2.7412183030838047,,
v,509,509,1.4468230042859682,False,oracle,86.19996494477049,1.997899422394762,,
v,509,509,1.4468230042859682,False,est_gtstart,86.13618730295502,1.9965350395669574,,
v,509,509,1.4468230042859682,False,est_warmstart,86.56403482899272,1.72614359532144,,
v,509,509,1.4468230042859682,False,view_gap,1.6256505003842248,1.4005195725115271,0.9999999526102245,0.9999998399729488
v,510,510,1.4407521936578376,False,T0_raw,168.8520888625169,4.418433564857568,,
v,510,510,1.4407521936578376,False,oracle,107.14210194815138,5.556277938866233,,
v,510,510,1.4407521936578376,False,est_gtstart,107.09722072266491,5.555668047661993,,
v,510,510,1.4407521936578376,False,est_warmstart,106.8169655138108,5.312094927303069,,
v,510,510,1.4407521936578376,False,view_gap,1.6621862779061445,9.302276511054863,0.9999999546996508,0.9999999911134099
v,511,511,1.4376280690044616,False,T0_raw,168.81608417830614,2.5818970365399085,,
v,511,511,1.4376280690044616,False,oracle,102.64885635886714,2.2473439897795684,,
v,511,511,1.4376280690044616,False,est_gtstart,102.58635619521775,2.2465130034759553,,
v,511,511,1.4376280690044616,False,est_warmstart,102.8925989013952,1.8681609063720326,,
v,511,511,1.4376280690044616,False,view_gap,1.659348275693734,12.521701486594594,0.9999999521561508,0.9999999797468458
v,512,512,1.431504214812631,False,T0_raw,175.92369921051488,4.06596574360698,,
v,512,512,1.431504214812631,False,oracle,138.85712966141637,11.481796787514622,,
v,512,512,1.431504214812631,False,est_gtstart,138.80410546776184,11.477329769653414,,
v,512,512,1.431504214812631,False,est_warmstart,140.11975916057852,11.088790834831931,,
v,512,512,1.431504214812631,False,view_gap,1.7288598312894254,13.432909163548779,0.9999999569678657,0.999999999141296
v,513,513,1.4291259480136007,False,T0_raw,181.76247866002055,3.092933835590823,,
v,513,513,1.4291259480136007,False,oracle,174.74205595763564,14.452477274386656,,
v,513,513,1.4291259480136007,False,est_gtstart,174.64803137070945,14.449110144394718,,
v,513,513,1.4291259480136007,False,est_warmstart,168.06986863386362,23.184870344776183,,
v,513,513,1.4291259480136007,False,view_gap,1.7635136626392551,30.49852993525537,0.9999999408361726,0.9999999908376068
v,514,514,1.4257640484648804,False,T0_raw,172.72913021076266,4.249046288170038,,
v,514,514,1.4257640484648804,False,oracle,121.46310906961358,5.061619812619327,,
v,514,514,1.4257640484648804,False,est_gtstart,121.38974828261082,5.06284549064877,,
v,514,514,1.4257640484648804,False,est_warmstart,121.65754592206989,4.729346497865131,,
v,514,514,1.4257640484648804,False,view_gap,1.7039144718876664,2.4822793793433107,0.999999971729226,0.9999999987381111
v,515,515,1.4248329074198114,False,T0_raw,173.56015630213,3.7203477970336754,,
v,515,515,1.4248329074198114,False,oracle,125.42416724224825,4.680442765857476,,
v,515,515,1.4248329074198114,False,est_gtstart,125.33192832298768,4.672381431423167,,
v,515,515,1.4248329074198114,False,est_warmstart,125.73486110960405,4.379320804800022,,
v,515,515,1.4248329074198114,False,view_gap,1.7126382169325647,0.3240861746949264,0.9999999738464909,0.9999998427765312
v,516,516,1.4244681256636487,False,T0_raw,171.75672610265167,4.282468062657585,,
v,516,516,1.4244681256636487,False,oracle,129.20006880913093,6.037495908829912,,
v,516,516,1.4244681256636487,False,est_gtstart,121.61768671649561,5.978476263664317,,
v,516,516,1.4244681256636487,False,est_warmstart,121.788360746542,5.796546244081407,,
v,516,516,1.4244681256636487,False,view_gap,1.6948325681608982,0.886725756649831,0.999559815259889,0.9997212752363281
v,517,517,1.4250326505205904,False,T0_raw,168.64153727707534,3.5384881344702537,,
v,517,517,1.4250326505205904,False,oracle,125.1497548673999,5.746223538614096,,
v,517,517,1.4250326505205904,False,est_gtstart,125.09795047649352,5.746078788748827,,
v,517,517,1.4250326505205904,False,est_warmstart,126.01196687898909,5.28815181707552,,
v,517,517,1.4250326505205904,False,view_gap,1.6641915755106957,0.6497759957593274,0.9999999365236905,0.9999999854444931
v,518,518,1.4276480158042184,False,T0_raw,165.52316575231157,3.626428688304817,,
v,518,518,1.4276480158042184,False,oracle,122.55862723055776,6.5483824571442115,,
v,518,518,1.4276480158042184,False,est_gtstart,122.72206265317509,6.5800910599383835,,
v,518,518,1.4276480158042184,False,est_warmstart,123.27226525421779,6.453881805795475,,
v,518,518,1.4276480158042184,False,view_gap,1.6337425681822961,0.759894885719703,0.9999971303845806,0.9999972967624523
v,519,519,1.4322140241080907,False,T0_raw,162.57900054068188,4.211042290385197,,
v,519,519,1.4322140241080907,False,oracle,135.24415658175496,11.726749478180677,,
v,519,519,1.4322140241080907,False,est_gtstart,135.1243464519205,11.711870689110567,,
v,519,519,1.4322140241080907,False,est_warmstart,134.93996409294732,11.74609147562571,,
v,519,519,1.4322140241080907,False,view_gap,1.6030020669467815,5.636522735798621,0.9999999193081492,0.9999996168572832
v,520,520,1.4352127596400968,False,T0_raw,161.22384087036687,2.9520788480014417,,
v,520,520,1.4352127596400968,False,oracle,114.50580059177618,3.6889871009647326,,
v,520,520,1.4352127596400968,False,est_gtstart,114.52547071605706,3.689041572403297,,
v,520,520,1.4352127596400968,False,est_warmstart,115.70033142542248,3.6331746298145555,,
v,520,520,1.4352127596400968,False,view_gap,1.5905151651517906,3.7222795877180914,0.9999999238691357,0.999999792329277
v,521,521,1.4426021883398905,False,T0_raw,161.20461638604442,3.5873430433075653,,
v,521,521,1.4426021883398905,False,oracle,119.71648835704661,4.358910038287787,,
v,521,521,1.4426021883398905,False,est_gtstart,119.5968899252601,4.41791964136468,,
v,521,521,1.4426021883398905,False,est_warmstart,119.83680026463885,4.403258061517604,,
v,521,521,1.4426021883398905,False,view_gap,1.5875504768076623,9.242296674784711,0.9999870550416023,0.9999658257239044
v,522,522,1.4517851364311627,False,T0_raw,158.65503151898474,3.417604034973882,,
v,522,522,1.4517851364311627,False,oracle,114.8113613152841,5.215436310706351,,
v,522,522,1.4517851364311627,False,est_gtstart,114.76514595250151,5.2144505765034435,,
v,522,522,1.4517851364311627,False,est_warmstart,114.8357183404031,5.210789593118379,,
v,522,522,1.4517851364311627,False,view_gap,1.5659888586329365,2.2180353031613365,0.9999999226778025,0.9999999956448636
v,523,523,1.4570062838846267,False,T0_raw,159.84183619338359,2.7933675316695874,,
v,523,523,1.4570062838846267,False,oracle,123.06776662099652,4.6619578773076205,,
v,523,523,1.4570062838846267,False,est_gtstart,115.78350899905458,4.583093719784683,,
v,523,523,1.4570062838846267,False,est_warmstart,114.94134356038754,4.376275304264095,,
v,523,523,1.4570062838846267,False,view_gap,1.5783081133530825,0.5215427454929866,0.9995229208508266,0.9999906089516057
v,524,524,1.4685888721306812,False,T0_raw,161.70456624095354,3.7456387904455197,,
v,524,524,1.4685888721306812,False,oracle,120.84808940101857,5.872676387392108,,
v,524,524,1.4685888721306812,False,est_gtstart,120.81190386748113,5.876348755465667,,
v,524,524,1.4685888721306812,False,est_warmstart,121.35579717675469,5.640722530532351,,
v,524,524,1.4685888721306812,False,view_gap,1.5961396373007473,2.821912573282681,0.9999999242365262,0.9999999813346834
v,525,525,1.481457556663064,False,T0_raw,167.27589155704538,4.559389652099039,,
v,525,525,1.481457556663064,False,oracle,125.50897624249316,6.166183008146058,,
v,525,525,1.481457556663064,False,est_gtstart,125.54151659897498,6.172417758370045,,
v,525,525,1.481457556663064,False,est_warmstart,124.74984442447474,6.068627917057412,,
v,525,525,1.481457556663064,False,view_gap,1.6500569819098114,5.614252229995564,0.9999999215841002,0.9999998454333557
v,526,526,1.4884207297737233,False,T0_raw,169.8746278251335,3.667029783225944,,
v,526,526,1.4884207297737233,False,oracle,127.20362293310986,5.276666647744665,,
v,526,526,1.4884207297737233,False,est_gtstart,127.16235788573468,5.279393534916436,,
v,526,526,1.4884207297737233,False,est_warmstart,128.09152499789744,5.055695940652421,,
v,526,526,1.4884207297737233,False,view_gap,1.67431501535291,8.182237803816328,0.9999999459672169,0.999999998094857
v,527,527,1.5033372382806793,False,T0_raw,173.3107989380938,3.9656580075837846,,
v,527,527,1.5033372382806793,False,oracle,139.67305420329203,7.202439269889588,,
v,527,527,1.5033372382806793,False,est_gtstart,139.68180915727362,7.20500461188651,,
v,527,527,1.5033372382806793,False,est_warmstart,140.36448983084938,7.030283156481076,,
v,527,527,1.5033372382806793,False,view_gap,1.709917452680242,4.981510059796079,0.9999999317194938,0.9999999871325648
v,528,528,1.5112603181354225,False,T0_raw,174.37000769374762,3.3460170411834014,,
v,528,528,1.5112603181354225,False,oracle,143.40195418461005,6.2951904523017435,,
v,528,528,1.5112603181354225,False,est_gtstart,143.4073232676329,6.294810149459579,,
v,528,528,1.5112603181354225,False,est_warmstart,143.82780239402683,5.946148687338282,,
v,528,528,1.5112603181354225,False,view_gap,1.7070460284706965,20.354829950001374,0.999999854935563,0.999999961382374
v,529,529,1.5279498266374962,False,T0_raw,177.4562381916473,3.930220297210095,,
v,529,529,1.5279498266374962,False,oracle,144.2639373557926,7.149719931129927,,
v,529,529,1.5279498266374962,False,est_gtstart,142.71413405184944,7.189475847127178,,
v,529,529,1.5279498266374962,False,est_warmstart,142.08861706947545,6.699147634391539,,
v,529,529,1.5279498266374962,False,view_gap,1.7446022651382782,14.110900859453324,0.9990534912327337,0.9994829997247748
v,530,530,1.5456451220229666,False,T0_raw,175.61112458304683,3.785946867749183,,
v,530,530,1.5456451220229666,False,oracle,133.52537780446855,5.967583793628833,,
v,530,530,1.5456451220229666,False,est_gtstart,133.58006668246202,5.9736164412194315,,
v,530,530,1.5456451220229666,False,est_warmstart,133.39223514812824,5.492857522710186,,
v,530,530,1.5456451220229666,False,view_gap,1.7281142951246296,12.102578598369718,0.999999664577174,0.9999996942972904
v,531,531,1.5548214788243457,False,T0_raw,172.54533034207577,3.088549846160306,,
v,531,531,1.5548214788243457,False,oracle,125.98659583488289,3.812149077342502,,
v,531,531,1.5548214788243457,False,est_gtstart,131.53330618328584,4.674972246763841,,
v,531,531,1.5548214788243457,False,est_warmstart,131.9095127357467,4.389640680835439,,
v,531,531,1.5548214788243457,False,view_gap,1.6909417270918228,18.7475028199513,0.6315850232986665,0.9991938231826144
v,532,532,1.5737343776680557,False,T0_raw,172.35188182167383,3.7197413847998027,,
v,532,532,1.5737343776680557,False,oracle,126.64806648300836,4.75059155820766,,
v,532,532,1.5737343776680557,False,est_gtstart,127.9498610730652,5.266738696056629,,
v,532,532,1.5737343776680557,False,est_warmstart,127.98057605470362,5.01935019330246,,
v,532,532,1.5737343776680557,False,view_gap,1.6801856991717836,25.023297040210224,0.9964774160955105,0.9977643052439968
v,533,533,1.583428131112022,False,T0_raw,172.69211393711964,2.9792501295024123,,
v,533,533,1.583428131112022,False,oracle,128.0519720811837,3.1664877553293236,,
v,533,533,1.583428131112022,False,est_gtstart,128.11203122696418,3.1676719269472002,,
v,533,533,1.583428131112022,False,est_warmstart,128.56277064817797,2.8968429900376544,,
v,533,533,1.583428131112022,False,view_gap,1.6733900987034944,30.812662235851107,0.9999944951215091,0.9999997696985127
v,534,534,1.5932537326947234,False,T0_raw,168.86942288257566,2.3082761146757766,,
v,534,534,1.5932537326947234,False,oracle,122.55255001084187,2.7601803584285283,,
v,534,534,1.5932537326947234,False,est_gtstart,122.63931724867363,2.764548310672196,,
v,534,534,1.5932537326947234,False,est_warmstart,123.53772248946903,2.3565654637127698,,
v,534,534,1.5932537326947234,False,view_gap,1.6412369874554307,27.53108545865146,0.9999945863578092,0.999999915096946
v,535,535,1.6132263638060793,False,T0_raw,170.26666151951014,3.4036456919223848,,
v,535,535,1.6132263638060793,False,oracle,124.95904203757011,3.6510859197923393,,
v,535,535,1.6132263638060793,False,est_gtstart,124.24210727431894,4.041258233904374,,
v,535,535,1.6132263638060793,False,est_warmstart,125.169966003427,3.801034918092309,,
v,535,535,1.6132263638060793,False,view_gap,1.6596658730024247,24.852462730352798,0.9900516260491387,0.9991257303468981
v,536,536,1.6233368860955524,False,T0_raw,169.05648559202547,2.6750797791402072,,
v,536,536,1.6233368860955524,False,oracle,117.96115030643179,2.1433029947126214,,
v,536,536,1.6233368860955524,False,est_gtstart,118.14722849668564,2.148120936768596,,
v,536,536,1.6233368860955524,False,est_warmstart,119.75025780629599,2.1260548568057858,,
v,536,536,1.6233368860955524,False,view_gap,1.644535794344622,26.70282615246844,0.9999902288557487,0.9999984765077393
v,537,537,1.6436997648428957,False,T0_raw,169.9385434663218,3.910300423596175,,
v,537,537,1.6436997648428957,False,oracle,116.73341052234264,3.2503223053394223,,
v,537,537,1.6436997648428957,False,est_gtstart,116.83077041794405,3.2629390518778902,,
v,537,537,1.6436997648428957,False,est_warmstart,117.43930241498676,3.0828340160196386,,
v,537,537,1.6436997648428957,False,view_gap,1.6502227654558685,28.47141023869426,0.9999908937286742,0.9999991791009334
v,538,538,1.653910891520411,False,T0_raw,170.34124919739833,3.4918268474666045,,
v,538,538,1.653910891520411,False,oracle,117.36321664593699,2.7262691715170067,,
v,538,538,1.653910891520411,False,est_gtstart,117.43877290450803,2.7285963394584973,,
v,538,538,1.653910891520411,False,est_warmstart,118.95758247432876,2.586832446991218,,
v,538,538,1.653910891520411,False,view_gap,1.6382016559577992,36.30555635218702,0.9999912247575347,0.9999997206613179
v,539,539,1.6742840439109583,False,T0_raw,170.76459160720347,4.061410942135666,,
v,539,539,1.6742840439109583,False,oracle,118.27370886872222,2.7612078786936767,,
v,539,539,1.6742840439109583,False,est_gtstart,115.3871059934805,3.079198226259863,,
v,539,539,1.6742840439109583,False,est_warmstart,116.36466978510114,2.891971311121776,,
v,539,539,1.6742840439109583,False,view_gap,1.6525497583184046,31.59829604852238,0.9843998865641513,0.9985091339948213
v,540,540,1.684406149262951,False,T0_raw,172.26508856145367,3.5770974142237586,,
v,540,540,1.684406149262951,False,oracle,116.66781697398919,2.1031777714572604,,
v,540,540,1.684406149262951,False,est_gtstart,119.38463963314952,2.5064660800013288,,
v,540,540,1.684406149262951,False,est_warmstart,121.42916949589727,2.3891346443535015,,
v,540,540,1.684406149262951,False,view_gap,1.6595850740214793,35.420597257066255,0.9839867352838877,0.9981212166704515
v,541,541,1.7044281710703408,False,T0_raw,169.64390622609795,4.3937456257648755,,
v,541,541,1.7044281710703408,False,oracle,116.20199241857678,2.8009548733575222,,
v,541,541,1.7044281710703408,False,est_gtstart,116.21328763109751,2.8018823816239644,,
v,541,541,1.7044281710703408,False,est_warmstart,116.67110960528467,2.695446830491916,,
v,541,541,1.7044281710703408,False,view_gap,1.6401850668606572,32.17385902544834,0.9999976686191279,0.9999994310694932
v,542,542,1.7143084820617993,False,T0_raw,173.92420135043153,3.963422331725589,,
v,542,542,1.7143084820617993,False,oracle,122.52960270940437,2.186368070293218,,
v,542,542,1.7143084820617993,False,est_gtstart,118.76750621379628,2.27463728059268,,
v,542,542,1.7143084820617993,False,est_warmstart,120.51311391699664,2.3379870592741265,,
v,542,542,1.7143084820617993,False,view_gap,1.672764999131532,37.010401086724265,0.9895968156683107,0.9994496208712162
v,543,543,1.717213516641417,False,T0_raw,172.51496290484437,4.048311498333138,,
v,543,543,1.717213516641417,False,oracle,117.45187078279183,2.0224423873022483,,
v,543,543,1.717213516641417,False,est_gtstart,113.92063209154192,2.034413303888781,,
v,543,543,1.717213516641417,False,est_warmstart,113.90825950931554,1.8409786859552602,,
v,543,543,1.717213516641417,False,view_gap,1.6759037254621936,28.603165206456893,0.9958821559153871,0.9991281369314594
v,544,544,1.7110563601534157,False,T0_raw,172.64493242993058,4.251588886827882,,
v,544,544,1.7110563601534157,False,oracle,116.25584246748237,2.6428007895312797,,
v,544,544,1.7110563601534157,False,est_gtstart,116.29876376143534,2.642313302078684,,
v,544,544,1.7110563601534157,False,est_warmstart,116.91355088726746,2.4240968045539892,,
v,544,544,1.7110563601534157,False,view_gap,1.6895711521962287,20.811282465405867,0.999999051170231,0.999999591406304
v,545,545,1.7077624861133445,False,T0_raw,171.8280623515257,3.8217205919328405,,
v,545,545,1.7077624861133445,False,oracle,110.19590410998944,2.15070449001508,,
v,545,545,1.7077624861133445,False,est_gtstart,113.83447060045381,2.2915439507343427,,
v,545,545,1.7077624861133445,False,est_warmstart,114.48209842787645,2.251340170061697,,
v,545,545,1.7077624861133445,False,view_gap,1.6913688075153217,11.742965792075566,0.836951292224626,0.9986938518889984
v,546,546,1.7017760799196229,False,T0_raw,170.92831546491792,4.397817715535939,,
v,546,546,1.7017760799196229,False,oracle,113.3105278818436,2.502157325430453,,
v,546,546,1.7017760799196229,False,est_gtstart,109.50794863976141,2.619877954361204,,
v,546,546,1.7017760799196229,False,est_warmstart,109.97179370273575,2.5366250268698542,,
v,546,546,1.7017760799196229,False,view_gap,1.6768343389375997,17.600072628856545,0.9999579569777142,0.9989827188970188
v,547,547,1.6956154685312506,False,T0_raw,167.41031501498844,3.914243454250946,,
v,547,547,1.6956154685312506,False,oracle,110.4503510022554,2.28335693841824,,
v,547,547,1.6956154685312506,False,est_gtstart,112.32546806594017,2.5974557941768186,,
v,547,547,1.6956154685312506,False,est_warmstart,112.47470666074864,2.4473486966064955,,
v,547,547,1.6956154685312506,False,view_gap,1.611404116928043,35.442574917952996,0.999983544251673,0.9985605194454332
v,548,548,1.6926402852188287,False,T0_raw,165.08223879132817,2.918203851943207,,
v,548,548,1.6926402852188287,False,oracle,104.35348256119245,1.6356702727809431,,
v,548,548,1.6926402852188287,False,est_gtstart,104.32672158876336,1.6360585598222068,,
v,548,548,1.6926402852188287,False,est_warmstart,104.584244504474,1.6425567622337185,,
v,548,548,1.6926402852188287,False,view_gap,1.594968091350279,32.29656160148586,0.9999999923091137,0.999999868894086
v,549,549,1.6864791595710373,False,T0_raw,167.9806235700333,3.2974897727687797,,
v,549,549,1.6864791595710373,False,oracle,111.86129525186496,1.706779865044142,,
v,549,549,1.6864791595710373,False,est_gtstart,111.7942908513559,1.7056288509572444,,
v,549,549,1.6864791595710373,False,est_warmstart,112.31833410266267,1.5576703033743138,,
v,549,549,1.6864791595710373,False,view_gap,1.6066516140181955,39.94488749452163,0.9999999959005805,0.9999999195611343
v,550,550,1.6832948723130599,False,T0_raw,168.6818437285129,2.319574757415368,,
v,550,550,1.6832948723130599,False,oracle,111.59643237793786,0.8859045715830318,,
v,550,550,1.6832948723130599,False,est_gtstart,111.55350315761902,0.8853817089474253,,
v,550,550,1.6832948723130599,False,est_warmstart,112.01990178683324,0.9818538282514403,,
v,550,550,1.6832948723130599,False,view_gap,1.608483281270776,42.01457876875292,0.9999999963280561,0.9999999511111047
v,551,551,1.6774274419845034,False,T0_raw,167.09718478571392,3.212370116273482,,
v,551,551,1.6774274419845034,False,oracle,110.84644243488636,1.9348092033782591,,
v,551,551,1.6774274419845034,False,est_gtstart,110.82121668716178,1.9336419292358356,,
v,551,551,1.6774274419845034,False,est_warmstart,111.12214094329771,1.7356197497568735,,
v,551,551,1.6774274419845034,False,view_gap,1.6195944340223625,30.394143122281392,0.9999999982778793,0.9999999903019282
v,552,552,1.6740835512186285,False,T0_raw,167.82420632036593,2.4185591998884126,,
v,552,552,1.6740835512186285,False,oracle,107.60052866022424,1.0950075373739148,,
v,552,552,1.6740835512186285,False,est_gtstart,107.57685765761813,1.096050444008972,,
v,552,552,1.6740835512186285,False,est_warmstart,108.363334482957,0.5906922760261021,,
v,552,552,1.6740835512186285,False,view_gap,1.641060002223299,22.12003011523933,0.9999999985840871,0.9999999724622478
v,553,553,1.6685147788262626,False,T0_raw,169.18398194481,4.036907486238616,,
v,553,553,1.6685147788262626,False,oracle,112.13096965091609,2.5709134391806048,,
v,553,553,1.6685147788262626,False,est_gtstart,112.14667393005277,2.579159275310946,,
v,553,553,1.6685147788262626,False,est_warmstart,112.10767812518453,2.7033262748757663,,
v,553,553,1.6685147788262626,False,view_gap,1.6491227359819618,25.7410443993642,0.9999999994640221,0.9999999347327537
v,554,554,1.6649235501979602,False,T0_raw,173.8122171626255,3.7044785424069158,,
v,554,554,1.6649235501979602,False,oracle,100.0285533921634,2.4994183543916617,,
v,554,554,1.6649235501979602,False,est_gtstart,99.9774333117557,2.5013189116298387,,
v,554,554,1.6649235501979602,False,est_warmstart,100.30500935346825,2.6543707287142535,,
v,554,554,1.6649235501979602,False,view_gap,1.6955243958143291,25.617932873811533,0.999999999537639,0.9999999656717824
v,555,555,1.6583087524875237,False,T0_raw,178.50981633637625,2.3359362306102707,,
v,555,555,1.6583087524875237,False,oracle,118.14734394395353,14.873569233046856,,
v,555,555,1.6583087524875237,False,est_gtstart,118.12887824000104,14.870475480938484,,
v,555,555,1.6583087524875237,False,est_warmstart,106.72699131921988,18.31683057307949,,
v,555,555,1.6583087524875237,False,view_gap,1.7193196734536573,37.60397103151725,0.9999999997592617,0.999999953364196
v,556,556,1.6552800959016303,False,T0_raw,176.09242929443764,1.9340103261153114,,
v,556,556,1.6552800959016303,False,oracle,89.34188797785106,14.93536267984508,,
v,556,556,1.6552800959016303,False,est_gtstart,89.33634075338719,14.934844786527119,,
v,556,556,1.6552800959016303,False,est_warmstart,85.7810717915887,15.601650891948356,,
v,556,556,1.6552800959016303,False,view_gap,1.6491406176472765,53.97587969807294,0.9999999997556147,0.9999999950198146
v,557,557,1.6485986989739865,False,T0_raw,179.85591329918202,4.158617955449601,,
v,557,557,1.6485986989739865,False,oracle,115.15050697164492,1.7996515106612139,,
v,557,557,1.6485986989739865,False,est_gtstart,115.14352801076308,1.798986519496358,,
v,557,557,1.6485986989739865,False,est_warmstart,115.57519335481857,1.690587019158429,,
v,557,557,1.6485986989739865,False,view_gap,1.7557580752096242,25.638686824831503,0.9999999999962004,0.9999999993377086
v,558,558,1.6456449495355012,False,T0_raw,181.12150515776054,3.6535077733209524,,
v,558,558,1.6456449495355012,False,oracle,118.08581865581009,1.1581332135656124,,
v,558,558,1.6456449495355012,False,est_gtstart,118.08379179016103,1.1583808988716748,,
v,558,558,1.6456449495355012,False,est_warmstart,118.83579907925818,1.0960412886379076,,
v,558,558,1.6456449495355012,False,view_gap,1.763381801569899,28.665086692051034,0.9999999999942294,0.9999999973940593
v,559,559,1.6389222814090147,False,T0_raw,185.22667522725737,3.7756519553995362,,
v,559,559,1.6389222814090147,False,oracle,126.84441174840441,1.9637642379133529,,
v,559,559,1.6389222814090147,False,est_gtstart,126.85179140291864,1.9641333239730905,,
v,559,559,1.6389222814090147,False,est_warmstart,127.18617803618565,1.5794067703698262,,
v,559,559,1.6389222814090147,False,view_gap,1.8083711555650048,26.210178989195754,0.9999999999382487,0.9999999999772621
v,560,560,1.6361598453806763,False,T0_raw,179.5663188716576,2.7682983011018867,,
v,560,560,1.6361598453806763,False,oracle,121.84499536175774,0.9665823837857728,,
v,560,560,1.6361598453806763,False,est_gtstart,121.86772098975123,0.9675349782603199,,
v,560,560,1.6361598453806763,False,est_warmstart,123.44053790853613,0.6558414841410019,,
v,560,560,1.6361598453806763,False,view_gap,1.7559407575197399,23.610692263685173,0.9999999998879394,0.9999999953752763
v,561,561,1.6292403862331937,False,T0_raw,177.7379265042742,3.443894232675859,,
v,561,561,1.6292403862331937,False,oracle,122.44165263947711,1.2530811011353602,,
v,561,561,1.6292403862331937,False,est_gtstart,122.44795609032639,1.2537781577385465,,
v,561,561,1.6292403862331937,False,est_warmstart,122.51685895996856,1.0268919171401338,,
v,561,561,1.6292403862331937,False,view_gap,1.7421128532428478,20.44920291607788,0.99999999928903,0.9999999859763502
v,562,562,1.6231940007973493,False,T0_raw,173.56295759927679,3.5275316640454037,,
v,562,562,1.6231940007973493,False,oracle,118.08839060375686,1.8949738146508266,,
v,562,562,1.6231940007973493,False,est_gtstart,118.1007467060049,1.8948372641777311,,
v,562,562,1.6231940007973493,False,est_warmstart,117.73442272656926,1.5456669547537742,,
v,562,562,1.6231940007973493,False,view_gap,1.7114541239094299,9.717381970801853,0.9999999970082601,0.9999999820508146
v,563,563,1.616383161034549,False,T0_raw,173.7367519546411,4.0531052092065725,,
v,563,563,1.616383161034549,False,oracle,115.35853990415477,2.8423681021572063,,
v,563,563,1.616383161034549,False,est_gtstart,118.9510092678853,2.714565034640635,,
v,563,563,1.616383161034549,False,est_warmstart,119.42729805629612,2.53600191350422,,
v,563,563,1.616383161034549,False,view_gap,1.7129642866745356,10.006971857733582,0.9999479419264012,0.9985104824417201
v,564,564,1.613531512656678,False,T0_raw,168.869767564184,2.683827823080895,,
v,564,564,1.613531512656678,False,oracle,110.22124092588179,0.9163022830902724,,
v,564,564,1.613531512656678,False,est_gtstart,110.23467174368277,0.9138261778544031,,
v,564,564,1.613531512656678,False,est_warmstart,111.08783208081141,0.9778937281170348,,
v,564,564,1.613531512656678,False,view_gap,1.6688848329885275,1.564696146973077,0.9999999886801935,0.9999999607884114
v,565,565,1.6066954464683583,False,T0_raw,168.07033051169256,3.2517928978265718,,
v,565,565,1.6066954464683583,False,oracle,109.13141159877829,2.1789685867334105,,
v,565,565,1.6066954464683583,False,est_gtstart,109.21559409301578,2.1760024260771593,,
v,565,565,1.6066954464683583,False,est_warmstart,109.03730206177913,2.107585373096394,,
v,565,565,1.6066954464683583,False,view_gap,1.6606281208090432,2.8766097661687695,0.9999998317553538,0.9999999058738243
v,566,566,1.6002792849842735,False,T0_raw,171.76888469571207,3.9425132561138168,,
v,566,566,1.6002792849842735,False,oracle,105.66672177365845,2.4855808555829126,,
v,566,566,1.6002792849842735,False,est_gtstart,108.20530974719188,2.4036089265994605,,
v,566,566,1.6002792849842735,False,est_warmstart,107.97354272199796,2.2768660844766697,,
v,566,566,1.6002792849842735,False,view_gap,1.6976725625934197,1.037745264543588,0.9997937101172042,0.9990667533692331
v,567,567,1.5942469062027989,False,T0_raw,172.84471515470824,4.016130161310199,,
v,567,567,1.5942469062027989,False,oracle,110.40412327550723,4.837443502942558,,
v,567,567,1.5942469062027989,False,est_gtstart,110.48974116707744,4.830979383549002,,
v,567,567,1.5942469062027989,False,est_warmstart,110.62136159726299,4.81267198891034,,
v,567,567,1.5942469062027989,False,view_gap,1.701785157470247,12.977647029443595,0.9999997056552787,0.9999999890593969
v,568,568,1.5906957595363787,False,T0_raw,172.52939704145777,3.135591096227828,,
v,568,568,1.5906957595363787,False,oracle,102.09306423749517,1.9150276137500621,,
v,568,568,1.5906957595363787,False,est_gtstart,102.11651618642148,1.915996657217399,,
v,568,568,1.5906957595363787,False,est_warmstart,102.63973678212955,1.828584296943737,,
v,568,568,1.5906957595363787,False,view_gap,1.7030613582490686,6.844604136014176,0.9999996474882343,0.9999995171866839
v,569,569,1.5846532804362186,False,T0_raw,175.02527874517008,3.809869322928099,,
v,569,569,1.5846532804362186,False,oracle,100.29590822201021,2.308357986188927,,
v,569,569,1.5846532804362186,False,est_gtstart,100.36489344387536,2.3103253249151403,,
v,569,569,1.5846532804362186,False,est_warmstart,101.06269909257702,2.194546664416357,,
v,569,569,1.5846532804362186,False,view_gap,1.7290438099542136,4.070768042663708,0.999998705339544,0.9999998562644354
v,570,570,1.577902009755329,False,T0_raw,176.6920244859526,4.03562928560234,,
v,570,570,1.577902009755329,False,oracle,95.27294060921571,2.1693071972937483,,
v,570,570,1.577902009755329,False,est_gtstart,97.84445310531238,2.138643662956366,,
v,570,570,1.577902009755329,False,est_warmstart,99.42632126579217,2.141125966994875,,
v,570,570,1.577902009755329,False,view_gap,1.7435333675044133,8.18428738986654,0.9999671930291936,0.9998128047887457
v,571,571,1.5715989996629873,False,T0_raw,178.49072571640812,4.5988983024685774,,
v,571,571,1.5715989996629873,False,oracle,99.89354289984664,1.424107764079176,,
v,571,571,1.5715989996629873,False,est_gtstart,99.92637219711634,1.421630083850852,,
v,571,571,1.5715989996629873,False,est_warmstart,100.95697734522862,1.2989487881168758,,
v,571,571,1.5715989996629873,False,view_gap,1.7562456942660862,14.699930627044111,0.9999985052881335,0.999999929675735
v,572,572,1.5683412286959426,False,T0_raw,176.36339641968772,3.116120212100171,,
v,572,572,1.5683412286959426,False,oracle,98.96123035951014,0.978718772085658,,
v,572,572,1.5683412286959426,False,est_gtstart,100.87066008376799,1.602299170903867,,
v,572,572,1.5683412286959426,False,est_warmstart,101.29323826437324,1.7014487865375145,,
v,572,572,1.5683412286959426,False,view_gap,1.7401654529707336,8.484300454694171,0.7349471770922609,0.9951809770909336
v,573,573,1.5620784594869923,False,T0_raw,174.7787906099943,3.351449611745629,,
v,573,573,1.5620784594869923,False,oracle,95.57366459274289,0.8241662323064576,,
v,573,573,1.5620784594869923,False,est_gtstart,95.61662362799466,0.826277128381727,,
v,573,573,1.5620784594869923,False,est_warmstart,95.98597607102498,0.8441426296094062,,
v,573,573,1.5620784594869923,False,view_gap,1.72363461784711,9.843678738110206,0.999999728444897,0.9999999406952453
v,574,574,1.5588074705444253,False,T0_raw,171.18251259217055,2.0489594342909916,,
v,574,574,1.5588074705444253,False,oracle,90.01660534947487,2.597735681124653,,
v,574,574,1.5588074705444253,False,est_gtstart,95.05041623427427,2.6532455850486,,
v,574,574,1.5588074705444253,False,est_warmstart,94.88239105861173,2.8148554475495544,,
v,574,574,1.5588074705444253,False,view_gap,1.6877266880466173,10.326302559808376,0.9997214275234599,0.9995603487340664
v,575,575,1.5525932622147476,False,T0_raw,180.17872564813126,5.071876710598885,,
v,575,575,1.5525932622147476,False,oracle,114.94097772829495,14.824932650189163,,
v,575,575,1.5525932622147476,False,est_gtstart,114.71024326230773,14.628449406694546,,
v,575,575,1.5525932622147476,False,est_warmstart,115.41015559618478,14.61503133293815,,
v,575,575,1.5525932622147476,False,view_gap,1.7405134139633904,35.7588282669159,0.999999780461274,0.9999903104621691
v,576,576,1.5462561192605355,False,T0_raw,166.68625084143076,3.6515327206190578,,
v,576,576,1.5462561192605355,False,oracle,89.556818705489,1.9923815419424742,,
v,576,576,1.5462561192605355,False,est_gtstart,89.63511513432326,1.9946943404928392,,
v,576,576,1.5462561192605355,False,est_warmstart,89.7597876356848,1.9519141128819113,,
v,576,576,1.5462561192605355,False,view_gap,1.6392613622446353,14.891863363240887,0.9999998437674108,0.999999781221299
v,577,577,1.5429433287368353,False,T0_raw,167.62557013137175,2.3775058143781704,,
v,577,577,1.5429433287368353,False,oracle,87.91840836851992,3.335977462845654,,
v,577,577,1.5429433287368353,False,est_gtstart,88.00777919024011,3.354753220677473,,
v,577,577,1.5429433287368353,False,est_warmstart,88.1643325897542,3.489552142308029,,
v,577,577,1.5429433287368353,False,view_gap,1.6462733576047373,17.028427440220817,0.9999998387862856,0.9999997636188516
v,578,578,1.5367212310316065,False,T0_raw,165.93228527290816,3.1806303556685784,,
v,578,578,1.5367212310316065,False,oracle,83.30652931895312,2.1445471787756314,,
v,578,578,1.5367212310316065,False,est_gtstart,83.37564291382085,2.1439552342905124,,
v,578,578,1.5367212310316065,False,est_warmstart,83.41872893937844,2.168780627530572,,
v,578,578,1.5367212310316065,False,view_gap,1.6323114326716364,14.427981435458648,0.9999998524632344,0.9999998302015027
v,579,579,1.5333782654748154,False,T0_raw,162.696638056729,2.201156345512145,,
v,579,579,1.5333782654748154,False,oracle,79.01648804897148,2.6101490792041835,,
v,579,579,1.5333782654748154,False,est_gtstart,79.0192000467933,2.6165827277412235,,
v,579,579,1.5333782654748154,False,est_warmstart,78.85352770701945,2.7234424833870685,,
v,579,579,1.5333782654748154,False,view_gap,1.6048211346268932,9.068681023706837,0.9999998529859168,0.9999992914668169
v,580,580,1.5271879283754513,False,T0_raw,165.6579778016508,2.3115881236565614,,
v,580,580,1.5271879283754513,False,oracle,84.18288951388247,3.8662862825288915,,
v,580,580,1.5271879283754513,False,est_gtstart,84.25541467843121,3.8626400220775237,,
v,580,580,1.5271879283754513,False,est_warmstart,84.37535753813971,4.0297856326978625,,
v,580,580,1.5271879283754513,False,view_gap,1.6318220147152065,12.08124002269173,0.9999998689292317,0.9999996313384076
v,581,581,1.5208889800919247,False,T0_raw,165.5074177591742,2.73930920862784,,
v,581,581,1.5208889800919247,False,oracle,78.57029894551961,2.598249322856786,,
v,581,581,1.5208889800919247,False,est_gtstart,81.85433808140289,2.5766828043289456,,
v,581,581,1.5208889800919247,False,est_warmstart,81.91738491911936,2.6310658742162696,,
v,581,581,1.5208889800919247,False,view_gap,1.6329621588501004,8.658304587545906,0.9994990278064244,0.9982762854000318
v,582,582,1.5143228709949152,False,T0_raw,170.14698988814368,4.245990905127561,,
v,582,582,1.5143228709949152,False,oracle,119.37410131633399,6.677883318904251,,
v,582,582,1.5143228709949152,False,est_gtstart,119.4173264401082,6.6779430863024105,,
v,582,582,1.5143228709949152,False,est_warmstart,119.4482896593895,6.759271180417829,,
v,582,582,1.5143228709949152,False,view_gap,1.595086711574385,51.88072746742556,0.9999999168141038,0.999999889617873
v,583,583,1.511377868307048,False,T0_raw,168.42608679087684,2.9316931074828925,,
v,583,583,1.511377868307048,False,oracle,74.46285337106569,2.504670996709579,,
v,583,583,1.511377868307048,False,est_gtstart,74.50734946542146,2.5076536271400185,,
v,583,583,1.511377868307048,False,est_warmstart,74.37196821994888,2.6161508339978083,,
v,583,583,1.511377868307048,False,view_gap,1.6638274308891632,5.12332220008016,0.9999998803742917,0.9999991656434767
v,584,584,1.5049057058489537,False,T0_raw,167.33294026135383,2.7138583825132407,,
v,584,584,1.5049057058489537,False,oracle,72.16694621772587,2.2454044657397083,,
v,584,584,1.5049057058489537,False,est_gtstart,72.18948297782597,2.249168605355265,,
v,584,584,1.5049057058489537,False,est_warmstart,72.1252795792719,2.319206128424281,,
v,584,584,1.5049057058489537,False,view_gap,1.6547297038728963,1.808811859084436,0.9999998828101185,0.9999997767880081
v,585,585,1.4989288150097744,False,T0_raw,168.594075845717,3.280787915301005,,
v,585,585,1.4989288150097744,False,oracle,70.80751256676105,2.2750114412785094,,
v,585,585,1.4989288150097744,False,est_gtstart,70.83538249818795,2.2747891866791514,,
v,585,585,1.4989288150097744,False,est_warmstart,70.97712767896844,2.406935760371777,,
v,585,585,1.4989288150097744,False,view_gap,1.6672488602818818,1.7261917936526316,0.9999998903663465,0.9999990474168505
v,586,586,1.492538560797506,False,T0_raw,170.68223662722627,3.8072360299289913,,
v,586,586,1.492538560797506,False,oracle,78.83538623937463,2.0144296883883457,,
v,586,586,1.492538560797506,False,est_gtstart,78.85538545335184,2.0152306305347203,,
v,586,586,1.492538560797506,False,est_warmstart,79.70712881772444,2.059505353360489,,
v,586,586,1.492538560797506,False,view_gap,1.6879496187399259,1.7524994306157282,0.9999998957048587,0.999999412410067
v,587,587,1.4895644316474863,False,T0_raw,169.63460427050597,2.9049061707905093,,
v,587,587,1.4895644316474863,False,oracle,92.99566365228036,2.7250510222151165,,
v,587,587,1.4895644316474863,False,est_gtstart,92.9845600364535,2.7212229370245566,,
v,587,587,1.4895644316474863,False,est_warmstart,93.44379310584031,2.7369808847322696,,
v,587,587,1.4895644316474863,False,view_gap,1.65734438102274,23.867653023725843,0.9999998994891223,0.9999998140470222
v,588,588,1.4831081237728205,False,T0_raw,170.67483685972127,2.962473344114142,,
v,588,588,1.4831081237728205,False,oracle,78.65599405260109,1.7620695488563576,,
v,588,588,1.4831081237728205,False,est_gtstart,78.63470411153776,1.762439331296249,,
v,588,588,1.4831081237728205,False,est_warmstart,79.43662941939817,1.9101948026172908,,
v,588,588,1.4831081237728205,False,view_gap,1.6864149204973333,4.7506811821094175,0.9999999066474001,0.9999997125653788
v,589,589,1.4767113469394606,False,T0_raw,169.43430128392254,3.8064331932880746,,
v,589,589,1.4767113469394606,False,oracle,79.20632848113284,2.8213174583887914,,
v,589,589,1.4767113469394606,False,est_gtstart,79.15207400582797,2.8172231967931904,,
v,589,589,1.4767113469394606,False,est_warmstart,82.23502826515201,2.721290539381942,,
v,589,589,1.4767113469394606,False,view_gap,1.671292241216549,9.801365832526443,0.9999999169820981,0.9999996449797426
v,590,590,1.4736684896051138,False,T0_raw,167.70597141889024,2.698518659588094,,
v,590,590,1.4736684896051138,False,oracle,78.24176891420034,2.4861391608326824,,
v,590,590,1.4736684896051138,False,est_gtstart,78.19700079020059,2.4842077085073555,,
v,590,590,1.4736684896051138,False,est_warmstart,80.67575386963739,2.406534780949441,,
v,590,590,1.4736684896051138,False,view_gap,1.6547988298496537,8.92727618288447,0.9999999223034393,0.9999997228446739
v,591,591,1.4673742217636405,False,T0_raw,169.83213460137043,3.394058898980616,,
v,591,591,1.4673742217636405,False,oracle,88.0357586086772,3.0694144922455946,,
v,591,591,1.4673742217636405,False,est_gtstart,87.98739408407931,3.0660780056714487,,
v,591,591,1.4673742217636405,False,est_warmstart,90.24505575004798,2.757238702394363,,
v,591,591,1.4673742217636405,False,view_gap,1.6738421671144523,11.621605777601296,0.9999999315459236,0.999999671013672
v,592,592,1.4645449377933322,False,T0_raw,165.77150061021652,2.5185296334445813,,
v,592,592,1.4645449377933322,False,oracle,90.61676820335036,2.7529073469195664,,
v,592,592,1.4645449377933322,False,est_gtstart,90.54839328221843,2.750305976792633,,
v,592,592,1.4645449377933322,False,est_warmstart,91.36527712935072,2.495138911852299,,
v,592,592,1.4645449377933322,False,view_gap,1.6311814681593197,14.295712639210478,0.9999999355465765,0.9999993386713533
v,593,593,1.457928912679072,False,T0_raw,167.54264245688233,3.4727586703064843,,
v,593,593,1.457928912679072,False,oracle,93.9210329663318,3.0036577781885963,,
v,593,593,1.457928912679072,False,est_gtstart,93.87173198790916,3.003408979335476,,
v,593,593,1.457928912679072,False,est_warmstart,94.79478192878722,2.835435632393078,,
v,593,593,1.457928912679072,False,view_gap,1.6548936379192642,6.006969421663122,0.999999945305464,0.9999999138248992
v,594,594,1.4551651586841365,False,T0_raw,167.36189183300988,2.7822816371733934,,
v,594,594,1.4551651586841365,False,oracle,94.30040898833833,2.9724138189450184,,
v,594,594,1.4551651586841365,False,est_gtstart,94.22654625727489,2.973502074767178,,
v,594,594,1.4551651586841365,False,est_warmstart,94.24045347272333,2.7838421916520937,,
v,594,594,1.4551651586841365,False,view_gap,1.653213159552099,5.788757527890986,0.9999999485863621,0.9999998943705013
v,595,595,1.451612333476065,False,T0_raw,168.08259691089683,2.0885586529953524,,
v,595,595,1.451612333476065,False,oracle,106.23691652956964,3.2726489331353115,,
v,595,595,1.451612333476065,False,est_gtstart,106.16043868265702,3.268853135378194,,
v,595,595,1.451612333476065,False,est_warmstart,107.9979548369229,2.958577127315564,,
v,595,595,1.451612333476065,False,view_gap,1.6610338549577899,4.206608146466451,0.999999952097623,0.9999998545790766
v,596,596,1.445815238109262,False,T0_raw,176.6419783116567,3.9632517421489615,,
v,596,596,1.445815238109262,False,oracle,129.1072697941264,9.656884171658321,,
v,596,596,1.445815238109262,False,est_gtstart,129.05171432115188,9.652582769335773,,
v,596,596,1.445815238109262,False,est_warmstart,129.71459370836752,9.515167258279726,,
v,596,596,1.445815238109262,False,view_gap,1.7396384389675492,13.540011279535413,0.9999999504855327,0.9999999826806534
v,597,597,1.4422675199965285,False,T0_raw,180.50857480186608,3.011152936221348,,
v,597,597,1.4422675199965285,False,oracle,143.07255809808106,12.494005226476043,,
v,597,597,1.4422675199965285,False,est_gtstart,143.00316236953788,12.490625056696299,,
v,597,597,1.4422675199965285,False,est_warmstart,145.63342532550075,11.999238515900254,,
v,597,597,1.4422675199965285,False,view_gap,1.777139168910431,14.433594243778991,0.9999999496141422,0.9999999520355108
v,598,598,1.4373198760238393,False,T0_raw,175.69448869364004,3.913656032174757,,
v,598,598,1.4373198760238393,False,oracle,129.46284165028902,7.146684581516735,,
v,598,598,1.4373198760238393,False,est_gtstart,129.40808812395537,7.145984082512346,,
v,598,598,1.4373198760238393,False,est_warmstart,129.96943588760374,6.9310381939530785,,
v,598,598,1.4373198760238393,False,view_gap,1.7337623510635685,9.86103145925643,0.9999999604630515,0.9999999336554787
v,599,599,1.4359727755861444,False,T0_raw,178.99451196718826,3.357017945359907,,
v,599,599,1.4359727755861444,False,oracle,128.77507864152204,3.8442108871560285,,
v,599,599,1.4359727755861444,False,est_gtstart,128.68981577493955,3.849638750719484,,
v,599,599,1.4359727755861444,False,est_warmstart,130.0407045147204,3.5236426369697216,,
v,599,599,1.4359727755861444,False,view_gap,1.762715056521746,14.931262213271346,0.9999999571329395,0.9999999966693942
v,600,600,1.4355643633624307,False,T0_raw,176.98067029364606,4.392828357834539,,
v,600,600,1.4355643633624307,False,oracle,123.40117506082692,5.2275165242867425,,
v,600,600,1.4355643633624307,False,est_gtstart,123.33788059717862,5.2286931135976955,,
v,600,600,1.4355643633624307,False,est_warmstart,123.27503403607028,5.160284635608006,,
v,600,600,1.4355643633624307,False,view_gap,1.7382754199324968,20.25263684220313,0.999999955194697,0.9999999774153703
v,601,601,1.4364964370652609,False,T0_raw,176.9926388572614,2.850369298709992,,
v,601,601,1.4364964370652609,False,oracle,127.18500802212773,4.261076162497049,,
v,601,601,1.4364964370652609,False,est_gtstart,127.11715434575979,4.2617703722788844,,
v,601,601,1.4364964370652609,False,est_warmstart,127.69018219357397,4.1418580318730776,,
v,601,601,1.4364964370652609,False,view_gap,1.7472197521483301,13.10376303451033,0.9999999627427067,0.9999999732276272
v,602,602,1.4399206778492726,False,T0_raw,173.6474224197392,3.668762185773259,,
v,602,602,1.4399206778492726,False,oracle,125.18114822116455,5.78158905029267,,
v,602,602,1.4399206778492726,False,est_gtstart,125.06893208264003,5.780339062819854,,
v,602,602,1.4399206778492726,False,est_warmstart,125.28552563275655,5.662307999163444,,
v,602,602,1.4399206778492726,False,view_gap,1.7090530896036207,19.6476451311689,0.9999999055203441,0.9999997499880162
v,603,603,1.4423467682337487,False,T0_raw,171.7161243316276,2.349694516219514,,
v,603,603,1.4423467682337487,False,oracle,124.397984962552,4.36480308406091,,
v,603,603,1.4423467682337487,False,est_gtstart,124.91639687445203,4.407654367267095,,
v,603,603,1.4423467682337487,False,est_warmstart,125.6139975994068,4.083450881875711,,
v,603,603,1.4423467682337487,False,view_gap,1.7003305595535292,10.317387647376108,0.9999968305659046,0.9999994227292766
v,604,604,1.4486208327510928,False,T0_raw,170.9772717796167,3.353699413361419,,
v,604,604,1.4486208327510928,False,oracle,127.33824391057728,6.7240165861059324,,
v,604,604,1.4486208327510928,False,est_gtstart,127.26320924695663,6.722246656716185,,
v,604,604,1.4486208327510928,False,est_warmstart,127.17946928255816,6.558259533004945,,
v,604,604,1.4486208327510928,False,view_gap,1.6835167370009647,21.205261188761426,0.9999998837559664,0.9999999795065203
v,605,605,1.452454370239437,False,T0_raw,170.80074528737026,2.423184326040049,,
v,605,605,1.452454370239437,False,oracle,146.0456613942697,11.427625221046476,,
v,605,605,1.452454370239437,False,est_gtstart,145.9671189829273,11.419470925164555,,
v,605,605,1.452454370239437,False,est_warmstart,146.9064491696266,11.136091822605474,,
v,605,605,1.452454370239437,False,view_gap,1.6770308365608175,25.052096743527486,0.9999998749740441,0.999999959311162
v,606,606,1.4614562091508738,False,T0_raw,169.2600422326862,5.041307738046349,,
v,606,606,1.4614562091508738,False,oracle,170.6842693854977,14.935655478019113,,
v,606,606,1.4614562091508738,False,est_gtstart,170.62376647456617,14.848211138757536,,
v,606,606,1.4614562091508738,False,est_warmstart,159.8693650574851,21.4312574242129,,
v,606,606,1.4614562091508738,False,view_gap,1.6287723093425244,41.40010506903824,0.9999998636100494,0.9999985977044599
v,607,607,1.4721943641852575,False,T0_raw,168.07873494523966,3.535907729050363,,
v,607,607,1.4721943641852575,False,oracle,127.97994839998807,4.971315334346884,,
v,607,607,1.4721943641852575,False,est_gtstart,127.90164851761376,4.968603958705176,,
v,607,607,1.4721943641852575,False,est_warmstart,128.1373113825957,4.86570909413076,,
v,607,607,1.4721943641852575,False,view_gap,1.6680374535757487,14.261482866158914,0.9999999138204461,0.9999999858566878
v,608,608,1.478193385944598,False,T0_raw,163.87636765770807,2.8564925730816535,,
v,608,608,1.478193385944598,False,oracle,124.7829733713197,4.847354459495902,,
v,608,608,1.478193385944598,False,est_gtstart,124.58167817756627,4.896514915293181,,
v,608,608,1.478193385944598,False,est_warmstart,125.59344761658062,4.712674200136668,,
v,608,608,1.478193385944598,False,view_gap,1.6267386255327498,14.548977796146723,0.999990021771486,0.9999554051366962
v,609,609,1.4913887342531666,False,T0_raw,166.05056606323,4.427615112709769,,
v,609,609,1.4913887342531666,False,oracle,131.08649979151195,6.091041332306883,,
v,609,609,1.4913887342531666,False,est_gtstart,124.63685035850665,5.894901031584569,,
v,609,609,1.4913887342531666,False,est_warmstart,124.75657703498045,5.860641632176033,,
v,609,609,1.4913887342531666,False,view_gap,1.6536450985337119,11.159031438486622,0.9994272725053985,0.9999286690185166
v,610,610,1.4985646364575569,False,T0_raw,168.12674803078605,2.9988019760586444,,
v,610,610,1.4985646364575569,False,oracle,128.96724921170542,4.7901578357806205,,
v,610,610,1.4985646364575569,False,est_gtstart,128.93311292000715,4.789238713436248,,
v,610,610,1.4985646364575569,False,est_warmstart,129.44266424007174,4.646488602852634,,
v,610,610,1.4985646364575569,False,view_gap,1.6790703575166455,5.5232862786791515,0.9999999320071608,0.9999999727111585
v,611,611,1.5140039937094874,False,T0_raw,171.12111583979248,3.587801228500156,,
v,611,611,1.5140039937094874,False,oracle,136.69834719933462,5.559145997423259,,
v,611,611,1.5140039937094874,False,est_gtstart,129.2285238259295,5.44017700878153,,
v,611,611,1.5140039937094874,False,est_warmstart,130.19957253406926,5.1880352204784534,,
v,611,611,1.5140039937094874,False,view_gap,1.7046536695700782,14.36415238505262,0.9994066769820853,0.9999758053215331
v,612,612,1.5222440627314195,False,T0_raw,172.2764201125064,3.474127663242497,,
v,612,612,1.5222440627314195,False,oracle,132.58392563813783,4.648650838233158,,
v,612,612,1.5222440627314195,False,est_gtstart,132.6445816812873,4.754904881507723,,
v,612,612,1.5222440627314195,False,est_warmstart,133.25101588898124,4.593938477175559,,
v,612,612,1.5222440627314195,False,view_gap,1.7162611713379812,15.391253924920356,0.9999223581866085,0.9997204094808486
v,613,613,1.5396899459119289,False,T0_raw,177.1079690864873,3.7832096367766335,,
v,613,613,1.5396899459119289,False,oracle,138.04678214157474,5.391974158232345,,
v,613,613,1.5396899459119289,False,est_gtstart,138.06089219827408,5.542043587233782,,
v,613,613,1.5396899459119289,False,est_warmstart,138.25924091304097,5.193745197968802,,
v,613,613,1.5396899459119289,False,view_gap,1.7634835270102927,18.51232154437188,0.9997305054257688,0.9997990983254444
v,614,614,1.5488573844807096,False,T0_raw,175.4272339196637,2.5130880978087973,,
v,614,614,1.5488573844807096,False,oracle,143.15110963735182,5.208357172350834,,
v,614,614,1.5488573844807096,False,est_gtstart,143.15078671366587,5.209537796020989,,
v,614,614,1.5488573844807096,False,est_warmstart,143.04365594420585,4.83715219948205,,
v,614,614,1.5488573844807096,False,view_gap,1.7453383491787748,20.330523120240862,0.9999998740457439,0.9999999861791208
v,615,615,1.5680184129621269,False,T0_raw,177.59098463670503,3.730824635582239,,
v,615,615,1.5680184129621269,False,oracle,148.8118380949052,6.663625405194342,,
v,615,615,1.5680184129621269,False,est_gtstart,148.8026257148351,6.670595538336645,,
v,615,615,1.5680184129621269,False,est_warmstart,149.57300403622577,6.383031630961877,,
v,615,615,1.5680184129621269,False,view_gap,1.7678516516292524,21.458521623086035,0.9999998813740655,0.9999999824308156
v,616,616,1.5779746939523094,False,T0_raw,173.02570917786184,3.1388189453361943,,
v,616,616,1.5779746939523094,False,oracle,143.78713089822728,6.399937054927338,,
v,616,616,1.5779746939523094,False,est_gtstart,148.54660345688177,6.365261169952338,,
v,616,616,1.5779746939523094,False,est_warmstart,147.81496937730603,5.775784033862418,,
v,616,616,1.5779746939523094,False,view_gap,1.7179862419567158,24.66862738525233,0.9962291882489172,0.9997030415817466
v,617,617,1.5985533567781192,False,T0_raw,172.64137867968068,2.723663039349485,,
v,617,617,1.5985533567781192,False,oracle,134.65716813941668,4.0882720933041945,,
v,617,617,1.5985533567781192,False,est_gtstart,132.59661843372874,4.002911303784296,,
v,617,617,1.5985533567781192,False,est_warmstart,132.7680081415413,3.9341142909138447,,
v,617,617,1.5985533567781192,False,view_gap,1.711926361488513,27.249849097773726,0.9993876683965079,0.9989663634574708
v,618,618,1.6198790223105541,False,T0_raw,171.07173834606624,3.602099532362915,,
v,618,618,1.6198790223105541,False,oracle,129.0840177432616,4.04365246450587,,
v,618,618,1.6198790223105541,False,est_gtstart,129.7174116350748,4.742400120311176,,
v,618,618,1.6198790223105541,False,est_warmstart,130.09069921296665,4.374064748127689,,
v,618,618,1.6198790223105541,False,view_gap,1.6803437592525443,35.96723435509652,0.9965081698558105,0.9989595465804404
v,619,619,1.630770892818643,False,T0_raw,170.3408719959156,2.4174806088542153,,
v,619,619,1.630770892818643,False,oracle,128.6208154585177,3.022227247206519,,
v,619,619,1.630770892818643,False,est_gtstart,128.64993060423964,3.0233231465982224,,
v,619,619,1.630770892818643,False,est_warmstart,129.5775287048845,2.7032424812148506,,
v,619,619,1.630770892818643,False,view_gap,1.6610323390724375,41.14818633621553,0.999996375831299,0.9999999256495857
v,620,620,1.6529039211401868,False,T0_raw,168.78262533889077,3.165745358849272,,
v,620,620,1.6529039211401868,False,oracle,125.37010466262794,4.0447238401764185,,
v,620,620,1.6529039211401868,False,est_gtstart,125.4032005211192,4.050197815486192,,
v,620,620,1.6529039211401868,False,est_warmstart,126.02655529444803,3.8412818338396244,,
v,620,620,1.6529039211401868,False,view_gap,1.6189233730334036,50.549490796325536,0.9999956556427737,0.9999997496645967
v,621,621,1.6641019229740144,False,T0_raw,169.48527776836715,2.896594515275864,,
v,621,621,1.6641019229740144,False,oracle,121.89522246814536,2.4492583829120456,,
v,621,621,1.6641019229740144,False,est_gtstart,126.78781056342545,3.590555991861349,,
v,621,621,1.6641019229740144,False,est_warmstart,128.00569096484475,3.1529241357104696,,
v,621,621,1.6641019229740144,False,view_gap,1.6510833395082545,42.6994254258819,0.9901055561610885,0.9992141483584387
v,622,622,1.6866526484978954,False,T0_raw,170.37254636431308,3.367835804996918,,
v,622,622,1.6866526484978954,False,oracle,121.47569084117575,2.814089044439975,,
v,622,622,1.6866526484978954,False,est_gtstart,121.52747712301455,2.81749340500316,,
v,622,622,1.6866526484978954,False,est_warmstart,121.94041112702303,2.704060475424733,,
v,622,622,1.6866526484978954,False,view_gap,1.6627618570815978,42.56039144829771,0.999992663878288,0.9999997238637647
v,623,623,1.6979764385417924,False,T0_raw,172.43964502112763,3.077525866435575,,
v,623,623,1.6979764385417924,False,oracle,119.0997524671333,2.561216210290774,,
v,623,623,1.6979764385417924,False,est_gtstart,123.99398171591885,2.625512747256174,,
v,623,623,1.6979764385417924,False,est_warmstart,125.1125809499103,2.480771095851311,,
v,623,623,1.6979764385417924,False,view_gap,1.678671168674451,44.94023187888985,0.9823336037882715,0.9989634982768635
v,624,624,1.7206301421530266,False,T0_raw,174.144778694509,3.754074154624262,,
v,624,624,1.7206301421530266,False,oracle,125.47144410133646,3.196110042726818,,
v,624,624,1.7206301421530266,False,est_gtstart,124.50529207115328,3.3964662888969563,,
v,624,624,1.7206301421530266,False,est_warmstart,125.73100929577255,3.181405168675803,,
v,624,624,1.7206301421530266,False,view_gap,1.7029167155149034,43.390481804113534,0.9910950274602134,0.9988914243668865
v,625,625,1.731920925063646,False,T0_raw,172.65027120897707,2.963616038205302,,
v,625,625,1.731920925063646,False,oracle,121.78851554896627,2.1960018618600468,,
v,625,625,1.731920925063646,False,est_gtstart,125.05851920400713,2.401072681480924,,
v,625,625,1.731920925063646,False,est_warmstart,126.55180470934162,2.2874399408999806,,
v,625,625,1.731920925063646,False,view_gap,1.6961367952175255,40.494943219134605,0.9826409111394182,0.9989823241744832
v,626,626,1.7543204558118715,False,T0_raw,177.1966470498886,4.107449088202988,,
v,626,626,1.7543204558118715,False,oracle,124.07352335805733,2.930229134606208,,
v,626,626,1.7543204558118715,False,est_gtstart,124.22333597069245,2.9381934583318614,,
v,626,626,1.7543204558118715,False,est_warmstart,125.613872395308,2.6445246485904823,,
v,626,626,1.7543204558118715,False,view_gap,1.7463625802802565,40.1646803489033,0.9999926900714561,0.9999993191074686
v,627,627,1.7763455412998963,False,T0_raw,177.97755762646295,4.854069942390356,,
v,627,627,1.7763455412998963,False,oracle,124.46237355592817,3.32698232922214,,
v,627,627,1.7763455412998963,False,est_gtstart,124.55944656063869,3.3264507659455242,,
v,627,627,1.7763455412998963,False,est_warmstart,124.66656626513586,3.12377629128128,,
v,627,627,1.7763455412998963,False,view_gap,1.758096226880552,39.578125957604016,0.9999977223428331,0.9999991391077223
v,628,628,1.7871732763214592,False,T0_raw,176.54353334260853,4.325240993934513,,
v,628,628,1.7871732763214592,False,oracle,125.53773581187569,2.2496226252191036,,
v,628,628,1.7871732763214592,False,est_gtstart,122.49930365829195,2.301152269800798,,
v,628,628,1.7871732763214592,False,est_warmstart,122.6266265075916,2.281636876774505,,
v,628,628,1.7871732763214592,False,view_gap,1.7576389030789488,33.78439950090417,0.989567931787831,0.9993137856616273
v,629,629,1.8012346478676384,False,T0_raw,176.99734697039705,3.767398454269885,,
v,629,629,1.8012346478676384,False,oracle,123.68651572880049,2.554015011957703,,
v,629,629,1.8012346478676384,False,est_gtstart,127.92914340131476,2.9257506871090326,,
v,629,629,1.8012346478676384,False,est_warmstart,128.547447718356,2.5818611306390076,,
v,629,629,1.8012346478676384,False,view_gap,1.7823106721820579,24.11029280392185,0.9956605916206352,0.999130485036922
v,630,630,1.7996759479187587,False,T0_raw,176.08202333699143,3.7534918115431655,,
v,630,630,1.7996759479187587,False,oracle,119.97967868789233,2.194761083603157,,
v,630,630,1.7996759479187587,False,est_gtstart,120.04027585343492,2.1987617353639535,,
v,630,630,1.7996759479187587,False,est_warmstart,120.3356288724179,2.1181053333566853,,
v,630,630,1.7996759479187587,False,view_gap,1.7817259630811089,18.597465932867152,0.9999990736443776,0.9999999187366089
v,631,631,1.7963795800047555,False,T0_raw,178.1204162696345,4.767780438331363,,
v,631,631,1.7963795800047555,False,oracle,126.6351127800744,3.3959137635431285,,
v,631,631,1.7963795800047555,False,est_gtstart,126.69518722806414,3.402018106798058,,
v,631,631,1.7963795800047555,False,est_warmstart,127.07190156368628,3.1406117705720713,,
v,631,631,1.7963795800047555,False,view_gap,1.7947281421515948,25.61106158378923,0.9999999896814828,0.9999997306307733
v,632,632,1.7948918846574657,False,T0_raw,176.07305851721074,3.2690504306536963,,
v,632,632,1.7948918846574657,False,oracle,120.55847001195424,1.5875247415092817,,
v,632,632,1.7948918846574657,False,est_gtstart,124.00457185246431,1.8157858492726868,,
v,632,632,1.7948918846574657,False,est_warmstart,124.36939147278328,1.6448691875740373,,
v,632,632,1.7948918846574657,False,view_gap,1.7617747504386758,32.56770633221695,0.9999851969712624,0.999042220441033
v,633,633,1.7915589749153702,False,T0_raw,175.41809453960468,4.170509652427204,,
v,633,633,1.7915589749153702,False,oracle,138.81840052101202,14.523748120482743,,
v,633,633,1.7915589749153702,False,est_gtstart,125.41073300490314,14.73905532264815,,
v,633,633,1.7915589749153702,False,est_warmstart,98.64687379323442,27.84859404280886,,
v,633,633,1.7915589749153702,False,view_gap,1.7311673071114069,43.320692061270094,0.9999636768121796,0.988587332411596
v,634,634,1.7901296455719375,False,T0_raw,169.78367535330938,3.3348891048855616,,
v,634,634,1.7901296455719375,False,oracle,117.09842716502283,2.111022878173053,,
v,634,634,1.7901296455719375,False,est_gtstart,117.10704077510461,2.1104937737882343,,
v,634,634,1.7901296455719375,False,est_warmstart,116.61538667664948,2.103930435565555,,
v,634,634,1.7901296455719375,False,view_gap,1.6886320912355397,37.36458128168785,0.9999999962647589,0.9999998685898895
v,635,635,1.7867388496946026,False,T0_raw,171.44021776498903,3.3744282908491616,,
v,635,635,1.7867388496946026,False,oracle,114.18157040004644,2.034609025721764,,
v,635,635,1.7867388496946026,False,est_gtstart,114.13115165460795,2.0385954725979363,,
v,635,635,1.7867388496946026,False,est_warmstart,114.59671555436115,1.8162229416876716,,
v,635,635,1.7867388496946026,False,view_gap,1.7148674000456423,34.42360489460583,0.9999999965881106,0.9999997451842512
v,636,636,1.7850339095161598,False,T0_raw,169.20050889629698,3.1248329023465886,,
v,636,636,1.7850339095161598,False,oracle,110.43099168464137,2.0972691545297173,,
v,636,636,1.7850339095161598,False,est_gtstart,110.37808404305416,2.0979387113236827,,
v,636,636,1.7850339095161598,False,est_warmstart,110.94836908705538,2.1752635336284354,,
v,636,636,1.7850339095161598,False,view_gap,1.689433235551966,35.758535970288996,0.9999999969475494,0.9999999405903903
v,637,637,1.7820733667327135,False,T0_raw,170.91856442877724,3.7517713867617917,,
v,637,637,1.7820733667327135,False,oracle,114.30798733008797,2.5686318810920556,,
v,637,637,1.7820733667327135,False,est_gtstart,114.29687020764666,2.5712846479202867,,
v,637,637,1.7820733667327135,False,est_warmstart,114.89336463150093,2.39666092943409,,
v,637,637,1.7820733667327135,False,view_gap,1.7217242304129632,30.067784064932823,0.9999999987457666,0.9999999449346711
v,638,638,1.7801730386243586,False,T0_raw,168.06475495559206,2.7964428131886376,,
v,638,638,1.7801730386243586,False,oracle,108.77286397594469,1.7703552584713578,,
v,638,638,1.7801730386243586,False,est_gtstart,108.74694199003466,1.7697730804828204,,
v,638,638,1.7801730386243586,False,est_warmstart,108.8666990596294,1.4892235563004343,,
v,638,638,1.7801730386243586,False,view_gap,1.705221495275729,23.310468698397813,0.9999999987663568,0.9999999360598953
v,639,639,1.7786341845427722,False,T0_raw,171.2855580918961,2.4388402788321306,,
v,639,639,1.7786341845427722,False,oracle,114.45390948651938,1.0416474071264648,,
v,639,639,1.7786341845427722,False,est_gtstart,114.44644461925066,1.043067628403968,,
v,639,639,1.7786341845427722,False,est_warmstart,114.79600898389333,0.8832084245234706,,
v,639,639,1.7786341845427722,False,view_gap,1.745423958033828,19.250541814130884,0.9999999994857391,0.9999999710650737
v,640,640,1.7755637318619566,False,T0_raw,174.49342161129357,3.94948487405273,,
v,640,640,1.7755637318619566,False,oracle,111.8620891255101,1.6396381016304227,,
v,640,640,1.7755637318619566,False,est_gtstart,111.78266395100829,1.6511236536417428,,
v,640,640,1.7755637318619566,False,est_warmstart,112.46073505870243,1.7957727772876346,,
v,640,640,1.7755637318619566,False,view_gap,1.7686594110484546,27.075634913328095,0.9999999995269949,0.9999986187753628
v,641,641,1.7736476161551553,False,T0_raw,179.3736501081675,3.946798589033877,,
v,641,641,1.7736476161551553,False,oracle,108.89095406274112,2.2761709105191827,,
v,641,641,1.7736476161551553,False,est_gtstart,108.88220042374265,2.2766296088099462,,
v,641,641,1.7736476161551553,False,est_warmstart,108.68342965766526,2.571974074199105,,
v,641,641,1.7736476161551553,False,view_gap,1.8193185976773132,27.708302015107655,0.999999999899149,0.9999999863835316
v,642,642,1.7720993266009197,False,T0_raw,180.9102696386991,1.9974907617029158,,
v,642,642,1.7720993266009197,False,oracle,128.37137171292065,14.96407548975014,,
v,642,642,1.7720993266009197,False,est_gtstart,128.3282921774072,14.95980182139104,,
v,642,642,1.7720993266009197,False,est_warmstart,111.98301639428,20.40092241162153,,
v,642,642,1.7720993266009197,False,view_gap,1.809294708705003,40.41432072222406,0.9999999997575538,0.9999999375813884
v,643,643,1.7687893295024792,False,T0_raw,181.1136850297662,3.1877687950761158,,
v,643,643,1.7687893295024792,False,oracle,94.25831522881468,13.878864884984385,,
v,643,643,1.7687893295024792,False,est_gtstart,94.24100705692372,13.879880528753473,,
v,643,643,1.7687893295024792,False,est_warmstart,92.34517630585385,14.46099279692303,,
v,643,643,1.7687893295024792,False,view_gap,1.7788959987009112,52.44630797070293,0.9999999999085428,0.9999999730557765
v,644,644,1.767220519929482,False,T0_raw,178.9927715966114,2.894854104200941,,
v,644,644,1.767220519929482,False,oracle,116.56747997242032,1.1500053414025784,,
v,644,644,1.767220519929482,False,est_gtstart,116.55461398581542,1.1505386406062657,,
v,644,644,1.767220519929482,False,est_warmstart,116.97938125051898,1.237077921652733,,
v,644,644,1.767220519929482,False,view_gap,1.8119205475947568,31.820724298567526,0.9999999999828878,0.9999999929711239
v,645,645,1.763946082148111,False,T0_raw,183.28197200473278,4.7204515434599195,,
v,645,645,1.763946082148111,False,oracle,121.27769174514927,1.7945557876373872,,
v,645,645,1.763946082148111,False,est_gtstart,121.26572043860313,1.7928946199840137,,
v,645,645,1.763946082148111,False,est_warmstart,121.74893850388821,1.5957491589190522,,
v,645,645,1.763946082148111,False,view_gap,1.8595550257928273,31.521748933689864,0.9999999999625301,0.9999999825027062
v,646,646,1.7623724474107751,False,T0_raw,180.93051115651534,3.364909783273573,,
v,646,646,1.7623724474107751,False,oracle,125.5470738853662,1.4024962702867483,,
v,646,646,1.7623724474107751,False,est_gtstart,125.55513950739564,1.4019236757160387,,
v,646,646,1.7623724474107751,False,est_warmstart,125.7291962438444,1.1141821180899196,,
v,646,646,1.7623724474107751,False,view_gap,1.8419996933564209,28.391299793249836,0.9999999999426441,0.9999999994820813
v,647,647,1.759481548459886,False,T0_raw,179.14237748267684,3.700063570919527,,
v,647,647,1.759481548459886,False,oracle,125.18488388305438,2.3504133518492947,,
v,647,647,1.759481548459886,False,est_gtstart,125.19323649249273,2.3512294113283496,,
v,647,647,1.759481548459886,False,est_warmstart,125.33583345723947,2.2087719591184003,,
v,647,647,1.759481548459886,False,view_gap,1.8225457050375706,29.98604644399805,0.9999999997084792,0.9999999968533322
v,648,648,1.7575261025571294,False,T0_raw,178.46917825651747,3.406113757454106,,
v,648,648,1.7575261025571294,False,oracle,125.30438627130816,1.5595478933848426,,
v,648,648,1.7575261025571294,False,est_gtstart,125.31138585526627,1.5592769729324358,,
v,648,648,1.7575261025571294,False,est_warmstart,125.66997798642929,1.1860034464939202,,
v,648,648,1.7575261025571294,False,view_gap,1.813301163579092,31.65289603621524,0.9999999995882891,0.9999999982229392
v,649,649,1.754663560409179,False,T0_raw,172.61825389325648,4.0880979320629365,,
v,649,649,1.754663560409179,False,oracle,121.50169695120388,2.6196744564880077,,
v,649,649,1.754663560409179,False,est_gtstart,121.51266251474449,2.6176808188684983,,
v,649,649,1.754663560409179,False,est_warmstart,121.57936826555478,2.5626381581752646,,
v,649,649,1.754663560409179,False,view_gap,1.7531167475949603,32.07215429262256,0.9999999985088047,0.9999999900374955
v,650,650,1.7526921678923137,False,T0_raw,169.39601463135565,2.5684835361587104,,
v,650,650,1.7526921678923137,False,oracle,115.07211012233378,1.4485279387535703,,
v,650,650,1.7526921678923137,False,est_gtstart,115.09254767786025,1.44771933584991,,
v,650,650,1.7526921678923137,False,est_warmstart,115.36744264786702,0.9638233772176886,,
v,650,650,1.7526921678923137,False,view_gap,1.7381676085002202,22.32759514172944,0.9999999976232598,0.9999999925025653
v,651,651,1.7497771717919304,False,T0_raw,169.49087828417873,3.824800934379683,,
v,651,651,1.7497771717919304,False,oracle,116.83517457627823,2.381638892945652,,
v,651,651,1.7497771717919304,False,est_gtstart,116.85883531603262,2.3800130888128974,,
v,651,651,1.7497771717919304,False,est_warmstart,117.51128432067658,1.9840447322494945,,
v,651,651,1.7497771717919304,False,view_gap,1.747095560005232,18.157416324454445,0.9999999927605414,0.9999999921332947
v,652,652,1.7477905604475574,False,T0_raw,167.83827515188094,3.108380591520355,,
v,652,652,1.7477905604475574,False,oracle,111.33939622327712,1.8488364258079222,,
v,652,652,1.7477905604475574,False,est_gtstart,115.92725808333768,1.6240002612221194,,
v,652,652,1.7477905604475574,False,est_warmstart,115.82564539882303,1.6557382931562028,,
v,652,652,1.7477905604475574,False,view_gap,1.7368498355669526,12.84015605859512,0.9975746357001652,0.9988744416329354
v,653,653,1.7448958872500477,False,T0_raw,170.94387265840376,4.355001166910019,,
v,653,653,1.7448958872500477,False,oracle,112.8445798251247,2.830680785671295,,
v,653,653,1.7448958872500477,False,est_gtstart,112.8773882685292,2.828976467672929,,
v,653,653,1.7448958872500477,False,est_warmstart,112.80524904854683,2.63277930573793,,
v,653,653,1.7448958872500477,False,view_gap,1.7697248086174868,14.421342269875126,0.9999998441992126,0.9999999402016775
v,654,654,1.7428912904953375,False,T0_raw,172.6826903380096,3.516567263961863,,
v,654,654,1.7428912904953375,False,oracle,109.17019014704631,1.462256152767515,,
v,654,654,1.7428912904953375,False,est_gtstart,111.67437544169746,1.5841310755428282,,
v,654,654,1.7428912904953375,False,est_warmstart,111.65457646871872,1.527816116312325,,
v,654,654,1.7428912904953375,False,view_gap,1.7871209640538386,16.085785304721156,0.9997922383653463,0.999282954340929
v,655,655,1.7400257492121316,False,T0_raw,176.87889608854343,6.054936908010224,,
v,655,655,1.7400257492121316,False,oracle,115.54517719470671,2.4711103433821875,,
v,655,655,1.7400257492121316,False,est_gtstart,115.52792159468906,2.474991683803494,,
v,655,655,1.7400257492121316,False,est_warmstart,116.05998979436112,2.4238133464088025,,
v,655,655,1.7400257492121316,False,view_gap,1.8069478710212983,32.39781551659693,0.9999997623446168,0.9999994826422323
v,656,656,1.7380401434334443,False,T0_raw,181.10964175730172,4.562934311554377,,
v,656,656,1.7380401434334443,False,oracle,119.69042045774879,5.042632957371805,,
v,656,656,1.7380401434334443,False,est_gtstart,119.73401866069909,5.042042990565402,,
v,656,656,1.7380401434334443,False,est_warmstart,119.94973136629717,5.014970076597082,,
v,656,656,1.7380401434334443,False,view_gap,1.8415844400389785,37.45895210582795,0.9999997353653789,0.9999995464602114
v,657,657,1.7351606387911989,False,T0_raw,182.8103716143551,6.247588166816477,,
v,657,657,1.7351606387911989,False,oracle,118.61244972875825,4.582024741678079,,
v,657,657,1.7351606387911989,False,est_gtstart,118.61758706918377,4.574365345041598,,
v,657,657,1.7351606387911989,False,est_warmstart,118.72942342378163,4.544661848912768,,
v,657,657,1.7351606387911989,False,view_gap,1.8883991420361983,23.802557722961026,0.9999988953283531,0.9999994848249496
v,658,658,1.7331783570414097,False,T0_raw,179.75553729851512,3.5102920552517216,,
v,658,658,1.7331783570414097,False,oracle,103.70204148488514,2.0673794646107004,,
v,658,658,1.7331783570414097,False,est_gtstart,103.73149909295418,2.0657827178001393,,
v,658,658,1.7331783570414097,False,est_warmstart,104.73837243006984,2.014147388408604,,
v,658,658,1.7331783570414097,False,view_gap,1.8741559204618294,8.894571367357607,0.9999988619684564,0.9999997107792737
v,659,659,1.7302647887965852,False,T0_raw,182.92149139012702,4.18849573889868,,
v,659,659,1.7302647887965852,False,oracle,109.38189873920578,1.7406983035600343,,
v,659,659,1.7302647887965852,False,est_gtstart,109.4216264225257,1.7360216685033085,,
v,659,659,1.7302647887965852,False,est_warmstart,110.59218839394411,1.5746613452173412,,
v,659,659,1.7302647887965852,False,view_gap,1.9049575770557865,14.361021874295332,0.9999987000231844,0.9999997873041943
v,660,660,1.7282772160635753,False,T0_raw,181.43506967481287,3.2426279137270355,,
v,660,660,1.7282772160635753,False,oracle,110.72823439036843,0.77515711896689,,
v,660,660,1.7282772160635753,False,est_gtstart,110.7677529950208,0.7780583171454679,,
v,660,660,1.7282772160635753,False,est_warmstart,111.48479072236873,1.1933010733298026,,
v,660,660,1.7282772160635753,False,view_gap,1.8862860494411953,18.158216225570456,0.9999988474163963,0.9999999678093869
v,661,661,1.7253130842451156,False,T0_raw,182.35564277174558,4.01599661676891,,
v,661,661,1.7253130842451156,False,oracle,107.81276056487174,0.3717544047905711,,
v,661,661,1.7253130842451156,False,est_gtstart,107.85629828553476,0.37231865000079317,,
v,661,661,1.7253130842451156,False,est_warmstart,107.96996335474347,0.4552511774151622,,
v,661,661,1.7253130842451156,False,view_gap,1.899167878650129,17.36352075689851,0.9999997800277985,0.9999999919537528
v,662,662,1.7233506742115943,False,T0_raw,178.42303769098112,2.625885744927654,,
v,662,662,1.7233506742115943,False,oracle,100.82268241128415,1.6583882624523327,,
v,662,662,1.7233506742115943,False,est_gtstart,100.84482378467092,1.6647613929223102,,
v,662,662,1.7233506742115943,False,est_warmstart,101.12647035998268,1.783191213210892,,
v,662,662,1.7233506742115943,False,view_gap,1.8638389919913905,12.721672476661894,0.9999997745710464,0.9999996914272674
v,663,663,1.720360208224356,False,T0_raw,174.42611548604214,3.0097953939868547,,
v,663,663,1.720360208224356,False,oracle,102.8817039457107,1.3093117679578472,,
v,663,663,1.720360208224356,False,est_gtstart,102.9237324171649,1.3054728403996236,,
v,663,663,1.720360208224356,False,est_warmstart,103.39782592358024,1.333581361573631,,
v,663,663,1.720360208224356,False,view_gap,1.8141690813329823,21.04535276772257,0.9999998355568053,0.9999995988624294
v,664,664,1.7184367640926907,False,T0_raw,174.27871788731008,2.124838952115517,,
v,664,664,1.7184367640926907,False,oracle,97.76182721307296,2.098623630030065,,
v,664,664,1.7184367640926907,False,est_gtstart,97.80668962792768,2.1008791047275333,,
v,664,664,1.7184367640926907,False,est_warmstart,98.05388817634415,2.1656950838873947,,
v,664,664,1.7184367640926907,False,view_gap,1.817451658222264,18.276146211989364,0.9999998260793096,0.9999998081373783
v,665,665,1.7151768270746912,False,T0_raw,172.61093111332232,2.8639618527636177,,
v,665,665,1.7151768270746912,False,oracle,100.43196285670302,1.3004764675164002,,
v,665,665,1.7151768270746912,False,est_gtstart,100.48870897845221,1.3004853446991729,,
v,665,665,1.7151768270746912,False,est_warmstart,100.64931674288545,1.2964467446227879,,
v,665,665,1.7151768270746912,False,view_gap,1.8070736794693436,13.880551475121905,0.9999998669876112,0.9999998421150457
v,666,666,1.7134957064320306,False,T0_raw,173.7754382225585,2.398049766735948,,
v,666,666,1.7134957064320306,False,oracle,96.39318580276294,4.997837549004426,,
v,666,666,1.7134957064320306,False,est_gtstart,96.45713444152588,5.001156243157887,,
v,666,666,1.7134957064320306,False,est_warmstart,96.55489443480542,5.05461952504022,,
v,666,666,1.7134957064320306,False,view_gap,1.8202080087915915,14.11614657135285,0.9999998642145859,0.9999997806928898
v,667,667,1.7103333469524151,False,T0_raw,170.06064563287993,2.723898011117968,,
v,667,667,1.7103333469524151,False,oracle,89.69082034159703,2.6691853103625443,,
v,667,667,1.7103333469524151,False,est_gtstart,89.78020738267024,2.6730848048890627,,
v,667,667,1.7103333469524151,False,est_warmstart,89.82290494294655,2.734833508161584,,
v,667,667,1.7103333469524151,False,view_gap,1.7788093082018612,17.91341566381277,0.9999998790534433,0.999999515264619
v,668,668,1.7086686873522703,False,T0_raw,166.31830954672407,2.2038520673368636,,
v,668,668,1.7086686873522703,False,oracle,85.65029304250862,2.798210463355829,,
v,668,668,1.7086686873522703,False,est_gtstart,85.71921413042129,2.797348277468765,,
v,668,668,1.7086686873522703,False,est_warmstart,85.78199938005456,2.997545130998875,,
v,668,668,1.7086686873522703,False,view_gap,1.7421413830771038,16.436216948977567,0.9999998846592169,0.9999998078276541
v,669,669,1.7055546650607563,False,T0_raw,171.68018769596546,3.4509058283291165,,
v,669,669,1.7055546650607563,False,oracle,90.88787212073593,3.473523592429325,,
v,669,669,1.7055546650607563,False,est_gtstart,90.93185676656935,3.480603598750752,,
v,669,669,1.7055546650607563,False,est_warmstart,90.82304167690253,3.64809728221888,,
v,669,669,1.7055546650607563,False,view_gap,1.7960787860476417,20.278435603890088,0.9999998925963655,0.9999999882176042
v,670,670,1.7038665811833993,False,T0_raw,168.08500222030546,1.3437392088124493,,
v,670,670,1.7038665811833993,False,oracle,87.88640170946158,3.1754625122736364,,
v,670,670,1.7038665811833993,False,est_gtstart,87.96656382885955,3.1720316958121266,,
v,670,670,1.7038665811833993,False,est_warmstart,87.70141549577299,3.4750122063182167,,
v,670,670,1.7038665811833993,False,view_gap,1.7686235477505914,12.158629344464877,0.9999998902792483,0.9999996391717453
v,671,671,1.700786236370392,False,T0_raw,169.36386722127676,1.618897728198808,,
v,671,671,1.700786236370392,False,oracle,90.37493269453466,3.888095137025816,,
v,671,671,1.700786236370392,False,est_gtstart,90.42820977976179,3.883496514927642,,
v,671,671,1.700786236370392,False,est_warmstart,90.29456801341414,4.111466573636914,,
v,671,671,1.700786236370392,False,view_gap,1.775368043658761,19.847966949100737,0.9999999178746218,0.9999995927464223
v,672,672,1.6990881412667116,False,T0_raw,172.23871859937665,2.3530341399301804,,
v,672,672,1.6990881412667116,False,oracle,83.98161643673743,2.85460290576119,,
v,672,672,1.6990881412667116,False,est_gtstart,84.02613250698543,2.8548884535109518,,
v,672,672,1.6990881412667116,False,est_warmstart,84.4667339614054,3.2468762721232447,,
v,672,672,1.6990881412667116,False,view_gap,1.8156960826104043,12.376721556565329,0.9999999067525311,0.9999995875015748
v,673,673,1.6960847226559257,False,T0_raw,173.7233347393919,3.39068205613466,,
v,673,673,1.6960847226559257,False,oracle,82.7845525616752,2.0851777382163657,,
v,673,673,1.6960847226559257,False,est_gtstart,82.83126453679417,2.081991360173706,,
v,673,673,1.6960847226559257,False,est_warmstart,82.8094233267937,2.126583602428868,,
v,673,673,1.6960847226559257,False,view_gap,1.8323393037333784,13.768981167335603,0.9999999083364046,0.9999995270278287
v,674,674,1.6943853055112676,False,T0_raw,174.88396954110712,2.2933108705219065,,
v,674,674,1.6943853055112676,False,oracle,82.36263513921715,2.4352909757464056,,
v,674,674,1.6943853055112676,False,est_gtstart,82.37021306362516,2.4357754391589723,,
v,674,674,1.6943853055112676,False,est_warmstart,82.86070008917913,2.770146308285934,,
v,674,674,1.6943853055112676,False,view_gap,1.8505514953467692,8.066442142835584,0.9999999056147195,0.9999987507159869
v,675,675,1.6914094900230376,False,T0_raw,175.50254915576954,2.7584042851685755,,
v,675,675,1.6914094900230376,False,oracle,80.67206646580821,2.1845506067351668,,
v,675,675,1.6914094900230376,False,est_gtstart,80.70057048154807,2.1835372969332973,,
v,675,675,1.6914094900230376,False,est_warmstart,80.81656627768395,2.2221555733125435,,
v,675,675,1.6914094900230376,False,view_gap,1.8588148683090184,8.932252268881058,0.9999999082618733,0.9999995986829333
v,676,676,1.6896901061034906,False,T0_raw,172.68570187527484,1.91548856555139,,
v,676,676,1.6896901061034906,False,oracle,77.85541818155542,3.0076326700160325,,
v,676,676,1.6896901061034906,False,est_gtstart,77.86303412709705,3.009935365214383,,
v,676,676,1.6896901061034906,False,est_warmstart,78.06536037915217,3.2721394231130945,,
v,676,676,1.6896901061034906,False,view_gap,1.83053655887358,8.199195698420425,0.9999999133415497,0.9999996103711396
v,677,677,1.686720213249149,False,T0_raw,173.48219306321346,3.0267972159696477,,
v,677,677,1.686720213249149,False,oracle,82.04249953651953,2.441797534777241,,
v,677,677,1.686720213249149,False,est_gtstart,82.00778921398613,2.4468670011323375,,
v,677,677,1.686720213249149,False,est_warmstart,82.2724098469605,2.4893274445275817,,
v,677,677,1.686720213249149,False,view_gap,1.8409109111162016,8.710057980659158,0.9999999175393269,0.9999993821466173
v,678,678,1.6849888284696615,False,T0_raw,175.1898544607372,2.3971275066709303,,
v,678,678,1.6849888284696615,False,oracle,86.32739360272971,2.308721063178275,,
v,678,678,1.6849888284696615,False,est_gtstart,86.29296214526394,2.3054485906805415,,
v,678,678,1.6849888284696615,False,est_warmstart,86.30893528813576,2.324630272041656,,
v,678,678,1.6849888284696615,False,view_gap,1.8614628143381953,6.784476344169121,0.9999999176133252,0.9999989206225219
v,679,679,1.6820633922861021,False,T0_raw,174.5726070939089,3.0627923627253053,,
v,679,679,1.6820633922861021,False,oracle,82.862980254797,2.1132507017033784,,
v,679,679,1.6820633922861021,False,est_gtstart,82.89150171022808,2.116181199803745,,
v,679,679,1.6820633922861021,False,est_warmstart,82.92447924674298,2.1564171596652795,,
v,679,679,1.6820633922861021,False,view_gap,1.855879211554649,8.797218874052604,0.9999999236038604,0.9999999859204874
v,680,680,1.680324451644548,False,T0_raw,171.50017839503985,2.3442034240887466,,
v,680,680,1.680324451644548,False,oracle,77.08604519549013,2.3031071677282395,,
v,680,680,1.680324451644548,False,est_gtstart,77.03698452906531,2.300268566428746,,
v,680,680,1.680324451644548,False,est_warmstart,81.76479322328137,2.510202953186937,,
v,680,680,1.680324451644548,False,view_gap,1.8248180734931496,7.984999142048643,0.9999999294106215,0.9999990107475245
v,681,681,1.6772121733989618,False,T0_raw,173.0340326821943,3.499236039779173,,
v,681,681,1.6772121733989618,False,oracle,81.6837996850427,2.9316119177051294,,
v,681,681,1.6772121733989618,False,est_gtstart,81.64354927188404,2.9269162651034026,,
v,681,681,1.6772121733989618,False,est_warmstart,84.89100589930389,2.6144670148909994,,
v,681,681,1.6772121733989618,False,view_gap,1.8442997932613923,6.597804115507699,0.9999999368446052,0.9999990035970998
v,682,682,1.6758391092680303,False,T0_raw,172.91521854802275,3.413426186634585,,
v,682,682,1.6758391092680303,False,oracle,93.37411535184809,3.4840211126565146,,
v,682,682,1.6758391092680303,False,est_gtstart,93.37240748482618,3.483535678683179,,
v,682,682,1.6758391092680303,False,est_warmstart,96.23951754495252,3.3535380711775726,,
v,682,682,1.6758391092680303,False,view_gap,1.8393922230718298,12.784808900155653,0.9999999414513794,0.9999998884767479
v,683,683,1.6742977046124328,False,T0_raw,169.44730100609965,2.579876465277182,,
v,683,683,1.6742977046124328,False,oracle,88.5952479191029,2.891544659151811,,
v,683,683,1.6742977046124328,False,est_gtstart,88.53651950607738,2.890420553749979,,
v,683,683,1.6742977046124328,False,est_warmstart,92.23238745021271,2.5357248825486915,,
v,683,683,1.6742977046124328,False,view_gap,1.8075004077274939,7.752338093725442,0.9999999456733923,0.999999920116344
v,684,684,1.6711305335739686,False,T0_raw,173.24100584929275,3.4159651128028568,,
v,684,684,1.6711305335739686,False,oracle,97.1581543728398,3.7549492846888612,,
v,684,684,1.6711305335739686,False,est_gtstart,97.10369487235435,3.753728919155737,,
v,684,684,1.6711305335739686,False,est_warmstart,97.84410274878864,3.6314185107547856,,
v,684,684,1.6711305335739686,False,view_gap,1.845589464400958,13.458517740050802,0.9999999478772212,0.9999999741239346
v,685,685,1.6696362373585978,False,T0_raw,173.44259738788753,2.733391144614932,,
v,685,685,1.6696362373585978,False,oracle,100.68898943310145,2.7558260293948873,,
v,685,685,1.6696362373585978,False,est_gtstart,100.58569955305443,2.74713937427355,,
v,685,685,1.6696362373585978,False,est_warmstart,101.05561424046226,2.6385802457209806,,
v,685,685,1.6696362373585978,False,view_gap,1.8543491297307688,6.538851715599314,0.9999999516496282,0.9999993613745958
v,686,686,1.6678396239360032,False,T0_raw,170.36343033844562,2.4878543501592483,,
v,686,686,1.6678396239360032,False,oracle,95.7151641264493,2.5857258053880834,,
v,686,686,1.6678396239360032,False,est_gtstart,95.63732677925296,2.5827293561143687,,
v,686,686,1.6678396239360032,False,est_warmstart,96.44674464559887,2.34476237035193,,
v,686,686,1.6678396239360032,False,view_gap,1.822531948081651,6.463503555680816,0.9999999553145437,0.9999998032377558
v,687,687,1.6664286019276278,False,T0_raw,174.3387540686446,2.8180982602446796,,
v,687,687,1.6664286019276278,False,oracle,111.53149110243608,3.8887905174492587,,
v,687,687,1.6664286019276278,False,est_gtstart,111.49336399695439,3.8900454720336626,,
v,687,687,1.6664286019276278,False,est_warmstart,112.57058317875374,3.663426449681736,,
v,687,687,1.6664286019276278,False,view_gap,1.8645928706740804,9.019125405054673,0.9999999559242485,0.9999999976117079
v,688,688,1.6649560566452606,False,T0_raw,176.2240524282425,1.4806589295599908,,
v,688,688,1.6649560566452606,False,oracle,125.32316750594002,6.265273116070853,,
v,688,688,1.6649560566452606,False,est_gtstart,125.23853025056073,6.264548646912292,,
v,688,688,1.6649560566452606,False,est_warmstart,127.57303636867512,5.800794193346422,,
v,688,688,1.6649560566452606,False,view_gap,1.8839398619915364,11.52492279888584,0.9999999550654908,0.999999975241623
v,689,689,1.661690964467783,False,T0_raw,191.7188025817822,5.427783254371276,,
v,689,689,1.661690964467783,False,oracle,162.18057798372084,12.659706278258515,,
v,689,689,1.661690964467783,False,est_gtstart,162.13394950187757,12.653282884216399,,
v,689,689,1.661690964467783,False,est_warmstart,171.72087618346575,29.150649239621103,,
v,689,689,1.661690964467783,False,view_gap,1.9336364968231088,62.830447314253135,0.9999999058159956,0.9999999943439001
v,690,690,1.6606567116442976,False,T0_raw,190.93216545412503,4.6482501838274395,,
v,690,690,1.6606567116442976,False,oracle,142.20050932780993,7.541964242492315,,
v,690,690,1.6606567116442976,False,est_gtstart,142.10439804040843,7.539468665218387,,
v,690,690,1.6606567116442976,False,est_warmstart,142.77743581984313,7.368721245624276,,
v,690,690,1.6606567116442976,False,view_gap,2.0444911224451077,12.712723100249512,0.9999999593825716,0.9999998832822988
v,691,691,1.660033185376495,False,T0_raw,186.5743425060062,3.25540073279801,,
v,691,691,1.660033185376495,False,oracle,133.63726459909347,3.7111962790427646,,
v,691,691,1.660033185376495,False,est_gtstart,133.58347491954584,3.7112541744420566,,
v,691,691,1.660033185376495,False,est_warmstart,134.46996462699664,3.505261515852281,,
v,691,691,1.660033185376495,False,view_gap,1.9975188884125468,14.06876071071217,0.9999999600417067,0.9999999866847964
v,692,692,1.659820418916992,False,T0_raw,183.41180479593567,2.680700344069914,,
v,692,692,1.659820418916992,False,oracle,132.17121354247558,3.9501409763710074,,
v,692,692,1.659820418916992,False,est_gtstart,132.0914697525344,3.953487361720808,,
v,692,692,1.659820418916992,False,est_warmstart,133.52439761848956,3.714812120639413,,
v,692,692,1.659820418916992,False,view_gap,1.9585417894697303,19.311383394084558,0.9999999588578423,0.9999999511291392
v,693,693,1.660015117545356,False,T0_raw,182.78580898972132,2.2263098404023816,,
v,693,693,1.660015117545356,False,oracle,129.85442798489635,3.1378500458591514,,
v,693,693,1.660015117545356,False,est_gtstart,129.79427311985066,3.130927291447512,,
v,693,693,1.660015117545356,False,est_warmstart,132.15334917875632,2.5211318938658387,,
v,693,693,1.660015117545356,False,view_gap,1.9611433885044944,11.905294301651992,0.9999999634513507,0.9999999961862233
v,694,694,1.6616361612667856,False,T0_raw,181.82107220002436,3.6204226609063697,,
v,694,694,1.6616361612667856,False,oracle,132.9099824254191,5.872327076496029,,
v,694,694,1.6616361612667856,False,est_gtstart,132.85620671518316,5.873954615993846,,
v,694,694,1.6616361612667856,False,est_warmstart,133.54874002009845,5.701077206570193,,
v,694,694,1.6616361612667856,False,view_gap,1.9416498416439463,21.619245752904526,0.9999999595921276,0.9999999888658857
v,695,695,1.6630641347685982,False,T0_raw,178.95101964751538,2.822102488675344,,
v,695,695,1.6630641347685982,False,oracle,135.73523545340925,5.592010647270924,,
v,695,695,1.6630641347685982,False,est_gtstart,135.68031032949867,5.592827234367793,,
v,695,695,1.6630641347685982,False,est_warmstart,136.93813277963974,5.248468411658643,,
v,695,695,1.6630641347685982,False,view_gap,1.9109060244090548,22.15136220452152,0.9999999607489145,0.9999999965419278
v,696,696,1.6649059065610152,False,T0_raw,178.3649182359979,2.314460916568052,,
v,696,696,1.6649059065610152,False,oracle,139.20105243777448,4.31189514842314,,
v,696,696,1.6649059065610152,False,est_gtstart,139.16414635986288,4.310399870599259,,
v,696,696,1.6649059065610152,False,est_warmstart,140.12401650300157,3.9040237084266627,,
v,696,696,1.6649059065610152,False,view_gap,1.9158179097609285,14.28034487119234,0.9999999679622706,0.9999999649546129
v,697,697,1.6698222024043712,False,T0_raw,174.510206443867,3.316656695683289,,
v,697,697,1.6698222024043712,False,oracle,141.75907212124298,7.543052586131262,,
v,697,697,1.6698222024043712,False,est_gtstart,135.3504254142009,7.54653301965829,,
v,697,697,1.6698222024043712,False,est_warmstart,136.4730759823543,7.282393198203796,,
v,697,697,1.6698222024043712,False,view_gap,1.8649858921197227,22.866716044958046,0.9995709271837367,0.9999131313019526
v,698,698,1.672894535250722,False,T0_raw,174.13472208325146,2.244288556405194,,
v,698,698,1.672894535250722,False,oracle,140.43156308842418,6.962863254901904,,
v,698,698,1.672894535250722,False,est_gtstart,140.38448053184513,6.963003045192868,,
v,698,698,1.672894535250722,False,est_warmstart,141.06899582274758,6.5319287770310375,,
v,698,698,1.672894535250722,False,view_gap,1.859583770561231,24.35048097726078,0.9999999258513305,0.9999999966633919
v,699,699,1.6763733564051282,False,T0_raw,177.35917913409867,2.901298592766278,,
v,699,699,1.6763733564051282,False,oracle,173.35994251823416,14.846344290095974,,
v,699,699,1.6763733564051282,False,est_gtstart,173.2637171710966,14.840281220654164,,
v,699,699,1.6763733564051282,False,est_warmstart,168.1254658984285,18.65655660848819,,
v,699,699,1.6763733564051282,False,view_gap,1.8891728553248615,28.08359768146307,0.9999999249066548,0.9999999824977415
v,700,700,1.6845170786762294,False,T0_raw,172.8768514021254,3.4635279004129513,,
v,700,700,1.6845170786762294,False,oracle,152.36531866027494,12.370784423609015,,
v,700,700,1.6845170786762294,False,est_gtstart,152.2691363454639,12.352442532863103,,
v,700,700,1.6845170786762294,False,est_warmstart,151.93939981628188,11.86179893554598,,
v,700,700,1.6845170786762294,False,view_gap,1.84703363781287,25.626075589627817,0.9999999125576189,0.9999999952466819
v,701,701,1.6891614083993118,False,T0_raw,170.76967094483027,2.6032599603348223,,
v,701,701,1.6891614083993118,False,oracle,132.99431240577056,4.528100343902027,,
v,701,701,1.6891614083993118,False,est_gtstart,132.94429365690317,4.5246821070994505,,
v,701,701,1.6891614083993118,False,est_warmstart,133.19853935898465,4.131771365565274,,
v,701,701,1.6891614083993118,False,view_gap,1.827290853338802,24.403467954206448,0.9999999142454428,0.9999999571985743
v,702,702,1.694174441677688,False,T0_raw,167.5239495045747,1.7843825441665542,,
v,702,702,1.694174441677688,False,oracle,135.45705617637773,3.969326941056813,,
v,702,702,1.694174441677688,False,est_gtstart,130.17287661564248,3.9409165900062586,,
v,702,702,1.694174441677688,False,est_warmstart,131.67857664353835,3.697499478077915,,
v,702,702,1.694174441677688,False,view_gap,1.8046155749865556,16.633382755038006,0.9996983247204223,0.999947330947954
v,703,703,1.7052820811061462,False,T0_raw,169.2669778757812,3.581666554368499,,
v,703,703,1.7052820811061462,False,oracle,141.31757062494395,5.815269282812407,,
v,703,703,1.7052820811061462,False,est_gtstart,141.30520457365327,5.8170448210272045,,
v,703,703,1.7052820811061462,False,est_warmstart,142.39836003184706,5.502300470094034,,
v,703,703,1.7052820811061462,False,view_gap,1.8242530442652283,17.838702693579123,0.9999999355487028,0.9999999661644494
v,704,704,1.7113590807556947,False,T0_raw,169.37048318429518,3.227393134272726,,
v,704,704,1.7113590807556947,False,oracle,139.89235282881262,5.431405960247117,,
v,704,704,1.7113590807556947,False,est_gtstart,134.2860750713634,5.545280698325983,,
v,704,704,1.7113590807556947,False,est_warmstart,134.57576599011193,5.153327716057064,,
v,704,704,1.7113590807556947,False,view_gap,1.8355386681662265,9.140300107341126,0.9995812571897168,0.9999997038771241
v,705,705,1.7244974837200047,False,T0_raw,176.0586247858601,4.244949452066605,,
v,705,705,1.7244974837200047,False,oracle,145.81598444335876,6.348023326517917,,
v,705,705,1.7244974837200047,False,est_gtstart,145.78962009225313,6.350081077148422,,
v,705,705,1.7244974837200047,False,est_warmstart,146.24209869606344,6.112564122133203,,
v,705,705,1.7244974837200047,False,view_gap,1.9097395679861333,10.17592364682951,0.9999999488537353,0.9999999875381687
v,706,706,1.7315450353418567,False,T0_raw,175.4229345478215,3.40226316173041,,
v,706,706,1.7315450353418567,False,oracle,143.063623861933,5.545655018636161,,
v,706,706,1.7315450353418567,False,est_gtstart,143.0294614048537,5.543936244343544,,
v,706,706,1.7315450353418567,False,est_warmstart,144.19357324607645,5.208517106771946,,
v,706,706,1.7315450353418567,False,view_gap,1.9022849894424574,12.110858714205364,0.9999999404755663,0.9999999866050617
v,707,707,1.7388917740252052,False,T0_raw,174.33772993064102,3.5056337466330962,,
v,707,707,1.7388917740252052,False,oracle,141.24722728584965,5.374160604670138,,
v,707,707,1.7388917740252052,False,est_gtstart,140.67938492866745,5.354615352143159,,
v,707,707,1.7388917740252052,False,est_warmstart,141.81224815729337,4.736470663742786,,
v,707,707,1.7388917740252052,False,view_gap,1.8901894318617318,13.550259694475209,0.9999366146746383,0.9998973495392162
v,708,708,1.7544416143534383,False,T0_raw,178.6901822134348,4.333473812245142,,
v,708,708,1.7544416143534383,False,oracle,142.67547141903626,6.152483707264395,,
v,708,708,1.7544416143534383,False,est_gtstart,142.68710712251587,6.154139778900968,,
v,708,708,1.7544416143534383,False,est_warmstart,143.20512044610962,5.454771441953356,,
v,708,708,1.7544416143534383,False,view_gap,1.936293931409268,16.887964168092573,0.9999999402976963,0.9999999806814511
v,709,709,1.762617164034748,False,T0_raw,177.94642227249528,3.2458407947682697,,
v,709,709,1.762617164034748,False,oracle,142.38000490678002,4.783378216158796,,
v,709,709,1.762617164034748,False,est_gtstart,142.36861756189515,4.784165161949216,,
v,709,709,1.762617164034748,False,est_warmstart,143.25475623846253,4.410847301816873,,
v,709,709,1.762617164034748,False,view_gap,1.924017694060053,20.840129423217668,0.9999999178734604,0.9999999904081369
v,710,710,1.7710403319400898,False,T0_raw,179.04767151223774,2.950038884474649,,
v,710,710,1.7710403319400898,False,oracle,145.99160080849717,4.0458450740699785,,
v,710,710,1.7710403319400898,False,est_gtstart,145.23694863563705,4.122441423407815,,
v,710,710,1.7710403319400898,False,est_warmstart,146.43919993628012,3.721888029777865,,
v,710,710,1.7710403319400898,False,view_gap,1.9393763710673209,19.346233943446478,0.9998557748895872,0.9996485047299027
v,711,711,1.7885895573014001,False,T0_raw,177.1077628070803,3.884561718135085,,
v,711,711,1.7885895573014001,False,oracle,150.71605396717976,7.6675086048665255,,
v,711,711,1.7885895573014001,False,est_gtstart,148.55383686601542,7.582377136741006,,
v,711,711,1.7885895573014001,False,est_warmstart,149.01031640857283,7.398319129217565,,
v,711,711,1.7885895573014001,False,view_gap,1.9190482506837652,20.338785574177898,0.9996061106792343,0.9996663232303908
v,712,712,1.7976838465319052,False,T0_raw,176.34434290316213,2.842571595843489,,
v,712,712,1.7976838465319052,False,oracle,146.59316332308742,5.094702363339487,,
v,712,712,1.7976838465319052,False,est_gtstart,146.56512017971355,5.085675969081015,,
v,712,712,1.7976838465319052,False,est_warmstart,146.42350683439284,4.696899933830132,,
v,712,712,1.7976838465319052,False,view_gap,1.8961318398245555,29.38788658649205,0.9999998507287244,0.9999999420959403
v,713,713,1.8069618186297585,False,T0_raw,172.58321016518119,1.855430450234271,,
v,713,713,1.8069618186297585,False,oracle,136.9607080172326,2.6045057748945113,,
v,713,713,1.8069618186297585,False,est_gtstart,136.9672215587194,2.606487259132285,,
v,713,713,1.8069618186297585,False,est_warmstart,136.75300558760645,2.28181929784743,,
v,713,713,1.8069618186297585,False,view_gap,1.8617909937383177,26.253969366559993,0.9999998669992441,0.9999999468183802
v,714,714,1.8260029557358697,False,T0_raw,173.97764866235462,3.0932833998616194,,
v,714,714,1.8260029557358697,False,oracle,135.50620534885857,3.848649378334637,,
v,714,714,1.8260029557358697,False,est_gtstart,134.32855437256336,4.024256575195177,,
v,714,714,1.8260029557358697,False,est_warmstart,134.3286847541483,3.850251252885281,,
v,714,714,1.8260029557358697,False,view_gap,1.8555125072209953,37.13450820568465,0.9980266678107258,0.9993209264780376
v,715,715,1.8357366260816061,False,T0_raw,170.62401809765151,2.109419132261725,,
v,715,715,1.8357366260816061,False,oracle,133.18562386466644,2.619993456709578,,
v,715,715,1.8357366260816061,False,est_gtstart,133.23294382553013,2.622192776253504,,
v,715,715,1.8357366260816061,False,est_warmstart,134.60535596075727,2.3314284808627734,,
v,715,715,1.8357366260816061,False,view_gap,1.8010698391987354,43.51600687030732,0.9999997308670258,0.9999997626572086
v,716,716,1.845581635308418,False,T0_raw,170.60726493309076,1.7945502822544166,,
v,716,716,1.845581635308418,False,oracle,131.6643148698331,2.3530277615579336,,
v,716,716,1.845581635308418,False,est_gtstart,133.00683532624538,2.555459619902891,,
v,716,716,1.845581635308418,False,est_warmstart,134.40760467281183,2.177298567070219,,
v,716,716,1.845581635308418,False,view_gap,1.8017986385691749,43.57113885408115,0.6450051900266961,0.999308143675292
v,717,717,1.8655685032800196,False,T0_raw,171.41541642739557,3.0669001969342675,,
v,717,717,1.8655685032800196,False,oracle,132.67826380327358,2.9584638867331465,,
v,717,717,1.8655685032800196,False,est_gtstart,134.5711622047788,3.709488904350059,,
v,717,717,1.8655685032800196,False,est_warmstart,135.08078533870227,3.509996568849989,,
v,717,717,1.8655685032800196,False,view_gap,1.8246139161155661,39.620172530940856,0.9941738906695003,0.9997209172526342
v,718,718,1.8756825533809711,False,T0_raw,171.97479638031717,2.9960716936390277,,
v,718,718,1.8756825533809711,False,oracle,124.99468573299649,2.944581420702116,,
v,718,718,1.8756825533809711,False,est_gtstart,134.6412023969274,3.491167225652979,,
v,718,718,1.8756825533809711,False,est_warmstart,134.62452300142698,3.2434569088483745,,
v,718,718,1.8756825533809711,False,view_gap,1.817870078556371,44.44450231772734,0.9941192559124608,0.9997804650889989
v,719,719,1.8858478372932204,False,T0_raw,173.01397483640966,1.9438326451302048,,
v,719,719,1.8858478372932204,False,oracle,127.0147882013958,2.0141305156545073,,
v,719,719,1.8858478372932204,False,est_gtstart,125.60016085980658,2.1538433903196075,,
v,719,719,1.8858478372932204,False,est_warmstart,127.22016564378697,2.132767516243959,,
v,719,719,1.8858478372932204,False,view_gap,1.8426575984082085,40.40266613336829,0.9935081299112779,0.9992058673152662
v,720,720,1.9062817040203248,False,T0_raw,173.83765768594552,2.7912882951852405,,
v,720,720,1.9062817040203248,False,oracle,133.0522398157015,3.1972868761694415,,
v,720,720,1.9062817040203248,False,est_gtstart,133.1188796588972,3.2004888137167526,,
v,720,720,1.9062817040203248,False,est_warmstart,134.3658387446685,2.8784939107060263,,
v,720,720,1.9062817040203248,False,view_gap,1.8580660754646952,39.00132615376517,0.9999915821204363,0.9999998228840341
v,721,721,1.9165176807804885,False,T0_raw,176.38768679205845,3.2455742501534828,,
v,721,721,1.9165176807804885,False,oracle,127.47513050486923,2.2326554947554778,,
v,721,721,1.9165176807804885,False,est_gtstart,132.55492239909776,2.4246531803540177,,
v,721,721,1.9165176807804885,False,est_warmstart,132.55142210732865,2.2427797265175937,,
v,721,721,1.9165176807804885,False,view_gap,1.8717904787731214,44.64821900383065,0.9768716116475618,0.999206483017698
v,722,722,1.9267317980965264,False,T0_raw,177.94302681706478,2.7862914741068168,,
v,722,722,1.9267317980965264,False,oracle,132.63021536509896,1.8828762691744898,,
v,722,722,1.9267317980965264,False,est_gtstart,129.0682081137123,2.0807983425267724,,
v,722,722,1.9267317980965264,False,est_warmstart,129.91122423173363,2.05877508013077,,
v,722,722,1.9267317980965264,False,view_gap,1.8943016397227963,43.40524159282477,0.985666882637809,0.9993029693484898
v,723,723,1.947027831395835,False,T0_raw,180.081679262211,4.43193386601257,,
v,723,723,1.947027831395835,False,oracle,131.85196725295464,2.6560839333958772,,
v,723,723,1.947027831395835,False,est_gtstart,134.3404592014937,2.996118047193259,,
v,723,723,1.947027831395835,False,est_warmstart,135.11087036046555,2.8337867678394546,,
v,723,723,1.947027831395835,False,view_gap,1.8966667750327448,51.04676906590644,0.9871806614876589,0.9990768888531089
v,724,724,1.9570795688920108,False,T0_raw,178.36609550501151,2.8541152986454343,,
v,724,724,1.9570795688920108,False,oracle,133.69149380849188,1.8210570426012,,
v,724,724,1.9570795688920108,False,est_gtstart,137.19472859849364,2.2564219593405594,,
v,724,724,1.9570795688920108,False,est_warmstart,138.2421166113592,2.0280754955630282,,
v,724,724,1.9570795688920108,False,view_gap,1.9173110984298496,38.095329038068115,0.9872873383204042,0.9991803419481347
v,725,725,1.9670371152598467,False,T0_raw,177.58993355483204,2.313593990416115,,
v,725,725,1.9670371152598467,False,oracle,134.72463360306472,1.6293378651559105,,
v,725,725,1.9670371152598467,False,est_gtstart,134.81067267437433,1.6307300864881407,,
v,725,725,1.9670371152598467,False,est_warmstart,136.0230120579977,1.639356730634614,,
v,725,725,1.9670371152598467,False,view_gap,1.9123194877261098,37.09702457811748,0.9999969689161124,0.9999994922410957
v,726,726,1.9866138817715968,False,T0_raw,180.25665369666146,3.2750342488494453,,
v,726,726,1.9866138817715968,False,oracle,134.57564550335965,1.9357784426746385,,
v,726,726,1.9866138817715968,False,est_gtstart,137.14688107657608,2.176059755767033,,
v,726,726,1.9866138817715968,False,est_warmstart,138.16227647891336,1.8417191087157305,,
v,726,726,1.9866138817715968,False,view_gap,1.9481581716682095,35.71881743227312,0.9947185030486779,0.9995405861187916
v,727,727,1.996196025258277,False,T0_raw,176.92095066139328,2.886941715860728,,
v,727,727,1.996196025258277,False,oracle,130.6374103634112,1.7147209966796884,,
v,727,727,1.996196025258277,False,est_gtstart,130.6854884051554,1.7162975995322989,,
v,727,727,1.996196025258277,False,est_warmstart,131.7247542390275,1.6008283368094944,,
v,727,727,1.996196025258277,False,view_gap,1.9385001199000123,22.575530277704203,0.9999987602955351,0.9999999910682545
v,728,728,2.0130853140346567,False,T0_raw,180.04749800641295,4.673753374688894,,
v,728,728,2.0130853140346567,False,oracle,137.57945106945235,3.207999009107185,,
v,728,728,2.0130853140346567,False,est_gtstart,134.1612448582776,3.318919241242094,,
v,728,728,2.0130853140346567,False,est_warmstart,134.38052925562295,3.08955930018562,,
v,728,728,2.0130853140346567,False,view_gap,1.980800741976836,19.208788263056498,0.847262101481586,0.9995146252079011
v,729,729,2.0112660794875117,False,T0_raw,177.41493235532403,3.3729894747421123,,
v,729,729,2.0112660794875117,False,oracle,140.98189808758468,14.844967523419001,,
v,729,729,2.0112660794875117,False,est_gtstart,134.33281416609722,14.995216648216402,,
v,729,729,2.0112660794875117,False,est_warmstart,109.12192919883918,27.78191890451393,,
v,729,729,2.0112660794875117,False,view_gap,1.9426666491532556,25.519662561240608,0.9999879011813048,0.9884074349473193
v,730,730,2.0094974304248265,False,T0_raw,174.50794036441874,3.270086002576639,,
v,730,730,2.0094974304248265,False,oracle,126.43018810338985,1.950486536069552,,
v,730,730,2.0094974304248265,False,est_gtstart,130.67855948190143,2.2057373755973493,,
v,730,730,2.0094974304248265,False,est_warmstart,131.37014134116052,2.137794798522804,,
v,730,730,2.0094974304248265,False,view_gap,1.9007308984481026,30.846321082540484,0.9999880098754406,0.9990872138609455
v,731,731,2.0063407585853077,False,T0_raw,172.73751367881434,4.000525384369231,,
v,731,731,2.0063407585853077,False,oracle,122.0529618656433,2.631702980120412,,
v,731,731,2.0063407585853077,False,est_gtstart,125.05061119918528,2.9507447510100797,,
v,731,731,2.0063407585853077,False,est_warmstart,124.85806944439386,2.8367957577671383,,
v,731,731,2.0063407585853077,False,view_gap,1.8777003053264558,33.27634566575366,0.9999870664434085,0.9987529835939594
v,732,732,2.004589125105296,False,T0_raw,171.95005361441258,3.047639401519146,,
v,732,732,2.004589125105296,False,oracle,118.51364198557894,2.135126460421251,,
v,732,732,2.004589125105296,False,est_gtstart,126.87232934545098,2.1981510432203994,,
v,732,732,2.004589125105296,False,est_warmstart,126.37732689618156,2.037927970952109,,
v,732,732,2.004589125105296,False,view_gap,1.8755663343972004,30.844191649009645,0.9999876433728089,0.9999645961766042
v,733,733,2.0030903367399993,False,T0_raw,168.92806019517758,3.0569623847043332,,
v,733,733,2.0030903367399993,False,oracle,117.37423723673265,2.5752671957349182,,
v,733,733,2.0030903367399993,False,est_gtstart,120.93893343493197,2.552697064115323,,
v,733,733,2.0030903367399993,False,est_warmstart,122.11847484300328,2.4995759220546327,,
v,733,733,2.0030903367399993,False,view_gap,1.8455658736029843,29.529438576525457,0.9999998487756148,0.9988691060233155
v,734,734,2.001343762056762,False,T0_raw,168.90547718199784,2.828868360431359,,
v,734,734,2.001343762056762,False,oracle,116.54361479451454,2.209277098940974,,
v,734,734,2.001343762056762,False,est_gtstart,116.56503474494372,2.2098141470775174,,
v,734,734,2.001343762056762,False,est_warmstart,117.08913204593381,2.45074320409247,,
v,734,734,2.001343762056762,False,view_gap,1.8413544443917673,31.840476590718758,0.9999999990480982,0.9999999587407423
v,735,735,1.99820216103386,False,T0_raw,171.6804392609285,3.026214815176136,,
v,735,735,1.99820216103386,False,oracle,115.70516038797648,1.9852942762623902,,
v,735,735,1.99820216103386,False,est_gtstart,119.19189153599031,2.3138224386278345,,
v,735,735,1.99820216103386,False,est_warmstart,119.33971853802724,1.9760190608045782,,
v,735,735,1.99820216103386,False,view_gap,1.8834803937980056,27.953089066969916,0.9999970937094493,0.9986785302585045
v,736,736,1.9964275433391958,False,T0_raw,172.00623888782783,2.944263211378384,,
v,736,736,1.9964275433391958,False,oracle,116.9138791653291,1.5052594367132432,,
v,736,736,1.9964275433391958,False,est_gtstart,120.12527520672886,1.6349992587929603,,
v,736,736,1.9964275433391958,False,est_warmstart,120.51054750556756,1.5002588160165227,,
v,736,736,1.9964275433391958,False,view_gap,1.9048907908958626,18.178119026502237,0.9999956831024651,0.9997315876107126
v,737,737,1.9949670267018063,False,T0_raw,173.06709459894742,2.598719889259914,,
v,737,737,1.9949670267018063,False,oracle,116.23558140445441,1.6077919257805302,,
v,737,737,1.9949670267018063,False,est_gtstart,116.2144683955827,1.6087101255087497,,
v,737,737,1.9949670267018063,False,est_warmstart,116.7131223117839,1.3768148875059107,,
v,737,737,1.9949670267018063,False,view_gap,1.9204348935664044,16.30638357696501,0.9999999995893429,0.9999999613893774
v,738,738,1.993675737360781,False,T0_raw,171.62691205478717,2.2677630168959206,,
v,738,738,1.993675737360781,False,oracle,113.23212982917299,1.1513113605798213,,
v,738,738,1.993675737360781,False,est_gtstart,113.33475785223729,1.1539726841399869,,
v,738,738,1.993675737360781,False,est_warmstart,113.4182177521022,1.0945125452921227,,
v,738,738,1.993675737360781,False,view_gap,1.9061802550139195,15.772606133960032,0.9999999996111891,0.9999994518265585
v,739,739,1.991551135531931,False,T0_raw,174.3633283047295,2.4577567300753653,,
v,739,739,1.991551135531931,False,oracle,106.84788484493002,2.9941931454772774,,
v,739,739,1.991551135531931,False,est_gtstart,111.89283387454758,1.2172899880547332,,
v,739,739,1.991551135531931,False,est_warmstart,111.55666716560319,1.5827671226854525,,
v,739,739,1.991551135531931,False,view_gap,1.9355422678370422,17.76096835466312,0.9999853559265046,0.9971454910025783
v,740,740,1.988227322532895,False,T0_raw,175.99149906355186,3.5604285343948296,,
v,740,740,1.988227322532895,False,oracle,110.28911681727334,1.5839654128627076,,
v,740,740,1.988227322532895,False,est_gtstart,110.26369236889212,1.5833952971916354,,
v,740,740,1.988227322532895,False,est_warmstart,110.8426362367193,1.6093416937509242,,
v,740,740,1.988227322532895,False,view_gap,1.9489591838558245,22.687399404595965,0.999999999904882,0.9999999817770726
v,741,741,1.9865035509892675,False,T0_raw,183.61587791589622,2.716738355328368,,
v,741,741,1.9865035509892675,False,oracle,132.49936556755722,14.943751443672852,,
v,741,741,1.9865035509892675,False,est_gtstart,132.4913682192587,14.941270265960974,,
v,741,741,1.9865035509892675,False,est_warmstart,116.80755011607694,21.793003487071193,,
v,741,741,1.9865035509892675,False,view_gap,2.003484442779102,38.35031211661377,0.9999999999575234,0.999999993272569
v,742,742,1.984656008273522,False,T0_raw,178.99825051978263,2.831954529265652,,
v,742,742,1.984656008273522,False,oracle,117.3096996459528,1.3746556124106946,,
v,742,742,1.984656008273522,False,est_gtstart,117.3090429180865,1.3747743457503445,,
v,742,742,1.984656008273522,False,est_warmstart,118.15515514004672,1.5250140721348426,,
v,742,742,1.984656008273522,False,view_gap,1.9557661759250802,36.887908141985726,0.999999999975624,0.9999999816834132
v,743,743,1.983128089597242,False,T0_raw,179.30506556332483,2.870655202288943,,
v,743,743,1.983128089597242,False,oracle,120.34124865471777,1.0359030535879443,,
v,743,743,1.983128089597242,False,est_gtstart,120.32194992523901,1.0363895803072458,,
v,743,743,1.983128089597242,False,est_warmstart,121.45678940782803,0.9590861102817458,,
v,743,743,1.983128089597242,False,view_gap,1.9660651519202124,34.62345011321322,0.9999999999844164,0.9999999715754786
v,744,744,1.9814615919102028,False,T0_raw,180.44821289527215,2.825848320314006,,
v,744,744,1.9814615919102028,False,oracle,119.51353006486077,1.4186924066482487,,
v,744,744,1.9814615919102028,False,est_gtstart,119.5186954205094,1.41838460907788,,
v,744,744,1.9814615919102028,False,est_warmstart,120.33507444659234,1.565619677960539,,
v,744,744,1.9814615919102028,False,view_gap,1.990947350407928,29.843043968161176,0.9999999999784789,0.9999999873992594
v,745,745,1.979597886041985,False,T0_raw,180.62014128815048,2.3602126441724733,,
v,745,745,1.979597886041985,False,oracle,124.18884535887898,0.741447543742696,,
v,745,745,1.979597886041985,False,est_gtstart,124.19791488759853,0.7411682198378631,,
v,745,745,1.979597886041985,False,est_warmstart,125.25354466404582,0.9572318019745106,,
v,745,745,1.979597886041985,False,view_gap,1.9917725487154814,30.96471763031783,0.9999999999726221,0.9999999977623255
v,746,746,1.9768365590781714,False,T0_raw,183.49609773149726,3.619462434763824,,
v,746,746,1.9768365590781714,False,oracle,131.55297078199808,1.731443443187661,,
v,746,746,1.9768365590781714,False,est_gtstart,131.55595231068736,1.7301969640700938,,
v,746,746,1.9768365590781714,False,est_warmstart,132.11362203835154,1.4771420245395868,,
v,746,746,1.9768365590781714,False,view_gap,2.024777848703978,31.97502538030328,0.9999999996733708,0.9999999997391497
v,747,747,1.9747139617871945,False,T0_raw,197.33179127185645,5.126506596011421,,
v,747,747,1.9747139617871945,False,oracle,154.3793988593815,10.225246967821095,,
v,747,747,1.9747139617871945,False,est_gtstart,154.38146742505558,10.225265675111853,,
v,747,747,1.9747139617871945,False,est_warmstart,154.6146100626605,10.32159821856345,,
v,747,747,1.9747139617871945,False,view_gap,1.9695558810122442,88.02528752425154,0.9999999999495228,0.9999999998351006
v,748,748,1.9728254039491409,False,T0_raw,178.89291313055878,3.2262134307611308,,
v,748,748,1.9728254039491409,False,oracle,127.14795434192075,1.2443461924460018,,
v,748,748,1.9728254039491409,False,est_gtstart,127.16399173869489,1.2449935330263466,,
v,748,748,1.9728254039491409,False,est_warmstart,127.37383187690074,0.7271798332250735,,
v,748,748,1.9728254039491409,False,view_gap,1.9786338970054267,30.210458459379197,0.999999999659796,0.9999999991180502
v,749,749,1.97126091342319,False,T0_raw,175.43963394211957,2.0366284150210503,,
v,749,749,1.97126091342319,False,oracle,126.70276687183888,0.5847059939764088,,
v,749,749,1.97126091342319,False,est_gtstart,126.7167714079338,0.5800977146003539,,
v,749,749,1.97126091342319,False,est_warmstart,126.07431300989319,0.3635386794330507,,
v,749,749,1.97126091342319,False,view_gap,1.9444680935752368,28.310593190965072,0.9999999988423107,0.9999999887669362
v,750,750,1.9677328458880257,False,T0_raw,177.12434153264388,3.3510720887171757,,
v,750,750,1.9677328458880257,False,oracle,125.70042760188436,2.2631329012361237,,
v,750,750,1.9677328458880257,False,est_gtstart,130.4284406086531,2.1548892346178596,,
v,750,750,1.9677328458880257,False,est_warmstart,130.58274841975893,1.81244589213949,,
v,750,750,1.9677328458880257,False,view_gap,1.963580862769704,29.52528761492612,0.9999469196491303,0.9989139173733649
v,751,751,1.9661649188834098,False,T0_raw,171.55928815020127,2.64428055975618,,
v,751,751,1.9661649188834098,False,oracle,121.23242662989094,1.393719677506726,,
v,751,751,1.9661649188834098,False,est_gtstart,121.25537961651662,1.3912663060275559,,
v,751,751,1.9661649188834098,False,est_warmstart,121.42373194705408,1.284268439257245,,
v,751,751,1.9661649188834098,False,view_gap,1.9039484436271497,28.253054801357536,0.9999999958490615,0.9999999550483145
v,752,752,1.964509533956199,False,T0_raw,206.94682907233744,9.131959742399582,,
v,752,752,1.964509533956199,False,oracle,183.82799894299885,2.1166289359746173,,
v,752,752,1.964509533956199,False,est_gtstart,183.87118515594474,2.1165615552259442,,
v,752,752,1.964509533956199,False,est_warmstart,183.8781874734617,2.115064474860222,,
v,752,752,1.964509533956199,False,view_gap,2.19131947480886,68.17684834968318,0.999999992620077,0.9999999789338188
v,753,753,1.9610050668380385,False,T0_raw,174.8968223127919,3.297705262593873,,
v,753,753,1.9610050668380385,False,oracle,122.74249914078864,1.6703450865486245,,
v,753,753,1.9610050668380385,False,est_gtstart,122.74403496757331,1.665856251821798,,
v,753,753,1.9610050668380385,False,est_warmstart,122.7269577635383,1.1928616697389272,,
v,753,753,1.9610050668380385,False,view_gap,1.9701721628495719,11.819881506210272,0.9999998892497528,0.9999996381905872
v,754,754,1.9593808844549712,False,T0_raw,172.71324143377234,2.7974414208988234,,
v,754,754,1.9593808844549712,False,oracle,117.38181385567306,1.7175898275977626,,
v,754,754,1.9593808844549712,False,est_gtstart,117.44057068030234,1.717296788429699,,
v,754,754,1.9593808844549712,False,est_warmstart,117.77503877176727,1.6156190512788777,,
v,754,754,1.9593808844549712,False,view_gap,1.9451387697150986,13.31572953561011,0.9999998810487305,0.9999999883123736
v,755,755,1.9574525829113054,False,T0_raw,176.20366166379173,3.265980895745356,,
v,755,755,1.9574525829113054,False,oracle,119.49294016770595,1.8721554309012922,,
v,755,755,1.9574525829113054,False,est_gtstart,119.52559178505261,1.8702048949553043,,
v,755,755,1.9574525829113054,False,est_warmstart,119.29839900369495,1.9971185669478229,,
v,755,755,1.9574525829113054,False,view_gap,1.9845156040562184,14.588202379275828,0.9999998185841015,0.9999998418005068
v,756,756,1.9542711095313445,False,T0_raw,180.0918227930877,4.226195729165219,,
v,756,756,1.9542711095313445,False,oracle,120.51791047459524,1.2359868845278053,,
v,756,756,1.9542711095313445,False,est_gtstart,120.55305208204376,1.2356907716693037,,
v,756,756,1.9542711095313445,False,est_warmstart,121.03464937146207,1.1437894600794911,,
v,756,756,1.9542711095313445,False,view_gap,2.016456882175437,24.753968067316556,0.9999997945626291,0.9999998447329274
v,757,757,1.95234300713357,False,T0_raw,181.31583613602226,3.2225589422889263,,
v,757,757,1.95234300713357,False,oracle,122.755260122238,4.670472291563437,,
v,757,757,1.95234300713357,False,est_gtstart,125.5809588166856,4.596463376411044,,
v,757,757,1.95234300713357,False,est_warmstart,126.91597420235662,4.36513859351583,,
v,757,757,1.95234300713357,False,view_gap,2.007119871519089,36.285561809644484,0.9945977537229916,0.9994481739902517
v,758,758,1.9507394332657388,False,T0_raw,188.6665601367972,6.739076473558626,,
v,758,758,1.9507394332657388,False,oracle,127.84885083400715,2.9230346751625507,,
v,758,758,1.9507394332657388,False,est_gtstart,127.90841604083653,2.9284291721090314,,
v,758,758,1.9507394332657388,False,est_warmstart,128.39973653221222,2.8717136244403108,,
v,758,758,1.9507394332657388,False,view_gap,2.0841351071803014,39.83115847386465,0.9999991824661905,0.9999994057070811
v,759,759,1.9472120694551858,False,T0_raw,190.04920831704936,6.318993420412481,,
v,759,759,1.9472120694551858,False,oracle,127.19850877590294,4.517871149716717,,
v,759,759,1.9472120694551858,False,est_gtstart,131.00519041208463,4.430270692429491,,
v,759,759,1.9472120694551858,False,est_warmstart,131.43484607752293,4.326207951689525,,
v,759,759,1.9472120694551858,False,view_gap,2.129798499032319,27.835101050626143,0.9999691359406435,0.9998631845579711
v,760,760,1.9456081627445991,False,T0_raw,184.88074871842278,4.363389024315578,,
v,760,760,1.9456081627445991,False,oracle,112.37615917965854,2.1497548553261003,,
v,760,760,1.9456081627445991,False,est_gtstart,112.40910006291833,2.1498472733814546,,
v,760,760,1.9456081627445991,False,est_warmstart,113.6477565741674,2.2000193693002266,,
v,760,760,1.9456081627445991,False,view_gap,2.0921917487042667,14.382862794508178,0.9999989651194088,0.9999999519299517
v,761,761,1.9440539352209074,False,T0_raw,183.95060805821512,3.1820911730274584,,
v,761,761,1.9440539352209074,False,oracle,111.88533759243222,1.9666705958276327,,
v,761,761,1.9440539352209074,False,est_gtstart,111.9255042288479,1.965207788267899,,
v,761,761,1.9440539352209074,False,est_warmstart,112.31483255468959,2.569711490781736,,
v,761,761,1.9440539352209074,False,view_gap,2.085891245525686,11.40789786839047,0.9999990515138377,0.9999998749162907
v,762,762,1.9405136904160836,False,T0_raw,184.6200124742529,3.903502520606683,,
v,762,762,1.9405136904160836,False,oracle,113.56205752157145,0.6388871212804569,,
v,762,762,1.9405136904160836,False,est_gtstart,113.58165193842508,0.637990623357824,,
v,762,762,1.9405136904160836,False,est_warmstart,114.93303713810953,0.5369561734087511,,
v,762,762,1.9405136904160836,False,view_gap,2.09004443773698,17.02524606266831,0.9999998263737195,0.9999998651357217
v,763,763,1.9390048320097173,False,T0_raw,183.1286123231523,3.1701465741220467,,
v,763,763,1.9390048320097173,False,oracle,111.62358526486437,1.3066893056647342,,
v,763,763,1.9390048320097173,False,est_gtstart,111.6485924846372,1.3094939920844038,,
v,763,763,1.9390048320097173,False,est_warmstart,112.46559852869393,1.5353061668834287,,
v,763,763,1.9390048320097173,False,view_gap,2.078283324378165,13.615703309750593,0.9999998199720886,0.9999999113963888
v,764,764,1.9370721905567188,False,T0_raw,179.77723452841624,2.3289094200890097,,
v,764,764,1.9370721905567188,False,oracle,105.90051671016516,2.135171754504335,,
v,764,764,1.9370721905567188,False,est_gtstart,110.53473862795936,2.2904552454992304,,
v,764,764,1.9370721905567188,False,est_warmstart,110.43285589131156,2.4503878952420743,,
v,764,764,1.9370721905567188,False,view_gap,2.0422228908575577,12.754314511907339,0.9997152374053127,0.9997162682317606
v,765,765,1.9340070145668669,False,T0_raw,176.6372665037055,3.0336322865101337,,
v,765,765,1.9340070145668669,False,oracle,107.09339067304721,1.169835315225621,,
v,765,765,1.9340070145668669,False,est_gtstart,107.12131295481863,1.16943503283357,,
v,765,765,1.9340070145668669,False,est_warmstart,107.18799259119297,1.2010997271322512,,
v,765,765,1.9340070145668669,False,view_gap,2.0106550554707887,10.959030917094381,0.999999860277897,0.9999999967995353
v,766,766,1.932066523023666,False,T0_raw,174.24101111472933,2.4868215257559276,,
v,766,766,1.932066523023666,False,oracle,105.41459036626202,1.553482090043782,,
v,766,766,1.932066523023666,False,est_gtstart,109.22035989670363,1.6401500072571435,,
v,766,766,1.932066523023666,False,est_warmstart,110.05453535421267,1.5521122624351533,,
v,766,766,1.932066523023666,False,view_gap,1.9841377218464429,11.383577132922262,0.9996575209202995,0.9995735051735706
v,767,767,1.930460054524268,False,T0_raw,173.25239093936477,1.6132341325529023,,
v,767,767,1.930460054524268,False,oracle,102.08999663335854,2.786623969693472,,
v,767,767,1.930460054524268,False,est_gtstart,102.13814101281083,2.79179587421344,,
v,767,767,1.930460054524268,False,est_warmstart,102.00935636068739,2.9517577271892046,,
v,767,767,1.930460054524268,False,view_gap,1.9671644842653486,17.414272292641364,0.9999999004132359,0.9999999639758753
v,768,768,1.927127159513672,False,T0_raw,175.57980128703161,3.1810235525317925,,
v,768,768,1.927127159513672,False,oracle,103.89746977141925,1.7466288349098944,,
v,768,768,1.927127159513672,False,est_gtstart,99.5186179313392,3.3006644176610105,,
v,768,768,1.927127159513672,False,est_warmstart,100.46357487548306,3.0704243846030073,,
v,768,768,1.927127159513672,False,view_gap,1.9961347331665575,17.6233106387933,0.99966519021381,0.9984423964991652
v,769,769,1.9256953316728718,False,T0_raw,176.1567414912335,2.525135866612689,,
v,769,769,1.9256953316728718,False,oracle,102.5520604366678,3.5082839189809705,,
v,769,769,1.9256953316728718,False,est_gtstart,102.63641690125034,3.5046299467189783,,
v,769,769,1.9256953316728718,False,est_warmstart,102.62365479985684,3.520831034092953,,
v,769,769,1.9256953316728718,False,view_gap,2.0046253413826878,17.19110232194243,0.9999999015185311,0.9999997810312206
v,770,770,1.9237534495551312,False,T0_raw,172.9880766643941,1.5696514741918763,,
v,770,770,1.9237534495551312,False,oracle,100.73514424318327,3.71623253932604,,
v,770,770,1.9237534495551312,False,est_gtstart,100.79495163872166,3.7168949099318946,,
v,770,770,1.9237534495551312,False,est_warmstart,100.70110565184817,3.817541930099749,,
v,770,770,1.9237534495551312,False,view_gap,1.9744232194894054,13.080790275924237,0.9999999020476634,0.9999998917624977
v,771,771,1.9207595708587883,False,T0_raw,182.59096478311832,4.983870684172376,,
v,771,771,1.9207595708587883,False,oracle,104.71429909698779,6.783043372370977,,
v,771,771,1.9207595708587883,False,est_gtstart,108.40395424529221,6.813403532462372,,
v,771,771,1.9207595708587883,False,est_warmstart,109.64624007091656,6.310192523653523,,
v,771,771,1.9207595708587883,False,view_gap,2.0785938103440555,20.068627477900947,0.9994571684875887,0.9994194208107664
v,772,772,1.9188163562955434,False,T0_raw,171.1910114679074,2.303442851097528,,
v,772,772,1.9188163562955434,False,oracle,95.35045800982968,2.0039433116415504,,
v,772,772,1.9188163562955434,False,est_gtstart,95.45431495345768,2.003302144833458,,
v,772,772,1.9188163562955434,False,est_warmstart,95.40834633866386,2.1648902389598685,,
v,772,772,1.9188163562955434,False,view_gap,1.9546494818911426,15.614707729222133,0.9999999126298934,0.9999995131455742
v,773,773,1.9172087902223065,False,T0_raw,175.91321010216745,2.3584036803549258,,
v,773,773,1.9172087902223065,False,oracle,96.4844472454939,3.272370931856688,,
v,773,773,1.9172087902223065,False,est_gtstart,99.97136413793166,3.316544246010736,,
v,773,773,1.9172087902223065,False,est_warmstart,99.82326752706363,3.6543451782244785,,
v,773,773,1.9172087902223065,False,view_gap,2.0079043610825003,17.499737137275595,0.999481634930357,0.9992182572956834
v,774,774,1.9139272093936952,False,T0_raw,174.15977708374146,1.6352610211906486,,
v,774,774,1.9139272093936952,False,oracle,102.17091812815106,3.6352801507984456,,
v,774,774,1.9139272093936952,False,est_gtstart,102.24566266353288,3.633046598813046,,
v,774,774,1.9139272093936952,False,est_warmstart,102.06298309163746,3.824022419621836,,
v,774,774,1.9139272093936952,False,view_gap,1.9879613938202805,19.130720296983483,0.9999999260626615,0.9999999891121316
v,775,775,1.9123044752968068,False,T0_raw,174.0043064222194,1.5305306008546455,,
v,775,775,1.9123044752968068,False,oracle,96.14843936857956,3.637608569695761,,
v,775,775,1.9123044752968068,False,est_gtstart,96.21311534177714,3.6367152560488973,,
v,775,775,1.9123044752968068,False,est_warmstart,96.25895473504985,3.799269287666697,,
v,775,775,1.9123044752968068,False,view_gap,1.9912116869653977,16.407190075897304,0.9999999242328611,0.9999998831842748
v,776,776,1.911014432741847,False,T0_raw,175.75442110910666,2.037929123477279,,
v,776,776,1.911014432741847,False,oracle,90.60376486358712,3.0841901153403226,,
v,776,776,1.911014432741847,False,est_gtstart,90.64151742054753,3.0849109181003747,,
v,776,776,1.911014432741847,False,est_warmstart,90.78968133057198,3.429303170162667,,
v,776,776,1.911014432741847,False,view_gap,2.018288241761779,11.418495335057344,0.9999999214044931,0.999999250101117
v,777,777,1.9074304747406767,False,T0_raw,175.6914460499665,3.5989313789043953,,
v,777,777,1.9074304747406767,False,oracle,87.75998672054054,1.654234650181844,,
v,777,777,1.9074304747406767,False,est_gtstart,87.8044850542849,1.6508306619777213,,
v,777,777,1.9074304747406767,False,est_warmstart,87.92633633486292,1.6594491994912313,,
v,777,777,1.9074304747406767,False,view_gap,2.0209133630236567,10.622541559498266,0.9999999249380076,0.9999995933880027
v,778,778,1.9061289424512766,False,T0_raw,179.53333830277734,3.0217271110700468,,
v,778,778,1.9061289424512766,False,oracle,87.78784649553094,2.156467211297611,,
v,778,778,1.9061289424512766,False,est_gtstart,87.8032875457818,2.1613581733218052,,
v,778,778,1.9061289424512766,False,est_warmstart,87.86690795740489,2.429094675366291,,
v,778,778,1.9061289424512766,False,view_gap,2.0668205634659635,10.381277462897742,0.9999999244960242,0.9999994724312388
v,779,779,1.904208248501792,False,T0_raw,175.93354853812656,1.9526857428714792,,
v,779,779,1.904208248501792,False,oracle,83.87262934289264,2.460594700631319,,
v,779,779,1.904208248501792,False,est_gtstart,83.88837724183338,2.4598294545897073,,
v,779,779,1.904208248501792,False,est_warmstart,83.70459431236254,2.768180777002001,,
v,779,779,1.904208248501792,False,view_gap,2.0296100015701226,6.299673373338699,0.9999999257657661,0.9999989561072287
v,780,780,1.901207182578001,False,T0_raw,177.45620924378554,3.6042182577779704,,
v,780,780,1.901207182578001,False,oracle,82.96487659511196,2.041175265636478,,
v,780,780,1.901207182578001,False,est_gtstart,82.98050360834615,2.0406770524090936,,
v,780,780,1.901207182578001,False,est_warmstart,83.26574663058877,2.069322020613031,,
v,780,780,1.901207182578001,False,view_gap,2.0494887045271772,6.824983871206669,0.999999929701842,0.9999994243254267
v,781,781,1.8992982008617825,False,T0_raw,175.97016915208755,3.1495133039683774,,
v,781,781,1.8992982008617825,False,oracle,78.60651869562562,2.1388666462988395,,
v,781,781,1.8992982008617825,False,est_gtstart,78.60392812980048,2.1378264250444916,,
v,781,781,1.8992982008617825,False,est_warmstart,78.83089412428144,2.173566217058838,,
v,781,781,1.8992982008617825,False,view_gap,2.035936179080047,2.1401522820729824,0.9999999325164315,0.9999993349435126
v,782,782,1.8976110256993812,False,T0_raw,173.68702980813046,2.5577450318720816,,
v,782,782,1.8976110256993812,False,oracle,77.48276156329112,2.4535734841868027,,
v,782,782,1.8976110256993812,False,est_gtstart,77.46051914461708,2.4503132170974493,,
v,782,782,1.8976110256993812,False,est_warmstart,78.2532728133751,2.628795375603313,,
v,782,782,1.8976110256993812,False,view_gap,2.0112053625190587,0.7827646632119212,0.9999999355261112,0.9999995867196163
v,783,783,1.8962667448050785,False,T0_raw,173.5462488458138,2.3921599902964736,,
v,783,783,1.8962667448050785,False,oracle,76.78067042025607,2.785243172806331,,
v,783,783,1.8962667448050785,False,est_gtstart,76.79947971013381,2.7846190393366466,,
v,783,783,1.8962667448050785,False,est_warmstart,77.69252541151063,3.2694818616198518,,
v,783,783,1.8962667448050785,False,view_gap,2.011165471765754,0.7032409660894245,0.9999999381322016,0.9999997941827792
v,784,784,1.8927132825113746,False,T0_raw,178.74997395860785,3.41788981244389,,
v,784,784,1.8927132825113746,False,oracle,84.30201427878212,2.1191037119280574,,
v,784,784,1.8927132825113746,False,est_gtstart,84.3029047210519,2.1186097735646507,,
v,784,784,1.8927132825113746,False,est_warmstart,86.38391509881936,2.135964059229813,,
v,784,784,1.8927132825113746,False,view_gap,2.074246823125388,1.5673899059249763,0.9999999396094653,0.9999997303254512
v,785,785,1.8911684139715212,False,T0_raw,175.49373194546158,2.895196885953472,,
v,785,785,1.8911684139715212,False,oracle,82.83951230226776,2.6778913030012386,,
v,785,785,1.8911684139715212,False,est_gtstart,82.77745052975119,2.6768414087996706,,
v,785,785,1.8911684139715212,False,est_warmstart,86.87274538660377,2.5413359625754373,,
v,785,785,1.8911684139715212,False,view_gap,2.037430576411406,0.3884433784691055,0.9999999438655087,0.9999994396726655
v,786,786,1.8894643097637747,False,T0_raw,175.01833898485222,2.724037382311141,,
v,786,786,1.8894643097637747,False,oracle,78.81634569994155,2.7764199619220706,,
v,786,786,1.8894643097637747,False,est_gtstart,78.7838732205677,2.7744580252164366,,
v,786,786,1.8894643097637747,False,est_warmstart,84.16088342627953,2.741790614367911,,
v,786,786,1.8894643097637747,False,view_gap,2.033498426604045,1.2188930888035188,0.9999999479850133,0.9999993271297112
v,787,787,1.8881076603566342,False,T0_raw,173.1615803553423,2.845503024081762,,
v,787,787,1.8881076603566342,False,oracle,84.74643985820884,3.1128225813765273,,
v,787,787,1.8881076603566342,False,est_gtstart,84.69583698320767,3.1072292642754653,,
v,787,787,1.8881076603566342,False,est_warmstart,87.53784806864563,3.2221739625667376,,
v,787,787,1.8881076603566342,False,view_gap,2.013294946668458,2.0959074954634005,0.9999999507256938,0.9999994941674123
v,788,788,1.8863272767799275,False,T0_raw,172.3656320893976,2.986420133574276,,
v,788,788,1.8863272767799275,False,oracle,85.44992696340418,3.4281293195710765,,
v,788,788,1.8863272767799275,False,est_gtstart,85.44024783811021,3.4283599249238645,,
v,788,788,1.8863272767799275,False,est_warmstart,89.78118578567296,3.443581190724004,,
v,788,788,1.8863272767799275,False,view_gap,2.0046368057983606,1.6249649445958525,0.9999999546089106,0.9999999839502829
v,789,789,1.8846334156312146,False,T0_raw,171.28172792964787,2.3786590380049377,,
v,789,789,1.8846334156312146,False,oracle,88.56989842404391,3.2113935840407737,,
v,789,789,1.8846334156312146,False,est_gtstart,88.5094178185486,3.2110404813143822,,
v,789,789,1.8846334156312146,False,est_warmstart,93.24793950930409,3.1756145904141615,,
v,789,789,1.8846334156312146,False,view_gap,1.9935236207017164,0.9301795278267022,0.9999999572954336,0.999999966085319
v,790,790,1.8832861194599455,False,T0_raw,172.8307706530352,1.7205979142306314,,
v,790,790,1.8832861194599455,False,oracle,90.0402687294816,1.9458696336680148,,
v,790,790,1.8832861194599455,False,est_gtstart,89.93971453400329,1.9423318253654243,,
v,790,790,1.8832861194599455,False,est_warmstart,92.11737859718085,1.7865869634565186,,
v,790,790,1.8832861194599455,False,view_gap,2.0133248835109376,4.471636949437752,0.9999999577638975,0.9999995927986298
v,791,791,1.8815593903029124,False,T0_raw,170.81264608000893,1.2665898455119609,,
v,791,791,1.8815593903029124,False,oracle,91.14092664785076,2.4457793500895892,,
v,791,791,1.8815593903029124,False,est_gtstart,91.10094203916675,2.443564766440521,,
v,791,791,1.8815593903029124,False,est_warmstart,92.8871701298435,2.4255416433942054,,
v,791,791,1.8815593903029124,False,view_gap,1.991131151688758,1.8560237200224705,0.9999999608623645,0.9999999577784876
v,792,792,1.8785171882345906,False,T0_raw,175.65489987731348,3.439932352074624,,
v,792,792,1.8785171882345906,False,oracle,101.0438092153297,3.6958685706484546,,
v,792,792,1.8785171882345906,False,est_gtstart,100.97703171967864,3.7003508345074696,,
v,792,792,1.8785171882345906,False,est_warmstart,101.48157886281356,3.6042916354941346,,
v,792,792,1.8785171882345906,False,view_gap,2.049507923871322,1.8275147613753262,0.999999963060611,0.9999998394640002
v,793,793,1.8768371383112554,False,T0_raw,175.12746677628164,2.998262044631613,,
v,793,793,1.8768371383112554,False,oracle,103.19091804567864,3.63736534404555,,
v,793,793,1.8768371383112554,False,est_gtstart,103.12574826709408,3.636006471716087,,
v,793,793,1.8768371383112554,False,est_warmstart,102.67330945084292,3.2736246514213967,,
v,793,793,1.8768371383112554,False,view_gap,2.0434023381299555,4.826791191971935,0.9999999620967565,0.999999984159714
v,794,794,1.8751348858858035,False,T0_raw,183.5666940263991,4.918630151720094,,
v,794,794,1.8751348858858035,False,oracle,127.93829954524783,7.975898826403836,,
v,794,794,1.8751348858858035,False,est_gtstart,127.89198240949042,7.975010307829522,,
v,794,794,1.8751348858858035,False,est_warmstart,129.0738082570703,7.888358888325121,,
v,794,794,1.8751348858858035,False,view_gap,2.137346136615445,12.607818422332606,0.9999999598508156,0.9999999558095413
v,795,795,1.8737824729940986,False,T0_raw,178.00852499523359,7.3144478487945195,,
v,795,795,1.8737824729940986,False,oracle,164.92567902500767,14.81932989637657,,
v,795,795,1.8737824729940986,False,est_gtstart,164.87989206456137,14.812185037301814,,
v,795,795,1.8737824729940986,False,est_warmstart,159.17246886685993,19.990420166512905,,
v,795,795,1.8737824729940986,False,view_gap,1.9713790589894373,54.31915327724557,0.9999999302231606,0.9999999812179803
v,796,796,1.8727896961014903,False,T0_raw,198.83489916670888,5.919315040169154,,
v,796,796,1.8727896961014903,False,oracle,171.25337999415365,13.418855304318416,,
v,796,796,1.8727896961014903,False,est_gtstart,171.20393018027596,13.414297174249903,,
v,796,796,1.8727896961014903,False,est_warmstart,185.0456859247706,30.7342088931409,,
v,796,796,1.8727896961014903,False,view_gap,2.188270026087161,64.07465062734552,0.9999999166177168,0.9999999960384407
v,797,797,1.8721589669999104,False,T0_raw,179.09734455219512,2.753857643127444,,
v,797,797,1.8721589669999104,False,oracle,168.95308809747436,14.925560779261282,,
v,797,797,1.8721589669999104,False,est_gtstart,168.85535561352236,14.925561867250847,,
v,797,797,1.8721589669999104,False,est_warmstart,166.18464756766568,16.63057139247689,,
v,797,797,1.8721589669999104,False,view_gap,2.0427851196705626,37.497871008656425,0.9999999482925731,0.999999976416784
v,798,798,1.8718847184376612,False,T0_raw,186.82748447646586,3.012813056838554,,
v,798,798,1.8718847184376612,False,oracle,133.81981033071548,3.8453209686569227,,
v,798,798,1.8718847184376612,False,est_gtstart,133.7863733167218,3.8460606456840334,,
v,798,798,1.8718847184376612,False,est_warmstart,134.27002670790503,3.5464073826056772,,
v,798,798,1.8718847184376612,False,view_gap,2.181858905729293,12.003293022440964,0.9999999653325492,0.9999999848520398
v,799,799,1.871975320588256,False,T0_raw,186.85943134439768,2.840430582967867,,
v,799,799,1.871975320588256,False,oracle,133.72777346573145,4.142961326183495,,
v,799,799,1.871975320588256,False,est_gtstart,133.65865797945827,4.144343463882234,,
v,799,799,1.871975320588256,False,est_warmstart,133.632993356148,3.9462556992936992,,
v,799,799,1.871975320588256,False,view_gap,2.1849400009932993,10.658440402737668,0.9999999664654535,0.999999989100206
v,800,800,1.8724305215726762,False,T0_raw,186.30265353789855,2.9783783222884748,,
v,800,800,1.8724305215726762,False,oracle,138.6107173683184,3.936938884580968,,
v,800,800,1.8724305215726762,False,est_gtstart,138.53153501739862,3.9369231223643397,,
v,800,800,1.8724305215726762,False,est_warmstart,139.50563576331209,3.813334098850187,,
v,800,800,1.8724305215726762,False,view_gap,2.1783535277908266,12.248630889654777,0.9999999664046221,0.9999999671787697
v,801,801,1.8732489362231188,False,T0_raw,184.59646182119167,2.784314139854423,,
v,801,801,1.8732489362231188,False,oracle,133.50553799188194,4.924291394097664,,
v,801,801,1.8732489362231188,False,est_gtstart,133.46584455535503,4.925637656564028,,
v,801,801,1.8732489362231188,False,est_warmstart,136.2407736105376,4.207087034712459,,
v,801,801,1.8732489362231188,False,view_gap,2.1590643096970403,12.916638079314424,0.9999999675412151,0.9999999921923505
v,802,802,1.8744370038827882,False,T0_raw,180.19172189469114,1.927199961249299,,
v,802,802,1.8744370038827882,False,oracle,137.5671266701863,4.0014398018515465,,
v,802,802,1.8744370038827882,False,est_gtstart,137.49416636968684,4.000120365635114,,
v,802,802,1.8744370038827882,False,est_warmstart,138.51837217970683,3.6110740270477697,,
v,802,802,1.8744370038827882,False,view_gap,2.108392618122989,13.19084643221391,0.9999999687908487,0.9999999977465559
v,803,803,1.8759932665394807,False,T0_raw,177.94981733413752,2.0278296406483576,,
v,803,803,1.8759932665394807,False,oracle,140.8226010286935,4.727136222974442,,
v,803,803,1.8759932665394807,False,est_gtstart,140.7644256950963,4.727748251053754,,
v,803,803,1.8759932665394807,False,est_warmstart,141.5865346852248,4.380267499764566,,
v,803,803,1.8759932665394807,False,view_gap,2.0783155456374245,17.347518399559725,0.9999999684730055,0.9999999373662251
v,804,804,1.8779110944630564,False,T0_raw,177.0973162196201,1.4514389646890287,,
v,804,804,1.8779110944630564,False,oracle,144.73476647469752,4.7065545884664175,,
v,804,804,1.8779110944630564,False,est_gtstart,144.67573961310325,4.70750968734979,,
v,804,804,1.8779110944630564,False,est_warmstart,144.65134613005202,4.441522050767306,,
v,804,804,1.8779110944630564,False,view_gap,2.0721618614616424,15.40976602384525,0.9999999705539139,0.9999999253867679
v,805,805,1.8801976400118312,False,T0_raw,175.35273248207153,1.9390270173906319,,
v,805,805,1.8801976400118312,False,oracle,144.615024205756,5.470230880648624,,
v,805,805,1.8801976400118312,False,est_gtstart,144.54284647035055,5.473550903520987,,
v,805,805,1.8801976400118312,False,est_warmstart,145.9161249747883,4.961006192746232,,
v,805,805,1.8801976400118312,False,view_gap,2.055304282424061,13.423079262396165,0.9999999724812854,0.9999999590113362
v,806,806,1.8828535882473543,False,T0_raw,173.18943623079585,1.7520996132621744,,
v,806,806,1.8828535882473543,False,oracle,146.292154254859,5.931479934725093,,
v,806,806,1.8828535882473543,False,est_gtstart,146.24082594654848,5.93050995974987,,
v,806,806,1.8828535882473543,False,est_warmstart,146.9924965358969,5.417748984119913,,
v,806,806,1.8828535882473543,False,view_gap,2.0221920849420694,20.063637603806583,0.999999969974783,0.9999999988879619
v,807,807,1.8892588594967372,False,T0_raw,178.30424794239246,3.3356410923513593,,
v,807,807,1.8892588594967372,False,oracle,150.6117028734988,7.422300204649859,,
v,807,807,1.8892588594967372,False,est_gtstart,143.70845961468603,7.362043394717325,,
v,807,807,1.8892588594967372,False,est_warmstart,143.72477338222458,7.144663894510167,,
v,807,807,1.8892588594967372,False,view_gap,2.096886653571272,10.929628116438828,0.9995862014714888,0.9999373051335001
v,808,808,1.8930048554611645,False,T0_raw,174.94868098084493,2.73915136493973,,
v,808,808,1.8930048554611645,False,oracle,135.35602936285528,6.0377685674816215,,
v,808,808,1.8930048554611645,False,est_gtstart,135.30918282954133,6.030940761343554,,
v,808,808,1.8930048554611645,False,est_warmstart,135.57290918216768,5.9767858640886455,,
v,808,808,1.8930048554611645,False,view_gap,2.0538521362700055,15.322682912557894,0.9999999484391601,0.999999718565672
v,809,809,1.8970972143635234,False,T0_raw,175.68583920370588,2.82848892914734,,
v,809,809,1.8970972143635234,False,oracle,139.65662479633818,6.176657712818903,,
v,809,809,1.8970972143635234,False,est_gtstart,139.5553668466581,6.177596480133491,,
v,809,809,1.8970972143635234,False,est_warmstart,139.93683530783878,6.017351006428439,,
v,809,809,1.8970972143635234,False,view_gap,2.063695109393282,15.554816879754796,0.9999999459089082,0.9999999779838736
v,810,810,1.9015300898568137,False,T0_raw,173.66525851137024,3.250752765699068,,
v,810,810,1.9015300898568137,False,oracle,134.62459082883385,7.021959232446057,,
v,810,810,1.9015300898568137,False,est_gtstart,134.72244344147487,4.78631270689862,,
v,810,810,1.9015300898568137,False,est_warmstart,134.88848193379096,4.664421158399939,,
v,810,810,1.9015300898568137,False,view_gap,2.031032180271123,22.29831108090341,0.9996986770228726,0.9280410791572461
v,811,811,1.9062998960932205,False,T0_raw,173.37281300517185,2.4605782246523713,,
v,811,811,1.9062998960932205,False,oracle,140.76972931396284,4.808017260024467,,
v,811,811,1.9062998960932205,False,est_gtstart,140.74719910239668,4.811435775228865,,
v,811,811,1.9062998960932205,False,est_warmstart,142.9463615512265,4.496774894135568,,
v,811,811,1.9062998960932205,False,view_gap,2.040631317616008,14.313271168711061,0.9999999395531801,0.9999998406221002
v,812,812,1.911393901280077,False,T0_raw,174.02324557382403,2.2895456924237765,,
v,812,812,1.911393901280077,False,oracle,143.37557043526456,4.471949552369784,,
v,812,812,1.911393901280077,False,est_gtstart,142.52671678483884,4.5815549253967,,
v,812,812,1.911393901280077,False,est_warmstart,143.94451357634136,4.202868446580178,,
v,812,812,1.911393901280077,False,view_gap,2.056026482736258,7.804733471221681,0.9999993816022055,0.9999881091042458
v,813,813,1.9168040590671709,False,T0_raw,173.23936872071081,2.761372918115575,,
v,813,813,1.9168040590671709,False,oracle,150.20751298280595,4.8334046695265895,,
v,813,813,1.9168040590671709,False,est_gtstart,142.96508486208813,4.720619465070777,,
v,813,813,1.9168040590671709,False,est_warmstart,144.80957325500927,4.462088698666508,,
v,813,813,1.9168040590671709,False,view_gap,2.0515448058763153,1.3315903766599746,0.9996402265923565,0.999999371660835
v,814,814,1.9225186503339726,False,T0_raw,176.8914049543249,3.101931742912565,,
v,814,814,1.9225186503339726,False,oracle,149.5953971484343,5.441555533841784,,
v,814,814,1.9225186503339726,False,est_gtstart,149.25159002232434,5.515472951704598,,
v,814,814,1.9225186503339726,False,est_warmstart,152.4567512896605,4.921617481188251,,
v,814,814,1.9225186503339726,False,view_gap,2.0956135901695236,3.048704125977686,0.9999723518022391,0.9999743075672913
v,815,815,1.9285221953758078,False,T0_raw,177.9361803682524,3.5096573921416185,,
v,815,815,1.9285221953758078,False,oracle,154.59460950224548,5.673305568187871,,
v,815,815,1.9285221953758078,False,est_gtstart,154.57338016399484,5.672841056106222,,
v,815,815,1.9285221953758078,False,est_warmstart,155.21256460489283,5.373352167607996,,
v,815,815,1.9285221953758078,False,view_gap,2.1099343526837253,1.7177787431110758,0.9999999641914646,0.9999999922793122
v,816,816,1.934804187446111,False,T0_raw,178.64715815552125,2.852249683619117,,
v,816,816,1.934804187446111,False,oracle,156.15979044272245,5.075459404996854,,
v,816,816,1.934804187446111,False,est_gtstart,156.16124530653087,5.07720227747795,,
v,816,816,1.934804187446111,False,est_warmstart,158.54906349518208,4.516209389962175,,
v,816,816,1.934804187446111,False,view_gap,2.1200805617499663,0.7926611700792563,0.9999999645204906,0.9999999841902537
v,817,817,1.9413743732798374,False,T0_raw,181.2059921809489,3.354209611524713,,
v,817,817,1.9413743732798374,False,oracle,157.64678525836217,5.598416734441406,,
v,817,817,1.9413743732798374,False,est_gtstart,157.60001901177276,5.597965794640267,,
v,817,817,1.9413743732798374,False,est_warmstart,158.57845733952738,5.050976293327911,,
v,817,817,1.9413743732798374,False,view_gap,2.1517221151886567,1.441309425570303,0.9999999653685123,0.9999999960914571
v,818,818,1.9482231785222306,False,T0_raw,179.32930031840422,3.1734897133462234,,
v,818,818,1.9482231785222306,False,oracle,153.255361433079,5.015509316856227,,
v,818,818,1.9482231785222306,False,est_gtstart,152.6341036215147,5.106600388319505,,
v,818,818,1.9482231785222306,False,est_warmstart,154.39441492368894,4.719159854423778,,
v,818,818,1.9482231785222306,False,view_gap,2.1305079492538246,2.524696314843311,0.9999709454387359,0.9998883885698826
v,819,819,1.9553289716465492,False,T0_raw,181.20211221300076,2.9198720326853147,,
v,819,819,1.9553289716465492,False,oracle,153.0294049699466,4.704239055270885,,
v,819,819,1.9553289716465492,False,est_gtstart,152.2436814449242,4.731344840933668,,
v,819,819,1.9553289716465492,False,est_warmstart,155.01428482092328,4.09024430257078,,
v,819,819,1.9553289716465492,False,view_gap,2.1547037071770028,1.1650556447158067,0.9998614939098708,0.9998558892280515
v,820,820,1.9626789179065032,False,T0_raw,182.40130688112998,3.1606292978253396,,
v,820,820,1.9626789179065032,False,oracle,155.4640000041221,5.129443363842401,,
v,820,820,1.9626789179065032,False,est_gtstart,154.42448435405834,5.118130750330397,,
v,820,820,1.9626789179065032,False,est_warmstart,155.06525818295316,4.490303721082321,,
v,820,820,1.9626789179065032,False,view_gap,2.1660953916609613,8.985085840558682,0.9998601461794325,0.9998829764994268
v,821,821,1.9780635376788536,False,T0_raw,182.71507735323775,3.5676873419139663,,
v,821,821,1.9780635376788536,False,oracle,150.03737848833234,4.996053434957381,,
v,821,821,1.9780635376788536,False,est_gtstart,150.05642334021996,4.998512421514813,,
v,821,821,1.9780635376788536,False,est_warmstart,151.36579147027095,4.654598197826538,,
v,821,821,1.9780635376788536,False,view_gap,2.1705490985856932,11.48183321134244,0.9999999467929794,0.9999998792789938
v,822,822,1.986075611532363,False,T0_raw,182.6604314602804,3.706080453973593,,
v,822,822,1.986075611532363,False,oracle,149.40656165391044,5.372343104373224,,
v,822,822,1.986075611532363,False,est_gtstart,149.43911751642867,5.375885502266569,,
v,822,822,1.986075611532363,False,est_warmstart,149.78060255391298,5.077367638395192,,
v,822,822,1.986075611532363,False,view_gap,2.1730168610131844,9.684046306637661,0.9999999344585299,0.9999999112870501
v,823,823,1.9942921749188207,False,T0_raw,178.92510342664664,3.416711918147608,,
v,823,823,1.9942921749188207,False,oracle,144.72272347316016,3.983028001224279,,
v,823,823,1.9942921749188207,False,est_gtstart,146.12634920295136,4.532800888296117,,
v,823,823,1.9942921749188207,False,est_warmstart,146.54551802546837,4.28440015113939,,
v,823,823,1.9942921749188207,False,view_gap,2.121823913696322,16.953368198005414,0.9995737945318862,0.9997656812018608
v,824,824,2.002695883660542,False,T0_raw,180.09373290277105,2.666716860863651,,
v,824,824,2.002695883660542,False,oracle,151.0048527240768,3.7575162840186738,,
v,824,824,2.002695883660542,False,est_gtstart,151.01624579211295,3.7611924596690915,,
v,824,824,2.002695883660542,False,est_warmstart,151.46340137331342,3.2067089636696076,,
v,824,824,2.002695883660542,False,view_gap,2.1414995784713553,13.52435812390329,0.9999999318593149,0.9999999738195564
v,825,825,2.011276893967323,False,T0_raw,178.11659693223768,2.4431909519577917,,
v,825,825,2.011276893967323,False,oracle,144.7220707902255,3.0662434113910395,,
v,825,825,2.011276893967323,False,est_gtstart,146.58198425422893,3.9275249491898836,,
v,825,825,2.011276893967323,False,est_warmstart,146.20772927158018,2.9924619250759754,,
v,825,825,2.011276893967323,False,view_gap,2.0977483374170287,27.09237741228243,0.9986081569344445,0.9997205937687437
v,826,826,2.0200229984841602,False,T0_raw,179.4954312106617,2.9094181122020615,,
v,826,826,2.0200229984841602,False,oracle,147.4373028366927,4.444632909908727,,
v,826,826,2.0200229984841602,False,est_gtstart,147.45319631296869,4.445317451960468,,
v,826,826,2.0200229984841602,False,est_warmstart,147.98355067530824,4.33814207707776,,
v,826,826,2.0200229984841602,False,view_gap,2.126902170517377,21.057011651038238,0.9999998537694026,0.9999999267421642
v,827,827,2.028912469623105,False,T0_raw,175.7602912339249,1.936543292805378,,
v,827,827,2.028912469623105,False,oracle,146.53217176041917,2.6638936859059434,,
v,827,827,2.028912469623105,False,est_gtstart,145.28127382951996,2.7928879041605437,,
v,827,827,2.028912469623105,False,est_warmstart,145.3752588926555,2.67014613711344,,
v,827,827,2.028912469623105,False,view_gap,2.0617577271895966,31.744952393276016,0.9990513622705206,0.9995672481761364
v,828,828,2.0379221499051017,False,T0_raw,177.75876327546018,1.982275589981131,,
v,828,828,2.0379221499051017,False,oracle,139.40352797839338,2.745061865643535,,
v,828,828,2.0379221499051017,False,est_gtstart,139.45864705122423,2.7405293208028034,,
v,828,828,2.0379221499051017,False,est_warmstart,141.93481284620546,1.9249307035368697,,
v,828,828,2.0379221499051017,False,view_gap,2.0879222631286334,31.53298937838933,0.9999996753717316,0.9999998012778203
v,829,829,2.047032990165255,False,T0_raw,177.6197798830936,1.9738550749741284,,
v,829,829,2.047032990165255,False,oracle,140.58551923105665,2.4169044254920853,,
v,829,829,2.047032990165255,False,est_gtstart,139.45108206584845,2.532066297932925,,
v,829,829,2.047032990165255,False,est_warmstart,139.9020400580101,2.24789385669586,,
v,829,829,2.047032990165255,False,view_gap,2.0811888901887863,34.158310057065044,0.9992513372837598,0.9996633354419141
v,830,830,2.0562276320983464,False,T0_raw,177.11394386813836,1.954233434865043,,
v,830,830,2.0562276320983464,False,oracle,141.7490133313948,2.2585471857625006,,
v,830,830,2.0562276320983464,False,est_gtstart,141.85891577384584,2.2678116084835636,,
v,830,830,2.0562276320983464,False,est_warmstart,141.85113467090537,2.077047429485014,,
v,830,830,2.0562276320983464,False,view_gap,2.0820086196590486,31.915840853726785,0.99999952554977,0.9999998813992819
v,831,831,2.065491018814603,False,T0_raw,178.767154661052,1.8702642323622958,,
v,831,831,2.065491018814603,False,oracle,136.6392060620561,1.4251312754577474,,
v,831,831,2.065491018814603,False,est_gtstart,142.2536985880296,1.6645185575742036,,
v,831,831,2.065491018814603,False,est_warmstart,142.69887962052363,1.5054489217013043,,
v,831,831,2.065491018814603,False,view_gap,2.1192761608824977,24.521246240781558,0.658075243741068,0.9994765831659694
v,832,832,2.074815330646744,False,T0_raw,176.85056277721904,2.123046946185186,,
v,832,832,2.074815330646744,False,oracle,130.60496584037713,2.73389935986857,,
v,832,832,2.074815330646744,False,est_gtstart,130.6749415980495,2.732867901368649,,
v,832,832,2.074815330646744,False,est_warmstart,131.38969905636378,3.184877900973464,,
v,832,832,2.074815330646744,False,view_gap,2.0620795149853817,39.2190306948077,0.9999915086132891,0.9999998409070985
v,833,833,2.084191911394702,False,T0_raw,178.40582369885578,1.8308971935617733,,
v,833,833,2.084191911394702,False,oracle,137.19014421808598,1.6800456286887815,,
v,833,833,2.084191911394702,False,est_gtstart,135.3682254248201,1.7335483829239529,,
v,833,833,2.084191911394702,False,est_warmstart,136.7260274575856,1.9727807861640954,,
v,833,833,2.084191911394702,False,view_gap,2.1035226716445448,31.24340329877029,0.9955867884764448,0.999708470118773
v,834,834,2.0935967037086516,False,T0_raw,177.9242458015006,1.9457329439281332,,
v,834,834,2.0935967037086516,False,oracle,140.55148541484422,1.4771625794401633,,
v,834,834,2.0935967037086516,False,est_gtstart,139.10468569841,1.5620344578720478,,
v,834,834,2.0935967037086516,False,est_warmstart,140.73374311383387,1.5351870006797954,,
v,834,834,2.0935967037086516,False,view_gap,2.085393487082049,36.61480412955154,0.9955582486747264,0.9994758760962743
v,835,835,2.1030110978931558,False,T0_raw,180.43931976150415,1.9580981287352945,,
v,835,835,2.1030110978931558,False,oracle,137.9168151640793,1.1083855349961507,,
v,835,835,2.1030110978931558,False,est_gtstart,142.1259096767644,1.1615718226208511,,
v,835,835,2.1030110978931558,False,est_warmstart,142.94068512421907,1.2794483032468797,,
v,835,835,2.1030110978931558,False,view_gap,2.12538462345347,33.61226959114649,0.9663020406383799,0.9995474816212645
v,836,836,2.121812909286553,False,T0_raw,184.59462446675877,4.132807951956089,,
v,836,836,2.121812909286553,False,oracle,143.07585270494593,2.077432341537078,,
v,836,836,2.121812909286553,False,est_gtstart,140.77947827673745,2.3336374177862007,,
v,836,836,2.121812909286553,False,est_warmstart,141.13930540841892,2.187213171206315,,
v,836,836,2.121812909286553,False,view_gap,2.1483216750786998,44.46628413934217,0.9834929802147367,0.9995582095516224
v,837,837,2.1311789259993192,False,T0_raw,183.43371217384768,3.4899238010978353,,
v,837,837,2.1311789259993192,False,oracle,146.19721828289804,2.533100599899913,,
v,837,837,2.1311789259993192,False,est_gtstart,142.69266286300407,2.907000018189369,,
v,837,837,2.1311789259993192,False,est_warmstart,144.19222529734554,2.505380779557601,,
v,837,837,2.1311789259993192,False,view_gap,2.1599599929672126,36.07234376135082,0.9834640760967148,0.9995728246441024
v,838,838,2.1405035360213835,False,T0_raw,183.11862655589454,3.413733185290236,,
v,838,838,2.1405035360213835,False,oracle,143.77818546678833,2.0638633729362206,,
v,838,838,2.1405035360213835,False,est_gtstart,146.1628272693568,2.3651875611087645,,
v,838,838,2.1405035360213835,False,est_warmstart,146.407975849006,2.119559970717824,,
v,838,838,2.1405035360213835,False,view_gap,2.15254051462968,37.9232930650133,0.9835537794779982,0.9994778670427239
v,839,839,2.149763586417834,False,T0_raw,182.69137009881382,2.920666621667187,,
v,839,839,2.149763586417834,False,oracle,146.70425547173565,2.259405464225844,,
v,839,839,2.149763586417834,False,est_gtstart,146.8459070107066,2.2654847134350384,,
v,839,839,2.149763586417834,False,est_warmstart,146.76569418416426,1.9968623013631313,,
v,839,839,2.149763586417834,False,view_gap,2.1576202616564024,34.58278371505408,0.9999946212511931,0.999999765560075
v,840,840,2.1589437108359926,False,T0_raw,184.04758663108046,3.3623505622158185,,
v,840,840,2.1589437108359926,False,oracle,146.96810170654567,2.0267212971343516,,
v,840,840,2.1589437108359926,False,est_gtstart,144.28692706834752,2.1106823990259764,,
v,840,840,2.1589437108359926,False,est_warmstart,145.419076614359,1.8374677315604464,,
v,840,840,2.1589437108359926,False,view_gap,2.1706350095531994,36.530692897203565,0.9905236599989505,0.9997396378034796
v,841,841,2.1680318488141235,False,T0_raw,184.11704613486492,2.9627284033855696,,
v,841,841,2.1680318488141235,False,oracle,146.94575401866848,1.9622231014645177,,
v,841,841,2.1680318488141235,False,est_gtstart,144.8227606016238,2.034570725731102,,
v,841,841,2.1680318488141235,False,est_warmstart,145.97869539749382,1.6758384639831292,,
v,841,841,2.1680318488141235,False,view_gap,2.178363120019028,34.445164257659755,0.990540817111155,0.9997823096445779
v,842,842,2.177013914403674,False,T0_raw,182.98801969338203,2.8099881368446575,,
v,842,842,2.177013914403674,False,oracle,144.03568619363438,1.7803245418284146,,
v,842,842,2.177013914403674,False,est_gtstart,147.29454665237836,1.9461573448406082,,
v,842,842,2.177013914403674,False,est_warmstart,147.844388108557,1.6535795260915243,,
v,842,842,2.177013914403674,False,view_gap,2.18535808251144,25.80385686930331,0.9932646746614037,0.999592992192075
v,843,843,2.185877327821697,False,T0_raw,181.17510581821884,2.8478070741326658,,
v,843,843,2.185877327821697,False,oracle,142.87869810865104,1.7406832243388841,,
v,843,843,2.185877327821697,False,est_gtstart,142.97841501763966,1.7440618055893289,,
v,843,843,2.185877327821697,False,est_warmstart,144.21645643073686,1.5117572957350298,,
v,843,843,2.185877327821697,False,view_gap,2.180530051854538,16.16543589372732,0.9999976445435693,0.9999994639624049
v,844,844,2.194599006081765,False,T0_raw,182.45122625399657,2.54500285575289,,
v,844,844,2.194599006081765,False,oracle,137.4329891592434,1.5970525781298253,,
v,844,844,2.194599006081765,False,est_gtstart,140.87130733447245,2.020186641868965,,
v,844,844,2.194599006081765,False,est_warmstart,142.15630361675161,1.555915661554222,,
v,844,844,2.194599006081765,False,view_gap,2.2052556472342593,8.912329101710803,0.8659204688851544,0.9994042777650172
v,845,845,2.2031639658634825,False,T0_raw,179.18220125325416,2.5378989371297203,,
v,845,845,2.2031639658634825,False,oracle,134.77715222392325,1.450010101425428,,
v,845,845,2.2031639658634825,False,est_gtstart,138.14668711019755,1.6432692887507352,,
v,845,845,2.2031639658634825,False,est_warmstart,139.1542266808453,1.4430933492216367,,
v,845,845,2.2031639658634825,False,view_gap,2.162863058350624,13.280241634622492,0.8663248843133168,0.9997083551761582
v,846,846,2.219761458080469,False,T0_raw,179.5557885546402,3.6778173954755964,,
v,846,846,2.219761458080469,False,oracle,139.6268136636206,2.742045695450284,,
v,846,846,2.219761458080469,False,est_gtstart,135.8437837861631,2.9327517819952673,,
v,846,846,2.219761458080469,False,est_warmstart,136.70179290203524,2.681961641066124,,
v,846,846,2.219761458080469,False,view_gap,2.1563034091836677,22.962740784564062,0.9999669283988997,0.9993129911264306
v,847,847,2.2193548495289246,False,T0_raw,175.75891799601865,2.9249842203006238,,
v,847,847,2.2193548495289246,False,oracle,131.91449313912852,1.9994325466484382,,
v,847,847,2.2193548495289246,False,est_gtstart,134.5053625875828,2.2782669942294906,,
v,847,847,2.2193548495289246,False,est_warmstart,135.43940903267364,2.113969488716673,,
v,847,847,2.2193548495289246,False,view_gap,2.1123489872592662,22.436737530470374,0.9999891107366112,0.99920369824918
v,848,848,2.21770005257388,False,T0_raw,174.87326701273807,2.9418703245655355,,
v,848,848,2.21770005257388,False,oracle,128.84310937198074,1.9499288099462944,,
v,848,848,2.21770005257388,False,est_gtstart,132.40873553177744,2.240225820025453,,
v,848,848,2.21770005257388,False,est_warmstart,133.00281232344219,1.8968384636720819,,
v,848,848,2.21770005257388,False,view_gap,2.106629459109695,20.316134856275703,0.9999891800566317,0.9989299029072891
v,849,849,2.2160719795010184,False,T0_raw,175.9166552598892,3.166017326326875,,
v,849,849,2.2160719795010184,False,oracle,127.86214204339174,2.3079124243739058,,
v,849,849,2.2160719795010184,False,est_gtstart,127.94355367323332,2.307691461269666,,
v,849,849,2.2160719795010184,False,est_warmstart,128.25506324683286,1.9550485003503029,,
v,849,849,2.2160719795010184,False,view_gap,2.122543584215585,19.257674183625895,0.9999999989874044,0.9999997503507554
v,850,850,2.214409733857417,False,T0_raw,173.84282734208526,2.5635355661823067,,
v,850,850,2.214409733857417,False,oracle,129.56731852197498,2.034102221813392,,
v,850,850,2.214409733857417,False,est_gtstart,126.48188016005662,2.0271964254076447,,
v,850,850,2.214409733857417,False,est_warmstart,127.03457398043055,1.856259507511534,,
v,850,850,2.214409733857417,False,view_gap,2.0940088531643504,22.042958796558487,0.9999876424019065,0.9993951159117475
v,851,851,2.2130249170207685,False,T0_raw,175.88971421469287,2.784889746075094,,
v,851,851,2.2130249170207685,False,oracle,130.15546407159238,1.8305014172776437,,
v,851,851,2.2130249170207685,False,est_gtstart,133.1976807563366,1.8106145604670438,,
v,851,851,2.2130249170207685,False,est_warmstart,133.68692820750636,1.8438644812045233,,
v,851,851,2.2130249170207685,False,view_gap,2.119598418200937,22.569775118566504,0.999997825120692,0.9996786834904829
v,852,852,2.2110907707257614,False,T0_raw,179.1765045868253,2.414739267909426,,
v,852,852,2.2110907707257614,False,oracle,130.90335765132858,0.8266028801268518,,
v,852,852,2.2110907707257614,False,est_gtstart,134.95316791067154,1.0496385304959006,,
v,852,852,2.2110907707257614,False,est_warmstart,135.59896080508003,0.6828526948276883,,
v,852,852,2.2110907707257614,False,view_gap,2.168097553225002,18.436160521415168,0.9999978343610465,0.9995134120078489
v,853,853,2.2093977181173274,False,T0_raw,175.45378440286368,3.025788144218826,,
v,853,853,2.2093977181173274,False,oracle,127.17774706359825,2.052773369832913,,
v,853,853,2.2093977181173274,False,est_gtstart,127.18783071936143,2.055040865299911,,
v,853,853,2.2093977181173274,False,est_warmstart,128.20298125499173,2.0059818634786124,,
v,853,853,2.2093977181173274,False,view_gap,2.1261239851547047,16.994008544027217,0.9999999998233615,0.9999998789371446
v,854,854,2.2079960850851084,False,T0_raw,179.18311150928133,2.626046651180736,,
v,854,854,2.2079960850851084,False,oracle,132.3730120027303,1.2280651275076424,,
v,854,854,2.2079960850851084,False,est_gtstart,127.7875965932407,1.3307719421844373,,
v,854,854,2.2079960850851084,False,est_warmstart,128.19671947417189,1.187088988694091,,
v,854,854,2.2079960850851084,False,view_gap,2.178637252250476,12.652711387794113,0.9999854255764034,0.999663674241978
v,855,855,2.20635790684469,False,T0_raw,177.0370433276298,1.967705677945842,,
v,855,855,2.20635790684469,False,oracle,128.55337149716277,0.9835280908457069,,
v,855,855,2.20635790684469,False,est_gtstart,128.57352324717186,0.9818931398296046,,
v,855,855,2.20635790684469,False,est_warmstart,128.62999995325242,0.6643720419240448,,
v,855,855,2.20635790684469,False,view_gap,2.157557127200866,8.898206074448467,0.9999999999010118,0.9999998884114669
v,856,856,2.2043928413580334,False,T0_raw,181.4551258288343,2.587722653197721,,
v,856,856,2.2043928413580334,False,oracle,126.67324523675616,0.5084656865002324,,
v,856,856,2.2043928413580334,False,est_gtstart,129.84209518534374,0.8914691153866021,,
v,856,856,2.2043928413580334,False,est_warmstart,131.26523287183093,0.7309451908784327,,
v,856,856,2.2043928413580334,False,view_gap,2.2107919552901993,11.394142870962298,0.9999963877278237,0.9998118913211342
v,857,857,2.2027145673580186,False,T0_raw,179.30999509403202,2.260783522991923,,
v,857,857,2.2027145673580186,False,oracle,114.38309687693712,1.6070891798755849,,
v,857,857,2.2027145673580186,False,est_gtstart,114.3675877692513,1.6054514490098908,,
v,857,857,2.2027145673580186,False,est_warmstart,114.22966288534684,1.7975502200131928,,
v,857,857,2.2027145673580186,False,view_gap,2.1844736833870875,12.905839416832876,0.9999999999175835,0.9999999985496447
v,858,858,2.2013285575798167,False,T0_raw,181.18024927192974,2.4862002287586358,,
v,858,858,2.2013285575798167,False,oracle,122.4668769360804,0.4490992666857851,,
v,858,858,2.2013285575798167,False,est_gtstart,122.4722650678484,0.4484747842244396,,
v,858,858,2.2013285575798167,False,est_warmstart,123.37217517525131,0.556062045736727,,
v,858,858,2.2013285575798167,False,view_gap,2.2118425538168793,10.025424653361092,0.9999999999485003,0.9999999955124464
v,859,859,2.199459499322064,False,T0_raw,185.57854062803787,2.2640118558381808,,
v,859,859,2.199459499322064,False,oracle,133.05507208846913,14.818263905307884,,
v,859,859,2.199459499322064,False,est_gtstart,133.06771098012211,14.810818249631103,,
v,859,859,2.199459499322064,False,est_warmstart,120.3925175135866,21.647645129753933,,
v,859,859,2.199459499322064,False,view_gap,2.2477824746302217,24.22706704752553,0.9999999999971149,0.999999934819114
v,860,860,2.197774894942976,False,T0_raw,181.82580699149412,3.1662883197166063,,
v,860,860,2.197774894942976,False,oracle,115.88351773919455,1.9343080034821818,,
v,860,860,2.197774894942976,False,est_gtstart,115.88866524140845,1.9324695403438923,,
v,860,860,2.197774894942976,False,est_warmstart,118.7649868066352,2.72347068183071,,
v,860,860,2.197774894942976,False,view_gap,2.2003626764051494,25.633031199268075,0.9999999999977731,0.9999999960201884
v,861,861,2.196375015357859,False,T0_raw,180.3021747717479,2.175578486230872,,
v,861,861,2.196375015357859,False,oracle,125.51826867160423,0.5574336307871025,,
v,861,861,2.196375015357859,False,est_gtstart,125.51417222364483,0.5576960372167948,,
v,861,861,2.196375015357859,False,est_warmstart,126.76227126767944,0.4380252374215929,,
v,861,861,2.196375015357859,False,view_gap,2.1860989610290487,24.070463667255737,0.9999999999907205,0.9999999992730404
v,862,862,2.1945584866342056,False,T0_raw,185.76448719047048,3.3800625765428918,,
v,862,862,2.1945584866342056,False,oracle,121.79728654164848,1.9207189220325172,,
v,862,862,2.1945584866342056,False,est_gtstart,121.79795949165181,1.920078065206031,,
v,862,862,2.1945584866342056,False,est_warmstart,122.62188625644288,2.2395939593658385,,
v,862,862,2.1945584866342056,False,view_gap,2.2474018822290303,27.97378528468286,0.9999999999440808,0.9999999968957352
v,863,863,2.1928605475237632,False,T0_raw,184.09504348006953,2.945231327005379,,
v,863,863,2.1928605475237632,False,oracle,128.47969434658702,0.8544394903189131,,
v,863,863,2.1928605475237632,False,est_gtstart,128.48758498827172,0.8542657633142513,,
v,863,863,2.1928605475237632,False,est_warmstart,128.9402844205761,1.34210928945869,,
v,863,863,2.1928605475237632,False,view_gap,2.2369891091134386,23.558359454598055,0.9999999999259777,0.9999999996426939
v,864,864,2.191449508434031,False,T0_raw,184.34591971444968,2.2547804545771353,,
v,864,864,2.191449508434031,False,oracle,130.60564419581164,0.6881566249420894,,
v,864,864,2.191449508434031,False,est_gtstart,130.683666769261,0.6944513260428147,,
v,864,864,2.191449508434031,False,est_warmstart,131.0356270311797,0.4052740702320255,,
v,864,864,2.191449508434031,False,view_gap,2.243254514545952,22.665967341858995,0.9999999999267573,0.9999999667429759
v,865,865,2.190022415730109,False,T0_raw,209.97724573975734,5.585494694311605,,
v,865,865,2.190022415730109,False,oracle,171.67063630712664,14.784758004563594,,
v,865,865,2.190022415730109,False,est_gtstart,171.68300375691018,14.782529477051074,,
v,865,865,2.190022415730109,False,est_warmstart,171.9766926406607,15.067418017239657,,
v,865,865,2.190022415730109,False,view_gap,2.31670630238754,89.09275068268397,0.9999999998163475,0.9999999897699745
v,866,866,2.188027237642734,False,T0_raw,255.81677958650252,8.50287039248146,,
v,866,866,2.188027237642734,False,oracle,237.9397552092072,13.752929018632443,,
v,866,866,2.188027237642734,False,est_gtstart,237.93866673489174,13.7520408237952,,
v,866,866,2.188027237642734,False,est_warmstart,238.0412780137107,13.919876261092,,
v,866,866,2.188027237642734,False,view_gap,2.546238507673848,145.97839008314128,0.9999999999601573,0.9999999983007363
v,867,867,2.1863170360480857,False,T0_raw,183.61304709743786,2.5898535795463538,,
v,867,867,2.1863170360480857,False,oracle,135.53327833444652,0.3020136096201293,,
v,867,867,2.1863170360480857,False,est_gtstart,135.55189426871536,0.30314599610925563,,
v,867,867,2.1863170360480857,False,est_warmstart,135.4800178957417,0.43268546810565295,,
v,867,867,2.1863170360480857,False,view_gap,2.24129874828399,21.274891161953136,0.9999999987793808,0.9999999995849215
v,868,868,2.1848895759434055,False,T0_raw,179.98250906768007,2.6206439604791703,,
v,868,868,2.1848895759434055,False,oracle,132.388181079097,0.32581157849050835,,
v,868,868,2.1848895759434055,False,est_gtstart,132.40637836289463,0.32391782955196735,,
v,868,868,2.1848895759434055,False,est_warmstart,132.66063179820824,0.27202608842554393,,
v,868,868,2.1848895759434055,False,view_gap,2.1958279430989,22.46752891080206,0.9999999988446782,0.9999999949661376
v,869,869,2.1830912551903094,False,T0_raw,177.96078279875346,1.8822725895156793,,
v,869,869,2.1830912551903094,False,oracle,128.94536004150922,0.3660166540814522,,
v,869,869,2.1830912551903094,False,est_gtstart,128.95935314730525,0.3689706791278926,,
v,869,869,2.1830912551903094,False,est_warmstart,128.6544407890224,1.1071320982493997,,
v,869,869,2.1830912551903094,False,view_gap,2.176202985821063,20.183503146350645,0.9999999986576773,0.9999999982524513
v,870,870,2.1799124662225964,False,T0_raw,175.5339200264072,3.0350310234693723,,
v,870,870,2.1799124662225964,False,oracle,129.94471358699218,1.9817687050294266,,
v,870,870,2.1799124662225964,False,est_gtstart,129.97458893651063,1.9789988439494297,,
v,870,870,2.1799124662225964,False,est_warmstart,130.09684574204533,1.816296470991191,,
v,870,870,2.1799124662225964,False,view_gap,2.1424661772806592,23.903004672934713,0.9999999970550841,0.9999999937782793
v,871,871,2.1780987859650396,False,T0_raw,177.10041005532855,2.813097345823968,,
v,871,871,2.1780987859650396,False,oracle,128.18315245801813,1.0765543088812666,,
v,871,871,2.1780987859650396,False,est_gtstart,132.9667168341365,1.0136171827665774,,
v,871,871,2.1780987859650396,False,est_warmstart,133.12452698233054,0.6599353525584545,,
v,871,871,2.1780987859650396,False,view_gap,2.172356212398422,18.755461158978193,0.9975003741076753,0.9994712123264303
v,872,872,2.17635069836698,False,T0_raw,176.87495583363284,2.838548721588203,,
v,872,872,2.17635069836698,False,oracle,128.15109892252556,1.0841838721966328,,
v,872,872,2.17635069836698,False,est_gtstart,128.18325523412219,1.0828339681436974,,
v,872,872,2.17635069836698,False,est_warmstart,128.54387327986566,0.9561675961461044,,
v,872,872,2.17635069836698,False,view_gap,2.176233111043683,15.123527331655673,0.9999999201361445,0.9999999236211664
v,873,873,2.174892064401127,False,T0_raw,176.9215483149767,2.5801809693685023,,
v,873,873,2.174892064401127,False,oracle,126.2280902561381,0.9497381272829759,,
v,873,873,2.174892064401127,False,est_gtstart,126.27122339911975,0.9475224043285491,,
v,873,873,2.174892064401127,False,est_warmstart,126.31511357260905,0.6488220829813415,,
v,873,873,2.174892064401127,False,view_gap,2.1867629347347295,6.673875348862879,0.9999999051317612,0.9999999547897387
v,874,874,2.1731056459712272,False,T0_raw,178.1915101979395,3.207396289293481,,
v,874,874,2.1731056459712272,False,oracle,123.3413826706436,1.5471125481298948,,
v,874,874,2.1731056459712272,False,est_gtstart,126.6210227958822,1.5793235605413665,,
v,874,874,2.1731056459712272,False,est_warmstart,126.82505434174523,1.966358240201429,,
v,874,874,2.1731056459712272,False,view_gap,2.201958659591988,9.27461708725641,0.9997875489380161,0.9993287048343232
v,875,875,2.1713428419595946,False,T0_raw,177.95845548512125,2.621378840040554,,
v,875,875,2.1713428419595946,False,oracle,124.00542643070533,0.91980783505612,,
v,875,875,2.1713428419595946,False,est_gtstart,124.04967020973028,0.9170182720673055,,
v,875,875,2.1713428419595946,False,est_warmstart,124.4623426577779,1.2049915923964571,,
v,875,875,2.1713428419595946,False,view_gap,2.1999332388534203,10.006536202057603,0.9999998427815093,0.9999999519542951
v,876,876,2.169869573595017,False,T0_raw,181.91098175732884,2.946031983656762,,
v,876,876,2.169869573595017,False,oracle,123.6373098948721,1.208751218441092,,
v,876,876,2.169869573595017,False,est_gtstart,123.68333573768032,1.2075722221101695,,
v,876,876,2.169869573595017,False,est_warmstart,124.27523914932135,1.712763878778392,,
v,876,876,2.169869573595017,False,view_gap,2.2502218877101376,10.319784335128368,0.9999998292817346,0.9999999399823861
v,877,877,2.1663402973012076,False,T0_raw,182.3246484208054,3.744028443911827,,
v,877,877,2.1663402973012076,False,oracle,121.86536141306942,1.5943206127603573,,
v,877,877,2.1663402973012076,False,est_gtstart,125.37630041215628,1.4073433990093,,
v,877,877,2.1663402973012076,False,est_warmstart,125.53008656100876,1.0205219289363985,,
v,877,877,2.1663402973012076,False,view_gap,2.253736348796107,14.668619186130272,0.9945333021067325,0.9994335683577688
v,878,878,2.1648710304272747,False,T0_raw,187.71982623976098,3.8295865298966305,,
v,878,878,2.1648710304272747,False,oracle,138.05763836039526,4.9762165207728986,,
v,878,878,2.1648710304272747,False,est_gtstart,138.13622748838733,4.97842477889286,,
v,878,878,2.1648710304272747,False,est_warmstart,138.22541761973704,4.879643190978359,,
v,878,878,2.1648710304272747,False,view_gap,2.2619079558691926,42.63087702808477,0.9999994439421176,0.9999995990376332
v,879,879,2.1631260916289663,False,T0_raw,197.2934714268184,7.856292969660313,,
v,879,879,2.1631260916289663,False,oracle,137.5789346769703,2.9567547404715726,,
v,879,879,2.1631260916289663,False,est_gtstart,141.54676386163914,2.8735099444523216,,
v,879,879,2.1631260916289663,False,est_warmstart,141.7832258899236,2.9125770935327755,,
v,879,879,2.1631260916289663,False,view_gap,2.3986812962852873,37.831519165970384,0.9999702748826851,0.999938500129545
v,880,880,2.1613630043616343,False,T0_raw,198.90663377163645,8.279029031457698,,
v,880,880,2.1613630043616343,False,oracle,135.966311242098,4.089458174376124,,
v,880,880,2.1613630043616343,False,est_gtstart,139.58923281989527,4.051605658969753,,
v,880,880,2.1613630043616343,False,est_warmstart,139.7463105275995,4.051017744258119,,
v,880,880,2.1613630043616343,False,view_gap,2.429122659848003,34.55287397665607,0.9999696824245004,0.9998109902190261
v,881,881,2.1598914749453426,False,T0_raw,192.347734215174,5.96852685595262,,
v,881,881,2.1598914749453426,False,oracle,132.89644347567776,4.229591941658073,,
v,881,881,2.1598914749453426,False,est_gtstart,132.95922482777766,4.228671727856112,,
v,881,881,2.1598914749453426,False,est_warmstart,133.65292203144574,4.123767558402407,,
v,881,881,2.1598914749453426,False,view_gap,2.378445706712691,19.55140832428448,0.9999991035254132,0.9999997950080112
v,882,882,2.158153912063548,False,T0_raw,184.35756912137575,2.887184489100745,,
v,882,882,2.158153912063548,False,oracle,119.4618756635688,0.9121035053686128,,
v,882,882,2.158153912063548,False,est_gtstart,118.69237167000925,1.5605136796923833,,
v,882,882,2.158153912063548,False,est_warmstart,120.0000361551356,2.0711856736796372,,
v,882,882,2.158153912063548,False,view_gap,2.2965608367408548,3.7704000110414526,0.7319221916241203,0.9975922905454552
v,883,883,2.156376388788369,False,T0_raw,182.86425478646916,2.9968663213646893,,
v,883,883,2.156376388788369,False,oracle,114.63996654304998,1.4301075600932052,,
v,883,883,2.156376388788369,False,est_gtstart,113.0413734527601,2.3128305965457554,,
v,883,883,2.156376388788369,False,est_warmstart,114.36459668798102,2.807077866178154,,
v,883,883,2.156376388788369,False,view_gap,2.276319960390411,8.596350134609132,0.7325134098600057,0.9961118779985805
v,884,884,2.154897045488933,False,T0_raw,184.68656326226198,2.966810928266977,,
v,884,884,2.154897045488933,False,oracle,117.89680806160176,1.2808238030564019,,
v,884,884,2.154897045488933,False,est_gtstart,117.9432316620144,1.2825433264142192,,
v,884,884,2.154897045488933,False,est_warmstart,119.55973522640475,2.1734665124718684,,
v,884,884,2.154897045488933,False,view_gap,2.2985980910615647,10.88690702284012,0.9999998514485468,0.9999999887876344
v,885,885,2.153189033371832,False,T0_raw,180.4883539121338,2.584185291209668,,
v,885,885,2.153189033371832,False,oracle,112.07405677825885,2.101390478938951,,
v,885,885,2.153189033371832,False,est_gtstart,112.13287568483139,2.105846430943403,,
v,885,885,2.153189033371832,False,est_warmstart,112.46283284221342,2.8291210566521188,,
v,885,885,2.153189033371832,False,view_gap,2.244993541075997,13.416252789828498,0.9999998573866336,0.9999997649042014
v,886,886,2.151415992078041,False,T0_raw,180.88629683495134,2.209720651355563,,
v,886,886,2.151415992078041,False,oracle,110.11886464090152,2.5297710072818393,,
v,886,886,2.151415992078041,False,est_gtstart,114.6857041731779,2.7903533350182945,,
v,886,886,2.151415992078041,False,est_warmstart,115.0265354565857,3.2047122998584023,,
v,886,886,2.151415992078041,False,view_gap,2.25592252534235,9.174941503419909,0.9997136756830487,0.9999296284700302
v,887,887,2.1499458782952257,False,T0_raw,179.3870993286186,2.0572954133598356,,
v,887,887,2.1499458782952257,False,oracle,112.41368349492438,2.8011200889479384,,
v,887,887,2.1499458782952257,False,est_gtstart,112.47101890263797,2.807269399521766,,
v,887,887,2.1499458782952257,False,est_warmstart,112.8002634203124,3.1246344683088694,,
v,887,887,2.1499458782952257,False,view_gap,2.242154712899352,4.481023418668073,0.9999998826041306,0.999999989562057
v,888,888,2.1482902125977734,False,T0_raw,177.08436103771896,2.1625971909068977,,
v,888,888,2.1482902125977734,False,oracle,105.58172010035857,3.60469492118817,,
v,888,888,2.1482902125977734,False,est_gtstart,109.86956501226226,3.844581008439473,,
v,888,888,2.1482902125977734,False,est_warmstart,110.52222538766395,4.168594757715636,,
v,888,888,2.1482902125977734,False,view_gap,2.2155478078806508,3.2889546401957404,0.9996533174489967,0.9999331418231281
v,889,889,2.145031066821631,False,T0_raw,178.23769323708746,3.266805357648632,,
v,889,889,2.145031066821631,False,oracle,110.21341106531649,1.8450323289242945,,
v,889,889,2.145031066821631,False,est_gtstart,110.3384566814109,1.837849378306144,,
v,889,889,2.145031066821631,False,est_warmstart,110.85276179474721,1.7239099501958324,,
v,889,889,2.145031066821631,False,view_gap,2.2316004383618098,6.0533785569312215,0.9999999096401301,0.9999999939188025
v,890,890,2.143261439932598,False,T0_raw,177.83454745828826,3.1885196870168775,,
v,890,890,2.143261439932598,False,oracle,110.26661246754388,1.2773378379316453,,
v,890,890,2.143261439932598,False,est_gtstart,113.20241903424584,1.159695272275427,,
v,890,890,2.143261439932598,False,est_warmstart,113.5482864816357,1.0083695805477282,,
v,890,890,2.143261439932598,False,view_gap,2.2233444525835964,11.600813048151082,0.999661104587885,0.9999754850932623
v,891,891,2.141787730120027,False,T0_raw,179.89008190595345,3.5037869279327514,,
v,891,891,2.141787730120027,False,oracle,110.12772766471932,2.619457717018952,,
v,891,891,2.141787730120027,False,est_gtstart,112.89924219151989,2.881794936056148,,
v,891,891,2.141787730120027,False,est_warmstart,113.0786935656149,2.900007057209603,,
v,891,891,2.141787730120027,False,view_gap,2.254497961572766,7.5293983592423785,0.9996611738771883,0.9999794360942522
v,892,892,2.1401578858385557,False,T0_raw,183.49370630612108,3.8666947723015572,,
v,892,892,2.1401578858385557,False,oracle,113.05861002802494,7.165490475444241,,
v,892,892,2.1401578858385557,False,est_gtstart,113.11829739439352,7.171395064688758,,
v,892,892,2.1401578858385557,False,est_warmstart,114.1538918426169,6.902838636578897,,
v,892,892,2.1401578858385557,False,view_gap,2.2986537371373936,10.672170441434758,0.9999999095036506,0.9999999823901524
v,893,893,2.1383783902793114,False,T0_raw,181.13640625710417,3.274023470576016,,
v,893,893,2.1383783902793114,False,oracle,104.15820466959956,4.434675164194838,,
v,893,893,2.1383783902793114,False,est_gtstart,108.21848359094398,4.442529068987975,,
v,893,893,2.1383783902793114,False,est_warmstart,108.44911322412044,4.43735603835496,,
v,893,893,2.1383783902793114,False,view_gap,2.270176528514383,11.14581577428897,0.9994498022256908,0.9995568206262962
v,894,894,2.1368941251221902,False,T0_raw,181.7825563208969,2.968750457895394,,
v,894,894,2.1368941251221902,False,oracle,105.78633646359604,4.177174042848517,,
v,894,894,2.1368941251221902,False,est_gtstart,109.64581540764505,4.193898817958904,,
v,894,894,2.1368941251221902,False,est_warmstart,109.72825647652681,4.142031533389403,,
v,894,894,2.1368941251221902,False,view_gap,2.2810609278580265,10.01281477951732,0.9994504027700993,0.9996377092482857
v,895,895,2.1353074739086884,False,T0_raw,183.8658613252648,3.327946798658999,,
v,895,895,2.1353074739086884,False,oracle,112.18685098674614,6.172962497579513,,
v,895,895,2.1353074739086884,False,est_gtstart,112.29625143654569,6.176161021288659,,
v,895,895,2.1353074739086884,False,est_warmstart,112.55858323584468,6.217885572812062,,
v,895,895,2.1353074739086884,False,view_gap,2.3053199042776473,13.451143479631611,0.9999999168801161,0.9999994566433489
v,896,896,2.1335233185418967,False,T0_raw,176.6157991290597,0.8135071855037729,,
v,896,896,2.1335233185418967,False,oracle,110.07338798829402,6.3331615963386065,,
v,896,896,2.1335233185418967,False,est_gtstart,115.33428106240261,6.300738268087505,,
v,896,896,2.1335233185418967,False,est_warmstart,114.90253519547343,6.683469362483806,,
v,896,896,2.1335233185418967,False,view_gap,2.2141393338134305,14.552649146473584,0.9994745364798415,0.9996729498919606
v,897,897,2.1320341829216534,False,T0_raw,176.88794890782756,2.507634810164889,,
v,897,897,2.1320341829216534,False,oracle,99.58223746661538,2.001692130170261,,
v,897,897,2.1320341829216534,False,est_gtstart,103.19348964604404,2.0742371682214262,,
v,897,897,2.1320341829216534,False,est_warmstart,103.5177950213069,2.383311501252822,,
v,897,897,2.1320341829216534,False,view_gap,2.223463115777452,10.824998722291035,0.9994758087708745,0.9991606282592644
v,898,898,2.1305082264156057,False,T0_raw,174.25369339170567,2.3192288002606474,,
v,898,898,2.1305082264156057,False,oracle,103.34690762952184,1.9189556779858115,,
v,898,898,2.1305082264156057,False,est_gtstart,103.3471967414267,1.9196465819161908,,
v,898,898,2.1305082264156057,False,est_warmstart,103.2470537206979,2.0482297632044997,,
v,898,898,2.1305082264156057,False,view_gap,2.197733663715483,2.73844769244036,0.9999999322633991,0.9999999227199357
v,899,899,2.128728830301206,False,T0_raw,177.7311248187407,1.9775484425766678,,
v,899,899,2.128728830301206,False,oracle,104.28667919309933,2.5774713182873623,,
v,899,899,2.128728830301206,False,est_gtstart,104.38084469131825,2.5818156304702944,,
v,899,899,2.128728830301206,False,est_warmstart,104.0330856502874,2.8803983071265824,,
v,899,899,2.128728830301206,False,view_gap,2.2410641867310273,6.5318748671368,0.9999999296872574,0.9999998109792042
v,900,900,2.1272583886298273,False,T0_raw,174.11590399723477,1.4675743384745263,,
v,900,900,2.1272583886298273,False,oracle,100.71012977969609,3.1691770197960047,,
v,900,900,2.1272583886298273,False,est_gtstart,100.71281725176448,3.1660985551840257,,
v,900,900,2.1272583886298273,False,est_warmstart,100.6823907729799,3.4195430848355515,,
v,900,900,2.1272583886298273,False,view_gap,2.1943494349619317,9.752271530962808,0.9999999331467799,0.9999998805073301
v,901,901,2.1258314342416504,False,T0_raw,217.6595140761695,7.158433204549859,,
v,901,901,2.1258314342416504,False,oracle,200.73950427362547,10.018637820682034,,
v,901,901,2.1258314342416504,False,est_gtstart,200.75941011194362,10.017146458318415,,
v,901,901,2.1258314342416504,False,est_warmstart,201.31700386572,10.27640259263327,,
v,901,901,2.1258314342416504,False,view_gap,2.517582831515464,83.71773758109046,0.999999927013749,0.9999999550307194
v,902,902,2.124054259643216,False,T0_raw,180.5035333879649,2.6179362209554675,,
v,902,902,2.124054259643216,False,oracle,96.73173060099656,3.553899915174766,,
v,902,902,2.124054259643216,False,est_gtstart,96.80507754410829,3.550858737710771,,
v,902,902,2.124054259643216,False,est_warmstart,97.04674631967961,3.8533883873391774,,
v,902,902,2.124054259643216,False,view_gap,2.273354867756882,14.41254034844519,0.9999999341797278,0.9999998856025764
v,903,903,2.1225716047960717,False,T0_raw,176.13692443056624,2.100043346477245,,
v,903,903,2.1225716047960717,False,oracle,92.60548795607957,2.3939667651358776,,
v,903,903,2.1225716047960717,False,est_gtstart,92.65622480343788,2.396333194032367,,
v,903,903,2.1225716047960717,False,est_warmstart,92.65905881982248,2.6596141662127,,
v,903,903,2.1225716047960717,False,view_gap,2.2242579182583535,10.338818339186595,0.9999999361347873,0.9999996226900878
v,904,904,2.121161089693492,False,T0_raw,175.11225856892318,1.9536533872848112,,
v,904,904,2.121161089693492,False,oracle,91.0838688037263,2.008270221112056,,
v,904,904,2.121161089693492,False,est_gtstart,91.11152626223043,2.0064354996064084,,
v,904,904,2.121161089693492,False,est_warmstart,91.83067760557071,2.200381848557434,,
v,904,904,2.121161089693492,False,view_gap,2.2167953634958613,5.589154581064015,0.9999999371517347,0.999999689488151
v,905,905,2.1193613277863843,False,T0_raw,178.11899771864253,2.455495138349577,,
v,905,905,2.1193613277863843,False,oracle,90.02229978288482,1.8524307218007272,,
v,905,905,2.1193613277863843,False,est_gtstart,90.06334580043571,1.8538446161601128,,
v,905,905,2.1193613277863843,False,est_warmstart,89.56253911748266,2.1615337245948285,,
v,905,905,2.1193613277863843,False,view_gap,2.2581906706060777,2.565048132898262,0.999999936306051,0.9999997978663984
v,906,906,2.117858699305419,False,T0_raw,174.57733299513487,1.7080557061626414,,
v,906,906,2.117858699305419,False,oracle,86.15880812309457,2.1553749774652067,,
v,906,906,2.117858699305419,False,est_gtstart,86.19778473220815,2.1609926800834653,,
v,906,906,2.117858699305419,False,est_warmstart,85.62715392688031,2.617963331674941,,
v,906,906,2.117858699305419,False,view_gap,2.215997161950162,1.1147331966059326,0.9999999388833214,0.9999989657518322
v,907,907,2.1164720310664795,False,T0_raw,173.59101524571912,2.050275100651443,,
v,907,907,2.1164720310664795,False,oracle,79.30786847585439,2.694143781658384,,
v,907,907,2.1164720310664795,False,est_gtstart,79.34655523670442,2.695798192996294,,
v,907,907,2.1164720310664795,False,est_warmstart,79.17954656558784,3.1092350733329455,,
v,907,907,2.1164720310664795,False,view_gap,2.2052417240087343,4.213364175886802,0.9999999429515553,0.9999998803054364
v,908,908,2.1146494295712026,False,T0_raw,174.63888677699708,1.7760899101984007,,
v,908,908,2.1146494295712026,False,oracle,79.60221401789723,2.524077880471005,,
v,908,908,2.1146494295712026,False,est_gtstart,79.61686983769961,2.5244814983486235,,
v,908,908,2.1146494295712026,False,est_warmstart,80.07374499094796,2.6704131552727075,,
v,908,908,2.1146494295712026,False,view_gap,2.2175108721645103,11.980967115959196,0.9999999434666547,0.9999998245671337
v,909,909,2.1131254419254755,False,T0_raw,174.22568181323362,1.9971027654004294,,
v,909,909,2.1131254419254755,False,oracle,78.93161514899126,2.5862171791459128,,
v,909,909,2.1131254419254755,False,est_gtstart,78.92846487337741,2.5864462053605637,,
v,909,909,2.1131254419254755,False,est_warmstart,79.33326605748158,3.063599586798666,,
v,909,909,2.1131254419254755,False,view_gap,2.210436247466102,16.30371228539218,0.9999999468207175,0.9999996231274886
v,910,910,2.1117821947041375,False,T0_raw,173.7301650180147,2.134386532232035,,
v,910,910,2.1117821947041375,False,oracle,78.7476674474283,2.2341885934562042,,
v,910,910,2.1117821947041375,False,est_gtstart,78.74049795241115,2.2336367408441173,,
v,910,910,2.1117821947041375,False,est_warmstart,79.88966782943132,2.449234024390084,,
v,910,910,2.1117821947041375,False,view_gap,2.2088653154686186,12.41432485925742,0.9999999479873869,0.9999990379587537
v,911,911,2.109953442262908,False,T0_raw,173.89350284324343,2.076159819775569,,
v,911,911,2.109953442262908,False,oracle,80.46814537706906,2.3726509590853295,,
v,911,911,2.109953442262908,False,est_gtstart,80.48109059886127,2.36883757540139,,
v,911,911,2.109953442262908,False,est_warmstart,83.7879566776398,2.3503698065212775,,
v,911,911,2.109953442262908,False,view_gap,2.2150766252651617,7.0998854267241285,0.9999999494427573,0.9999990281718075
v,912,912,2.108421904894675,False,T0_raw,175.419575036204,1.9122133446679506,,
v,912,912,2.108421904894675,False,oracle,86.49764986305699,1.8308499361388262,,
v,912,912,2.108421904894675,False,est_gtstart,86.51806724664706,1.8320630761150258,,
v,912,912,2.108421904894675,False,est_warmstart,88.6679976598308,1.9420115346357256,,
v,912,912,2.108421904894675,False,view_gap,2.2366659300111746,2.7605914680943755,0.9999999493560862,0.9999999462860759
v,913,913,2.106835380498822,False,T0_raw,178.30683231650633,2.380163795705801,,
v,913,913,2.106835380498822,False,oracle,84.36450093902282,1.361576935111165,,
v,913,913,2.106835380498822,False,est_gtstart,84.35874805257036,1.3597662826570944,,
v,913,913,2.106835380498822,False,est_warmstart,88.3666623424628,1.6494059589750552,,
v,913,913,2.106835380498822,False,view_gap,2.2741179131383764,1.909171354767203,0.9999999479607439,0.9999993361973949
v,914,914,2.1053023613013977,False,T0_raw,177.3894360377151,2.202482146154308,,
v,914,914,2.1053023613013977,False,oracle,87.74755212269113,1.610605023765414,,
v,914,914,2.1053023613013977,False,est_gtstart,87.70596341211896,1.6082157006972309,,
v,914,914,2.1053023613013977,False,est_warmstart,90.89661647816985,1.8245784255618012,,
v,914,914,2.1053023613013977,False,view_gap,2.264684854651834,0.031082264060344755,0.9999999512259105,0.9999996276784868
v,915,915,2.104022514075449,False,T0_raw,174.89563859805065,2.4228362900543496,,
v,915,915,2.104022514075449,False,oracle,89.73600193006334,2.586959627297744,,
v,915,915,2.104022514075449,False,est_gtstart,89.70123794685394,2.5958947341695953,,
v,915,915,2.104022514075449,False,est_warmstart,94.10868868190704,2.802636137199221,,
v,915,915,2.104022514075449,False,view_gap,2.233868409557386,1.9540026021145351,0.9999999555918727,0.9999998133685504
v,916,916,2.102176143901787,False,T0_raw,174.67166478692266,3.4193930121016427,,
v,916,916,2.102176143901787,False,oracle,88.64013756957995,2.798088919003448,,
v,916,916,2.102176143901787,False,est_gtstart,88.57101047507271,2.7980896454287305,,
v,916,916,2.102176143901787,False,est_warmstart,92.26087613932306,2.764106687228611,,
v,916,916,2.102176143901787,False,view_gap,2.2329049948490782,1.2504429178141763,0.999999956963722,0.999999918271376
v,917,917,2.1006294562681562,False,T0_raw,177.30762368203563,2.1703749064998004,,
v,917,917,2.1006294562681562,False,oracle,103.17997522217799,2.3190527846258933,,
v,917,917,2.1006294562681562,False,est_gtstart,103.12130381855373,2.317722269462049,,
v,917,917,2.1006294562681562,False,est_warmstart,105.25840964258869,2.2973386950919013,,
v,917,917,2.1006294562681562,False,view_gap,2.2672157728188846,3.700620541552624,0.9999999579251025,0.9999996737545616
v,918,918,2.0993817314290397,False,T0_raw,173.7346913134062,1.7354011934750806,,
v,918,918,2.0993817314290397,False,oracle,95.97321724605749,1.648960834448576,,
v,918,918,2.0993817314290397,False,est_gtstart,95.89394063595135,1.6483444430277805,,
v,918,918,2.0993817314290397,False,est_warmstart,99.19809339795503,1.473411015274482,,
v,918,918,2.0993817314290397,False,view_gap,2.2225238626125967,4.78446417225431,0.9999999565141598,0.9999996785405972
v,919,919,2.0975150912678973,False,T0_raw,175.05163943049604,1.5703266185073173,,
v,919,919,2.0975150912678973,False,oracle,98.43151367457118,1.8208068910811115,,
v,919,919,2.0975150912678973,False,est_gtstart,98.37444347375512,1.8170196277541497,,
v,919,919,2.0975150912678973,False,est_warmstart,100.52273088125955,1.6317766488551986,,
v,919,919,2.0975150912678973,False,view_gap,2.235485814189398,11.366135980607872,0.9999999576717257,0.9999999522773921
v,920,920,2.0946812297178985,False,T0_raw,184.52765219181325,3.62095448917257,,
v,920,920,2.0946812297178985,False,oracle,114.5896038834268,3.2108511145354774,,
v,920,920,2.0946812297178985,False,est_gtstart,114.52354917940593,3.2098465406725025,,
v,920,920,2.0946812297178985,False,est_warmstart,115.25444242018864,3.209440658914132,,
v,920,920,2.0946812297178985,False,view_gap,2.357479047755659,13.959249074309454,0.9999999578689112,0.9999998362624984
v,921,921,2.092845613533631,False,T0_raw,182.63366495151487,4.075115608861978,,
v,921,921,2.092845613533631,False,oracle,121.90179189713781,5.442384644091176,,
v,921,921,2.092845613533631,False,est_gtstart,121.84473673625935,5.444010925630366,,
v,921,921,2.092845613533631,False,est_warmstart,122.76559508451082,5.332691444173907,,
v,921,921,2.092845613533631,False,view_gap,2.332588574178447,15.683871279275508,0.99999995726545,0.9999995708162445
v,922,922,2.0912745907815884,False,T0_raw,182.9022648844508,4.074907516024627,,
v,922,922,2.0912745907815884,False,oracle,122.62970008825356,5.5848253383074935,,
v,922,922,2.0912745907815884,False,est_gtstart,122.63857257550492,5.574932941882289,,
v,922,922,2.0912745907815884,False,est_warmstart,122.77640786131573,5.411908138035928,,
v,922,922,2.0912745907815884,False,view_gap,2.334876313333853,17.68865567251776,0.9999999607573262,0.99999949133804
v,923,923,2.0900146133521615,False,T0_raw,184.21114084864675,3.3436624680212943,,
v,923,923,2.0900146133521615,False,oracle,119.24055376131572,2.9121667450941158,,
v,923,923,2.0900146133521615,False,est_gtstart,119.2209075470487,2.9167810847039553,,
v,923,923,2.0900146133521615,False,est_warmstart,119.29029036345545,2.797086516334919,,
v,923,923,2.0900146133521615,False,view_gap,2.3666409824641566,5.391922645997305,0.9999999654433984,0.9999996384530051
v,924,924,2.0890726980767282,False,T0_raw,198.5904538099888,7.23403060962969,,
v,924,924,2.0890726980767282,False,oracle,165.06670723797745,14.108492846202294,,
v,924,924,2.0890726980767282,False,est_gtstart,165.01880791824956,14.107863028449497,,
v,924,924,2.0890726980767282,False,est_warmstart,165.1039673570214,14.115653512089022,,
v,924,924,2.0890726980767282,False,view_gap,2.526385112082315,26.088801915377324,0.9999999543914586,0.9999999825457454
v,925,925,2.0884582978514032,False,T0_raw,185.90478490114708,3.834397668128455,,
v,925,925,2.0884582978514032,False,oracle,171.21560995959848,14.318437198974856,,
v,925,925,2.0884582978514032,False,est_gtstart,171.16558234808085,14.31378004325783,,
v,925,925,2.0884582978514032,False,est_warmstart,169.52058993085728,22.835030387180048,,
v,925,925,2.0884582978514032,False,view_gap,2.2978086423368866,48.81641623709587,0.9999999448178627,0.9999999848537295
v,926,926,2.088173952754485,False,T0_raw,174.1053821337481,1.7600125262878252,,
v,926,926,2.088173952754485,False,oracle,160.35945080810686,14.638139297636686,,
v,926,926,2.088173952754485,False,est_gtstart,160.2326425484338,14.63923425460471,,
v,926,926,2.088173952754485,False,est_warmstart,163.86089579240414,13.979781569153896,,
v,926,926,2.088173952754485,False,view_gap,2.2066724218457843,28.54019006379893,0.999999958248233,0.9999999697072776
v,927,927,2.0882145743967286,False,T0_raw,185.70145444659238,3.4926490744561725,,
v,927,927,2.0882145743967286,False,oracle,128.06435830139702,4.1208638234495005,,
v,927,927,2.0882145743967286,False,est_gtstart,128.00553011296387,4.121062140655361,,
v,927,927,2.0882145743967286,False,est_warmstart,129.24179833829297,4.081938128344306,,
v,927,927,2.0882145743967286,False,view_gap,2.3835113006451403,15.021596553002503,0.9999999676291736,0.9999999754614532
v,928,928,2.088580340985171,False,T0_raw,185.67368245413286,3.422625262108019,,
v,928,928,2.088580340985171,False,oracle,132.58853331454065,3.672091940313722,,
v,928,928,2.088580340985171,False,est_gtstart,132.55493333238522,3.6731112456836867,,
v,928,928,2.088580340985171,False,est_warmstart,132.78311281452855,3.519415536452022,,
v,928,928,2.088580340985171,False,view_gap,2.3882471218271446,12.30903954362006,0.9999999693449131,0.999999991281038
v,929,929,2.0892751097609628,False,T0_raw,184.98779387803324,3.1338360724246024,,
v,929,929,2.0892751097609628,False,oracle,135.7338462170038,3.9285773580786247,,
v,929,929,2.0892751097609628,False,est_gtstart,135.68686428771812,3.9461559589424096,,
v,929,929,2.0892751097609628,False,est_warmstart,136.48798992958257,3.7020485440947013,,
v,929,929,2.0892751097609628,False,view_gap,2.379208652124697,13.964965164412035,0.9999999690914331,0.999999996904543
v,930,930,2.090297094842483,False,T0_raw,183.4595141737696,3.1725447424891486,,
v,930,930,2.090297094842483,False,oracle,133.27542477848112,4.400531135104284,,
v,930,930,2.090297094842483,False,est_gtstart,133.23524137427935,4.404805713277374,,
v,930,930,2.090297094842483,False,est_warmstart,133.50552303264706,4.296102301739981,,
v,930,930,2.090297094842483,False,view_gap,2.3631876804032346,12.306715553608072,0.9999999697067979,0.9999999984061594
v,931,931,2.0916626488769796,False,T0_raw,173.14970337203084,2.914617104350871,,
v,931,931,2.0916626488769796,False,oracle,134.68085634318967,4.588386363573133,,
v,931,931,2.0916626488769796,False,est_gtstart,134.60939698307385,4.590380884495855,,
v,931,931,2.0916626488769796,False,est_warmstart,134.83246168608125,4.580793343636789,,
v,931,931,2.0916626488769796,False,view_gap,2.2304611036785014,13.122378292456993,0.9999999718994672,0.9999999890042658
v,932,932,2.093364690305475,False,T0_raw,174.6415272297772,3.211647694053984,,
v,932,932,2.093364690305475,False,oracle,137.8807957436885,5.455709231087598,,
v,932,932,2.093364690305475,False,est_gtstart,137.83267347070569,5.455949564674961,,
v,932,932,2.093364690305475,False,est_warmstart,137.66963687526885,5.368253218498215,,
v,932,932,2.093364690305475,False,view_gap,2.2513669981813513,13.237996186105327,0.9999999730752893,0.9999999986055818
v,933,933,2.095391939576347,False,T0_raw,174.76651662641774,2.9176458236330167,,
v,933,933,2.095391939576347,False,oracle,138.75802901423106,5.74331866671319,,
v,933,933,2.095391939576347,False,est_gtstart,138.71895454359455,5.743072135670099,,
v,933,933,2.095391939576347,False,est_warmstart,139.74124312152523,5.442357051435851,,
v,933,933,2.095391939576347,False,view_gap,2.2601646355955722,8.005161745852085,0.9999999757014479,0.999999931652839
v,934,934,2.0977500766624324,False,T0_raw,175.3196594263087,3.1136706373254643,,
v,934,934,2.0977500766624324,False,oracle,142.60732312377553,6.4157845450756845,,
v,934,934,2.0977500766624324,False,est_gtstart,142.51986502178715,6.413983092137954,,
v,934,934,2.0977500766624324,False,est_warmstart,142.93631954688612,6.328199512800368,,
v,934,934,2.0977500766624324,False,view_gap,2.270270456504789,6.493530910779199,0.9999999769328453,0.9999998853514676
v,935,935,2.100429544338222,False,T0_raw,173.8011336708437,3.0193393716581047,,
v,935,935,2.100429544338222,False,oracle,144.42279724528936,6.423124224803499,,
v,935,935,2.100429544338222,False,est_gtstart,144.34056355293748,6.423633094178042,,
v,935,935,2.100429544338222,False,est_warmstart,145.497963199902,5.856053695848353,,
v,935,935,2.100429544338222,False,view_gap,2.2500890147858987,9.132870985526509,0.9999999766029855,0.9999999634703004
v,936,936,2.1034301404123106,False,T0_raw,176.8921898322959,3.1584503125183088,,
v,936,936,2.1034301404123106,False,oracle,149.10501711163255,6.9957707292468925,,
v,936,936,2.1034301404123106,False,est_gtstart,149.05953647125034,6.997305069513765,,
v,936,936,2.1034301404123106,False,est_warmstart,149.4306200839831,6.844845409416958,,
v,936,936,2.1034301404123106,False,view_gap,2.295951604850845,3.6927428346444913,0.999999979196736,0.9999999804865942
v,937,937,2.1067443964034718,False,T0_raw,174.9054628329442,3.0479651886313217,,
v,937,937,2.1067443964034718,False,oracle,146.66631365220096,6.365833426749405,,
v,937,937,2.1067443964034718,False,est_gtstart,146.62693166498946,6.366031542286392,,
v,937,937,2.1067443964034718,False,est_warmstart,146.88492823521563,6.234851367218335,,
v,937,937,2.1067443964034718,False,view_gap,2.2722971615333702,2.8778398234461378,0.9999999792645244,0.9999999752077008
v,938,938,2.1103719737381215,False,T0_raw,175.26735340911628,3.0222131157692416,,
v,938,938,2.1103719737381215,False,oracle,148.60953996666333,7.676729664479103,,
v,938,938,2.1103719737381215,False,est_gtstart,148.57619172559478,7.676949223965071,,
v,938,938,2.1103719737381215,False,est_warmstart,148.69871218262256,7.472629036559885,,
v,938,938,2.1103719737381215,False,view_gap,2.274590382734417,8.864603969986895,0.9999999778595823,0.999999996530479
v,939,939,2.1143070688277525,False,T0_raw,175.52202810718978,3.1703149862322175,,
v,939,939,2.1143070688277525,False,oracle,149.16924276603356,5.241223186331205,,
v,939,939,2.1143070688277525,False,est_gtstart,142.43763231401192,4.95590608449135,,
v,939,939,2.1143070688277525,False,est_warmstart,142.7266893072419,4.905989432382255,,
v,939,939,2.1143070688277525,False,view_gap,2.2828844134162023,4.593579186080277,0.9995342439907009,0.9999733182423941
v,940,940,2.118542242622374,False,T0_raw,173.02046007739958,3.246694281011073,,
v,940,940,2.118542242622374,False,oracle,140.25942785465628,4.560134072405302,,
v,940,940,2.118542242622374,False,est_gtstart,140.1708070491745,4.562340060856755,,
v,940,940,2.118542242622374,False,est_warmstart,140.93427357892216,4.517031300227833,,
v,940,940,2.118542242622374,False,view_gap,2.2513685117535513,5.642985295189362,0.9999999646743454,0.999999999013328
v,941,941,2.12307958184667,False,T0_raw,174.99240056123566,4.690849753707021,,
v,941,941,2.12307958184667,False,oracle,147.54181488870415,6.424762385461288,,
v,941,941,2.12307958184667,False,est_gtstart,147.50647097264874,6.426040126408863,,
v,941,941,2.12307958184667,False,est_warmstart,147.52502096758266,6.21162496411586,,
v,941,941,2.12307958184667,False,view_gap,2.2689820569059056,15.14639506098625,0.9999999630941989,0.9999999948250442
v,942,942,2.1279071537964134,False,T0_raw,174.0669232773942,3.1185880414734606,,
v,942,942,2.1279071537964134,False,oracle,144.16572387634167,5.621377877454451,,
v,942,942,2.1279071537964134,False,est_gtstart,139.5929775131709,5.345181211140147,,
v,942,942,2.1279071537964134,False,est_warmstart,139.51193951724366,5.0400247354891246,,
v,942,942,2.1279071537964134,False,view_gap,2.2713871440693274,1.2441123696422807,0.999682305309032,0.9998085839489467
v,943,943,2.1330219466936677,False,T0_raw,173.88780598787588,3.6379913563495827,,
v,943,943,2.1330219466936677,False,oracle,147.78710612545837,5.925322997531301,,
v,943,943,2.1330219466936677,False,est_gtstart,147.75135596470028,5.9240664556459155,,
v,943,943,2.1330219466936677,False,est_warmstart,148.64385772071523,5.693126197945469,,
v,943,943,2.1330219466936677,False,view_gap,2.2709020968200173,2.0749556664494406,0.9999999628644257,0.999999994897794
v,944,944,2.1384176649377484,False,T0_raw,171.9641429151159,4.682518994468422,,
v,944,944,2.1384176649377484,False,oracle,151.2540304638744,6.933308524441011,,
v,944,944,2.1384176649377484,False,est_gtstart,151.37517375373957,7.104055594801408,,
v,944,944,2.1384176649377484,False,est_warmstart,151.91101608226873,7.016887264737687,,
v,944,944,2.1384176649377484,False,view_gap,2.247379195982064,1.1682734139721873,0.999991512071925,0.9999941842555311
v,945,945,2.144083536075965,False,T0_raw,174.71277482830968,3.760145413892996,,
v,945,945,2.144083536075965,False,oracle,150.75897753828792,5.91766845866335,,
v,945,945,2.144083536075965,False,est_gtstart,145.8102454758225,5.945596105427582,,
v,945,945,2.144083536075965,False,est_warmstart,146.6336268601898,5.789444158801012,,
v,945,945,2.144083536075965,False,view_gap,2.281022500674687,14.10850539178199,0.9996880480594705,0.9998836527558462
v,946,946,2.150012724109006,False,T0_raw,176.03205857934012,3.94156429016972,,
v,946,946,2.150012724109006,False,oracle,148.50034136095553,6.302765497701612,,
v,946,946,2.150012724109006,False,est_gtstart,148.33980400895135,6.52779517625322,,
v,946,946,2.150012724109006,False,est_warmstart,149.13073727757273,6.149488894277713,,
v,946,946,2.150012724109006,False,view_gap,2.2999002358488347,14.400220563712374,0.9999871784693354,0.999903937485654
v,947,947,2.156190543754064,False,T0_raw,174.65595921535933,3.9257772632800974,,
v,947,947,2.156190543754064,False,oracle,150.30267120758288,6.610899417058675,,
v,947,947,2.156190543754064,False,est_gtstart,150.23714956662494,6.611163711822171,,
v,947,947,2.156190543754064,False,est_warmstart,151.58234230794653,6.091433508991275,,
v,947,947,2.156190543754064,False,view_gap,2.285619941434127,11.503671484401679,0.9999999768095807,0.9999999914869624
v,948,948,2.1626032000801785,False,T0_raw,183.16955102291988,3.835347541952826,,
v,948,948,2.1626032000801785,False,oracle,160.30804520997106,7.025117121654409,,
v,948,948,2.1626032000801785,False,est_gtstart,158.8354024270259,7.073472275192188,,
v,948,948,2.1626032000801785,False,est_warmstart,160.8119648076158,6.503907865703005,,
v,948,948,2.1626032000801785,False,view_gap,2.4001763010852417,9.835367495899305,0.9999345732399988,0.9999304807814351
v,949,949,2.169239966129665,False,T0_raw,177.45118571122057,3.7958127139882634,,
v,949,949,2.169239966129665,False,oracle,155.18911831583048,6.196252926761948,,
v,949,949,2.169239966129665,False,est_gtstart,153.98729283525626,6.2446582003276765,,
v,949,949,2.169239966129665,False,est_warmstart,155.5160006201818,5.96968320788846,,
v,949,949,2.169239966129665,False,view_gap,2.3268363704351094,9.721861472167248,0.9997692074465547,0.9998956954949277
v,950,950,2.176100056632713,False,T0_raw,179.99614877279285,3.369219667136649,,
v,950,950,2.176100056632713,False,oracle,157.3406675464551,5.51362783201399,,
v,950,950,2.176100056632713,False,est_gtstart,156.69121668436742,5.590562708014506,,
v,950,950,2.176100056632713,False,est_warmstart,157.75548116670504,5.061906864400774,,
v,950,950,2.176100056632713,False,view_gap,2.3633970613945907,4.640063206721834,0.9997670885027838,0.9999016257135912
v,951,951,2.183177778769219,False,T0_raw,182.3726833651727,3.336805230175678,,
v,951,951,2.183177778769219,False,oracle,163.0889051993871,5.899767025510461,,
v,951,951,2.183177778769219,False,est_gtstart,154.90613626341997,5.401840670560844,,
v,951,951,2.183177778769219,False,est_warmstart,155.50282139740753,4.9064479147398625,,
v,951,951,2.183177778769219,False,view_gap,2.3964758046734413,3.550214153591469,0.9993721271597205,0.9998874077290204
v,952,952,2.190454093527786,False,T0_raw,177.17186187473644,2.951455892155615,,
v,952,952,2.190454093527786,False,oracle,153.14430480390232,4.988979933140858,,
v,952,952,2.190454093527786,False,est_gtstart,153.15576784143977,4.989581207595271,,
v,952,952,2.190454093527786,False,est_warmstart,153.10943175281156,4.3938846175950355,,
v,952,952,2.190454093527786,False,view_gap,2.3286261463821702,2.1906626686556407,0.9999999680065591,0.9999999864365215
v,953,953,2.197918190608166,False,T0_raw,179.60083028725734,3.1019031864862847,,
v,953,953,2.197918190608166,False,oracle,156.31884268268982,4.456630127288072,,
v,953,953,2.197918190608166,False,est_gtstart,156.33031043327384,4.4593568997966555,,
v,953,953,2.197918190608166,False,est_warmstart,156.04171818455515,4.3143973925282335,,
v,953,953,2.197918190608166,False,view_gap,2.3620804396122166,2.7931549796083033,0.9999999605345709,0.9999999747744812
v,954,954,2.2055620132575706,False,T0_raw,178.6622666676922,2.888141315262992,,
v,954,954,2.2055620132575706,False,oracle,139.45580044112128,2.2990829514976165,,
v,954,954,2.2055620132575706,False,est_gtstart,137.14364067234445,2.050803067093311,,
v,954,954,2.2055620132575706,False,est_warmstart,137.38985531599593,2.065162679815139,,
v,954,954,2.2055620132575706,False,view_gap,2.352196280644952,1.163459963654745,0.9998415706484186,0.99979935961669
v,955,955,2.213374384809451,False,T0_raw,171.79065270084578,2.139016087884747,,
v,955,955,2.213374384809451,False,oracle,136.1784728563485,3.2955899308354946,,
v,955,955,2.213374384809451,False,est_gtstart,134.8457893176134,3.4102588344365445,,
v,955,955,2.213374384809451,False,est_warmstart,135.36217792278768,3.2549698107523626,,
v,955,955,2.213374384809451,False,view_gap,2.264091273992328,1.4901965849292154,0.9997327541704966,0.9996544842726984
v,956,956,2.2213435635885532,False,T0_raw,173.58665566587862,2.454804713087345,,
v,956,956,2.2213435635885532,False,oracle,139.27207144149693,2.7534446154794274,,
v,956,956,2.2213435635885532,False,est_gtstart,138.00281688258036,2.843895151773537,,
v,956,956,2.2213435635885532,False,est_warmstart,138.1602524889735,2.7129944662782126,,
v,956,956,2.2213435635885532,False,view_gap,2.289654993474449,3.847640032690336,0.9997311584830781,0.9997357552653974
v,957,957,2.2294491917155144,False,T0_raw,173.92634959805446,2.387065147955738,,
v,957,957,2.2294491917155144,False,oracle,141.3020941413401,2.78416879283498,,
v,957,957,2.2294491917155144,False,est_gtstart,141.31689246523285,2.786040326811218,,
v,957,957,2.2294491917155144,False,est_warmstart,141.6699894231761,2.8358100086732705,,
v,957,957,2.2294491917155144,False,view_gap,2.295796989207805,5.041080181697133,0.9999999347636824,0.9999999846106901
v,958,958,2.237685475966897,False,T0_raw,169.3795760301749,1.8576099706304094,,
v,958,958,2.237685475966897,False,oracle,133.5329730775492,2.9592341911017996,,
v,958,958,2.237685475966897,False,est_gtstart,133.5636099631221,2.9614725972147107,,
v,958,958,2.237685475966897,False,est_warmstart,133.23543533843414,2.57878718957444,,
v,958,958,2.237685475966897,False,view_gap,2.236839921585144,0.9377254284705927,0.9999997900458837,0.9999999482187013
v,959,959,2.2460418479219593,False,T0_raw,169.35167326157497,2.0042614184224647,,
v,959,959,2.2460418479219593,False,oracle,134.76649493710084,3.4371513138195877,,
v,959,959,2.2460418479219593,False,est_gtstart,134.82143111716422,3.4422477029749707,,
v,959,959,2.2460418479219593,False,est_warmstart,136.60119784175103,2.836539078536661,,
v,959,959,2.2460418479219593,False,view_gap,2.2381574306722034,1.0063211212685275,0.9999996873669645,0.999999741365087
v,960,960,2.2545112190718775,False,T0_raw,174.02116982765898,2.2694295509887503,,
v,960,960,2.2545112190718775,False,oracle,140.9204559977286,3.267454767096136,,
v,960,960,2.2545112190718775,False,est_gtstart,138.80106565719228,3.322061917833397,,
v,960,960,2.2545112190718775,False,est_warmstart,139.18777200706657,3.1242520127559232,,
v,960,960,2.2545112190718775,False,view_gap,2.301292565065572,1.951481908061936,0.9995196193091332,0.999859058213078
v,961,961,2.263077665745543,False,T0_raw,172.58475324198773,2.2305085100756767,,
v,961,961,2.263077665745543,False,oracle,144.11211882062102,3.669681636023778,,
v,961,961,2.263077665745543,False,est_gtstart,144.19238148600368,3.671826113525485,,
v,961,961,2.263077665745543,False,est_warmstart,143.88407625543226,3.3130513999663838,,
v,961,961,2.263077665745543,False,view_gap,2.284367189723624,1.1437043376423262,0.999999565944156,0.9999999251342376
v,962,962,2.271719721020328,False,T0_raw,171.50048241956856,2.160540489259096,,
v,962,962,2.271719721020328,False,oracle,119.50516831700587,3.3542328259415775,,
v,962,962,2.271719721020328,False,est_gtstart,118.37914495883591,3.2439763952893252,,
v,962,962,2.271719721020328,False,est_warmstart,118.71395399547613,3.3229139587464824,,
v,962,962,2.271719721020328,False,view_gap,2.2641756408934883,11.346145586974998,0.9992524019941792,0.9999231340272168
v,963,963,2.2804243217535474,False,T0_raw,173.42186490557114,2.549977499057692,,
v,963,963,2.2804243217535474,False,oracle,129.58973757196188,2.5181677565672684,,
v,963,963,2.2804243217535474,False,est_gtstart,129.69036708635002,2.522443526137251,,
v,963,963,2.2804243217535474,False,est_warmstart,130.12375472158854,2.6723761705534206,,
v,963,963,2.2804243217535474,False,view_gap,2.2965115418356112,5.835955585257402,0.9999992509308974,0.9999995123564065
v,964,964,2.289177988102912,False,T0_raw,172.53002656505475,2.3829864801417884,,
v,964,964,2.289177988102912,False,oracle,130.54972616993393,2.548222905911869,,
v,964,964,2.289177988102912,False,est_gtstart,129.83909010855598,2.5403344377953805,,
v,964,964,2.289177988102912,False,est_warmstart,130.51705196914864,2.475895706324588,,
v,964,964,2.289177988102912,False,view_gap,2.2881328366334346,3.0864965180859016,0.9992310755262349,0.9997247902083223
v,965,965,2.2979728198149525,False,T0_raw,173.8477115588862,3.421560981724421,,
v,965,965,2.2979728198149525,False,oracle,129.5386987807017,2.9928824061170305,,
v,965,965,2.2979728198149525,False,est_gtstart,125.30618903031079,3.641819251662912,,
v,965,965,2.2979728198149525,False,est_warmstart,127.33242416991239,3.748442516113037,,
v,965,965,2.2979728198149525,False,view_gap,2.3061298331444506,5.284640460411438,0.6677626445625713,0.9980282773777509
v,966,966,2.3067909358551217,False,T0_raw,172.51791565030723,2.7470215289504982,,
v,966,966,2.3067909358551217,False,oracle,137.56150808301228,3.218166136164767,,
v,966,966,2.3067909358551217,False,est_gtstart,135.90948609805156,3.2846442674228777,,
v,966,966,2.3067909358551217,False,est_warmstart,136.42059304583503,3.074707968472978,,
v,966,966,2.3067909358551217,False,view_gap,2.2926205784728966,0.4497110926466874,0.9935449250337953,0.9993543631368537
v,967,967,2.3156137347616594,False,T0_raw,173.00021230879057,3.376543783403821,,
v,967,967,2.3156137347616594,False,oracle,137.61980850793452,3.063636631545379,,
v,967,967,2.3156137347616594,False,est_gtstart,137.70091001441756,3.0651636422803774,,
v,967,967,2.3156137347616594,False,est_warmstart,137.71771448807462,2.856585556236847,,
v,967,967,2.3156137347616594,False,view_gap,2.301132792632395,0.6766355439875582,0.9999765017267025,0.999999944674788
v,968,968,2.3244283927674347,False,T0_raw,171.47756059768147,3.26838219461181,,
v,968,968,2.3244283927674347,False,oracle,132.3088646283273,2.8702884344063886,,
v,968,968,2.3244283927674347,False,est_gtstart,134.69646931890054,3.1220481870054124,,
v,968,968,2.3244283927674347,False,est_warmstart,135.4490237495863,2.7295012651347235,,
v,968,968,2.3244283927674347,False,view_gap,2.2829217459905458,2.2899313121529374,0.9630625837351188,0.9993888265083625
v,969,969,2.333215164382957,False,T0_raw,172.4260062057874,3.5354452360568986,,
v,969,969,2.333215164382957,False,oracle,138.4526820814665,3.320206872038188,,
v,969,969,2.333215164382957,False,est_gtstart,140.89467201413112,3.4921882845625043,,
v,969,969,2.333215164382957,False,est_warmstart,142.21822384302294,3.1134634476037593,,
v,969,969,2.333215164382957,False,view_gap,2.2957379932703916,3.1444683974353183,0.9695595566968308,0.9994684038353133
v,970,970,2.3419595082788547,False,T0_raw,178.77266068959025,3.5793180377935965,,
v,970,970,2.3419595082788547,False,oracle,146.98836243804288,3.396171261647504,,
v,970,970,2.3419595082788547,False,est_gtstart,143.22253261114258,3.5336004613513756,,
v,970,970,2.3419595082788547,False,est_warmstart,144.57644403967524,3.188031956021573,,
v,970,970,2.3419595082788547,False,view_gap,2.3821203976751044,3.2268050352577404,0.9821419024685845,0.9991544041911169
v,971,971,2.350649082151121,False,T0_raw,175.08008152696445,3.115833145217855,,
v,971,971,2.350649082151121,False,oracle,146.0500483387099,3.4189169343491432,,
v,971,971,2.350649082151121,False,est_gtstart,146.2141713185384,3.4021475004241566,,
v,971,971,2.350649082151121,False,est_warmstart,147.02555780712714,3.0859587446856738,,
v,971,971,2.350649082151121,False,view_gap,2.335476560366971,1.6276858232897595,0.9999890919209146,0.9999993404238378
v,972,972,2.359264403934812,False,T0_raw,176.0527492536296,3.7988384425352963,,
v,972,972,2.359264403934812,False,oracle,142.35369780408195,3.3156772500582434,,
v,972,972,2.359264403934812,False,est_gtstart,145.05537344137778,3.4251580011277816,,
v,972,972,2.359264403934812,False,est_warmstart,146.3299286514659,3.3873588960268814,,
v,972,972,2.359264403934812,False,view_gap,2.3463847966635862,7.846379005489901,0.9906910531884116,0.9996888399031277
v,973,973,2.3677863118713165,False,T0_raw,175.0571724833957,3.2976805287258046,,
v,973,973,2.3677863118713165,False,oracle,138.8361701139112,2.6499408878723982,,
v,973,973,2.3677863118713165,False,est_gtstart,142.30052228296077,2.953792428093754,,
v,973,973,2.3677863118713165,False,est_warmstart,142.87206824140853,2.732357463421905,,
v,973,973,2.3677863118713165,False,view_gap,2.338730019831247,1.986825892598354,0.9908004478399728,0.9990354903058405
v,974,974,2.376198757851195,False,T0_raw,177.5142036502157,3.082436826592399,,
v,974,974,2.376198757851195,False,oracle,146.7797151648703,2.655773768068378,,
v,974,974,2.376198757851195,False,est_gtstart,143.91880058507556,2.871160048829112,,
v,974,974,2.376198757851195,False,est_warmstart,144.87465295107333,2.5044311403796407,,
v,974,974,2.376198757851195,False,view_gap,2.37434571057343,0.8467379732275404,0.990715573954648,0.9995894841164066
v,975,975,2.384495557213624,False,T0_raw,174.71150703168033,3.2964118153717283,,
v,975,975,2.384495557213624,False,oracle,143.60714867817094,2.8892960908104834,,
v,975,975,2.384495557213624,False,est_gtstart,143.78593353203456,2.8913412440122164,,
v,975,975,2.384495557213624,False,est_warmstart,144.15791377911185,2.6882944122666297,,
v,975,975,2.384495557213624,False,view_gap,2.3387314187403496,6.146683227753691,0.9999949623803301,0.9999996266691393
v,976,976,2.392667312238532,False,T0_raw,171.29754341890805,3.144451541508343,,
v,976,976,2.392667312238532,False,oracle,132.82422919279446,2.72467151976762,,
v,976,976,2.392667312238532,False,est_gtstart,136.2628310167645,2.9630813861214436,,
v,976,976,2.392667312238532,False,est_warmstart,137.0601983317904,2.740244214766908,,
v,976,976,2.392667312238532,False,view_gap,2.295083020169157,3.475509246550601,0.8840246159326446,0.9994474614779842
v,977,977,2.4006975449759,False,T0_raw,172.56719273231204,2.984849486123751,,
v,977,977,2.4006975449759,False,oracle,132.6856586452269,2.7690956346728677,,
v,977,977,2.4006975449759,False,est_gtstart,137.12918919048144,2.993107128238368,,
v,977,977,2.4006975449759,False,est_warmstart,136.56499470351906,2.6269627952221675,,
v,977,977,2.4006975449759,False,view_gap,2.3138860285570737,2.1917054612146103,0.8844246219060043,0.9996927950524283
v,978,978,2.4085697795979555,False,T0_raw,168.0853891112228,2.840197961734502,,
v,978,978,2.4085697795979555,False,oracle,127.88105450402135,2.935910959146227,,
v,978,978,2.4085697795979555,False,est_gtstart,127.99610883161789,2.9415196352179023,,
v,978,978,2.4085697795979555,False,est_warmstart,129.13931072777137,2.6716003215728716,,
v,978,978,2.4085697795979555,False,view_gap,2.2556287071105405,3.3930097205381315,0.999999995776869,0.9999998414755578
v,979,979,2.4162627158176924,False,T0_raw,166.88978970762537,3.038388751237673,,
v,979,979,2.4162627158176924,False,oracle,122.6961840227846,2.950146459431278,,
v,979,979,2.4162627158176924,False,est_gtstart,125.61622346198995,3.0729281417350527,,
v,979,979,2.4162627158176924,False,est_warmstart,126.1221934703009,2.8562031376242,,
v,979,979,2.4162627158176924,False,view_gap,2.2403466019149265,1.7738019553439344,0.9999876069920071,0.99946211849447
v,980,980,2.423762943758197,False,T0_raw,167.2874129132573,3.0438016613297347,,
v,980,980,2.423762943758197,False,oracle,128.91413523264814,2.915109440824935,,
v,980,980,2.423762943758197,False,est_gtstart,131.34079224209935,3.087558542253973,,
v,980,980,2.423762943758197,False,est_warmstart,131.91471251047975,2.7886465733883004,,
v,980,980,2.423762943758197,False,view_gap,2.247258697454921,2.2872771345952003,0.9999884399186343,0.9994325634194726
v,981,981,2.4310529782804506,False,T0_raw,165.5650447514995,2.6736651158677387,,
v,981,981,2.4310529782804506,False,oracle,126.84901270579685,2.7093112064812135,,
v,981,981,2.4310529782804506,False,est_gtstart,127.08637179122925,2.7057699505229658,,
v,981,981,2.4310529782804506,False,est_warmstart,127.08268381989477,2.555036416927932,,
v,981,981,2.4310529782804506,False,view_gap,2.227063772536348,4.311460130117517,0.9999999987870563,0.9999997368162705
v,982,982,2.4334062088452457,False,T0_raw,163.4216229419427,2.671335480526303,,
v,982,982,2.4334062088452457,False,oracle,123.11399878937216,2.7973762748617266,,
v,982,982,2.4334062088452457,False,est_gtstart,123.19724435949155,2.7986349611612464,,
v,982,982,2.4334062088452457,False,est_warmstart,123.76357735257413,2.682753963902637,,
v,982,982,2.4334062088452457,False,view_gap,2.1998738929699635,1.360160917531772,0.999999998825568,0.9999998396051473
v,983,983,2.4318771450131154,False,T0_raw,169.41089422470577,2.659971945323805,,
v,983,983,2.4318771450131154,False,oracle,123.64452539659118,2.468701500668097,,
v,983,983,2.4318771450131154,False,est_gtstart,128.00673416026095,2.528264539946518,,
v,983,983,2.4318771450131154,False,est_warmstart,128.9667702020093,2.245279762552909,,
v,983,983,2.4318771450131154,False,view_gap,2.2824459895837745,4.136042730213063,0.9999998780759456,0.9992845883153236
v,984,984,2.4300820433472627,False,T0_raw,172.07184537576956,3.178235551391984,,
v,984,984,2.4300820433472627,False,oracle,132.90794852861126,2.751041915352609,,
v,984,984,2.4300820433472627,False,est_gtstart,136.8129079216589,2.824326517455163,,
v,984,984,2.4300820433472627,False,est_warmstart,137.9272493731891,2.611080472055233,,
v,984,984,2.4300820433472627,False,view_gap,2.3194771095794753,0.7046934055896514,0.9999983556862261,0.9996964206388884
v,985,985,2.428541113808632,False,T0_raw,171.9390781183521,2.78281901611529,,
v,985,985,2.428541113808632,False,oracle,130.76592148992697,2.016806004155893,,
v,985,985,2.428541113808632,False,est_gtstart,130.85901313687197,2.0208934375220857,,
v,985,985,2.428541113808632,False,est_warmstart,131.00152836646518,1.850162885477013,,
v,985,985,2.428541113808632,False,view_gap,2.3191056790976337,1.8058400786484796,0.9999999994576566,0.999999800747046
v,986,986,2.427261132669837,False,T0_raw,173.38040781017338,2.7767553279727437,,
v,986,986,2.427261132669837,False,oracle,132.99197439584458,1.8682390592362996,,
v,986,986,2.427261132669837,False,est_gtstart,133.0779208622259,1.870389448568296,,
v,986,986,2.427261132669837,False,est_warmstart,134.04953076851706,1.550189983923899,,
v,986,986,2.427261132669837,False,view_gap,2.3395326743515032,3.592588083700221,0.9999999994856325,0.9999999513790754
v,987,987,2.4253903376955592,False,T0_raw,176.76127442448603,2.840901715025283,,
v,987,987,2.4253903376955592,False,oracle,129.43730285845447,1.3523458922658917,,
v,987,987,2.4253903376955592,False,est_gtstart,133.86034015355145,1.618785147106243,,
v,987,987,2.4253903376955592,False,est_warmstart,133.73360392951105,1.2892782885562029,,
v,987,987,2.4253903376955592,False,view_gap,2.3823707178491733,9.586520150851818,0.9999964065574194,0.999637057294901
v,988,988,2.423603266993722,False,T0_raw,176.14731099568903,2.5035656292662107,,
v,988,988,2.423603266993722,False,oracle,127.13891959879689,1.3196688968216708,,
v,988,988,2.423603266993722,False,est_gtstart,135.85358139963282,1.2408692405873645,,
v,988,988,2.423603266993722,False,est_warmstart,136.09124427393684,0.8205694504591877,,
v,988,988,2.423603266993722,False,view_gap,2.377133596953856,8.38267513959945,0.9999838173437443,0.9998961089640944
v,989,989,2.4220679340194597,False,T0_raw,177.4594091848755,2.623087224532977,,
v,989,989,2.4220679340194597,False,oracle,133.1059631458557,0.7741316325286077,,
v,989,989,2.4220679340194597,False,est_gtstart,133.18583038835314,0.7807851625899799,,
v,989,989,2.4220679340194597,False,est_warmstart,133.0230200197732,0.29949145590997817,,
v,989,989,2.4220679340194597,False,view_gap,2.3977526329834893,7.296298055293526,0.9999999997745777,0.9999999655956189
v,990,990,2.420590767152388,False,T0_raw,174.38726122388005,2.484625063663758,,
v,990,990,2.420590767152388,False,oracle,111.24967509472503,2.297113053916944,,
v,990,990,2.420590767152388,False,est_gtstart,111.28470907429856,2.2937825802043603,,
v,990,990,2.420590767152388,False,est_warmstart,111.79776683384108,2.4186048062412913,,
v,990,990,2.420590767152388,False,view_gap,2.358020094477588,7.325278954187553,0.9999999997992864,0.9999999014188894
v,991,991,2.4187884554545462,False,T0_raw,177.12212782534084,3.1648568350987953,,
v,991,991,2.4187884554545462,False,oracle,109.03416181762097,2.083555340083757,,
v,991,991,2.4187884554545462,False,est_gtstart,112.83945161429868,1.8973279410346433,,
v,991,991,2.4187884554545462,False,est_warmstart,112.70703234360788,2.2181361494696676,,
v,991,991,2.4187884554545462,False,view_gap,2.399542586191458,3.689463077560795,0.9999964282004818,0.9999096763123683
v,992,992,2.4172305141555888,False,T0_raw,175.07568083244547,2.6242925811036906,,
v,992,992,2.4172305141555888,False,oracle,110.30548106335863,1.9443577851026368,,
v,992,992,2.4172305141555888,False,est_gtstart,117.6297615154782,1.7550850335722568,,
v,992,992,2.4172305141555888,False,est_warmstart,117.75670081207024,1.9015368790705525,,
v,992,992,2.4172305141555888,False,view_gap,2.3684910120173237,10.072397191562388,0.9999883406116555,0.9996606313752482
v,993,993,2.415795394190006,False,T0_raw,178.31285192353087,3.22676347994958,,
v,993,993,2.415795394190006,False,oracle,115.06138478694342,2.189155936694009,,
v,993,993,2.415795394190006,False,est_gtstart,115.06066071941949,2.1895030521363985,,
v,993,993,2.415795394190006,False,est_warmstart,117.32615332680722,2.657014227879874,,
v,993,993,2.415795394190006,False,view_gap,2.4155184265962713,8.901729256954205,0.9999999998378396,0.9999999999001208
v,994,994,2.413966477547504,False,T0_raw,179.80979352960063,2.604033184902002,,
v,994,994,2.413966477547504,False,oracle,130.43268856096333,9.963377874110169,,
v,994,994,2.413966477547504,False,est_gtstart,130.44010025519148,9.958125592645864,,
v,994,994,2.413966477547504,False,est_warmstart,130.28889559988417,10.54750599712935,,
v,994,994,2.413966477547504,False,view_gap,2.4387482530439804,7.84317883767649,0.9999999998834254,0.9999999972545994
v,995,995,2.4123928211231056,False,T0_raw,175.15469673657734,3.0438980802813864,,
v,995,995,2.4123928211231056,False,oracle,116.1019442264798,1.4087693592808848,,
v,995,995,2.4123928211231056,False,est_gtstart,116.09893221899543,1.4086410486144094,,
v,995,995,2.4123928211231056,False,est_warmstart,116.13538282810683,1.4878420433961135,,
v,995,995,2.4123928211231056,False,view_gap,2.376637890834025,8.626032966385644,0.999999999876253,0.9999999977940427
v,996,996,2.411068645383433,False,T0_raw,174.9867961506766,2.927168998502774,,
v,996,996,2.411068645383433,False,oracle,125.82119157815575,1.2791482951073312,,
v,996,996,2.411068645383433,False,est_gtstart,125.83553855072546,1.2786361268894997,,
v,996,996,2.411068645383433,False,est_warmstart,126.38603758224637,1.3641495051827546,,
v,996,996,2.411068645383433,False,view_gap,2.376630837487004,8.188212517924676,0.9999999993715466,0.9999999736481073
v,997,997,2.4093563623317715,False,T0_raw,176.25129694287278,2.85855732585177,,
v,997,997,2.4093563623317715,False,oracle,122.20745821873355,1.8195469014331807,,
v,997,997,2.4093563623317715,False,est_gtstart,122.2239627059565,1.8202014483366438,,
v,997,997,2.4093563623317715,False,est_warmstart,122.81465884990583,1.9379685125359454,,
v,997,997,2.4093563623317715,False,view_gap,2.3920764907277405,11.651723732347463,0.9999999994148003,0.9999999997306702
v,998,998,2.407488941450842,False,T0_raw,173.61767382434937,2.3249599643310015,,
v,998,998,2.407488941450842,False,oracle,120.40451737896313,1.0216827464349303,,
v,998,998,2.407488941450842,False,est_gtstart,125.7964748148209,0.8548955828872105,,
v,998,998,2.407488941450842,False,est_warmstart,125.98691539928878,0.9757103035752576,,
v,998,998,2.407488941450842,False,view_gap,2.36054373412549,9.35075880974523,0.9999611732539588,0.9995504107728042
v,999,999,2.4058743822505084,False,T0_raw,172.62024337898782,2.9719253186913472,,
v,999,999,2.4058743822505084,False,oracle,122.51977377387966,1.1860567632824057,,
v,999,999,2.4058743822505084,False,est_gtstart,122.53332351591189,1.1883992164987014,,
v,999,999,2.4058743822505084,False,est_warmstart,122.61439511661524,1.1801518086808958,,
v,999,999,2.4058743822505084,False,view_gap,2.345199743444356,12.47298204392333,0.9999999984818969,0.9999999994957579
v,1000,1000,2.4044563400641246,False,T0_raw,171.63340424664304,2.269204698640674,,
v,1000,1000,2.4044563400641246,False,oracle,124.14297329387419,0.945130680651176,,
v,1000,1000,2.4044563400641246,False,est_gtstart,124.1412258181716,0.9419456757166477,,
v,1000,1000,2.4044563400641246,False,est_warmstart,124.17961993314569,0.9017637445920357,,
v,1000,1000,2.4044563400641246,False,view_gap,2.3336993667011643,12.351557155918513,0.9999999983092737,0.9999999021937698
v,1001,1001,2.402590627040347,False,T0_raw,170.6825292524559,2.169106069500899,,
v,1001,1001,2.402590627040347,False,oracle,117.31732923800811,0.9369298501795685,,
v,1001,1001,2.402590627040347,False,est_gtstart,122.61585471567057,0.7018675508815044,,
v,1001,1001,2.402590627040347,False,est_warmstart,122.7986911929322,0.8299149212582053,,
v,1001,1001,2.402590627040347,False,view_gap,2.3250175927550107,10.237714351740479,0.9999456497353608,0.9989650609958711
v,1002,1002,2.400974829601003,False,T0_raw,169.23935384764172,2.00203259819431,,
v,1002,1002,2.400974829601003,False,oracle,119.48163736978293,4.2287104199904855,,
v,1002,1002,2.400974829601003,False,est_gtstart,119.53213498640386,4.21255248918224,,
v,1002,1002,2.400974829601003,False,est_warmstart,119.21176042018465,4.61669479087843,,
v,1002,1002,2.400974829601003,False,view_gap,2.3032593924008555,13.35395412668916,0.9999999970990848,0.9999999438727962
v,1003,1003,2.3995464642037487,False,T0_raw,171.98345500190084,1.9888948577392194,,
v,1003,1003,2.3995464642037487,False,oracle,121.97718714479326,1.2784886201301728,,
v,1003,1003,2.3995464642037487,False,est_gtstart,127.21131786570928,1.1023562790521024,,
v,1003,1003,2.3995464642037487,False,est_warmstart,127.21815617441703,1.336534636256561,,
v,1003,1003,2.3995464642037487,False,view_gap,2.343633867747371,12.630578526375835,0.997479662287718,0.9991343831424363
v,1004,1004,2.3976756872829075,False,T0_raw,170.22697937024057,2.1771473994795745,,
v,1004,1004,2.3976756872829075,False,oracle,123.78132403738515,0.9521925260746986,,
v,1004,1004,2.3976756872829075,False,est_gtstart,123.81262842662488,0.95119741043026,,
v,1004,1004,2.3976756872829075,False,est_warmstart,124.01779263674298,0.8644384554718834,,
v,1004,1004,2.3976756872829075,False,view_gap,2.329009787136087,4.871143112339382,0.9999999331435104,0.9999999986810834
v,1005,1005,2.396056529403043,False,T0_raw,169.93817312401615,2.7662541112241916,,
v,1005,1005,2.396056529403043,False,oracle,124.55482516882539,1.5961667518122693,,
v,1005,1005,2.396056529403043,False,est_gtstart,124.60141628103786,1.598605268754286,,
v,1005,1005,2.396056529403043,False,est_warmstart,123.96980275343978,1.567055558729558,,
v,1005,1005,2.396056529403043,False,view_gap,2.3290712589583618,0.4228668163168692,0.9999999234746674,0.9999999865861542
v,1006,1006,2.3946598075195604,False,T0_raw,168.3602681798137,2.627152695356019,,
v,1006,1006,2.3946598075195604,False,oracle,117.28701304227118,2.115953176081178,,
v,1006,1006,2.3946598075195604,False,est_gtstart,121.59079958195659,2.0856783287922407,,
v,1006,1006,2.3946598075195604,False,est_warmstart,121.74717052016709,2.0124456072249735,,
v,1006,1006,2.3946598075195604,False,view_gap,2.309833275951919,2.673408657787313,0.9997867129747107,0.9990073311080486
v,1007,1007,2.392782388962974,False,T0_raw,170.28841323648794,2.5372471428204593,,
v,1007,1007,2.392782388962974,False,oracle,123.58366280787637,1.35813463076921,,
v,1007,1007,2.392782388962974,False,est_gtstart,123.63753166602856,1.3561001098194845,,
v,1007,1007,2.392782388962974,False,est_warmstart,123.80741980312256,1.2305342578962108,,
v,1007,1007,2.392782388962974,False,view_gap,2.338157844382888,4.066250893450807,0.9999998862311305,0.9999999863141629
v,1008,1008,2.391158326152791,False,T0_raw,173.7646998827621,3.8484045935451463,,
v,1008,1008,2.391158326152791,False,oracle,123.34746975158589,2.384213080146581,,
v,1008,1008,2.391158326152791,False,est_gtstart,123.38799674400917,2.38445908569231,,
v,1008,1008,2.391158326152791,False,est_warmstart,123.88695659042581,2.5128700879354566,,
v,1008,1008,2.391158326152791,False,view_gap,2.385916638354874,3.3138755934363218,0.9999998654834444,0.9999999684732046
v,1009,1009,2.3897876005379644,False,T0_raw,172.74394906572144,3.496010241918616,,
v,1009,1009,2.3897876005379644,False,oracle,117.26319105533983,1.9301723949870366,,
v,1009,1009,2.3897876005379644,False,est_gtstart,120.68901469582461,1.779986651338327,,
v,1009,1009,2.3897876005379644,False,est_warmstart,120.81034255061151,1.867953869836171,,
v,1009,1009,2.3897876005379644,False,view_gap,2.372885657785073,4.767240315763921,0.9945553378015458,0.9994631276897173
v,1010,1010,2.3878993875564087,False,T0_raw,175.96586865075182,3.322361370674654,,
v,1010,1010,2.3878993875564087,False,oracle,119.29319518144955,1.6187719961637208,,
v,1010,1010,2.3878993875564087,False,est_gtstart,123.3361436017173,1.414382461711106,,
v,1010,1010,2.3878993875564087,False,est_warmstart,124.50392851727553,1.4005870894413575,,
v,1010,1010,2.3878993875564087,False,view_gap,2.4216741456843107,1.2634478000626004,0.9945251309699379,0.9993243201071421
v,1011,1011,2.3862654620842254,False,T0_raw,175.7641224083512,3.8207503365704683,,
v,1011,1011,2.3862654620842254,False,oracle,118.10567839799997,2.706655147814481,,
v,1011,1011,2.3862654620842254,False,est_gtstart,118.13422429190337,2.703977065687652,,
v,1011,1011,2.3862654620842254,False,est_warmstart,118.68996124960327,3.0079142589594174,,
v,1011,1011,2.3862654620842254,False,view_gap,2.4179422997472937,5.18949021312487,0.9999994480543986,0.9999997163671945
v,1012,1012,2.3848935877620336,False,T0_raw,175.3577646065685,2.889035860755594,,
v,1012,1012,2.3848935877620336,False,oracle,124.02418670953439,4.421682367966024,,
v,1012,1012,2.3848935877620336,False,est_gtstart,128.3180210735765,4.244881757427179,,
v,1012,1012,2.3848935877620336,False,est_warmstart,130.8007639862701,3.987936453454817,,
v,1012,1012,2.3848935877620336,False,view_gap,2.407076199749238,12.482496108982666,0.9999720789658847,0.9998688825082317
v,1013,1013,2.383011329424973,False,T0_raw,176.8084259120338,2.233418670627526,,
v,1013,1013,2.383011329424973,False,oracle,124.91774451772795,6.107569316007604,,
v,1013,1013,2.383011329424973,False,est_gtstart,128.51017758563253,6.00300328307371,,
v,1013,1013,2.383011329424973,False,est_warmstart,131.06380774105565,5.546794009324235,,
v,1013,1013,2.383011329424973,False,view_gap,2.4315580595256137,10.338154745978656,0.9999717210996686,0.9998981713445829
v,1014,1014,2.3813797585634804,False,T0_raw,186.82334171751089,7.9681179855758,,
v,1014,1014,2.3813797585634804,False,oracle,131.51696665519833,2.3785313069069347,,
v,1014,1014,2.3813797585634804,False,est_gtstart,131.7284818597671,2.384333351957885,,
v,1014,1014,2.3813797585634804,False,est_warmstart,131.88735525851826,2.3669387979138556,,
v,1014,1014,2.3813797585634804,False,view_gap,2.548200415027861,24.957967609192444,0.9999993375561428,0.9999999377115086
v,1015,1015,2.380008835168359,False,T0_raw,187.88963122321576,6.839746600011069,,
v,1015,1015,2.380008835168359,False,oracle,127.10262221375108,3.1876686092746813,,
v,1015,1015,2.380008835168359,False,est_gtstart,131.64841927186603,14.91212645270191,,
v,1015,1015,2.380008835168359,False,est_warmstart,118.10886012893637,24.71841900766084,,
v,1015,1015,2.380008835168359,False,view_gap,2.5816606644612574,15.79378677838772,0.7312237027525125,0.8743923439272904
v,1016,1016,2.3781283404738978,False,T0_raw,186.3426282453618,6.707346808235088,,
v,1016,1016,2.3781283404738978,False,oracle,129.51302380984473,4.202453350871958,,
v,1016,1016,2.3781283404738978,False,est_gtstart,118.78179503849046,14.882646567960064,,
v,1016,1016,2.3781283404738978,False,est_warmstart,112.81420776144665,20.256869516931474,,
v,1016,1016,2.3781283404738978,False,view_gap,2.573113055399791,6.15744526570694,0.7317075264687157,0.9032585881331932
v,1017,1017,2.3764809905788424,False,T0_raw,178.69881534612287,3.6788110743604427,,
v,1017,1017,2.3764809905788424,False,oracle,112.21112042946172,2.1906126237961265,,
v,1017,1017,2.3764809905788424,False,est_gtstart,112.26111114892997,2.1911952497507587,,
v,1017,1017,2.3764809905788424,False,est_warmstart,115.78858386242204,2.585661441966593,,
v,1017,1017,2.3764809905788424,False,view_gap,2.4730395505340264,6.292292033974078,0.9999998669084634,0.9999999515420009
v,1018,1018,2.3750998987855305,False,T0_raw,178.92951529546815,3.41533700219854,,
v,1018,1018,2.3750998987855305,False,oracle,109.48964734148974,3.348708498847205,,
v,1018,1018,2.3750998987855305,False,est_gtstart,109.57083747261768,3.3579688256439946,,
v,1018,1018,2.3750998987855305,False,est_warmstart,112.03424465922564,4.109535987726689,,
v,1018,1018,2.3750998987855305,False,view_gap,2.4782204218997395,1.4917214006358037,0.9999998681338751,0.9999999247842158
v,1019,1019,2.373251315331102,False,T0_raw,181.59949131766285,3.3484471938114484,,
v,1019,1019,2.373251315331102,False,oracle,118.98907709816844,0.7521242553869711,,
v,1019,1019,2.373251315331102,False,est_gtstart,122.6885023189981,1.0331318999448955,,
v,1019,1019,2.373251315331102,False,est_warmstart,124.24735426167963,1.5814479111524478,,
v,1019,1019,2.373251315331102,False,view_gap,2.5174299827781916,3.1173308046792414,0.9997110100347161,0.9999593022492426
v,1020,1020,2.3716006204162086,False,T0_raw,175.96198376071246,2.6897817381367077,,
v,1020,1020,2.3716006204162086,False,oracle,110.22052051426492,1.8664046073185907,,
v,1020,1020,2.3716006204162086,False,est_gtstart,115.0103719508842,1.9979857544069657,,
v,1020,1020,2.3716006204162086,False,est_warmstart,115.36023235016886,2.1915052577004843,,
v,1020,1020,2.3716006204162086,False,view_gap,2.439761120248754,2.31456678173636,0.9997124995468964,0.9996243929845915
v,1021,1021,2.370211987596079,False,T0_raw,174.51055249257595,2.872705573844586,,
v,1021,1021,2.370211987596079,False,oracle,112.30787431412482,1.498106919071262,,
v,1021,1021,2.370211987596079,False,est_gtstart,117.05557375780172,1.597324841566443,,
v,1021,1021,2.370211987596079,False,est_warmstart,117.0719027706339,1.8627859161719884,,
v,1021,1021,2.370211987596079,False,view_gap,2.421334705858018,2.773129136961927,0.9996505284198357,0.9995464333842359
v,1022,1022,2.3683900723821134,False,T0_raw,175.0950476641595,2.955827206537164,,
v,1022,1022,2.3683900723821134,False,oracle,108.46234082219976,2.7606541708841656,,
v,1022,1022,2.3683900723821134,False,est_gtstart,117.65287729004791,2.7289155780526366,,
v,1022,1022,2.3683900723821134,False,est_warmstart,119.19276251227134,2.474676821955334,,
v,1022,1022,2.3683900723821134,False,view_gap,2.4326811982661365,0.6518906341383968,0.9996515851033302,0.9993992762454315
v,1023,1023,2.366720364456983,False,T0_raw,170.24960377171215,2.2760280861610487,,
v,1023,1023,2.366720364456983,False,oracle,108.82186338812512,3.027176508757598,,
v,1023,1023,2.366720364456983,False,est_gtstart,108.87779114032922,3.025461770511644,,
v,1023,1023,2.366720364456983,False,est_warmstart,109.38301183634027,2.9677621416458164,,
v,1023,1023,2.366720364456983,False,view_gap,2.367542916808417,2.780045890144578,0.9999999289371454,0.9999999985083641
v,1024,1024,2.365126184629862,False,T0_raw,167.09395091160576,2.2091529355137705,,
v,1024,1024,2.365126184629862,False,oracle,103.46202653593087,4.013373820796529,,
v,1024,1024,2.365126184629862,False,est_gtstart,103.51938726032414,4.015740349949677,,
v,1024,1024,2.365126184629862,False,est_warmstart,105.39154333704775,2.801551464379396,,
v,1024,1024,2.365126184629862,False,view_gap,2.325369495459361,1.5835898901137568,0.9999999323341815,0.9999999666908542
v,1025,1025,2.3634644106502405,False,T0_raw,171.15476561666063,2.260453241486268,,
v,1025,1025,2.3634644106502405,False,oracle,104.4937170439184,5.3535829198230696,,
v,1025,1025,2.3634644106502405,False,est_gtstart,108.78252995649369,5.3631790809966065,,
v,1025,1025,2.3634644106502405,False,est_warmstart,109.26652385645077,5.2351908264535725,,
v,1025,1025,2.3634644106502405,False,view_gap,2.3839476742914285,4.22146303953852,0.9996584089746475,0.9999761409243719
v,1026,1026,2.362076614642183,False,T0_raw,169.80684841432685,1.932193618617367,,
v,1026,1026,2.362076614642183,False,oracle,101.2721337642215,4.723200551243462,,
v,1026,1026,2.362076614642183,False,est_gtstart,101.3109194284909,4.733035333301123,,
v,1026,1026,2.362076614642183,False,est_warmstart,101.3099180186307,4.886688007614709,,
v,1026,1026,2.362076614642183,False,view_gap,2.367087698700742,3.2169793700296268,0.9999999316722196,0.9999999558915832
v,1027,1027,2.360286089784802,False,T0_raw,167.75387281990024,1.1010254790673477,,
v,1027,1027,2.360286089784802,False,oracle,92.17242715646182,5.216826265757011,,
v,1027,1027,2.360286089784802,False,est_gtstart,92.22056808761594,5.220554938950036,,
v,1027,1027,2.360286089784802,False,est_warmstart,92.24119783361347,5.397440612047509,,
v,1027,1027,2.360286089784802,False,view_gap,2.3386980896383776,2.8809950013419794,0.9999999340106371,0.9999999190522452
v,1028,1028,2.3586375688046393,False,T0_raw,179.94888179491554,2.4469484380222473,,
v,1028,1028,2.3586375688046393,False,oracle,105.83747871884127,7.049379746130596,,
v,1028,1028,2.3586375688046393,False,est_gtstart,111.05200723745743,7.029219932753282,,
v,1028,1028,2.3586375688046393,False,est_warmstart,111.19289331776885,7.0736125115849005,,
v,1028,1028,2.3586375688046393,False,view_gap,2.511818157283999,0.6491674510344936,0.9994452311838824,0.9998865298008237
v,1029,1029,2.3572567699069076,False,T0_raw,170.94214467072337,1.355319273287261,,
v,1029,1029,2.3572567699069076,False,oracle,102.62208477327,5.754841685532067,,
v,1029,1029,2.3572567699069076,False,est_gtstart,102.68572505069575,5.753594242912322,,
v,1029,1029,2.3572567699069076,False,est_warmstart,102.43158246299306,6.050144358337106,,
v,1029,1029,2.3572567699069076,False,view_gap,2.382485760859603,8.823898007025655,0.9999999374148316,0.9999999959745418
v,1030,1030,2.35551773489852,False,T0_raw,174.35785381053375,1.2933478078877536,,
v,1030,1030,2.35551773489852,False,oracle,105.62856250375832,5.368439472867895,,
v,1030,1030,2.35551773489852,False,est_gtstart,105.70945912835904,5.367247281420597,,
v,1030,1030,2.35551773489852,False,est_warmstart,106.30209199168698,5.409077971710613,,
v,1030,1030,2.35551773489852,False,view_gap,2.437502858079521,1.292388814566614,0.9999999320026719,0.9999999966744599
v,1031,1031,2.3538710624168964,False,T0_raw,174.19216513209187,3.1617972359456163,,
v,1031,1031,2.3538710624168964,False,oracle,112.75844020559941,12.749954993315736,,
v,1031,1031,2.3538710624168964,False,est_gtstart,118.80532374978662,12.596132186967115,,
v,1031,1031,2.3538710624168964,False,est_warmstart,117.84057017476486,13.714552385520822,,
v,1031,1031,2.3538710624168964,False,view_gap,2.4280031577842163,12.225787461852988,0.9994703788935587,0.9994942945241083
v,1032,1032,2.3524921338506966,False,T0_raw,170.28464446313242,1.028179688677967,,
v,1032,1032,2.3524921338506966,False,oracle,102.23602911861363,4.022720180094304,,
v,1032,1032,2.3524921338506966,False,est_gtstart,102.34048680698778,4.022289535829727,,
v,1032,1032,2.3524921338506966,False,est_warmstart,102.53671248826667,4.34467526171448,,
v,1032,1032,2.3524921338506966,False,view_gap,2.3838520315440483,2.643822285183006,0.9999999451665913,0.9999999133144243
v,1033,1033,2.35081553315293,False,T0_raw,169.43489714016226,1.4277963603201562,,
v,1033,1033,2.35081553315293,False,oracle,98.82775036657628,2.512258132453211,,
v,1033,1033,2.35081553315293,False,est_gtstart,98.92509209327119,2.504681020792781,,
v,1033,1033,2.35081553315293,False,est_warmstart,99.23497734241109,3.112985953420009,,
v,1033,1033,2.35081553315293,False,view_gap,2.3750778797013083,0.42379592692931567,0.9999999428185671,0.999999893084533
v,1034,1034,2.3491653766645233,False,T0_raw,167.65651054431765,1.3409451405770982,,
v,1034,1034,2.3491653766645233,False,oracle,94.11318302118404,3.160636269582422,,
v,1034,1034,2.3491653766645233,False,est_gtstart,94.20662813129861,3.154608304947747,,
v,1034,1034,2.3491653766645233,False,est_warmstart,93.98405888309068,3.6285850291144266,,
v,1034,1034,2.3491653766645233,False,view_gap,2.351275650086014,1.8934371140453266,0.9999999438415798,0.9999999705255519
v,1035,1035,2.347791641121453,False,T0_raw,168.7150292114647,1.3508841781484116,,
v,1035,1035,2.347791641121453,False,oracle,92.09050193059238,3.557770760199635,,
v,1035,1035,2.347791641121453,False,est_gtstart,92.19016880345514,3.560907112324003,,
v,1035,1035,2.347791641121453,False,est_warmstart,92.06421524126034,3.8967925176933984,,
v,1035,1035,2.347791641121453,False,view_gap,2.3690720160054437,1.1674336361622295,0.9999999433013382,0.9999999160936901
v,1036,1036,2.346204905106015,False,T0_raw,168.22004363644,1.2169032600531167,,
v,1036,1036,2.346204905106015,False,oracle,90.6736235511261,4.091402236382966,,
v,1036,1036,2.346204905106015,False,est_gtstart,90.71976439446897,4.090355607226842,,
v,1036,1036,2.346204905106015,False,est_warmstart,90.62381862674478,4.472982543938792,,
v,1036,1036,2.346204905106015,False,view_gap,2.3625488472729486,3.038188350592108,0.9999999459152614,0.9999998698257729
v,1037,1037,2.3445687119663954,False,T0_raw,169.95871840890715,1.9204400337160328,,
v,1037,1037,2.3445687119663954,False,oracle,82.9748521487725,3.7825937907460823,,
v,1037,1037,2.3445687119663954,False,est_gtstart,82.99762513601821,3.7772309613022195,,
v,1037,1037,2.3445687119663954,False,est_warmstart,83.10987592190207,4.210974117592599,,
v,1037,1037,2.3445687119663954,False,view_gap,2.389756216607837,1.4113438791358845,0.9999999464157758,0.9999986234787376
v,1038,1038,2.343205710751313,False,T0_raw,166.3276570038054,1.5827951349627434,,
v,1038,1038,2.343205710751313,False,oracle,79.82455989799317,3.5014364159582163,,
v,1038,1038,2.343205710751313,False,est_gtstart,79.85302189515053,3.4967764246414177,,
v,1038,1038,2.343205710751313,False,est_warmstart,79.7889875542909,4.045265800385138,,
v,1038,1038,2.343205710751313,False,view_gap,2.341237953789455,0.3188407465186671,0.9999999489413045,0.9999997959186164
v,1039,1039,2.3416524116317596,False,T0_raw,195.6953937263444,6.029818488358692,,
v,1039,1039,2.3416524116317596,False,oracle,175.90257169102762,6.035094716689714,,
v,1039,1039,2.3416524116317596,False,est_gtstart,175.9247341728986,6.034557211660064,,
v,1039,1039,2.3416524116317596,False,est_warmstart,174.962209432621,7.320201075103053,,
v,1039,1039,2.3416524116317596,False,view_gap,2.5829823888335843,64.39436074380555,0.9999999420756164,0.9999999527940163
v,1040,1040,2.3400111221512225,False,T0_raw,170.91206148728915,2.17723259753668,,
v,1040,1040,2.3400111221512225,False,oracle,81.68508495357992,2.7400641995615302,,
v,1040,1040,2.3400111221512225,False,est_gtstart,81.72749838367992,2.7404836266582886,,
v,1040,1040,2.3400111221512225,False,est_warmstart,81.8596416681863,3.4333368070620724,,
v,1040,1040,2.3400111221512225,False,view_gap,2.4102657884640832,4.009682590082164,0.9999999495657809,0.9999991727596603
v,1041,1041,2.338634608826445,False,T0_raw,166.01446336833425,1.611833780709114,,
v,1041,1041,2.338634608826445,False,oracle,72.81955099373826,2.868908890344944,,
v,1041,1041,2.338634608826445,False,est_gtstart,72.84683619099523,2.869678355707463,,
v,1041,1041,2.338634608826445,False,est_warmstart,74.60252240209651,3.6878795204537873,,
v,1041,1041,2.338634608826445,False,view_gap,2.340920667877338,10.605777937606753,0.9999999526028692,0.9999998806540453
v,1042,1042,2.3371061335452494,False,T0_raw,167.2301594548599,1.7237743746323821,,
v,1042,1042,2.3371061335452494,False,oracle,69.07304850801243,2.591370706227339,,
v,1042,1042,2.3371061335452494,False,est_gtstart,69.07906597863979,2.5921886876468068,,
v,1042,1042,2.3371061335452494,False,est_warmstart,70.8107961024031,3.46670695895127,,
v,1042,1042,2.3371061335452494,False,view_gap,2.356129117455866,15.495944904735381,0.999999953762791,0.999998650248006
v,1043,1043,2.335451394726081,False,T0_raw,166.72763949138266,1.912398749751734,,
v,1043,1043,2.335451394726081,False,oracle,70.67220636003564,3.08537012789188,,
v,1043,1043,2.335451394726081,False,est_gtstart,70.67264043433279,3.084384680762444,,
v,1043,1043,2.335451394726081,False,est_warmstart,72.24316523744575,3.720598298843788,,
v,1043,1043,2.335451394726081,False,view_gap,2.3470985569629335,18.7919862705348,0.9999999557130334,0.9999996100477625
v,1044,1044,2.334067412019432,False,T0_raw,171.6369712340281,2.114432346001322,,
v,1044,1044,2.334067412019432,False,oracle,71.7385402210445,3.2706193967592534,,
v,1044,1044,2.334067412019432,False,est_gtstart,71.72335876795538,3.2741138933152274,,
v,1044,1044,2.334067412019432,False,est_warmstart,75.03190232668095,3.798026486988641,,
v,1044,1044,2.334067412019432,False,view_gap,2.400139419814541,29.77491232248841,0.9999999571143614,0.9999990514364958
v,1045,1045,2.332589130011861,False,T0_raw,168.3276845780671,2.098190302281247,,
v,1045,1045,2.332589130011861,False,oracle,68.03833055254414,3.1670472630230213,,
v,1045,1045,2.332589130011861,False,est_gtstart,68.03295404731509,3.167848819662943,,
v,1045,1045,2.332589130011861,False,est_warmstart,70.75278091101092,3.694396167673917,,
v,1045,1045,2.332589130011861,False,view_gap,2.354130888245402,29.89434664360413,0.9999999604465295,0.9999998525577252
v,1046,1046,2.330929268176492,False,T0_raw,169.81914944627582,2.044988339176728,,
v,1046,1046,2.330929268176492,False,oracle,68.09021441984568,3.1983659695430036,,
v,1046,1046,2.330929268176492,False,est_gtstart,68.08254607466434,3.198954631760483,,
v,1046,1046,2.330929268176492,False,est_warmstart,70.44553341686019,3.8606071307442296,,
v,1046,1046,2.330929268176492,False,view_gap,2.3754656406463948,30.862890920895225,0.9999999613728404,0.9999996406362566
v,1047,1047,2.3295304674600907,False,T0_raw,170.3676736634967,1.768282569126893,,
v,1047,1047,2.3295304674600907,False,oracle,69.49675556710454,2.336280542033223,,
v,1047,1047,2.3295304674600907,False,est_gtstart,69.47236170891186,2.3380216419181283,,
v,1047,1047,2.3295304674600907,False,est_warmstart,73.02466277967795,2.917661147686844,,
v,1047,1047,2.3295304674600907,False,view_gap,2.3896836379325137,28.95872712333336,0.9999999614140559,0.999999964433651
v,1048,1048,2.3279070631384178,False,T0_raw,172.78781202954184,2.183818440794762,,
v,1048,1048,2.3279070631384178,False,oracle,75.25531544225949,2.3223951943369854,,
v,1048,1048,2.3279070631384178,False,est_gtstart,75.18325278175786,2.3188653049473196,,
v,1048,1048,2.3279070631384178,False,est_warmstart,81.82696880611024,2.338920243194041,,
v,1048,1048,2.3279070631384178,False,view_gap,2.440030760102636,21.543966357044475,0.9999999612419763,0.9999996973863603
v,1049,1049,2.3264849354493777,False,T0_raw,173.94580298309288,2.1083279873666534,,
v,1049,1049,2.3264849354493777,False,oracle,76.03752829635125,1.5621892599502536,,
v,1049,1049,2.3264849354493777,False,est_gtstart,76.02746619338313,1.5623729640301023,,
v,1049,1049,2.3264849354493777,False,est_warmstart,81.62062268814272,2.400402910339867,,
v,1049,1049,2.3264849354493777,False,view_gap,2.4546489811914514,24.10550729452332,0.9999999628673829,0.9999999585959249
v,1050,1050,2.3250378049974123,False,T0_raw,173.08141886921283,2.8112925201165426,,
v,1050,1050,2.3250378049974123,False,oracle,77.67681294321191,2.17457856344862,,
v,1050,1050,2.3250378049974123,False,est_gtstart,77.65220041794403,2.1768976528878468,,
v,1050,1050,2.3250378049974123,False,est_warmstart,83.47467772664355,2.4018211652812607,,
v,1050,1050,2.3250378049974123,False,view_gap,2.4468375909898112,22.523639202879586,0.9999999638695919,0.999999512101445
v,1051,1051,2.3233456526897713,False,T0_raw,172.70962896185762,2.719449626483315,,
v,1051,1051,2.3233456526897713,False,oracle,86.03061528070182,2.4750696693612118,,
v,1051,1051,2.3233456526897713,False,est_gtstart,85.98361336440344,2.4765082239384935,,
v,1051,1051,2.3233456526897713,False,est_warmstart,91.40742614753535,2.53686027644651,,
v,1051,1051,2.3233456526897713,False,view_gap,2.445148235155644,21.47157603965777,0.999999966725342,0.9999997157725492
v,1052,1052,2.3219161637090378,False,T0_raw,173.92700539842076,2.4291807474517007,,
v,1052,1052,2.3219161637090378,False,oracle,85.09578984187868,2.082151533386953,,
v,1052,1052,2.3219161637090378,False,est_gtstart,85.05985728875251,2.0815686362924155,,
v,1052,1052,2.3219161637090378,False,est_warmstart,88.91313981595921,2.2552692265661545,,
v,1052,1052,2.3219161637090378,False,view_gap,2.458538226320728,25.264161195898804,0.999999968332821,0.9999999423678907
v,1053,1053,2.3204980927603933,False,T0_raw,172.3244121739286,2.1454616437384466,,
v,1053,1053,2.3204980927603933,False,oracle,89.23837404100007,1.9150432438031537,,
v,1053,1053,2.3204980927603933,False,est_gtstart,89.20200771513386,1.9151496397489995,,
v,1053,1053,2.3204980927603933,False,est_warmstart,90.97960272086675,1.893071192412048,,
v,1053,1053,2.3204980927603933,False,view_gap,2.4455459059829177,20.172209860095602,0.9999999687847914,0.9999999654352334
v,1054,1054,2.3187769460639154,False,T0_raw,172.4403793558394,3.4115114027427835,,
v,1054,1054,2.3187769460639154,False,oracle,93.70381689511416,2.565426837166109,,
v,1054,1054,2.3187769460639154,False,est_gtstart,93.66270955763514,2.5667601436113716,,
v,1054,1054,2.3187769460639154,False,est_warmstart,96.57720660439107,2.199423473182205,,
v,1054,1054,2.3187769460639154,False,view_gap,2.454915406988646,15.343071619895454,0.9999999697420143,0.9999999959377901
v,1055,1055,2.3173235520910227,False,T0_raw,173.55918597871448,2.0041009148192925,,
v,1055,1055,2.3173235520910227,False,oracle,88.92917891105121,1.208423500593475,,
v,1055,1055,2.3173235520910227,False,est_gtstart,88.88629570146331,1.2090139812769174,,
v,1055,1055,2.3173235520910227,False,est_warmstart,90.27937384101247,1.101948144283859,,
v,1055,1055,2.3173235520910227,False,view_gap,2.468950149703979,18.999237287053994,0.999999970338819,0.999999942860946
v,1056,1056,2.3159467509552853,False,T0_raw,175.77107215478358,2.8436728906697137,,
v,1056,1056,2.3159467509552853,False,oracle,98.54490717111597,2.102273080020285,,
v,1056,1056,2.3159467509552853,False,est_gtstart,98.50581811018756,2.1008408233349014,,
v,1056,1056,2.3159467509552853,False,est_warmstart,100.97241055290318,1.7986637760852202,,
v,1056,1056,2.3159467509552853,False,view_gap,2.5098102109926925,11.619709788981858,0.9999999693927438,0.9999999872701646
v,1057,1057,2.3142241294502224,False,T0_raw,178.96867553537027,3.648314110192295,,
v,1057,1057,2.3142241294502224,False,oracle,112.08328985377811,3.6807501320246745,,
v,1057,1057,2.3142241294502224,False,est_gtstart,112.02786527025025,3.6803657031101915,,
v,1057,1057,2.3142241294502224,False,est_warmstart,115.11090973372488,3.4801139222732584,,
v,1057,1057,2.3142241294502224,False,view_gap,2.5599462908407347,6.172620203443557,0.9999999700334553,0.9999998885677819
v,1058,1058,2.312772324933501,False,T0_raw,183.36487340987162,6.002427067732025,,
v,1058,1058,2.312772324933501,False,oracle,125.64802384704879,9.199751782224556,,
v,1058,1058,2.312772324933501,False,est_gtstart,125.63316079344285,9.20145755415,,
v,1058,1058,2.312772324933501,False,est_warmstart,130.3660722541327,9.073913562074887,,
v,1058,1058,2.312772324933501,False,view_gap,2.6214626019056606,5.661196183765149,0.9999999649579107,0.999999950678487
v,1059,1059,2.3115956681485827,False,T0_raw,187.32283273900882,6.799462559422521,,
v,1059,1059,2.3115956681485827,False,oracle,134.37602608772772,12.198459480750486,,
v,1059,1059,2.3115956681485827,False,est_gtstart,134.36278242297658,12.199972698126626,,
v,1059,1059,2.3115956681485827,False,est_warmstart,139.30011697077111,11.831062847169365,,
v,1059,1059,2.3115956681485827,False,view_gap,2.6711239942067526,14.11807188026426,0.9999999622097584,0.9999998655407106
v,1060,1060,2.3107027274295135,False,T0_raw,194.9691091331066,6.027279975230144,,
v,1060,1060,2.3107027274295135,False,oracle,153.22632281488876,14.915561129608095,,
v,1060,1060,2.3107027274295135,False,est_gtstart,153.18258265193697,14.90925276243272,,
v,1060,1060,2.3107027274295135,False,est_warmstart,154.54481447482655,15.64363231296863,,
v,1060,1060,2.3107027274295135,False,view_gap,2.7797200678582867,16.424761027808543,0.9999999623734902,0.9999999307738414
v,1061,1061,2.3100978589560386,False,T0_raw,165.5678722898528,7.26058416945228,,
v,1061,1061,2.3100978589560386,False,oracle,144.502446997176,14.728832941178654,,
v,1061,1061,2.3100978589560386,False,est_gtstart,144.48911402704573,14.723364212226612,,
v,1061,1061,2.3100978589560386,False,est_warmstart,160.23681785825778,12.726528593194768,,
v,1061,1061,2.3100978589560386,False,view_gap,2.34662165912631,22.71593402458727,0.9999999623549108,0.9999999921885003
v,1062,1062,2.309778626887543,False,T0_raw,188.50966568352783,4.868187298733844,,
v,1062,1062,2.309778626887543,False,oracle,138.70708179920723,8.655918643345595,,
v,1062,1062,2.309778626887543,False,est_gtstart,138.64458111634866,8.655338645103704,,
v,1062,1062,2.309778626887543,False,est_warmstart,143.94855142310766,7.795721618510866,,
v,1062,1062,2.309778626887543,False,view_gap,2.7059990482371985,2.869592038287294,0.9999999726237667,0.9999999796297323
v,1063,1063,2.309745972363088,False,T0_raw,179.5130124756266,2.615075414411885,,
v,1063,1063,2.309745972363088,False,oracle,133.85664809042137,4.44112536201089,,
v,1063,1063,2.309745972363088,False,est_gtstart,133.8111721356301,4.442262927218109,,
v,1063,1063,2.309745972363088,False,est_warmstart,137.19064044454728,3.8517804055556755,,
v,1063,1063,2.309745972363088,False,view_gap,2.580795559829899,2.5979836829592706,0.9999999753851802,0.9999999904746263
v,1064,1064,2.3100090532387805,False,T0_raw,182.1655152233687,2.8390973816496197,,
v,1064,1064,2.3100090532387805,False,oracle,122.9690731672279,2.969879499463806,,
v,1064,1064,2.3100090532387805,False,est_gtstart,122.9073483541776,2.9751149681266433,,
v,1064,1064,2.3100090532387805,False,est_warmstart,124.11164538966908,2.433058643735194,,
v,1064,1064,2.3100090532387805,False,view_gap,2.6209761374423084,6.8014080614049455,0.9999999761565072,0.999999829819473
v,1065,1065,2.3105685468942823,False,T0_raw,183.9385243047702,2.8363488568392716,,
v,1065,1065,2.3105685468942823,False,oracle,129.93349463463807,2.666353694482341,,
v,1065,1065,2.3105685468942823,False,est_gtstart,129.9068578929123,2.6676671240346828,,
v,1065,1065,2.3105685468942823,False,est_warmstart,130.14482749922325,2.3871904761617446,,
v,1065,1065,2.3105685468942823,False,view_gap,2.6488458060268067,6.3585982125067275,0.9999999773739996,0.9999999947036823
v,1066,1066,2.3114245880681072,False,T0_raw,179.16867389278914,2.6610501168600575,,
v,1066,1066,2.3114245880681072,False,oracle,142.36497163461826,5.938658028449907,,
v,1066,1066,2.3114245880681072,False,est_gtstart,142.31070318954562,5.9394792287305425,,
v,1066,1066,2.3114245880681072,False,est_warmstart,146.5321369310252,4.626258406034559,,
v,1066,1066,2.3114245880681072,False,view_gap,2.582431328862007,4.9518950298432785,0.9999999782327175,0.9999999904909795
v,1067,1067,2.312577100432225,False,T0_raw,176.31784894727076,2.2002643272382976,,
v,1067,1067,2.312577100432225,False,oracle,131.65658600317272,3.543707870147525,,
v,1067,1067,2.312577100432225,False,est_gtstart,131.58878808375127,3.5478398416455947,,
v,1067,1067,2.312577100432225,False,est_warmstart,135.38687097937992,2.7066589569231168,,
v,1067,1067,2.312577100432225,False,view_gap,2.5425934250782642,8.624939437124723,0.9999999802968591,0.9999999954522971
v,1068,1068,2.3140247338837474,False,T0_raw,176.30364112198703,2.156056476834501,,
v,1068,1068,2.3140247338837474,False,oracle,137.5191629888208,3.6800875564444153,,
v,1068,1068,2.3140247338837474,False,est_gtstart,137.47068279116425,3.6788195959157983,,
v,1068,1068,2.3140247338837474,False,est_warmstart,138.23495131995855,3.0928688036511707,,
v,1068,1068,2.3140247338837474,False,view_gap,2.5443169842897526,9.18615208227358,0.9999999814369844,0.9999999931726568
v,1069,1069,2.3157693164285496,False,T0_raw,173.39042944064607,1.6983981041621876,,
v,1069,1069,2.3157693164285496,False,oracle,144.483350292542,3.4488454915408777,,
v,1069,1069,2.3157693164285496,False,est_gtstart,144.45200855398338,3.4500937722881413,,
v,1069,1069,2.3157693164285496,False,est_warmstart,144.54467988556655,3.0147437725794264,,
v,1069,1069,2.3157693164285496,False,view_gap,2.5040623484835,9.651924072599183,0.9999999827659902,0.9999999886866429
v,1070,1070,2.31780572214642,False,T0_raw,172.7783285175099,2.6658433772974326,,
v,1070,1070,2.31780572214642,False,oracle,144.98809670751933,5.600344029866633,,
v,1070,1070,2.31780572214642,False,est_gtstart,144.96205404771123,5.600741030438638,,
v,1070,1070,2.31780572214642,False,est_warmstart,146.31429225789464,4.609995322057437,,
v,1070,1070,2.31780572214642,False,view_gap,2.4971170770955973,10.038668792592631,0.9999999836169087,0.9999999832653154
v,1071,1071,2.3201352566088884,False,T0_raw,170.1243122568033,1.8807191023652012,,
v,1071,1071,2.3201352566088884,False,oracle,142.07766156902125,5.266951552621193,,
v,1071,1071,2.3201352566088884,False,est_gtstart,142.05076941377803,5.271957356401212,,
v,1071,1071,2.3201352566088884,False,est_warmstart,142.6683078583425,4.755606392438671,,
v,1071,1071,2.3201352566088884,False,view_gap,2.459958424022379,11.299682653306942,0.9999999842672475,0.9999999881584845
v,1072,1072,2.3227569208981116,False,T0_raw,173.8203873112154,2.3714347828379094,,
v,1072,1072,2.3227569208981116,False,oracle,150.7391830736454,5.904207543641977,,
v,1072,1072,2.3227569208981116,False,est_gtstart,150.730724557155,5.907178342532582,,
v,1072,1072,2.3227569208981116,False,est_warmstart,150.18640166223292,5.062223585087499,,
v,1072,1072,2.3227569208981116,False,view_gap,2.514197282849115,13.510233231951663,0.9999999852958862,0.9999999626195777
v,1073,1073,2.3256673490991777,False,T0_raw,172.67450272341958,2.6608258588103424,,
v,1073,1073,2.3256673490991777,False,oracle,150.01875097310514,4.997667191458279,,
v,1073,1073,2.3256673490991777,False,est_gtstart,149.9827342087537,4.99922441453684,,
v,1073,1073,2.3256673490991777,False,est_warmstart,149.49671111103348,3.8190519386015196,,
v,1073,1073,2.3256673490991777,False,view_gap,2.497681663339499,15.6623789777246,0.9999999855982724,0.9999999942359069
v,1074,1074,2.3288623873745586,False,T0_raw,174.55981776236197,2.756883437892203,,
v,1074,1074,2.3288623873745586,False,oracle,150.31854755376807,6.081116743920305,,
v,1074,1074,2.3288623873745586,False,est_gtstart,150.21775820527142,6.081892142818289,,
v,1074,1074,2.3288623873745586,False,est_warmstart,149.43582059004794,4.956242623577152,,
v,1074,1074,2.3288623873745586,False,view_gap,2.532516484398571,7.772441147999132,0.9999999837959923,0.9999999892008308
v,1075,1075,2.3323417850069754,False,T0_raw,171.2220778165177,3.129228833876743,,
v,1075,1075,2.3323417850069754,False,oracle,140.86643689489426,5.036411372188496,,
v,1075,1075,2.3323417850069754,False,est_gtstart,140.80622112070444,5.031920578934562,,
v,1075,1075,2.3323417850069754,False,est_warmstart,140.97250972172142,4.135202204446935,,
v,1075,1075,2.3323417850069754,False,view_gap,2.486284742739746,7.22422440589332,0.9999999844232452,0.9999999986853984
v,1076,1076,2.3401468682643976,False,T0_raw,173.42948670126194,3.918320599770775,,
v,1076,1076,2.3401468682643976,False,oracle,143.90708222773372,6.477944880972574,,
v,1076,1076,2.3401468682643976,False,est_gtstart,143.9426669698806,6.487524954805228,,
v,1076,1076,2.3401468682643976,False,est_warmstart,147.1791040839583,5.445861171068542,,
v,1076,1076,2.3401468682643976,False,view_gap,2.522136213833762,8.88030904037862,0.9999999846078722,0.9999979746285061
v,1077,1077,2.344473126614288,False,T0_raw,171.26769087018553,4.080699342922171,,
v,1077,1077,2.344473126614288,False,oracle,148.18086781821137,5.871502021103188,,
v,1077,1077,2.344473126614288,False,est_gtstart,142.25948527945494,5.738604778258216,,
v,1077,1077,2.344473126614288,False,est_warmstart,143.4960508555385,5.3189798488485955,,
v,1077,1077,2.344473126614288,False,view_gap,2.492841535259943,8.719727146030198,0.9995370818650904,0.999998813087849
v,1078,1078,2.3490774592255974,False,T0_raw,172.55758197722776,4.041921173281619,,
v,1078,1078,2.3490774592255974,False,oracle,149.0240371461702,5.520951498160196,,
v,1078,1078,2.3490774592255974,False,est_gtstart,142.4420660674625,5.296223003673952,,
v,1078,1078,2.3490774592255974,False,est_warmstart,144.3795975322406,5.13972461528007,,
v,1078,1078,2.3490774592255974,False,view_gap,2.5102779947121063,14.223663276170306,0.9995047002151074,0.9999475068574625
v,1079,1079,2.3539430697065398,False,T0_raw,174.1206213964589,4.587886622067605,,
v,1079,1079,2.3539430697065398,False,oracle,152.84047687491886,5.894324956644935,,
v,1079,1079,2.3539430697065398,False,est_gtstart,152.72203671889994,5.892553843901607,,
v,1079,1079,2.3539430697065398,False,est_warmstart,154.124251924153,5.723020189611776,,
v,1079,1079,2.3539430697065398,False,view_gap,2.5310811332915066,18.339876739559724,0.9999999787235366,0.9999999851643315
v,1080,1080,2.3590490116694163,False,T0_raw,175.8948052432724,5.102154258838858,,
v,1080,1080,2.3590490116694163,False,oracle,157.7687307288856,6.704005440430462,,
v,1080,1080,2.3590490116694163,False,est_gtstart,157.34400229026826,6.7376817595308465,,
v,1080,1080,2.3590490116694163,False,est_warmstart,158.56309709359263,6.325616146778136,,
v,1080,1080,2.3590490116694163,False,view_gap,2.551787074606827,23.650879076829057,0.9999746126767213,0.9999948084110005
v,1081,1081,2.3643907035840064,False,T0_raw,175.86645631278012,4.213764472163095,,
v,1081,1081,2.3643907035840064,False,oracle,160.3920527153738,6.52066997371563,,
v,1081,1081,2.3643907035840064,False,est_gtstart,154.05810310030245,6.3715421747335315,,
v,1081,1081,2.3643907035840064,False,est_warmstart,155.83443540838343,6.0048669210294765,,
v,1081,1081,2.3643907035840064,False,view_gap,2.542680449810904,29.365036685522483,0.9996651687733151,0.9999215562804769
v,1082,1082,2.3699615062250805,False,T0_raw,175.36115171653398,4.250849098844658,,
v,1082,1082,2.3699615062250805,False,oracle,152.1029826627037,6.358249231547996,,
v,1082,1082,2.3699615062250805,False,est_gtstart,151.0668682251117,6.3945266321328935,,
v,1082,1082,2.3699615062250805,False,est_warmstart,151.64096212360934,5.898996529698907,,
v,1082,1082,2.3699615062250805,False,view_gap,2.5349896398748233,30.435278754268325,0.9999638171359999,0.9999612047237176
v,1083,1083,2.3757592735925948,False,T0_raw,178.3824592189694,4.34429429813336,,
v,1083,1083,2.3757592735925948,False,oracle,160.89163996219958,6.595005294502762,,
v,1083,1083,2.3757592735925948,False,est_gtstart,160.87412530059393,6.5930554761874225,,
v,1083,1083,2.3757592735925948,False,est_warmstart,164.4148860021173,5.81327068579354,,
v,1083,1083,2.3757592735925948,False,view_gap,2.5887041462406457,27.328622774978495,0.9999999823401189,0.9999999893783694
v,1084,1084,2.381778299004798,False,T0_raw,180.43954225708006,4.9579566299554205,,
v,1084,1084,2.381778299004798,False,oracle,166.62567135235182,6.920392248647913,,
v,1084,1084,2.381778299004798,False,est_gtstart,159.3880892226299,6.79096747359095,,
v,1084,1084,2.381778299004798,False,est_warmstart,160.48753396778304,6.150845499348401,,
v,1084,1084,2.381778299004798,False,view_gap,2.6276674171912724,23.864352166470315,0.9994681165282188,0.9998655195689137
v,1085,1085,2.3880126600193936,False,T0_raw,180.4210804796972,4.278350170553567,,
v,1085,1085,2.3880126600193936,False,oracle,161.8311860263038,5.9060534253577694,,
v,1085,1085,2.3880126600193936,False,est_gtstart,160.3367605587495,5.929170429240668,,
v,1085,1085,2.3880126600193936,False,est_warmstart,160.71683300775092,5.26627683779383,,
v,1085,1085,2.3880126600193936,False,view_gap,2.627675466787133,25.054719157928673,0.9999238711353376,0.9999222615842749
v,1086,1086,2.394454651304451,False,T0_raw,182.7650892829992,4.1770681236836005,,
v,1086,1086,2.394454651304451,False,oracle,166.47391905545211,6.169774712855171,,
v,1086,1086,2.394454651304451,False,est_gtstart,165.39087348777846,6.139776780545313,,
v,1086,1086,2.394454651304451,False,est_warmstart,167.72780185515035,5.2175318865596205,,
v,1086,1086,2.394454651304451,False,view_gap,2.6680843880962364,23.011841083643958,0.9999232117907239,0.9999646728419938
v,1087,1087,2.4010903515262654,False,T0_raw,181.35609925807054,3.5846917969223284,,
v,1087,1087,2.4010903515262654,False,oracle,165.32605155449912,4.827514670532329,,
v,1087,1087,2.4010903515262654,False,est_gtstart,157.98872010816095,4.727101795266162,,
v,1087,1087,2.4010903515262654,False,est_warmstart,159.25092144893762,4.31718058166325,,
v,1087,1087,2.4010903515262654,False,view_gap,2.656250946975955,17.919863400466696,0.9996084567569536,0.9999503222819082
v,1088,1088,2.4079059366388695,False,T0_raw,179.7101474655358,3.202585840409024,,
v,1088,1088,2.4079059366388695,False,oracle,161.4897445695203,4.5983457647077435,,
v,1088,1088,2.4079059366388695,False,est_gtstart,161.64560611278142,4.682732661605732,,
v,1088,1088,2.4079059366388695,False,est_warmstart,163.0380905936609,4.256749767112703,,
v,1088,1088,2.4079059366388695,False,view_gap,2.6327936509831926,19.083895050749256,0.9999006760476944,0.9998594003840992
v,1089,1089,2.414888389947806,False,T0_raw,181.35225025382894,3.5157846217553894,,
v,1089,1089,2.414888389947806,False,oracle,156.14748054503087,4.212523830569745,,
v,1089,1089,2.414888389947806,False,est_gtstart,156.14731956326202,4.213077718014655,,
v,1089,1089,2.414888389947806,False,est_warmstart,157.2860776058968,3.7472558345548435,,
v,1089,1089,2.414888389947806,False,view_gap,2.663959477452399,14.695856692935383,0.9999999762530026,0.9999999625392285
v,1090,1090,2.42202598836342,False,T0_raw,175.77558626588453,2.7590170474336606,,
v,1090,1090,2.42202598836342,False,oracle,138.52126790251916,2.4702424884781946,,
v,1090,1090,2.42202598836342,False,est_gtstart,138.5279758252171,2.47253428553003,,
v,1090,1090,2.42202598836342,False,est_warmstart,137.22973463006824,2.241767122970572,,
v,1090,1090,2.42202598836342,False,view_gap,2.5880637381145104,7.277352899540013,0.9999999674925129,0.9999999833055897
v,1091,1091,2.4293131289374874,False,T0_raw,173.52577892702692,2.517835572931964,,
v,1091,1091,2.4293131289374874,False,oracle,144.47687898747773,3.1855538299270645,,
v,1091,1091,2.4293131289374874,False,est_gtstart,142.6849972725303,3.1322385421128502,,
v,1091,1091,2.4293131289374874,False,est_warmstart,143.7581660300478,2.9433144848963906,,
v,1091,1091,2.4293131289374874,False,view_gap,2.557314213195946,6.19863490547834,0.9998420934728892,0.9998354010503628
v,1092,1092,2.436749738951313,False,T0_raw,173.59397260117342,2.8659983871806802,,
v,1092,1092,2.436749738951313,False,oracle,148.3183749799497,3.7079655224003627,,
v,1092,1092,2.436749738951313,False,est_gtstart,147.38343395042452,3.719685003088636,,
v,1092,1092,2.436749738951313,False,est_warmstart,148.1753696651301,3.345319732808337,,
v,1092,1092,2.436749738951313,False,view_gap,2.560730424562994,4.2461388877845785,0.9998410886296454,0.9997260368473877
v,1093,1093,2.4443118225303158,False,T0_raw,170.9749952425431,2.507796673576559,,
v,1093,1093,2.4443118225303158,False,oracle,142.0343640605535,3.3538054514879247,,
v,1093,1093,2.4443118225303158,False,est_gtstart,141.2380383270245,3.5407281490017994,,
v,1093,1093,2.4443118225303158,False,est_warmstart,141.02045058825593,3.2362230797271394,,
v,1093,1093,2.4443118225303158,False,view_gap,2.5242111800632046,4.322946782038262,0.9997383055667247,0.9997472474294079
v,1094,1094,2.451992002320842,False,T0_raw,168.96308681072415,2.2879410408321323,,
v,1094,1094,2.451992002320842,False,oracle,142.0057650910589,4.371981441467905,,
v,1094,1094,2.451992002320842,False,est_gtstart,142.1116285505765,4.141638685298723,,
v,1094,1094,2.451992002320842,False,est_warmstart,144.8864317285713,3.2964616392969233,,
v,1094,1094,2.451992002320842,False,view_gap,2.4956664449490917,0.9957694465518863,0.9997368299378356,0.9989557122590441
v,1095,1095,2.4597796118322535,False,T0_raw,168.19238696971811,2.2390692835187385,,
v,1095,1095,2.4597796118322535,False,oracle,141.80228024577818,3.7117488621231485,,
v,1095,1095,2.4597796118322535,False,est_gtstart,141.82580365974434,3.7145401560343494,,
v,1095,1095,2.4597796118322535,False,est_warmstart,142.48766121954205,3.450584852183804,,
v,1095,1095,2.4597796118322535,False,view_gap,2.4843888021636884,4.5444387884998605,0.9999999103292834,0.9999999608474344
v,1096,1096,2.4676614629099998,False,T0_raw,168.91497923862525,2.6368934286350565,,
v,1096,1096,2.4676614629099998,False,oracle,133.6172899348926,3.5834096448854122,,
v,1096,1096,2.4676614629099998,False,est_gtstart,141.32226031720697,3.8076060237003837,,
v,1096,1096,2.4676614629099998,False,est_warmstart,140.9208327961195,3.5351166797101765,,
v,1096,1096,2.4676614629099998,False,view_gap,2.4967249072668305,5.163216119417946,0.9906118936584687,0.9999365847337726
v,1097,1097,2.475618356622427,False,T0_raw,169.76647848561714,2.36743964026802,,
v,1097,1097,2.475618356622427,False,oracle,140.69051793609907,3.2960692720789355,,
v,1097,1097,2.475618356622427,False,est_gtstart,139.64229366165108,3.4486441799649414,,
v,1097,1097,2.475618356622427,False,est_warmstart,139.50523835479044,3.1373448929210435,,
v,1097,1097,2.475618356622427,False,view_gap,2.51164022454173,4.903650652325453,0.9995314953819002,0.9997637159993595
v,1098,1098,2.483640664303744,False,T0_raw,171.67970394225313,2.789264742975263,,
v,1098,1098,2.483640664303744,False,oracle,130.68547235194916,2.9835313768325666,,
v,1098,1098,2.483640664303744,False,est_gtstart,143.62905133292793,3.44836175053249,,
v,1098,1098,2.483640664303744,False,est_warmstart,143.99457869338823,3.2319606962862504,,
v,1098,1098,2.483640664303744,False,view_gap,2.536890052047912,10.2255773632689,0.9995295705467209,0.9999581493817364
v,1099,1099,2.4917324334450632,False,T0_raw,172.77786584886502,3.28513665941538,,
v,1099,1099,2.4917324334450632,False,oracle,134.33075582886516,3.046653392679629,,
v,1099,1099,2.4917324334450632,False,est_gtstart,134.4099286321688,3.0499556127499643,,
v,1099,1099,2.4917324334450632,False,est_warmstart,135.46298637623738,2.868731323370707,,
v,1099,1099,2.4917324334450632,False,view_gap,2.5578770592464544,7.942094266719213,0.9999994893401966,0.9999998256607474
v,1100,1100,2.499867921677318,False,T0_raw,172.80170997652252,2.8585107249406354,,
v,1100,1100,2.499867921677318,False,oracle,125.98623298007558,2.8378827254701844,,
v,1100,1100,2.499867921677318,False,est_gtstart,131.82787224300444,2.7529319017262734,,
v,1100,1100,2.499867921677318,False,est_warmstart,132.51508142556335,2.7175991153529737,,
v,1100,1100,2.499867921677318,False,view_gap,2.560981761246937,7.3520860682294575,0.998535058789302,0.9995879921244644
v,1101,1101,2.5080243811622576,False,T0_raw,170.80593830706613,2.912922603275171,,
v,1101,1101,2.5080243811622576,False,oracle,130.21618631430977,2.6687282355100477,,
v,1101,1101,2.5080243811622576,False,est_gtstart,128.36740204777377,2.662934358061598,,
v,1101,1101,2.5080243811622576,False,est_warmstart,128.98574255269992,2.5917578529958414,,
v,1101,1101,2.5080243811622576,False,view_gap,2.5329137679224765,7.92121552407421,0.9988425285058272,0.9997833247007903
v,1102,1102,2.5161944671632055,False,T0_raw,173.53025032378127,3.0257811048021472,,
v,1102,1102,2.5161944671632055,False,oracle,140.10860335319353,2.840051783090298,,
v,1102,1102,2.5161944671632055,False,est_gtstart,138.90128085030366,2.831329879856288,,
v,1102,1102,2.5161944671632055,False,est_warmstart,140.53460182190204,2.715474898773889,,
v,1102,1102,2.5161944671632055,False,view_gap,2.579996475794301,2.1375619205614704,0.9988399998383333,0.9997617327024982
v,1103,1103,2.5243718880472987,False,T0_raw,173.84692625796967,3.3713830794955992,,
v,1103,1103,2.5243718880472987,False,oracle,138.340019308651,2.7843538338530673,,
v,1103,1103,2.5243718880472987,False,est_gtstart,133.73719558315673,3.108284390335049,,
v,1103,1103,2.5243718880472987,False,est_warmstart,134.9816560422308,2.9281899687824353,,
v,1103,1103,2.5243718880472987,False,view_gap,2.5873614571056645,1.1418789142672026,0.7236543040925504,0.998678433500458
v,1104,1104,2.532540302157557,False,T0_raw,176.739211842455,3.612858045992558,,
v,1104,1104,2.532540302157557,False,oracle,144.03954476650722,3.1134509084973634,,
v,1104,1104,2.532540302157557,False,est_gtstart,141.39389111819028,3.260538667339124,,
v,1104,1104,2.532540302157557,False,est_warmstart,143.29011995020633,2.9391258511814056,,
v,1104,1104,2.532540302157557,False,view_gap,2.6322100469561978,2.0421505203422896,0.7219807788250202,0.9976998917989202
v,1105,1105,2.540684197272346,False,T0_raw,175.56418826629695,3.22919686546492,,
v,1105,1105,2.540684197272346,False,oracle,153.64989100815384,3.174610179144007,,
v,1105,1105,2.540684197272346,False,est_gtstart,149.4567844818246,3.2731146696313638,,
v,1105,1105,2.540684197272346,False,est_warmstart,150.5930096880688,3.024122327832452,,
v,1105,1105,2.540684197272346,False,view_gap,2.617102385781143,1.6621984358864417,0.9755245882125482,0.9995653530804199
v,1106,1106,2.5488003328118096,False,T0_raw,174.62661829812197,3.851516393325647,,
v,1106,1106,2.5488003328118096,False,oracle,151.57130922594445,3.8638197845625246,,
v,1106,1106,2.5488003328118096,False,est_gtstart,145.38342888687328,3.962086089297188,,
v,1106,1106,2.5488003328118096,False,est_warmstart,148.9595708466695,3.3228985050572106,,
v,1106,1106,2.5488003328118096,False,view_gap,2.601651029610882,6.894565031164035,0.9755462304559829,0.9993237545794914
v,1107,1107,2.556868332653285,False,T0_raw,175.59376214494347,3.892364066377889,,
v,1107,1107,2.556868332653285,False,oracle,151.8297354302882,3.503524471822837,,
v,1107,1107,2.556868332653285,False,est_gtstart,154.89916043607764,3.8104175714540984,,
v,1107,1107,2.556868332653285,False,est_warmstart,155.50235700492385,3.5457990503829455,,
v,1107,1107,2.556868332653285,False,view_gap,2.6196950778356674,5.28855408457618,0.9835473941527009,0.9993425613129522
v,1108,1108,2.5648730197924854,False,T0_raw,173.33917643545405,3.540963370385595,,
v,1108,1108,2.5648730197924854,False,oracle,151.04950109742467,3.640131715576516,,
v,1108,1108,2.5648730197924854,False,est_gtstart,155.48804416009912,3.9080206315264405,,
v,1108,1108,2.5648730197924854,False,est_warmstart,157.44522790316947,3.50480515542737,,
v,1108,1108,2.5648730197924854,False,view_gap,2.5912033652029396,0.06449807505992666,0.9837558878795115,0.9996174425680482
v,1109,1109,2.5727981059917613,False,T0_raw,173.38103090927774,3.581340484163132,,
v,1109,1109,2.5727981059917613,False,oracle,149.9155632382529,3.499935947232655,,
v,1109,1109,2.5727981059917613,False,est_gtstart,149.98399916017738,3.5056013176413536,,
v,1109,1109,2.5727981059917613,False,est_warmstart,152.02267262012157,2.8604633117020377,,
v,1109,1109,2.5727981059917613,False,view_gap,2.594057996334671,0.042070950488692915,0.9999923497685325,0.9999994673361782
v,1110,1110,2.5806285129329387,False,T0_raw,175.37786334473344,3.5258680773379285,,
v,1110,1110,2.5806285129329387,False,oracle,144.81841187617843,3.1917284762197853,,
v,1110,1110,2.5806285129329387,False,est_gtstart,148.3281089184363,3.538724162679223,,
v,1110,1110,2.5806285129329387,False,est_warmstart,149.06222455130387,3.0184312651738754,,
v,1110,1110,2.5806285129329387,False,view_gap,2.6268370639522014,2.8630076005722316,0.991945899103277,0.999563614839453
v,1111,1111,2.5883487824696916,False,T0_raw,176.1020680262372,3.553983098530547,,
v,1111,1111,2.5883487824696916,False,oracle,147.66887330452724,3.4099563576106475,,
v,1111,1111,2.5883487824696916,False,est_gtstart,151.9324708102321,3.65794386034987,,
v,1111,1111,2.5883487824696916,False,est_warmstart,153.5543291065796,3.1049797345606764,,
v,1111,1111,2.5883487824696916,False,view_gap,2.6307366228785476,18.773049937385267,0.9919863490598949,0.9995724082062499
v,1112,1112,2.5959460420996225,False,T0_raw,170.15866980644367,3.1571393136750285,,
v,1112,1112,2.5959460420996225,False,oracle,142.79448408275545,3.2923724626970796,,
v,1112,1112,2.5959460420996225,False,est_gtstart,145.6861669927121,3.4009570274340417,,
v,1112,1112,2.5959460420996225,False,est_warmstart,147.4780619409159,3.003211797618058,,
v,1112,1112,2.5959460420996225,False,view_gap,2.545603977826469,16.743157316472246,0.8741243410026054,0.9996156037636252
v,1113,1113,2.6034206332420227,False,T0_raw,169.58261599396724,3.851145061829392,,
v,1113,1113,2.6034206332420227,False,oracle,139.93963342256995,3.7171849519405114,,
v,1113,1113,2.6034206332420227,False,est_gtstart,140.06790703511123,3.725209656497125,,
v,1113,1113,2.6034206332420227,False,est_warmstart,140.447493053939,3.3172850186073584,,
v,1113,1113,2.6034206332420227,False,view_gap,2.5421061083096586,13.815414405433657,0.9999999927737118,0.9999997882046001
v,1114,1114,2.6107543996051077,False,T0_raw,169.107677640012,3.522529111438617,,
v,1114,1114,2.6107543996051077,False,oracle,135.99549544435246,3.835081068878287,,
v,1114,1114,2.6107543996051077,False,est_gtstart,138.25578698834272,4.168705217793433,,
v,1114,1114,2.6107543996051077,False,est_warmstart,139.36559268670044,3.551206424408189,,
v,1114,1114,2.6107543996051077,False,view_gap,2.536516706965927,14.493041232607418,0.9999875237714246,0.9995683160295831
v,1115,1115,2.6179355018287205,False,T0_raw,166.93947746120946,2.952967972282298,,
v,1115,1115,2.6179355018287205,False,oracle,132.827663381888,3.0070333814086756,,
v,1115,1115,2.6179355018287205,False,est_gtstart,134.80799668579485,3.317061829649277,,
v,1115,1115,2.6179355018287205,False,est_warmstart,136.47242830813514,2.8966246322029865,,
v,1115,1115,2.6179355018287205,False,view_gap,2.5063460700920337,14.077561774261227,0.9999876030569903,0.9997801474295802
v,1116,1116,2.6248242563000876,False,T0_raw,167.42295169650222,3.432526428101901,,
v,1116,1116,2.6248242563000876,False,oracle,138.1176385462106,3.3878872838211183,,
v,1116,1116,2.6248242563000876,False,est_gtstart,139.86550998956832,3.7004024875012234,,
v,1116,1116,2.6248242563000876,False,est_warmstart,140.35598630129294,3.3744274676269193,,
v,1116,1116,2.6248242563000876,False,view_gap,2.5184759051728953,10.493463163216532,0.9999879203050092,0.9992572263207633
v,1117,1117,2.6312686107952703,False,T0_raw,165.50247721355856,3.35378807184479,,
v,1117,1117,2.6312686107952703,False,oracle,134.3672080681924,3.5430942092113287,,
v,1117,1117,2.6312686107952703,False,est_gtstart,134.44306524792614,3.5470084964629067,,
v,1117,1117,2.6312686107952703,False,est_warmstart,135.28112539493037,3.233994673463891,,
v,1117,1117,2.6312686107952703,False,view_gap,2.491903344380626,9.058181959869405,0.9999999969342293,0.9999999348664156
v,1118,1118,2.6372597364060684,False,T0_raw,168.57846996572567,3.1670285524648425,,
v,1118,1118,2.6372597364060684,False,oracle,136.13770365729852,2.8641936505122074,,
v,1118,1118,2.6372597364060684,False,est_gtstart,137.8009769677606,3.084943479921473,,
v,1118,1118,2.6372597364060684,False,est_warmstart,139.05607051406503,2.7171142753103443,,
v,1118,1118,2.6372597364060684,False,view_gap,2.537180916068883,12.842369917161811,0.9999998449003694,0.9994903181693734
v,1119,1119,2.6427823821823297,False,T0_raw,171.20065757109717,3.427588608323481,,
v,1119,1119,2.6427823821823297,False,oracle,138.19842684803086,3.179555123407837,,
v,1119,1119,2.6427823821823297,False,est_gtstart,140.04158180407651,3.454150414394351,,
v,1119,1119,2.6427823821823297,False,est_warmstart,139.97698854851006,2.930822794328938,,
v,1119,1119,2.6427823821823297,False,view_gap,2.5781017103269974,12.415002505116846,0.9999998501709065,0.9995268956808148
v,1120,1120,2.6458532590906887,False,T0_raw,169.6887148593699,3.8807837982007696,,
v,1120,1120,2.6458532590906887,False,oracle,134.65921990577883,3.6544873131914586,,
v,1120,1120,2.6458532590906887,False,est_gtstart,134.74856357843876,3.657718161372225,,
v,1120,1120,2.6458532590906887,False,est_warmstart,135.79006742276007,3.2140852026432283,,
v,1120,1120,2.6458532590906887,False,view_gap,2.5588835316295695,5.349955228473924,0.9999999984985495,0.9999999542908281
v,1121,1121,2.6428943313535034,False,T0_raw,174.39090699652772,3.472599112041108,,
v,1121,1121,2.6428943313535034,False,oracle,135.43739751485694,2.6943741696481407,,
v,1121,1121,2.6428943313535034,False,est_gtstart,144.04698648903224,2.7467518962761703,,
v,1121,1121,2.6428943313535034,False,est_warmstart,144.58820907964724,2.4737231808815787,,
v,1121,1121,2.6428943313535034,False,view_gap,2.6295469614319704,7.255988330573171,0.9999819340733787,0.9998244774726384
v,1122,1122,2.6392183283582247,False,T0_raw,176.43462544797845,3.3486066429882606,,
v,1122,1122,2.6392183283582247,False,oracle,140.10231082634317,1.707692482078067,,
v,1122,1122,2.6392183283582247,False,est_gtstart,144.40454544621673,2.003741062860188,,
v,1122,1122,2.6392183283582247,False,est_warmstart,144.1821997167102,1.7055093645404737,,
v,1122,1122,2.6392183283582247,False,view_gap,2.6603508108023246,6.832486178376396,0.9999968480515143,0.9996653180608144
v,1123,1123,2.635764368348454,False,T0_raw,176.15118133765057,3.4769955658678096,,
v,1123,1123,2.635764368348454,False,oracle,138.57085134391733,2.3676718807428982,,
v,1123,1123,2.635764368348454,False,est_gtstart,142.714843499927,2.583157156055731,,
v,1123,1123,2.635764368348454,False,est_warmstart,143.006817194088,2.39817045832517,,
v,1123,1123,2.635764368348454,False,view_gap,2.655276968731679,0.6089064235967889,0.999996856982677,0.9997419454139749
v,1124,1124,2.632538850412235,False,T0_raw,177.60656611860946,3.225123029926843,,
v,1124,1124,2.632538850412235,False,oracle,137.2040887927838,1.878317997706319,,
v,1124,1124,2.632538850412235,False,est_gtstart,137.28588803114684,1.8828416186976547,,
v,1124,1124,2.632538850412235,False,est_warmstart,138.1892292085427,1.3699963017895067,,
v,1124,1124,2.632538850412235,False,view_gap,2.6780008933493273,4.600534751490137,0.9999999991623483,0.9999999934358518
v,1125,1125,2.6291776020031072,False,T0_raw,176.84750305786469,3.4549761332729236,,
v,1125,1125,2.6291776020031072,False,oracle,130.45639993056238,1.0904944111884782,,
v,1125,1125,2.6291776020031072,False,est_gtstart,128.3657023180572,1.103705044482573,,
v,1125,1125,2.6291776020031072,False,est_warmstart,128.30825036967371,1.3222196707898075,,
v,1125,1125,2.6291776020031072,False,view_gap,2.6662515004536536,5.907452176117101,0.9999884476140305,0.9945635196733033
v,1126,1126,2.6257180394598976,False,T0_raw,175.6996791571189,2.4603819191697913,,
v,1126,1126,2.6257180394598976,False,oracle,112.8128175657626,3.2093143099133905,,
v,1126,1126,2.6257180394598976,False,est_gtstart,116.20076778122385,3.184177427147738,,
v,1126,1126,2.6257180394598976,False,est_warmstart,116.16541579057201,3.4683664107309364,,
v,1126,1126,2.6257180394598976,False,view_gap,2.648891867382247,4.624026347744614,0.999996333590166,0.9999765972454407
v,1127,1127,2.6224849432741397,False,T0_raw,178.82968683634664,3.0522538158408623,,
v,1127,1127,2.6224849432741397,False,oracle,122.28576922728914,1.677482466546796,,
v,1127,1127,2.6224849432741397,False,est_gtstart,124.68581344245996,1.5942273280791548,,
v,1127,1127,2.6224849432741397,False,est_warmstart,126.02520620434704,1.9119405586355664,,
v,1127,1127,2.6224849432741397,False,view_gap,2.6914165530190775,14.56966944666016,0.9999963340764838,0.9999024567085104
v,1128,1128,2.6191958195333847,False,T0_raw,180.2493592620809,3.7170187180016137,,
v,1128,1128,2.6191958195333847,False,oracle,110.47502112374889,3.506985698815652,,
v,1128,1128,2.6191958195333847,False,est_gtstart,110.51709418908332,3.511376350321818,,
v,1128,1128,2.6191958195333847,False,est_warmstart,110.15974411360746,3.928846423015626,,
v,1128,1128,2.6191958195333847,False,view_gap,2.7162583566962337,0.4993880376900073,0.9999999994254769,0.9999999160670376
v,1129,1129,2.6157265813952217,False,T0_raw,176.7251833017135,3.195156082643173,,
v,1129,1129,2.6157265813952217,False,oracle,111.93508336663135,2.5803164684957682,,
v,1129,1129,2.6157265813952217,False,est_gtstart,118.88143416690055,2.4191733221830862,,
v,1129,1129,2.6157265813952217,False,est_warmstart,119.88277813725252,2.725786941378618,,
v,1129,1129,2.6157265813952217,False,view_gap,2.6634491888547625,0.9115826232828361,0.9999844192170475,0.9990563070923909
v,1130,1130,2.612486814035138,False,T0_raw,175.83580298218698,3.59095236913349,,
v,1130,1130,2.612486814035138,False,oracle,110.61950294553748,2.315961715791023,,
v,1130,1130,2.612486814035138,False,est_gtstart,117.80074935798271,2.1441237093751755,,
v,1130,1130,2.612486814035138,False,est_warmstart,119.23457032808706,2.4593950917008884,,
v,1130,1130,2.612486814035138,False,view_gap,2.650270086128271,3.076035349512285,0.9999844590842546,0.9989527976151624
v,1131,1131,2.6094816239719636,False,T0_raw,176.63895176002094,2.621804604483101,,
v,1131,1131,2.6094816239719636,False,oracle,123.16198562741015,2.165060150711766,,
v,1131,1131,2.6094816239719636,False,est_gtstart,124.20850958307908,1.9561095579207437,,
v,1131,1131,2.6094816239719636,False,est_warmstart,125.22133521813019,2.1998174967922557,,
v,1131,1131,2.6094816239719636,False,view_gap,2.6621306444192894,2.2898796380288466,0.9999933065055364,0.9995465156267734
v,1132,1132,2.605928327130829,False,T0_raw,173.09420996528058,2.7178310707322897,,
v,1132,1132,2.605928327130829,False,oracle,122.71627344073919,1.687514538274976,,
v,1132,1132,2.605928327130829,False,est_gtstart,122.73112113968773,1.6872375089681773,,
v,1132,1132,2.605928327130829,False,est_warmstart,123.78571955147366,1.638024408386336,,
v,1132,1132,2.605928327130829,False,view_gap,2.608511456286756,2.099940711016046,0.999999999426782,0.9999999915808306
v,1133,1133,2.602453148830247,False,T0_raw,171.1840298905374,2.7300574223616842,,
v,1133,1133,2.602453148830247,False,oracle,129.11267153136373,2.0862154818545062,,
v,1133,1133,2.602453148830247,False,est_gtstart,129.1351728439361,2.085718779420831,,
v,1133,1133,2.602453148830247,False,est_warmstart,129.8563676726891,2.019589915752969,,
v,1133,1133,2.602453148830247,False,view_gap,2.575733030152302,5.6568185276564265,0.9999999984615504,0.9999999989758891
v,1134,1134,2.5992106788493277,False,T0_raw,172.56739105099817,2.8363090861849884,,
v,1134,1134,2.5992106788493277,False,oracle,125.15217156751149,1.80858548762054,,
v,1134,1134,2.5992106788493277,False,est_gtstart,125.18267798685642,1.807798961197982,,
v,1134,1134,2.5992106788493277,False,est_warmstart,125.59183892662293,1.7267747857118114,,
v,1134,1134,2.5992106788493277,False,view_gap,2.598354411462939,2.9901178421463115,0.9999999983923931,0.9999999999619988
v,1135,1135,2.5959958966618877,False,T0_raw,170.4277325586099,2.6823984529949927,,
v,1135,1135,2.5959958966618877,False,oracle,122.66391705874618,1.6282911182124906,,
v,1135,1135,2.5959958966618877,False,est_gtstart,122.68208958815343,1.628575249194898,,
v,1135,1135,2.5959958966618877,False,est_warmstart,123.24737971583465,1.3658579262955468,,
v,1135,1135,2.5959958966618877,False,view_gap,2.5671921627665086,0.5598263380321988,0.9999999985686666,0.9999999893313803
v,1136,1136,2.5925147984410697,False,T0_raw,171.02807658545476,2.4396007108514284,,
v,1136,1136,2.5925147984410697,False,oracle,128.70963246332497,3.4878550363728515,,
v,1136,1136,2.5925147984410697,False,est_gtstart,128.7322031436364,3.4879003670810835,,
v,1136,1136,2.5925147984410697,False,est_warmstart,128.73166893851,3.6907485543562215,,
v,1136,1136,2.5925147984410697,False,view_gap,2.5722195667398147,6.5328828806028305,0.9999999966694517,0.9999999968734488
v,1137,1137,2.589245682126973,False,T0_raw,170.0955949334874,2.6028562199309255,,
v,1137,1137,2.589245682126973,False,oracle,122.14698200355929,1.666612620991643,,
v,1137,1137,2.589245682126973,False,est_gtstart,122.18994285776357,1.663167650131829,,
v,1137,1137,2.589245682126973,False,est_warmstart,122.227459453856,1.45393362280646,,
v,1137,1137,2.589245682126973,False,view_gap,2.5608780259740382,2.6853960308299563,0.9999999964664769,0.9999999914976792
v,1138,1138,2.5860090698662517,False,T0_raw,171.1026653093442,3.3526934456078834,,
v,1138,1138,2.5860090698662517,False,oracle,121.67208834921296,2.073597611202719,,
v,1138,1138,2.5860090698662517,False,est_gtstart,127.60625767632492,1.884717410927623,,
v,1138,1138,2.5860090698662517,False,est_warmstart,127.52231840725663,1.6175503996310705,,
v,1138,1138,2.5860090698662517,False,view_gap,2.575481258215829,3.359830729676272,0.9974552956587893,0.9993498392873268
v,1139,1139,2.5825024772963165,False,T0_raw,169.65188725115428,2.385084226448672,,
v,1139,1139,2.5825024772963165,False,oracle,127.13213263216177,1.8992698591988153,,
v,1139,1139,2.5825024772963165,False,est_gtstart,127.18108943096345,1.8992706526111323,,
v,1139,1139,2.5825024772963165,False,est_warmstart,126.72054492017826,1.5728412376503642,,
v,1139,1139,2.5825024772963165,False,view_gap,2.5556983952032453,2.7600455819229985,0.9999999389227902,0.9999999874762162
v,1140,1140,2.5792311218084385,False,T0_raw,170.85568875313405,3.2710310574073427,,
v,1140,1140,2.5792311218084385,False,oracle,124.33301354713133,1.734475518947178,,
v,1140,1140,2.5792311218084385,False,est_gtstart,128.78638758188302,1.5669653870516427,,
v,1140,1140,2.5792311218084385,False,est_warmstart,128.08767769900942,1.5798903507978106,,
v,1140,1140,2.5792311218084385,False,view_gap,2.5737097882368483,2.922194281001378,0.9997858766228529,0.9992630145088736
v,1141,1141,2.576052380960157,False,T0_raw,170.6833108402485,3.1288849332932367,,
v,1141,1141,2.576052380960157,False,oracle,123.12710184404388,2.37103774958221,,
v,1141,1141,2.576052380960157,False,est_gtstart,127.59813448242768,2.0962649008104157,,
v,1141,1141,2.576052380960157,False,est_warmstart,127.06902980865526,1.9047887446808431,,
v,1141,1141,2.576052380960157,False,view_gap,2.569521785645355,9.636597724895335,0.999785631915324,0.9989181848438491
v,1142,1142,2.5725506196313037,False,T0_raw,170.76840649613897,4.101371003862969,,
v,1142,1142,2.5725506196313037,False,oracle,124.48811913402878,1.8492362809899212,,
v,1142,1142,2.5725506196313037,False,est_gtstart,124.53374413881407,1.848211050213972,,
v,1142,1142,2.5725506196313037,False,est_warmstart,123.64110446888527,2.241231122066707,,
v,1142,1142,2.5725506196313037,False,view_gap,2.5707570380522844,9.485139258978759,0.9999998758565942,0.9999999193005336
v,1143,1143,2.5692853139116245,False,T0_raw,168.1110511629977,3.6665942853514806,,
v,1143,1143,2.5692853139116245,False,oracle,120.0479711216149,2.9425869217178655,,
v,1143,1143,2.5692853139116245,False,est_gtstart,120.09795640609015,2.940931074974461,,
v,1143,1143,2.5692853139116245,False,est_warmstart,119.52502641787204,2.82612927859933,,
v,1143,1143,2.5692853139116245,False,view_gap,2.527942797591061,13.21224575189417,0.9999998853286363,0.9999999857808534
v,1144,1144,2.566155033573969,False,T0_raw,172.71106635667846,3.91595122185944,,
v,1144,1144,2.566155033573969,False,oracle,121.03682160579153,2.9147357338311437,,
v,1144,1144,2.566155033573969,False,est_gtstart,125.05633849185615,2.8492299994501495,,
v,1144,1144,2.566155033573969,False,est_warmstart,125.0863770564663,2.332059621369331,,
v,1144,1144,2.566155033573969,False,view_gap,2.5998731980520016,9.460058693398832,0.9945248183876007,0.9993352120663773
v,1145,1145,2.5626513201009598,False,T0_raw,174.02526743597159,4.894286876545242,,
v,1145,1145,2.5626513201009598,False,oracle,116.31640853483002,3.375409368623965,,
v,1145,1145,2.5626513201009598,False,est_gtstart,121.14308517205663,3.711134763477241,,
v,1145,1145,2.5626513201009598,False,est_warmstart,121.59880394794621,3.544353480650881,,
v,1145,1145,2.5626513201009598,False,view_gap,2.6203940963886514,0.5354207023420265,0.9944948610668974,0.9997442045597488
v,1146,1146,2.5593813339705007,False,T0_raw,173.73926495166327,3.494127310932845,,
v,1146,1146,2.5593813339705007,False,oracle,121.11734718354573,3.4723875335239294,,
v,1146,1146,2.5593813339705007,False,est_gtstart,121.14073227470676,3.484786617668916,,
v,1146,1146,2.5593813339705007,False,est_warmstart,119.4462928623761,2.8432962625524407,,
v,1146,1146,2.5593813339705007,False,view_gap,2.6164859763419286,4.0251791082557276,0.9999995191993419,0.9999999206916271
v,1147,1147,2.5562722548364305,False,T0_raw,176.53237872605234,4.0856816577333825,,
v,1147,1147,2.5562722548364305,False,oracle,118.70464383240332,2.7390974599720628,,
v,1147,1147,2.5562722548364305,False,est_gtstart,122.53355743904467,2.6581182050411734,,
v,1147,1147,2.5562722548364305,False,est_warmstart,124.62259797998675,2.712336759862434,,
v,1147,1147,2.5562722548364305,False,view_gap,2.6580197879455763,0.8468784436037602,0.9999720000383927,0.9997750107099306
v,1148,1148,2.55276253080931,False,T0_raw,180.54189937810617,3.419268255244465,,
v,1148,1148,2.55276253080931,False,oracle,138.86550386123338,7.710791595902385,,
v,1148,1148,2.55276253080931,False,est_gtstart,142.48364681434617,7.588224113030858,,
v,1148,1148,2.55276253080931,False,est_warmstart,146.20449711090083,6.925309309205756,,
v,1148,1148,2.55276253080931,False,view_gap,2.7176266663735755,0.9911737187731084,0.9999716965922651,0.9997547643340706
v,1149,1149,2.549486879683646,False,T0_raw,170.1209497427089,1.7984515923955142,,
v,1149,1149,2.549486879683646,False,oracle,128.8156872419485,7.077467128016032,,
v,1149,1149,2.549486879683646,False,est_gtstart,128.85637315535558,7.070227249013568,,
v,1149,1149,2.549486879683646,False,est_warmstart,133.11727361299194,6.515837079452112,,
v,1149,1149,2.549486879683646,False,view_gap,2.5602875557780695,1.7407888509257674,0.9999995422615792,0.9999999860484231
v,1150,1150,2.5463962609897615,False,T0_raw,178.1421747244346,3.644154826689728,,
v,1150,1150,2.5463962609897615,False,oracle,114.61499757898022,2.7232505485775684,,
v,1150,1150,2.5463962609897615,False,est_gtstart,114.05333676204451,3.082174703430634,,
v,1150,1150,2.5463962609897615,False,est_warmstart,115.23486695077854,4.032907184998332,,
v,1150,1150,2.5463962609897615,False,view_gap,2.6819885783319877,7.3150744379546495,0.7310831799111696,0.9971371731959012
v,1151,1151,2.5428749897996132,False,T0_raw,185.1178305453664,4.523076427305269,,
v,1151,1151,2.5428749897996132,False,oracle,113.48208793136935,2.8391775509129156,,
v,1151,1151,2.5428749897996132,False,est_gtstart,108.94897483600593,3.192769803023275,,
v,1151,1151,2.5428749897996132,False,est_warmstart,110.71302391837432,3.84039540576704,,
v,1151,1151,2.5428749897996132,False,view_gap,2.7869824545642636,7.757485870386827,0.731496372199429,0.9921644076708733
v,1152,1152,2.5395892310403774,False,T0_raw,186.6057745410835,3.273187760698284,,
v,1152,1152,2.5395892310403774,False,oracle,121.92528836638202,10.195690847363876,,
v,1152,1152,2.5395892310403774,False,est_gtstart,121.9516798101581,10.212164063779294,,
v,1152,1152,2.5395892310403774,False,est_warmstart,122.8380012136217,9.354465638160473,,
v,1152,1152,2.5395892310403774,False,view_gap,2.8093555402282226,7.601854407851327,0.9999998675889745,0.9999999787298136
v,1153,1153,2.5365360097345437,False,T0_raw,189.64492734992294,5.282408073988399,,
v,1153,1153,2.5365360097345437,False,oracle,149.23721301224646,14.847117375873957,,
v,1153,1153,2.5365360097345437,False,est_gtstart,155.04153090412694,14.970297253354483,,
v,1153,1153,2.5365360097345437,False,est_warmstart,123.30385612138299,30.408468637745145,,
v,1153,1153,2.5365360097345437,False,view_gap,2.8545348088940377,0.02716299234251096,0.9997088746226824,0.9999007552078176
v,1154,1154,2.5330017201434814,False,T0_raw,183.97865220244944,3.748035146445758,,
v,1154,1154,2.5330017201434814,False,oracle,111.33758454644006,3.6680940184873374,,
v,1154,1154,2.5330017201434814,False,est_gtstart,115.29167114291721,3.894154822922593,,
v,1154,1154,2.5330017201434814,False,est_warmstart,117.03648299870063,4.328019101606822,,
v,1154,1154,2.5330017201434814,False,view_gap,2.765496104293976,14.818561615613568,0.9997098611581485,0.9999558131797821
v,1155,1155,2.5296990514126056,False,T0_raw,182.91625236992823,3.2404030720737813,,
v,1155,1155,2.5296990514126056,False,oracle,114.4655147551918,2.8568741684346075,,
v,1155,1155,2.5296990514126056,False,est_gtstart,114.5170561485835,2.8611124479723347,,
v,1155,1155,2.5296990514126056,False,est_warmstart,116.80920557484934,3.47100442600092,,
v,1155,1155,2.5296990514126056,False,view_gap,2.746135289742596,17.99620299598681,0.9999998944492829,0.9999999067222316
v,1156,1156,2.5266342819852308,False,T0_raw,183.56915317247046,2.601481848985756,,
v,1156,1156,2.5266342819852308,False,oracle,125.56128436864623,9.951911111468954,,
v,1156,1156,2.5266342819852308,False,est_gtstart,132.953844699672,9.850352003813125,,
v,1156,1156,2.5266342819852308,False,est_warmstart,133.72109866498965,10.313219895413877,,
v,1156,1156,2.5266342819852308,False,view_gap,2.756298472636205,17.647599435893557,0.9996485029363784,0.9999822556227697
v,1157,1157,2.5231253305390013,False,T0_raw,179.17092733753213,2.455317844906184,,
v,1157,1157,2.5231253305390013,False,oracle,108.57766621808071,3.435485421885043,,
v,1157,1157,2.5231253305390013,False,est_gtstart,114.49520835731042,3.4863115434571474,,
v,1157,1157,2.5231253305390013,False,est_warmstart,114.56837691760121,4.217213733694278,,
v,1157,1157,2.5231253305390013,False,view_gap,2.695304450386722,10.779849243341744,0.9996497966781474,0.9998087244971018
v,1158,1158,2.5198034434156207,False,T0_raw,178.15953131258652,2.5992988114943336,,
v,1158,1158,2.5198034434156207,False,oracle,112.3611401482192,4.661334222401718,,
v,1158,1158,2.5198034434156207,False,est_gtstart,112.48379729383504,4.662835771269232,,
v,1158,1158,2.5198034434156207,False,est_warmstart,112.80076192749922,4.810472410731137,,
v,1158,1158,2.5198034434156207,False,view_gap,2.679848567937711,10.879617370134653,0.9999999252797164,0.9999999562492177
v,1159,1159,2.516522037201656,False,T0_raw,175.85561842789005,2.589795822180447,,
v,1159,1159,2.516522037201656,False,oracle,119.02317506984015,1.864307827623846,,
v,1159,1159,2.516522037201656,False,est_gtstart,124.04974719556773,1.7809448507527144,,
v,1159,1159,2.516522037201656,False,est_warmstart,124.43005672217029,1.7689422664117833,,
v,1159,1159,2.516522037201656,False,view_gap,2.640940253810997,15.8559242806664,0.999656121937124,0.9999740263014878
v,1160,1160,2.513187057494196,False,T0_raw,175.79957892028423,2.3113701329161667,,
v,1160,1160,2.513187057494196,False,oracle,109.90294147852157,5.934361059151609,,
v,1160,1160,2.513187057494196,False,est_gtstart,114.82038071828991,5.776528820070079,,
v,1160,1160,2.513187057494196,False,est_warmstart,115.98191836330929,1.800454187076517,,
v,1160,1160,2.513187057494196,False,view_gap,2.6435876247659684,11.468722663573683,0.9996564652739175,0.999972498882284
v,1161,1161,2.5100939183234328,False,T0_raw,172.624289456403,2.2603369497096466,,
v,1161,1161,2.5100939183234328,False,oracle,105.14113142954741,4.389602893766262,,
v,1161,1161,2.5100939183234328,False,est_gtstart,105.11869719441522,4.399438379782803,,
v,1161,1161,2.5100939183234328,False,est_warmstart,105.59852748231286,4.464835783035816,,
v,1161,1161,2.5100939183234328,False,view_gap,2.594002320617113,13.45859790734627,0.9999999338024649,0.9999997987564595
v,1162,1162,2.5065975240429013,False,T0_raw,170.86638630497424,1.9582318699108956,,
v,1162,1162,2.5065975240429013,False,oracle,102.03863230882152,4.737788776887098,,
v,1162,1162,2.5065975240429013,False,est_gtstart,105.33956856390762,4.906031480496274,,
v,1162,1162,2.5065975240429013,False,est_warmstart,105.98468286690465,4.776333960008481,,
v,1162,1162,2.5065975240429013,False,view_gap,2.5693881428892174,10.552185192765684,0.9994423648975377,0.9999006861470561
v,1163,1163,2.503247133830306,False,T0_raw,182.7449106712146,3.3959049085603925,,
v,1163,1163,2.503247133830306,False,oracle,108.67520417586944,11.473507918323742,,
v,1163,1163,2.503247133830306,False,est_gtstart,112.82084336994654,11.642224333141645,,
v,1163,1163,2.503247133830306,False,est_warmstart,113.54878227670876,11.667654674418275,,
v,1163,1163,2.503247133830306,False,view_gap,2.7501293009654044,4.307610183357902,0.9994424339467359,0.9997363017633589
v,1164,1164,2.500139478091947,False,T0_raw,172.84610706222574,2.3775639359724714,,
v,1164,1164,2.500139478091947,False,oracle,109.16466761195069,5.27524743084355,,
v,1164,1164,2.500139478091947,False,est_gtstart,109.24089567956909,5.276783628015897,,
v,1164,1164,2.500139478091947,False,est_warmstart,109.27252696876623,5.467053995544423,,
v,1164,1164,2.500139478091947,False,view_gap,2.598877009735842,10.762361710284551,0.9999999362812217,0.9999999349371356
v,1165,1165,2.4966874275853495,False,T0_raw,183.0957462893828,3.9076521784341423,,
v,1165,1165,2.4966874275853495,False,oracle,112.63848004115573,9.893864351350492,,
v,1165,1165,2.4966874275853495,False,est_gtstart,118.301732548551,9.87044874089347,,
v,1165,1165,2.4966874275853495,False,est_warmstart,118.51764294353177,9.90475376375943,,
v,1165,1165,2.4966874275853495,False,view_gap,2.754868028590583,6.878152240254565,0.9994661665732373,0.9996984094596388
v,1166,1166,2.493324643016054,False,T0_raw,172.56814525987494,2.0042648916984245,,
v,1166,1166,2.493324643016054,False,oracle,97.48556079388555,5.121897770402176,,
v,1166,1166,2.493324643016054,False,est_gtstart,102.58483658190204,5.064146420363838,,
v,1166,1166,2.493324643016054,False,est_warmstart,103.14524123290997,5.335485398456833,,
v,1166,1166,2.493324643016054,False,view_gap,2.596253926933632,6.057596270171661,0.9994679271885218,0.9994986155506251
v,1167,1167,2.490204900214618,False,T0_raw,168.3967564203203,2.049481403417783,,
v,1167,1167,2.490204900214618,False,oracle,114.20687788896527,8.332685816420245,,
v,1167,1167,2.490204900214618,False,est_gtstart,114.26239958427315,8.329361509107267,,
v,1167,1167,2.490204900214618,False,est_warmstart,113.33422379026392,8.80694021974297,,
v,1167,1167,2.490204900214618,False,view_gap,2.5302842110479733,12.210462784319809,0.9999999438233151,0.9999999961911138
v,1168,1168,2.4868141214824258,False,T0_raw,173.66242875352123,0.8437496131356227,,
v,1168,1168,2.4868141214824258,False,oracle,104.33952832196921,4.439518337035885,,
v,1168,1168,2.4868141214824258,False,est_gtstart,104.37083016010435,4.437453282793545,,
v,1168,1168,2.4868141214824258,False,est_warmstart,105.20116876686726,4.850282594033901,,
v,1168,1168,2.4868141214824258,False,view_gap,2.6093213595868403,12.703515857754422,0.999999941197762,0.9999998747320481
v,1169,1169,2.483439327559784,False,T0_raw,171.4424787238453,0.6216830503299077,,
v,1169,1169,2.483439327559784,False,oracle,103.02957129882046,4.5336830763951514,,
v,1169,1169,2.483439327559784,False,est_gtstart,103.08065022994431,4.553596221903006,,
v,1169,1169,2.483439327559784,False,est_warmstart,103.30540489358592,5.12700363526208,,
v,1169,1169,2.483439327559784,False,view_gap,2.5732360846766698,15.37635878475374,0.9999999421136113,0.999999865914736
v,1170,1170,2.480313728542099,False,T0_raw,164.6853407636606,1.4667064780527745,,
v,1170,1170,2.480313728542099,False,oracle,89.51037462532317,3.559949788264972,,
v,1170,1170,2.480313728542099,False,est_gtstart,89.56514068966423,3.558346257713461,,
v,1170,1170,2.480313728542099,False,est_warmstart,89.44143150468692,3.9856644000179147,,
v,1170,1170,2.480313728542099,False,view_gap,2.4607717738123034,22.464977887857618,0.9999999460085669,0.9999999914013009
v,1171,1171,2.477012827541553,False,T0_raw,167.14184757687357,1.4835811899233138,,
v,1171,1171,2.477012827541553,False,oracle,84.29466109143681,3.689014577466466,,
v,1171,1171,2.477012827541553,False,est_gtstart,84.3150439833887,3.6915103046185385,,
v,1171,1171,2.477012827541553,False,est_warmstart,84.15434751808012,4.099843060095535,,
v,1171,1171,2.477012827541553,False,view_gap,2.4987837336995833,22.032551240941167,0.9999999466327705,0.9999998580908498
v,1172,1172,2.4736402585737824,False,T0_raw,187.42621437886265,5.701106661064035,,
v,1172,1172,2.4736402585737824,False,oracle,162.21679938583412,9.78831344734469,,
v,1172,1172,2.4736402585737824,False,est_gtstart,162.228445395827,9.779363567656118,,
v,1172,1172,2.4736402585737824,False,est_warmstart,162.92803706319918,10.047690492752785,,
v,1172,1172,2.4736402585737824,False,view_gap,2.7952560833804587,19.882336416808144,0.999999939697704,0.9999997461088861
v,1173,1173,2.4705204068212905,False,T0_raw,165.65433781226804,1.5590520278530033,,
v,1173,1173,2.4705204068212905,False,oracle,75.92137050514238,3.946523247599105,,
v,1173,1173,2.4705204068212905,False,est_gtstart,75.91743348645545,3.9457527790519413,,
v,1173,1173,2.4705204068212905,False,est_warmstart,76.13063769985465,4.394352104048177,,
v,1173,1173,2.4705204068212905,False,view_gap,2.465352945325616,27.44473655376245,0.9999999510617792,0.9999994391673659
v,1174,1174,2.467274562439731,False,T0_raw,165.61566946867444,1.6584144520578583,,
v,1174,1174,2.467274562439731,False,oracle,71.64653134896959,3.9506096549874923,,
v,1174,1174,2.467274562439731,False,est_gtstart,71.68573653606671,3.949393296119459,,
v,1174,1174,2.467274562439731,False,est_warmstart,71.79137181729038,4.383716328952844,,
v,1174,1174,2.467274562439731,False,view_gap,2.467610537098963,26.069563137168128,0.9999999526081139,0.9999995339036368
v,1175,1175,2.4639078374292116,False,T0_raw,167.5188446487237,2.1356138260204154,,
v,1175,1175,2.4639078374292116,False,oracle,71.78924340016992,3.744151784713688,,
v,1175,1175,2.4639078374292116,False,est_gtstart,71.81899971562432,3.7436595146265805,,
v,1175,1175,2.4639078374292116,False,est_warmstart,72.21993092612281,4.2465036959961795,,
v,1175,1175,2.4639078374292116,False,view_gap,2.487360723824418,30.18821134877525,0.9999999537042259,0.9999995950985848
v,1176,1176,2.460792899448743,False,T0_raw,167.9354771030909,1.7010956889959408,,
v,1176,1176,2.460792899448743,False,oracle,71.72643707821635,3.7050027074377163,,
v,1176,1176,2.460792899448743,False,est_gtstart,71.7424028145139,3.7036395710627703,,
v,1176,1176,2.460792899448743,False,est_warmstart,72.55228212802943,4.178662338806351,,
v,1176,1176,2.460792899448743,False,view_gap,2.4833694165995803,34.12353713177785,0.9999999558221985,0.9999996466837963
v,1177,1177,2.457603260729811,False,T0_raw,166.29881272415437,2.5089775048175063,,
v,1177,1177,2.457603260729811,False,oracle,72.81145220692353,3.4568129944107273,,
v,1177,1177,2.457603260729811,False,est_gtstart,72.81449893803983,3.4583071457836505,,
v,1177,1177,2.457603260729811,False,est_warmstart,73.42614590561749,3.9211302433845296,,
v,1177,1177,2.457603260729811,False,view_gap,2.4610340603449665,33.04821036237282,0.9999999579357715,0.9999996771767076
v,1178,1178,2.4542363769954583,False,T0_raw,167.9940726490104,2.351390953030778,,
v,1178,1178,2.4542363769954583,False,oracle,74.23495768958102,3.3846258533464995,,
v,1178,1178,2.4542363769954583,False,est_gtstart,74.25446397280245,3.383870320622235,,
v,1178,1178,2.4542363769954583,False,est_warmstart,75.41286280498063,3.742938336407482,,
v,1178,1178,2.4542363769954583,False,view_gap,2.471217117143572,38.40488779957685,0.9999999607101038,0.9999999442968257
v,1179,1179,2.4511193115402534,False,T0_raw,165.5582051110809,1.9735831918325544,,
v,1179,1179,2.4511193115402534,False,oracle,76.43207216364232,3.6078546115746795,,
v,1179,1179,2.4511193115402534,False,est_gtstart,76.43512040797138,3.6085642230928303,,
v,1179,1179,2.4511193115402534,False,est_warmstart,78.34595186143571,3.9777759746949792,,
v,1179,1179,2.4511193115402534,False,view_gap,2.4041961188531795,46.312899725448716,0.9999999628445718,0.9999996555469219
v,1180,1180,2.4479922306625572,False,T0_raw,169.16179339900873,2.1819971696098204,,
v,1180,1180,2.4479922306625572,False,oracle,80.60538898082638,3.6911447958823596,,
v,1180,1180,2.4479922306625572,False,est_gtstart,80.57469288067277,3.6925010784331427,,
v,1180,1180,2.4479922306625572,False,est_warmstart,82.13784034917369,4.035162196087407,,
v,1180,1180,2.4479922306625572,False,view_gap,2.456402290178051,47.41582464008998,0.9999999634339832,0.9999995898206243
v,1181,1181,2.444616363542607,False,T0_raw,169.3455521825031,2.992272822161076,,
v,1181,1181,2.444616363542607,False,oracle,85.21497217085182,3.9628774623781586,,
v,1181,1181,2.444616363542607,False,est_gtstart,85.23826245341465,3.96242368973856,,
v,1181,1181,2.444616363542607,False,est_warmstart,86.42062764654807,4.287536295509446,,
v,1181,1181,2.444616363542607,False,view_gap,2.425767622302011,54.895254983283515,0.9999999676795682,0.9999999526205495
v,1182,1182,2.4414904601806606,False,T0_raw,176.51298082096915,2.444772001322694,,
v,1182,1182,2.4414904601806606,False,oracle,95.13722446308833,2.9240534892972634,,
v,1182,1182,2.4414904601806606,False,est_gtstart,95.19108572674696,2.923926746287772,,
v,1182,1182,2.4414904601806606,False,est_warmstart,97.54846080667832,3.123987131226255,,
v,1182,1182,2.4414904601806606,False,view_gap,2.4798211730128736,66.46125046225882,0.9999999677765204,0.9999998692813066
v,1183,1183,2.4382306036420247,False,T0_raw,178.1223177742558,2.467566173908005,,
v,1183,1183,2.4382306036420247,False,oracle,94.58676193568644,3.082362275977203,,
v,1183,1183,2.4382306036420247,False,est_gtstart,94.58292144772194,3.0817533945574183,,
v,1183,1183,2.4382306036420247,False,est_warmstart,99.19581445328177,3.3368136804238704,,
v,1183,1183,2.4382306036420247,False,view_gap,2.48950881545038,69.26224081998144,0.9999999692715671,0.9999997111375575
v,1184,1184,2.4351052072906105,False,T0_raw,175.77885046966688,2.2175560093288396,,
v,1184,1184,2.4351052072906105,False,oracle,93.65912835087002,2.6819486594073356,,
v,1184,1184,2.4351052072906105,False,est_gtstart,93.63994118517772,2.6839713117465926,,
v,1184,1184,2.4351052072906105,False,est_warmstart,99.10791903556395,2.9461440371793257,,
v,1184,1184,2.4351052072906105,False,view_gap,2.465291281243682,66.86577269970061,0.9999999707022575,0.9999999080860118
v,1185,1185,2.43206768106681,False,T0_raw,176.56084215858155,2.766266233098655,,
v,1185,1185,2.43206768106681,False,oracle,94.42586018298633,2.979777690385992,,
v,1185,1185,2.43206768106681,False,est_gtstart,94.4106015807565,2.979762631462987,,
v,1185,1185,2.43206768106681,False,est_warmstart,98.71092198215248,3.1837561042876534,,
v,1185,1185,2.43206768106681,False,view_gap,2.4964349205742655,63.64079684500234,0.9999999720916516,0.9999999486230622
v,1186,1186,2.4286852573401103,False,T0_raw,176.79094105678905,2.2818396390664026,,
v,1186,1186,2.4286852573401103,False,oracle,100.43995014477267,2.5227493925197972,,
v,1186,1186,2.4286852573401103,False,est_gtstart,100.41804182093219,2.5211032112369547,,
v,1186,1186,2.4286852573401103,False,est_warmstart,103.9067995010145,2.666300376272734,,
v,1186,1186,2.4286852573401103,False,view_gap,2.4903020081371867,65.39080500777229,0.9999999733588603,0.999999826511052
v,1187,1187,2.425557167258492,False,T0_raw,173.04180010299154,2.1602266521050058,,
v,1187,1187,2.425557167258492,False,oracle,94.22489609762353,3.0755822174089698,,
v,1187,1187,2.425557167258492,False,est_gtstart,94.21931599334256,3.0771760006599695,,
v,1187,1187,2.425557167258492,False,est_warmstart,97.53384593860241,3.1514049632011867,,
v,1187,1187,2.425557167258492,False,view_gap,2.4565202950512113,60.46265904601489,0.9999999764460198,0.9999999795769865
v,1188,1188,2.4225859467509188,False,T0_raw,171.3367421495526,3.1477476747053683,,
v,1188,1188,2.4225859467509188,False,oracle,98.40842011999335,3.7108985126580367,,
v,1188,1188,2.4225859467509188,False,est_gtstart,98.35888098609739,3.7103921776954034,,
v,1188,1188,2.4225859467509188,False,est_warmstart,102.83187030070957,3.7385805945615305,,
v,1188,1188,2.4225859467509188,False,view_gap,2.474585134392377,51.120470372216346,0.9999999776467956,0.9999999198421754
v,1189,1189,2.4192098735214227,False,T0_raw,173.69056653746293,2.6272509588334674,,
v,1189,1189,2.4192098735214227,False,oracle,99.5735932182321,3.0967960300073356,,
v,1189,1189,2.4192098735214227,False,est_gtstart,99.5585657289571,3.0954789037101755,,
v,1189,1189,2.4192098735214227,False,est_warmstart,101.37330980796577,3.019249560824868,,
v,1189,1189,2.4192098735214227,False,view_gap,2.4964712713371062,54.53893776193341,0.9999999781377467,0.9999999711581771
v,1190,1190,2.4160911829156078,False,T0_raw,174.60181310938378,2.2345319147486693,,
v,1190,1190,2.4160911829156078,False,oracle,100.14325578591153,2.7650987488886805,,
v,1190,1190,2.4160911829156078,False,est_gtstart,100.11877098857194,2.7640067357842035,,
v,1190,1190,2.4160911829156078,False,est_warmstart,103.84246025277808,2.745965322718548,,
v,1190,1190,2.4160911829156078,False,view_gap,2.4947130907756647,57.91515727033536,0.999999980697749,0.9999999670288756
v,1191,1191,2.4131920895110457,False,T0_raw,173.52926962751673,2.947093381884168,,
v,1191,1191,2.4131920895110457,False,oracle,101.80575731775028,3.6450996946341174,,
v,1191,1191,2.4131920895110457,False,est_gtstart,101.79028814638902,3.6461116637126203,,
v,1191,1191,2.4131920895110457,False,est_warmstart,105.50426900908309,3.315777688177877,,
v,1191,1191,2.4131920895110457,False,view_gap,2.501960994558534,52.77627866561918,0.9999999817677078,0.9999999929375402
v,1192,1192,2.409818562751522,False,T0_raw,176.28989323208816,2.896250024344177,,
v,1192,1192,2.409818562751522,False,oracle,107.99680485595282,3.2444028577351163,,
v,1192,1192,2.409818562751522,False,est_gtstart,107.98439149791653,3.2453847816665733,,
v,1192,1192,2.409818562751522,False,est_warmstart,110.95535187566723,3.021182577076258,,
v,1192,1192,2.409818562751522,False,view_gap,2.5632716352635816,48.61786304788129,0.9999999810007993,0.9999999636018323
v,1193,1193,2.406693528945769,False,T0_raw,177.96224882773595,2.467818102205992,,
v,1193,1193,2.406693528945769,False,oracle,116.13931593858356,3.1952391416015846,,
v,1193,1193,2.406693528945769,False,est_gtstart,116.1159838708628,3.193538589183146,,
v,1193,1193,2.406693528945769,False,est_warmstart,117.53275156757597,2.986172939075322,,
v,1193,1193,2.406693528945769,False,view_gap,2.582160165630659,50.45186148222225,0.9999999820446377,0.9999999899876376
v,1194,1194,2.403841083663127,False,T0_raw,185.7784774786314,5.269751831863996,,
v,1194,1194,2.403841083663127,False,oracle,136.98768404857384,9.646482354253552,,
v,1194,1194,2.403841083663127,False,est_gtstart,136.96783823017643,9.64440495964887,,
v,1194,1194,2.403841083663127,False,est_warmstart,141.3567152956168,9.025696903127823,,
v,1194,1194,2.403841083663127,False,view_gap,2.7456234079119115,38.4766265528591,0.9999999788167206,0.9999999843773844
v,1195,1195,2.401265166574555,False,T0_raw,184.22754366571982,4.395242413884214,,
v,1195,1195,2.401265166574555,False,oracle,138.60406844164467,9.808572952986616,,
v,1195,1195,2.401265166574555,False,est_gtstart,138.56682601015487,9.807628699030698,,
v,1195,1195,2.401265166574555,False,est_warmstart,140.9068520444346,9.279015963533475,,
v,1195,1195,2.401265166574555,False,view_gap,2.707609455227357,43.0666962683528,0.9999999805825237,0.9999999882325329
v,1196,1196,2.398966203160307,False,T0_raw,188.47328897091205,4.837270758953235,,
v,1196,1196,2.398966203160307,False,oracle,148.4796266741703,12.949832301968659,,
v,1196,1196,2.398966203160307,False,est_gtstart,148.45418996911707,12.946124491900964,,
v,1196,1196,2.398966203160307,False,est_warmstart,154.92052087201517,12.08208056182406,,
v,1196,1196,2.398966203160307,False,view_gap,2.792189391330191,36.67674993761638,0.9999999799434349,0.9999999941508214
v,1197,1197,2.3969468116448276,False,T0_raw,167.8137297605991,7.056239153815499,,
v,1197,1197,2.3969468116448276,False,oracle,148.0865514105892,14.868237364516547,,
v,1197,1197,2.3969468116448276,False,est_gtstart,148.08192868152017,14.869404504233772,,
v,1197,1197,2.3969468116448276,False,est_warmstart,154.46854017758668,16.107102019827206,,
v,1197,1197,2.3969468116448276,False,view_gap,2.506163119483973,22.98473612897567,0.9999999777653744,0.9999998701958689
v,1198,1198,2.395210334575368,False,T0_raw,180.89967855046515,2.5689135174436717,,
v,1198,1198,2.395210334575368,False,oracle,128.9186463734232,4.4878108123156935,,
v,1198,1198,2.395210334575368,False,est_gtstart,128.89246621896223,4.486654508744762,,
v,1198,1198,2.395210334575368,False,est_warmstart,130.61492934787188,3.9037488922759165,,
v,1198,1198,2.395210334575368,False,view_gap,2.6386102058534227,47.93324955486389,0.9999999867043322,0.9999999972409267
v,1199,1199,2.3937603126580935,False,T0_raw,181.79458401467832,3.2987029874621734,,
v,1199,1199,2.3937603126580935,False,oracle,134.61222382377485,4.576519809515615,,
v,1199,1199,2.3937603126580935,False,est_gtstart,134.51955326754992,4.571904986558055,,
v,1199,1199,2.3937603126580935,False,est_warmstart,137.92190650613972,4.235080858258146,,
v,1199,1199,2.3937603126580935,False,view_gap,2.6623695394750952,45.302081727356835,0.9999999875499843,0.9999999852480999
v,1200,1200,2.3925983719042714,False,T0_raw,185.75623565976483,3.0723039030842894,,
v,1200,1200,2.3925983719042714,False,oracle,124.95597709753793,3.8525023458078302,,
v,1200,1200,2.3925983719042714,False,est_gtstart,124.89927933854126,3.8515094993173196,,
v,1200,1200,2.3925983719042714,False,est_warmstart,127.16278578735918,3.519387598492023,,
v,1200,1200,2.3925983719042714,False,view_gap,2.7085454023995243,49.631933544746154,0.9999999882593169,0.9999998577284284
v,1201,1201,2.391725031827582,False,T0_raw,183.85168426297642,2.594835259219504,,
v,1201,1201,2.391725031827582,False,oracle,138.48431855608553,3.854920199729437,,
v,1201,1201,2.391725031827582,False,est_gtstart,138.40958844066708,3.85287148230564,,
v,1201,1201,2.391725031827582,False,est_warmstart,139.55552579814184,3.606941133820161,,
v,1201,1201,2.391725031827582,False,view_gap,2.682799109052655,48.57178024583631,0.9999999890957103,0.9999999904307109
v,1202,1202,2.3911418539306335,False,T0_raw,177.0422756644307,2.866609019259752,,
v,1202,1202,2.3911418539306335,False,oracle,137.42249487761967,7.435272091536292,,
v,1202,1202,2.3911418539306335,False,est_gtstart,137.38605769632738,7.434090074807854,,
v,1202,1202,2.3911418539306335,False,est_warmstart,130.40018360607567,4.832963230127682,,
v,1202,1202,2.3911418539306335,False,view_gap,2.604755732187327,40.53925246748058,0.9999999881301659,0.9999999969310059
v,1203,1203,2.3908466136073994,False,T0_raw,176.57126213333152,2.148900442605798,,
v,1203,1203,2.3908466136073994,False,oracle,127.78525506071212,4.132667501803228,,
v,1203,1203,2.3908466136073994,False,est_gtstart,127.76056017851356,4.130934722870092,,
v,1203,1203,2.3908466136073994,False,est_warmstart,128.61566874217075,3.9242771788666935,,
v,1203,1203,2.3908466136073994,False,view_gap,2.5710328433359164,47.961293690539804,0.9999999904433091,0.9999999776078609
v,1204,1204,2.3908410547616534,False,T0_raw,170.67637918035598,1.5667820541647453,,
v,1204,1204,2.3908410547616534,False,oracle,132.50700321169236,3.8144173561342103,,
v,1204,1204,2.3908410547616534,False,est_gtstart,132.45576529526926,3.8110340145972907,,
v,1204,1204,2.3908410547616534,False,est_warmstart,133.901746984137,3.4393894754011156,,
v,1204,1204,2.3908410547616534,False,view_gap,2.4818452504681963,47.0948009056551,0.9999999917333812,0.9999999576218717
v,1205,1205,2.3911256805343624,False,T0_raw,167.09774639280738,2.7046934928579547,,
v,1205,1205,2.3911256805343624,False,oracle,140.9125407501493,7.364908881370322,,
v,1205,1205,2.3911256805343624,False,est_gtstart,140.85489977414295,7.366621149536581,,
v,1205,1205,2.3911256805343624,False,est_warmstart,141.1785489340264,5.767313224487619,,
v,1205,1205,2.3911256805343624,False,view_gap,2.4443856433531965,42.23769048797088,0.9999999917349754,0.9999999892093493
v,1206,1206,2.3917005179458686,False,T0_raw,168.84217751974975,2.398428371449319,,
v,1206,1206,2.3917005179458686,False,oracle,141.747909221912,5.90355497065846,,
v,1206,1206,2.3917005179458686,False,est_gtstart,141.72674865548277,5.9065108214440025,,
v,1206,1206,2.3917005179458686,False,est_warmstart,142.64006302382327,5.348458715596613,,
v,1206,1206,2.3917005179458686,False,view_gap,2.4504353048776153,47.76556856493119,0.9999999930880901,0.9999999974605261
v,1207,1207,2.3925641855542774,False,T0_raw,168.09119668822504,2.5129087721853285,,
v,1207,1207,2.3925641855542774,False,oracle,141.67020049458714,5.198938317826627,,
v,1207,1207,2.3925641855542774,False,est_gtstart,141.6438190256394,5.199082446642263,,
v,1207,1207,2.3925641855542774,False,est_warmstart,142.83174663401195,4.900956602290121,,
v,1207,1207,2.3925641855542774,False,view_gap,2.4405485344990825,47.319540294372686,0.9999999933466877,0.9999999998972018
v,1208,1208,2.393715499407006,False,T0_raw,168.26360760600383,3.162426960016924,,
v,1208,1208,2.393715499407006,False,oracle,148.69191319328013,7.025002620846721,,
v,1208,1208,2.393715499407006,False,est_gtstart,148.6365685516102,7.028564904388878,,
v,1208,1208,2.393715499407006,False,est_warmstart,149.5819136971281,6.307375119874962,,
v,1208,1208,2.393715499407006,False,view_gap,2.4386609926890226,48.45383490535493,0.9999999937237742,0.9999999832325499
v,1209,1209,2.395153526337903,False,T0_raw,169.94802504896992,2.0314419577932843,,
v,1209,1209,2.395153526337903,False,oracle,144.64170022663836,4.4579554975808175,,
v,1209,1209,2.395153526337903,False,est_gtstart,144.62039109325477,4.457816780296783,,
v,1209,1209,2.395153526337903,False,est_warmstart,145.08773796003908,3.68338107360475,,
v,1209,1209,2.395153526337903,False,view_gap,2.450646962008037,51.84592751958262,0.9999999940346771,0.9999999981329284
v,1210,1210,2.3968758787763704,False,T0_raw,168.3665166484176,2.8729573542944697,,
v,1210,1210,2.3968758787763704,False,oracle,146.449768649324,5.410601068108572,,
v,1210,1210,2.3968758787763704,False,est_gtstart,146.41705773846243,5.413494558281162,,
v,1210,1210,2.3968758787763704,False,est_warmstart,145.68810785946485,4.6247408543563955,,
v,1210,1210,2.3968758787763704,False,view_gap,2.4504711902521197,46.03277458425481,0.9999999937988018,0.999999996323737
v,1211,1211,2.3988815816071116,False,T0_raw,164.96570920492516,4.76877435653037,,
v,1211,1211,2.3988815816071116,False,oracle,148.8616923857419,7.557218322772737,,
v,1211,1211,2.3988815816071116,False,est_gtstart,148.8271850873413,7.556169998735595,,
v,1211,1211,2.3988815816071116,False,est_warmstart,148.52237252116274,6.252366882625782,,
v,1211,1211,2.3988815816071116,False,view_gap,2.421281381998321,39.564671712791544,0.9999999934791789,0.9999999957448513
v,1212,1212,2.401166800453913,False,T0_raw,169.05505582826055,3.1242217650051898,,
v,1212,1212,2.401166800453913,False,oracle,142.92676376059546,5.170480590968035,,
v,1212,1212,2.401166800453913,False,est_gtstart,142.89558752965928,5.169336488374524,,
v,1212,1212,2.401166800453913,False,est_warmstart,142.8708503775934,4.21877125925876,,
v,1212,1212,2.401166800453913,False,view_gap,2.446314843232235,49.718162018822284,0.9999999946664505,0.9999999978322291
v,1213,1213,2.403728478617514,False,T0_raw,170.23334556778622,1.8066655095278703,,
v,1213,1213,2.403728478617514,False,oracle,150.37727871382415,3.9748368199823316,,
v,1213,1213,2.403728478617514,False,est_gtstart,150.35052439744894,3.973402925051077,,
v,1213,1213,2.403728478617514,False,est_warmstart,150.62585821307272,3.527046336255954,,
v,1213,1213,2.403728478617514,False,view_gap,2.425584104086441,58.073128412810426,0.9999999956078628,0.9999999888203585
v,1214,1214,2.406563493675751,False,T0_raw,173.60030742511609,3.3767766612282615,,
v,1214,1214,2.406563493675751,False,oracle,162.180051121789,5.27382521392072,,
v,1214,1214,2.406563493675751,False,est_gtstart,162.15088506785565,5.2752662213448405,,
v,1214,1214,2.406563493675751,False,est_warmstart,163.3046789653855,5.11651429885612,,
v,1214,1214,2.406563493675751,False,view_gap,2.506571608629394,52.48696615118442,0.9999999948194698,0.9999999933024645
v,1215,1215,2.4096655417493387,False,T0_raw,172.45770822825912,3.6540050878720747,,
v,1215,1215,2.4096655417493387,False,oracle,162.919891620403,5.468047177345832,,
v,1215,1215,2.4096655417493387,False,est_gtstart,153.79484888458785,5.247594040765088,,
v,1215,1215,2.4096655417493387,False,est_warmstart,156.8297411787846,5.006389172277889,,
v,1215,1215,2.4096655417493387,False,view_gap,2.473108702696614,55.79261104897304,0.9995040337554448,0.9996368822842824
v,1216,1216,2.413028603781053,False,T0_raw,172.0787210621084,1.638864773675388,,
v,1216,1216,2.413028603781053,False,oracle,154.41602704580694,3.8988214243708916,,
v,1216,1216,2.413028603781053,False,est_gtstart,153.74262286824174,3.949006925811147,,
v,1216,1216,2.413028603781053,False,est_warmstart,157.25872513794064,3.607566737993246,,
v,1216,1216,2.413028603781053,False,view_gap,2.439683523018891,61.1376040241538,0.9999751563811016,0.9999953976642244
v,1217,1217,2.416647327455512,False,T0_raw,174.46770931627424,2.5155474661760313,,
v,1217,1217,2.416647327455512,False,oracle,158.0858175464752,4.729950770564303,,
v,1217,1217,2.416647327455512,False,est_gtstart,157.78918741896558,4.755019137256239,,
v,1217,1217,2.416647327455512,False,est_warmstart,160.24153521902247,4.3251673441987695,,
v,1217,1217,2.416647327455512,False,view_gap,2.4746171439493927,61.87848431427278,0.9999750795718316,0.999994217932873
v,1218,1218,2.420515063899334,False,T0_raw,178.34201841322843,3.5423467966218642,,
v,1218,1218,2.420515063899334,False,oracle,166.15416848819666,5.6913445485806315,,
v,1218,1218,2.420515063899334,False,est_gtstart,159.26966096740873,5.32069255480487,,
v,1218,1218,2.420515063899334,False,est_warmstart,161.7811397643929,4.999496059190952,,
v,1218,1218,2.420515063899334,False,view_gap,2.550344752953536,59.4007784095707,0.9996648249728876,0.9998325451212893
v,1219,1219,2.4246248074422314,False,T0_raw,177.2443498195783,2.4752641074302755,,
v,1219,1219,2.4246248074422314,False,oracle,160.3495352757787,4.526574625879734,,
v,1219,1219,2.4246248074422314,False,est_gtstart,160.32995840275086,4.527232166940477,,
v,1219,1219,2.4246248074422314,False,est_warmstart,164.28907065166965,3.9702424012450535,,
v,1219,1219,2.4246248074422314,False,view_gap,2.5228329581726308,61.35052537134244,0.9999999931535416,0.9999999979850287
v,1220,1220,2.428968469180552,False,T0_raw,179.36081809578047,2.6278202480055275,,
v,1220,1220,2.428968469180552,False,oracle,162.51601544687568,5.415225638356732,,
v,1220,1220,2.428968469180552,False,est_gtstart,162.50400928767073,5.413306462678181,,
v,1220,1220,2.428968469180552,False,est_warmstart,165.4617881989693,4.330947066309856,,
v,1220,1220,2.428968469180552,False,view_gap,2.555298780177061,61.72746864626966,0.9999999921276359,0.9999999804461217
v,1221,1221,2.4335378974353485,False,T0_raw,183.14818065214135,2.2732722444970253,,
v,1221,1221,2.4335378974353485,False,oracle,171.83766347862647,4.113206078196367,,
v,1221,1221,2.4335378974353485,False,est_gtstart,165.72894970338618,3.931387571870879,,
v,1221,1221,2.4335378974353485,False,est_warmstart,167.63028152246366,3.2529575520676905,,
v,1221,1221,2.4335378974353485,False,view_gap,2.6110644655938877,62.81749822230154,0.9997322556943516,0.9997816743419947
v,1222,1222,2.4383254036101163,False,T0_raw,179.5667604572801,3.4160650049897727,,
v,1222,1222,2.4383254036101163,False,oracle,164.77059850394767,5.074897465658898,,
v,1222,1222,2.4383254036101163,False,est_gtstart,163.71145085369358,5.043809853871553,,
v,1222,1222,2.4383254036101163,False,est_warmstart,164.15922871575177,4.782964098424831,,
v,1222,1222,2.4383254036101163,False,view_gap,2.5848262891920273,56.52784965583013,0.9999244744063652,0.999938845615545
v,1223,1223,2.443315469805377,False,T0_raw,175.66511404990058,1.8461763415766215,,
v,1223,1223,2.443315469805377,False,oracle,163.24804309027863,3.2379764659072983,,
v,1223,1223,2.443315469805377,False,est_gtstart,163.23781824497556,3.238849267034068,,
v,1223,1223,2.443315469805377,False,est_warmstart,165.61163957096744,2.9558640898210364,,
v,1223,1223,2.443315469805377,False,view_gap,2.5290848256342917,55.168692759612,0.9999999929498633,0.9999999943838529
v,1224,1224,2.448485123569161,False,T0_raw,182.17955741282054,2.6465649267529483,,
v,1224,1224,2.448485123569161,False,oracle,165.07644249444039,4.208861901039433,,
v,1224,1224,2.448485123569161,False,est_gtstart,165.07427316120268,4.212425059559169,,
v,1224,1224,2.448485123569161,False,est_warmstart,164.62746388259794,3.600609874941846,,
v,1224,1224,2.448485123569161,False,view_gap,2.6236191297258276,57.25874446483337,0.9999999918181898,0.999999938054052
v,1225,1225,2.453823912027372,False,T0_raw,178.26215062357073,1.6491564893232271,,
v,1225,1225,2.453823912027372,False,oracle,159.39947123154312,2.589347036476603,,
v,1225,1225,2.453823912027372,False,est_gtstart,159.41926421094652,2.5898432793350086,,
v,1225,1225,2.453823912027372,False,est_warmstart,161.02839557911,2.172354646127617,,
v,1225,1225,2.453823912027372,False,view_gap,2.565395224688124,56.36153360742702,0.9999999908838751,0.999999972711648
v,1226,1226,2.4593248792860756,False,T0_raw,175.9634865265036,1.4087409054014643,,
v,1226,1226,2.4593248792860756,False,oracle,159.59726524367352,2.373430294130555,,
v,1226,1226,2.4593248792860756,False,est_gtstart,159.41974913939268,2.422665716731838,,
v,1226,1226,2.4593248792860756,False,est_warmstart,159.79215116382287,2.1620579925095385,,
v,1226,1226,2.4593248792860756,False,view_gap,2.5378454512103694,54.430054958712674,0.9999108874800184,0.9999334227015907
v,1227,1227,2.4649818729209327,False,T0_raw,175.27802266359998,1.300527367925983,,
v,1227,1227,2.4649818729209327,False,oracle,148.5444526841419,2.2987613607383133,,
v,1227,1227,2.4649818729209327,False,est_gtstart,148.55011384900473,2.2988060566470803,,
v,1227,1227,2.4649818729209327,False,est_warmstart,150.37726803736314,2.580503106727829,,
v,1227,1227,2.4649818729209327,False,view_gap,2.5420414134151383,51.06397217080571,0.9999999791509017,0.9999999938410811
v,1228,1228,2.470785187346316,False,T0_raw,176.4900275987997,1.192432171658126,,
v,1228,1228,2.470785187346316,False,oracle,155.73902728118614,2.821496750982341,,
v,1228,1228,2.470785187346316,False,est_gtstart,154.43785922213246,2.8639052909976224,,
v,1228,1228,2.470785187346316,False,est_warmstart,155.7880580473142,2.4312446537923873,,
v,1228,1228,2.470785187346316,False,view_gap,2.562640515415916,50.769497025365155,0.9998434797463376,0.9998956052913679
v,1229,1229,2.4827915562533773,False,T0_raw,170.28272688899636,2.4923375395322114,,
v,1229,1229,2.4827915562533773,False,oracle,151.42919810399928,3.7556810649396675,,
v,1229,1229,2.4827915562533773,False,est_gtstart,157.73361929428154,4.1535960026158785,,
v,1229,1229,2.4827915562533773,False,est_warmstart,158.62602798536884,3.898849900767285,,
v,1229,1229,2.4827915562533773,False,view_gap,2.475123300788025,48.278795743617934,0.999037399327721,0.9995971752040036
v,1230,1230,2.4889762830442685,False,T0_raw,171.6680705347784,2.7050032831731525,,
v,1230,1230,2.4889762830442685,False,oracle,148.83908346862177,4.126816047782406,,
v,1230,1230,2.4889762830442685,False,est_gtstart,148.86040858245005,4.13111359526447,,
v,1230,1230,2.4889762830442685,False,est_warmstart,149.75717301109665,3.947694071473772,,
v,1230,1230,2.4889762830442685,False,view_gap,2.507731017476559,45.615658879674115,0.9999999229769375,0.9999999060818817
v,1231,1231,2.495266995764252,False,T0_raw,170.5331804986589,2.764484367916687,,
v,1231,1231,2.495266995764252,False,oracle,150.3460518261648,3.4563175650506297,,
v,1231,1231,2.495266995764252,False,est_gtstart,149.47297294811037,3.4931730111434516,,
v,1231,1231,2.495266995764252,False,est_warmstart,151.96262515173157,3.026018831848306,,
v,1231,1231,2.495266995764252,False,view_gap,2.512292947819852,39.36560848257731,0.9998870012143288,0.9999313902013371
v,1232,1232,2.5016516812340908,False,T0_raw,169.2887727495866,3.037648387667924,,
v,1232,1232,2.5016516812340908,False,oracle,147.50917169278512,4.313634849110677,,
v,1232,1232,2.5016516812340908,False,est_gtstart,146.4517524913003,4.514276175468748,,
v,1232,1232,2.5016516812340908,False,est_warmstart,149.4500304592734,3.783268225274385,,
v,1232,1232,2.5016516812340908,False,view_gap,2.510773891861454,33.45853202415006,0.9998861836689183,0.9998986497188888
v,1233,1233,2.508119325843442,False,T0_raw,174.50204012777908,2.9560220790522,,
v,1233,1233,2.508119325843442,False,oracle,139.34561718265255,2.58888627046209,,
v,1233,1233,2.508119325843442,False,est_gtstart,150.14392508841834,3.1740542525770183,,
v,1233,1233,2.508119325843442,False,est_warmstart,152.22113388881002,2.7514735937050387,,
v,1233,1233,2.508119325843442,False,view_gap,2.586913215698349,35.09738214969494,0.9995352331606492,0.9995776803448355
v,1234,1234,2.5146588024774643,False,T0_raw,174.5392906474005,3.6793502140691055,,
v,1234,1234,2.5146588024774643,False,oracle,139.74128449658014,3.174499050764994,,
v,1234,1234,2.5146588024774643,False,est_gtstart,149.78431843564968,4.6565248387567175,,
v,1234,1234,2.5146588024774643,False,est_warmstart,147.87838380230244,3.8892546370295427,,
v,1234,1234,2.5146588024774643,False,view_gap,2.589102661158928,34.551250427829586,0.9995334778458327,0.9997053554650023
v,1235,1235,2.5212549480939495,False,T0_raw,173.08730623308816,3.104688028513798,,
v,1235,1235,2.5212549480939495,False,oracle,140.85765529760482,2.9758019571825547,,
v,1235,1235,2.5212549480939495,False,est_gtstart,138.88248729860044,3.0170259916568645,,
v,1235,1235,2.5212549480939495,False,est_warmstart,139.85618637982,2.9319249341272458,,
v,1235,1235,2.5212549480939495,False,view_gap,2.567152705654211,34.41948659236304,0.9991523575673377,0.9996789733301448
v,1236,1236,2.5278939820946515,False,T0_raw,174.3714337943109,3.0693891056230753,,
v,1236,1236,2.5278939820946515,False,oracle,144.33436598862025,2.718600576630284,,
v,1236,1236,2.5278939820946515,False,est_gtstart,148.0558893485777,2.664477945485003,,
v,1236,1236,2.5278939820946515,False,est_warmstart,149.1809191562939,2.5479097256249137,,
v,1236,1236,2.5278939820946515,False,view_gap,2.5770328068981607,37.927310382458224,0.9985254800064217,0.9998358186219959
v,1237,1237,2.5345611710861973,False,T0_raw,174.67133836834606,2.4196233561537843,,
v,1237,1237,2.5345611710861973,False,oracle,143.1295627224631,3.594441250100711,,
v,1237,1237,2.5345611710861973,False,est_gtstart,141.5461949801208,3.7126085687540886,,
v,1237,1237,2.5345611710861973,False,est_warmstart,145.68111532005932,2.953081419366632,,
v,1237,1237,2.5345611710861973,False,view_gap,2.5922310098258423,34.27040534064396,0.998849456653996,0.9998088760008375
v,1238,1238,2.5412435167378358,False,T0_raw,177.9805207455154,3.3845027101180594,,
v,1238,1238,2.5412435167378358,False,oracle,148.39702538084958,2.7775592265435,,
v,1238,1238,2.5412435167378358,False,est_gtstart,148.4573123407693,2.7803276008282523,,
v,1238,1238,2.5412435167378358,False,est_warmstart,149.06149334452115,2.7236842950672098,,
v,1238,1238,2.5412435167378358,False,view_gap,2.639145054736622,35.85109080661919,0.9999988406552284,0.9999997292757568
v,1239,1239,2.547928488544183,False,T0_raw,177.74168017542573,3.4834180735512414,,
v,1239,1239,2.547928488544183,False,oracle,147.9513339866762,2.56429735447928,,
v,1239,1239,2.547928488544183,False,est_gtstart,145.3813109639847,2.9695672049805686,,
v,1239,1239,2.547928488544183,False,est_warmstart,146.00719701371557,2.942375777856294,,
v,1239,1239,2.547928488544183,False,view_gap,2.638293898847041,34.843475808399305,0.723103444577928,0.9990815822014716
v,1240,1240,2.554600633136161,False,T0_raw,178.6775609282034,3.589773433389901,,
v,1240,1240,2.554600633136161,False,oracle,156.67300284652012,3.2387096173685355,,
v,1240,1240,2.554600633136161,False,est_gtstart,159.1196593554018,3.130717698445948,,
v,1240,1240,2.554600633136161,False,est_warmstart,160.6879505732382,3.016133074054162,,
v,1240,1240,2.554600633136161,False,view_gap,2.6629614447784973,30.74985497415117,0.7214393085194916,0.9949013809990078
v,1241,1241,2.5612267367563213,False,T0_raw,178.00340127683768,3.9527276996791114,,
v,1241,1241,2.5612267367563213,False,oracle,154.87348685962098,3.376880885391901,,
v,1241,1241,2.5612267367563213,False,est_gtstart,151.73528249123564,3.644274134642111,,
v,1241,1241,2.5612267367563213,False,est_warmstart,153.89117250122848,3.0482275351536217,,
v,1241,1241,2.5612267367563213,False,view_gap,2.6558138123295407,29.34115338685528,0.9755445623824539,0.9997088638611672
v,1242,1242,2.567827188015408,False,T0_raw,179.13072342516577,3.492108297890095,,
v,1242,1242,2.567827188015408,False,oracle,163.72820062051497,4.254291119439088,,
v,1242,1242,2.567827188015408,False,est_gtstart,163.7923641488773,4.259266056579272,,
v,1242,1242,2.567827188015408,False,est_warmstart,166.31312715586816,3.814238434245327,,
v,1242,1242,2.567827188015408,False,view_gap,2.668292138341494,31.507551621620333,0.9999785312435336,0.9999999582603097
v,1243,1243,2.5743935355578933,False,T0_raw,177.81520838846134,3.7356964143506595,,
v,1243,1243,2.5743935355578933,False,oracle,162.9639639404511,4.562585954587611,,
v,1243,1243,2.5743935355578933,False,est_gtstart,167.28297706238206,4.838393358759284,,
v,1243,1243,2.5743935355578933,False,est_warmstart,168.42384180449125,4.360248711413692,,
v,1243,1243,2.5743935355578933,False,view_gap,2.6426884295923663,33.71939238428201,0.9835267892887638,0.9997851634615573
v,1244,1244,2.5809091913385784,False,T0_raw,175.71852058163032,4.3285551604682935,,
v,1244,1244,2.5809091913385784,False,oracle,150.1919941807065,3.6200072854425485,,
v,1244,1244,2.5809091913385784,False,est_gtstart,154.45656260653257,3.904954892785544,,
v,1244,1244,2.5809091913385784,False,est_warmstart,155.8790830555387,3.5653434296829762,,
v,1244,1244,2.5809091913385784,False,view_gap,2.6224530430624444,28.69255953045613,0.9837348473707249,0.9998289053388406
v,1245,1245,2.587357096709037,False,T0_raw,176.31279680909577,3.5067766312326953,,
v,1245,1245,2.587357096709037,False,oracle,154.3920927175743,3.774371137048793,,
v,1245,1245,2.587357096709037,False,est_gtstart,154.58454814205933,3.7754118142080872,,
v,1245,1245,2.587357096709037,False,est_warmstart,155.8717463599998,3.2691559122638987,,
v,1245,1245,2.587357096709037,False,view_gap,2.6190869954207754,33.9788824159406,0.9999914627373025,0.9999995334777139
v,1246,1246,2.593719891437136,False,T0_raw,174.66739743760309,3.462696317645968,,
v,1246,1246,2.593719891437136,False,oracle,153.06490558815702,3.5080538518605646,,
v,1246,1246,2.593719891437136,False,est_gtstart,155.58512619341892,3.81292367887919,,
v,1246,1246,2.593719891437136,False,est_warmstart,156.0532321975507,3.2517411762503423,,
v,1246,1246,2.593719891437136,False,view_gap,2.5889899054618355,35.74727466547279,0.9919475013667364,0.9994323430947926
v,1247,1247,2.5999831282990735,False,T0_raw,172.73060746881333,3.564529490765434,,
v,1247,1247,2.5999831282990735,False,oracle,150.38545432646305,3.2277966059142513,,
v,1247,1247,2.5999831282990735,False,est_gtstart,152.47606652144077,3.512587506978535,,
v,1247,1247,2.5999831282990735,False,est_warmstart,152.6549598108518,3.108427627258906,,
v,1247,1247,2.5999831282990735,False,view_gap,2.5683411787365293,32.35602862739029,0.8736484115037855,0.9996061383833718
v,1248,1248,2.606132183136008,False,T0_raw,170.1811968833892,3.2848599798862717,,
v,1248,1248,2.606132183136008,False,oracle,145.3804293646471,3.29455395744111,,
v,1248,1248,2.606132183136008,False,est_gtstart,147.14595316392655,3.6229384451559743,,
v,1248,1248,2.606132183136008,False,est_warmstart,148.27918604183708,3.11128213226365,,
v,1248,1248,2.606132183136008,False,view_gap,2.528756337380574,32.526925546291,0.8743066198228926,0.9994596595185836
v,1249,1249,2.6121523769792714,False,T0_raw,171.4628459756241,3.3275522299313023,,
v,1249,1249,2.6121523769792714,False,oracle,148.15342008272012,3.4821780690512556,,
v,1249,1249,2.6121523769792714,False,est_gtstart,148.29023461962893,3.513278721808953,,
v,1249,1249,2.6121523769792714,False,est_warmstart,148.84464575691214,3.1800347462872214,,
v,1249,1249,2.6121523769792714,False,view_gap,2.535381664883469,37.26362410212403,0.9999999924739249,0.9999988358273975
v,1250,1250,2.618030846301811,False,T0_raw,168.98250864899052,3.019481535308444,,
v,1250,1250,2.618030846301811,False,oracle,140.78606632310078,3.036591627035202,,
v,1250,1250,2.618030846301811,False,est_gtstart,142.90369110045924,3.249407095454893,,
v,1250,1250,2.618030846301811,False,est_warmstart,143.2503372744812,2.965940475641649,,
v,1250,1250,2.618030846301811,False,view_gap,2.5012843416555866,35.864010829459225,0.9999875495906524,0.9996411691316567
v,1251,1251,2.6237570531433376,False,T0_raw,167.2342559827041,3.3720904937785905,,
v,1251,1251,2.6237570531433376,False,oracle,137.84451730436345,3.4958125048362896,,
v,1251,1251,2.6237570531433376,False,est_gtstart,140.01663514147702,3.6976256523419098,,
v,1251,1251,2.6237570531433376,False,est_warmstart,140.48095948415636,3.4582780023678774,,
v,1251,1251,2.6237570531433376,False,view_gap,2.490269979948005,30.003634434204063,0.9999876209865488,0.9999112787803446
v,1252,1252,2.629316952056832,False,T0_raw,167.68934760707197,3.2381290667064233,,
v,1252,1252,2.629316952056832,False,oracle,145.3157906607858,3.696774375762135,,
v,1252,1252,2.629316952056832,False,est_gtstart,146.37477557807762,4.159438553758355,,
v,1252,1252,2.629316952056832,False,est_warmstart,147.30127775642518,3.522224257828894,,
v,1252,1252,2.629316952056832,False,view_gap,2.4862572970497108,34.27711682637069,0.9999879328968234,0.9997972823990616
v,1253,1253,2.634696961372203,False,T0_raw,171.0103261534399,3.567772716292595,,
v,1253,1253,2.634696961372203,False,oracle,146.76179950897432,3.319626650214249,,
v,1253,1253,2.634696961372203,False,est_gtstart,148.8255849947039,3.6718285106392483,,
v,1253,1253,2.634696961372203,False,est_warmstart,149.79362783484825,3.167164271415493,,
v,1253,1253,2.634696961372203,False,view_gap,2.5364319254689938,34.78888101520461,0.999999839741826,0.9997729981366749
v,1254,1254,2.6398796463849683,False,T0_raw,173.7216791550934,3.7673425962145464,,
v,1254,1254,2.6398796463849683,False,oracle,148.5716194595636,3.4834014495279804,,
v,1254,1254,2.6398796463849683,False,est_gtstart,149.92847190267827,3.7373319500607587,,
v,1254,1254,2.6398796463849683,False,est_warmstart,150.60197097596568,3.3811092832475524,,
v,1254,1254,2.6398796463849683,False,view_gap,2.5974803866706266,26.89357562194239,0.9999998446006131,0.9998548890221667
v,1255,1255,2.6448511894814883,False,T0_raw,171.95651507705662,3.1515784664957143,,
v,1255,1255,2.6448511894814883,False,oracle,142.98342722193806,3.085566156802426,,
v,1255,1255,2.6448511894814883,False,est_gtstart,143.10178840846027,3.085112813934382,,
v,1255,1255,2.6448511894814883,False,est_warmstart,144.773941472112,2.614126402386605,,
v,1255,1255,2.6448511894814883,False,view_gap,2.562248821326687,30.670950392439167,0.9999999983273923,0.999999683484547
v,1256,1256,2.645161808287201,False,T0_raw,173.14965298650904,2.8013788627175784,,
v,1256,1256,2.645161808287201,False,oracle,140.613124799714,2.398660376401579,,
v,1256,1256,2.645161808287201,False,est_gtstart,144.052466678877,2.516456707932956,,
v,1256,1256,2.645161808287201,False,est_warmstart,145.29001188424132,2.3389944692553097,,
v,1256,1256,2.645161808287201,False,view_gap,2.5839487183963272,29.338207140066963,0.9999983266397844,0.9997392000387101
v,1257,1257,2.6419288442624738,False,T0_raw,174.65251307881212,3.1665989206318894,,
v,1257,1257,2.6419288442624738,False,oracle,144.66636566982183,2.701080149088132,,
v,1257,1257,2.6419288442624738,False,est_gtstart,148.34732209259943,2.87158402524725,,
v,1257,1257,2.6419288442624738,False,est_warmstart,149.4466446887328,2.6062601339637954,,
v,1257,1257,2.6419288442624738,False,view_gap,2.609016647070286,28.53986918047946,0.9999968419529397,0.9999048290234397
v,1258,1258,2.6386356527658896,False,T0_raw,176.86711534298163,2.60709121312924,,
v,1258,1258,2.6386356527658896,False,oracle,145.3946218210672,1.7123283162951402,,
v,1258,1258,2.6386356527658896,False,est_gtstart,148.9435943457431,1.9145799955009541,,
v,1258,1258,2.6386356527658896,False,est_warmstart,149.71573114100278,1.5528863262217962,,
v,1258,1258,2.6386356527658896,False,view_gap,2.6259986962126836,35.58160328071436,0.9999968467454399,0.9997838512807995
v,1259,1259,2.6355503670241793,False,T0_raw,181.31209649069055,2.6182893486391055,,
v,1259,1259,2.6355503670241793,False,oracle,149.14755436369066,1.800340633156047,,
v,1259,1259,2.6355503670241793,False,est_gtstart,153.07695657294383,2.1729697263921604,,
v,1259,1259,2.6355503670241793,False,est_warmstart,153.35566230085752,2.19416490753747,,
v,1259,1259,2.6355503670241793,False,view_gap,2.697991344493824,34.4176773856435,0.9999968496350302,0.9997442462047005
v,1260,1260,2.632608411878338,False,T0_raw,181.35844348937448,2.6011567106167193,,
v,1260,1260,2.632608411878338,False,oracle,125.35878183865246,3.1107191581703693,,
v,1260,1260,2.632608411878338,False,est_gtstart,127.97003627186609,2.9188463657988604,,
v,1260,1260,2.632608411878338,False,est_warmstart,128.0288821148541,2.9625030185815873,,
v,1260,1260,2.632608411878338,False,view_gap,2.704344862304176,32.204086950089916,0.9999970872957048,0.9996873430505563
v,1261,1261,2.6292670719467672,False,T0_raw,180.98874479771823,2.357173098354184,,
v,1261,1261,2.6292670719467672,False,oracle,127.14280281004963,2.5609074880913387,,
v,1261,1261,2.6292670719467672,False,est_gtstart,134.5545967614041,2.511034524884206,,
v,1261,1261,2.6292670719467672,False,est_warmstart,134.24561603612514,2.7322988758957196,,
v,1261,1261,2.6292670719467672,False,view_gap,2.7000659447485424,31.666776377561323,0.9999884255465845,0.9994141069345073
v,1262,1262,2.6261390182675237,False,T0_raw,185.96823184388842,2.262207980211766,,
v,1262,1262,2.6261390182675237,False,oracle,132.88235307144868,2.7245676491562345,,
v,1262,1262,2.6261390182675237,False,est_gtstart,136.8840215013679,2.6530660253216163,,
v,1262,1262,2.6261390182675237,False,est_warmstart,136.96806471501304,2.9577590096285777,,
v,1262,1262,2.6261390182675237,False,view_gap,2.7841010081468935,28.201913905007814,0.9999963295867081,0.9998829826602215
v,1263,1263,2.6232306214106313,False,T0_raw,186.1467710018207,2.239353438482622,,
v,1263,1263,2.6232306214106313,False,oracle,135.4904694682189,1.8246031230246456,,
v,1263,1263,2.6232306214106313,False,est_gtstart,135.5478672454702,1.8235811056114593,,
v,1263,1263,2.6232306214106313,False,est_warmstart,135.9695330135398,1.9937289466737627,,
v,1263,1263,2.6232306214106313,False,view_gap,2.7894009599821548,26.91598033109699,0.9999999993630662,0.9999999829630539
v,1264,1264,2.6198600756715558,False,T0_raw,184.63363017388357,3.1398118571141866,,
v,1264,1264,2.6198600756715558,False,oracle,127.73000111627414,1.869448929828355,,
v,1264,1264,2.6198600756715558,False,est_gtstart,135.73966609674946,1.5466827486704195,,
v,1264,1264,2.6198600756715558,False,est_warmstart,136.16691601893385,1.6067379224922482,,
v,1264,1264,2.6198600756715558,False,view_gap,2.7656996490537877,27.260792620217078,0.9999843464946551,0.9988169929714605
v,1265,1265,2.616700689700543,False,T0_raw,184.26353256220867,2.899398847044494,,
v,1265,1265,2.616700689700543,False,oracle,122.35957382712132,2.6376386450393525,,
v,1265,1265,2.616700689700543,False,est_gtstart,130.03908648195738,2.4614746861263974,,
v,1265,1265,2.616700689700543,False,est_warmstart,130.35908031440277,2.6160758691547974,,
v,1265,1265,2.616700689700543,False,view_gap,2.7650046427208994,24.5307748707444,0.9999843892252995,0.9990787600618379
v,1266,1266,2.613766204041469,False,T0_raw,183.88421328722066,3.094154673918094,,
v,1266,1266,2.613766204041469,False,oracle,129.2981441443727,1.8160092754527437,,
v,1266,1266,2.613766204041469,False,est_gtstart,132.07956731195702,1.7215191048556573,,
v,1266,1266,2.613766204041469,False,est_warmstart,133.00651496453727,1.8353328916874374,,
v,1266,1266,2.613766204041469,False,view_gap,2.7622750378205376,22.667952846100015,0.9999933192382694,0.9999163580108755
v,1267,1267,2.6106747570692526,False,T0_raw,180.09289328462975,2.2235413899854537,,
v,1267,1267,2.6106747570692526,False,oracle,134.02293724425311,1.8548253514385245,,
v,1267,1267,2.6106747570692526,False,est_gtstart,134.03962727615178,1.8571849858253306,,
v,1267,1267,2.6106747570692526,False,est_warmstart,134.97859136755284,1.718335078789607,,
v,1267,1267,2.6106747570692526,False,view_gap,2.6980758293159917,26.401204343681428,0.9999999992442236,0.9999999189235501
v,1268,1268,2.6072665486372695,False,T0_raw,178.8869935015682,2.4707179971384696,,
v,1268,1268,2.6072665486372695,False,oracle,130.06981920540704,2.0414132525989173,,
v,1268,1268,2.6072665486372695,False,est_gtstart,134.91988073037518,1.7846807954172932,,
v,1268,1268,2.6072665486372695,False,est_warmstart,135.5471911617408,1.6872707978407209,,
v,1268,1268,2.6072665486372695,False,view_gap,2.6962057808625004,14.494279330060422,0.9999607508812398,0.9994788434633322
v,1269,1269,2.6040831069428267,False,T0_raw,177.4145962016086,2.1500754804787015,,
v,1269,1269,2.6040831069428267,False,oracle,131.12146986520955,1.6655305448755338,,
v,1269,1269,2.6040831069428267,False,est_gtstart,131.14701330216698,1.6655363855695673,,
v,1269,1269,2.6040831069428267,False,est_warmstart,131.6185329532349,1.4471262332125234,,
v,1269,1269,2.6040831069428267,False,view_gap,2.6648796848161953,21.983774226794317,0.999999998265026,0.9999999954059638
v,1270,1270,2.6011312479628383,False,T0_raw,176.9930686535132,2.733176916984313,,
v,1270,1270,2.6011312479628383,False,oracle,129.994255511959,1.9046179750012882,,
v,1270,1270,2.6011312479628383,False,est_gtstart,129.98076599760063,1.9094666050920883,,
v,1270,1270,2.6011312479628383,False,est_warmstart,130.14100470414672,1.7919406904254964,,
v,1270,1270,2.6011312479628383,False,view_gap,2.6546899286416608,24.32060382413681,0.9999999979816787,0.9999998657843532
v,1271,1271,2.597800924001659,False,T0_raw,172.75003202389357,2.533477457891263,,
v,1271,1271,2.597800924001659,False,oracle,127.75927506608006,1.7787826984371153,,
v,1271,1271,2.597800924001659,False,est_gtstart,132.9775890317719,1.4657544287128508,,
v,1271,1271,2.597800924001659,False,est_warmstart,132.1332558350515,1.4325701918356888,,
v,1271,1271,2.597800924001659,False,view_gap,2.5976502715560055,19.4373148835707,0.9999451606819577,0.9993057878602379
v,1272,1272,2.594613726646497,False,T0_raw,171.66803652502185,2.329049402382147,,
v,1272,1272,2.594613726646497,False,oracle,126.27710858426452,1.9282191504146111,,
v,1272,1272,2.594613726646497,False,est_gtstart,126.29351150822812,1.9321911350887324,,
v,1272,1272,2.594613726646497,False,est_warmstart,126.19194166513348,1.779797935053827,,
v,1272,1272,2.594613726646497,False,view_gap,2.572013927126886,25.080047235703784,0.9999999960482356,0.9999999963142148
v,1273,1273,2.5916629626649925,False,T0_raw,172.96217426875185,2.690174530419048,,
v,1273,1273,2.5916629626649925,False,oracle,129.96503157412533,6.94816540069397,,
v,1273,1273,2.5916629626649925,False,est_gtstart,135.72676752359115,6.780615170313627,,
v,1273,1273,2.5916629626649925,False,est_warmstart,135.74604956917543,6.887607073382256,,
v,1273,1273,2.5916629626649925,False,view_gap,2.604485445115778,16.700059629665365,0.9974572084255918,0.9996695788954881
v,1274,1274,2.588338710837142,False,T0_raw,172.28727193796433,2.3987399672579977,,
v,1274,1274,2.588338710837142,False,oracle,129.17080679403227,1.7279397661379492,,
v,1274,1274,2.588338710837142,False,est_gtstart,129.19315141375074,1.7220175351722193,,
v,1274,1274,2.588338710837142,False,est_warmstart,128.86618385374743,1.6604173482374491,,
v,1274,1274,2.588338710837142,False,view_gap,2.589864696039398,20.1741832061324,0.9999999315058371,0.9999999561036572
v,1275,1275,2.5851530613441116,False,T0_raw,169.6811173088535,2.7349799046685437,,
v,1275,1275,2.5851530613441116,False,oracle,124.91385666510534,2.225145246503769,,
v,1275,1275,2.5851530613441116,False,est_gtstart,124.9371307817808,2.223811875918314,,
v,1275,1275,2.5851530613441116,False,est_warmstart,125.21337055997611,2.0504828791433187,,
v,1275,1275,2.5851530613441116,False,view_gap,2.547020551928187,22.227410607332132,0.9999999258204737,0.9999999484272104
v,1276,1276,2.5822024435696336,False,T0_raw,170.8068668222625,3.104911261645341,,
v,1276,1276,2.5822024435696336,False,oracle,126.4003351547917,1.6380270756513935,,
v,1276,1276,2.5822024435696336,False,est_gtstart,129.7841110703732,1.5094265573017014,,
v,1276,1276,2.5822024435696336,False,est_warmstart,129.36355224494585,1.5831096506909124,,
v,1276,1276,2.5822024435696336,False,view_gap,2.5642544724672782,22.27327065117013,0.99978517937285,0.9995281646533372
v,1277,1277,2.5789264436516994,False,T0_raw,168.05726623561782,3.2531621376708917,,
v,1277,1277,2.5789264436516994,False,oracle,122.10318678626501,2.0091358717958245,,
v,1277,1277,2.5789264436516994,False,est_gtstart,122.15033561031801,2.0042312174715953,,
v,1277,1277,2.5789264436516994,False,est_warmstart,121.79156916516447,2.0890989852292052,,
v,1277,1277,2.5789264436516994,False,view_gap,2.5231915828008815,21.776548580037414,0.9999998865135641,0.9999998412495921
v,1278,1278,2.575734386631114,False,T0_raw,180.33259510525863,7.332816844225638,,
v,1278,1278,2.575734386631114,False,oracle,164.0979050753751,4.0960076110238175,,
v,1278,1278,2.575734386631114,False,est_gtstart,164.07144342854426,4.081279236487586,,
v,1278,1278,2.575734386631114,False,est_warmstart,164.23429514327447,4.184553038848618,,
v,1278,1278,2.575734386631114,False,view_gap,2.722078680386523,10.301007584454958,0.9999998584293681,0.9999998671444278
v,1279,1279,2.57277655435993,False,T0_raw,173.64647135144827,3.5486653882605244,,
v,1279,1279,2.57277655435993,False,oracle,121.47365326038864,2.8186641556842615,,
v,1279,1279,2.57277655435993,False,est_gtstart,125.46728374769172,2.661195461540886,,
v,1279,1279,2.57277655435993,False,est_warmstart,125.54531897914717,2.329098750920757,,
v,1279,1279,2.57277655435993,False,view_gap,2.6058951128272083,23.52330335506725,0.994526337384298,0.999569486224299
v,1280,1280,2.5695360703103507,False,T0_raw,172.05405516477052,3.6568196920768483,,
v,1280,1280,2.5695360703103507,False,oracle,118.61579471098818,2.088893459277118,,
v,1280,1280,2.5695360703103507,False,est_gtstart,122.62822008765906,2.6899912708714715,,
v,1280,1280,2.5695360703103507,False,est_warmstart,122.47582124001354,2.6094525410399,,
v,1280,1280,2.5695360703103507,False,view_gap,2.5789135521428914,25.037150471078906,0.9945057506110178,0.9981366572275144
v,1281,1281,2.566333411737769,False,T0_raw,172.66904087949885,3.112113633476199,,
v,1281,1281,2.566333411737769,False,oracle,116.56589121096509,2.1300354797316206,,
v,1281,1281,2.566333411737769,False,est_gtstart,116.62331644633704,2.128746088984484,,
v,1281,1281,2.566333411737769,False,est_warmstart,116.90894736665837,2.0975773881169366,,
v,1281,1281,2.566333411737769,False,view_gap,2.5785102608533426,29.783687069398823,0.9999994933192062,0.9999999590068458
v,1282,1282,2.563363301312119,False,T0_raw,169.63212598664722,2.9319851303061,,
v,1282,1282,2.563363301312119,False,oracle,120.8028249821787,6.9462053387385545,,
v,1282,1282,2.563363301312119,False,est_gtstart,125.33504171197227,7.114819034944857,,
v,1282,1282,2.563363301312119,False,est_warmstart,124.95816709303378,7.231226797057873,,
v,1282,1282,2.563363301312119,False,view_gap,2.5430834760922783,24.491341749084405,0.9999723102755467,0.9997378791847041
v,1283,1283,2.5601357476151954,False,T0_raw,171.9399541951976,3.383827673146403,,
v,1283,1283,2.5601357476151954,False,oracle,110.3849013249342,3.2362019015159764,,
v,1283,1283,2.5601357476151954,False,est_gtstart,114.41516854555468,3.363106006783463,,
v,1283,1283,2.5601357476151954,False,est_warmstart,114.26281586772394,3.884196673606322,,
v,1283,1283,2.5601357476151954,False,view_gap,2.5874927889945125,18.82575461856506,0.999971993455182,0.9997574755039081
v,1284,1284,2.556916632582748,False,T0_raw,173.72380910405832,2.079677961418088,,
v,1284,1284,2.556916632582748,False,oracle,125.60635135473628,4.572470926246543,,
v,1284,1284,2.556916632582748,False,est_gtstart,125.62072558453463,4.56741710890581,,
v,1284,1284,2.556916632582748,False,est_warmstart,126.54511408125566,4.325482524644036,,
v,1284,1284,2.556916632582748,False,view_gap,2.6081411931495606,23.245752054725788,0.9999994872079288,0.9999999931631371
v,1285,1285,2.5539309239927634,False,T0_raw,174.78389787834934,2.3624809884579334,,
v,1285,1285,2.5539309239927634,False,oracle,109.38791376805705,2.9238486561029173,,
v,1285,1285,2.5539309239927634,False,est_gtstart,111.01008305015057,3.7381623465947342,,
v,1285,1285,2.5539309239927634,False,est_warmstart,110.75604244905189,3.9022280192899337,,
v,1285,1285,2.5539309239927634,False,view_gap,2.608025233691184,31.27394283883911,0.7308955520990174,0.9958907674244875
v,1286,1286,2.550714591561934,False,T0_raw,177.9628757561512,3.174465354143715,,
v,1286,1286,2.550714591561934,False,oracle,108.34259510333108,2.217654040656767,,
v,1286,1286,2.550714591561934,False,est_gtstart,104.29838130058928,4.243502521639392,,
v,1286,1286,2.550714591561934,False,est_warmstart,104.33632123333294,4.281663630664744,,
v,1286,1286,2.550714591561934,False,view_gap,2.6718805993811325,24.01141663588069,0.7313083124936016,0.9796536773879255
v,1287,1287,2.5474786419727575,False,T0_raw,180.7636683970849,5.1602765050133295,,
v,1287,1287,2.5474786419727575,False,oracle,127.80067771940334,14.823577793575593,,
v,1287,1287,2.5474786419727575,False,est_gtstart,127.92926498988291,14.854741689302505,,
v,1287,1287,2.5474786419727575,False,est_warmstart,118.04662684902165,21.232550259752188,,
v,1287,1287,2.5474786419727575,False,view_gap,2.7220440291481776,19.056133586798474,0.9999998757340879,0.9999998516985494
v,1288,1288,2.5444750734234485,False,T0_raw,186.5115589775649,5.350808103781435,,
v,1288,1288,2.5444750734234485,False,oracle,148.688279767641,14.878118586004042,,
v,1288,1288,2.5444750734234485,False,est_gtstart,155.53561599148034,14.871633639536297,,
v,1288,1288,2.5444750734234485,False,est_warmstart,131.73157140643264,29.834206671716107,,
v,1288,1288,2.5444750734234485,False,view_gap,2.810154365302482,18.651442105034555,0.9997084220354258,0.9998812471685595
v,1289,1289,2.541288506568285,False,T0_raw,177.76210124370797,1.1725770559724242,,
v,1289,1289,2.541288506568285,False,oracle,131.06965632692535,14.86382503504945,,
v,1289,1289,2.541288506568285,False,est_gtstart,141.68900868557682,14.87969989496713,,
v,1289,1289,2.541288506568285,False,est_warmstart,129.36980580603503,20.150807037447372,,
v,1289,1289,2.541288506568285,False,view_gap,2.6691360715036065,24.00201487434428,0.9997099087902079,0.9998233777069082
v,1290,1290,2.5380351960611542,False,T0_raw,182.7939926610187,3.0995704775952158,,
v,1290,1290,2.5380351960611542,False,oracle,108.24594316525865,6.308622525114429,,
v,1290,1290,2.5380351960611542,False,est_gtstart,117.00566703873211,5.556093906754464,,
v,1290,1290,2.5380351960611542,False,est_warmstart,116.49244199084157,5.723330193067642,,
v,1290,1290,2.5380351960611542,False,view_gap,2.735922772466861,29.46935334604861,0.999710303465273,0.9991103012265151
v,1291,1291,2.535018998265772,False,T0_raw,181.39219705541305,2.346731477203695,,
v,1291,1291,2.535018998265772,False,oracle,113.79179647981675,3.4925280061398385,,
v,1291,1291,2.535018998265772,False,est_gtstart,118.43897094002745,3.45305543324265,,
v,1291,1291,2.535018998265772,False,est_warmstart,118.85300638620292,3.6607241231434724,,
v,1291,1291,2.535018998265772,False,view_gap,2.709980279264725,31.49055271393264,0.9996479737658733,0.9997650925549204
v,1292,1292,2.531878456799597,False,T0_raw,179.3479315251487,2.6483703990878027,,
v,1292,1292,2.531878456799597,False,oracle,106.46664166482935,3.1142843414596677,,
v,1292,1292,2.531878456799597,False,est_gtstart,111.57074191671704,3.1200184374139064,,
v,1292,1292,2.531878456799597,False,est_warmstart,111.97392974011365,3.0505712029448375,,
v,1292,1292,2.531878456799597,False,view_gap,2.689597840600891,26.292720698281258,0.9996491070647707,0.9995470014342843
v,1293,1293,2.5286136335405627,False,T0_raw,175.65671902733172,2.1773804840930904,,
v,1293,1293,2.5286136335405627,False,oracle,109.51857581187306,3.161254202901981,,
v,1293,1293,2.5286136335405627,False,est_gtstart,109.61845863197487,3.1610688792137744,,
v,1293,1293,2.5286136335405627,False,est_warmstart,109.67627097177883,3.241569862323234,,
v,1293,1293,2.5286136335405627,False,view_gap,2.6311839997277517,27.257395163324816,0.9999999258222892,0.9999999192895473
v,1294,1294,2.525582642417209,False,T0_raw,177.81452668385046,2.236837912271247,,
v,1294,1294,2.525582642417209,False,oracle,125.62582244773343,2.9326920537735397,,
v,1294,1294,2.525582642417209,False,est_gtstart,131.60342135004277,2.805749160837562,,
v,1294,1294,2.525582642417209,False,est_warmstart,130.5505584251923,2.658774909458557,,
v,1294,1294,2.525582642417209,False,view_gap,2.661324706108632,28.74696788122355,0.9996556353163193,0.9996668456005557
v,1295,1295,2.522315196010639,False,T0_raw,175.68236775175077,1.8078995700324592,,
v,1295,1295,2.522315196010639,False,oracle,115.50462293275103,2.056176885644297,,
v,1295,1295,2.522315196010639,False,est_gtstart,119.73125280734318,1.8854798758235491,,
v,1295,1295,2.522315196010639,False,est_warmstart,120.41857111410077,1.851934817080142,,
v,1295,1295,2.522315196010639,False,view_gap,2.6314428887328005,27.413783596461183,0.9996560413663511,0.9998853959325243
v,1296,1296,2.5192680224062984,False,T0_raw,176.6967104489161,2.2570097044316295,,
v,1296,1296,2.5192680224062984,False,oracle,119.91597531186973,6.02006016839135,,
v,1296,1296,2.5192680224062984,False,est_gtstart,122.84689317250394,6.042926054233822,,
v,1296,1296,2.5192680224062984,False,est_warmstart,123.60021584112214,5.66546149733522,,
v,1296,1296,2.5192680224062984,False,view_gap,2.6389975019210046,31.10331799524957,0.9996562463488425,0.9999694785082328
v,1297,1297,2.516134780280259,False,T0_raw,175.51103165755765,2.8560971344250548,,
v,1297,1297,2.516134780280259,False,oracle,120.28353188576594,11.054054748644054,,
v,1297,1297,2.516134780280259,False,est_gtstart,123.65918979225742,11.267238574992806,,
v,1297,1297,2.516134780280259,False,est_warmstart,124.13018805166207,10.933540038268402,,
v,1297,1297,2.516134780280259,False,view_gap,2.6383241182436388,22.26903745866826,0.9994413570228031,0.9999880720175226
v,1298,1298,2.512824709073772,False,T0_raw,173.5326677030628,1.9703261187791146,,
v,1298,1298,2.512824709073772,False,oracle,100.02054763075799,6.694567362660488,,
v,1298,1298,2.512824709073772,False,est_gtstart,102.96992294927071,6.752015383446752,,
v,1298,1298,2.512824709073772,False,est_warmstart,102.5630664989019,6.9411665228414705,,
v,1298,1298,2.512824709073772,False,view_gap,2.600948498970211,26.280085305546486,0.9994421395309512,0.9999681375838951
v,1299,1299,2.509748060755891,False,T0_raw,184.13873724025586,5.472518785372115,,
v,1299,1299,2.509748060755891,False,oracle,133.1656287968524,14.582518486520353,,
v,1299,1299,2.509748060755891,False,est_gtstart,136.33491272199598,14.770737181624991,,
v,1299,1299,2.509748060755891,False,est_warmstart,137.31571343437176,14.236699728296049,,
v,1299,1299,2.509748060755891,False,view_gap,2.7705509126150765,22.05904817832538,0.999442176182631,0.9999203130042947
v,1300,1300,2.5066454938007023,False,T0_raw,176.3021800787722,3.125653429489469,,
v,1300,1300,2.5066454938007023,False,oracle,113.01771435548356,7.282135745549023,,
v,1300,1300,2.5066454938007023,False,est_gtstart,113.11557158401047,7.2736002755518685,,
v,1300,1300,2.5066454938007023,False,est_warmstart,112.55418334472952,7.3345207618034465,,
v,1300,1300,2.5066454938007023,False,view_gap,2.6464907079135993,24.697762568122616,0.9999999322427938,0.9999994051793448
v,1301,1301,2.5033078315026334,False,T0_raw,177.67001133051195,2.4305428521193475,,
v,1301,1301,2.5033078315026334,False,oracle,114.69742811168726,7.5532004293308015,,
v,1301,1301,2.5033078315026334,False,est_gtstart,119.78735363891823,7.620721501547424,,
v,1301,1301,2.5033078315026334,False,est_warmstart,119.5848932538252,7.795807577060185,,
v,1301,1301,2.5033078315026334,False,view_gap,2.6696128386960782,23.457663648379423,0.999466655847272,0.9997005805043099
v,1302,1302,2.5002042119332657,False,T0_raw,180.66755892461322,0.5450788234333871,,
v,1302,1302,2.5002042119332657,False,oracle,126.70061670540298,10.185117518709436,,
v,1302,1302,2.5002042119332657,False,est_gtstart,131.67169483519572,10.150005296090775,,
v,1302,1302,2.5002042119332657,False,est_warmstart,132.12498670703744,10.950141754327323,,
v,1302,1302,2.5002042119332657,False,view_gap,2.7128589928832714,25.0123950855774,0.9994672614360384,0.9997005346641451
v,1303,1303,2.4971511474407158,False,T0_raw,172.56419427596848,1.4603384268501214,,
v,1303,1303,2.4971511474407158,False,oracle,106.11194440227499,4.157172131505015,,
v,1303,1303,2.4971511474407158,False,est_gtstart,106.14666107829211,4.148477962524472,,
v,1303,1303,2.4971511474407158,False,est_warmstart,105.84991669069323,4.526127784441945,,
v,1303,1303,2.4971511474407158,False,view_gap,2.58162753530914,28.509180911098664,0.9999999407821557,0.9999999525278497
v,1304,1304,2.493786762858362,False,T0_raw,174.3150707055806,0.9801941275962813,,
v,1304,1304,2.493786762858362,False,oracle,117.2280502021235,6.876411756553843,,
v,1304,1304,2.493786762858362,False,est_gtstart,117.28343636209229,6.886631458115821,,
v,1304,1304,2.493786762858362,False,est_warmstart,116.24979980708588,7.617988905958539,,
v,1304,1304,2.493786762858362,False,view_gap,2.5999694901209702,32.19303161767728,0.9999999369503262,0.9999994929568905
v,1305,1305,2.4906603397429876,False,T0_raw,169.1977146704526,1.290243395460488,,
v,1305,1305,2.4906603397429876,False,oracle,94.38148132073074,3.9327890949588133,,
v,1305,1305,2.4906603397429876,False,est_gtstart,94.45228031786078,3.933499043713526,,
v,1305,1305,2.4906603397429876,False,est_warmstart,94.7253613997818,4.1981611365998885,,
v,1305,1305,2.4906603397429876,False,view_gap,2.5103610221613026,35.97655319744719,0.9999999439801472,0.9999998007853098
v,1306,1306,2.4876764634649526,False,T0_raw,170.18058145128873,2.037335909188882,,
v,1306,1306,2.4876764634649526,False,oracle,90.1823494023041,3.28391149232561,,
v,1306,1306,2.4876764634649526,False,est_gtstart,90.21734433883742,3.2822948797411957,,
v,1306,1306,2.4876764634649526,False,est_warmstart,90.33758114663794,3.4151025646213156,,
v,1306,1306,2.4876764634649526,False,view_gap,2.5140579088981396,39.68218053183392,0.9999999457912926,0.9999998604592369
v,1307,1307,2.4842804341914437,False,T0_raw,167.83248503293004,1.0978760037741875,,
v,1307,1307,2.4842804341914437,False,oracle,94.30607180370885,5.241197175694082,,
v,1307,1307,2.4842804341914437,False,est_gtstart,94.3807272966783,5.2427138556773345,,
v,1307,1307,2.4842804341914437,False,est_warmstart,94.20597672605298,5.520082061491344,,
v,1307,1307,2.4842804341914437,False,view_gap,2.484603491330584,37.45374815941904,0.9999999469046912,0.9999998554261554
v,1308,1308,2.4811398742855433,False,T0_raw,168.22906024261832,1.8626040336342151,,
v,1308,1308,2.4811398742855433,False,oracle,84.78995744282389,3.8958168341317796,,
v,1308,1308,2.4811398742855433,False,est_gtstart,84.83943073924452,3.8965485483152875,,
v,1308,1308,2.4811398742855433,False,est_warmstart,85.01811098240988,4.155695250469153,,
v,1308,1308,2.4811398742855433,False,view_gap,2.473238775525071,42.62762750065052,0.9999999496606451,0.9999993389195413
v,1309,1309,2.4782114601026977,False,T0_raw,170.16692334209236,1.7764370862114192,,
v,1309,1309,2.4782114601026977,False,oracle,91.02696113177618,4.3515976431432515,,
v,1309,1309,2.4782114601026977,False,est_gtstart,91.04083515272406,4.35099962100633,,
v,1309,1309,2.4782114601026977,False,est_warmstart,91.38419591553689,4.586832812750732,,
v,1309,1309,2.4782114601026977,False,view_gap,2.5176971261431853,38.5097243899657,0.9999999497450393,0.9999995803130257
v,1310,1310,2.474847599405408,False,T0_raw,169.04471944518392,1.436954142270935,,
v,1310,1310,2.474847599405408,False,oracle,85.19320883628431,3.771808403538732,,
v,1310,1310,2.474847599405408,False,est_gtstart,85.22042522144136,3.7723004651545877,,
v,1310,1310,2.474847599405408,False,est_warmstart,85.64171117763885,3.881825462553781,,
v,1310,1310,2.474847599405408,False,view_gap,2.4963093368990994,39.710264857094835,0.9999999521992963,0.9999999207404974
v,1311,1311,2.4717382084085893,False,T0_raw,169.36211142332078,1.7161761207527515,,
v,1311,1311,2.4717382084085893,False,oracle,86.8428254166095,3.7059433959519645,,
v,1311,1311,2.4717382084085893,False,est_gtstart,86.84934829008714,3.70691580300274,,
v,1311,1311,2.4717382084085893,False,est_warmstart,87.8708311626181,4.034677187771136,,
v,1311,1311,2.4717382084085893,False,view_gap,2.495094700516916,41.53645966694475,0.9999999544208353,0.9999998616162523
v,1312,1312,2.468885835979718,False,T0_raw,172.10407771547384,2.66513875824696,,
v,1312,1312,2.468885835979718,False,oracle,89.76777116070295,3.188699726443599,,
v,1312,1312,2.468885835979718,False,est_gtstart,89.78918209331495,3.1905945203075023,,
v,1312,1312,2.468885835979718,False,est_warmstart,90.87213838978235,3.297547710778383,,
v,1312,1312,2.468885835979718,False,view_gap,2.534035531496583,42.712077005707,0.9999999553561567,0.9999994413282579
v,1313,1313,2.4655422667479265,False,T0_raw,172.12848465951691,1.94647442668086,,
v,1313,1313,2.4655422667479265,False,oracle,89.88661169361013,3.3981019100576635,,
v,1313,1313,2.4655422667479265,False,est_gtstart,89.9565221275005,3.3921594075745856,,
v,1313,1313,2.4655422667479265,False,est_warmstart,90.93394475520847,3.6056592185318483,,
v,1313,1313,2.4655422667479265,False,view_gap,2.529021189555866,44.22728534518461,0.9999999574753832,0.9999993433749362
v,1314,1314,2.4624530022247653,False,T0_raw,171.55412409172243,2.2443707957171357,,
v,1314,1314,2.4624530022247653,False,oracle,89.4743577594124,3.103619585564104,,
v,1314,1314,2.4624530022247653,False,est_gtstart,89.45744594434898,3.104670696538393,,
v,1314,1314,2.4624530022247653,False,est_warmstart,91.03492635484959,3.1779649297181662,,
v,1314,1314,2.4624530022247653,False,view_gap,2.522799670692226,43.495034201507025,0.9999999591927001,0.9999996346747413
v,1315,1315,2.4596225204248907,False,T0_raw,171.22855656131256,2.2900915734489034,,
v,1315,1315,2.4596225204248907,False,oracle,92.96165476236563,3.162160431860905,,
v,1315,1315,2.4596225204248907,False,est_gtstart,92.9829671609159,3.161645115636788,,
v,1315,1315,2.4596225204248907,False,est_warmstart,94.66043734077316,3.303572729829909,,
v,1315,1315,2.4596225204248907,False,view_gap,2.5233039507026507,41.962108151207374,0.9999999604356211,0.9999999687054916
v,1316,1316,2.4563567955233387,False,T0_raw,169.96997007992792,2.036129128954462,,
v,1316,1316,2.4563567955233387,False,oracle,95.21959769745061,3.3421825632876416,,
v,1316,1316,2.4563567955233387,False,est_gtstart,95.22559206179666,3.3414694034701835,,
v,1316,1316,2.4563567955233387,False,est_warmstart,97.90329388099218,3.410862273263856,,
v,1316,1316,2.4563567955233387,False,view_gap,2.4855351803647223,46.76948529449332,0.9999999627232877,0.9999999012321271
v,1317,1317,2.453281152794196,False,T0_raw,176.54974079683936,2.2692112699244893,,
v,1317,1317,2.453281152794196,False,oracle,106.83297316059335,3.0495878541177013,,
v,1317,1317,2.453281152794196,False,est_gtstart,106.80882017827142,3.049360582015697,,
v,1317,1317,2.453281152794196,False,est_warmstart,112.03640583153788,3.051267500232296,,
v,1317,1317,2.453281152794196,False,view_gap,2.5710011079098063,51.364988537871525,0.9999999639470895,0.9999998041344542
v,1318,1318,2.4502880094713464,False,T0_raw,174.5023638091433,2.3891441453024473,,
v,1318,1318,2.4502880094713464,False,oracle,98.61381125687913,3.4700416423941385,,
v,1318,1318,2.4502880094713464,False,est_gtstart,98.6123546069695,3.4688985548517817,,
v,1318,1318,2.4502880094713464,False,est_warmstart,104.733594129299,3.60269008956079,,
v,1318,1318,2.4502880094713464,False,view_gap,2.5436197716222613,50.187914109502515,0.999999966428213,0.9999999162791677
v,1319,1319,2.4472155527576365,False,T0_raw,176.89216203367985,2.7155317368673217,,
v,1319,1319,2.4472155527576365,False,oracle,108.86128425943497,4.170921439122902,,
v,1319,1319,2.4472155527576365,False,est_gtstart,108.83921780311982,4.172962354184923,,
v,1319,1319,2.4472155527576365,False,est_warmstart,113.17117745931058,4.034532613050895,,
v,1319,1319,2.4472155527576365,False,view_gap,2.569148985324826,53.1160901297385,0.9999999675493427,0.999999903901794
v,1320,1320,2.4443975665088042,False,T0_raw,175.87882663628542,2.4988833376715505,,
v,1320,1320,2.4443975665088042,False,oracle,108.9473020864916,3.335640597204699,,
v,1320,1320,2.4443975665088042,False,est_gtstart,108.9162810698135,3.3340987223859204,,
v,1320,1320,2.4443975665088042,False,est_warmstart,112.51838210776847,3.2167984474683684,,
v,1320,1320,2.4443975665088042,False,view_gap,2.5457263735118536,54.740375544496175,0.9999999691612049,0.9999997136232154
v,1321,1321,2.441222292876,False,T0_raw,174.53287900516324,2.1659469561523745,,
v,1321,1321,2.441222292876,False,oracle,102.44471374027876,3.6916300386016854,,
v,1321,1321,2.441222292876,False,est_gtstart,102.4235503999645,3.6891406144797245,,
v,1321,1321,2.441222292876,False,est_warmstart,105.84847026906037,3.5278381486219637,,
v,1321,1321,2.441222292876,False,view_gap,2.5286126912893674,53.81676700858051,0.9999999711931695,0.9999995804608197
v,1322,1322,2.4381434145791285,False,T0_raw,174.58370931060688,2.5297273303339933,,
v,1322,1322,2.4381434145791285,False,oracle,115.28862762761884,4.245576066019481,,
v,1322,1322,2.4381434145791285,False,est_gtstart,115.2629972887357,4.245488877552492,,
v,1322,1322,2.4381434145791285,False,est_warmstart,116.21454342103593,4.1652059386354585,,
v,1322,1322,2.4381434145791285,False,view_gap,2.5411221902146988,51.23755672988261,0.9999999733077085,0.9999999684773572
v,1323,1323,2.435305482790154,False,T0_raw,174.53598208053,2.1078713251077246,,
v,1323,1323,2.435305482790154,False,oracle,112.75179091008555,3.88919223740062,,
v,1323,1323,2.435305482790154,False,est_gtstart,112.71470309833884,3.8886152136073266,,
v,1323,1323,2.435305482790154,False,est_warmstart,116.74174725528668,3.82625549115328,,
v,1323,1323,2.435305482790154,False,view_gap,2.5462281898411154,49.901188682011544,0.9999999744507306,0.999999956573057
v,1324,1324,2.4321527471313367,False,T0_raw,171.6178241500863,2.692885439018172,,
v,1324,1324,2.4321527471313367,False,oracle,111.90716552139853,3.839838736870406,,
v,1324,1324,2.4321527471313367,False,est_gtstart,111.88490430920062,3.8386517666557523,,
v,1324,1324,2.4321527471313367,False,est_warmstart,113.06162271903736,3.7759174694440727,,
v,1324,1324,2.4321527471313367,False,view_gap,2.5247332627015178,43.67623629830053,0.9999999767327084,0.9999999913600074
v,1325,1325,2.4290358793796507,False,T0_raw,171.47537612814548,2.0065743406749657,,
v,1325,1325,2.4290358793796507,False,oracle,108.97819256910375,3.7828002603383797,,
v,1325,1325,2.4290358793796507,False,est_gtstart,108.94158211639561,3.7819218390285725,,
v,1325,1325,2.4290358793796507,False,est_warmstart,109.41134784234426,3.783602683817335,,
v,1325,1325,2.4290358793796507,False,view_gap,2.5127670443603836,46.27113597415722,0.9999999781261986,0.9999999382175656
v,1326,1326,2.4261663752332225,False,T0_raw,178.51991347687382,1.9965588472905251,,
v,1326,1326,2.4261663752332225,False,oracle,114.56816988777315,3.314368355886386,,
v,1326,1326,2.4261663752332225,False,est_gtstart,114.51654294129284,3.3121666752814534,,
v,1326,1326,2.4261663752332225,False,est_warmstart,116.85261891519541,3.418353328476299,,
v,1326,1326,2.4261663752332225,False,view_gap,2.611626718766671,49.47452350831183,0.9999999790029149,0.9999999759466105
v,1327,1327,2.423040696746975,False,T0_raw,178.81451064732337,2.2933841432809445,,
v,1327,1327,2.423040696746975,False,oracle,116.17347933884008,3.7782440702366116,,
v,1327,1327,2.423040696746975,False,est_gtstart,116.1685630659574,3.7780176589409207,,
v,1327,1327,2.423040696746975,False,est_warmstart,116.58470816905228,3.7519195945394967,,
v,1327,1327,2.423040696746975,False,view_gap,2.630299381564159,45.880112737414876,0.999999979515058,0.9999999996176177
v,1328,1328,2.4198984734976565,False,T0_raw,179.8164405833556,1.4418709058240546,,
v,1328,1328,2.4198984734976565,False,oracle,119.42791774118649,2.466219680089158,,
v,1328,1328,2.4198984734976565,False,est_gtstart,119.38082714795772,2.466139643920756,,
v,1328,1328,2.4198984734976565,False,est_warmstart,119.28151587477717,2.4434323640276623,,
v,1328,1328,2.4198984734976565,False,view_gap,2.619009813697419,52.694455233659895,0.9999999800905186,0.9999998781999071
v,1329,1329,2.417008350407768,False,T0_raw,182.68477307575864,2.6884862412769124,,
v,1329,1329,2.417008350407768,False,oracle,127.23109261535176,4.215008579194788,,
v,1329,1329,2.417008350407768,False,est_gtstart,127.18576768836576,4.215610308597749,,
v,1329,1329,2.417008350407768,False,est_warmstart,127.44431087294878,4.357947058733339,,
v,1329,1329,2.417008350407768,False,view_gap,2.6808594971071265,48.72388859107568,0.9999999809475588,0.9999999970886784
v,1330,1330,2.4143773768417964,False,T0_raw,186.49210792943788,3.0796573130244393,,
v,1330,1330,2.4143773768417964,False,oracle,147.12814489886628,7.1662029796006825,,
v,1330,1330,2.4143773768417964,False,est_gtstart,147.0876589114915,7.163621287663768,,
v,1330,1330,2.4143773768417964,False,est_warmstart,147.09860755373614,7.2019821475096135,,
v,1330,1330,2.4143773768417964,False,view_gap,2.742887088971935,48.24362421562256,0.9999999809217442,0.9999999960713233
v,1331,1331,2.4120109462297847,False,T0_raw,185.12497914921414,3.9294494045983495,,
v,1331,1331,2.4120109462297847,False,oracle,143.29670958976018,8.22887072981832,,
v,1331,1331,2.4120109462297847,False,est_gtstart,143.24858263374867,8.22750337477221,,
v,1331,1331,2.4120109462297847,False,est_warmstart,142.8344200090633,8.324515267793696,,
v,1331,1331,2.4120109462297847,False,view_gap,2.726824389855526,46.782177318005935,0.9999999810471478,0.999999998242806
v,1332,1332,2.4099129058667383,False,T0_raw,185.35530299069325,2.7056779408027958,,
v,1332,1332,2.4099129058667383,False,oracle,154.1107430668723,14.911185810816928,,
v,1332,1332,2.4099129058667383,False,est_gtstart,154.11176249351075,14.90500084180475,,
v,1332,1332,2.4099129058667383,False,est_warmstart,154.77430990991544,14.825631200667294,,
v,1332,1332,2.4099129058667383,False,view_gap,2.7523104705392023,40.21114827051697,0.9999999804404303,0.9999999972194538
v,1333,1333,2.4080875861429596,False,T0_raw,175.18001695456277,1.7113075238000706,,
v,1333,1333,2.4080875861429596,False,oracle,144.39442430872927,7.94979363751939,,
v,1333,1333,2.4080875861429596,False,est_gtstart,144.357284269084,7.947966780241582,,
v,1333,1333,2.4080875861429596,False,est_warmstart,144.86809764324119,7.815859289934233,,
v,1333,1333,2.4080875861429596,False,view_gap,2.587132134381842,42.155255856724416,0.9999999826972767,0.9999999889785263
v,1334,1334,2.4065370026652233,False,T0_raw,173.58549536769456,1.8049304078184216,,
v,1334,1334,2.4065370026652233,False,oracle,155.1780765243802,8.679930114847936,,
v,1334,1334,2.4065370026652233,False,est_gtstart,155.14065350749732,8.67969321436558,,
v,1334,1334,2.4065370026652233,False,est_warmstart,155.3158678652586,8.615070826110058,,
v,1334,1334,2.4065370026652233,False,view_gap,2.553652407866446,44.55003438080141,0.9999999849674414,0.9999999979071856
v,1335,1335,2.405262875082418,False,T0_raw,181.37461238241488,2.257287692664276,,
v,1335,1335,2.405262875082418,False,oracle,137.68183448327804,4.870057365905286,,
v,1335,1335,2.405262875082418,False,est_gtstart,137.65481816777478,4.869985765717473,,
v,1335,1335,2.405262875082418,False,est_warmstart,137.80870391676652,4.753105235471167,,
v,1335,1335,2.405262875082418,False,view_gap,2.6718191841568797,45.80057897378964,0.9999999867264772,0.9999999988698057
v,1336,1336,2.404265468508829,False,T0_raw,182.81244791796456,1.8989506759352848,,
v,1336,1336,2.404265468508829,False,oracle,133.81113277045043,3.3822068262619536,,
v,1336,1336,2.404265468508829,False,est_gtstart,133.7652458702546,3.3799171640432464,,
v,1336,1336,2.404265468508829,False,est_warmstart,134.0663011218718,3.3071295366821354,,
v,1336,1336,2.404265468508829,False,view_gap,2.6896284216295925,47.15096762411841,0.9999999871794458,0.999999969111168
v,1337,1337,2.4035476136153013,False,T0_raw,176.27612656626656,1.6390334098966093,,
v,1337,1337,2.4035476136153013,False,oracle,138.87626584468396,5.0559417171461885,,
v,1337,1337,2.4035476136153013,False,est_gtstart,138.8639029946547,5.05557832329089,,
v,1337,1337,2.4035476136153013,False,est_warmstart,139.03503683733567,4.936320294583413,,
v,1337,1337,2.4035476136153013,False,view_gap,2.588613076649835,46.61704731014282,0.9999999887015439,0.9999999985304471
v,1338,1338,2.4031123053525825,False,T0_raw,179.49403062423653,2.0541958601946426,,
v,1338,1338,2.4031123053525825,False,oracle,142.40478021586907,5.330027662023405,,
v,1338,1338,2.4031123053525825,False,est_gtstart,142.36826832789814,5.3300974825653755,,
v,1338,1338,2.4031123053525825,False,est_warmstart,137.96504994043002,4.259517781310868,,
v,1338,1338,2.4031123053525825,False,view_gap,2.6303213672026695,48.99553798117129,0.9999999898709764,0.9999999894286798
v,1339,1339,2.4029627053861584,False,T0_raw,175.79948825772527,1.510041675169331,,
v,1339,1339,2.4029627053861584,False,oracle,138.1250244122905,4.0628855910648385,,
v,1339,1339,2.4029627053861584,False,est_gtstart,138.09609555167393,4.062368847890162,,
v,1339,1339,2.4029627053861584,False,est_warmstart,138.37919640968784,3.9681572772891354,,
v,1339,1339,2.4029627053861584,False,view_gap,2.5715013144011474,49.08348392601391,0.9999999907688888,0.9999999999658532
v,1340,1340,2.4030994871922684,False,T0_raw,173.93503701309362,1.464672662099631,,
v,1340,1340,2.4030994871922684,False,oracle,141.3360454961106,4.379935024670354,,
v,1340,1340,2.4030994871922684,False,est_gtstart,141.29596247207468,4.378053117540023,,
v,1340,1340,2.4030994871922684,False,est_warmstart,141.5988666367571,4.169486662115952,,
v,1340,1340,2.4030994871922684,False,view_gap,2.5198892924728056,54.11361959424443,0.999999992507079,0.9999999899779605
v,1341,1341,2.4035245849847877,False,T0_raw,171.43459060096546,2.0478622301796237,,
v,1341,1341,2.4035245849847877,False,oracle,143.44623020967623,5.516823302552805,,
v,1341,1341,2.4035245849847877,False,est_gtstart,143.41036719422632,5.52022744598934,,
v,1341,1341,2.4035245849847877,False,est_warmstart,144.05088901282582,5.386461092741659,,
v,1341,1341,2.4035245849847877,False,view_gap,2.4870331085772976,52.57050971040478,0.9999999933521146,0.9999999638760725
v,1342,1342,2.4042366705226033,False,T0_raw,173.11646069552512,1.5136394686423533,,
v,1342,1342,2.4042366705226033,False,oracle,146.0582176116701,5.219578988391946,,
v,1342,1342,2.4042366705226033,False,est_gtstart,146.0412112248948,5.220790192302631,,
v,1342,1342,2.4042366705226033,False,est_warmstart,147.39225936262054,4.662331853564274,,
v,1342,1342,2.4042366705226033,False,view_gap,2.4901630528501175,57.56784989441055,0.9999999940968369,0.9999999929654688
v,1343,1343,2.405233667492767,False,T0_raw,173.67785767687153,2.340982225247689,,
v,1343,1343,2.405233667492767,False,oracle,163.25553903467073,11.474710789016516,,
v,1343,1343,2.405233667492767,False,est_gtstart,163.22252539261996,11.475953760824295,,
v,1343,1343,2.405233667492767,False,est_warmstart,163.7054942145364,11.228971299289963,,
v,1343,1343,2.405233667492767,False,view_gap,2.500120970950157,57.41394791338017,0.9999999943729819,0.9999999948882548
v,1344,1344,2.406513769927702,False,T0_raw,171.79716405440854,2.5568603841323867,,
v,1344,1344,2.406513769927702,False,oracle,150.74576622428032,8.02028054689947,,
v,1344,1344,2.406513769927702,False,est_gtstart,150.7069717794497,8.016282531099337,,
v,1344,1344,2.406513769927702,False,est_warmstart,151.4389778726291,7.293910446849181,,
v,1344,1344,2.406513769927702,False,view_gap,2.490691065210237,53.1077169213936,0.9999999944234511,0.9999999847448016
v,1345,1345,2.4080755807010843,False,T0_raw,175.3552868454676,1.7776220316748461,,
v,1345,1345,2.4080755807010843,False,oracle,154.21077008309095,6.270810521844633,,
v,1345,1345,2.4080755807010843,False,est_gtstart,154.1935170517489,6.270626800034322,,
v,1345,1345,2.4080755807010843,False,est_warmstart,155.13274022496998,5.721799035342488,,
v,1345,1345,2.4080755807010843,False,view_gap,2.5079070339683676,61.20946311275732,0.9999999951416817,0.9999999952615047
v,1346,1346,2.4099153240165787,False,T0_raw,170.5542540744205,1.8745720494342968,,
v,1346,1346,2.4099153240165787,False,oracle,144.91370126331776,4.763675683822368,,
v,1346,1346,2.4099153240165787,False,est_gtstart,144.86745780606574,4.769045703521218,,
v,1346,1346,2.4099153240165787,False,est_warmstart,145.89737799266032,4.354447335536902,,
v,1346,1346,2.4099153240165787,False,view_gap,2.4380688992327277,59.66931172801581,0.9999999956821882,0.999999969682468
v,1347,1347,2.4120306860253287,False,T0_raw,172.56304522847225,2.9398959548447654,,
v,1347,1347,2.4120306860253287,False,oracle,147.3289539016675,6.865477531337972,,
v,1347,1347,2.4120306860253287,False,est_gtstart,147.31189081337052,6.865914712430605,,
v,1347,1347,2.4120306860253287,False,est_warmstart,146.67446272290854,5.925288913413883,,
v,1347,1347,2.4120306860253287,False,view_gap,2.4829545813970793,57.33346879378498,0.9999999955649099,0.9999999985610308
v,1348,1348,2.414417209541961,False,T0_raw,174.6173131398155,2.2565056026247703,,
v,1348,1348,2.414417209541961,False,oracle,155.00515590425343,4.483783846191593,,
v,1348,1348,2.414417209541961,False,est_gtstart,155.04748455012708,4.488332636393804,,
v,1348,1348,2.414417209541961,False,est_warmstart,161.21574819361751,4.085911262144418,,
v,1348,1348,2.414417209541961,False,view_gap,2.4856982080095835,63.13192361757469,0.9999999962016389,0.999999854086296
v,1349,1349,2.4170687408426916,False,T0_raw,173.03169845449946,1.7584611122910476,,
v,1349,1349,2.4170687408426916,False,oracle,161.8349781070809,3.9487897648234394,,
v,1349,1349,2.4170687408426916,False,est_gtstart,161.82128396433632,3.9465837279149647,,
v,1349,1349,2.4170687408426916,False,est_warmstart,164.77281067235725,3.6922342298330806,,
v,1349,1349,2.4170687408426916,False,view_gap,2.4435354169647923,65.9364131025515,0.9999999966736294,0.9999999981997817
v,1350,1350,2.4199805132597114,False,T0_raw,176.03695563538048,2.061476649605847,,
v,1350,1350,2.4199805132597114,False,oracle,177.677127401926,5.235396534185203,,
v,1350,1350,2.4199805132597114,False,est_gtstart,177.65891213451155,5.2356538097183565,,
v,1350,1350,2.4199805132597114,False,est_warmstart,168.89918637620434,4.094248122623845,,
v,1350,1350,2.4199805132597114,False,view_gap,2.475413975431672,68.90689904880354,0.9999999967513042,0.999999996039883
v,1351,1351,2.4231476471916196,False,T0_raw,179.12760020039465,2.7250973283264424,,
v,1351,1351,2.4231476471916196,False,oracle,174.2587627878621,4.6527790338008685,,
v,1351,1351,2.4231476471916196,False,est_gtstart,165.4059853433049,4.547625707233792,,
v,1351,1351,2.4231476471916196,False,est_warmstart,166.41662044691952,4.429651576093837,,
v,1351,1351,2.4231476471916196,False,view_gap,2.525109217076678,69.18476092622771,0.9995030410132316,0.9996985700284313
v,1352,1352,2.4265625870077385,False,T0_raw,181.19074494433693,2.1858377748937756,,
v,1352,1352,2.4265625870077385,False,oracle,170.8710853073655,4.037246992035913,,
v,1352,1352,2.4265625870077385,False,est_gtstart,170.50981475719018,4.05396422669361,,
v,1352,1352,2.4265625870077385,False,est_warmstart,171.8045896947981,3.9401418193096176,,
v,1352,1352,2.4265625870077385,False,view_gap,2.53994649105098,72.34875764362903,0.9999752498782455,0.9999880631199206
v,1353,1353,2.4302162555039533,False,T0_raw,182.9088456389676,2.504453618870666,,
v,1353,1353,2.4302162555039533,False,oracle,169.84173109418768,5.051802164737114,,
v,1353,1353,2.4302162555039533,False,est_gtstart,169.8235644444394,5.051537776165516,,
v,1353,1353,2.4302162555039533,False,est_warmstart,171.61866859914045,4.691226083675601,,
v,1353,1353,2.4302162555039533,False,view_gap,2.565478009629012,72.86168863449572,0.9999999951997733,0.9999999843018043
v,1354,1354,2.434100915736077,False,T0_raw,184.17027624559685,2.9553378060278934,,
v,1354,1354,2.434100915736077,False,oracle,174.58282064857104,5.388517069204205,,
v,1354,1354,2.434100915736077,False,est_gtstart,167.89316224920614,5.393246773777202,,
v,1354,1354,2.434100915736077,False,est_warmstart,168.48270243975352,5.1263576901588,,
v,1354,1354,2.434100915736077,False,view_gap,2.6058644382002787,69.68805549647028,0.9996642184328136,0.9998305806350688
v,1355,1355,2.438210116866075,False,T0_raw,182.10308260726745,1.7236764795340247,,
v,1355,1355,2.438210116866075,False,oracle,168.90501892322268,4.3133324566987294,,
v,1355,1355,2.438210116866075,False,est_gtstart,168.88787221659683,4.314151854317061,,
v,1355,1355,2.438210116866075,False,est_warmstart,168.26907428544496,3.6918411239257347,,
v,1355,1355,2.438210116866075,False,view_gap,2.5668472686539765,70.50725917243739,0.9999999941123257,0.999999998234492
v,1356,1356,2.4425382124246777,False,T0_raw,187.2326914125506,2.037316019812589,,
v,1356,1356,2.4425382124246777,False,oracle,177.38699046259345,4.195893657554451,,
v,1356,1356,2.4425382124246777,False,est_gtstart,177.10108898114788,4.244130609701171,,
v,1356,1356,2.4425382124246777,False,est_warmstart,178.9044767299434,3.676498864416194,,
v,1356,1356,2.4425382124246777,False,view_gap,2.6612044183911365,68.8802333354146,0.9999865882807718,0.9999686066815051
v,1357,1357,2.4470778117477243,False,T0_raw,184.9265648493663,1.8170203561122997,,
v,1357,1357,2.4470778117477243,False,oracle,176.96223168443655,3.5343615885890967,,
v,1357,1357,2.4470778117477243,False,est_gtstart,171.32695458438906,3.5946706569092544,,
v,1357,1357,2.4470778117477243,False,est_warmstart,172.1820733340691,3.4446465151350596,,
v,1357,1357,2.4470778117477243,False,view_gap,2.6351023577825257,66.8080503879076,0.999731616903308,0.9999009137081555
v,1358,1358,2.4518214958140163,False,T0_raw,183.71156591641716,1.3925921659955938,,
v,1358,1358,2.4518214958140163,False,oracle,168.009398651963,2.5086374980809256,,
v,1358,1358,2.4518214958140163,False,est_gtstart,167.6650804625033,2.648820834170731,,
v,1358,1358,2.4518214958140163,False,est_warmstart,168.42818837299174,2.4195924165538223,,
v,1358,1358,2.4518214958140163,False,view_gap,2.6104446631613665,67.65975767989252,0.9999243739715944,0.9999228085835069
v,1359,1359,2.456760375987161,False,T0_raw,181.88493599460594,1.3273657101162548,,
v,1359,1359,2.456760375987161,False,oracle,170.1567282908337,3.0419393586108763,,
v,1359,1359,2.456760375987161,False,est_gtstart,170.2053179178271,3.047349403468035,,
v,1359,1359,2.456760375987161,False,est_warmstart,170.8637756241176,2.815959978061384,,
v,1359,1359,2.456760375987161,False,view_gap,2.588341207058233,66.28031713116833,0.999999994374584,0.9999999383751084
v,1360,1360,2.4618862496603735,False,T0_raw,180.4317861515366,1.002051387948941,,
v,1360,1360,2.4618862496603735,False,oracle,170.4042492622513,2.5471104371301574,,
v,1360,1360,2.4618862496603735,False,est_gtstart,163.0563753770447,2.066372911032346,,
v,1360,1360,2.4618862496603735,False,est_warmstart,164.0279256626156,1.9923122729917313,,
v,1360,1360,2.4618862496603735,False,view_gap,2.550375079575902,68.71603604249721,0.9996372392183622,0.999723705049642
v,1361,1361,2.467191693033704,False,T0_raw,181.85112768096593,0.8065562929342676,,
v,1361,1361,2.467191693033704,False,oracle,165.0669319981057,2.397535793757426,,
v,1361,1361,2.467191693033704,False,est_gtstart,165.06875913158578,2.3981543063714446,,
v,1361,1361,2.467191693033704,False,est_warmstart,165.8078045390221,2.1286260990978705,,
v,1361,1361,2.467191693033704,False,view_gap,2.5663021604627287,69.9919852315678,0.9999999927007949,0.9999999975083265
v,1362,1362,2.472666091953285,False,T0_raw,176.57655831066435,0.9610169111831995,,
v,1362,1362,2.472666091953285,False,oracle,157.11123872132427,2.1408674948947324,,
v,1362,1362,2.472666091953285,False,est_gtstart,156.698715244716,2.2648303769360325,,
v,1362,1362,2.472666091953285,False,est_warmstart,157.86751651150863,2.4536847838207634,,
v,1362,1362,2.472666091953285,False,view_gap,2.520018250889257,62.97204499282705,0.9999108985329669,0.9998712727615591
v,1363,1363,2.478299113293941,False,T0_raw,177.16829418693902,0.7697281184200145,,
v,1363,1363,2.478299113293941,False,oracle,157.96146953852931,2.0400715563137024,,
v,1363,1363,2.478299113293941,False,est_gtstart,157.06261192193816,2.1109436639586323,,
v,1363,1363,2.478299113293941,False,est_warmstart,157.06429859828822,2.0963520713656494,,
v,1363,1363,2.478299113293941,False,view_gap,2.5249981329020548,63.83726284114477,0.9998444891828794,0.9998583928721101
v,1364,1364,2.4840808200033058,False,T0_raw,172.61120167749812,0.23371926086892242,,
v,1364,1364,2.4840808200033058,False,oracle,159.76265178368516,1.8085683590438875,,
v,1364,1364,2.4840808200033058,False,est_gtstart,159.3736250105737,1.875028600241734,,
v,1364,1364,2.4840808200033058,False,est_warmstart,160.05992849674715,1.7443777215357732,,
v,1364,1364,2.4840808200033058,False,view_gap,2.4790164333460125,58.5761412461725,0.9998435413576715,0.9997217146189837
v,1365,1365,2.4900012672537875,False,T0_raw,173.75634149928848,0.5975156562780054,,
v,1365,1365,2.4900012672537875,False,oracle,159.3561041579362,2.4671534823779715,,
v,1365,1365,2.4900012672537875,False,est_gtstart,159.37746769698876,2.4683394633795332,,
v,1365,1365,2.4900012672537875,False,est_warmstart,159.46411001802008,2.324414968264044,,
v,1365,1365,2.4900012672537875,False,view_gap,2.5106224825327996,55.984365058941336,0.99999996591685,0.9999999954397786
v,1366,1366,2.496051018744982,False,T0_raw,173.60223391534774,0.8935167259671799,,
v,1366,1366,2.496051018744982,False,oracle,156.44860839206146,2.2062225301504745,,
v,1366,1366,2.496051018744982,False,est_gtstart,162.41483299550362,2.2755875833123467,,
v,1366,1366,2.496051018744982,False,est_warmstart,164.03509350296542,2.157856032634275,,
v,1366,1366,2.496051018744982,False,view_gap,2.513030321102528,54.98431368118162,0.9990325155247542,0.9998638523923463
v,1367,1367,2.5022182130963238,False,T0_raw,171.62020333013908,1.0561255560425027,,
v,1367,1367,2.5022182130963238,False,oracle,154.0696580765976,2.19902581199444,,
v,1367,1367,2.5022182130963238,False,est_gtstart,154.1162546389569,2.2024877124218216,,
v,1367,1367,2.5022182130963238,False,est_warmstart,153.95122494048056,2.0372544027359716,,
v,1367,1367,2.5022182130963238,False,view_gap,2.4939876790422484,52.25461153393507,0.9999999042810969,0.9999999462123434
v,1368,1368,2.5084897435178304,False,T0_raw,169.60310953981454,1.5939612185218912,,
v,1368,1368,2.5084897435178304,False,oracle,151.41566742544578,2.697774647515111,,
v,1368,1368,2.5084897435178304,False,est_gtstart,152.30970733095955,2.605413622489981,,
v,1368,1368,2.5084897435178304,False,est_warmstart,154.46930284077925,2.704500749036798,,
v,1368,1368,2.5084897435178304,False,view_gap,2.4798889287646046,48.12479227623356,0.9998872425838254,0.9999380841431526
v,1369,1369,2.5148518302948637,False,T0_raw,172.85111942259346,1.6992470071806949,,
v,1369,1369,2.5148518302948637,False,oracle,145.82829039015175,3.411605055635847,,
v,1369,1369,2.5148518302948637,False,est_gtstart,162.34945637549876,2.6810964410947933,,
v,1369,1369,2.5148518302948637,False,est_warmstart,162.89590441630313,2.6011650391029004,,
v,1369,1369,2.5148518302948637,False,view_gap,2.5385186711643706,46.389479057947995,0.9942214908988832,0.9991297788313387
v,1370,1370,2.521290684486959,False,T0_raw,174.4691212961035,1.534305957918524,,
v,1370,1370,2.521290684486959,False,oracle,142.55801183840796,4.265768864787062,,
v,1370,1370,2.521290684486959,False,est_gtstart,142.10097735871477,4.208291307839536,,
v,1370,1370,2.521290684486959,False,est_warmstart,145.3397356184805,4.680630031061635,,
v,1370,1370,2.521290684486959,False,view_gap,2.5576555495817668,48.04799671224514,0.9995361025934189,0.9998000782900902
v,1371,1371,2.52779356989705,False,T0_raw,176.05349633713237,1.5293566836751094,,
v,1371,1371,2.52779356989705,False,oracle,148.24780136729953,2.6566949962113124,,
v,1371,1371,2.52779356989705,False,est_gtstart,148.34095637578534,2.6538306198313126,,
v,1371,1371,2.52779356989705,False,est_warmstart,148.79240149387863,2.7785703644141213,,
v,1371,1371,2.52779356989705,False,view_gap,2.5842445343708436,47.697615218945884,0.9999993446672077,0.9999998184783947
v,1372,1372,2.5343473467933793,False,T0_raw,175.43503716214335,1.2360852012594863,,
v,1372,1372,2.5343473467933793,False,oracle,151.97363989077206,2.878007513722737,,
v,1372,1372,2.5343473467933793,False,est_gtstart,150.74493380330273,2.845324403620481,,
v,1372,1372,2.5343473467933793,False,est_warmstart,151.4449501770732,3.0891176646086658,,
v,1372,1372,2.5343473467933793,False,view_gap,2.5613399758426656,50.892644134597816,0.9991524710662331,0.9998289469589772
v,1373,1373,2.540937935402828,False,T0_raw,179.26698320605865,1.5138550533675055,,
v,1373,1373,2.540937935402828,False,oracle,155.27148088429604,2.878246083316221,,
v,1373,1373,2.540937935402828,False,est_gtstart,159.01988451046242,2.882443995727269,,
v,1373,1373,2.540937935402828,False,est_warmstart,160.35360828609402,3.073077045117002,,
v,1373,1373,2.540937935402828,False,view_gap,2.621473176575219,51.12415946179594,0.9986907034516926,0.9997824266081093
v,1374,1374,2.5475509523198507,False,T0_raw,178.9007370442739,1.3239809989106999,,
v,1374,1374,2.5475509523198507,False,oracle,152.0624349259169,2.1271693979679664,,
v,1374,1374,2.5475509523198507,False,est_gtstart,150.78984356584294,2.1639330352598667,,
v,1374,1374,2.5475509523198507,False,est_warmstart,154.19732098833097,2.167112383191388,,
v,1374,1374,2.5475509523198507,False,view_gap,2.6075297886109836,53.02641014993847,0.9988506135756572,0.9997682851335662
v,1375,1375,2.554173351978206,False,T0_raw,179.23252935478104,1.565799028648439,,
v,1375,1375,2.554173351978206,False,oracle,157.5026645707559,2.2509799474073553,,
v,1375,1375,2.554173351978206,False,est_gtstart,157.56746304830776,2.2556808017864176,,
v,1375,1375,2.554173351978206,False,est_warmstart,157.73655452724353,2.2441492080413137,,
v,1375,1375,2.554173351978206,False,view_gap,2.6139138000701485,52.78954998316854,0.9999987996546161,0.9999997311687967
v,1376,1376,2.5607931643031865,False,T0_raw,182.4286662383367,2.539427869622015,,
v,1376,1376,2.5607931643031865,False,oracle,159.1817985171623,1.9803169167734491,,
v,1376,1376,2.5607931643031865,False,est_gtstart,160.41906811601672,2.3477405258424646,,
v,1376,1376,2.5607931643031865,False,est_warmstart,160.6418588171586,2.332789241304661,,
v,1376,1376,2.5607931643031865,False,view_gap,2.697809182950488,44.26203439816456,0.722344792287586,0.9963447530318026
v,1377,1377,2.5673963911527102,False,T0_raw,178.75261557486854,1.8470859861910198,,
v,1377,1377,2.5673963911527102,False,oracle,162.92230813241724,2.1572233708844832,,
v,1377,1377,2.5673963911527102,False,est_gtstart,170.66807047705973,2.971487470272038,,
v,1377,1377,2.5673963911527102,False,est_warmstart,171.69460323444088,3.1241975383600336,,
v,1377,1377,2.5673963911527102,False,view_gap,2.6379821199833295,44.83768343869477,0.7912738410012142,0.9821816014730145
v,1378,1378,2.573970625134057,False,T0_raw,179.18221558460456,2.1563834240052104,,
v,1378,1378,2.573970625134057,False,oracle,165.31154856365734,2.6201313462723146,,
v,1378,1378,2.573970625134057,False,est_gtstart,162.5388029594633,2.739502106605502,,
v,1378,1378,2.573970625134057,False,est_warmstart,163.19474178231937,2.5788583056448298,,
v,1378,1378,2.573970625134057,False,view_gap,2.648085995995677,43.906010336455914,0.9755629033533324,0.9995173793963833
v,1379,1379,2.580502662779144,False,T0_raw,177.7746329776947,1.8785034440223622,,
v,1379,1379,2.580502662779144,False,oracle,164.6428320861819,2.584911694851306,,
v,1379,1379,2.580502662779144,False,est_gtstart,164.73587755323229,2.5958105959945823,,
v,1379,1379,2.580502662779144,False,est_warmstart,165.0717106881165,2.434170088817332,,
v,1379,1379,2.580502662779144,False,view_gap,2.633220666843714,41.79811350509644,0.999978791930665,0.9999997125077155
v,1380,1380,2.593384314894249,False,T0_raw,177.43820801128797,3.7103270421562,,
v,1380,1380,2.593384314894249,False,oracle,158.8543084397107,3.8711447548790265,,
v,1380,1380,2.593384314894249,False,est_gtstart,162.82399266997277,4.085640400392134,,
v,1380,1380,2.593384314894249,False,est_warmstart,163.33610907189697,3.947756188810562,,
v,1380,1380,2.593384314894249,False,view_gap,2.641066771529274,37.65276464391532,0.9837684325389796,0.9996961221227775
v,1381,1381,2.5997080381951263,False,T0_raw,176.47573113089828,3.1346383264237443,,
v,1381,1381,2.5997080381951263,False,oracle,161.4370806156506,3.397513850761349,,
v,1381,1381,2.5997080381951263,False,est_gtstart,159.32184172339507,3.4924755121815707,,
v,1381,1381,2.5997080381951263,False,est_warmstart,159.63748191740268,3.3623477447675265,,
v,1381,1381,2.5997080381951263,False,view_gap,2.613088829262079,41.75841463535734,0.9895570289641666,0.9994620935117332
v,1382,1382,2.605934549669528,False,T0_raw,176.2101587805222,3.1790808491083546,,
v,1382,1382,2.605934549669528,False,oracle,158.53169104755838,3.7899522214146577,,
v,1382,1382,2.605934549669528,False,est_gtstart,160.48280204523553,4.0116265124866075,,
v,1382,1382,2.605934549669528,False,est_warmstart,160.58349468532393,4.15807907916883,,
v,1382,1382,2.605934549669528,False,view_gap,2.6066150803593358,42.44831204459531,0.8732155211449419,0.999491684899957
v,1383,1383,2.612050353548957,False,T0_raw,172.777530657705,3.3752671993254513,,
v,1383,1383,2.612050353548957,False,oracle,150.01226609523786,3.4564527748797587,,
v,1383,1383,2.612050353548957,False,est_gtstart,152.33339386572737,3.6184138258692866,,
v,1383,1383,2.612050353548957,False,est_warmstart,152.4365709514081,3.6149908552882404,,
v,1383,1383,2.612050353548957,False,view_gap,2.559946438386514,40.33130433247578,0.8738604433828447,0.9997132262246584
v,1384,1384,2.6180402605919078,False,T0_raw,171.64053128126614,3.0436776136307944,,
v,1384,1384,2.6180402605919078,False,oracle,150.1777591430616,3.3916509648208883,,
v,1384,1384,2.6180402605919078,False,est_gtstart,152.91782013403073,3.7123401274846257,,
v,1384,1384,2.6180402605919078,False,est_warmstart,152.936122565303,3.759110811669416,,
v,1384,1384,2.6180402605919078,False,view_gap,2.5401828434315368,40.91871805995373,0.8744706438919819,0.999501652194562
v,1385,1385,2.623892123063388,False,T0_raw,173.2801759964761,3.000076270487369,,
v,1385,1385,2.623892123063388,False,oracle,149.4886058418039,3.6396495990279862,,
v,1385,1385,2.623892123063388,False,est_gtstart,149.48334535996625,3.63808517826979,,
v,1385,1385,2.623892123063388,False,est_warmstart,149.79493649493753,3.823720133536244,,
v,1385,1385,2.623892123063388,False,view_gap,2.563901594377526,41.52365983140926,0.9999999921535199,0.9999999157099946
v,1386,1386,2.629593178998814,False,T0_raw,169.9827379268781,3.1465300348507617,,
v,1386,1386,2.629593178998814,False,oracle,146.52424991036736,3.3926509685831427,,
v,1386,1386,2.629593178998814,False,est_gtstart,147.048778524049,3.6619666042943106,,
v,1386,1386,2.629593178998814,False,est_warmstart,147.15916701580605,3.814583434265458,,
v,1386,1386,2.629593178998814,False,view_gap,2.522160976686554,38.54091626346978,0.9999875678378725,0.9999934870706931
v,1387,1387,2.635130065773348,False,T0_raw,166.66065952720652,2.950119065542167,,
v,1387,1387,2.635130065773348,False,oracle,145.6678075424965,3.3236912245697674,,
v,1387,1387,2.635130065773348,False,est_gtstart,147.38994442096288,3.6446461784475273,,
v,1387,1387,2.635130065773348,False,est_warmstart,147.30960300011682,3.7395359115250626,,
v,1387,1387,2.635130065773348,False,view_gap,2.469735524104474,38.68591861957205,0.9999878931262642,0.9996583373701389
v,1388,1388,2.640489338776008,False,T0_raw,168.93608089250966,2.8645804504714296,,
v,1388,1388,2.640489338776008,False,oracle,147.38494515995922,3.4454852020446016,,
v,1388,1388,2.640489338776008,False,est_gtstart,148.42385299970314,3.6490072578897927,,
v,1388,1388,2.640489338776008,False,est_warmstart,148.42979288578198,3.6518783100421084,,
v,1388,1388,2.640489338776008,False,view_gap,2.5009367378012257,40.039271285273074,0.9999879453944117,0.9999275304443429
v,1389,1389,2.6456560073519424,False,T0_raw,172.89677245247017,3.336076115441877,,
v,1389,1389,2.6456560073519424,False,oracle,147.60036994412482,3.4582760717936494,,
v,1389,1389,2.6456560073519424,False,est_gtstart,149.96603233381586,3.5897393934984034,,
v,1389,1389,2.6456560073519424,False,est_warmstart,150.97150260082364,4.0647486941016,,
v,1389,1389,2.6456560073519424,False,view_gap,2.5697195721722905,37.95826069183139,0.9999998405069337,0.9999533404014656
v,1390,1390,2.650616678859566,False,T0_raw,174.97945721096755,3.2165693965186257,,
v,1390,1390,2.650616678859566,False,oracle,148.93995527830785,3.1864221299309152,,
v,1390,1390,2.650616678859566,False,est_gtstart,150.99481757526587,3.422497987214957,,
v,1390,1390,2.650616678859566,False,est_warmstart,150.94907206642878,3.3573877565294463,,
v,1390,1390,2.650616678859566,False,view_gap,2.6058323472741702,36.7747207291611,0.9999998460083586,0.9998332820839063
v,1391,1391,2.6553582592236187,False,T0_raw,177.16610197413175,3.076206425470159,,
v,1391,1391,2.6553582592236187,False,oracle,148.81986165050756,2.673617362794561,,
v,1391,1391,2.6553582592236187,False,est_gtstart,153.79035893755815,2.67547068470426,,
v,1391,1391,2.6553582592236187,False,est_warmstart,153.82575709709616,2.6452618822681386,,
v,1391,1391,2.6553582592236187,False,view_gap,2.635737177761976,38.209054764141385,0.999981776811131,0.9996867959807414
v,1392,1392,2.6527398799786837,False,T0_raw,174.7613654402656,3.156113786934806,,
v,1392,1392,2.6527398799786837,False,oracle,140.9145104120796,3.117223447178962,,
v,1392,1392,2.6527398799786837,False,est_gtstart,148.53220089380181,3.0796735622276206,,
v,1392,1392,2.6527398799786837,False,est_warmstart,148.59211701952896,3.030806172409313,,
v,1392,1392,2.6527398799786837,False,view_gap,2.61621516821708,31.708305261886505,0.9999818748145489,0.9995664781508403
v,1393,1393,2.6492473578897693,False,T0_raw,177.86164237134895,2.771341300489735,,
v,1393,1393,2.6492473578897693,False,oracle,147.1422036764783,1.9466444986593079,,
v,1393,1393,2.6492473578897693,False,est_gtstart,150.77034565757228,2.0499833006125794,,
v,1393,1393,2.6492473578897693,False,est_warmstart,150.96685498461318,2.096881089537849,,
v,1393,1393,2.6492473578897693,False,view_gap,2.6425882302099177,39.556061278006815,0.9999968409417046,0.9996467648305805
v,1394,1394,2.6459708996876943,False,T0_raw,180.90262382965398,2.385357188477671,,
v,1394,1394,2.6459708996876943,False,oracle,149.27653620269572,1.9348846137375544,,
v,1394,1394,2.6459708996876943,False,est_gtstart,153.10759502169853,2.0962167514948127,,
v,1394,1394,2.6459708996876943,False,est_warmstart,153.23570556925822,2.165081036287343,,
v,1394,1394,2.6459708996876943,False,view_gap,2.6905892749464546,39.416963411350366,0.9999968457250062,0.9997291481649043
v,1395,1395,2.642916943179094,False,T0_raw,184.01526605977875,2.9275410664894617,,
v,1395,1395,2.642916943179094,False,oracle,123.5392161634501,5.59833500150054,,
v,1395,1395,2.642916943179094,False,est_gtstart,129.63211979259373,5.837080431465641,,
v,1395,1395,2.642916943179094,False,est_warmstart,129.08558325220875,5.105604776499418,,
v,1395,1395,2.642916943179094,False,view_gap,2.7524072460700215,34.651873875128025,0.9999868316923327,0.9995607546655412
v,1396,1396,2.639669592586935,False,T0_raw,181.535280506467,2.1346429949161556,,
v,1396,1396,2.639669592586935,False,oracle,129.87048826606707,2.0040572476410663,,
v,1396,1396,2.639669592586935,False,est_gtstart,137.56593154614504,1.9016391467039364,,
v,1396,1396,2.639669592586935,False,est_warmstart,137.75090286508708,1.8338794928252937,,
v,1396,1396,2.639669592586935,False,view_gap,2.7011949844307535,39.213455391611696,0.9999883846018435,0.9994403923729367
v,1397,1397,2.636381062629841,False,T0_raw,183.69228853463483,2.3687997890066215,,
v,1397,1397,2.636381062629841,False,oracle,131.78786889859595,2.4921442348136296,,
v,1397,1397,2.636381062629841,False,est_gtstart,135.87440438652914,2.405359340416822,,
v,1397,1397,2.636381062629841,False,est_warmstart,135.82289311526466,2.349204027015821,,
v,1397,1397,2.636381062629841,False,view_gap,2.753482952939326,32.216844989992225,0.9999963334322302,0.999829088024456
v,1398,1398,2.633306926832722,False,T0_raw,184.38391272626455,2.3921522355132097,,
v,1398,1398,2.633306926832722,False,oracle,126.54099039861161,3.647994539960987,,
v,1398,1398,2.633306926832722,False,est_gtstart,130.23071112956038,3.6136523722565057,,
v,1398,1398,2.633306926832722,False,est_warmstart,130.2504094981837,3.562136113749091,,
v,1398,1398,2.633306926832722,False,view_gap,2.7623505032356523,33.00633662867236,0.9999963295242315,0.9998497938696869
v,1399,1399,2.630134373508119,False,T0_raw,182.98987068551983,2.563567725276763,,
v,1399,1399,2.630134373508119,False,oracle,131.14383675096732,1.7466076228861471,,
v,1399,1399,2.630134373508119,False,est_gtstart,138.7011728507621,1.506670895576988,,
v,1399,1399,2.630134373508119,False,est_warmstart,138.8383923702565,1.485397391987076,,
v,1399,1399,2.630134373508119,False,view_gap,2.735096498245079,35.27517435506322,0.99998539212674,0.9993114875273982
v,1400,1400,2.626853676943899,False,T0_raw,182.7750076705607,2.5691709352107486,,
v,1400,1400,2.626853676943899,False,oracle,121.75954943994884,2.617673715255865,,
v,1400,1400,2.626853676943899,False,est_gtstart,128.9499550488379,2.441037411309645,,
v,1400,1400,2.626853676943899,False,est_warmstart,128.88852751874995,2.4009151040867107,,
v,1400,1400,2.626853676943899,False,view_gap,2.742605418178351,30.859869930221162,0.9999843584141253,0.9987674413120328
v,1401,1401,2.62381118755395,False,T0_raw,181.58834030930473,2.677835734618339,,
v,1401,1401,2.62381118755395,False,oracle,130.07479380896848,1.7369475862134207,,
v,1401,1401,2.62381118755395,False,est_gtstart,134.0180504256507,1.5498194805893466,,
v,1401,1401,2.62381118755395,False,est_warmstart,133.97408616765142,1.5511810543784226,,
v,1401,1401,2.62381118755395,False,view_gap,2.7241247890515714,30.97133664079621,0.9999933218923674,0.99992544827341
v,1402,1402,2.6210118252450845,False,T0_raw,178.65820361424048,2.2173042664846787,,
v,1402,1402,2.6210118252450845,False,oracle,130.89660677992975,1.619765567386207,,
v,1402,1402,2.6210118252450845,False,est_gtstart,134.83410843638137,1.4858513231222272,,
v,1402,1402,2.6210118252450845,False,est_warmstart,134.99071062874097,1.4774728566433948,,
v,1402,1402,2.6210118252450845,False,view_gap,2.6753701262844,32.470754579582376,0.9999932980771057,0.9998558071646938
v,1403,1403,2.617599711630022,False,T0_raw,178.06888273946072,2.424697114361714,,
v,1403,1403,2.617599711630022,False,oracle,127.887711273396,1.6610761509961915,,
v,1403,1403,2.617599711630022,False,est_gtstart,135.1861700168269,1.3705821272651677,,
v,1403,1403,2.617599711630022,False,est_warmstart,135.0844050571227,1.3960984561817826,,
v,1403,1403,2.617599711630022,False,view_gap,2.669670816232156,31.10479523476206,0.9999796732505398,0.999455672085513
v,1404,1404,2.6143512023276694,False,T0_raw,176.26614267290634,2.252776459326519,,
v,1404,1404,2.6143512023276694,False,oracle,131.90779082299153,1.8896317643505267,,
v,1404,1404,2.6143512023276694,False,est_gtstart,131.92157860449336,1.8910238579906,,
v,1404,1404,2.6143512023276694,False,est_warmstart,131.91659133420484,1.9230865317729264,,
v,1404,1404,2.6143512023276694,False,view_gap,2.6434560183140228,30.458767590776592,0.9999999980508675,0.9999999854694381
v,1405,1405,2.611339945224484,False,T0_raw,175.7116280475874,2.0496762352784517,,
v,1405,1405,2.611339945224484,False,oracle,131.8117598502614,1.5592914355482164,,
v,1405,1405,2.611339945224484,False,est_gtstart,131.82455117547693,1.5592198574648795,,
v,1405,1405,2.611339945224484,False,est_warmstart,131.89625567746415,1.5291128006463157,,
v,1405,1405,2.611339945224484,False,view_gap,2.6353645405119623,30.324473961183873,0.9999999982424894,0.9999999943663712
v,1406,1406,2.608299411728131,False,T0_raw,174.38332811238817,2.4823714269289425,,
v,1406,1406,2.608299411728131,False,oracle,127.96718450278743,1.9233216457178322,,
v,1406,1406,2.608299411728131,False,est_gtstart,132.48913177524182,1.6986410867444797,,
v,1406,1406,2.608299411728131,False,est_warmstart,132.3264526429335,1.7361571388177155,,
v,1406,1406,2.608299411728131,False,view_gap,2.62198983867781,27.14268477711812,0.9999451829708407,0.9991616550823883
v,1407,1407,2.6050648694868106,False,T0_raw,171.5859124425621,2.0179642493189536,,
v,1407,1407,2.6050648694868106,False,oracle,131.0676705962705,1.6265713132617716,,
v,1407,1407,2.6050648694868106,False,est_gtstart,131.11908176976743,1.6332256398032388,,
v,1407,1407,2.6050648694868106,False,est_warmstart,131.07698182985982,1.6284380284451325,,
v,1407,1407,2.6050648694868106,False,view_gap,2.561980751137094,34.186548147752575,0.9999999960353322,0.9999997160712562
v,1408,1408,2.60206488215466,False,T0_raw,171.6265347494351,2.096991926493484,,
v,1408,1408,2.60206488215466,False,oracle,127.91037394785673,1.8792977368511585,,
v,1408,1408,2.60206488215466,False,est_gtstart,133.24132923425955,1.592431201376849,,
v,1408,1408,2.60206488215466,False,est_warmstart,133.16678417713482,1.614658123463604,,
v,1408,1408,2.60206488215466,False,view_gap,2.573282129151327,30.099448881633073,0.997461057227564,0.9994808951972938
v,1409,1409,2.599033552685369,False,T0_raw,168.81063024068564,2.2516174452539754,,
v,1409,1409,2.599033552685369,False,oracle,122.55349109328887,2.1384397809383144,,
v,1409,1409,2.599033552685369,False,est_gtstart,127.20176656631874,1.8988623260268835,,
v,1409,1409,2.599033552685369,False,est_warmstart,127.03973641684415,1.9907609221770128,,
v,1409,1409,2.599033552685369,False,view_gap,2.528740164325287,30.57643200817406,0.9974508997098351,0.9992704551655702
v,1410,1410,2.5958044465809484,False,T0_raw,170.05044341417403,2.3252699050200096,,
v,1410,1410,2.5958044465809484,False,oracle,126.10962151668318,2.0410669293704577,,
v,1410,1410,2.5958044465809484,False,est_gtstart,126.13468068379804,2.0401908887258258,,
v,1410,1410,2.5958044465809484,False,est_warmstart,126.27988127806333,2.1156255508590127,,
v,1410,1410,2.5958044465809484,False,view_gap,2.543550385822413,32.39543080555407,0.9999999291871137,0.9999999843331352
v,1411,1411,2.592807643841003,False,T0_raw,168.92634967135814,2.7178893019211516,,
v,1411,1411,2.592807643841003,False,oracle,124.66052787661505,1.7846839445922889,,
v,1411,1411,2.592807643841003,False,est_gtstart,128.86997346441055,1.801273495783254,,
v,1411,1411,2.592807643841003,False,est_warmstart,128.84205045529814,1.8107879377324725,,
v,1411,1411,2.592807643841003,False,view_gap,2.5298321832599253,31.028712346399256,0.9997856255586052,0.9985940754749988
v,1412,1412,2.589821917041697,False,T0_raw,167.6937040752376,2.8767428737822827,,
v,1412,1412,2.589821917041697,False,oracle,121.34245148093193,2.0545479687143255,,
v,1412,1412,2.589821917041697,False,est_gtstart,123.6186520816143,1.7947121420298269,,
v,1412,1412,2.589821917041697,False,est_warmstart,123.55669553454749,1.8171709391457196,,
v,1412,1412,2.589821917041697,False,view_gap,2.51431974616004,29.65762889002299,0.9997851181250528,0.9987216721366506
v,1413,1413,2.5865852923987815,False,T0_raw,167.56943360761431,3.0306338974747993,,
v,1413,1413,2.5865852923987815,False,oracle,126.55873656277394,2.6195349363113545,,
v,1413,1413,2.5865852923987815,False,est_gtstart,126.60550844078402,2.619921219155701,,
v,1413,1413,2.5865852923987815,False,est_warmstart,126.5786949732049,2.623131589101751,,
v,1413,1413,2.5865852923987815,False,view_gap,2.5009391740525735,34.1127392231777,0.9999998883436679,0.9999999918112336
v,1414,1414,2.5835783766682754,False,T0_raw,170.31897330343696,2.832093569576828,,
v,1414,1414,2.5835783766682754,False,oracle,120.02171633744369,1.770312957678024,,
v,1414,1414,2.5835783766682754,False,est_gtstart,120.04645663453384,1.7691444618057974,,
v,1414,1414,2.5835783766682754,False,est_warmstart,119.83006584712768,2.1142115541607995,,
v,1414,1414,2.5835783766682754,False,view_gap,2.543717408282995,34.19931848141111,0.9999998752947649,0.9999999837739785
v,1415,1415,2.5806217334534525,False,T0_raw,169.89123612453477,3.062864691213952,,
v,1415,1415,2.5806217334534525,False,oracle,116.85832499949679,2.520582437707044,,
v,1415,1415,2.5806217334534525,False,est_gtstart,119.28381570040861,2.473415803975762,,
v,1415,1415,2.5806217334534525,False,est_warmstart,119.516122497362,2.493227599926218,,
v,1415,1415,2.5806217334534525,False,view_gap,2.547411799374022,30.314058732933358,0.99451604959965,0.9994298831677981
v,1416,1416,2.577376341972484,False,T0_raw,170.38623632983297,3.0428481751955863,,
v,1416,1416,2.577376341972484,False,oracle,117.63372531506131,2.313082956995386,,
v,1416,1416,2.577376341972484,False,est_gtstart,117.65466768216235,2.3097797991716926,,
v,1416,1416,2.577376341972484,False,est_warmstart,117.6707532943071,2.279276204465246,,
v,1416,1416,2.577376341972484,False,view_gap,2.5518313191284783,31.712145889486454,0.9999994985073143,0.9999994742083098
v,1417,1417,2.5743646738205848,False,T0_raw,168.12438354307304,2.0749903230010336,,
v,1417,1417,2.5743646738205848,False,oracle,110.83465039333504,2.1100230460606926,,
v,1417,1417,2.5743646738205848,False,est_gtstart,110.87482638593522,2.1099479346861387,,
v,1417,1417,2.5743646738205848,False,est_warmstart,110.91878097953604,2.104536470745259,,
v,1417,1417,2.5743646738205848,False,view_gap,2.5191661236429237,30.841923978109254,0.9999995565834912,0.999999951886959
v,1418,1418,2.5714260546883976,False,T0_raw,174.15530470329287,1.3352196575544235,,
v,1418,1418,2.5714260546883976,False,oracle,137.27178373705874,4.8063542706575,,
v,1418,1418,2.5714260546883976,False,est_gtstart,139.82960839770922,4.562610927567401,,
v,1418,1418,2.5714260546883976,False,est_warmstart,140.16937040976228,4.464984978446482,,
v,1418,1418,2.5714260546883976,False,view_gap,2.6253986147664334,24.94262374349976,0.999972675096017,0.999549623130727
v,1419,1419,2.5681750279417894,False,T0_raw,169.13167695146169,2.034139494151174,,
v,1419,1419,2.5681750279417894,False,oracle,110.46530221539625,2.1557888505147775,,
v,1419,1419,2.5681750279417894,False,est_gtstart,110.50102661957527,2.157057629574259,,
v,1419,1419,2.5681750279417894,False,est_warmstart,110.48936634371147,2.1742687790145387,,
v,1419,1419,2.5681750279417894,False,view_gap,2.5348307678034687,31.00325492389233,0.9999995328227698,0.9999999465675571
v,1420,1420,2.56515728886839,False,T0_raw,168.15642712118526,0.8846912306437593,,
v,1420,1420,2.56515728886839,False,oracle,120.84781119555588,8.602460086986776,,
v,1420,1420,2.56515728886839,False,est_gtstart,120.86064851814314,8.592770490723092,,
v,1420,1420,2.56515728886839,False,est_warmstart,121.0750201593576,8.458631211862018,,
v,1420,1420,2.56515728886839,False,view_gap,2.536109187493704,23.539370734499965,0.9999995908586173,0.999999882940586
v,1421,1421,2.56223286528389,False,T0_raw,177.28427017221347,2.43208039825757,,
v,1421,1421,2.56223286528389,False,oracle,107.37647653190763,2.446588019971696,,
v,1421,1421,2.56223286528389,False,est_gtstart,106.42226085325491,3.9800484419184685,,
v,1421,1421,2.56223286528389,False,est_warmstart,106.54875135652567,3.843577782663382,,
v,1421,1421,2.56223286528389,False,view_gap,2.664505828556401,29.763780673651485,0.7311141036494074,0.9867182342476152
v,1422,1422,2.558973661347895,False,T0_raw,176.55910946600036,1.7778749932222702,,
v,1422,1422,2.558973661347895,False,oracle,102.04702098512514,2.766883789561622,,
v,1422,1422,2.558973661347895,False,est_gtstart,103.6048979825797,3.7503539640359187,,
v,1422,1422,2.558973661347895,False,est_warmstart,103.57440733195813,3.6632798110188762,,
v,1422,1422,2.558973661347895,False,view_gap,2.6427851111118343,34.1412218980488,0.731526871914122,0.9955281200452144
v,1423,1423,2.5559465866736604,False,T0_raw,177.09531759180413,2.3113986095691628,,
v,1423,1423,2.5559465866736604,False,oracle,104.32565761339445,2.555573956670947,,
v,1423,1423,2.5559465866736604,False,est_gtstart,104.35385964589149,2.555370450977213,,
v,1423,1423,2.5559465866736604,False,est_warmstart,104.36427333562715,2.5400014113864606,,
v,1423,1423,2.5559465866736604,False,view_gap,2.6612351297088193,30.126348787352875,0.9999998855173304,0.9999999351301148
v,1424,1424,2.553050558494024,False,T0_raw,177.0005623951351,2.279601879524275,,
v,1424,1424,2.553050558494024,False,oracle,108.81860589006997,6.31557725239692,,
v,1424,1424,2.553050558494024,False,est_gtstart,113.5834137858188,6.384213696358233,,
v,1424,1424,2.553050558494024,False,est_warmstart,114.7380773154458,5.766200075105012,,
v,1424,1424,2.553050558494024,False,view_gap,2.666381501723704,27.15140817936801,0.9997094422043875,0.9997056792657544
v,1425,1425,2.5497759884892126,False,T0_raw,180.9369809974853,1.4785542328485524,,
v,1425,1425,2.5497759884892126,False,oracle,110.41540336208017,8.47817041081591,,
v,1425,1425,2.5497759884892126,False,est_gtstart,115.51050910476287,8.496503657580515,,
v,1425,1425,2.5497759884892126,False,est_warmstart,115.56584768982461,8.380518485248857,,
v,1425,1425,2.5497759884892126,False,view_gap,2.707125681988454,35.813944659385925,0.9997101590967489,0.999639985498607
v,1426,1426,2.5467331350206104,False,T0_raw,182.43107698397546,1.912698685993587,,
v,1426,1426,2.5467331350206104,False,oracle,109.07112276003245,5.278964770542713,,
v,1426,1426,2.5467331350206104,False,est_gtstart,109.11974828329627,5.270673686939332,,
v,1426,1426,2.5467331350206104,False,est_warmstart,109.6201012596579,4.782968134171669,,
v,1426,1426,2.5467331350206104,False,view_gap,2.734458007889965,34.35394896236011,0.9999998980676731,0.9999998764317852
v,1427,1427,2.5438714403863236,False,T0_raw,178.16031140969972,1.9515930056594182,,
v,1427,1427,2.5438714403863236,False,oracle,101.71779380227004,4.242381769704635,,
v,1427,1427,2.5438714403863236,False,est_gtstart,107.79937552927656,4.028057648883071,,
v,1427,1427,2.5438714403863236,False,est_warmstart,109.05207187861915,3.2554569700352727,,
v,1427,1427,2.5438714403863236,False,view_gap,2.6804227589832372,29.321888698359277,0.9996487875052202,0.9989798858933104
v,1428,1428,2.540575308777697,False,T0_raw,177.0356311385472,1.9120439232961512,,
v,1428,1428,2.540575308777697,False,oracle,101.17788974308657,2.5787916715699084,,
v,1428,1428,2.540575308777697,False,est_gtstart,107.98928280071998,2.3085934312983527,,
v,1428,1428,2.540575308777697,False,est_warmstart,111.88693233402877,1.4144634988271572,,
v,1428,1428,2.540575308777697,False,view_gap,2.6585622897017442,31.356094783296484,0.9996498825980527,0.9984593211715604
v,1429,1429,2.537495786262664,False,T0_raw,179.02270634851823,1.6353561620177475,,
v,1429,1429,2.537495786262664,False,oracle,115.17374989900681,4.197532768153093,,
v,1429,1429,2.537495786262664,False,est_gtstart,115.20697229334132,4.1994237324680785,,
v,1429,1429,2.537495786262664,False,est_warmstart,117.54031630997147,3.302674706166275,,
v,1429,1429,2.537495786262664,False,view_gap,2.6949357796825115,28.962582705076123,0.9999999257426845,0.9999999763697213
v,1430,1430,2.5343715831658744,False,T0_raw,174.17846566199978,1.6587319719329665,,
v,1430,1430,2.5343715831658744,False,oracle,105.0659011792449,2.1529121594186518,,
v,1430,1430,2.5343715831658744,False,est_gtstart,108.46197061444819,2.1340625191857385,,
v,1430,1430,2.5343715831658744,False,est_warmstart,114.8197274742396,1.2554674775974635,,
v,1430,1430,2.5343715831658744,False,view_gap,2.614590383423064,31.35300099859517,0.9996558664993149,0.9998551268920531
v,1431,1431,2.531253965752522,False,T0_raw,172.08040236784012,1.3173159939383468,,
v,1431,1431,2.531253965752522,False,oracle,111.91770472135427,3.628491427924636,,
v,1431,1431,2.531253965752522,False,est_gtstart,116.64868757048234,3.4341784912110245,,
v,1431,1431,2.531253965752522,False,est_warmstart,115.80180871047112,1.3739636629314422,,
v,1431,1431,2.531253965752522,False,view_gap,2.575128445431069,34.04741587751347,0.9996562622535548,0.9997189956989989
v,1432,1432,2.5283429330833505,False,T0_raw,168.23893348394506,0.6625252249742889,,
v,1432,1432,2.5283429330833505,False,oracle,101.60911035300414,4.859753619375716,,
v,1432,1432,2.5283429330833505,False,est_gtstart,101.62054396285232,4.872766798158631,,
v,1432,1432,2.5283429330833505,False,est_warmstart,104.37695895378896,4.4182606913252656,,
v,1432,1432,2.5283429330833505,False,view_gap,2.5069579187767275,36.891736026939626,0.9999999382938822,0.9999997918646605
v,1433,1433,2.5249551106125336,False,T0_raw,172.95140582723866,1.2624367991768748,,
v,1433,1433,2.5249551106125336,False,oracle,109.26591454827069,7.659015420429968,,
v,1433,1433,2.5249551106125336,False,est_gtstart,112.7637096036875,7.553029337464946,,
v,1433,1433,2.5249551106125336,False,est_warmstart,113.40484702554707,7.08400486921887,,
v,1433,1433,2.5249551106125336,False,view_gap,2.574900099602059,38.80108984689379,0.9994415525119524,0.9999375509040236
v,1434,1434,2.521790923514252,False,T0_raw,169.43715774438888,1.7775176645678368,,
v,1434,1434,2.521790923514252,False,oracle,105.7392473598915,7.878252214670748,,
v,1434,1434,2.521790923514252,False,est_gtstart,109.31469958163525,7.901687555980943,,
v,1434,1434,2.521790923514252,False,est_warmstart,109.53418304074772,7.499608554940075,,
v,1434,1434,2.521790923514252,False,view_gap,2.522278793780284,38.04460661695552,0.9994424881066059,0.9997640361832697
v,1435,1435,2.5188559665931627,False,T0_raw,175.37730574495095,3.0320369992444585,,
v,1435,1435,2.5188559665931627,False,oracle,114.47521046434487,9.090025757768057,,
v,1435,1435,2.5188559665931627,False,est_gtstart,114.51249885103094,9.089232132722934,,
v,1435,1435,2.5188559665931627,False,est_warmstart,115.47416964420549,8.600955334938982,,
v,1435,1435,2.5188559665931627,False,view_gap,2.6248164374797605,34.78582486892235,0.9999999325209288,0.9999999895249486
v,1436,1436,2.515460440046719,False,T0_raw,178.38572093398315,1.487582460281264,,
v,1436,1436,2.515460440046719,False,oracle,119.26567445503146,7.074791285799312,,
v,1436,1436,2.515460440046719,False,est_gtstart,124.1622371563467,7.042651735529849,,
v,1436,1436,2.515460440046719,False,est_warmstart,124.54523248553251,6.751225067203302,,
v,1436,1436,2.515460440046719,False,view_gap,2.6527840121391475,41.15868109784149,0.9994656542918432,0.9997676051483196
v,1437,1437,2.512259630857787,False,T0_raw,168.6561809108185,1.5066568948725607,,
v,1437,1437,2.512259630857787,False,oracle,103.01531832437674,5.747590549222379,,
v,1437,1437,2.512259630857787,False,est_gtstart,107.95398419359147,5.70683242015127,,
v,1437,1437,2.512259630857787,False,est_warmstart,108.35651266188889,5.516410829152295,,
v,1437,1437,2.512259630857787,False,view_gap,2.51174000767326,37.552006119701446,0.9994672951213661,0.9993585348124624
v,1438,1438,2.5092959759290903,False,T0_raw,169.58397598657842,0.42746278024302914,,
v,1438,1438,2.5092959759290903,False,oracle,106.59194288111246,5.293225315410241,,
v,1438,1438,2.5092959759290903,False,est_gtstart,106.64435442525142,5.291026326081912,,
v,1438,1438,2.5092959759290903,False,est_warmstart,107.57736286776905,5.065057137067077,,
v,1438,1438,2.5092959759290903,False,view_gap,2.5170198012544183,40.39245256254853,0.9999999400864129,0.999999941664692
v,1439,1439,2.5059500138128583,False,T0_raw,171.81092398359337,0.6114837555692065,,
v,1439,1439,2.5059500138128583,False,oracle,107.98798880869516,5.792316462935617,,
v,1439,1439,2.5059500138128583,False,est_gtstart,108.05170615671342,5.789439422472906,,
v,1439,1439,2.5059500138128583,False,est_warmstart,108.54369519479738,5.723387113994506,,
v,1439,1439,2.5059500138128583,False,view_gap,2.547509266105066,41.729165868485296,0.9999999381892236,0.9999999676718392
v,1440,1440,2.502728553494766,False,T0_raw,177.9903389431771,0.6631614248746546,,
v,1440,1440,2.502728553494766,False,oracle,112.7108709715758,6.0677802320296355,,
v,1440,1440,2.502728553494766,False,est_gtstart,112.78722459475924,6.06666297635875,,
v,1440,1440,2.502728553494766,False,est_warmstart,113.46869024006924,6.026549551439322,,
v,1440,1440,2.502728553494766,False,view_gap,2.6335864312209036,44.9510378410789,0.999999934927432,0.9999998479634445
v,1441,1441,2.4997469362762903,False,T0_raw,175.1269792843972,1.0339251090835817,,
v,1441,1441,2.4997469362762903,False,oracle,100.1630185685698,3.484305913659543,,
v,1441,1441,2.4997469362762903,False,est_gtstart,100.23656111814313,3.4886293994916646,,
v,1441,1441,2.4997469362762903,False,est_warmstart,101.00536830272496,3.500987128607148,,
v,1441,1441,2.4997469362762903,False,view_gap,2.562889128541314,51.26760582629109,0.9999999400195395,0.9999996621855329
v,1442,1442,2.496469487868796,False,T0_raw,174.26938137565563,1.3025675838558806,,
v,1442,1442,2.496469487868796,False,oracle,97.68977964535458,4.202700281245797,,
v,1442,1442,2.496469487868796,False,est_gtstart,97.72544182852981,4.2016349969436115,,
v,1442,1442,2.496469487868796,False,est_warmstart,97.95605217576201,3.989723915706275,,
v,1442,1442,2.496469487868796,False,view_gap,2.5416814519846316,52.949417690852044,0.9999999425677046,0.9999998958847126
v,1443,1443,2.493228771275855,False,T0_raw,174.57489474852724,1.3865854271056484,,
v,1443,1443,2.493228771275855,False,oracle,97.62381702141937,4.170143150283905,,
v,1443,1443,2.493228771275855,False,est_gtstart,97.65870515512398,4.16995036989676,,
v,1443,1443,2.493228771275855,False,est_warmstart,98.83505587035569,3.995542946033903,,
v,1443,1443,2.493228771275855,False,view_gap,2.5567197773279156,50.65774522105393,0.999999943780116,0.9999997229950675
v,1444,1444,2.4902285928959014,False,T0_raw,177.48672447178348,1.5007300122739136,,
v,1444,1444,2.4902285928959014,False,oracle,96.1143408311477,3.9715383397679416,,
v,1444,1444,2.4902285928959014,False,est_gtstart,96.17025231801342,3.969550558033484,,
v,1444,1444,2.4902285928959014,False,est_warmstart,96.46275586053974,3.8816258164906516,,
v,1444,1444,2.4902285928959014,False,view_gap,2.6062424879001544,49.945042625250125,0.9999999447541263,0.999999737010481
v,1445,1445,2.486978631034842,False,T0_raw,171.61512065776296,1.4365136869013848,,
v,1445,1445,2.486978631034842,False,oracle,88.26657033934633,4.557911356606652,,
v,1445,1445,2.486978631034842,False,est_gtstart,88.28549250564292,4.5626531334909455,,
v,1445,1445,2.486978631034842,False,est_warmstart,88.55857889051623,4.363058824461314,,
v,1445,1445,2.486978631034842,False,view_gap,2.5425975711334368,42.27387391024307,0.9999999491018043,0.9999997630583289
v,1446,1446,2.483715672769572,False,T0_raw,171.81056929613788,1.8356992241692047,,
v,1446,1446,2.483715672769572,False,oracle,85.18396174052921,4.376165249936701,,
v,1446,1446,2.483715672769572,False,est_gtstart,85.22170287708725,4.379594056779125,,
v,1446,1446,2.483715672769572,False,est_warmstart,85.30613575356864,4.211645085880446,,
v,1446,1446,2.483715672769572,False,view_gap,2.551780556996322,40.50666331503461,0.9999999513424979,0.9999989469492102
v,1447,1447,2.480692520714425,False,T0_raw,176.11438740903034,1.8006398183897732,,
v,1447,1447,2.480692520714425,False,oracle,89.54270442820393,4.086197887467684,,
v,1447,1447,2.480692520714425,False,est_gtstart,89.55365318014579,4.086384137342958,,
v,1447,1447,2.480692520714425,False,est_warmstart,89.86524389344015,3.939392414453755,,
v,1447,1447,2.480692520714425,False,view_gap,2.60769665886219,43.92933963137757,0.9999999508352785,0.9999997648836456
v,1448,1448,2.4774685837300776,False,T0_raw,173.09889833772343,1.5144004887608449,,
v,1448,1448,2.4774685837300776,False,oracle,86.46365977110239,3.8941228299446795,,
v,1448,1448,2.4774685837300776,False,est_gtstart,86.46079311781271,3.8968698574942238,,
v,1448,1448,2.4774685837300776,False,est_warmstart,86.86919838541776,3.771539534919168,,
v,1448,1448,2.4774685837300776,False,view_gap,2.5593436423970624,44.11735050650911,0.9999999539995937,0.9999995710014172
v,1449,1449,2.4741865925416016,False,T0_raw,169.74114306246528,1.5229669488547688,,
v,1449,1449,2.4741865925416016,False,oracle,85.67019529512844,3.6896402209199497,,
v,1449,1449,2.4741865925416016,False,est_gtstart,85.69770405822482,3.687726686727226,,
v,1449,1449,2.4741865925416016,False,est_warmstart,86.44532018025485,3.5453999182079796,,
v,1449,1449,2.4741865925416016,False,view_gap,2.506119500638842,44.13624368242175,0.9999999568390008,0.9999990389078809
v,1450,1450,2.4711500605338768,False,T0_raw,171.48244804995872,1.5478763644378886,,
v,1450,1450,2.4711500605338768,False,oracle,83.80074970412257,3.875843985305515,,
v,1450,1450,2.4711500605338768,False,est_gtstart,83.79010472011176,3.875829477861757,,
v,1450,1450,2.4711500605338768,False,est_warmstart,85.06411804704706,3.7386801301810886,,
v,1450,1450,2.4711500605338768,False,view_gap,2.5308684752340778,44.880442064167525,0.9999999575811896,0.9999998653028981
v,1451,1451,2.4679812849753917,False,T0_raw,170.851656357904,1.321466443908247,,
v,1451,1451,2.4679812849753917,False,oracle,85.08413225816476,3.3944033356461225,,
v,1451,1451,2.4679812849753917,False,est_gtstart,85.0995480508824,3.396859785577119,,
v,1451,1451,2.4679812849753917,False,est_warmstart,85.24290503576623,3.444561869618828,,
v,1451,1451,2.4679812849753917,False,view_gap,2.5004449006142937,49.88429266578631,0.9999999605838814,0.9999999136062785
v,1452,1452,2.4646867167026403,False,T0_raw,170.42923015327548,1.4687642112877992,,
v,1452,1452,2.4646867167026403,False,oracle,85.12710234088405,3.717415049682631,,
v,1452,1452,2.4646867167026403,False,est_gtstart,85.11368644363394,3.7176544791138824,,
v,1452,1452,2.4646867167026403,False,est_warmstart,85.48210180339873,3.771968970257299,,
v,1452,1452,2.4646867167026403,False,view_gap,2.4746750790365195,54.04314736141558,0.9999999628434957,0.9999998877059554
v,1453,1453,2.4616363363185156,False,T0_raw,170.83027761200606,1.5848986073922384,,
v,1453,1453,2.4616363363185156,False,oracle,87.85871043949159,3.861306192299648,,
v,1453,1453,2.4616363363185156,False,est_gtstart,87.83789104934061,3.8624927377547036,,
v,1453,1453,2.4616363363185156,False,est_warmstart,88.86271797912616,3.861385498763199,,
v,1453,1453,2.4616363363185156,False,view_gap,2.4609062008791067,58.0964528711676,0.9999999653377425,0.9999997608950179
v,1454,1454,2.4583650378087327,False,T0_raw,175.2014323915424,1.3116824155919566,,
v,1454,1454,2.4583650378087327,False,oracle,90.00813310909716,3.2624456735916425,,
v,1454,1454,2.4583650378087327,False,est_gtstart,89.99938582101919,3.2644990186562373,,
v,1454,1454,2.4583650378087327,False,est_warmstart,91.90015697552656,3.3461536680524975,,
v,1454,1454,2.4583650378087327,False,view_gap,2.4993629737453706,64.172511688938,0.9999999660653386,0.9999990077613291
v,1455,1455,2.4553016629682816,False,T0_raw,176.08165285394705,1.8860879802675898,,
v,1455,1455,2.4553016629682816,False,oracle,93.85237651922158,2.8094747194590677,,
v,1455,1455,2.4553016629682816,False,est_gtstart,93.83793625980064,2.8106945201475426,,
v,1455,1455,2.4553016629682816,False,est_warmstart,96.26816867718023,2.8075711955061147,,
v,1455,1455,2.4553016629682816,False,view_gap,2.508875621506186,65.04127080209176,0.9999999682267579,0.9999998039198382
v,1456,1456,2.452194891148687,False,T0_raw,174.51704214866385,1.2824698928058533,,
v,1456,1456,2.452194891148687,False,oracle,93.6054906464764,3.1233775120229317,,
v,1456,1456,2.452194891148687,False,est_gtstart,93.54984966206939,3.1230636441693207,,
v,1456,1456,2.452194891148687,False,est_warmstart,95.43196356451728,3.1540903563231777,,
v,1456,1456,2.452194891148687,False,view_gap,2.5194375982843984,58.366003177368064,0.9999999693711967,0.99999935897035
v,1457,1457,2.4488636838224207,False,T0_raw,176.7213251709695,1.7432989015237226,,
v,1457,1457,2.4488636838224207,False,oracle,99.47971973538344,2.9544059131901204,,
v,1457,1457,2.4488636838224207,False,est_gtstart,99.44402038054206,2.9546823494038916,,
v,1457,1457,2.4488636838224207,False,est_warmstart,101.70755621844714,3.059259769132849,,
v,1457,1457,2.4488636838224207,False,view_gap,2.5464535177612224,60.079866079251865,0.9999999710969396,0.9999998691231271
v,1458,1458,2.445776987937701,False,T0_raw,175.43962525132306,1.3309083007173423,,
v,1458,1458,2.445776987937701,False,oracle,98.67246819483304,3.009954755526501,,
v,1458,1458,2.445776987937701,False,est_gtstart,98.6457209751747,3.008214221123193,,
v,1458,1458,2.445776987937701,False,est_warmstart,100.43377355910262,3.0545837544035606,,
v,1458,1458,2.445776987937701,False,view_gap,2.5409831180541627,57.03724568555657,0.9999999729796152,0.9999994843742896
v,1459,1459,2.4427104856309336,False,T0_raw,175.25008351198613,1.452819518052379,,
v,1459,1459,2.4427104856309336,False,oracle,101.93959641261812,2.958450062570216,,
v,1459,1459,2.4427104856309336,False,est_gtstart,101.90966767641608,2.9589718766900357,,
v,1459,1459,2.4427104856309336,False,est_warmstart,102.68129902064761,3.0115998362321825,,
v,1459,1459,2.4427104856309336,False,view_gap,2.546279052749953,55.298998708060324,0.9999999745970211,0.9999998885414683
v,1460,1460,2.4393602728549735,False,T0_raw,171.39374418834842,1.6481804993460627,,
v,1460,1460,2.4393602728549735,False,oracle,100.19246620866299,3.50571145173243,,
v,1460,1460,2.4393602728549735,False,est_gtstart,100.17327097865369,3.5049976529914857,,
v,1460,1460,2.4393602728549735,False,est_warmstart,101.23461657542882,3.444113421877996,,
v,1460,1460,2.4393602728549735,False,view_gap,2.4977408116659725,52.37711500773523,0.9999999774288726,0.9999999722075971
v,1461,1461,2.436258188037519,False,T0_raw,175.91736121745328,1.3388934853057761,,
v,1461,1461,2.436258188037519,False,oracle,103.62121426497882,2.503200600596726,,
v,1461,1461,2.436258188037519,False,est_gtstart,103.59188099715382,2.5031082024879945,,
v,1461,1461,2.436258188037519,False,est_warmstart,104.1812002147959,2.569687513745885,,
v,1461,1461,2.436258188037519,False,view_gap,2.5564571452882454,55.40260875091807,0.9999999777110039,0.9999999464399278
v,1462,1462,2.433239668012048,False,T0_raw,175.03196888270594,1.2356262911711182,,
v,1462,1462,2.433239668012048,False,oracle,102.66222479629005,2.628498409107934,,
v,1462,1462,2.433239668012048,False,est_gtstart,102.61256712863509,2.6270416025786276,,
v,1462,1462,2.433239668012048,False,est_warmstart,102.85704497952439,2.7404245839202495,,
v,1462,1462,2.433239668012048,False,view_gap,2.5376020103507564,56.34036395074826,0.9999999793962933,0.9999997305286823
v,1463,1463,2.4298775530673877,False,T0_raw,176.4437450489663,1.2929455674535644,,
v,1463,1463,2.4298775530673877,False,oracle,104.89350583442248,2.4905306555866633,,
v,1463,1463,2.4298775530673877,False,est_gtstart,104.85717264053864,2.490547661318824,,
v,1463,1463,2.4298775530673877,False,est_warmstart,106.84565028640762,2.7135500875803986,,
v,1463,1463,2.4298775530673877,False,view_gap,2.562930740342516,55.80776076720095,0.999999980760834,0.9999999635151671
v,1464,1464,2.4267650471757354,False,T0_raw,180.41351295096229,1.263707631897635,,
v,1464,1464,2.4267650471757354,False,oracle,110.93761933081515,2.2689656172399926,,
v,1464,1464,2.4267650471757354,False,est_gtstart,110.92308283946109,2.268019972386359,,
v,1464,1464,2.4267650471757354,False,est_warmstart,112.04212001826038,2.576791878371613,,
v,1464,1464,2.4267650471757354,False,view_gap,2.6202252439545077,57.22555229470538,0.999999981209999,0.999999995988203
v,1465,1465,2.4239075114940962,False,T0_raw,182.0055031300403,1.3520110878000953,,
v,1465,1465,2.4239075114940962,False,oracle,114.13374321755931,2.065483112190643,,
v,1465,1465,2.4239075114940962,False,est_gtstart,114.08463878129922,2.0646731595351384,,
v,1465,1465,2.4239075114940962,False,est_warmstart,114.69306577469878,2.2316698677925566,,
v,1465,1465,2.4239075114940962,False,view_gap,2.6451436742290477,57.38043508809554,0.9999999820508267,0.9999999736744118
v,1466,1466,2.421310179672403,False,T0_raw,185.7563632227511,4.5070930418953115,,
v,1466,1466,2.421310179672403,False,oracle,133.9004958485443,8.477547387254292,,
v,1466,1466,2.421310179672403,False,est_gtstart,133.8552746039942,8.478812306582288,,
v,1466,1466,2.421310179672403,False,est_warmstart,131.78978862794688,9.211117551869629,,
v,1466,1466,2.421310179672403,False,view_gap,2.7247427571601888,53.022681617569404,0.9999999814372319,0.9999999778128952
v,1467,1467,2.4189772136578718,False,T0_raw,188.1700777334546,6.2862581325069025,,
v,1467,1467,2.4189772136578718,False,oracle,151.09420404572302,10.127935003324527,,
v,1467,1467,2.4189772136578718,False,est_gtstart,151.07081390342037,10.128323915073967,,
v,1467,1467,2.4189772136578718,False,est_warmstart,150.81340362181734,10.528144686962102,,
v,1467,1467,2.4189772136578718,False,view_gap,2.7881404403122754,46.50590072796268,0.999999979358239,0.9999999899568113
v,1468,1468,2.4169129845676753,False,T0_raw,171.88919874309153,6.744488890650014,,
v,1468,1468,2.4169129845676753,False,oracle,150.6208382950228,14.905183786424812,,
v,1468,1468,2.4169129845676753,False,est_gtstart,150.59033406169377,14.90242653635489,,
v,1468,1468,2.4169129845676753,False,est_warmstart,147.0016713819253,19.179605630751567,,
v,1468,1468,2.4169129845676753,False,view_gap,2.5942181877354877,24.31241440051135,0.9999999735101661,0.9999999506363397
v,1469,1469,2.4151241476697387,False,T0_raw,175.7069799396319,1.64712002896904,,
v,1469,1469,2.4151241476697387,False,oracle,144.2414136448069,10.102884341081863,,
v,1469,1469,2.4151241476697387,False,est_gtstart,144.22732380463074,10.100242673659823,,
v,1469,1469,2.4151241476697387,False,est_warmstart,146.7221280774038,9.657171587096684,,
v,1469,1469,2.4151241476697387,False,view_gap,2.587006742769092,47.498306834653725,0.9999999836198212,0.9999999909117515
v,1470,1470,2.41361329021881,False,T0_raw,178.04050359989043,1.479333452201954,,
v,1470,1470,2.41361329021881,False,oracle,121.41792618055112,2.818673343358613,,
v,1470,1470,2.41361329021881,False,est_gtstart,121.40493890855102,2.8184206188401015,,
v,1470,1470,2.41361329021881,False,est_warmstart,122.1638874504417,3.062402544623935,,
v,1470,1470,2.41361329021881,False,view_gap,2.5882328763934255,55.836190355645684,0.9999999876629986,0.9999999976263257
v,1471,1471,2.4123824076231095,False,T0_raw,182.37080297606266,1.3726691625981855,,
v,1471,1471,2.4123824076231095,False,oracle,132.5391464059692,3.219368387712812,,
v,1471,1471,2.4123824076231095,False,est_gtstart,132.5313878861896,3.219027699992668,,
v,1471,1471,2.4123824076231095,False,est_warmstart,132.15342764693463,3.2722116038976776,,
v,1471,1471,2.4123824076231095,False,view_gap,2.643040159120155,58.98947440623425,0.9999999887059677,0.9999999975197987
v,1472,1472,2.4114322062363054,False,T0_raw,182.52399307906515,1.5593096331729603,,
v,1472,1472,2.4114322062363054,False,oracle,133.50735530378833,4.098588898138869,,
v,1472,1472,2.4114322062363054,False,est_gtstart,133.47559621844644,4.0963607235882336,,
v,1472,1472,2.4114322062363054,False,est_warmstart,133.49569265489959,4.07232054066614,,
v,1472,1472,2.4114322062363054,False,view_gap,2.660512807201521,55.802347312305486,0.9999999886237951,0.9999999929321495
v,1473,1473,2.410763284072159,False,T0_raw,181.2831326853778,1.2199571335935573,,
v,1473,1473,2.410763284072159,False,oracle,137.43477707575968,3.49333623972585,,
v,1473,1473,2.410763284072159,False,est_gtstart,137.4142683413741,3.4948280650395476,,
v,1473,1473,2.410763284072159,False,est_warmstart,136.94390267743324,3.659643039413107,,
v,1473,1473,2.410763284072159,False,view_gap,2.6129995115097855,61.43840380981036,0.9999999908445074,0.9999999882379775
v,1474,1474,2.410379029117277,False,T0_raw,177.65457026539048,1.0036618324466218,,
v,1474,1474,2.410379029117277,False,oracle,137.32853909793207,4.004660055532563,,
v,1474,1474,2.410379029117277,False,est_gtstart,137.30556982092497,4.00219878951789,,
v,1474,1474,2.410379029117277,False,est_warmstart,136.82600305418214,4.1086535688491175,,
v,1474,1474,2.410379029117277,False,view_gap,2.5614798410301436,59.96615501241864,0.9999999916171098,0.999999991063705
v,1475,1475,2.410281100391073,False,T0_raw,175.6078792850081,1.488038576480027,,
v,1475,1475,2.410281100391073,False,oracle,140.01794944766934,4.426781022940814,,
v,1475,1475,2.410281100391073,False,est_gtstart,139.9816703448028,4.430130761470323,,
v,1475,1475,2.410281100391073,False,est_warmstart,140.1199169536311,4.370706854623579,,
v,1475,1475,2.410281100391073,False,view_gap,2.5346051271562295,58.70756373629993,0.9999999924422291,0.9999999918113858
v,1476,1476,2.410467870130916,False,T0_raw,173.94851553030722,1.390897702343741,,
v,1476,1476,2.410467870130916,False,oracle,142.43561150503487,4.487402421139418,,
v,1476,1476,2.410467870130916,False,est_gtstart,142.42019357180348,4.4886224946512385,,
v,1476,1476,2.410467870130916,False,est_warmstart,142.23163689870697,4.656946385682203,,
v,1476,1476,2.410467870130916,False,view_gap,2.4924704239679634,61.55650237986032,0.9999999937467657,0.9999999976677407
v,1477,1477,2.410937734808139,False,T0_raw,174.1681548373055,1.223324870268866,,
v,1477,1477,2.410937734808139,False,oracle,142.64578829765554,5.236916706468838,,
v,1477,1477,2.410937734808139,False,est_gtstart,142.57635769823892,5.239983046126901,,
v,1477,1477,2.410937734808139,False,est_warmstart,142.7340616689281,5.231789725125481,,
v,1477,1477,2.410937734808139,False,view_gap,2.4682892982454425,66.40761857382005,0.9999999949623201,0.9999999794902854
v,1478,1478,2.4116897293907282,False,T0_raw,173.29993999600035,1.3038380071575222,,
v,1478,1478,2.4116897293907282,False,oracle,144.23392616573713,5.252279844340984,,
v,1478,1478,2.4116897293907282,False,est_gtstart,144.20798113978967,5.251287857524778,,
v,1478,1478,2.4116897293907282,False,est_warmstart,144.9768738546011,5.034631005173321,,
v,1478,1478,2.4116897293907282,False,view_gap,2.465178864254314,64.49467334291103,0.999999995036913,0.9999999854551849
v,1479,1479,2.412721111972982,False,T0_raw,172.5381032807473,1.5053167498067228,,
v,1479,1479,2.412721111972982,False,oracle,145.99237016965577,6.492586805382825,,
v,1479,1479,2.412721111972982,False,est_gtstart,145.97979097063958,6.492760885207687,,
v,1479,1479,2.412721111972982,False,est_warmstart,145.99545614604912,6.313307472531844,,
v,1479,1479,2.412721111972982,False,view_gap,2.4465755595712566,65.5081601546339,0.9999999955698621,0.9999999970591781
v,1480,1480,2.4140308429657162,False,T0_raw,173.1159675905025,1.571164825195786,,
v,1480,1480,2.4140308429657162,False,oracle,149.53159880244883,5.295939993157693,,
v,1480,1480,2.4140308429657162,False,est_gtstart,149.52715779832127,5.29589554984331,,
v,1480,1480,2.4140308429657162,False,est_warmstart,149.02221427996614,5.329882096475148,,
v,1480,1480,2.4140308429657162,False,view_gap,2.4459947398077504,67.18589797720753,0.9999999961351302,0.9999999995725898
v,1481,1481,2.4156166640858054,False,T0_raw,172.9746566450428,1.64438952387152,,
v,1481,1481,2.4156166640858054,False,oracle,144.19407500012886,4.830078363150606,,
v,1481,1481,2.4156166640858054,False,est_gtstart,144.16462626554608,4.830064471538219,,
v,1481,1481,2.4156166640858054,False,est_warmstart,143.85239425247696,4.769110257866188,,
v,1481,1481,2.4156166640858054,False,view_gap,2.4363586804121824,68.35486451641293,0.9999999963755641,0.9999999842668789
v,1482,1482,2.4174684406635203,False,T0_raw,172.6065354912995,2.0676537284803502,,
v,1482,1482,2.4174684406635203,False,oracle,145.35237874533877,5.975304710372395,,
v,1482,1482,2.4174684406635203,False,est_gtstart,145.30305817885696,5.979094830817388,,
v,1482,1482,2.4174684406635203,False,est_warmstart,145.31633499912905,5.680462888069002,,
v,1482,1482,2.4174684406635203,False,view_gap,2.412217513968504,71.13834569487932,0.9999999970986121,0.9999999867941164
v,1483,1483,2.419773306846914,False,T0_raw,174.9268086096346,1.706617485025088,,
v,1483,1483,2.419773306846914,False,oracle,150.5245170893925,5.259688826401621,,
v,1483,1483,2.419773306846914,False,est_gtstart,150.50590331141254,5.260301811479623,,
v,1483,1483,2.419773306846914,False,est_warmstart,150.4893526587078,5.225535924559988,,
v,1483,1483,2.419773306846914,False,view_gap,2.4283935161379087,74.57776388428394,0.9999999976127912,0.999999998195878
v,1484,1484,2.4226532470166577,False,T0_raw,176.4714487552968,1.6721602573360985,,
v,1484,1484,2.4226532470166577,False,oracle,149.3118475432286,5.093604166092739,,
v,1484,1484,2.4226532470166577,False,est_gtstart,149.30106271809152,5.093490314457547,,
v,1484,1484,2.4226532470166577,False,est_warmstart,149.48874376328047,4.98557621390835,,
v,1484,1484,2.4226532470166577,False,view_gap,2.4599916366483825,73.87318351055595,0.9999999973678494,0.9999999847902279
v,1485,1485,2.426103219912469,False,T0_raw,176.29818388682577,1.8848183636294633,,
v,1485,1485,2.426103219912469,False,oracle,163.50921936123444,3.9774521957389606,,
v,1485,1485,2.426103219912469,False,est_gtstart,163.49001877979248,3.9763761482584044,,
v,1485,1485,2.426103219912469,False,est_warmstart,162.50919300649429,4.00974034705738,,
v,1485,1485,2.426103219912469,False,view_gap,2.4476762645007537,75.39866370295334,0.9999999975733134,0.9999999891567949
v,1486,1486,2.430112189402142,False,T0_raw,179.22932800283087,2.249713014505545,,
v,1486,1486,2.430112189402142,False,oracle,170.40652904021877,4.351253596843648,,
v,1486,1486,2.430112189402142,False,est_gtstart,161.19030493899308,4.2861432659946335,,
v,1486,1486,2.430112189402142,False,est_warmstart,162.11078295175457,4.279446752007957,,
v,1486,1486,2.430112189402142,False,view_gap,2.4758117059333054,78.70426788047035,0.9995041138514561,0.9994334638947742
v,1487,1487,2.434667693169005,False,T0_raw,179.73900393326676,1.7323096019665123,,
v,1487,1487,2.434667693169005,False,oracle,166.66934211174942,4.01240528539497,,
v,1487,1487,2.434667693169005,False,est_gtstart,166.51399513967942,4.028474517114414,,
v,1487,1487,2.434667693169005,False,est_warmstart,167.25654381057032,3.995205715415386,,
v,1487,1487,2.434667693169005,False,view_gap,2.493233661242467,77.74775360658737,0.9999753750204794,0.9999910420440892
v,1488,1488,2.43971255115787,False,T0_raw,183.14197599467948,2.1397016390158368,,
v,1488,1488,2.43971255115787,False,oracle,168.9964888306472,4.624829343690762,,
v,1488,1488,2.43971255115787,False,est_gtstart,168.9764998955839,4.625348015225173,,
v,1488,1488,2.43971255115787,False,est_warmstart,169.20583350034846,4.656039262145535,,
v,1488,1488,2.43971255115787,False,view_gap,2.5413598495001835,79.48900729056786,0.9999999963431797,0.9999999997616994
v,1489,1489,2.4450323891317938,False,T0_raw,183.66892387792714,2.065619032207664,,
v,1489,1489,2.4450323891317938,False,oracle,170.05844333533634,4.514845072266595,,
v,1489,1489,2.4450323891317938,False,est_gtstart,170.052150018632,4.515715642995732,,
v,1489,1489,2.4450323891317938,False,est_warmstart,170.5610489401886,4.392973895646988,,
v,1489,1489,2.4450323891317938,False,view_gap,2.5409907428474545,81.13248779961646,0.9999999964557411,0.9999999938954425
v,1490,1490,2.4505801117178034,False,T0_raw,181.99729002925426,1.5438536994878174,,
v,1490,1490,2.4505801117178034,False,oracle,162.2527847641968,4.380014956958457,,
v,1490,1490,2.4505801117178034,False,est_gtstart,162.21031076755426,4.377817298964119,,
v,1490,1490,2.4505801117178034,False,est_warmstart,162.552293619098,4.480708844010043,,
v,1490,1490,2.4505801117178034,False,view_gap,2.535555584965144,78.20561859826026,0.9999999949694595,0.9999999979146108
v,1491,1491,2.4563422537098,False,T0_raw,185.8637566886099,1.6596057237144086,,
v,1491,1491,2.4563422537098,False,oracle,166.03338413576702,3.50640485947661,,
v,1491,1491,2.4563422537098,False,est_gtstart,166.02498701619305,3.5074382464691154,,
v,1491,1491,2.4563422537098,False,est_warmstart,166.60748441887975,3.5218114978752824,,
v,1491,1491,2.4563422537098,False,view_gap,2.5777259958418317,81.93282678142123,0.9999999955442324,0.9999999961227554
v,1492,1492,2.4623229054665123,False,T0_raw,185.6159710185368,1.6155564315283202,,
v,1492,1492,2.4623229054665123,False,oracle,172.2722924983161,3.2685686631902935,,
v,1492,1492,2.4623229054665123,False,est_gtstart,171.3058597094765,3.271974745819783,,
v,1492,1492,2.4623229054665123,False,est_warmstart,171.66738722145044,3.3031171536056436,,
v,1492,1492,2.4623229054665123,False,view_gap,2.5842126022439014,80.77241283768811,0.9999866103484273,0.9999619882633006
v,1493,1493,2.468512411754441,False,T0_raw,184.19171579758014,1.3204864950000983,,
v,1493,1493,2.468512411754441,False,oracle,168.16678441639726,3.0825330527991333,,
v,1493,1493,2.468512411754441,False,est_gtstart,166.71423390758318,2.989806357646399,,
v,1493,1493,2.468512411754441,False,est_warmstart,167.32667757878332,2.793366966917901,,
v,1493,1493,2.468512411754441,False,view_gap,2.580028523986197,78.23585287860668,0.9999249220597055,0.9999704815313396
v,1494,1494,2.4749003740175555,False,T0_raw,180.98763767948782,1.1368462159046284,,
v,1494,1494,2.4749003740175555,False,oracle,164.78582375880225,3.0452144584683483,,
v,1494,1494,2.4749003740175555,False,est_gtstart,164.77695450264986,3.0469083614493084,,
v,1494,1494,2.4749003740175555,False,est_warmstart,165.18202178392195,3.385300491025657,,
v,1494,1494,2.4749003740175555,False,view_gap,2.5562416859009667,74.0349157430189,0.9999999954431819,0.9999999956058372
v,1495,1495,2.481469572123626,False,T0_raw,185.56457479097594,1.0727865475551737,,
v,1495,1495,2.481469572123626,False,oracle,173.6431698708876,2.9606538188853206,,
v,1495,1495,2.481469572123626,False,est_gtstart,173.64885215889853,2.966357369716414,,
v,1495,1495,2.481469572123626,False,est_warmstart,173.72980634825961,3.313523561899019,,
v,1495,1495,2.481469572123626,False,view_gap,2.597036028128011,79.86964209215452,0.9999999954500637,0.9999999945710408
v,1496,1496,2.4882204909204253,False,T0_raw,180.16364598586253,0.625684099398203,,
v,1496,1496,2.4882204909204253,False,oracle,159.4718342010638,1.9774665209193028,,
v,1496,1496,2.4882204909204253,False,est_gtstart,159.48955314999756,1.977899775766022,,
v,1496,1496,2.4882204909204253,False,est_warmstart,160.142514107946,1.9956096446159426,,
v,1496,1496,2.4882204909204253,False,view_gap,2.532887452447769,76.12885975906103,0.9999999949841936,0.9999999906925443
v,1497,1497,2.4951420864131246,False,T0_raw,180.52398147393137,0.7154818506071801,,
v,1497,1497,2.4951420864131246,False,oracle,160.09115711613646,2.0021177757543267,,
v,1497,1497,2.4951420864131246,False,est_gtstart,157.67454616641825,2.2520277874422048,,
v,1497,1497,2.4951420864131246,False,est_warmstart,158.32880794843643,2.1398241688954376,,
v,1497,1497,2.4951420864131246,False,view_gap,2.552096275124565,74.56093762191473,0.9999114722831883,0.9998449950090968
v,1498,1498,2.50221950074651,False,T0_raw,178.16190439432702,0.569392112304763,,
v,1498,1498,2.50221950074651,False,oracle,160.82103913648143,1.87097312766942,,
v,1498,1498,2.50221950074651,False,est_gtstart,159.90456618551895,1.8865557654629117,,
v,1498,1498,2.50221950074651,False,est_warmstart,160.24860611273155,1.9450587623298516,,
v,1498,1498,2.50221950074651,False,view_gap,2.5201975629479434,73.66760944584661,0.9999108453284926,0.9998907816098814
v,1499,1499,2.5094393303129157,False,T0_raw,174.35157833548521,0.1203029689359429,,
v,1499,1499,2.5094393303129157,False,oracle,155.3090057712868,1.8255031135828028,,
v,1499,1499,2.5094393303129157,False,est_gtstart,154.18657783426076,1.8196856236231438,,
v,1499,1499,2.5094393303129157,False,est_warmstart,155.09045140720403,1.8634946602519968,,
v,1499,1499,2.5094393303129157,False,view_gap,2.4684455212532286,72.03943429751014,0.9998446133108992,0.9997756167891164
v,1500,1500,2.51678697950364,False,T0_raw,172.19556800330682,0.39478623715755795,,
v,1500,1500,2.51678697950364,False,oracle,155.82707566068905,1.6522788187326434,,
v,1500,1500,2.51678697950364,False,est_gtstart,155.84900177835152,1.651934159067561,,
v,1500,1500,2.51678697950364,False,est_warmstart,156.19154021694052,1.673260729071189,,
v,1500,1500,2.51678697950364,False,view_gap,2.461571103583219,67.83101867619301,0.999999978344165,0.9999999750510746
v,1501,1501,2.5242461214396115,False,T0_raw,172.2527035116866,0.8189116883852318,,
v,1501,1501,2.5242461214396115,False,oracle,155.35598493573767,2.1162523470171926,,
v,1501,1501,2.5242461214396115,False,est_gtstart,155.36465935652438,2.1165445536000105,,
v,1501,1501,2.5242461214396115,False,est_warmstart,155.84460110170954,2.1078430564145467,,
v,1501,1501,2.5242461214396115,False,view_gap,2.4795552631571933,65.45564015139283,0.9999999666081469,0.9999999935525453
v,1502,1502,2.53181210225721,False,T0_raw,171.5152702163642,0.7031644399160151,,
v,1502,1502,2.53181210225721,False,oracle,148.40203618320444,2.000136756851216,,
v,1502,1502,2.53181210225721,False,est_gtstart,148.4181431992931,2.000024395599019,,
v,1502,1502,2.53181210225721,False,est_warmstart,148.61298498975,2.0100909352972853,,
v,1502,1502,2.53181210225721,False,view_gap,2.4607040790513777,66.87118654393531,0.9999999325275946,0.9999999891813668
v,1503,1503,2.5394800850885595,False,T0_raw,171.79794967088355,1.1803812720234208,,
v,1503,1503,2.5394800850885595,False,oracle,148.25448118811653,2.530709090572106,,
v,1503,1503,2.5394800850885595,False,est_gtstart,148.8537641314961,2.308631062885988,,
v,1503,1503,2.5394800850885595,False,est_warmstart,150.20307358488552,2.4776059175873217,,
v,1503,1503,2.5394800850885595,False,view_gap,2.4819912036886826,64.54986968063147,0.9998879823910733,0.9999897215404667
v,1504,1504,2.5472363368280115,False,T0_raw,175.27737208780695,1.1019119760501321,,
v,1504,1504,2.5472363368280115,False,oracle,153.96239366568244,2.3398436719409013,,
v,1504,1504,2.5472363368280115,False,est_gtstart,154.77958875945313,2.3453354069009404,,
v,1504,1504,2.5472363368280115,False,est_warmstart,155.0816588697538,2.3456326422321356,,
v,1504,1504,2.5472363368280115,False,view_gap,2.5303649081047737,66.64180412490151,0.9998874596241191,0.9998412371724772
v,1505,1505,2.555071691183471,False,T0_raw,171.18493540223284,0.9863590515947573,,
v,1505,1505,2.555071691183471,False,oracle,139.7332319038146,2.2120498100963,,
v,1505,1505,2.555071691183471,False,est_gtstart,145.66534012907405,2.1610935784717915,,
v,1505,1505,2.555071691183471,False,est_warmstart,146.07877047182888,2.1223650692371856,,
v,1505,1505,2.555071691183471,False,view_gap,2.475880384902754,64.62063046715683,0.9926401981189406,0.9996227949377516
v,1506,1506,2.56296066031409,False,T0_raw,175.51700579296516,1.4912057610533085,,
v,1506,1506,2.56296066031409,False,oracle,138.1544115021357,4.895389389734757,,
v,1506,1506,2.56296066031409,False,est_gtstart,138.24339874817886,4.895480053142408,,
v,1506,1506,2.56296066031409,False,est_warmstart,138.9684854034662,4.995928783975406,,
v,1506,1506,2.56296066031409,False,view_gap,2.557338567545861,63.55637467878861,0.9999994854243653,0.9999993638941105
v,1507,1507,2.570884057510834,False,T0_raw,176.19318460212793,1.307272714016384,,
v,1507,1507,2.570884057510834,False,oracle,143.17489819068606,2.8400026342697275,,
v,1507,1507,2.570884057510834,False,est_gtstart,142.12514348816794,2.817018150365396,,
v,1507,1507,2.570884057510834,False,est_warmstart,143.08758341767984,2.947314349383806,,
v,1507,1507,2.570884057510834,False,view_gap,2.56125507446085,65.24709052151545,0.9991547324284384,0.9997819955495431
v,1508,1508,2.5788388972870298,False,T0_raw,176.26759384184754,0.7675665560252144,,
v,1508,1508,2.5788388972870298,False,oracle,150.20899429147235,2.5793654272020037,,
v,1508,1508,2.5788388972870298,False,est_gtstart,148.92990771572332,2.5716648888633076,,
v,1508,1508,2.5788388972870298,False,est_warmstart,149.4696014956862,2.6617551595609554,,
v,1508,1508,2.5788388972870298,False,view_gap,2.5447209527913612,68.5624195631882,0.9991513594922932,0.9998340659781668
v,1509,1509,2.5868109761703937,False,T0_raw,178.97322955983014,1.4573290467403048,,
v,1509,1509,2.5868109761703937,False,oracle,144.45337167164038,3.2018018432242834,,
v,1509,1509,2.5868109761703937,False,est_gtstart,148.1811838773755,3.0928413173578995,,
v,1509,1509,2.5868109761703937,False,est_warmstart,148.77725649199976,3.1542149987609536,,
v,1509,1509,2.5868109761703937,False,view_gap,2.5991615007543007,67.56176170463357,0.9986906755091585,0.999651436527579
v,1510,1510,2.594796867219252,False,T0_raw,178.91436378761543,0.9355909618795643,,
v,1510,1510,2.594796867219252,False,oracle,151.4750463376153,2.368639359825451,,
v,1510,1510,2.594796867219252,False,est_gtstart,156.96639742947454,2.2715482992777685,,
v,1510,1510,2.594796867219252,False,est_warmstart,158.7848470134626,2.351138867600418,,
v,1510,1510,2.594796867219252,False,view_gap,2.5778416052331914,71.19582851216589,0.9986842586309217,0.999296512390511
v,1511,1511,2.602784889003525,False,T0_raw,178.8324300189497,1.3742892305972074,,
v,1511,1511,2.602784889003525,False,oracle,156.9300540179568,2.13595292432723,,
v,1511,1511,2.602784889003525,False,est_gtstart,155.32528743580775,2.2530364634658357,,
v,1511,1511,2.602784889003525,False,est_warmstart,155.71980506933164,2.2764660342320338,,
v,1511,1511,2.602784889003525,False,view_gap,2.626615310164748,63.249957531683165,0.9992564412874485,0.9996433428345365
v,1512,1512,2.6107553937727315,False,T0_raw,178.48732789690095,1.9627998806242637,,
v,1512,1512,2.6107553937727315,False,oracle,155.72538856933863,2.255103849817703,,
v,1512,1512,2.6107553937727315,False,est_gtstart,151.19614910435075,2.8029283675745713,,
v,1512,1512,2.6107553937727315,False,est_warmstart,151.8503338297598,2.843803225045383,,
v,1512,1512,2.6107553937727315,False,view_gap,2.651705485644368,57.88154601749929,0.7985231364254028,0.9958696569246198
v,1513,1513,2.618702815131866,False,T0_raw,180.21079512013458,1.7070946461609393,,
v,1513,1513,2.618702815131866,False,oracle,165.7416745452027,2.7606224266304586,,
v,1513,1513,2.618702815131866,False,est_gtstart,168.3501231574341,3.0920533314777763,,
v,1513,1513,2.618702815131866,False,est_warmstart,168.7921244658976,3.0863836983501223,,
v,1513,1513,2.618702815131866,False,view_gap,2.6730944774786556,59.79460013377968,0.7910804403474185,0.9918613010209472
v,1514,1514,2.6266072466508006,False,T0_raw,176.44915735703663,1.6487861011354652,,
v,1514,1514,2.6266072466508006,False,oracle,159.7047601717152,2.2485280907407685,,
v,1514,1514,2.6266072466508006,False,est_gtstart,159.75587858245325,2.2456195157162107,,
v,1514,1514,2.6266072466508006,False,est_warmstart,159.80009009197306,2.178996029556044,,
v,1514,1514,2.6266072466508006,False,view_gap,2.6272497783416404,56.97316728518808,0.9999815869808356,0.9999998304969084
v,1515,1515,2.6344573588781453,False,T0_raw,178.55686558041435,1.834707444335907,,
v,1515,1515,2.6344573588781453,False,oracle,161.0200696724183,2.5885244061792907,,
v,1515,1515,2.6344573588781453,False,est_gtstart,161.2399594416806,2.6002242250450602,,
v,1515,1515,2.6344573588781453,False,est_warmstart,161.12991698668344,2.4044146862161524,,
v,1515,1515,2.6344573588781453,False,view_gap,2.6745186874917715,54.94276293963152,0.9999791487309567,0.9999996481425251
v,1516,1516,2.6422404778729898,False,T0_raw,173.1495867992373,1.6350245040743605,,
v,1516,1516,2.6422404778729898,False,oracle,153.51278940438795,2.1460693561031956,,
v,1516,1516,2.6422404778729898,False,est_gtstart,157.53669273056767,2.3181469547051976,,
v,1516,1516,2.6422404778729898,False,est_warmstart,157.59050676699835,2.223684266927272,,
v,1516,1516,2.6422404778729898,False,view_gap,2.590914111489404,54.195821080469386,0.9836478879210382,0.9996541852112093
v,1517,1517,2.649940244201622,False,T0_raw,173.6242993323393,1.4784120815473158,,
v,1517,1517,2.649940244201622,False,oracle,155.71159280518205,2.0900856546414834,,
v,1517,1517,2.649940244201622,False,est_gtstart,159.38974112238074,2.3100397432193267,,
v,1517,1517,2.649940244201622,False,est_warmstart,159.62104150685582,2.0196137187553718,,
v,1517,1517,2.649940244201622,False,view_gap,2.586687462352632,57.1071384703723,0.9879709563155535,0.9995775596715777
v,1518,1518,2.657541514664364,False,T0_raw,175.66283038654288,1.6938401576447804,,
v,1518,1518,2.657541514664364,False,oracle,154.66382537239244,2.098361229631093,,
v,1518,1518,2.657541514664364,False,est_gtstart,152.99059264132677,2.2428088483987514,,
v,1518,1518,2.657541514664364,False,est_warmstart,152.83554468386785,2.119856502593413,,
v,1518,1518,2.657541514664364,False,view_gap,2.6278674122723675,56.163493300090735,0.9895523094058912,0.9994407193010997
v,1519,1519,2.6650324642932146,False,T0_raw,169.65551306084782,1.5214914671843136,,
v,1519,1519,2.6650324642932146,False,oracle,146.4320319085487,2.3464813690205473,,
v,1519,1519,2.6650324642932146,False,est_gtstart,149.36723956923174,2.576163726593468,,
v,1519,1519,2.6650324642932146,False,est_warmstart,149.4475751252594,2.407771638307007,,
v,1519,1519,2.6650324642932146,False,view_gap,2.533964679459113,55.36912547573314,0.8733024179068671,0.999339997524081
v,1520,1520,2.672405319731887,False,T0_raw,171.14292548400852,1.3158871333938955,,
v,1520,1520,2.672405319731887,False,oracle,145.43031910132157,1.900571092718697,,
v,1520,1520,2.672405319731887,False,est_gtstart,147.70002044023786,2.058563544127487,,
v,1520,1520,2.672405319731887,False,est_warmstart,147.79099936208686,1.9758736226639886,,
v,1520,1520,2.672405319731887,False,view_gap,2.570969383803394,53.38959653987274,0.8738473495487351,0.9996107480554793
v,1521,1521,2.679641195793343,False,T0_raw,173.55947371858122,1.5084253912831453,,
v,1521,1521,2.679641195793343,False,oracle,146.09406970147708,2.1821365685877456,,
v,1521,1521,2.679641195793343,False,est_gtstart,148.06709147008425,2.3487075144563843,,
v,1521,1521,2.679641195793343,False,est_warmstart,148.02349573065126,2.341790699748967,,
v,1521,1521,2.679641195793343,False,view_gap,2.614820594856323,53.12657793571507,0.8743570107523412,0.999387438136919
v,1522,1522,2.6867261484110245,False,T0_raw,166.4690996984014,1.43014633077571,,
v,1522,1522,2.6867261484110245,False,oracle,145.88355651291585,2.342774898582939,,
v,1522,1522,2.6867261484110245,False,est_gtstart,140.18275455800816,2.4062372366994245,,
v,1522,1522,2.6867261484110245,False,est_warmstart,140.2825793104325,2.410765445705691,,
v,1522,1522,2.6867261484110245,False,view_gap,2.5044322932634198,52.01940104269865,0.999981274919315,0.9996271861778996
v,1523,1523,2.69364949387512,False,T0_raw,169.6363300025938,1.2159835013471736,,
v,1523,1523,2.69364949387512,False,oracle,148.21621760540202,2.052443491207653,,
v,1523,1523,2.69364949387512,False,est_gtstart,148.32373158571357,2.0483112650510424,,
v,1523,1523,2.69364949387512,False,est_warmstart,148.31660655139086,2.0350418963859926,,
v,1523,1523,2.69364949387512,False,view_gap,2.5495777758528946,54.070703597344675,0.9999999930604722,0.9999998196611414
v,1524,1524,2.700399678230551,False,T0_raw,166.9717730293029,1.6725794336758741,,
v,1524,1524,2.700399678230551,False,oracle,137.43516473116452,2.9162206905076298,,
v,1524,1524,2.700399678230551,False,est_gtstart,144.20446724615604,2.5750601905694954,,
v,1524,1524,2.700399678230551,False,est_warmstart,144.34627250142466,2.5333102639125213,,
v,1524,1524,2.700399678230551,False,view_gap,2.518758032512435,51.751203565395976,0.999987875883653,0.999954056377583
v,1525,1525,2.706975734526485,False,T0_raw,171.52754910407782,1.4013300946977723,,
v,1525,1525,2.706975734526485,False,oracle,137.59531151987946,2.3740522570388367,,
v,1525,1525,2.706975734526485,False,est_gtstart,149.44517726233073,2.0922347830172145,,
v,1525,1525,2.706975734526485,False,est_warmstart,149.17309358487125,2.075397663115271,,
v,1525,1525,2.706975734526485,False,view_gap,2.5911217394520585,53.01650010095615,0.9999879178170542,0.9995325911085411
v,1526,1526,2.71336018782363,False,T0_raw,175.2382325801531,1.20936187283189,,
v,1526,1526,2.71336018782363,False,oracle,145.47798062907847,1.7476935556419197,,
v,1526,1526,2.71336018782363,False,est_gtstart,146.09172968073682,1.859869419733626,,
v,1526,1526,2.71336018782363,False,est_warmstart,146.00074173626766,1.8074641793349835,,
v,1526,1526,2.71336018782363,False,view_gap,2.661401774010905,51.74064672527745,0.9999998397926727,0.999783520192158
v,1527,1527,2.719529229577439,False,T0_raw,175.5669470211017,2.4223770897521066,,
v,1527,1527,2.719529229577439,False,oracle,145.2318500702012,2.6701528518455775,,
v,1527,1527,2.719529229577439,False,est_gtstart,150.20596116787274,2.638024075648437,,
v,1527,1527,2.719529229577439,False,est_warmstart,150.18954097043348,2.6447817155575715,,
v,1527,1527,2.719529229577439,False,view_gap,2.682595099923016,48.716456185990964,0.9999816726230232,0.9996377758290835
v,1528,1528,2.725479314009286,False,T0_raw,174.7849787658295,1.212271428228628,,
v,1528,1528,2.725479314009286,False,oracle,146.59723480340986,1.5364952059613322,,
v,1528,1528,2.725479314009286,False,est_gtstart,147.5843470859027,1.5104099740130934,,
v,1528,1528,2.725479314009286,False,est_warmstart,148.19027136404975,1.6307906658339189,,
v,1528,1528,2.725479314009286,False,view_gap,2.6587328001856902,51.75948769633143,0.9999980422648648,0.9997917790066404
v,1529,1529,2.7278022875724646,False,T0_raw,179.06000486040904,1.083096433335512,,
v,1529,1529,2.7278022875724646,False,oracle,149.71682119136733,1.2985473744604856,,
v,1529,1529,2.7278022875724646,False,est_gtstart,149.8587194561556,1.2917474968495744,,
v,1529,1529,2.7278022875724646,False,est_warmstart,149.9089049217796,1.4385089787249543,,
v,1529,1529,2.7278022875724646,False,view_gap,2.7228145928239584,53.8983289046433,0.9999999974436028,0.999999825989978
v,1530,1530,2.7261099847525356,False,T0_raw,178.90836722715053,1.6454326278840101,,
v,1530,1530,2.7261099847525356,False,oracle,120.62382258954439,6.520560037923964,,
v,1530,1530,2.7261099847525356,False,est_gtstart,122.93058701739085,6.225326238161793,,
v,1530,1530,2.7261099847525356,False,est_warmstart,151.18865278828983,1.7794969337544628,,
v,1530,1530,2.7261099847525356,False,view_gap,2.739224308118566,50.24384352292621,0.9999968241556002,0.9998043842804741
v,1531,1531,2.723085429132193,False,T0_raw,180.5997948901642,2.0759587430712494,,
v,1531,1531,2.723085429132193,False,oracle,134.82916235055416,2.905142861862833,,
v,1531,1531,2.723085429132193,False,est_gtstart,136.53438830205872,2.7154986602532296,,
v,1531,1531,2.723085429132193,False,est_warmstart,136.70752422769107,2.5191486140151906,,
v,1531,1531,2.723085429132193,False,view_gap,2.789276355917698,46.122611153237344,0.999996516817994,0.9995804288043465
v,1532,1532,2.721394582379794,False,T0_raw,181.56079946327446,2.3442669162944245,,
v,1532,1532,2.721394582379794,False,oracle,131.78729886234822,2.823369733211499,,
v,1532,1532,2.721394582379794,False,est_gtstart,131.8618633993454,2.819021969546864,,
v,1532,1532,2.721394582379794,False,est_warmstart,132.34389273336626,2.61874134147189,,
v,1532,1532,2.721394582379794,False,view_gap,2.8097038546662065,45.634155201927925,0.9999999982744879,0.9999999646065173
v,1533,1533,2.7199103915988982,False,T0_raw,184.5150571335922,2.562945747985042,,
v,1533,1533,2.7199103915988982,False,oracle,120.92574022449197,4.143843083252226,,
v,1533,1533,2.7199103915988982,False,est_gtstart,123.39549890797966,4.168226621101486,,
v,1533,1533,2.7199103915988982,False,est_warmstart,123.71765176586737,3.9994003907462616,,
v,1533,1533,2.7199103915988982,False,view_gap,2.865956873304901,44.32754246688653,0.9999963113904781,0.9999031019965303
v,1534,1534,2.7184019310775067,False,T0_raw,180.60312474605578,2.1053937214285665,,
v,1534,1534,2.7184019310775067,False,oracle,124.52698996814154,3.012191569503951,,
v,1534,1534,2.7184019310775067,False,est_gtstart,131.55293143941122,2.8782203539430653,,
v,1534,1534,2.7184019310775067,False,est_warmstart,131.59912095238496,2.8441485579505907,,
v,1534,1534,2.7184019310775067,False,view_gap,2.816194674281222,40.86160131282624,0.999985296837403,0.9994252552414556
v,1535,1535,2.716683115032301,False,T0_raw,180.75618438367283,2.7433967423941246,,
v,1535,1535,2.716683115032301,False,oracle,130.6874213104554,2.482974041092481,,
v,1535,1535,2.716683115032301,False,est_gtstart,133.565612239226,2.5203865579856526,,
v,1535,1535,2.716683115032301,False,est_warmstart,135.160772069467,2.2205935586136754,,
v,1535,1535,2.716683115032301,False,view_gap,2.8123254973482847,43.49008912901553,0.999996322853323,0.9998980152815318
v,1536,1536,2.7151791756586094,False,T0_raw,181.85836967650926,2.7912571704724742,,
v,1536,1536,2.7151791756586094,False,oracle,119.95858047738179,3.3909077002763195,,
v,1536,1536,2.7151791756586094,False,est_gtstart,119.99956383303004,3.3900131754145515,,
v,1536,1536,2.7151791756586094,False,est_warmstart,120.66111448023338,3.1678423580244783,,
v,1536,1536,2.7151791756586094,False,view_gap,2.834441408420086,43.145240935670515,0.9999999985281017,0.9999999537030462
v,1537,1537,2.7138908873380054,False,T0_raw,177.93188420919302,2.5725801173517673,,
v,1537,1537,2.7138908873380054,False,oracle,126.76099691889087,2.4660377135530682,,
v,1537,1537,2.7138908873380054,False,est_gtstart,131.41339024656293,2.28096244566861,,
v,1537,1537,2.7138908873380054,False,est_warmstart,131.49182404151176,2.3106816753730484,,
v,1537,1537,2.7138908873380054,False,view_gap,2.764890348647146,45.09971991071771,0.9999932755507337,0.999757321655104
v,1538,1538,2.7120990073898086,False,T0_raw,178.4112736104441,2.4946708518362763,,
v,1538,1538,2.7120990073898086,False,oracle,127.98712974950116,2.425784016290955,,
v,1538,1538,2.7120990073898086,False,est_gtstart,135.52775325416525,2.2017399681915366,,
v,1538,1538,2.7120990073898086,False,est_warmstart,135.8149736899388,2.219807681093215,,
v,1538,1538,2.7120990073898086,False,view_gap,2.7693457439600517,46.67462967584734,0.9999795115086956,0.9983289592705954
v,1539,1539,2.7103417573571433,False,T0_raw,174.36483906759372,2.521195868900839,,
v,1539,1539,2.7103417573571433,False,oracle,127.5808971122103,2.3273686620358105,,
v,1539,1539,2.7103417573571433,False,est_gtstart,129.73154372764785,2.225781083986961,,
v,1539,1539,2.7103417573571433,False,est_warmstart,129.931769860878,2.301600794140736,,
v,1539,1539,2.7103417573571433,False,view_gap,2.725323971907699,41.17360235051537,0.9999912195323147,0.9999371902553642
v,1540,1540,2.708797206530083,False,T0_raw,176.1171589010766,2.3560233822411205,,
v,1540,1540,2.708797206530083,False,oracle,130.68951869025588,1.884916372856702,,
v,1540,1540,2.708797206530083,False,est_gtstart,130.702429925046,1.8844547562024343,,
v,1540,1540,2.708797206530083,False,est_warmstart,130.70092076148728,1.926730055160419,,
v,1540,1540,2.708797206530083,False,view_gap,2.7426310383631347,45.05344067312578,0.9999999981237843,0.9999999964025629
v,1541,1541,2.7072819437060476,False,T0_raw,176.88967982882923,2.4067378574683636,,
v,1541,1541,2.7072819437060476,False,oracle,129.34665555137636,2.535974824772038,,
v,1541,1541,2.7072819437060476,False,est_gtstart,135.3712236984834,2.2040498490792126,,
v,1541,1541,2.7072819437060476,False,est_warmstart,135.47168048244274,2.2210482378369747,,
v,1541,1541,2.7072819437060476,False,view_gap,2.7665904745971557,42.77964321136673,0.9999449586220033,0.9988305184213179
v,1542,1542,2.705516044246406,False,T0_raw,174.3976680422183,2.417318748106963,,
v,1542,1542,2.705516044246406,False,oracle,131.17791328145512,2.0634019097543828,,
v,1542,1542,2.705516044246406,False,est_gtstart,131.21030936297572,2.062923350169889,,
v,1542,1542,2.705516044246406,False,est_warmstart,131.5386611988694,2.1677727564681377,,
v,1542,1542,2.705516044246406,False,view_gap,2.7255283266383303,43.369363822450154,0.9999999957587805,0.9999999760506582
v,1543,1543,2.703976244487317,False,T0_raw,173.52379945972532,2.140026755457424,,
v,1543,1543,2.703976244487317,False,oracle,128.51743582633492,2.1904554265887706,,
v,1543,1543,2.703976244487317,False,est_gtstart,134.40067102637266,1.900667573209813,,
v,1543,1543,2.703976244487317,False,est_warmstart,134.74626862434909,1.9501609874128145,,
v,1543,1543,2.703976244487317,False,view_gap,2.7038518692453692,45.84184821906678,0.9974502137659007,0.9992399991052178
v,1544,1544,2.7024614496123576,False,T0_raw,175.83384865935517,2.4364536897958846,,
v,1544,1544,2.7024614496123576,False,oracle,137.9628176170396,3.761296211452089,,
v,1544,1544,2.7024614496123576,False,est_gtstart,138.11411141059537,3.7467937023875924,,
v,1544,1544,2.7024614496123576,False,est_warmstart,138.2599257669885,3.7162371594509875,,
v,1544,1544,2.7024614496123576,False,view_gap,2.763042533484092,41.04380029503929,0.9999999269169333,0.9999999866003799
v,1545,1545,2.7006940731956366,False,T0_raw,173.70030503348084,2.8911808590024006,,
v,1545,1545,2.7006940731956366,False,oracle,131.86686944566114,2.2037165700658474,,
v,1545,1545,2.7006940731956366,False,est_gtstart,131.93282778547857,2.2008768279807374,,
v,1545,1545,2.7006940731956366,False,est_warmstart,131.90257261501822,2.380291362707679,,
v,1545,1545,2.7006940731956366,False,view_gap,2.7260251112469893,42.18582018129968,0.9999999263517073,0.999999964465815
v,1546,1546,2.6991452298016188,False,T0_raw,173.2995508146294,2.6124319317719062,,
v,1546,1546,2.6991452298016188,False,oracle,128.18284464729817,1.768253412243307,,
v,1546,1546,2.6991452298016188,False,est_gtstart,132.10973951347094,1.5993197335415943,,
v,1546,1546,2.6991452298016188,False,est_warmstart,132.32059601344082,1.6462856002212005,,
v,1546,1546,2.6991452298016188,False,view_gap,2.7151923301786005,43.96813432017987,0.9997846613493739,0.9988454200759721
v,1547,1547,2.6976494821251955,False,T0_raw,173.7979575347783,2.475166265813219,,
v,1547,1547,2.6976494821251955,False,oracle,128.16970027850522,2.2664266935041217,,
v,1547,1547,2.6976494821251955,False,est_gtstart,132.31495599431116,1.8793466647317791,,
v,1547,1547,2.6976494821251955,False,est_warmstart,132.546459044693,2.2087105425244946,,
v,1547,1547,2.6976494821251955,False,view_gap,2.728501554060326,43.3400514836344,0.9997842613496305,0.9981894667548468
v,1548,1548,2.6958653163623785,False,T0_raw,171.3583426676607,2.7864102731802274,,
v,1548,1548,2.6958653163623785,False,oracle,126.76570908896173,2.1978289406311946,,
v,1548,1548,2.6958653163623785,False,est_gtstart,126.80135511409301,2.1966349905876026,,
v,1548,1548,2.6958653163623785,False,est_warmstart,126.9818115016533,2.230716584323739,,
v,1548,1548,2.6958653163623785,False,view_gap,2.688290744927823,43.8225571831734,0.9999998876690627,0.999999984854624
v,1549,1549,2.694306231170631,False,T0_raw,171.0342112996768,2.9295930946787565,,
v,1549,1549,2.694306231170631,False,oracle,127.67061794531357,2.5623960484061117,,
v,1549,1549,2.694306231170631,False,est_gtstart,138.15105793044467,3.5603161367342255,,
v,1549,1549,2.694306231170631,False,est_warmstart,128.69595811177618,1.9844951292065072,,
v,1549,1549,2.694306231170631,False,view_gap,2.6856620839200267,43.75242098784015,0.9945241185005325,0.9975672825650173
v,1550,1550,2.6928426348736076,False,T0_raw,176.1113404693935,2.556413598456686,,
v,1550,1550,2.6928426348736076,False,oracle,125.86535871167843,1.9978349240696545,,
v,1550,1550,2.6928426348736076,False,est_gtstart,129.50446313712274,1.854176861298051,,
v,1550,1550,2.6928426348736076,False,est_warmstart,129.40977029362,1.9449087029105891,,
v,1550,1550,2.6928426348736076,False,view_gap,2.770166800766989,44.631217770811915,0.9945011187766389,0.9989829096620751
v,1551,1551,2.6910582427227374,False,T0_raw,170.85251196218397,3.44120970630144,,
v,1551,1551,2.6910582427227374,False,oracle,121.10038717079779,2.819554541562482,,
v,1551,1551,2.6910582427227374,False,est_gtstart,121.12695607230285,2.820067202371791,,
v,1551,1551,2.6910582427227374,False,est_warmstart,122.16554501585661,2.7102241943263334,,
v,1551,1551,2.6910582427227374,False,view_gap,2.7235089984175036,33.131220468809005,0.9999995011536518,0.9999999886832881
v,1552,1552,2.689493019041114,False,T0_raw,171.74594181522812,3.1521344202423,,
v,1552,1552,2.689493019041114,False,oracle,115.95831286566265,2.2242380347551696,,
v,1552,1552,2.689493019041114,False,est_gtstart,119.71948839767947,2.0243600870456477,,
v,1552,1552,2.689493019041114,False,est_warmstart,119.9817001804687,2.0690720446685784,,
v,1552,1552,2.689493019041114,False,view_gap,2.735229475488488,35.08389423465941,0.9999720782133396,0.9989199156852936
v,1553,1553,2.688042911121504,False,T0_raw,172.70193581377197,2.688145437788989,,
v,1553,1553,2.688042911121504,False,oracle,116.00845006496928,2.158520882467327,,
v,1553,1553,2.688042911121504,False,est_gtstart,120.06962378281249,2.236572038312736,,
v,1553,1553,2.688042911121504,False,est_warmstart,120.37246083675026,2.062298630558436,,
v,1553,1553,2.688042911121504,False,view_gap,2.7556102998296654,34.45007426943691,0.9999721468367265,0.9992566280350996
v,1554,1554,2.6862655899537664,False,T0_raw,172.8771471466261,1.7764142149451372,,
v,1554,1554,2.6862655899537664,False,oracle,146.5634781868262,6.480440477267824,,
v,1554,1554,2.6862655899537664,False,est_gtstart,146.60659176124702,6.475051390234064,,
v,1554,1554,2.6862655899537664,False,est_warmstart,147.1297740328616,6.390311739320516,,
v,1554,1554,2.6862655899537664,False,view_gap,2.773164112060397,30.001850916078876,0.9999995503571705,0.99999992394034
v,1555,1555,2.6847139926785384,False,T0_raw,174.7609881256176,2.481619092225972,,
v,1555,1555,2.6847139926785384,False,oracle,114.87495127953612,1.8773232797832593,,
v,1555,1555,2.6847139926785384,False,est_gtstart,115.90992583329012,2.9136833166870777,,
v,1555,1555,2.6847139926785384,False,est_warmstart,115.97794668215029,2.931840572809259,,
v,1555,1555,2.6847139926785384,False,view_gap,2.785072538892381,37.769808636001656,0.7305971189890406,0.9937527856267093
v,1556,1556,2.6832855656406482,False,T0_raw,176.66475044304846,1.5422664297606778,,
v,1556,1556,2.6832855656406482,False,oracle,137.55785398829536,7.21558552798403,,
v,1556,1556,2.6832855656406482,False,est_gtstart,123.25623762875809,8.444273332602425,,
v,1556,1556,2.6832855656406482,False,est_warmstart,123.55807858085777,8.249718112719739,,
v,1556,1556,2.6832855656406482,False,view_gap,2.824368616430628,36.23303253289656,0.7309677427019301,0.9700580849198158
v,1557,1557,2.681506553526845,False,T0_raw,175.61881931096397,2.0841009204721734,,
v,1557,1557,2.681506553526845,False,oracle,107.45130606495186,3.5287888289126284,,
v,1557,1557,2.681506553526845,False,est_gtstart,107.48284905169174,3.529208300404061,,
v,1557,1557,2.681506553526845,False,est_warmstart,107.67577473467612,3.4464156461347186,,
v,1557,1557,2.681506553526845,False,view_gap,2.8098371807855296,36.160592319879555,0.9999998888525673,0.999999968246218
v,1558,1558,2.6799458884619565,False,T0_raw,182.74331801640395,3.042288551776451,,
v,1558,1558,2.6799458884619565,False,oracle,109.89889112734792,2.174530243535099,,
v,1558,1558,2.6799458884619565,False,est_gtstart,109.93806250203907,2.173096688710926,,
v,1558,1558,2.6799458884619565,False,est_warmstart,109.92301929803685,2.178036055603907,,
v,1558,1558,2.6799458884619565,False,view_gap,2.9102808890389156,42.818622554884556,0.9999998767076577,0.9999998583975017
v,1559,1559,2.6785438476206442,False,T0_raw,185.6112993690505,2.3487972414498026,,
v,1559,1559,2.6785438476206442,False,oracle,114.51990872064535,2.922786291129572,,
v,1559,1559,2.6785438476206442,False,est_gtstart,119.01012368850942,3.049747059714837,,
v,1559,1559,2.6785438476206442,False,est_warmstart,119.28594690690119,3.1101639781287456,,
v,1559,1559,2.6785438476206442,False,view_gap,2.9733460308690414,39.20360225958763,0.9997083460843588,0.9997418597069069
v,1560,1560,2.6767561314799737,False,T0_raw,182.93226909772918,3.11470913210115,,
v,1560,1560,2.6767561314799737,False,oracle,116.31848589417041,14.94715105206893,,
v,1560,1560,2.6767561314799737,False,est_gtstart,121.48119660567478,14.874086194423665,,
v,1560,1560,2.6767561314799737,False,est_warmstart,123.11783783982999,13.054879206046492,,
v,1560,1560,2.6767561314799737,False,view_gap,2.9266629627371237,40.61213358781579,0.9997093494926226,0.999382909143132
v,1561,1561,2.6751892663156323,False,T0_raw,185.54440024109894,2.1533531470356135,,
v,1561,1561,2.6751892663156323,False,oracle,116.01780242114636,6.198174090612133,,
v,1561,1561,2.6751892663156323,False,est_gtstart,122.5967376605692,5.876637637985942,,
v,1561,1561,2.6751892663156323,False,est_warmstart,119.36580517637285,3.4199458570904735,,
v,1561,1561,2.6751892663156323,False,view_gap,2.9504966141312936,47.0556238168851,0.9996463750329021,0.9992252379594848
v,1562,1562,2.6738206655882304,False,T0_raw,185.1856207128887,2.452933729647606,,
v,1562,1562,2.6738206655882304,False,oracle,112.78674480026808,1.591141447514021,,
v,1562,1562,2.6738206655882304,False,est_gtstart,123.60676121549075,0.7834899148354473,,
v,1562,1562,2.6738206655882304,False,est_warmstart,125.1827451728619,0.6638685872497208,,
v,1562,1562,2.6738206655882304,False,view_gap,2.945480272704088,47.50840399455258,0.9996473075487418,0.9972989403104257
v,1563,1563,2.6720182088716835,False,T0_raw,178.35923520867252,2.112144048210392,,
v,1563,1563,2.6720182088716835,False,oracle,98.76769799554677,2.8646078895517832,,
v,1563,1563,2.6720182088716835,False,est_gtstart,104.65576450570957,2.424437432018484,,
v,1563,1563,2.6720182088716835,False,est_warmstart,105.73221284792987,2.2066405436650167,,
v,1563,1563,2.6720182088716835,False,view_gap,2.8478682934874104,43.42356752686216,0.9996486234614771,0.9985125256418197
v,1564,1564,2.670432654356573,False,T0_raw,181.6927656279748,2.0044821032885003,,
v,1564,1564,2.670432654356573,False,oracle,114.51279211110618,2.395052557289198,,
v,1564,1564,2.670432654356573,False,est_gtstart,123.18648810910598,1.6427217766087012,,
v,1564,1564,2.670432654356573,False,est_warmstart,122.98563399760938,1.3240307242022893,,
v,1564,1564,2.670432654356573,False,view_gap,2.9073308828242133,43.39624815625909,0.9996539116583625,0.9993064918578616
v,1565,1565,2.668838376790363,False,T0_raw,179.25281034907144,1.8516829843626808,,
v,1565,1565,2.668838376790363,False,oracle,124.8770338476944,3.5741797870418575,,
v,1565,1565,2.668838376790363,False,est_gtstart,129.08184856692304,3.5017706414248173,,
v,1565,1565,2.668838376790363,False,est_warmstart,122.81790481728814,2.9166925930071894,,
v,1565,1565,2.668838376790363,False,view_gap,2.8774647208200665,40.938259642036016,0.999654326429979,0.9998430550220357
v,1566,1566,2.667252252119313,False,T0_raw,177.46194202414435,1.7372634285166564,,
v,1566,1566,2.667252252119313,False,oracle,113.24513251261536,1.9931701351201108,,
v,1566,1566,2.667252252119313,False,est_gtstart,117.21071484868338,1.7074957329960343,,
v,1566,1566,2.667252252119313,False,est_warmstart,117.05646636806117,1.4502519363052337,,
v,1566,1566,2.667252252119313,False,view_gap,2.83526855765459,44.884185412082275,0.9996546715034214,0.999756023144916
v,1567,1567,2.6658830108969265,False,T0_raw,174.67275360416835,1.97186228804767,,
v,1567,1567,2.6658830108969265,False,oracle,113.89948059455138,1.8837676110580006,,
v,1567,1567,2.6658830108969265,False,est_gtstart,113.4270752738147,2.619505707078671,,
v,1567,1567,2.6658830108969265,False,est_warmstart,114.12636801681056,2.1597632702355694,,
v,1567,1567,2.6658830108969265,False,view_gap,2.805016164800783,41.004398724998836,0.9994387571144098,0.9999307473513348
v,1568,1568,2.6640601408880813,False,T0_raw,178.38197138162957,2.025355343835746,,
v,1568,1568,2.6640601408880813,False,oracle,116.26393968734725,8.655804157126035,,
v,1568,1568,2.6640601408880813,False,est_gtstart,118.04056862834929,9.235539221833113,,
v,1568,1568,2.6640601408880813,False,est_warmstart,119.03394176331938,8.689095380173962,,
v,1568,1568,2.6640601408880813,False,view_gap,2.8620476926500285,43.427000621805604,0.9994391483310943,0.9999565644019897
v,1569,1569,2.6624584969960523,False,T0_raw,171.10154810319906,1.2960272364190422,,
v,1569,1569,2.6624584969960523,False,oracle,99.97212799387161,5.564564180683506,,
v,1569,1569,2.6624584969960523,False,est_gtstart,102.47150639378405,5.6125056801280175,,
v,1569,1569,2.6624584969960523,False,est_warmstart,102.71282018864062,5.488865206146416,,
v,1569,1569,2.6624584969960523,False,view_gap,2.7425040693379814,42.87338196851742,0.9994402523947524,0.9999636915783027
v,1570,1570,2.661087029339754,False,T0_raw,174.2922134363743,1.689188875536608,,
v,1570,1570,2.661087029339754,False,oracle,111.16813767324929,5.054650956221135,,
v,1570,1570,2.661087029339754,False,est_gtstart,113.82966868575171,5.073256538525706,,
v,1570,1570,2.661087029339754,False,est_warmstart,112.38438673200484,4.915009503347897,,
v,1570,1570,2.661087029339754,False,view_gap,2.78608284804143,46.30958720835254,0.9994629272800586,0.9997671020369672
v,1571,1571,2.659296591586938,False,T0_raw,181.18093168133427,2.913025514726067,,
v,1571,1571,2.659296591586938,False,oracle,123.60473755521345,9.48113534312563,,
v,1571,1571,2.659296591586938,False,est_gtstart,128.1962179074898,9.67342608292181,,
v,1571,1571,2.659296591586938,False,est_warmstart,129.2232846048546,9.113212007462025,,
v,1571,1571,2.659296591586938,False,view_gap,2.90801594095479,46.11313536424522,0.9994634749276438,0.9996826477678972
v,1572,1572,2.657678552355269,False,T0_raw,171.6061366981115,1.63188230248919,,
v,1572,1572,2.657678552355269,False,oracle,106.17606229836265,4.656026066933794,,
v,1572,1572,2.657678552355269,False,est_gtstart,110.74357537997747,4.6940621453299105,,
v,1572,1572,2.657678552355269,False,est_warmstart,110.77605396038024,4.702804208381117,,
v,1572,1572,2.657678552355269,False,view_gap,2.7312075318536224,49.458317182156094,0.999464934800139,0.999564475248196
v,1573,1573,2.656271674356554,False,T0_raw,175.5252518113758,1.8908602197488265,,
v,1573,1573,2.656271674356554,False,oracle,116.13305513829629,6.215098152896157,,
v,1573,1573,2.656271674356554,False,est_gtstart,116.19218017709413,6.211137931304415,,
v,1573,1573,2.656271674356554,False,est_warmstart,115.7481954672336,6.142872542109136,,
v,1573,1573,2.656271674356554,False,view_gap,2.796180630069477,50.70710970751912,0.9999999394398877,0.9999999468905331
v,1574,1574,2.6544997496064076,False,T0_raw,169.95585294545214,0.7647177947515489,,
v,1574,1574,2.6544997496064076,False,oracle,106.41232523143621,4.519374950200944,,
v,1574,1574,2.6544997496064076,False,est_gtstart,106.45694088065898,4.518377517997339,,
v,1574,1574,2.6544997496064076,False,est_warmstart,106.96799233416418,4.5401536444098225,,
v,1574,1574,2.6544997496064076,False,view_gap,2.694786211449686,52.13788599769309,0.9999999427288796,0.9999999871437948
v,1575,1575,2.652839271919815,False,T0_raw,170.75618590227452,1.1953040841367613,,
v,1575,1575,2.652839271919815,False,oracle,100.83823417840172,4.495936019746346,,
v,1575,1575,2.652839271919815,False,est_gtstart,100.9021882281607,4.50022372840807,,
v,1575,1575,2.652839271919815,False,est_warmstart,101.42402818618432,4.441027503581741,,
v,1575,1575,2.652839271919815,False,view_gap,2.694883772447319,55.34612753278978,0.9999999433304618,0.999999843948478
v,1576,1576,2.651392449064596,False,T0_raw,171.2889534872168,1.063569473160664,,
v,1576,1576,2.651392449064596,False,oracle,102.67824321268688,3.4646722478714045,,
v,1576,1576,2.651392449064596,False,est_gtstart,102.73789934218411,3.4712842683352885,,
v,1576,1576,2.651392449064596,False,est_warmstart,103.04422639645855,3.4532168676292097,,
v,1576,1576,2.651392449064596,False,view_gap,2.704480185715132,55.78517297373864,0.9999999448081853,0.9999999151310698
v,1577,1577,2.649658618997122,False,T0_raw,177.80617439881235,1.898474554827972,,
v,1577,1577,2.649658618997122,False,oracle,100.79544036216218,3.0929697125025464,,
v,1577,1577,2.649658618997122,False,est_gtstart,100.87566890493491,3.0908252746960643,,
v,1577,1577,2.649658618997122,False,est_warmstart,101.15713540032965,3.1173098216518205,,
v,1577,1577,2.649658618997122,False,view_gap,2.7681358705370487,65.3181431238461,0.9999999439097459,0.9999997488085139
v,1578,1578,2.6479653753843464,False,T0_raw,176.11697714825422,2.0950343577246553,,
v,1578,1578,2.6479653753843464,False,oracle,98.99741590975295,3.58320654615211,,
v,1578,1578,2.6479653753843464,False,est_gtstart,99.04721185836988,3.5831470323547223,,
v,1578,1578,2.6479653753843464,False,est_warmstart,99.83167840009062,3.5304627486604434,,
v,1578,1578,2.6479653753843464,False,view_gap,2.7596280531474777,62.14313403874394,0.9999999462923534,0.999999884571258
v,1579,1579,2.6465019287124774,False,T0_raw,175.4815810327313,1.9713098496457118,,
v,1579,1579,2.6465019287124774,False,oracle,96.94948118917546,3.8002474456224355,,
v,1579,1579,2.6465019287124774,False,est_gtstart,96.96989236389338,3.8095856943578004,,
v,1579,1579,2.6465019287124774,False,est_warmstart,97.18589612575988,3.6517716224772654,,
v,1579,1579,2.6465019287124774,False,view_gap,2.7836168076013705,56.28806644774143,0.9999999491425293,0.9999997205942202
v,1580,1580,2.644792616545187,False,T0_raw,174.45269746876897,2.7226685390905785,,
v,1580,1580,2.644792616545187,False,oracle,94.42912342524882,3.0576218216419644,,
v,1580,1580,2.644792616545187,False,est_gtstart,94.45496989681862,3.0579209105971215,,
v,1580,1580,2.644792616545187,False,est_warmstart,94.69248951142369,3.0399314482149253,,
v,1580,1580,2.644792616545187,False,view_gap,2.782343891312285,53.50329153424571,0.9999999513789227,0.9999999158816552
v,1581,1581,2.643095519272026,False,T0_raw,175.22774591464224,2.082177139109349,,
v,1581,1581,2.643095519272026,False,oracle,93.85075250387546,3.448250656430242,,
v,1581,1581,2.643095519272026,False,est_gtstart,93.89207007968321,3.4498445886975255,,
v,1581,1581,2.643095519272026,False,est_warmstart,93.95375192900615,3.4285687342005664,,
v,1581,1581,2.643095519272026,False,view_gap,2.8149747855844347,50.07695069146712,0.9999999517201316,0.9999997790252052
v,1582,1582,2.641622552311379,False,T0_raw,176.29510972877893,1.9201985800268824,,
v,1582,1582,2.641622552311379,False,oracle,99.33454975685412,3.532299548019829,,
v,1582,1582,2.641622552311379,False,est_gtstart,99.38321966398051,3.5366649199728486,,
v,1582,1582,2.641622552311379,False,est_warmstart,99.55575610919863,3.418368663821247,,
v,1582,1582,2.641622552311379,False,view_gap,2.8459265147383417,47.90662164873449,0.9999999525681014,0.9999992201594273
v,1583,1583,2.639946392988895,False,T0_raw,176.1344737160516,2.242133319430489,,
v,1583,1583,2.639946392988895,False,oracle,92.92203383353807,3.104552790574746,,
v,1583,1583,2.639946392988895,False,est_gtstart,92.94846190653148,3.1022945078851203,,
v,1583,1583,2.639946392988895,False,est_warmstart,92.96775373511022,3.095764225054578,,
v,1583,1583,2.639946392988895,False,view_gap,2.8200461128769105,53.468285966518096,0.9999999553038096,0.9999997442029708
v,1584,1584,2.638248973054264,False,T0_raw,173.1805451093911,1.9741620366123365,,
v,1584,1584,2.638248973054264,False,oracle,88.41257700468474,4.067428168171264,,
v,1584,1584,2.638248973054264,False,est_gtstart,88.40417392884615,4.06917428894007,,
v,1584,1584,2.638248973054264,False,est_warmstart,88.41411555987212,3.940366997324845,,
v,1584,1584,2.638248973054264,False,view_gap,2.775319560554317,52.506150094414394,0.999999957788079,0.9999998665034291
v,1585,1585,2.636786793762967,False,T0_raw,175.21643933678337,2.2526104689733715,,
v,1585,1585,2.636786793762967,False,oracle,90.0029663585534,3.653598792831226,,
v,1585,1585,2.636786793762967,False,est_gtstart,89.97881209666028,3.6531936192054806,,
v,1585,1585,2.636786793762967,False,est_warmstart,90.41164110715343,3.506454719401243,,
v,1585,1585,2.636786793762967,False,view_gap,2.8095244811118816,53.396789782977464,0.9999999592326156,0.9999998183743578
v,1586,1586,2.6351681419641344,False,T0_raw,178.45255816085233,1.6960254308244163,,
v,1586,1586,2.6351681419641344,False,oracle,96.49521248575533,2.9730709444426617,,
v,1586,1586,2.6351681419641344,False,est_gtstart,96.4851051217079,2.9766492686122814,,
v,1586,1586,2.6351681419641344,False,est_warmstart,96.82226213737053,2.9063801922014867,,
v,1586,1586,2.6351681419641344,False,view_gap,2.840845523322812,58.92490253345173,0.9999999597163366,0.9999998664464425
v,1587,1587,2.633467044075261,False,T0_raw,173.9795506870837,1.9141229851158843,,
v,1587,1587,2.633467044075261,False,oracle,94.26890208027915,3.310551070908347,,
v,1587,1587,2.633467044075261,False,est_gtstart,94.26698863192685,3.315612470413339,,
v,1587,1587,2.633467044075261,False,est_warmstart,94.56918295404257,3.2779147339973114,,
v,1587,1587,2.633467044075261,False,view_gap,2.7826943751296778,55.39286637954311,0.9999999632226225,0.9999998697556782
v,1588,1588,2.631990813711021,False,T0_raw,176.40822406593102,1.648937169016175,,
v,1588,1588,2.631990813711021,False,oracle,99.43151728079887,2.9550302154639296,,
v,1588,1588,2.631990813711021,False,est_gtstart,99.45369053366161,2.9532433152044177,,
v,1588,1588,2.631990813711021,False,est_warmstart,100.35133442267379,2.9302043208883655,,
v,1588,1588,2.631990813711021,False,view_gap,2.7982062201875735,60.93117433437767,0.9999999648395704,0.999999991965389
v,1589,1589,2.630283843788344,False,T0_raw,180.63760715747165,2.086023120729296,,
v,1589,1589,2.630283843788344,False,oracle,102.92192595814127,2.64429741253365,,
v,1589,1589,2.630283843788344,False,est_gtstart,102.93462668634287,2.6437123775344253,,
v,1589,1589,2.630283843788344,False,est_warmstart,103.8897874903751,2.6753331410110843,,
v,1589,1589,2.630283843788344,False,view_gap,2.843551655348195,66.54570261002313,0.9999999659995338,0.999999705032246
v,1590,1590,2.6288060099099835,False,T0_raw,178.75587828906114,1.9783336860892657,,
v,1590,1590,2.6288060099099835,False,oracle,102.31581007157406,3.0133762273208875,,
v,1590,1590,2.6288060099099835,False,est_gtstart,102.27096939725458,3.0166368932438257,,
v,1590,1590,2.6288060099099835,False,est_warmstart,103.04400654645643,3.05337086739569,,
v,1590,1590,2.6288060099099835,False,view_gap,2.8013585822617206,68.17653775681087,0.9999999684921143,0.9999998337616306
v,1591,1591,2.627241072151612,False,T0_raw,182.49155931966695,1.7707741057523456,,
v,1591,1591,2.627241072151612,False,oracle,104.2310567885334,2.9837421186357136,,
v,1591,1591,2.627241072151612,False,est_gtstart,104.20790502492353,2.984425909152549,,
v,1591,1591,2.627241072151612,False,est_warmstart,105.020041793066,2.995912065498363,,
v,1591,1591,2.627241072151612,False,view_gap,2.8611914910047447,69.91425809022411,0.9999999687660255,0.9999999135456218
v,1592,1592,2.625523595451654,False,T0_raw,176.35802085001936,1.8689276823427277,,
v,1592,1592,2.625523595451654,False,oracle,102.90383058402824,3.3138576436515645,,
v,1592,1592,2.625523595451654,False,est_gtstart,102.88547034205784,3.3139914549281126,,
v,1592,1592,2.625523595451654,False,est_warmstart,103.48692391050699,3.3416639932322365,,
v,1592,1592,2.625523595451654,False,view_gap,2.756044948385974,69.14349339701475,0.9999999718896108,0.9999999153259082
v,1593,1593,2.6240353575277195,False,T0_raw,176.7071594242675,1.9071425741037913,,
v,1593,1593,2.6240353575277195,False,oracle,103.81792920744948,3.3817352401105016,,
v,1593,1593,2.6240353575277195,False,est_gtstart,103.79219545625605,3.3820678654055327,,
v,1593,1593,2.6240353575277195,False,est_warmstart,105.26328423887456,3.46996421986681,,
v,1593,1593,2.6240353575277195,False,view_gap,2.774343219456258,67.77468570846823,0.9999999746485178,0.9999998993929323
v,1594,1594,2.622510944006465,False,T0_raw,175.7286981041712,2.0309322521914033,,
v,1594,1594,2.622510944006465,False,oracle,97.61284924220465,3.462927591247529,,
v,1594,1594,2.622510944006465,False,est_gtstart,97.56633618880832,3.46400545158833,,
v,1594,1594,2.622510944006465,False,est_warmstart,98.158420227223,3.508725736482685,,
v,1594,1594,2.622510944006465,False,view_gap,2.796066538457228,61.92156335566645,0.9999999744970671,0.9999998545715953
v,1595,1595,2.6207894453270093,False,T0_raw,171.426095954912,2.8889876631591997,,
v,1595,1595,2.6207894453270093,False,oracle,102.48728812209546,3.959981041350776,,
v,1595,1595,2.6207894453270093,False,est_gtstart,102.43273441332487,3.9614733919454794,,
v,1595,1595,2.6207894453270093,False,est_warmstart,103.39392636833686,3.9286047963331328,,
v,1595,1595,2.6207894453270093,False,view_gap,2.743589902674989,58.01264655619542,0.9999999783557219,0.9999999533221479
v,1596,1596,2.6192911807251167,False,T0_raw,172.71033401104867,2.034565861150168,,
v,1596,1596,2.6192911807251167,False,oracle,99.68902506543849,3.07435168545339,,
v,1596,1596,2.6192911807251167,False,est_gtstart,99.63360771581875,3.0729758181179294,,
v,1596,1596,2.6192911807251167,False,est_warmstart,99.8090895134705,3.053507856237185,,
v,1596,1596,2.6192911807251167,False,view_gap,2.7416211125516683,62.694870056027256,0.9999999791397316,0.9999998121098683
v,1597,1597,2.6177975134399714,False,T0_raw,176.82144704993263,1.651921525242721,,
v,1597,1597,2.6177975134399714,False,oracle,104.3131888329569,2.616304993853277,,
v,1597,1597,2.6177975134399714,False,est_gtstart,104.27694541940338,2.6170583932351628,,
v,1597,1597,2.6177975134399714,False,est_warmstart,104.51452293329743,2.6627530400094868,,
v,1597,1597,2.6177975134399714,False,view_gap,2.8099625957143526,64.22581657820191,0.9999999791142349,0.999999914428584
v,1598,1598,2.6160607319107108,False,T0_raw,176.5766962860365,2.188483966029069,,
v,1598,1598,2.6160607319107108,False,oracle,103.8999430605312,3.0593805338733144,,
v,1598,1598,2.6160607319107108,False,est_gtstart,103.88079661113588,3.0589928331057425,,
v,1598,1598,2.6160607319107108,False,est_warmstart,104.2932040016042,3.0550255477020465,,
v,1598,1598,2.6160607319107108,False,view_gap,2.8044302511716763,64.81992259019664,0.9999999809113228,0.9999999801071525
v,1599,1599,2.6145511433812127,False,T0_raw,182.10441339682657,1.5631561025383058,,
v,1599,1599,2.6145511433812127,False,oracle,113.9875189048143,2.695479319535607,,
v,1599,1599,2.6145511433812127,False,est_gtstart,113.96868470148331,2.694549408076475,,
v,1599,1599,2.6145511433812127,False,est_warmstart,113.91486386172406,2.766358092166072,,
v,1599,1599,2.6145511433812127,False,view_gap,2.897591104821496,66.57857858568138,0.9999999807770298,0.9999999969977627
v,1600,1600,2.613283834299829,False,T0_raw,180.68224886188773,1.5413678186054172,,
v,1600,1600,2.613283834299829,False,oracle,124.46765521874292,4.438721540381589,,
v,1600,1600,2.613283834299829,False,est_gtstart,124.43445283758534,4.437151788926853,,
v,1600,1600,2.613283834299829,False,est_warmstart,123.71342003732404,4.485773146251483,,
v,1600,1600,2.613283834299829,False,view_gap,2.898413242064837,62.620807364788256,0.9999999812655911,0.9999999544019574
v,1601,1601,2.612258863116976,False,T0_raw,183.9091009206019,2.2875793787033105,,
v,1601,1601,2.612258863116976,False,oracle,114.98882614826266,2.783775199738242,,
v,1601,1601,2.612258863116976,False,est_gtstart,114.95428340445103,2.7863543115135174,,
v,1601,1601,2.612258863116976,False,est_warmstart,115.16873044723687,2.813099743091335,,
v,1601,1601,2.612258863116976,False,view_gap,2.9363708259245502,66.57726951544296,0.999999982473544,0.9999999766246022
v,1602,1602,2.611478582273856,False,T0_raw,184.243668591878,1.750267664707285,,
v,1602,1602,2.611478582273856,False,oracle,119.71666408280986,2.5654737097407763,,
v,1602,1602,2.611478582273856,False,est_gtstart,119.69765445759337,2.5637595837500533,,
v,1602,1602,2.611478582273856,False,est_warmstart,120.20391519693916,2.7491316364164757,,
v,1602,1602,2.611478582273856,False,view_gap,2.9279048999913626,69.32095625846557,0.9999999844181531,0.9999999906515399
v,1603,1603,2.6109447823378673,False,T0_raw,183.39348064863424,3.404278122093198,,
v,1603,1603,2.6109447823378673,False,oracle,132.39942068581666,4.686557253218748,,
v,1603,1603,2.6109447823378673,False,est_gtstart,132.35887619057726,4.687145189955358,,
v,1603,1603,2.6109447823378673,False,est_warmstart,132.66348676200073,4.771087237680895,,
v,1603,1603,2.6109447823378673,False,view_gap,2.9624245523912722,61.55799656336525,0.9999999842655573,0.9999999180113407
v,1604,1604,2.6106619354636265,False,T0_raw,185.0871607999941,2.117795360875891,,
v,1604,1604,2.6106619354636265,False,oracle,134.3729381359586,4.328852375386328,,
v,1604,1604,2.6106619354636265,False,est_gtstart,134.34882165788807,4.3222458754606246,,
v,1604,1604,2.6106619354636265,False,est_warmstart,134.4627881409722,4.3529854602171065,,
v,1604,1604,2.6106619354636265,False,view_gap,2.9747460524590776,65.23991052304501,0.9999999848365166,0.9999999344870113
v,1605,1605,2.6106404081234946,False,T0_raw,183.30919336252657,1.3450582432378142,,
v,1605,1605,2.6106404081234946,False,oracle,140.83545789563323,5.665232361404489,,
v,1605,1605,2.6106404081234946,False,est_gtstart,140.7960069095238,5.661318133881858,,
v,1605,1605,2.6106404081234946,False,est_warmstart,141.28011925592847,5.462238543075334,,
v,1605,1605,2.6106404081234946,False,view_gap,2.931905349513576,67.3352358472159,0.9999999867634509,0.9999999800649119
v,1606,1606,2.610880876236423,False,T0_raw,185.68611626965918,2.3657409005709717,,
v,1606,1606,2.610880876236423,False,oracle,133.6338439544924,3.306004707193095,,
v,1606,1606,2.610880876236423,False,est_gtstart,133.60514657885938,3.3084876416266766,,
v,1606,1606,2.610880876236423,False,est_warmstart,133.31413561830902,3.438110096777416,,
v,1606,1606,2.610880876236423,False,view_gap,2.9947234373928815,64.7115114937975,0.9999999870788926,0.9999999931277452
v,1607,1607,2.6113747638224054,False,T0_raw,189.4450421096172,2.1035135329599544,,
v,1607,1607,2.6113747638224054,False,oracle,137.8606528510313,2.9318053656036467,,
v,1607,1607,2.6113747638224054,False,est_gtstart,137.814452114506,2.9320942443634808,,
v,1607,1607,2.6113747638224054,False,est_warmstart,137.82578695565465,2.8981106471577465,,
v,1607,1607,2.6113747638224054,False,view_gap,3.041208613147985,68.92745850383707,0.9999999880884861,0.9999999814699825
v,1608,1608,2.612131170218709,False,T0_raw,184.70783246433328,2.006816365568114,,
v,1608,1608,2.612131170218709,False,oracle,151.5512704299351,5.878648252587505,,
v,1608,1608,2.612131170218709,False,est_gtstart,151.52578683218871,5.878007288628952,,
v,1608,1608,2.612131170218709,False,est_warmstart,152.08637308643486,5.673205230747279,,
v,1608,1608,2.612131170218709,False,view_gap,2.994572882698421,62.67193252745784,0.9999999883251348,0.9999999962508731
v,1609,1609,2.61314800610942,False,T0_raw,183.11951954023553,2.4696161014677385,,
v,1609,1609,2.61314800610942,False,oracle,138.06706441005602,4.102478967294653,,
v,1609,1609,2.61314800610942,False,est_gtstart,138.016450031604,4.103141750200319,,
v,1609,1609,2.61314800610942,False,est_warmstart,137.57261487236775,4.119371787491645,,
v,1609,1609,2.61314800610942,False,view_gap,2.956018700365531,64.74436943981799,0.9999999895966576,0.9999999908652958
v,1610,1610,2.6144162214344293,False,T0_raw,180.09023456472966,1.6432928921805234,,
v,1610,1610,2.6144162214344293,False,oracle,141.09187870243278,3.5822922720694903,,
v,1610,1610,2.6144162214344293,False,est_gtstart,141.04505511839997,3.5827600629291125,,
v,1610,1610,2.6144162214344293,False,est_warmstart,141.32373772147204,3.541151067191078,,
v,1610,1610,2.6144162214344293,False,view_gap,2.8929628758143644,66.31702264018769,0.9999999910118937,0.9999999941105502
v,1611,1611,2.6159366100435992,False,T0_raw,177.01834099361008,1.5378744319162776,,
v,1611,1611,2.6159366100435992,False,oracle,140.15320654868765,4.393761151415818,,
v,1611,1611,2.6159366100435992,False,est_gtstart,140.12218783312636,4.39489092048434,,
v,1611,1611,2.6159366100435992,False,est_warmstart,139.95016473007166,4.2358304050900415,,
v,1611,1611,2.6159366100435992,False,view_gap,2.8476940489838967,64.90256328206856,0.9999999913974725,0.9999999986674201
v,1612,1612,2.617702906687017,False,T0_raw,175.61192006185215,1.6809204674985159,,
v,1612,1612,2.617702906687017,False,oracle,144.42484189212402,5.280585477468691,,
v,1612,1612,2.617702906687017,False,est_gtstart,144.33960900552816,5.279587599729193,,
v,1612,1612,2.617702906687017,False,est_warmstart,145.09616523286857,4.9876259900986435,,
v,1612,1612,2.617702906687017,False,view_gap,2.80020703288957,68.50205766995244,0.999999993015525,0.9999997626052742
v,1613,1613,2.6197242601878887,False,T0_raw,173.99321828639452,1.632583830500248,,
v,1613,1613,2.6197242601878887,False,oracle,149.15285440763128,5.724591769247339,,
v,1613,1613,2.6197242601878887,False,est_gtstart,149.1382157509341,5.724384509289594,,
v,1613,1613,2.6197242601878887,False,est_warmstart,149.2182470674676,5.5325082291350105,,
v,1613,1613,2.6197242601878887,False,view_gap,2.7636002109685704,69.74478340982238,0.9999999938448478,0.9999999976674617
v,1614,1614,2.6220080334049616,False,T0_raw,177.61078618297392,1.9254612842921002,,
v,1614,1614,2.6220080334049616,False,oracle,159.45766435307388,6.108154812652855,,
v,1614,1614,2.6220080334049616,False,est_gtstart,159.42456514651724,6.112237000351544,,
v,1614,1614,2.6220080334049616,False,est_warmstart,160.38051932564298,5.863975553538242,,
v,1614,1614,2.6220080334049616,False,view_gap,2.8195783508947203,71.86785823662278,0.9999999941385269,0.9999999954923309
v,1615,1615,2.6245552073102756,False,T0_raw,174.8558632572953,2.1344104558599954,,
v,1615,1615,2.6245552073102756,False,oracle,157.82774610442712,7.283355904223021,,
v,1615,1615,2.6245552073102756,False,est_gtstart,157.81273264611963,7.283599380779179,,
v,1615,1615,2.6245552073102756,False,est_warmstart,157.54494610303308,7.170908958286468,,
v,1615,1615,2.6245552073102756,False,view_gap,2.7860073940033545,69.64832829913625,0.9999999941599591,0.9999999995829874
v,1616,1616,2.627357688523786,False,T0_raw,172.64146430198372,2.720782222218424,,
v,1616,1616,2.627357688523786,False,oracle,157.34409191421867,8.348460346167682,,
v,1616,1616,2.627357688523786,False,est_gtstart,157.31622930551907,8.352737804115671,,
v,1616,1616,2.627357688523786,False,est_warmstart,157.41559605095316,7.9915345596002085,,
v,1616,1616,2.627357688523786,False,view_gap,2.7617934580038095,67.5224280935356,0.9999999944027664,0.9999999837867836
v,1617,1617,2.6304050804267587,False,T0_raw,176.3842631033635,2.1577347950478716,,
v,1617,1617,2.6304050804267587,False,oracle,153.82671786238174,6.017054764375939,,
v,1617,1617,2.6304050804267587,False,est_gtstart,153.81136083733398,6.016814892528722,,
v,1617,1617,2.6304050804267587,False,est_warmstart,153.66473803210636,5.744934409294562,,
v,1617,1617,2.6304050804267587,False,view_gap,2.798682411729391,72.6486510443487,0.9999999948239692,0.9999999989255803
v,1618,1618,2.633694115679897,False,T0_raw,179.94227581986934,2.416076266485001,,
v,1618,1618,2.633694115679897,False,oracle,158.47719151486282,4.602509038411963,,
v,1618,1618,2.633694115679897,False,est_gtstart,158.46750304412325,4.605485009865968,,
v,1618,1618,2.633694115679897,False,est_warmstart,157.89553650304347,3.953909532324126,,
v,1618,1618,2.633694115679897,False,view_gap,2.841135929397256,76.40931203788037,0.9999999954988451,0.9999999957490632
v,1619,1619,2.6372193877483148,False,T0_raw,176.15515763901058,3.254977161010994,,
v,1619,1619,2.6372193877483148,False,oracle,150.93177198368005,5.994160662847162,,
v,1619,1619,2.6372193877483148,False,est_gtstart,150.91191301637488,5.993702310001532,,
v,1619,1619,2.6372193877483148,False,est_warmstart,152.1110031754431,5.0769905972414175,,
v,1619,1619,2.6372193877483148,False,view_gap,2.8005725390599627,72.53329727264202,0.999999995512461,0.9999999990236299
v,1620,1620,2.640977589159469,False,T0_raw,181.06470535016308,2.4118220142964453,,
v,1620,1620,2.640977589159469,False,oracle,166.98445377375245,4.010940523689216,,
v,1620,1620,2.640977589159469,False,est_gtstart,166.97576110037113,4.010717359352874,,
v,1620,1620,2.640977589159469,False,est_warmstart,168.0962029986048,3.946361134259912,,
v,1620,1620,2.640977589159469,False,view_gap,2.866752511174224,76.60596970788714,0.9999999956349924,0.9999999962195668
v,1621,1621,2.6449687224921656,False,T0_raw,181.95029999974176,3.1018080370293584,,
v,1621,1621,2.6449687224921656,False,oracle,171.93356939896296,4.809309471449553,,
v,1621,1621,2.6449687224921656,False,est_gtstart,171.90820342975397,4.809837780175993,,
v,1621,1621,2.6449687224921656,False,est_warmstart,172.80703979955447,4.764547856845397,,
v,1621,1621,2.6449687224921656,False,view_gap,2.8759883281137233,77.97223686215827,0.9999999957751918,0.9999999907258743
v,1622,1622,2.649198448460809,False,T0_raw,181.8873613638633,2.339890311690031,,
v,1622,1622,2.649198448460809,False,oracle,170.90090623816332,4.38971271720222,,
v,1622,1622,2.649198448460809,False,est_gtstart,170.8899727330907,4.390477245106777,,
v,1622,1622,2.649198448460809,False,est_warmstart,172.07466422419847,4.272254717742819,,
v,1622,1622,2.649198448460809,False,view_gap,2.8532850330679804,80.97969679681106,0.9999999960835589,0.999999978919687
v,1623,1623,2.6536576055084184,False,T0_raw,182.58683614593812,2.613423058942558,,
v,1623,1623,2.6536576055084184,False,oracle,172.64367071676241,4.99462153567802,,
v,1623,1623,2.6536576055084184,False,est_gtstart,172.6299612045502,4.995625698222207,,
v,1623,1623,2.6536576055084184,False,est_warmstart,174.02110497486626,4.847089052873907,,
v,1623,1623,2.6536576055084184,False,view_gap,2.8657058728489804,81.4684036490827,0.9999999959428842,0.9999999969818484
v,1624,1624,2.658334105293758,False,T0_raw,185.84463228531757,2.890383230804844,,
v,1624,1624,2.658334105293758,False,oracle,177.20741771650248,5.215874158446026,,
v,1624,1624,2.658334105293758,False,est_gtstart,177.18606322759123,5.215138044671354,,
v,1624,1624,2.658334105293758,False,est_warmstart,178.36879396860846,5.076665232091966,,
v,1624,1624,2.658334105293758,False,view_gap,2.9014720716501605,85.15294949891805,0.9999999961353893,0.9999999971592379
v,1625,1625,2.6632298310352405,False,T0_raw,188.47559080081209,2.073969933456629,,
v,1625,1625,2.6632298310352405,False,oracle,177.87604406216053,4.336665951753503,,
v,1625,1625,2.6632298310352405,False,est_gtstart,171.39373416166305,3.975830779812138,,
v,1625,1625,2.6632298310352405,False,est_warmstart,172.42997938858264,3.69346930562744,,
v,1625,1625,2.6632298310352405,False,view_gap,2.937184352779744,87.37104985747024,0.9994576173328725,0.9997068784529307
v,1626,1626,2.668329571159244,False,T0_raw,193.83846063753796,3.97437006571019,,
v,1626,1626,2.668329571159244,False,oracle,178.8072718136195,5.0853387328594515,,
v,1626,1626,2.668329571159244,False,est_gtstart,178.79957043689342,5.085146428976868,,
v,1626,1626,2.668329571159244,False,est_warmstart,179.34828201979218,4.965194734674476,,
v,1626,1626,2.668329571159244,False,view_gap,3.0123312953019346,91.27716363273831,0.9999999945235207,0.9999999974400178
v,1627,1627,2.6736316581712027,False,T0_raw,191.43333937277978,2.434746356172004,,
v,1627,1627,2.6736316581712027,False,oracle,179.81128507827253,4.330282544230106,,
v,1627,1627,2.6736316581712027,False,est_gtstart,179.7980052930885,4.331324932178899,,
v,1627,1627,2.6736316581712027,False,est_warmstart,181.0440382504818,4.087455759135094,,
v,1627,1627,2.6736316581712027,False,view_gap,2.9679327372620716,91.18508121781454,0.9999999946458181,0.9999999928985316
v,1628,1628,2.679136683901978,False,T0_raw,195.79676311842314,3.4010324114063986,,
v,1628,1628,2.679136683901978,False,oracle,189.2251812118379,5.0985768280868005,,
v,1628,1628,2.679136683901978,False,est_gtstart,181.49010266737528,4.710098941265405,,
v,1628,1628,2.679136683901978,False,est_warmstart,182.99238685308606,4.532244024718943,,
v,1628,1628,2.679136683901978,False,view_gap,3.0625547693103083,90.68516076855815,0.9996619142691291,0.9997275731309986
v,1629,1629,2.684835983167233,False,T0_raw,192.47746640045688,2.436665014933645,,
v,1629,1629,2.684835983167233,False,oracle,182.44690156038916,3.452076886785489,,
v,1629,1629,2.684835983167233,False,est_gtstart,181.45155022621105,3.406314540189783,,
v,1629,1629,2.684835983167233,False,est_warmstart,183.10424985746846,3.089953825998142,,
v,1629,1629,2.684835983167233,False,view_gap,3.013105832705543,89.12039779167324,0.9999468111166807,0.9999721392023334
v,1630,1630,2.6907120795046775,False,T0_raw,187.86109829054394,1.5137501972907657,,
v,1630,1630,2.6907120795046775,False,oracle,175.38125376302222,3.4002309421002894,,
v,1630,1630,2.6907120795046775,False,est_gtstart,174.7471443002765,3.4010860894618387,,
v,1630,1630,2.6907120795046775,False,est_warmstart,177.5035587528032,2.506680729023259,,
v,1630,1630,2.6907120795046775,False,view_gap,2.9489341098977095,86.27242389250212,0.9999464956591144,0.9999523078891384
v,1631,1631,2.6967565199362267,False,T0_raw,187.61965156514438,1.3837953921972075,,
v,1631,1631,2.6967565199362267,False,oracle,178.37989129780115,2.4351574026084397,,
v,1631,1631,2.6967565199362267,False,est_gtstart,173.13425881876734,2.274337654126157,,
v,1631,1631,2.6967565199362267,False,est_warmstart,174.58010897165997,2.008070691873991,,
v,1631,1631,2.6967565199362267,False,view_gap,2.9520874799894488,85.68764322284483,0.9997814294363796,0.9997816906694534
v,1632,1632,2.7029556305878737,False,T0_raw,187.0509788300521,2.0970129168043536,,
v,1632,1632,2.7029556305878737,False,oracle,172.29504344025838,3.447185076352299,,
v,1632,1632,2.7029556305878737,False,est_gtstart,172.29228384008124,3.4472289321064844,,
v,1632,1632,2.7029556305878737,False,est_warmstart,172.83726468108148,3.401821001580651,,
v,1632,1632,2.7029556305878737,False,view_gap,2.981566164494614,81.15130831271422,0.9999999930762591,0.9999999957202618
v,1633,1633,2.7093049356647394,False,T0_raw,186.73035047360247,1.5739672888163747,,
v,1633,1633,2.7093049356647394,False,oracle,175.35616335550714,2.4085688988748046,,
v,1633,1633,2.7093049356647394,False,est_gtstart,174.857086157922,2.353001771709157,,
v,1633,1633,2.7093049356647394,False,est_warmstart,175.3851921685617,2.045329797059868,,
v,1633,1633,2.7093049356647394,False,view_gap,2.950646428009351,84.46685662935582,0.9999414753368154,0.9999628768076168
v,1634,1634,2.715802201466794,False,T0_raw,180.31455054088661,1.3622518520254965,,
v,1634,1634,2.715802201466794,False,oracle,165.30436051011927,2.2633494805439462,,
v,1634,1634,2.715802201466794,False,est_gtstart,160.6319805121176,1.89092581232621,,
v,1634,1634,2.715802201466794,False,est_warmstart,161.3751510231424,1.8496296400128462,,
v,1634,1634,2.715802201466794,False,view_gap,2.8923943871464957,76.48078276164271,0.9999410642829678,0.9997214883945652
v,1635,1635,2.72243688268337,False,T0_raw,183.72057962038528,1.0976480288904458,,
v,1635,1635,2.72243688268337,False,oracle,171.38959024095237,2.8185621725132632,,
v,1635,1635,2.72243688268337,False,est_gtstart,170.58964193587116,2.8721030929391276,,
v,1635,1635,2.72243688268337,False,est_warmstart,171.6751701698773,2.6797819647349996,,
v,1635,1635,2.72243688268337,False,view_gap,2.9303431831556037,80.45301790309445,0.9999005602169685,0.9999107527535486
v,1636,1636,2.729201255554054,False,T0_raw,180.2223510056386,1.0594735355199283,,
v,1636,1636,2.729201255554054,False,oracle,170.887935956584,2.255832812858764,,
v,1636,1636,2.729201255554054,False,est_gtstart,169.75492675659584,2.288662559988128,,
v,1636,1636,2.729201255554054,False,est_warmstart,170.77666734039283,1.9714832993504776,,
v,1636,1636,2.729201255554054,False,view_gap,2.8943833495645324,76.72065392725047,0.9998999077691462,0.999910304362999
v,1637,1637,2.7360947558506674,False,T0_raw,171.90272931383333,0.7810448940587688,,
v,1637,1637,2.7360947558506674,False,oracle,155.74090044502583,1.6844659119072702,,
v,1637,1637,2.7360947558506674,False,est_gtstart,154.9968563231625,1.7784380488787945,,
v,1637,1637,2.7360947558506674,False,est_warmstart,155.06771881915265,1.7082473162087581,,
v,1637,1637,2.7360947558506674,False,view_gap,2.802160536340437,67.85361355450625,0.9998319766974656,0.999847493927822
v,1638,1638,2.743102055813357,False,T0_raw,177.67608566707779,1.1156583783515701,,
v,1638,1638,2.743102055813357,False,oracle,162.5722688443416,2.1849624711218145,,
v,1638,1638,2.743102055813357,False,est_gtstart,162.58872283256574,2.192129122716707,,
v,1638,1638,2.743102055813357,False,est_warmstart,163.4492537138786,2.039331159061327,,
v,1638,1638,2.743102055813357,False,view_gap,2.892171726731614,71.24166937013231,0.9999999506909104,0.9999998515536332
v,1639,1639,2.750212766652242,False,T0_raw,169.23036372867787,0.8592230607783362,,
v,1639,1639,2.750212766652242,False,oracle,157.70454108301925,2.140331389850917,,
v,1639,1639,2.750212766652242,False,est_gtstart,156.24130929915725,2.1083214518777784,,
v,1639,1639,2.750212766652242,False,est_warmstart,156.41040457929523,2.037776258526695,,
v,1639,1639,2.750212766652242,False,view_gap,2.791501253996736,62.781401622998615,0.9998776059373371,0.9998780587263122
v,1640,1640,2.7574175764785074,False,T0_raw,174.43914961408336,1.6637872622114058,,
v,1640,1640,2.7574175764785074,False,oracle,152.95786377387256,2.3731391176038494,,
v,1640,1640,2.7574175764785074,False,est_gtstart,158.04034274678625,2.442975019491572,,
v,1640,1640,2.7574175764785074,False,est_warmstart,158.3236475959957,2.3557199427942246,,
v,1640,1640,2.7574175764785074,False,view_gap,2.9042367952877606,61.1317020472506,0.9997059689451288,0.9994470610176039
v,1641,1641,2.764691751338311,False,T0_raw,175.75664022375247,1.1377693724125326,,
v,1641,1641,2.764691751338311,False,oracle,160.83031170496204,2.0299285280884822,,
v,1641,1641,2.764691751338311,False,est_gtstart,159.4702149925659,2.064768428449251,,
v,1641,1641,2.764691751338311,False,est_warmstart,159.86494282824984,1.950352948793481,,
v,1641,1641,2.764691751338311,False,view_gap,2.908884387444231,64.78898435328384,0.9997806559445861,0.9998099124553875
v,1642,1642,2.7720234711878446,False,T0_raw,176.3360049381874,1.315113573366938,,
v,1642,1642,2.7720234711878446,False,oracle,152.6744892442225,1.9836536781304785,,
v,1642,1642,2.7720234711878446,False,est_gtstart,152.72711087212778,1.9862008316105504,,
v,1642,1642,2.7720234711878446,False,est_warmstart,153.80787019095902,1.9273165175188671,,
v,1642,1642,2.7720234711878446,False,view_gap,2.908135842350106,66.9889567411297,0.9999998642258413,0.999999904249984
v,1643,1643,2.779407107727433,False,T0_raw,178.19893367777766,2.0200464112019443,,
v,1643,1643,2.779407107727433,False,oracle,146.51120527298113,3.6424852425078256,,
v,1643,1643,2.779407107727433,False,est_gtstart,144.3129487989273,3.5364074922314384,,
v,1643,1643,2.779407107727433,False,est_warmstart,144.96401514753316,3.7431868516119198,,
v,1643,1643,2.779407107727433,False,view_gap,2.9874831963100457,60.64161121281142,0.9996781360505793,0.9999292550997303
v,1644,1644,2.7868284150202367,False,T0_raw,181.1772639246327,1.2840427978013564,,
v,1644,1644,2.7868284150202367,False,oracle,155.65105674541934,1.7592035969106534,,
v,1644,1644,2.7868284150202367,False,est_gtstart,160.07644598697777,1.8013622417699309,,
v,1644,1644,2.7868284150202367,False,est_warmstart,160.69028044572005,1.8111900400417085,,
v,1644,1644,2.7868284150202367,False,view_gap,2.992288709584389,69.21019440800391,0.9947086316507733,0.9995481983941519
v,1645,1645,2.794277109872403,False,T0_raw,180.73485939415636,1.5138790830257158,,
v,1645,1645,2.794277109872403,False,oracle,157.42032612713177,2.3978010095656663,,
v,1645,1645,2.794277109872403,False,est_gtstart,155.69479965480014,2.348605565191923,,
v,1645,1645,2.794277109872403,False,est_warmstart,156.77000908751464,2.4412171238732108,,
v,1645,1645,2.794277109872403,False,view_gap,2.999223006700508,67.38588835520831,0.9988973445312439,0.9998791794444772
v,1646,1646,2.8017518235675727,False,T0_raw,185.65236337267882,2.049046565140981,,
v,1646,1646,2.8017518235675727,False,oracle,156.0145942778554,2.0643633124794616,,
v,1646,1646,2.8017518235675727,False,est_gtstart,154.7271352352215,2.1502491744552144,,
v,1646,1646,2.8017518235675727,False,est_warmstart,155.09057995191736,2.0591275069985375,,
v,1646,1646,2.8017518235675727,False,view_gap,3.104658771908567,66.19095081658566,0.998894892955022,0.9997041564133253
v,1647,1647,2.8092312691614683,False,T0_raw,184.74372553266426,1.3613157013042083,,
v,1647,1647,2.8092312691614683,False,oracle,168.19928695853886,2.12202735753558,,
v,1647,1647,2.8092312691614683,False,est_gtstart,171.73029164595587,2.115964220384369,,
v,1647,1647,2.8092312691614683,False,est_warmstart,171.62760444432192,2.1028242605830063,,
v,1647,1647,2.8092312691614683,False,view_gap,3.0798622041397925,67.81682031883606,0.9970060871122542,0.9997521569570411
v,1648,1648,2.816698442830746,False,T0_raw,180.7562028717848,1.8772476846600883,,
v,1648,1648,2.816698442830746,False,oracle,161.75632779684554,2.805094132703263,,
v,1648,1648,2.816698442830746,False,est_gtstart,164.93912494741238,2.834518392812411,,
v,1648,1648,2.816698442830746,False,est_warmstart,167.25632272506962,2.608545938885795,,
v,1648,1648,2.816698442830746,False,view_gap,3.0508805146142635,60.74009329487362,0.9969895089709896,0.9997464547621053
v,1649,1649,2.8241475519021817,False,T0_raw,179.80545546095667,3.0646761081133302,,
v,1649,1649,2.8241475519021817,False,oracle,157.14908457131787,3.0451469123013193,,
v,1649,1649,2.8241475519021817,False,est_gtstart,154.30938881645397,3.0488021107814145,,
v,1649,1649,2.8241475519021817,False,est_warmstart,154.56957836242393,3.0722276594273117,,
v,1649,1649,2.8241475519021817,False,view_gap,3.094394894153111,49.716039103194106,0.9992614431544592,0.9996909313434944
v,1650,1650,2.8315662763771248,False,T0_raw,181.1491802444482,2.4043099249237225,,
v,1650,1650,2.8315662763771248,False,oracle,171.8940005443684,3.3203268424086594,,
v,1650,1650,2.8315662763771248,False,est_gtstart,170.40986817615706,3.5759307865657592,,
v,1650,1650,2.8315662763771248,False,est_warmstart,170.67798204746776,3.5488219947465374,,
v,1650,1650,2.8315662763771248,False,view_gap,3.1105012165350594,52.2629546878437,0.9992571510206715,0.9993275003375889
v,1651,1651,2.8389288441793035,False,T0_raw,182.84445195967018,2.0774735515318334,,
v,1651,1651,2.8389288441793035,False,oracle,173.07948917501236,2.8700342547858106,,
v,1651,1651,2.8389288441793035,False,est_gtstart,175.26439517250486,2.997119253979634,,
v,1651,1651,2.8389288441793035,False,est_warmstart,175.66961082947,2.8537340014971178,,
v,1651,1651,2.8389288441793035,False,view_gap,3.107823697828243,59.4094470061699,0.8618871766656411,0.9912830989038978
v,1652,1652,2.846223462334474,False,T0_raw,182.71985192926655,2.6750165969110107,,
v,1652,1652,2.846223462334474,False,oracle,164.3416970771645,2.520604136113262,,
v,1652,1652,2.846223462334474,False,est_gtstart,163.2042757765988,2.866802213739978,,
v,1652,1652,2.846223462334474,False,est_warmstart,163.30622742874343,2.817733957077371,,
v,1652,1652,2.846223462334474,False,view_gap,3.1340315282030526,54.72452865789457,0.8613196186528982,0.9956834729384514
v,1653,1653,2.853440912748471,False,T0_raw,183.85460884122415,2.291022690839144,,
v,1653,1653,2.853440912748471,False,oracle,169.70810980198615,2.5039632812739003,,
v,1653,1653,2.853440912748471,False,est_gtstart,169.79383895993425,2.5106840287055125,,
v,1653,1653,2.853440912748471,False,est_warmstart,170.45266442586612,2.3232520566258517,,
v,1653,1653,2.853440912748471,False,view_gap,3.1347869285359087,59.16845231108514,0.9999854563217242,0.9999999402915047
v,1654,1654,2.860577789932833,False,T0_raw,186.2614598348768,1.8428665116673901,,
v,1654,1654,2.860577789932833,False,oracle,177.5867152258278,2.7578732954743335,,
v,1654,1654,2.860577789932833,False,est_gtstart,176.6748988605645,2.258774120689616,,
v,1654,1654,2.860577789932833,False,est_warmstart,177.05467172294811,1.8220139500588757,,
v,1654,1654,2.860577789932833,False,view_gap,3.150915039310812,64.78017202316533,0.9878677016981486,0.9999845510784354
v,1655,1655,2.8676208251208335,False,T0_raw,179.80965504262832,2.315128404387712,,
v,1655,1655,2.8676208251208335,False,oracle,164.52320664975397,2.539913857807367,,
v,1655,1655,2.8676208251208335,False,est_gtstart,167.46191692753212,2.691983848332461,,
v,1655,1655,2.8676208251208335,False,est_warmstart,168.05980711338842,2.353110637572774,,
v,1655,1655,2.8676208251208335,False,view_gap,3.087138958257249,55.00823710909364,0.8079268822647064,0.9997416593306772
v,1656,1656,2.8745600902392865,False,T0_raw,181.19769359049428,1.7620211273917707,,
v,1656,1656,2.8745600902392865,False,oracle,160.88423681476746,1.9497454402527172,,
v,1656,1656,2.8745600902392865,False,est_gtstart,164.4593850556124,2.1918134635771658,,
v,1656,1656,2.8745600902392865,False,est_warmstart,165.4933148572931,1.8639742502812866,,
v,1656,1656,2.8745600902392865,False,view_gap,3.106004470502751,56.99046116137518,0.808822706437316,0.9994665881924799
v,1657,1657,2.881381579623444,False,T0_raw,179.77560982059876,1.8619260904959478,,
v,1657,1657,2.881381579623444,False,oracle,168.44872687670255,3.3414747325160183,,
v,1657,1657,2.881381579623444,False,est_gtstart,168.5125405288286,3.3427692752268476,,
v,1657,1657,2.881381579623444,False,est_warmstart,168.98035277450012,3.2131966849174955,,
v,1657,1657,2.881381579623444,False,view_gap,3.08687713879357,56.1296239873279,0.9999999882808276,0.9999998136871167
v,1658,1658,2.888067297607898,False,T0_raw,176.8242255085816,2.1208985352719343,,
v,1658,1658,2.888067297607898,False,oracle,158.05870964878426,2.2963411622049996,,
v,1658,1658,2.888067297607898,False,est_gtstart,159.45255481883234,2.4137191514126575,,
v,1658,1658,2.888067297607898,False,est_warmstart,160.05521774285927,2.1559238035997654,,
v,1658,1658,2.888067297607898,False,view_gap,3.064724605767253,50.208275179628004,0.9999907049531814,0.999901301815617
v,1659,1659,2.894608118315144,False,T0_raw,181.46106848273206,1.7561619150582373,,
v,1659,1659,2.894608118315144,False,oracle,161.40057412046912,2.159733374459142,,
v,1659,1659,2.894608118315144,False,est_gtstart,161.04005820403785,2.0238633447840497,,
v,1659,1659,2.894608118315144,False,est_warmstart,161.82001882909938,1.8034753775415941,,
v,1659,1659,2.894608118315144,False,view_gap,3.1107218747470853,58.78281721313616,0.9999907325442593,0.9999649931621857
v,1660,1660,2.9009897127009694,False,T0_raw,179.4684751201746,1.888116240329479,,
v,1660,1660,2.9009897127009694,False,oracle,162.39762121901566,2.1926558991767955,,
v,1660,1660,2.9009897127009694,False,est_gtstart,163.9745261581716,2.514275574084168,,
v,1660,1660,2.9009897127009694,False,est_warmstart,163.88083006355095,2.34692126421062,,
v,1660,1660,2.9009897127009694,False,view_gap,3.0842745735812165,57.28677686325412,0.9999902204688336,0.999725735637695
v,1661,1661,2.9071927914876987,False,T0_raw,178.84518244112147,2.388711116386597,,
v,1661,1661,2.9071927914876987,False,oracle,161.6246068382951,2.4681250617237045,,
v,1661,1661,2.9071927914876987,False,est_gtstart,162.18862520363027,2.4948507224960528,,
v,1661,1661,2.9071927914876987,False,est_warmstart,162.42485396041786,2.415519358639684,,
v,1661,1661,2.9071927914876987,False,view_gap,3.1083640300610416,51.06582038941543,0.9999902496496301,0.9998886985548656
v,1662,1662,2.913205879290114,False,T0_raw,183.32761527433095,1.8445442944646668,,
v,1662,1662,2.913205879290114,False,oracle,162.15674439069295,1.4321496034917458,,
v,1662,1662,2.913205879290114,False,est_gtstart,162.72074261931854,1.7358607317398578,,
v,1662,1662,2.913205879290114,False,est_warmstart,163.58779560158183,1.4457912707894398,,
v,1662,1662,2.913205879290114,False,view_gap,3.162635752343841,57.64918610069181,0.9999998181523166,0.9998587523558375
v,1663,1663,2.919023445040792,False,T0_raw,184.0904406758551,1.8591892617148802,,
v,1663,1663,2.919023445040792,False,oracle,159.44818256739146,1.3548382760834825,,
v,1663,1663,2.919023445040792,False,est_gtstart,160.0657953657228,1.5010023439247722,,
v,1663,1663,2.919023445040792,False,est_warmstart,160.22968908353502,1.3476002100798046,,
v,1663,1663,2.919023445040792,False,view_gap,3.1865025160615277,56.55089211996778,0.9999998227072935,0.9998628563135771
v,1664,1664,2.9246415799606855,False,T0_raw,182.72013167907818,2.251457155581457,,
v,1664,1664,2.9246415799606855,False,oracle,156.21970593341274,1.9240878236575245,,
v,1664,1664,2.9246415799606855,False,est_gtstart,161.2110333496874,2.032144830767431,,
v,1664,1664,2.9246415799606855,False,est_warmstart,161.35204902234432,2.0103610776083793,,
v,1664,1664,2.9246415799606855,False,view_gap,3.1911879886310666,51.147108763967886,0.9999821617270224,0.9995859488517894
v,1665,1665,2.9300380223918645,False,T0_raw,186.53177352766684,2.1116985659127154,,
v,1665,1665,2.9300380223918645,False,oracle,163.9296913600277,1.5810011713145318,,
v,1665,1665,2.9300380223918645,False,est_gtstart,165.07837271444427,1.7043040051224239,,
v,1665,1665,2.9300380223918645,False,est_warmstart,165.7323594818787,1.7313156741303652,,
v,1665,1665,2.9300380223918645,False,view_gap,3.2390316686529164,56.713990593257435,0.999984544012913,0.9994616661693095
v,1666,1666,2.9352111485793344,False,T0_raw,186.32547164792737,1.692777548463729,,
v,1666,1666,2.9352111485793344,False,oracle,148.47504791773065,3.2145348267807896,,
v,1666,1666,2.9352111485793344,False,est_gtstart,162.0818459027945,0.6330730595375722,,
v,1666,1666,2.9352111485793344,False,est_warmstart,162.57449711785685,0.6279908270526071,,
v,1666,1666,2.9352111485793344,False,view_gap,3.2315563257870643,57.995587604354526,0.9999947662231584,0.9940633954072935
v,1667,1667,2.9395332092195687,False,T0_raw,187.82022901354304,2.121492221348431,,
v,1667,1667,2.9395332092195687,False,oracle,132.72816529901425,6.227397240876478,,
v,1667,1667,2.9395332092195687,False,est_gtstart,137.4674239190239,6.219378014575334,,
v,1667,1667,2.9395332092195687,False,est_warmstart,165.28727119031495,0.9945789163826918,,
v,1667,1667,2.9395332092195687,False,view_gap,3.2769303158858514,55.477659464269635,0.9999837442227827,0.9995800319912893
v,1668,1668,2.937831687596817,False,T0_raw,187.1553873653273,1.6582251536387433,,
v,1668,1668,2.937831687596817,False,oracle,140.48424445294242,4.352106003461424,,
v,1668,1668,2.937831687596817,False,est_gtstart,147.6817888504593,3.996056203827102,,
v,1668,1668,2.937831687596817,False,est_warmstart,147.55731708054535,4.097451235897394,,
v,1668,1668,2.937831687596817,False,view_gap,3.267403707975492,55.522033462991786,0.9999796973072586,0.999145249932978
v,1669,1669,2.936319625002984,False,T0_raw,187.34424736730094,1.3727780922691195,,
v,1669,1669,2.936319625002984,False,oracle,149.83362244404682,1.9276600204777685,,
v,1669,1669,2.936319625002984,False,est_gtstart,158.0408752825756,1.7906747826050948,,
v,1669,1669,2.936319625002984,False,est_warmstart,158.18089053912664,2.0876509129351657,,
v,1669,1669,2.936319625002984,False,view_gap,3.27694218766863,55.03197282994998,0.9999834502683552,0.9994122948269626
v,1670,1670,2.9346215990793616,False,T0_raw,190.1788194758669,2.9049939362495367,,
v,1670,1670,2.9346215990793616,False,oracle,129.07141994192625,6.30523518583048,,
v,1670,1670,2.9346215990793616,False,est_gtstart,132.5598241121385,6.2078623063234115,,
v,1670,1670,2.9346215990793616,False,est_warmstart,132.66686650972488,6.346030284716884,,
v,1670,1670,2.9346215990793616,False,view_gap,3.3728984677233274,46.60762316060962,0.9999959675261023,0.9997488018884286
v,1671,1671,2.9328998264207744,False,T0_raw,191.49733080562493,1.6651889924675223,,
v,1671,1671,2.9328998264207744,False,oracle,146.45278001406047,2.471088927639665,,
v,1671,1671,2.9328998264207744,False,est_gtstart,157.2468302966558,2.198970156842083,,
v,1671,1671,2.9328998264207744,False,est_warmstart,158.47934902480603,2.43188693535547,,
v,1671,1671,2.9328998264207744,False,view_gap,3.3854426570990728,50.34257982854751,0.9999797967342032,0.9990795520827633
v,1672,1672,2.9313680283459203,False,T0_raw,191.10512789939966,1.912767799061458,,
v,1672,1672,2.9313680283459203,False,oracle,148.96901531017204,1.274533959724894,,
v,1672,1672,2.9313680283459203,False,est_gtstart,163.53342191257283,1.3174779508421814,,
v,1672,1672,2.9313680283459203,False,est_warmstart,164.1059257305131,1.6052906671728349,,
v,1672,1672,2.9313680283459203,False,view_gap,3.386779189425723,49.14029818936427,0.9999818016363369,0.9985386417788549
v,1673,1673,2.929965163968306,False,T0_raw,187.43367602703387,1.3136371740356299,,
v,1673,1673,2.929965163968306,False,oracle,138.27871058606928,1.9879017493679707,,
v,1673,1673,2.929965163968306,False,est_gtstart,148.7245757142764,1.794861952433779,,
v,1673,1673,2.929965163968306,False,est_warmstart,149.32379931383068,1.9415784566077992,,
v,1673,1673,2.929965163968306,False,view_gap,3.337805194891261,45.04134170867724,0.9999813268757419,0.9991388059995494
v,1674,1674,2.928029908556888,False,T0_raw,190.34519834097688,1.611798172339318,,
v,1674,1674,2.928029908556888,False,oracle,148.8511822959093,1.7675643052918113,,
v,1674,1674,2.928029908556888,False,est_gtstart,152.67425172416966,1.6913676385444454,,
v,1674,1674,2.928029908556888,False,est_warmstart,153.16809934303075,2.0187652161205425,,
v,1674,1674,2.928029908556888,False,view_gap,3.388768717694406,46.91772466222454,0.999993362981673,0.9999310944016824
v,1675,1675,2.9262810528063694,False,T0_raw,187.7571968747649,1.5362905648154794,,
v,1675,1675,2.9262810528063694,False,oracle,146.073158455239,1.0106182315424859,,
v,1675,1675,2.9262810528063694,False,est_gtstart,152.7885887101225,0.96249985865022,,
v,1675,1675,2.9262810528063694,False,est_warmstart,152.63022425118498,1.5006768569758788,,
v,1675,1675,2.9262810528063694,False,view_gap,3.3550769140873227,43.96137992502602,0.9999733609002185,0.999145597728992
v,1676,1676,2.924732798944204,False,T0_raw,183.846525596623,1.2871332880665656,,
v,1676,1676,2.924732798944204,False,oracle,137.48085959297663,1.4733008157957705,,
v,1676,1676,2.924732798944204,False,est_gtstart,148.58874668779646,1.3885340341438726,,
v,1676,1676,2.924732798944204,False,est_warmstart,149.05623450535663,1.653848976068703,,
v,1676,1676,2.924732798944204,False,view_gap,3.295297431595689,41.145066341826464,0.9999734936128379,0.9979444186207637
v,1677,1677,2.9230535502443873,False,T0_raw,184.04698419313883,0.9242925634240163,,
v,1677,1677,2.9230535502443873,False,oracle,146.56878053660523,0.8072537827213103,,
v,1677,1677,2.9230535502443873,False,est_gtstart,154.0228539416087,0.9263809214194112,,
v,1677,1677,2.9230535502443873,False,est_warmstart,154.45144920260265,1.1702808588199396,,
v,1677,1677,2.9230535502443873,False,view_gap,3.2853033313983846,45.52275271347162,0.9999710811536121,0.9980677404067737
v,1678,1678,2.9213052954355034,False,T0_raw,185.39423636367468,0.8851972971241151,,
v,1678,1678,2.9213052954355034,False,oracle,145.3820758739876,0.8700086179355129,,
v,1678,1678,2.9213052954355034,False,est_gtstart,151.8739576560906,0.9009760426189316,,
v,1678,1678,2.9213052954355034,False,est_warmstart,151.70196620887285,1.1067066816500113,,
v,1678,1678,2.9213052954355034,False,view_gap,3.311847205091396,46.124875947011205,0.9999585195242521,0.9977505874823608
v,1679,1679,2.91974559154645,False,T0_raw,180.93931887340196,1.1913248334753297,,
v,1679,1679,2.91974559154645,False,oracle,137.41132299258106,1.0436013157995307,,
v,1679,1679,2.91974559154645,False,est_gtstart,145.0551197500885,0.7067598101178604,,
v,1679,1679,2.91974559154645,False,est_warmstart,145.22166770200494,0.9436324768501253,,
v,1679,1679,2.91974559154645,False,view_gap,3.252826661648065,40.52009316518257,0.9999585777982056,0.9980826463288168
v,1680,1680,2.918029336298279,False,T0_raw,181.81506893755164,1.1148826383427621,,
v,1680,1680,2.918029336298279,False,oracle,142.8682214085463,0.8115237760574994,,
v,1680,1680,2.918029336298279,False,est_gtstart,150.17645585576108,0.770054848146635,,
v,1680,1680,2.918029336298279,False,est_warmstart,149.43787127609977,1.16190732024862,,
v,1680,1680,2.918029336298279,False,view_gap,3.2651338658492755,42.525173768941386,0.9998892917633891,0.9981089510927641
v,1681,1681,2.916258634412989,False,T0_raw,184.2422089126371,1.1286370652835453,,
v,1681,1681,2.916258634412989,False,oracle,141.1684271286699,0.98546050441583,,
v,1681,1681,2.916258634412989,False,est_gtstart,148.7537043811098,1.0647654690400974,,
v,1681,1681,2.916258634412989,False,est_warmstart,148.13424196186654,1.1782157481871538,,
v,1681,1681,2.916258634412989,False,view_gap,3.3071095012737675,44.43188888395788,0.999889142474839,0.9977780404316705
v,1682,1682,2.914686572147048,False,T0_raw,185.7453522667379,0.4853400069241091,,
v,1682,1682,2.914686572147048,False,oracle,161.69332928255164,10.37602410076005,,
v,1682,1682,2.914686572147048,False,est_gtstart,164.52382148551905,10.392969072481392,,
v,1682,1682,2.914686572147048,False,est_warmstart,164.12950561582858,10.479018465551587,,
v,1682,1682,2.914686572147048,False,view_gap,3.3769514495278834,33.39579737703868,0.9997833108199284,0.9993546201647874
v,1683,1683,2.911217034049684,False,T0_raw,183.35015903292194,3.2455994103534347,,
v,1683,1683,2.911217034049684,False,oracle,148.63915198709765,3.808342980669407,,
v,1683,1683,2.911217034049684,False,est_gtstart,153.01210993467174,3.596675599993634,,
v,1683,1683,2.911217034049684,False,est_warmstart,153.20617694728472,3.5219093064057745,,
v,1683,1683,2.911217034049684,False,view_gap,3.3322722681342247,35.557958196898994,0.994508510376456,0.9994855737225099
v,1684,1684,2.90964477917919,False,T0_raw,179.13157247004264,2.9322210353315463,,
v,1684,1684,2.90964477917919,False,oracle,134.40299880894682,2.066583249491193,,
v,1684,1684,2.90964477917919,False,est_gtstart,139.51714841210125,2.0865168187650176,,
v,1684,1684,2.90964477917919,False,est_warmstart,139.37775576070104,2.082789271778066,,
v,1684,1684,2.90964477917919,False,view_gap,3.247046346107303,38.18958915568338,0.9944913977665505,0.9993230029746046
v,1685,1685,2.9079991227186865,False,T0_raw,178.51400251308968,3.2709150841984935,,
v,1685,1685,2.9079991227186865,False,oracle,131.34003299796535,2.135456647892167,,
v,1685,1685,2.9079991227186865,False,est_gtstart,134.94040055777856,2.058165374178426,,
v,1685,1685,2.9079991227186865,False,est_warmstart,134.40845549000412,1.993163865993593,,
v,1685,1685,2.9079991227186865,False,view_gap,3.2486157032540532,35.2455525215154,0.9944740692753344,0.9994057215279569
v,1686,1686,2.906215617085314,False,T0_raw,179.27544530561036,2.8067368052247885,,
v,1686,1686,2.906215617085314,False,oracle,134.4818247411455,1.3908527468295098,,
v,1686,1686,2.906215617085314,False,est_gtstart,139.2304949482344,1.1542333792598054,,
v,1686,1686,2.906215617085314,False,est_warmstart,139.00178339094455,1.1186525284939306,,
v,1686,1686,2.906215617085314,False,view_gap,3.2644133669924056,35.86569729719669,0.9999724052392717,0.9993416050636166
v,1687,1687,2.9046207135915627,False,T0_raw,176.56917518464235,3.4908816183533737,,
v,1687,1687,2.9046207135915627,False,oracle,127.434608870302,2.113973640848554,,
v,1687,1687,2.9046207135915627,False,est_gtstart,132.30609273724508,1.861830815870239,,
v,1687,1687,2.9046207135915627,False,est_warmstart,132.2605878872319,1.8529596995677666,,
v,1687,1687,2.9046207135915627,False,view_gap,3.247136531801952,24.45865988879925,0.9999722495186499,0.9990426403329609
v,1688,1688,2.90296708413738,False,T0_raw,176.66776455960658,3.7521693611520384,,
v,1688,1688,2.90296708413738,False,oracle,125.21288120967492,2.870138862389625,,
v,1688,1688,2.90296708413738,False,est_gtstart,128.89767796735993,2.6167129590055147,,
v,1688,1688,2.90296708413738,False,est_warmstart,129.03523807617182,2.578307450893567,,
v,1688,1688,2.90296708413738,False,view_gap,3.2586977582807566,21.079996018003477,0.9999719067329632,0.9994128983400326
v,1689,1689,2.9011737976058147,False,T0_raw,174.95425067912169,2.9347665802637253,,
v,1689,1689,2.9011737976058147,False,oracle,127.48786270531009,1.7354541886503985,,
v,1689,1689,2.9011737976058147,False,est_gtstart,119.03004058779536,3.2508130820531878,,
v,1689,1689,2.9011737976058147,False,est_warmstart,119.09518578366723,3.2122949568785395,,
v,1689,1689,2.9011737976058147,False,view_gap,3.2260460301009792,23.197539350174434,0.7302456175696186,0.9864630902464364
v,1690,1690,2.899578938577772,False,T0_raw,180.4624550505137,3.3566706928527243,,
v,1690,1690,2.899578938577772,False,oracle,126.76528436230222,1.27109008497269,,
v,1690,1690,2.899578938577772,False,est_gtstart,125.7548607377108,1.315181024864811,,
v,1690,1690,2.899578938577772,False,est_warmstart,126.01830350453311,1.2774752060140295,,
v,1690,1690,2.899578938577772,False,view_gap,3.3206071118388385,28.845263087681428,0.7305478564887805,0.9944071487855937
v,1691,1691,2.8979389319458857,False,T0_raw,182.06056587145446,3.2316879044834472,,
v,1691,1691,2.8979389319458857,False,oracle,126.31786389935104,1.5709805891763053,,
v,1691,1691,2.8979389319458857,False,est_gtstart,121.34508224071713,1.9431104799874426,,
v,1691,1691,2.8979389319458857,False,est_warmstart,121.38658686871855,1.922226065267748,,
v,1691,1691,2.8979389319458857,False,view_gap,3.3563848595550265,27.95881597483474,0.7308560834877892,0.9908604102499616
v,1692,1692,2.8961362253022522,False,T0_raw,183.72215369579206,3.622589734285367,,
v,1692,1692,2.8961362253022522,False,oracle,118.40396803155208,2.1487680980984925,,
v,1692,1692,2.8961362253022522,False,est_gtstart,122.82725009255665,2.2661285181425597,,
v,1692,1692,2.8961362253022522,False,est_warmstart,122.66990839881528,2.302785940376636,,
v,1692,1692,2.8961362253022522,False,view_gap,3.3842210249223843,30.810760602581144,0.9997061669175681,0.9997796775234699
v,1693,1693,2.8945435277858858,False,T0_raw,185.37628884020023,3.300779722820588,,
v,1693,1693,2.8945435277858858,False,oracle,122.89157663848886,1.4628975819281942,,
v,1693,1693,2.8945435277858858,False,est_gtstart,127.04038915725133,1.481401542395485,,
v,1693,1693,2.8945435277858858,False,est_warmstart,127.53743620673235,1.6764383470712412,,
v,1693,1693,2.8945435277858858,False,view_gap,3.414373045667712,32.588897029606215,0.9997068394413904,0.9998743664674634
v,1694,1694,2.8929555565569194,False,T0_raw,187.549098059295,3.6353318688139513,,
v,1694,1694,2.8929555565569194,False,oracle,123.11138094109113,1.1394834228161639,,
v,1694,1694,2.8929555565569194,False,est_gtstart,126.86615128870734,1.2557294681155775,,
v,1694,1694,2.8929555565569194,False,est_warmstart,127.35577250942818,1.2196117310316568,,
v,1694,1694,2.8929555565569194,False,view_gap,3.443211404636378,37.924388285664804,0.9997074424149263,0.9998048584299217
v,1695,1695,2.8911672220057043,False,T0_raw,192.9891360427183,4.224229329633355,,
v,1695,1695,2.8911672220057043,False,oracle,122.30354968628751,1.633232760503966,,
v,1695,1695,2.8911672220057043,False,est_gtstart,132.32028729456087,1.8519716012000573,,
v,1695,1695,2.8911672220057043,False,est_warmstart,132.6561226642416,1.826904692252446,,
v,1695,1695,2.8911672220057043,False,view_gap,3.5586948766890356,35.41972765415924,0.9987356570774766,0.9992452299688406
v,1696,1696,2.889572533130282,False,T0_raw,190.65360188237622,3.9770640674215825,,
v,1696,1696,2.889572533130282,False,oracle,129.6854682239153,1.7884978981582778,,
v,1696,1696,2.889572533130282,False,est_gtstart,135.87102685469068,1.9290462699097009,,
v,1696,1696,2.889572533130282,False,est_warmstart,136.76973551620102,1.9051910753059875,,
v,1696,1696,2.889572533130282,False,view_gap,3.5102328710445048,37.863742534449244,0.9996450260693361,0.9996716631224863
v,1697,1697,2.8880116368049027,False,T0_raw,191.48216681255784,3.732882467765254,,
v,1697,1697,2.8880116368049027,False,oracle,123.33790613285049,1.7792964362871506,,
v,1697,1697,2.8880116368049027,False,est_gtstart,128.03660251515487,1.8212586836805926,,
v,1697,1697,2.8880116368049027,False,est_warmstart,127.99549944667457,1.8485562769959163,,
v,1697,1697,2.8880116368049027,False,view_gap,3.5269358133123903,38.7544897133818,0.9996457515834338,0.9997162591056141
v,1698,1698,2.8862150151217976,False,T0_raw,193.45993926155947,3.8137309281162195,,
v,1698,1698,2.8862150151217976,False,oracle,128.95755881739467,1.4264188293080906,,
v,1698,1698,2.8862150151217976,False,est_gtstart,133.10364483450093,1.2646368347609453,,
v,1698,1698,2.8862150151217976,False,est_warmstart,133.69457254497996,1.0833775433369555,,
v,1698,1698,2.8862150151217976,False,view_gap,3.5567606495468778,42.224521497826295,0.9996514452733989,0.999674440288542
v,1699,1699,2.8846289980396187,False,T0_raw,192.8965102760201,3.147480245825551,,
v,1699,1699,2.8846289980396187,False,oracle,125.46823493060377,1.1493187021160847,,
v,1699,1699,2.8846289980396187,False,est_gtstart,129.74071270960295,0.9275283338643691,,
v,1699,1699,2.8846289980396187,False,est_warmstart,131.10945660212585,0.7922030311477548,,
v,1699,1699,2.8846289980396187,False,view_gap,3.54111857946809,44.49819577719172,0.9996517416370954,0.9997855223422227
v,1700,1700,2.8829457328916583,False,T0_raw,190.05861621863679,3.4171411529634073,,
v,1700,1700,2.8829457328916583,False,oracle,118.25443408405162,1.7858122616536818,,
v,1700,1700,2.8829457328916583,False,est_gtstart,122.81901499295755,1.4887958648995485,,
v,1700,1700,2.8829457328916583,False,est_warmstart,122.51493692355155,1.3073681360070968,,
v,1700,1700,2.8829457328916583,False,view_gap,3.4985661830751877,42.22318448710194,0.999652131758926,0.9997942779788739
v,1701,1701,2.8813649435194724,False,T0_raw,187.2250277959439,3.094748150340272,,
v,1701,1701,2.8813649435194724,False,oracle,125.54512663156808,0.5391299926554455,,
v,1701,1701,2.8813649435194724,False,est_gtstart,127.64884604191865,0.33303086552546435,,
v,1701,1701,2.8813649435194724,False,est_warmstart,129.65536584048223,0.5139662174542121,,
v,1701,1701,2.8813649435194724,False,view_gap,3.4481684528147816,42.016014187368,0.999434771683377,0.9999859333335882
v,1702,1702,2.8798441166316717,False,T0_raw,188.7415092543244,3.2337505767994488,,
v,1702,1702,2.8798441166316717,False,oracle,136.90276666545415,1.7080371462836794,,
v,1702,1702,2.8798441166316717,False,est_gtstart,138.79995161674762,1.6959843765147344,,
v,1702,1702,2.8798441166316717,False,est_warmstart,141.0168771473656,1.8918854475666929,,
v,1702,1702,2.8798441166316717,False,view_gap,3.4806402542628048,42.20627166981616,0.9994352713075275,0.999969760571274
v,1703,1703,2.87805022686302,False,T0_raw,187.17247009506286,2.9218265741376923,,
v,1703,1703,2.87805022686302,False,oracle,130.98208355026674,2.4381698412711703,,
v,1703,1703,2.87805022686302,False,est_gtstart,124.86516492940595,3.171755400844084,,
v,1703,1703,2.87805022686302,False,est_warmstart,126.74974649529214,2.58923615831626,,
v,1703,1703,2.87805022686302,False,view_gap,3.453034888104933,42.42934467749082,0.9994359268550198,0.9992695053698168
v,1704,1704,2.87645634836495,False,T0_raw,184.68890660662322,2.918391183964378,,
v,1704,1704,2.87645634836495,False,oracle,123.00205825409606,2.802390142243671,,
v,1704,1704,2.87645634836495,False,est_gtstart,126.30111108412207,2.7281218924905315,,
v,1704,1704,2.87645634836495,False,est_warmstart,125.40510286352006,1.7625802040509004,,
v,1704,1704,2.87645634836495,False,view_gap,3.4168725469900956,40.18434199057053,0.9994592040532558,0.9999552278024547
v,1705,1705,2.8749635772485886,False,T0_raw,183.45951669518544,2.932580201529229,,
v,1705,1705,2.8749635772485886,False,oracle,118.50068319317926,3.6532712564091736,,
v,1705,1705,2.8749635772485886,False,est_gtstart,120.61148333823313,3.654304322573979,,
v,1705,1705,2.8749635772485886,False,est_warmstart,121.12549144881922,3.3754646028436897,,
v,1705,1705,2.8749635772485886,False,view_gap,3.393678322455601,40.9803663634345,0.999460064707084,0.9998822638405055
v,1706,1706,2.8731587855599994,False,T0_raw,177.37350068116365,2.433870845299937,,
v,1706,1706,2.8731587855599994,False,oracle,106.17233480999116,4.855526361248447,,
v,1706,1706,2.8731587855599994,False,est_gtstart,110.245980686862,4.892486403386714,,
v,1706,1706,2.8731587855599994,False,est_warmstart,110.23498076925951,4.89929526670896,,
v,1706,1706,2.8731587855599994,False,view_gap,3.2952036445176964,36.49057960682445,0.9994613027839099,0.9997289633985444
v,1707,1707,2.871559000316844,False,T0_raw,181.75263479905811,2.912464106815486,,
v,1707,1707,2.871559000316844,False,oracle,118.85254067733537,4.467780605460985,,
v,1707,1707,2.871559000316844,False,est_gtstart,118.90555725481714,4.464462659464801,,
v,1707,1707,2.871559000316844,False,est_warmstart,119.20667144849823,4.457192016762862,,
v,1707,1707,2.871559000316844,False,view_gap,3.369392114008338,40.53581468040379,0.9999999387444006,0.9999999625133801
v,1708,1708,2.8701215075902797,False,T0_raw,178.98326765543987,2.5693257492382426,,
v,1708,1708,2.8701215075902797,False,oracle,111.6828973370664,3.290843899306161,,
v,1708,1708,2.8701215075902797,False,est_gtstart,111.7545874494304,3.290923133552838,,
v,1708,1708,2.8701215075902797,False,est_warmstart,111.97301722714369,3.3206639479486024,,
v,1708,1708,2.8701215075902797,False,view_gap,3.3262831286632935,38.57841585906652,0.9999999405379765,0.9999999479066138
v,1709,1709,2.8683062377447412,False,T0_raw,177.74557972643555,2.4831606102966557,,
v,1709,1709,2.8683062377447412,False,oracle,108.80509571427018,4.027898199486485,,
v,1709,1709,2.8683062377447412,False,est_gtstart,108.85622814826132,4.028051423042287,,
v,1709,1709,2.8683062377447412,False,est_warmstart,108.72060728378582,4.2168436112206775,,
v,1709,1709,2.8683062377447412,False,view_gap,3.2927132270660358,41.92880346515526,0.9999999415488646,0.9999999634430565
v,1710,1710,2.8666865802581247,False,T0_raw,179.90591511509143,2.263899140977222,,
v,1710,1710,2.8666865802581247,False,oracle,107.23937121127037,2.3402547519841908,,
v,1710,1710,2.8666865802581247,False,est_gtstart,107.29701793916938,2.343312518485751,,
v,1710,1710,2.8666865802581247,False,est_warmstart,107.35031369804857,2.548917182434286,,
v,1710,1710,2.8666865802581247,False,view_gap,3.3108276826942427,48.275486557169955,0.9999999414225432,0.9999998738968613
v,1711,1711,2.8652755677719774,False,T0_raw,178.10828405274614,2.2270487514044857,,
v,1711,1711,2.8652755677719774,False,oracle,107.8184444093096,1.90726635948997,,
v,1711,1711,2.8652755677719774,False,est_gtstart,107.86514832395011,1.9038342385813325,,
v,1711,1711,2.8652755677719774,False,est_warmstart,108.3429515516381,2.1732369872680803,,
v,1711,1711,2.8652755677719774,False,view_gap,3.2661685846176196,50.787132033804916,0.9999999438913232,0.9999999228903395
v,1712,1712,2.8635006917836665,False,T0_raw,173.579812983016,8.062890078003619,,
v,1712,1712,2.8635006917836665,False,oracle,137.135818236125,14.934020007037077,,
v,1712,1712,2.8635006917836665,False,est_gtstart,137.17134614252836,14.92800869888449,,
v,1712,1712,2.8635006917836665,False,est_warmstart,135.8332564638287,17.964707370833693,,
v,1712,1712,2.8635006917836665,False,view_gap,3.2979087289464912,4.591128266398403,0.9999999449891862,0.9999998081211593
v,1713,1713,2.8619099710905678,False,T0_raw,171.6773298476652,3.497633874718559,,
v,1713,1713,2.8619099710905678,False,oracle,118.23810727049519,10.849853778706501,,
v,1713,1713,2.8619099710905678,False,est_gtstart,118.29997575492395,10.842423534158785,,
v,1713,1713,2.8619099710905678,False,est_warmstart,117.81519243707473,11.298080312326956,,
v,1713,1713,2.8619099710905678,False,view_gap,3.237763140499287,27.05697826038156,0.999999946449831,0.9999997801559838
v,1714,1714,2.8605190203638395,False,T0_raw,181.95376726274034,2.2496612748673877,,
v,1714,1714,2.8605190203638395,False,oracle,107.38165261301123,2.177511752050098,,
v,1714,1714,2.8605190203638395,False,est_gtstart,107.4213577676957,2.177645156097348,,
v,1714,1714,2.8605190203638395,False,est_warmstart,107.5219747976796,2.3007299531465355,,
v,1714,1714,2.8605190203638395,False,view_gap,3.2946129616839697,61.27152141991532,0.9999999464980652,0.999999825867818
v,1715,1715,2.858761980109664,False,T0_raw,185.25832696598138,3.2137465963914367,,
v,1715,1715,2.858761980109664,False,oracle,108.5603411091569,1.2819375797519175,,
v,1715,1715,2.858761980109664,False,est_gtstart,108.59470679844641,1.28699099890859,,
v,1715,1715,2.858761980109664,False,est_warmstart,109.00534463268603,1.3951653084654962,,
v,1715,1715,2.858761980109664,False,view_gap,3.3729441136321228,60.08935560394413,0.999999947492229,0.9999998378849467
v,1716,1716,2.8571289499993036,False,T0_raw,179.25017699188246,2.331357135622239,,
v,1716,1716,2.8571289499993036,False,oracle,102.44111222189609,2.007007862267781,,
v,1716,1716,2.8571289499993036,False,est_gtstart,102.49156476284557,2.006284759930092,,
v,1716,1716,2.8571289499993036,False,est_warmstart,102.5933169703799,1.9945441205564487,,
v,1716,1716,2.8571289499993036,False,view_gap,3.313379136158709,49.53639481503469,0.9999999512961243,0.9999996980933753
v,1717,1717,2.8557016118372704,False,T0_raw,177.17636011648136,2.5263981925500434,,
v,1717,1717,2.8557016118372704,False,oracle,101.03190458705362,2.6010174204292285,,
v,1717,1717,2.8557016118372704,False,est_gtstart,101.04530571061255,2.6014108805166742,,
v,1717,1717,2.8557016118372704,False,est_warmstart,101.20496870416265,2.778908903144415,,
v,1717,1717,2.8557016118372704,False,view_gap,3.287958424309537,46.97064619663438,0.9999999531155223,0.9999996709296597
v,1718,1718,2.853966072572345,False,T0_raw,183.2629123792095,2.2968183613847075,,
v,1718,1718,2.853966072572345,False,oracle,113.85737153511872,2.539705796399094,,
v,1718,1718,2.853966072572345,False,est_gtstart,113.86543861640597,2.5408031233796873,,
v,1718,1718,2.853966072572345,False,est_warmstart,114.3622187048908,2.594857420882355,,
v,1718,1718,2.853966072572345,False,view_gap,3.4243655681137617,44.387636525782256,0.9999999503806013,0.9999999232367754
v,1719,1719,2.852328403050161,False,T0_raw,181.24232589655543,2.514725759320427,,
v,1719,1719,2.852328403050161,False,oracle,100.50073429835454,2.547359097499632,,
v,1719,1719,2.852328403050161,False,est_gtstart,100.50591418828098,2.5479475970310994,,
v,1719,1719,2.852328403050161,False,est_warmstart,100.78341388661916,2.593944086265361,,
v,1719,1719,2.852328403050161,False,view_gap,3.369306104589731,48.4872958871545,0.999999953197318,0.9999997847092724
v,1720,1720,2.8508954208062813,False,T0_raw,181.40618894610478,2.8871884260755927,,
v,1720,1720,2.8508954208062813,False,oracle,100.27104019816942,2.4427545134590387,,
v,1720,1720,2.8508954208062813,False,est_gtstart,100.25856933066652,2.4443210596852323,,
v,1720,1720,2.8508954208062813,False,est_warmstart,100.6135302795826,2.498781143935152,,
v,1720,1720,2.8508954208062813,False,view_gap,3.3757710949634845,48.59092300513312,0.9999999550740218,0.9999998796897764
v,1721,1721,2.849190375597444,False,T0_raw,181.1052941848794,2.925124061424079,,
v,1721,1721,2.849190375597444,False,oracle,96.46322593615459,2.373083085012814,,
v,1721,1721,2.849190375597444,False,est_gtstart,96.47131345549204,2.3722022049628615,,
v,1721,1721,2.849190375597444,False,est_warmstart,97.00242031191316,2.4910253075285427,,
v,1721,1721,2.849190375597444,False,view_gap,3.3720745898081006,48.863453675424665,0.9999999566972015,0.9999996155317155
v,1722,1722,2.8475350461260454,False,T0_raw,186.9004005817287,3.2222511409032455,,
v,1722,1722,2.8475350461260454,False,oracle,107.77338154931874,1.510854625944159,,
v,1722,1722,2.8475350461260454,False,est_gtstart,107.76244568449314,1.509531320320552,,
v,1722,1722,2.8475350461260454,False,est_warmstart,108.23661861252869,1.575764836726788,,
v,1722,1722,2.8475350461260454,False,view_gap,3.4497774006496247,57.107113174554414,0.9999999564207769,0.999999780576211
v,1723,1723,2.8460199242343713,False,T0_raw,184.82102267407015,2.842189315068615,,
v,1723,1723,2.8460199242343713,False,oracle,106.69869377800835,1.5929607167305264,,
v,1723,1723,2.8460199242343713,False,est_gtstart,106.69174382661791,1.5931414474563417,,
v,1723,1723,2.8460199242343713,False,est_warmstart,107.23959670568226,1.592038137269592,,
v,1723,1723,2.8460199242343713,False,view_gap,3.401767406462165,58.716579417382064,0.9999999594570194,0.9999999083806628
v,1724,1724,2.8443652473437453,False,T0_raw,183.17447393758326,3.1029388473947446,,
v,1724,1724,2.8443652473437453,False,oracle,103.77113976037651,2.1366022741169997,,
v,1724,1724,2.8443652473437453,False,est_gtstart,103.76966257882941,2.1371088023172433,,
v,1724,1724,2.8443652473437453,False,est_warmstart,104.19620405289268,2.1533788436380985,,
v,1724,1724,2.8443652473437453,False,view_gap,3.340371926468256,63.678222214906825,0.9999999618519276,0.9999998692969294
v,1725,1725,2.8429071251062945,False,T0_raw,186.3106438612761,2.7649376364748726,,
v,1725,1725,2.8429071251062945,False,oracle,106.07857270328822,1.9032007571516316,,
v,1725,1725,2.8429071251062945,False,est_gtstart,106.05184750759061,1.9015720373299336,,
v,1725,1725,2.8429071251062945,False,est_warmstart,106.63543805657275,1.8852469844983577,,
v,1725,1725,2.8429071251062945,False,view_gap,3.380462658889386,67.90457572543973,0.9999999627111085,0.9999996454597185
v,1726,1726,2.841250432747742,False,T0_raw,185.43973915921913,2.8430423617846072,,
v,1726,1726,2.841250432747742,False,oracle,105.84984770935294,1.8663080955925115,,
v,1726,1726,2.841250432747742,False,est_gtstart,105.82658055253283,1.8647048805701336,,
v,1726,1726,2.841250432747742,False,est_warmstart,106.54482612870639,1.8578462409394088,,
v,1726,1726,2.841250432747742,False,view_gap,3.3599243719867697,68.7380704650562,0.999999964658881,0.9999997200021263
v,1727,1727,2.839570175117025,False,T0_raw,182.79594722492473,2.41776470303072,,
v,1727,1727,2.839570175117025,False,oracle,105.4529632976371,2.1579357172629385,,
v,1727,1727,2.839570175117025,False,est_gtstart,105.4411615401962,2.157630249051445,,
v,1727,1727,2.839570175117025,False,est_warmstart,106.70162889139019,2.0657573124202915,,
v,1727,1727,2.839570175117025,False,view_gap,3.2973600391224336,70.15235177690604,0.9999999672848449,0.9999998200158732
v,1728,1728,2.838092920205845,False,T0_raw,185.53260659261585,2.9105786919934187,,
v,1728,1728,2.838092920205845,False,oracle,111.59758673830999,1.7446277548807934,,
v,1728,1728,2.838092920205845,False,est_gtstart,111.58685864367985,1.7432004369245346,,
v,1728,1728,2.838092920205845,False,est_warmstart,112.31347019643908,1.756552523791114,,
v,1728,1728,2.838092920205845,False,view_gap,3.34217090632337,72.35668737294354,0.9999999679061202,0.9999999341501024
v,1729,1729,2.836461624749996,False,T0_raw,181.3651992598418,2.303426145379302,,
v,1729,1729,2.836461624749996,False,oracle,109.05552501018744,2.3459707903456013,,
v,1729,1729,2.836461624749996,False,est_gtstart,109.0263323902298,2.344815301711011,,
v,1729,1729,2.836461624749996,False,est_warmstart,109.88045537498584,2.2761880167101416,,
v,1729,1729,2.836461624749996,False,view_gap,3.2766104158976255,69.82925134420582,0.9999999707466601,0.9999998744827127
v,1730,1730,2.834774156464749,False,T0_raw,174.4256029033462,2.5667826961909967,,
v,1730,1730,2.834774156464749,False,oracle,107.55150376339424,2.934873900034799,,
v,1730,1730,2.834774156464749,False,est_gtstart,107.53877695499831,2.9341064173898914,,
v,1730,1730,2.834774156464749,False,est_warmstart,107.89830195808108,2.894547827633397,,
v,1730,1730,2.834774156464749,False,view_gap,3.199384869638492,60.711177441862496,0.9999999738688163,0.9999999292043937
v,1731,1731,2.8333104325271266,False,T0_raw,178.10709342874316,2.34294351636732,,
v,1731,1731,2.8333104325271266,False,oracle,111.91716194441892,3.6095772853015977,,
v,1731,1731,2.8333104325271266,False,est_gtstart,111.89639848756003,3.6078807647548516,,
v,1731,1731,2.8333104325271266,False,est_warmstart,112.75794303762744,3.516255857599218,,
v,1731,1731,2.8333104325271266,False,view_gap,3.2742369930572663,61.546055822188976,0.999999973813041,0.9999999805987094
v,1732,1732,2.8317439512671148,False,T0_raw,178.2209796356427,2.4373422514871734,,
v,1732,1732,2.8317439512671148,False,oracle,110.40072221111346,2.678951165894159,,
v,1732,1732,2.8317439512671148,False,est_gtstart,110.35436728990128,2.6772170550511816,,
v,1732,1732,2.8317439512671148,False,est_warmstart,111.23717162199465,2.599588325886475,,
v,1732,1732,2.8317439512671148,False,view_gap,3.2654825841166226,63.715459177407396,0.9999999760214324,0.999999879696118
v,1733,1733,2.830058539091479,False,T0_raw,175.61525607795673,2.7612422840370376,,
v,1733,1733,2.830058539091479,False,oracle,108.5738628822212,3.116696491152208,,
v,1733,1733,2.830058539091479,False,est_gtstart,108.55382630455068,3.117314832722648,,
v,1733,1733,2.830058539091479,False,est_warmstart,108.76668575664317,3.063434415794831,,
v,1733,1733,2.830058539091479,False,view_gap,3.251817296495181,58.10307351455268,0.9999999779714923,0.9999999647503657
v,1734,1734,2.828569351410015,False,T0_raw,181.72018776527145,2.6747414658473083,,
v,1734,1734,2.828569351410015,False,oracle,115.15305989508843,2.7801050466895987,,
v,1734,1734,2.828569351410015,False,est_gtstart,115.1327754152321,2.7804260549750155,,
v,1734,1734,2.828569351410015,False,est_warmstart,115.633107289074,2.8107418327674667,,
v,1734,1734,2.828569351410015,False,view_gap,3.3563581735831574,62.19999348717398,0.9999999777595995,0.999999989529013
v,1735,1735,2.827288803699746,False,T0_raw,180.19047824063708,2.7004508780519134,,
v,1735,1735,2.827288803699746,False,oracle,113.76971822207724,2.5843129624077474,,
v,1735,1735,2.827288803699746,False,est_gtstart,113.73725618351668,2.5843051691120507,,
v,1735,1735,2.827288803699746,False,est_warmstart,114.07412183303843,2.54810140417963,,
v,1735,1735,2.827288803699746,False,view_gap,3.321848534484782,63.10774061408742,0.9999999799245107,0.999999968944891
v,1736,1736,2.8262163964221867,False,T0_raw,187.85071758919725,2.656803636916472,,
v,1736,1736,2.8262163964221867,False,oracle,124.98766644484199,2.2708064215883748,,
v,1736,1736,2.8262163964221867,False,est_gtstart,124.91969274907406,2.2638334234325264,,
v,1736,1736,2.8262163964221867,False,est_warmstart,125.36950122702056,2.2900122751655556,,
v,1736,1736,2.8262163964221867,False,view_gap,3.4506769694514556,68.35719719168765,0.9999999798578992,0.999999841847075
v,1737,1737,2.825366663710489,False,T0_raw,186.38380216788156,2.778330455075773,,
v,1737,1737,2.825366663710489,False,oracle,124.31748854677647,2.302468114738686,,
v,1737,1737,2.825366663710489,False,est_gtstart,124.28299957026124,2.299339640163971,,
v,1737,1737,2.825366663710489,False,est_warmstart,125.37050070213104,2.49877947826154,,
v,1737,1737,2.825366663710489,False,view_gap,3.432359689137735,67.08301276977213,0.9999999807614816,0.9999999813493163
v,1738,1738,2.8247417936489825,False,T0_raw,188.32824965638048,2.5764900130991175,,
v,1738,1738,2.8247417936489825,False,oracle,126.27364459816087,2.288400533910497,,
v,1738,1738,2.8247417936489825,False,est_gtstart,126.2501961006306,2.288056750207896,,
v,1738,1738,2.8247417936489825,False,est_warmstart,126.7124899178958,2.277386526957013,,
v,1738,1738,2.8247417936489825,False,view_gap,3.4516618105931895,70.65571423876361,0.99999998179999,0.9999999880881326
v,1739,1739,2.8243436350080486,False,T0_raw,188.1071144280159,3.6429981294178724,,
v,1739,1739,2.8243436350080486,False,oracle,130.90775449366964,4.367237191518968,,
v,1739,1739,2.8243436350080486,False,est_gtstart,130.88323063383612,4.3664372209091695,,
v,1739,1739,2.8243436350080486,False,est_warmstart,130.93428260526687,4.3811238289324175,,
v,1739,1739,2.8243436350080486,False,view_gap,3.4796734196210286,66.60330542193682,0.9999999824153828,0.9999999880952756
v,1740,1740,2.8241700531851643,False,T0_raw,191.95990075584083,3.347012760607097,,
v,1740,1740,2.8241700531851643,False,oracle,135.1480591787626,3.3094819703043226,,
v,1740,1740,2.8241700531851643,False,est_gtstart,135.11841036829486,3.3097332348847384,,
v,1740,1740,2.8241700531851643,False,est_warmstart,135.13715993522325,3.3664680211473836,,
v,1740,1740,2.8241700531851643,False,view_gap,3.557245685946245,67.73693212289133,0.9999999831142684,0.9999999926234534
v,1741,1741,2.8242363759432667,False,T0_raw,191.7961268766491,2.7042675138034165,,
v,1741,1741,2.8242363759432667,False,oracle,141.70242042229796,3.426685041168009,,
v,1741,1741,2.8242363759432667,False,est_gtstart,141.671392456063,3.426074046182887,,
v,1741,1741,2.8242363759432667,False,est_warmstart,141.82837668912748,3.4266892349146763,,
v,1741,1741,2.8242363759432667,False,view_gap,3.569953667641193,65.91365715328301,0.9999999835519756,0.9999999962269762
v,1742,1742,2.8245474890356963,False,T0_raw,192.2260158425668,3.0132196198242416,,
v,1742,1742,2.8245474890356963,False,oracle,142.32848385192284,3.4899569980158183,,
v,1742,1742,2.8245474890356963,False,est_gtstart,142.29897459802604,3.4907582719008743,,
v,1742,1742,2.8245474890356963,False,est_warmstart,142.97383711967458,3.3427938370961847,,
v,1742,1742,2.8245474890356963,False,view_gap,3.5788312283097294,66.53348687433835,0.9999999844698391,0.9999999852435452
v,1743,1743,2.8250915991417047,False,T0_raw,189.70205505784773,3.1917078675293933,,
v,1743,1743,2.8250915991417047,False,oracle,145.03695001243793,4.376226575227586,,
v,1743,1743,2.8250915991417047,False,est_gtstart,144.95970170133015,4.371297547795963,,
v,1743,1743,2.8250915991417047,False,est_warmstart,145.1085539619355,4.334711999757524,,
v,1743,1743,2.8250915991417047,False,view_gap,3.548452615853902,63.639173333305706,0.9999999847622684,0.9999999690688955
v,1744,1744,2.825870562401297,False,T0_raw,188.65496086648233,2.8371258424053085,,
v,1744,1744,2.825870562401297,False,oracle,146.4395602021354,3.967302563771545,,
v,1744,1744,2.825870562401297,False,est_gtstart,146.3888214923603,3.9656379863312106,,
v,1744,1744,2.825870562401297,False,est_warmstart,146.491259970575,3.894659746950053,,
v,1744,1744,2.825870562401297,False,view_gap,3.54349495823612,61.55709625194117,0.9999999850416966,0.9999999979110776
v,1745,1745,2.8268946476803345,False,T0_raw,182.098398457715,2.896696431842929,,
v,1745,1745,2.8268946476803345,False,oracle,146.6640519519506,4.809148354837086,,
v,1745,1745,2.8268946476803345,False,est_gtstart,146.6124396958911,4.812319135717011,,
v,1745,1745,2.8268946476803345,False,est_warmstart,146.77647070750493,4.643803857677669,,
v,1745,1745,2.8268946476803345,False,view_gap,3.42024746696226,59.82052910280444,0.99999998705838,0.9999999872208704
v,1746,1746,2.8281513442252226,False,T0_raw,184.44229152912177,2.507120672055447,,
v,1746,1746,2.8281513442252226,False,oracle,149.96797922146158,4.0032640763233,,
v,1746,1746,2.8281513442252226,False,est_gtstart,149.91977374246713,4.0008852107536805,,
v,1746,1746,2.8281513442252226,False,est_warmstart,150.0891468733639,3.9059465402793836,,
v,1746,1746,2.8281513442252226,False,view_gap,3.435278699386164,65.59529260479647,0.9999999878375324,0.9999999946077065
v,1747,1747,2.8296418333130697,False,T0_raw,183.3440926216978,2.5081723574108574,,
v,1747,1747,2.8296418333130697,False,oracle,150.51418180669722,4.080795242845787,,
v,1747,1747,2.8296418333130697,False,est_gtstart,150.47519380940682,4.080268622647167,,
v,1747,1747,2.8296418333130697,False,est_warmstart,150.43523161062197,4.05566707335333,,
v,1747,1747,2.8296418333130697,False,view_gap,3.4148621799716126,65.69673684913235,0.9999999884207896,0.9999999703928909
v,1748,1748,2.8313707767004024,False,T0_raw,179.641138478056,2.4009175603845208,,
v,1748,1748,2.8313707767004024,False,oracle,149.7194720055116,4.514553356409702,,
v,1748,1748,2.8313707767004024,False,est_gtstart,149.70078297396228,4.5146250438186835,,
v,1748,1748,2.8313707767004024,False,est_warmstart,149.68464394252115,4.470666398335787,,
v,1748,1748,2.8313707767004024,False,view_gap,3.3174582837700726,68.61387746082937,0.9999999896862232,0.9999999995517709
v,1749,1749,2.8333437934051577,False,T0_raw,181.2711001208997,2.599589571317031,,
v,1749,1749,2.8333437934051577,False,oracle,154.40415922797789,5.404414781229314,,
v,1749,1749,2.8333437934051577,False,est_gtstart,154.38115659280294,5.405537628353995,,
v,1749,1749,2.8333437934051577,False,est_warmstart,154.29556069429697,5.248491812085966,,
v,1749,1749,2.8333437934051577,False,view_gap,3.359846797061577,68.15428406660118,0.9999999900411166,0.9999999936453137
v,1750,1750,2.835563653579443,False,T0_raw,178.55981095305427,2.4743172536747284,,
v,1750,1750,2.835563653579443,False,oracle,155.39446568957763,5.260219480673359,,
v,1750,1750,2.835563653579443,False,est_gtstart,155.37225506448735,5.260460901937538,,
v,1750,1750,2.835563653579443,False,est_warmstart,155.48746697293464,5.201894616496762,,
v,1750,1750,2.835563653579443,False,view_gap,3.294957021380669,69.4311030599466,0.9999999909070849,0.9999999961690123
v,1751,1751,2.8380266951508983,False,T0_raw,178.20494056790938,2.5784502305250796,,
v,1751,1751,2.8380266951508983,False,oracle,161.40565145160744,5.546950854810565,,
v,1751,1751,2.8380266951508983,False,est_gtstart,161.38416443342402,5.549561571523529,,
v,1751,1751,2.8380266951508983,False,est_warmstart,161.42791799723472,5.526076097029122,,
v,1751,1751,2.8380266951508983,False,view_gap,3.272230746512632,71.74441543669019,0.9999999917061817,0.9999999893416653
v,1752,1752,2.8407415879078886,False,T0_raw,175.78538627586437,2.649887044590105,,
v,1752,1752,2.8407415879078886,False,oracle,158.6275394404386,6.860409981312936,,
v,1752,1752,2.8407415879078886,False,est_gtstart,158.60821756457264,6.862090867089556,,
v,1752,1752,2.8407415879078886,False,est_warmstart,158.68268749391507,6.596781931201073,,
v,1752,1752,2.8407415879078886,False,view_gap,3.246648511585412,68.82669712247403,0.9999999916045783,0.9999999755418815
v,1753,1753,2.843689881764251,False,T0_raw,176.06755766358202,2.4002872347239284,,
v,1753,1753,2.843689881764251,False,oracle,159.90866715975233,5.981644744426171,,
v,1753,1753,2.843689881764251,False,est_gtstart,159.87988880597828,5.982851736244077,,
v,1753,1753,2.843689881764251,False,est_warmstart,160.34472046845457,5.933839085321104,,
v,1753,1753,2.843689881764251,False,view_gap,3.221636995341519,73.03744168880533,0.9999999926325848,0.999999994973943
v,1754,1754,2.8468556742463464,False,T0_raw,177.75722275229253,2.6170175676158847,,
v,1754,1754,2.8468556742463464,False,oracle,156.32199462029482,5.409060246916573,,
v,1754,1754,2.8468556742463464,False,est_gtstart,156.2918066678718,5.405149174013606,,
v,1754,1754,2.8468556742463464,False,est_warmstart,156.50784823201087,5.00004215324176,,
v,1754,1754,2.8468556742463464,False,view_gap,3.2548187580192716,73.948559879494,0.9999999930247729,0.9999999924848725
v,1755,1755,2.8502561827015316,False,T0_raw,174.60754799734184,2.9128642817989956,,
v,1755,1755,2.8502561827015316,False,oracle,153.18878094551496,5.539544042310321,,
v,1755,1755,2.8502561827015316,False,est_gtstart,153.15973324875657,5.537470376950906,,
v,1755,1755,2.8502561827015316,False,est_warmstart,153.4954207607271,5.334875458055083,,
v,1755,1755,2.8502561827015316,False,view_gap,3.2098756019068,71.48579368704233,0.9999999934944396,0.999999994156628
v,1756,1756,2.8538886685184175,False,T0_raw,174.12533925764836,2.73603013321812,,
v,1756,1756,2.8538886685184175,False,oracle,159.72340874622404,4.204312200614924,,
v,1756,1756,2.8538886685184175,False,est_gtstart,159.70868853226258,4.205415230795094,,
v,1756,1756,2.8538886685184175,False,est_warmstart,162.37495977924854,4.2182637791939674,,
v,1756,1756,2.8538886685184175,False,view_gap,3.2042252448092854,71.32630061737811,0.999999993566254,0.9999999865791798
v,1757,1757,2.85773027039631,False,T0_raw,180.7811866728598,3.1392954172461076,,
v,1757,1757,2.85773027039631,False,oracle,171.80687738673026,4.392660177052212,,
v,1757,1757,2.85773027039631,False,est_gtstart,171.7907083326776,4.393153065454098,,
v,1757,1757,2.85773027039631,False,est_warmstart,174.28235854536197,4.191597921686032,,
v,1757,1757,2.85773027039631,False,view_gap,3.2784391431728683,80.06003119487826,0.9999999941912437,0.9999999923785985
v,1758,1758,2.861779590856107,False,T0_raw,179.8726804699751,2.6729763018417945,,
v,1758,1758,2.861779590856107,False,oracle,170.3382673395018,4.418623697389364,,
v,1758,1758,2.861779590856107,False,est_gtstart,170.30058116854136,4.419373444308239,,
v,1758,1758,2.861779590856107,False,est_warmstart,172.16811186343233,4.125930361104684,,
v,1758,1758,2.861779590856107,False,view_gap,3.2709465927932446,79.06815432046521,0.9999999939298116,0.999999993229937
v,1759,1759,2.866023828685745,False,T0_raw,181.8228885656568,2.692885443752238,,
v,1759,1759,2.866023828685745,False,oracle,174.59677660059126,4.736381948853727,,
v,1759,1759,2.866023828685745,False,est_gtstart,174.59716596165336,4.736419313439789,,
v,1759,1759,2.866023828685745,False,est_warmstart,177.61698985278267,4.345095445808596,,
v,1759,1759,2.866023828685745,False,view_gap,3.2760808654065623,83.5205356858877,0.9999999943102047,0.9999999910741542
v,1760,1760,2.8704662521168567,False,T0_raw,182.0745714903986,3.098277177420575,,
v,1760,1760,2.8704662521168567,False,oracle,175.36523412055683,5.442887205550522,,
v,1760,1760,2.8704662521168567,False,est_gtstart,175.34242471120177,5.443876546063231,,
v,1760,1760,2.8704662521168567,False,est_warmstart,179.89474856105969,4.983929487062818,,
v,1760,1760,2.8704662521168567,False,view_gap,3.2918002729808045,82.88192849520071,0.9999999940898063,0.9999999747529592
v,1761,1761,2.8751019628024874,False,T0_raw,185.30202338550507,2.68761733620215,,
v,1761,1761,2.8751019628024874,False,oracle,182.93550059262904,5.125410829998772,,
v,1761,1761,2.8751019628024874,False,est_gtstart,182.90486734338097,5.125950823991117,,
v,1761,1761,2.8751019628024874,False,est_warmstart,185.21883474115558,4.75899757003427,,
v,1761,1761,2.8751019628024874,False,view_gap,3.354347546772323,84.39816836369917,0.9999999936288115,0.9999999884456156
v,1762,1762,2.8799251462296676,False,T0_raw,184.56210969122995,2.616372686199,,
v,1762,1762,2.8799251462296676,False,oracle,184.13271179070696,5.223731517258749,,
v,1762,1762,2.8799251462296676,False,est_gtstart,184.10782584829076,5.223998427436918,,
v,1762,1762,2.8799251462296676,False,est_warmstart,186.536017267332,4.907088649420604,,
v,1762,1762,2.8799251462296676,False,view_gap,3.312773254210736,87.2107956133381,0.9999999939260803,0.999999972732834
v,1763,1763,2.884932788422913,False,T0_raw,187.50389566686985,3.2252561212301223,,
v,1763,1763,2.884932788422913,False,oracle,190.45400811338192,5.4481659460361005,,
v,1763,1763,2.884932788422913,False,est_gtstart,182.54524595957704,5.14760131316948,,
v,1763,1763,2.884932788422913,False,est_warmstart,184.90123209385231,4.877219931793775,,
v,1763,1763,2.884932788422913,False,view_gap,3.405233302732789,85.11481473757998,0.9995028589784696,0.9997410577304713
v,1764,1764,2.8901373513074877,False,T0_raw,190.12518778302336,3.099531253675353,,
v,1764,1764,2.8901373513074877,False,oracle,184.6373901101382,5.237416427379167,,
v,1764,1764,2.8901373513074877,False,est_gtstart,184.23611026225913,5.241341173977842,,
v,1764,1764,2.8901373513074877,False,est_warmstart,186.08488088581623,4.998760864605077,,
v,1764,1764,2.8901373513074877,False,view_gap,3.4794760842357824,84.01546752830491,0.9999958140911558,0.9999940321312821
v,1765,1765,2.8955218618340135,False,T0_raw,188.91627978209533,2.8471737267759907,,
v,1765,1765,2.8955218618340135,False,oracle,190.12166260292042,4.619530056826253,,
v,1765,1765,2.8955218618340135,False,est_gtstart,189.99632355868573,4.590977738311011,,
v,1765,1765,2.8955218618340135,False,est_warmstart,191.69300147350953,4.324392947737229,,
v,1765,1765,2.8955218618340135,False,view_gap,3.4775304484430865,81.69756135285411,0.9999504934578805,0.999996807275508
v,1766,1766,2.9010746189035324,False,T0_raw,186.631311144602,2.9287946169960213,,
v,1766,1766,2.9010746189035324,False,oracle,185.4629538458601,4.6490216985955515,,
v,1766,1766,2.9010746189035324,False,est_gtstart,179.64248575020795,4.207220187591085,,
v,1766,1766,2.9010746189035324,False,est_warmstart,180.46696301012165,3.8221876018213274,,
v,1766,1766,2.9010746189035324,False,view_gap,3.4688392013855,77.33927616414915,0.9996911181063151,0.9998853800887177
v,1767,1767,2.906792648996313,False,T0_raw,186.73179508130772,2.8697405717760307,,
v,1767,1767,2.906792648996313,False,oracle,178.15189536596694,4.6305082852502615,,
v,1767,1767,2.906792648996313,False,est_gtstart,177.73448075175145,4.612811933323756,,
v,1767,1767,2.906792648996313,False,est_warmstart,178.43156357501633,4.5026810302428695,,
v,1767,1767,2.906792648996313,False,view_gap,3.4859052703341136,76.07632414081556,0.9999500542477074,0.999979961991937
v,1768,1768,2.912662085886285,False,T0_raw,185.49589091819576,2.6318582085875692,,
v,1768,1768,2.912662085886285,False,oracle,176.38818462263743,4.111409706792852,,
v,1768,1768,2.912662085886285,False,est_gtstart,176.22896724392464,4.078951969745818,,
v,1768,1768,2.912662085886285,False,est_warmstart,177.26689977491486,3.8507324220086123,,
v,1768,1768,2.912662085886285,False,view_gap,3.435283270811103,79.12953888209628,0.9999498087928729,0.9999716988061119
v,1769,1769,2.9186787061384942,False,T0_raw,183.86936734633684,2.4174418178771564,,
v,1769,1769,2.9186787061384942,False,oracle,174.2128193166791,3.8680887147125707,,
v,1769,1769,2.9186787061384942,False,est_gtstart,173.49788537337736,3.8630672513832205,,
v,1769,1769,2.9186787061384942,False,est_warmstart,174.7257577339864,3.4828947820151117,,
v,1769,1769,2.9186787061384942,False,view_gap,3.4519021087996298,73.44745097117533,0.9999903463675411,0.9999625291348351
v,1770,1770,2.924822223238007,False,T0_raw,183.18447036620256,2.476347664075258,,
v,1770,1770,2.924822223238007,False,oracle,173.24836912126747,3.732114461663504,,
v,1770,1770,2.924822223238007,False,est_gtstart,172.43995518650775,3.75428311305233,,
v,1770,1770,2.924822223238007,False,est_warmstart,172.9301912953641,3.7206852024544506,,
v,1770,1770,2.924822223238007,False,view_gap,3.448519327412669,72.48185316475464,0.9999586859844873,0.999921836660032
v,1771,1771,2.9310848800632687,False,T0_raw,182.20953461714717,2.149849418885797,,
v,1771,1771,2.9310848800632687,False,oracle,171.88664260704482,4.008294501681043,,
v,1771,1771,2.9310848800632687,False,est_gtstart,171.61735134456555,4.096615733810594,,
v,1771,1771,2.9310848800632687,False,est_warmstart,172.55412361820657,3.9726943706356743,,
v,1771,1771,2.9310848800632687,False,view_gap,3.4113223203285576,74.76938154217416,0.9999585383259152,0.9998314743474633
v,1772,1772,2.9374644787076822,False,T0_raw,183.34851260844502,2.158135121475216,,
v,1772,1772,2.9374644787076822,False,oracle,177.14908262981993,4.246470716051657,,
v,1772,1772,2.9374644787076822,False,est_gtstart,175.5125103348585,4.201374141525444,,
v,1772,1772,2.9374644787076822,False,est_warmstart,176.4745337013323,3.827677085511426,,
v,1772,1772,2.9374644787076822,False,view_gap,3.438494189571982,75.047539662779,0.9999583516320478,0.9998995569082286
v,1773,1773,2.943964268412752,False,T0_raw,182.85893653385426,2.186050454740868,,
v,1773,1773,2.943964268412752,False,oracle,177.07717986596109,3.596101539360388,,
v,1773,1773,2.943964268412752,False,est_gtstart,175.77604617924922,3.679413697288841,,
v,1773,1773,2.943964268412752,False,est_warmstart,177.58483553790498,3.4511818375241607,,
v,1773,1773,2.943964268412752,False,view_gap,3.443071739129566,73.68102861089909,0.9999019806623747,0.9998128532558679
v,1774,1774,2.950563423217439,False,T0_raw,178.0291891662078,1.9258477877152993,,
v,1774,1774,2.950563423217439,False,oracle,165.77329616802047,2.7612610057746085,,
v,1774,1774,2.950563423217439,False,est_gtstart,165.78688829908538,2.7638021733561904,,
v,1774,1774,2.950563423217439,False,est_warmstart,166.27108057618412,2.4866248970526983,,
v,1774,1774,2.950563423217439,False,view_gap,3.371001583549357,69.78267886883404,0.9999999630313106,0.9999999483140342
v,1775,1775,2.9572510571451187,False,T0_raw,179.10592296344834,2.0885793899143836,,
v,1775,1775,2.9572510571451187,False,oracle,167.03912608920967,3.477820479914263,,
v,1775,1775,2.9572510571451187,False,est_gtstart,165.7728085729271,3.506742010303476,,
v,1775,1775,2.9572510571451187,False,est_warmstart,166.26366571499128,3.375126968229269,,
v,1775,1775,2.9572510571451187,False,view_gap,3.412570453152628,68.08097179028793,0.999898612233534,0.99993905464853
v,1776,1776,2.964030923341962,False,T0_raw,179.73654453772463,2.239845124806088,,
v,1776,1776,2.964030923341962,False,oracle,168.78220718481714,2.6584813140986694,,
v,1776,1776,2.964030923341962,False,est_gtstart,172.27242258692283,2.8296430442467932,,
v,1776,1776,2.964030923341962,False,est_warmstart,172.77032242357166,2.518389913126753,,
v,1776,1776,2.964030923341962,False,view_gap,3.4289480312086034,68.29187336228858,0.9998573600639561,0.9994248832957907
v,1777,1777,2.970886101066038,False,T0_raw,178.60188284698984,1.9374986358730204,,
v,1777,1777,2.970886101066038,False,oracle,167.58743249724378,2.9194495417480377,,
v,1777,1777,2.970886101066038,False,est_gtstart,166.29253413886204,2.9025597702149546,,
v,1777,1777,2.970886101066038,False,est_warmstart,167.01137354414254,2.653222779066571,,
v,1777,1777,2.970886101066038,False,view_gap,3.3895438590607547,70.52364146453272,0.9998168445491945,0.9998773193589146
v,1778,1778,2.9778138332035,False,T0_raw,179.94433573331494,2.3645602808657817,,
v,1778,1778,2.9778138332035,False,oracle,165.0401605104393,2.6677996339617245,,
v,1778,1778,2.9778138332035,False,est_gtstart,163.5246818339556,2.678475292851952,,
v,1778,1778,2.9778138332035,False,est_warmstart,163.61048794166018,2.457947410402139,,
v,1778,1778,2.9778138332035,False,view_gap,3.4772061095130264,63.55584901058231,0.9998164138964161,0.9998271743593914
v,1779,1779,2.9847849771281103,False,T0_raw,179.75503672804322,2.483059472394391,,
v,1779,1779,2.9847849771281103,False,oracle,147.98368956236115,2.6407492524834097,,
v,1779,1779,2.9847849771281103,False,est_gtstart,151.55250958573993,2.3723244066214764,,
v,1779,1779,2.9847849771281103,False,est_warmstart,153.11599615120122,2.229256811935301,,
v,1779,1779,2.9847849771281103,False,view_gap,3.474308023504268,63.94456318671837,0.9996605350611183,0.9995534107951538
v,1780,1780,2.99178902648266,False,T0_raw,180.1952182050518,1.7530688568224353,,
v,1780,1780,2.99178902648266,False,oracle,158.68135556200292,1.9317089116185,,
v,1780,1780,2.99178902648266,False,est_gtstart,162.57171134212268,2.00008229478624,,
v,1780,1780,2.99178902648266,False,est_warmstart,164.00202089581586,2.3510036655175983,,
v,1780,1780,2.99178902648266,False,view_gap,3.467108534639351,66.77655995981402,0.9996589655814101,0.999545874757253
v,1781,1781,2.9987998690543884,False,T0_raw,180.95305179579842,2.773320226232272,,
v,1781,1781,2.9987998690543884,False,oracle,147.30088505236833,2.31275913761666,,
v,1781,1781,2.9987998690543884,False,est_gtstart,144.7726115264288,2.3583765347678574,,
v,1781,1781,2.9987998690543884,False,est_warmstart,145.07687814591193,2.404190541514223,,
v,1781,1781,2.9987998690543884,False,view_gap,3.5272920834369104,61.33282444764055,0.9997335363388414,0.9998357042423851
v,1782,1782,3.0056065652840505,False,T0_raw,182.9965447280192,2.530896089013185,,
v,1782,1782,3.0056065652840505,False,oracle,159.50777849519676,2.3260895313921752,,
v,1782,1782,3.0056065652840505,False,est_gtstart,161.77903527344225,2.2492613438428544,,
v,1782,1782,3.0056065652840505,False,est_warmstart,162.4455569844803,2.2883885818694005,,
v,1782,1782,3.0056065652840505,False,view_gap,3.5374779296191528,66.72908655322996,0.9982205397330781,0.9995929907382798
v,1783,1783,3.012150488363218,False,T0_raw,182.47069089262712,2.080417729565619,,
v,1783,1783,3.012150488363218,False,oracle,166.60782380118337,2.191922026208799,,
v,1783,1783,3.012150488363218,False,est_gtstart,170.7309448914523,2.197497379988378,,
v,1783,1783,3.012150488363218,False,est_warmstart,170.97977951993653,2.1674314641320285,,
v,1783,1783,3.012150488363218,False,view_gap,3.513617759509298,68.67016491438616,0.9968406982119412,0.9997867003961812
v,1784,1784,3.0184179198591323,False,T0_raw,181.36505179627025,2.9085503730782,,
v,1784,1784,3.0184179198591323,False,oracle,153.09353081259005,2.2139423344104,,
v,1784,1784,3.0184179198591323,False,est_gtstart,157.3260845528376,2.139340657541274,,
v,1784,1784,3.0184179198591323,False,est_warmstart,158.30462638577524,2.043224555427791,,
v,1784,1784,3.0184179198591323,False,view_gap,3.535736918481667,62.6140800220929,0.9968396046625673,0.9996863444643068
v,1785,1785,3.0243967230466713,False,T0_raw,185.130522420307,3.1775066059673294,,
v,1785,1785,3.0243967230466713,False,oracle,165.74490993011293,2.945767805662762,,
v,1785,1785,3.0243967230466713,False,est_gtstart,170.10536690434824,2.9290517677409555,,
v,1785,1785,3.0243967230466713,False,est_warmstart,170.53913373144962,2.8561412375891093,,
v,1785,1785,3.0243967230466713,False,view_gap,3.6406831488010116,59.51296704724651,0.9941413373866376,0.9998780271001227
v,1786,1786,3.0300861105012586,False,T0_raw,178.31395093132008,2.167489036825591,,
v,1786,1786,3.0300861105012586,False,oracle,162.16930149743635,2.904383196694306,,
v,1786,1786,3.0300861105012586,False,est_gtstart,166.06840438540308,3.0884159571302336,,
v,1786,1786,3.0300861105012586,False,est_warmstart,166.5939101017677,2.8881080465767752,,
v,1786,1786,3.0300861105012586,False,view_gap,3.4812905506001424,60.97540443891525,0.9941255725956566,0.9998512459091186
v,1787,1787,3.035481537080444,False,T0_raw,184.20109296917786,3.3562082891496985,,
v,1787,1787,3.035481537080444,False,oracle,173.22917300491892,3.0913534377039715,,
v,1787,1787,3.035481537080444,False,est_gtstart,177.9190187273129,3.1789518048389565,,
v,1787,1787,3.035481537080444,False,est_warmstart,177.24143153188427,3.075452414479015,,
v,1787,1787,3.035481537080444,False,view_gap,3.6048226798537066,61.89124773058508,0.9962218553467053,0.9998636154329229
v,1788,1788,3.040773735512276,False,T0_raw,182.78018422390514,3.2414794858374454,,
v,1788,1788,3.040773735512276,False,oracle,165.58670520889802,3.196440665649051,,
v,1788,1788,3.040773735512276,False,est_gtstart,169.19953774870592,3.395083937409954,,
v,1788,1788,3.040773735512276,False,est_warmstart,169.53989728103483,3.2847003399133228,,
v,1788,1788,3.040773735512276,False,view_gap,3.5903481457110096,59.28470479524562,0.99620994182905,0.9998147829268024
v,1789,1789,3.0460023502997444,False,T0_raw,186.00624889395505,2.9329527561707436,,
v,1789,1789,3.0460023502997444,False,oracle,174.8004957163138,3.5448801199451543,,
v,1789,1789,3.0460023502997444,False,est_gtstart,176.73326071589977,3.0179674055498897,,
v,1789,1789,3.0460023502997444,False,est_warmstart,176.36362596947694,2.846975787162231,,
v,1789,1789,3.0460023502997444,False,view_gap,3.6364630799700777,62.97560714864403,0.9238424740528495,0.9895088536733218
v,1790,1790,3.05115698906359,False,T0_raw,185.6394862384757,3.4559944431204834,,
v,1790,1790,3.05115698906359,False,oracle,172.9366501278129,3.943614636798008,,
v,1790,1790,3.05115698906359,False,est_gtstart,175.6250795666722,3.5881231567607115,,
v,1790,1790,3.05115698906359,False,est_warmstart,176.02764401139737,3.277686737526224,,
v,1790,1790,3.05115698906359,False,view_gap,3.6330958759748513,62.21221893359319,0.9234492846120522,0.9889431170018569
v,1791,1791,3.056226650578207,False,T0_raw,184.12977702809061,3.050704801184442,,
v,1791,1791,3.056226650578207,False,oracle,172.54133046825743,3.170581412283234,,
v,1791,1791,3.056226650578207,False,est_gtstart,171.08605531355,2.9307165055298943,,
v,1791,1791,3.056226650578207,False,est_warmstart,170.93680585691263,2.810211497417409,,
v,1791,1791,3.056226650578207,False,view_gap,3.5906312340520463,63.478173147270226,0.6194239771391185,0.990398586194206
v,1792,1792,3.0612010102147784,False,T0_raw,179.3926626013623,2.5287261742661933,,
v,1792,1792,3.0612010102147784,False,oracle,165.75411571548736,2.67564912370888,,
v,1792,1792,3.0612010102147784,False,est_gtstart,163.36160014202062,2.6460318326693453,,
v,1792,1792,3.0612010102147784,False,est_warmstart,163.78112659667235,2.5463460067486734,,
v,1792,1792,3.0612010102147784,False,view_gap,3.5176189203051322,58.76395160493164,0.6040296280084831,0.9942847900079302
v,1793,1793,3.06606836223795,False,T0_raw,181.75172225044525,2.6116970449106933,,
v,1793,1793,3.06606836223795,False,oracle,164.5642078110323,2.8158982262228385,,
v,1793,1793,3.06606836223795,False,est_gtstart,166.7803882583638,3.2135940526365534,,
v,1793,1793,3.06606836223795,False,est_warmstart,167.03787735032006,2.7596107257174802,,
v,1793,1793,3.06606836223795,False,view_gap,3.567718700512682,58.96123325924174,0.9999904281193808,0.9998698173166175
v,1794,1794,3.0708150393843447,False,T0_raw,178.7549472402916,3.038063435742194,,
v,1794,1794,3.0708150393843447,False,oracle,159.3646969349526,2.8284372125681263,,
v,1794,1794,3.0708150393843447,False,est_gtstart,161.33123635222066,3.0907597163984923,,
v,1794,1794,3.0708150393843447,False,est_warmstart,161.6045474034011,2.937983211051598,,
v,1794,1794,3.0708150393843447,False,view_gap,3.497774501648033,59.51801409640822,0.9999904887266995,0.9997281616356593
v,1795,1795,3.07542753862425,False,T0_raw,179.65550655118417,2.8414195929747055,,
v,1795,1795,3.07542753862425,False,oracle,161.23516655236955,2.706409771022844,,
v,1795,1795,3.07542753862425,False,est_gtstart,162.91469417208862,2.8545207461467665,,
v,1795,1795,3.07542753862425,False,est_warmstart,163.286707682534,2.5593849920145164,,
v,1795,1795,3.07542753862425,False,view_gap,3.5000771190598887,62.025499775343995,0.9999905246888782,0.9998760848382042
v,1796,1796,3.0798955815584317,False,T0_raw,177.49216952794058,2.522368102315532,,
v,1796,1796,3.0798955815584317,False,oracle,154.58398136891734,2.226735495063768,,
v,1796,1796,3.0798955815584317,False,est_gtstart,162.08781669372118,2.6920983565001624,,
v,1796,1796,3.0798955815584317,False,est_warmstart,161.84791158423815,2.447789160584389,,
v,1796,1796,3.0798955815584317,False,view_gap,3.4529385466888516,61.86048050060444,0.9999596895703211,0.998736995367782
v,1797,1797,3.084209223805797,False,T0_raw,179.81039318907665,2.5404839457161263,,
v,1797,1797,3.084209223805797,False,oracle,156.57458300872008,2.0490538292558145,,
v,1797,1797,3.084209223805797,False,est_gtstart,162.0745966761113,2.2651089295821705,,
v,1797,1797,3.084209223805797,False,est_warmstart,162.33101692975586,2.084786142439587,,
v,1797,1797,3.084209223805797,False,view_gap,3.4814402523697323,64.97675264745118,0.999986912717148,0.9995079984009945
v,1798,1798,3.088359702078393,False,T0_raw,181.01244817640116,2.649930246714405,,
v,1798,1798,3.088359702078393,False,oracle,162.71864528375548,1.8827874111012184,,
v,1798,1798,3.088359702078393,False,est_gtstart,162.90531107179666,2.0494672140718593,,
v,1798,1798,3.088359702078393,False,est_warmstart,162.98928017711447,1.9215886602931898,,
v,1798,1798,3.088359702078393,False,view_gap,3.5119822366625577,64.4056780181419,0.9999999715087531,0.9997009308954475
v,1799,1799,3.0923366590118344,False,T0_raw,176.00025312787207,2.529340142520591,,
v,1799,1799,3.0923366590118344,False,oracle,155.90743887977814,2.2198811695605225,,
v,1799,1799,3.0923366590118344,False,est_gtstart,156.39996614502905,2.3447902448148277,,
v,1799,1799,3.0923366590118344,False,est_warmstart,156.0724042218822,2.193067769437559,,
v,1799,1799,3.0923366590118344,False,view_gap,3.4512393104209034,57.09386366584157,0.9999999736535095,0.999770803284707
v,1800,1800,3.096128667135895,False,T0_raw,177.98168456275354,2.8373701090951977,,
v,1800,1800,3.096128667135895,False,oracle,157.03846886054245,2.097511321531227,,
v,1800,1800,3.096128667135895,False,est_gtstart,160.59351790016376,2.1581651206299446,,
v,1800,1800,3.096128667135895,False,est_warmstart,160.44797384674922,2.1219855283776567,,
v,1800,1800,3.096128667135895,False,view_gap,3.495998338238232,56.824613322121294,0.9999820918638096,0.9998138443962518
v,1801,1801,3.0997267192377587,False,T0_raw,182.33983467572435,3.0425750081956213,,
v,1801,1801,3.0997267192377587,False,oracle,158.82769969088113,2.291049799537446,,
v,1801,1801,3.0997267192377587,False,est_gtstart,162.03753255006075,2.0652942926868927,,
v,1801,1801,3.0997267192377587,False,est_warmstart,163.0805533930314,2.1273568429163605,,
v,1801,1801,3.0997267192377587,False,view_gap,3.600683263718021,55.19761220208874,0.9999827019420015,0.9993604729885975
v,1802,1802,3.103121755985425,False,T0_raw,183.36351387353895,2.6849701530582886,,
v,1802,1802,3.103121755985425,False,oracle,161.837737205623,1.486645609567895,,
v,1802,1802,3.103121755985425,False,est_gtstart,161.55645043594944,1.5913440501790936,,
v,1802,1802,3.103121755985425,False,est_warmstart,161.86416839372322,1.53732117512398,,
v,1802,1802,3.103121755985425,False,view_gap,3.6105441911408267,57.20229476096206,0.9999929669771216,0.9998744940338377
v,1803,1803,3.106304913833341,False,T0_raw,183.77582170716818,2.817243936345385,,
v,1803,1803,3.106304913833341,False,oracle,156.54771865201,1.845207003805086,,
v,1803,1803,3.106304913833341,False,est_gtstart,158.85644539760992,1.5309543110416963,,
v,1803,1803,3.106304913833341,False,est_warmstart,159.333479547243,1.561070862046497,,
v,1803,1803,3.106304913833341,False,view_gap,3.6071539991312895,59.13094190157375,0.9999752922938658,0.9980387493803466
v,1804,1804,3.109265450515502,False,T0_raw,186.26582079924341,2.7349700133843133,,
v,1804,1804,3.109265450515502,False,oracle,139.395438685051,4.260512929214505,,
v,1804,1804,3.109265450515502,False,est_gtstart,144.32938084871603,3.951254423866841,,
v,1804,1804,3.109265450515502,False,est_warmstart,155.00281351187851,1.6869392078695484,,
v,1804,1804,3.109265450515502,False,view_gap,3.681172231442979,55.85694934982488,0.9999698294998987,0.9988872234422443
v,1805,1805,3.1112260297351337,False,T0_raw,184.5722244295395,2.761433236786826,,
v,1805,1805,3.1112260297351337,False,oracle,134.93990502423216,4.649375082201915,,
v,1805,1805,3.1112260297351337,False,est_gtstart,139.88049404028675,4.747100491720585,,
v,1805,1805,3.1112260297351337,False,est_warmstart,139.70916880107865,5.153210911242293,,
v,1805,1805,3.1112260297351337,False,view_gap,3.686883459285581,47.92955947143484,0.9999794471865743,0.9996373006086355
v,1806,1806,3.1078532281207027,False,T0_raw,184.30992238497333,2.8449562652829505,,
v,1806,1806,3.1078532281207027,False,oracle,137.1913398069099,2.7192724852758507,,
v,1806,1806,3.1078532281207027,False,est_gtstart,146.28433837695266,2.867412184501393,,
v,1806,1806,3.1078532281207027,False,est_warmstart,145.70277518091288,3.3903117227721364,,
v,1806,1806,3.1078532281207027,False,view_gap,3.6758807750457456,48.95850748692298,0.9999728456235908,0.9991516384420521
v,1807,1807,3.104665650127367,False,T0_raw,189.8125416886277,3.061531012430356,,
v,1807,1807,3.104665650127367,False,oracle,144.95864117336757,2.9114107033279955,,
v,1807,1807,3.104665650127367,False,est_gtstart,155.41063718998416,2.926086694783908,,
v,1807,1807,3.104665650127367,False,est_warmstart,155.16312296444175,3.6045093178540095,,
v,1807,1807,3.104665650127367,False,view_gap,3.8062196541749644,46.25735199454262,0.9999706014745151,0.9991180106271449
v,1808,1808,3.1015525149194274,False,T0_raw,188.24489695789592,2.775081029450699,,
v,1808,1808,3.1015525149194274,False,oracle,152.49332252999702,1.480060607987051,,
v,1808,1808,3.1015525149194274,False,est_gtstart,162.0254521012074,1.7267621027282538,,
v,1808,1808,3.1015525149194274,False,est_warmstart,162.47284274143558,1.9682229884567841,,
v,1808,1808,3.1015525149194274,False,view_gap,3.7538955728409813,50.144510195083484,0.999970718710255,0.9993443637291765
v,1809,1809,3.098011969133949,False,T0_raw,187.72044790889802,2.782983058196188,,
v,1809,1809,3.098011969133949,False,oracle,146.99201445077048,1.5110016738526912,,
v,1809,1809,3.098011969133949,False,est_gtstart,154.85190989367774,1.7951688176204248,,
v,1809,1809,3.098011969133949,False,est_warmstart,156.72219746164262,2.4057231442445124,,
v,1809,1809,3.098011969133949,False,view_gap,3.733980447311248,51.77923528484918,0.9999718111353391,0.9992308001929395
v,1810,1810,3.0946525275578805,False,T0_raw,188.2692673552759,2.4361517718631713,,
v,1810,1810,3.0946525275578805,False,oracle,146.9225235999293,0.9907764551915532,,
v,1810,1810,3.0946525275578805,False,est_gtstart,164.24934297349049,1.5533421801396838,,
v,1810,1810,3.0946525275578805,False,est_warmstart,164.45982732222603,1.9432810933507074,,
v,1810,1810,3.0946525275578805,False,view_gap,3.7660108876244274,47.68257957840483,0.9998747046187305,0.9965637360545778
v,1811,1811,3.0914781676113416,False,T0_raw,184.69562795001042,2.335005695474195,,
v,1811,1811,3.0914781676113416,False,oracle,149.29270258665912,0.8448476914330771,,
v,1811,1811,3.0914781676113416,False,est_gtstart,161.21778316779842,1.2800776035292685,,
v,1811,1811,3.0914781676113416,False,est_warmstart,160.92293316581072,1.5340397666022993,,
v,1811,1811,3.0914781676113416,False,view_gap,3.693183726956574,46.88763063724055,0.9999734749698431,0.9992154958700757
v,1812,1812,3.0881529600015805,False,T0_raw,185.7269961191922,2.399052573172062,,
v,1812,1812,3.0881529600015805,False,oracle,148.2180674843521,0.9594299582809424,,
v,1812,1812,3.0881529600015805,False,est_gtstart,156.83513685178775,1.2491101275385892,,
v,1812,1812,3.0881529600015805,False,est_warmstart,157.57830201309736,1.7109155245284025,,
v,1812,1812,3.0881529600015805,False,view_gap,3.713408740344512,47.235410837796806,0.9999637688202964,0.9987592777346833
v,1813,1813,3.0848018923668223,False,T0_raw,187.1125953982948,2.375673501142245,,
v,1813,1813,3.0848018923668223,False,oracle,152.81221885583065,1.0040165863690393,,
v,1813,1813,3.0848018923668223,False,est_gtstart,153.9807282692302,1.0609608276516327,,
v,1813,1813,3.0848018923668223,False,est_warmstart,154.54894892165683,1.3071765176445724,,
v,1813,1813,3.0848018923668223,False,view_gap,3.744678573510739,46.850907152093946,0.9999875576968252,0.9999121613734345
v,1814,1814,3.081638510794298,False,T0_raw,184.33132689275138,1.77445587633476,,
v,1814,1814,3.081638510794298,False,oracle,150.41528265391366,0.9306436869374226,,
v,1814,1814,3.081638510794298,False,est_gtstart,158.4805106392812,1.2544468643756586,,
v,1814,1814,3.081638510794298,False,est_warmstart,158.46769541104425,1.1940256185501636,,
v,1814,1814,3.081638510794298,False,view_gap,3.6896032687070046,45.89541975077482,0.9999500040336629,0.9986548308827922
v,1815,1815,3.078322158193372,False,T0_raw,185.22642454279466,2.110410247595095,,
v,1815,1815,3.078322158193372,False,oracle,147.91113479567667,0.674619445714634,,
v,1815,1815,3.078322158193372,False,est_gtstart,156.71036629682357,1.0721111154777383,,
v,1815,1815,3.078322158193372,False,est_warmstart,156.85782615516914,1.3440846043396615,,
v,1815,1815,3.078322158193372,False,view_gap,3.697421450091203,48.24122057580071,0.9985057326288941,0.995566500954469
v,1816,1816,3.0749769596094123,False,T0_raw,183.75661461347252,2.2144083026931667,,
v,1816,1816,3.0749769596094123,False,oracle,143.11351812991524,0.5794642948173315,,
v,1816,1816,3.0749769596094123,False,est_gtstart,151.13074122414312,0.853992839196409,,
v,1816,1816,3.0749769596094123,False,est_warmstart,150.6583290728466,0.8807289436877455,,
v,1816,1816,3.0749769596094123,False,view_gap,3.678243141084337,45.64907113986693,0.9998885092872515,0.9975114027754525
v,1817,1817,3.0718144697802714,False,T0_raw,180.9072184899286,1.5442164789745527,,
v,1817,1817,3.0718144697802714,False,oracle,148.13908996757158,7.275459650341458,,
v,1817,1817,3.0718144697802714,False,est_gtstart,155.55939864291838,7.006257086453862,,
v,1817,1817,3.0718144697802714,False,est_warmstart,155.08685728628902,7.099521740140508,,
v,1817,1817,3.0718144697802714,False,view_gap,3.6382817487096233,40.914184876366555,0.9998888753931399,0.9993022352268597
v,1818,1818,3.068540261026253,False,T0_raw,181.90768408072887,2.0158909423104445,,
v,1818,1818,3.068540261026253,False,oracle,142.5596423292974,0.9076264269151305,,
v,1818,1818,3.068540261026253,False,est_gtstart,149.9069941893587,1.1691936017712925,,
v,1818,1818,3.068540261026253,False,est_warmstart,150.26872672623105,1.1823458211689235,,
v,1818,1818,3.068540261026253,False,view_gap,3.6171864764412445,49.9465791717526,0.9998728379967166,0.9981215219875071
v,1819,1819,3.065189174329442,False,T0_raw,182.111217382989,1.8488604117868328,,
v,1819,1819,3.065189174329442,False,oracle,152.07269052225752,7.876760229800297,,
v,1819,1819,3.065189174329442,False,est_gtstart,158.06006891503682,7.7003673299977216,,
v,1819,1819,3.065189174329442,False,est_warmstart,157.39796528932757,7.89376962115166,,
v,1819,1819,3.065189174329442,False,view_gap,3.675881270981245,37.7630541039089,0.9998729731150998,0.9987438284521173
v,1820,1820,3.062020481979386,False,T0_raw,178.54198088878394,1.8253870147764146,,
v,1820,1820,3.062020481979386,False,oracle,154.16090671156402,7.365508465090388,,
v,1820,1820,3.062020481979386,False,est_gtstart,158.09746714043058,7.1501519246658685,,
v,1820,1820,3.062020481979386,False,est_warmstart,157.71639317107676,7.2081655322114715,,
v,1820,1820,3.062020481979386,False,view_gap,3.610830240629446,34.90407570018084,0.9944799870810682,0.999601122800049
v,1821,1821,3.058780595759479,False,T0_raw,176.12980415277866,2.055090912354633,,
v,1821,1821,3.058780595759479,False,oracle,141.3491378739088,3.465813766790575,,
v,1821,1821,3.058780595759479,False,est_gtstart,141.38412728745442,3.4611757827776866,,
v,1821,1821,3.058780595759479,False,est_warmstart,140.54055787104022,3.8946780566928396,,
v,1821,1821,3.058780595759479,False,view_gap,3.5236172571734374,43.79236254008134,0.9999996010307026,0.9999999790996742
v,1822,1822,3.05542317336835,False,T0_raw,174.7173094998494,2.8007782446617835,,
v,1822,1822,3.05542317336835,False,oracle,129.97164636248974,2.200190920238542,,
v,1822,1822,3.05542317336835,False,est_gtstart,134.7449386613165,2.197032605418655,,
v,1822,1822,3.05542317336835,False,est_warmstart,134.46247635580997,2.5344978666900606,,
v,1822,1822,3.05542317336835,False,view_gap,3.516862029460509,38.41030136560786,0.9999724639375344,0.9994167013928649
v,1823,1823,3.05224872520985,False,T0_raw,173.44714542261303,2.3532249799563836,,
v,1823,1823,3.05224872520985,False,oracle,122.80434108466707,1.7451633099919388,,
v,1823,1823,3.05224872520985,False,est_gtstart,127.9222982602751,1.6635860900524053,,
v,1823,1823,3.05224872520985,False,est_warmstart,128.12059547343378,2.002952867665343,,
v,1823,1823,3.05224872520985,False,view_gap,3.5048138815028,34.48388364680177,0.9999723336042956,0.9995655906565666
v,1824,1824,3.0490238494639397,False,T0_raw,172.95853562013195,2.9865942492349764,,
v,1824,1824,3.0490238494639397,False,oracle,125.80584682251275,2.273254804240309,,
v,1824,1824,3.0490238494639397,False,est_gtstart,113.3376297555934,5.624811664861472,,
v,1824,1824,3.0490238494639397,False,est_warmstart,113.21296507322144,5.127830167857068,,
v,1824,1824,3.0490238494639397,False,view_gap,3.4932452552835747,34.81609962281418,0.7299293290838749,0.9608299535516222
v,1825,1825,3.045656453335184,False,T0_raw,176.86412986705892,2.6407144023392504,,
v,1825,1825,3.045656453335184,False,oracle,130.6827334883261,2.6332938516276534,,
v,1825,1825,3.045656453335184,False,est_gtstart,128.9308413350524,4.264755384051993,,
v,1825,1825,3.045656453335184,False,est_warmstart,127.57209797200242,4.8735008030477855,,
v,1825,1825,3.045656453335184,False,view_gap,3.575401193742439,34.80032383496257,0.730191538015654,0.9895252751248472
v,1826,1826,3.0424709751153944,False,T0_raw,174.93515738947326,2.1513924463297394,,
v,1826,1826,3.0424709751153944,False,oracle,123.85186798308365,1.862922959780597,,
v,1826,1826,3.0424709751153944,False,est_gtstart,122.68360288476141,3.787387307052867,,
v,1826,1826,3.0424709751153944,False,est_warmstart,121.9208830257888,4.543583030135612,,
v,1826,1826,3.0424709751153944,False,view_gap,3.533791428496925,35.059220790945034,0.7304632041792909,0.9826842829236774
v,1827,1827,3.039256615947684,False,T0_raw,178.89564784455996,2.505729806941408,,
v,1827,1827,3.039256615947684,False,oracle,123.79570457503182,2.0287240911054907,,
v,1827,1827,3.039256615947684,False,est_gtstart,119.50647918823175,4.166977130866125,,
v,1827,1827,3.039256615947684,False,est_warmstart,118.58639272204978,4.889487107233987,,
v,1827,1827,3.039256615947684,False,view_gap,3.5997751049193596,39.65703735000537,0.7307363241719358,0.9743432577602736
v,1828,1828,3.0358774338372374,False,T0_raw,178.71946396613944,2.6577596484761608,,
v,1828,1828,3.0358774338372374,False,oracle,117.76447368781082,3.759437501172453,,
v,1828,1828,3.0358774338372374,False,est_gtstart,122.46606501081536,3.8787293178308375,,
v,1828,1828,3.0358774338372374,False,est_warmstart,121.80823677968762,4.627847999678445,,
v,1828,1828,3.0358774338372374,False,view_gap,3.6110308023986875,35.68196881686436,0.9997058464373366,0.999727158066958
v,1829,1829,3.0326813458140474,False,T0_raw,179.1119040946137,2.435616611613232,,
v,1829,1829,3.0326813458140474,False,oracle,118.62449642858944,3.222671008233852,,
v,1829,1829,3.0326813458140474,False,est_gtstart,123.07475623307974,3.374189435910554,,
v,1829,1829,3.0326813458140474,False,est_warmstart,121.97663321409404,4.50251682975973,,
v,1829,1829,3.0326813458140474,False,view_gap,3.604982712407826,39.448100060659016,0.9997065085485368,0.9998294606065367
v,1830,1830,3.029497925153913,False,T0_raw,184.21534075267087,2.8804914912539163,,
v,1830,1830,3.029497925153913,False,oracle,118.81644397034847,2.67891353410105,,
v,1830,1830,3.029497925153913,False,est_gtstart,127.9076563289803,2.8938497470208326,,
v,1830,1830,3.029497925153913,False,est_warmstart,128.9039860762724,3.890843715757393,,
v,1830,1830,3.029497925153913,False,view_gap,3.6955421313714676,43.64622435742005,0.9987307239345085,0.9986946684282187
v,1831,1831,3.026107643668294,False,T0_raw,186.11567280925658,3.229525758669586,,
v,1831,1831,3.026107643668294,False,oracle,124.96815982640145,3.035131513397021,,
v,1831,1831,3.026107643668294,False,est_gtstart,130.90934613776324,3.1211288381646924,,
v,1831,1831,3.026107643668294,False,est_warmstart,132.47346844747642,3.7014024138196877,,
v,1831,1831,3.026107643668294,False,view_gap,3.740173095064807,42.62037843860966,0.999643693094565,0.9997125532342177
v,1832,1832,3.022900150467255,False,T0_raw,188.95089815247,3.3475576064740635,,
v,1832,1832,3.022900150467255,False,oracle,127.91289967239808,3.091244780069416,,
v,1832,1832,3.022900150467255,False,est_gtstart,134.11349646951209,3.151480512761473,,
v,1832,1832,3.022900150467255,False,est_warmstart,135.51034712227656,3.6875691941580717,,
v,1832,1832,3.022900150467255,False,view_gap,3.792478901864061,44.45416470462593,0.9996442254753364,0.9997411939550566
v,1833,1833,3.0197536564671092,False,T0_raw,188.58401283439997,3.243717578582415,,
v,1833,1833,3.0197536564671092,False,oracle,121.40301610017293,3.317372681170889,,
v,1833,1833,3.0197536564671092,False,est_gtstart,130.78370258394773,3.0388655010090617,,
v,1833,1833,3.0197536564671092,False,est_warmstart,133.4354880311333,3.202069992199836,,
v,1833,1833,3.0197536564671092,False,view_gap,3.7826567984865522,44.89128799976694,0.9986516719182702,0.9992959333414687
v,1834,1834,3.016348823633609,False,T0_raw,190.01348396642152,3.4057857780000145,,
v,1834,1834,3.016348823633609,False,oracle,129.4991439938114,2.932786630406067,,
v,1834,1834,3.016348823633609,False,est_gtstart,133.6527508963,2.656649332357346,,
v,1834,1834,3.016348823633609,False,est_warmstart,134.4749435138808,3.3483604158752382,,
v,1834,1834,3.016348823633609,False,view_gap,3.8080878928782593,45.99225464838996,0.9996505624260282,0.999604028153473
v,1835,1835,3.0131261465687285,False,T0_raw,188.1653018600433,3.024484501294013,,
v,1835,1835,3.0131261465687285,False,oracle,121.50380107627679,3.154499079235966,,
v,1835,1835,3.0131261465687285,False,est_gtstart,126.26100344434899,2.940593613163091,,
v,1835,1835,3.0131261465687285,False,est_warmstart,126.19615585362767,3.4729937871308736,,
v,1835,1835,3.0131261465687285,False,view_gap,3.776757214336145,44.13943740120408,0.9996509272889665,0.9996689671195832
v,1836,1836,3.0065968989367877,False,T0_raw,187.4996237165984,4.318842357926976,,
v,1836,1836,3.0065968989367877,False,oracle,123.60403873700994,1.4471785419176828,,
v,1836,1836,3.0065968989367877,False,est_gtstart,126.49949642043259,1.5306953018728628,,
v,1836,1836,3.0065968989367877,False,est_warmstart,126.6878871124996,1.536713784270683,,
v,1836,1836,3.0065968989367877,False,view_gap,3.747852657548165,47.34791535218585,0.9994332225636209,0.9999437958595417
v,1837,1837,3.003467844157783,False,T0_raw,188.80004070257422,4.3066476055281475,,
v,1837,1837,3.003467844157783,False,oracle,128.06626435309587,1.6830066120950449,,
v,1837,1837,3.003467844157783,False,est_gtstart,129.66912800571458,1.7131274675492731,,
v,1837,1837,3.003467844157783,False,est_warmstart,131.5584027765705,1.820367373281356,,
v,1837,1837,3.003467844157783,False,view_gap,3.7856816425850495,45.09849987160486,0.9994337048579858,0.9999908070471244
v,1838,1838,3.0000494545929484,False,T0_raw,185.74459946340158,3.7711116031015686,,
v,1838,1838,3.0000494545929484,False,oracle,123.97676457194808,1.3201085567951034,,
v,1838,1838,3.0000494545929484,False,est_gtstart,126.76500749811217,1.3587716382643076,,
v,1838,1838,3.0000494545929484,False,est_warmstart,127.71522888678555,1.4045404927487188,,
v,1838,1838,3.0000494545929484,False,view_gap,3.7162376884583432,46.043181949955155,0.9994344468771323,0.999962229664009
v,1839,1839,2.9968204016159676,False,T0_raw,185.54757548479282,3.6591468869195336,,
v,1839,1839,2.9968204016159676,False,oracle,127.13419131208795,1.5211537174267797,,
v,1839,1839,2.9968204016159676,False,est_gtstart,127.21627768733579,1.0943552058285073,,
v,1839,1839,2.9968204016159676,False,est_warmstart,127.44901006843918,1.0987173564244563,,
v,1839,1839,2.9968204016159676,False,view_gap,3.696701581200963,49.206863521336075,0.9994577531996203,0.999891967363367
v,1840,1840,2.993747764931598,False,T0_raw,184.9939494686987,3.8786404976103093,,
v,1840,1840,2.993747764931598,False,oracle,117.70651576728794,1.8150743619190157,,
v,1840,1840,2.993747764931598,False,est_gtstart,120.59711701759329,1.8397649846511186,,
v,1840,1840,2.993747764931598,False,est_warmstart,120.74830173218952,1.9564447823600988,,
v,1840,1840,2.993747764931598,False,view_gap,3.6721606488179375,51.63270707119594,0.999458524929069,0.9998461951121229
v,1841,1841,2.9903318907363645,False,T0_raw,187.1259247647578,4.911353378018333,,
v,1841,1841,2.9903318907363645,False,oracle,129.92214546079003,5.651605178156076,,
v,1841,1841,2.9903318907363645,False,est_gtstart,136.30311092360517,5.650157965194143,,
v,1841,1841,2.9903318907363645,False,est_warmstart,136.71398929106834,5.335518679158911,,
v,1841,1841,2.9903318907363645,False,view_gap,3.745977122060617,45.91930770003039,0.9994591425221047,0.9997725146310911
v,1842,1842,2.987104487616617,False,T0_raw,180.5485357309936,3.420807647725362,,
v,1842,1842,2.987104487616617,False,oracle,117.89070105929464,1.4664973273494915,,
v,1842,1842,2.987104487616617,False,est_gtstart,117.94916527896713,1.4678516677794962,,
v,1842,1842,2.987104487616617,False,est_warmstart,118.03758177462487,1.4455586126444087,,
v,1842,1842,2.987104487616617,False,view_gap,3.5772467752190904,51.440213215050875,0.9999999381034297,0.9999999855512337
v,1843,1843,2.984069086391559,False,T0_raw,178.28975661577562,3.742678076505985,,
v,1843,1843,2.984069086391559,False,oracle,115.33647917647181,2.844144292511593,,
v,1843,1843,2.984069086391559,False,est_gtstart,115.40128303512043,2.842819879756549,,
v,1843,1843,2.984069086391559,False,est_warmstart,115.38275465107293,2.7922703796478445,,
v,1843,1843,2.984069086391559,False,view_gap,3.550157031341087,47.35322309130696,0.9999999400292219,0.9999998824182696
v,1844,1844,2.98067672007926,False,T0_raw,176.5806990879857,3.0642544012230757,,
v,1844,1844,2.98067672007926,False,oracle,109.50775691574557,2.4312965044287993,,
v,1844,1844,2.98067672007926,False,est_gtstart,109.55362094919447,2.4421714099511522,,
v,1844,1844,2.98067672007926,False,est_warmstart,109.66882497429994,2.332188428072694,,
v,1844,1844,2.98067672007926,False,view_gap,3.4990079336140365,50.0815393081373,0.9999999418227754,0.9999999254179539
v,1845,1845,2.9774389531189995,False,T0_raw,176.81561411092153,3.1068551864540064,,
v,1845,1845,2.9774389531189995,False,oracle,106.63603947790887,2.8002489609340575,,
v,1845,1845,2.9774389531189995,False,est_gtstart,106.69338799636563,2.8095058444492094,,
v,1845,1845,2.9774389531189995,False,est_warmstart,106.70092313045146,2.9933645365012627,,
v,1845,1845,2.9774389531189995,False,view_gap,3.5107601868253044,48.82590028527511,0.999999943054632,0.9999998226621354
v,1846,1846,2.9743919469889133,False,T0_raw,177.1380737664261,3.0921114448355524,,
v,1846,1846,2.9743919469889133,False,oracle,104.69933395089657,2.2977127266774606,,
v,1846,1846,2.9743919469889133,False,est_gtstart,104.7634165915128,2.2951720545832766,,
v,1846,1846,2.9743919469889133,False,est_warmstart,104.77053142207183,2.5518443262740775,,
v,1846,1846,2.9743919469889133,False,view_gap,3.496079693676657,52.70963306354304,0.9999999447333514,0.9999998875355892
v,1847,1847,2.971070021624177,False,T0_raw,177.5558714039725,2.4973269778202076,,
v,1847,1847,2.971070021624177,False,oracle,108.40919547440345,1.3876240706848502,,
v,1847,1847,2.971070021624177,False,est_gtstart,108.44459193799506,1.3875916084210078,,
v,1847,1847,2.971070021624177,False,est_warmstart,108.86483435198159,1.9663849557395239,,
v,1847,1847,2.971070021624177,False,view_gap,3.4567186601141073,60.36013207441027,0.9999999455263668,0.9999999687088243
v,1848,1848,2.9678215061140083,False,T0_raw,180.48309697165644,2.7835350683375544,,
v,1848,1848,2.9678215061140083,False,oracle,109.87317001245472,1.6723705859144862,,
v,1848,1848,2.9678215061140083,False,est_gtstart,109.93715655451565,1.6744209793734963,,
v,1848,1848,2.9678215061140083,False,est_warmstart,110.29999844683655,1.8985611279863837,,
v,1848,1848,2.9678215061140083,False,view_gap,3.491456700631375,64.58340082641189,0.9999999451688465,0.999999882905935
v,1849,1849,2.9647649449938096,False,T0_raw,182.2421418888174,2.880198530426429,,
v,1849,1849,2.9647649449938096,False,oracle,111.25870437983266,0.7600839150870992,,
v,1849,1849,2.9647649449938096,False,est_gtstart,111.3150944245601,0.7596277926715074,,
v,1849,1849,2.9647649449938096,False,est_warmstart,111.77428809364729,1.1100325850012729,,
v,1849,1849,2.9647649449938096,False,view_gap,3.485674958804186,70.44480938340358,0.9999999470427438,0.9999998806590804
v,1850,1850,2.961478787274834,False,T0_raw,182.091420511409,2.3247150625566606,,
v,1850,1850,2.961478787274834,False,oracle,114.81100308281975,1.6823517778159336,,
v,1850,1850,2.961478787274834,False,est_gtstart,114.81325538950945,1.704529655105456,,
v,1850,1850,2.961478787274834,False,est_warmstart,114.94569688488355,1.91618765018486,,
v,1850,1850,2.961478787274834,False,view_gap,3.4588106852056524,73.27246775773632,0.9999999488798306,0.9999999616655979
v,1851,1851,2.958223035104036,False,T0_raw,186.1824714361584,3.4098578135154374,,
v,1851,1851,2.958223035104036,False,oracle,108.90459049047234,0.7013458731942553,,
v,1851,1851,2.958223035104036,False,est_gtstart,108.93221597512732,0.7005198656695308,,
v,1851,1851,2.958223035104036,False,est_warmstart,109.073251913568,0.9482044241061625,,
v,1851,1851,2.958223035104036,False,view_gap,3.549209502385082,73.52512764510566,0.9999999487135888,0.9999996795728585
v,1852,1852,2.955161730138474,False,T0_raw,185.7003713903358,3.425661161888804,,
v,1852,1852,2.955161730138474,False,oracle,109.12162095229854,0.36629084924077676,,
v,1852,1852,2.955161730138474,False,est_gtstart,109.13357807789629,0.37284797574167267,,
v,1852,1852,2.955161730138474,False,est_warmstart,109.56470158385436,0.5689396149399243,,
v,1852,1852,2.955161730138474,False,view_gap,3.6096716016419776,64.15991178593261,0.9999999492826497,0.9999996314150239
v,1853,1853,2.9519175691619775,False,T0_raw,178.89691569683202,2.4650055561687534,,
v,1853,1853,2.9519175691619775,False,oracle,111.86088657485307,1.840514954577183,,
v,1853,1853,2.9519175691619775,False,est_gtstart,111.87607079791795,1.8429981025229012,,
v,1853,1853,2.9519175691619775,False,est_warmstart,112.3478669354407,2.0215801343692323,,
v,1853,1853,2.9519175691619775,False,view_gap,3.5114033705943006,56.42841489975581,0.9999999519548862,0.9999998797205728
v,1854,1854,2.9486567655372675,False,T0_raw,181.64736049024785,3.5174013799182866,,
v,1854,1854,2.9486567655372675,False,oracle,101.40114529553514,0.9218971492266436,,
v,1854,1854,2.9486567655372675,False,est_gtstart,101.37599516856207,0.9244883526359685,,
v,1854,1854,2.9486567655372675,False,est_warmstart,102.57709652275035,1.193734794726996,,
v,1854,1854,2.9486567655372675,False,view_gap,3.545277857205306,60.496900432184034,0.9999999537312136,0.9999991438634525
v,1855,1855,2.945589788790462,False,T0_raw,180.5045953545365,3.232293525862528,,
v,1855,1855,2.945589788790462,False,oracle,99.90664366913745,1.2862503332608328,,
v,1855,1855,2.945589788790462,False,est_gtstart,99.92098233277372,1.2893081937333262,,
v,1855,1855,2.945589788790462,False,est_warmstart,100.35481629897232,1.371513531737227,,
v,1855,1855,2.945589788790462,False,view_gap,3.5495957287325988,55.89409858855454,0.9999999545597907,0.999999743545299
v,1856,1856,2.9423980488313455,False,T0_raw,182.56781292131842,3.5267751436994765,,
v,1856,1856,2.9423980488313455,False,oracle,101.44674511248618,1.0941669232306641,,
v,1856,1856,2.9423980488313455,False,est_gtstart,101.47487439274006,1.100780213520743,,
v,1856,1856,2.9423980488313455,False,est_warmstart,101.8646920298054,1.2536876252486535,,
v,1856,1856,2.9423980488313455,False,view_gap,3.5656642110459664,60.451778470797194,0.9999999551855983,0.9999998568254146
v,1857,1857,2.9391255065849036,False,T0_raw,181.85932350910994,3.4916452387115355,,
v,1857,1857,2.9391255065849036,False,oracle,99.46113974406711,0.7670256147712627,,
v,1857,1857,2.9391255065849036,False,est_gtstart,99.46756542517704,0.7676966007678779,,
v,1857,1857,2.9391255065849036,False,est_warmstart,100.28135907506511,0.9187655417996157,,
v,1857,1857,2.9391255065849036,False,view_gap,3.554377460376119,59.79671936075404,0.999999956878619,0.9999995133447319
v,1858,1858,2.9360455527627103,False,T0_raw,186.23085745451394,3.7206347794406973,,
v,1858,1858,2.9360455527627103,False,oracle,104.46209605078216,0.9369931200020136,,
v,1858,1858,2.9360455527627103,False,est_gtstart,104.45447295801581,0.9367829116551388,,
v,1858,1858,2.9360455527627103,False,est_warmstart,104.89734752995342,0.9390045725592269,,
v,1858,1858,2.9360455527627103,False,view_gap,3.6130771991330954,65.28966378335666,0.999999957301142,0.9999997856290465
v,1859,1859,2.9327838333521243,False,T0_raw,184.3415162133418,3.6130364004767244,,
v,1859,1859,2.9327838333521243,False,oracle,104.97253344219482,0.8347192867558761,,
v,1859,1859,2.9327838333521243,False,est_gtstart,104.98112164010996,0.8346580905338796,,
v,1859,1859,2.9327838333521243,False,est_warmstart,105.75435299111605,0.8205121188639202,,
v,1859,1859,2.9327838333521243,False,view_gap,3.556884405184838,67.23844799758938,0.9999999597898638,0.9999998446102726
v,1860,1860,2.929696474595679,False,T0_raw,184.80081872670405,3.4851687903505177,,
v,1860,1860,2.929696474595679,False,oracle,106.63900498645805,1.2214044671863293,,
v,1860,1860,2.929696474595679,False,est_gtstart,106.62645349971642,1.2175213826774252,,
v,1860,1860,2.929696474595679,False,est_warmstart,106.89870754289402,1.009929188895353,,
v,1860,1860,2.929696474595679,False,view_gap,3.538479651925654,70.94327018885949,0.9999999616401017,0.9999996762830746
v,1861,1861,2.9265706681167143,False,T0_raw,197.51735662143324,4.657757880381142,,
v,1861,1861,2.9265706681167143,False,oracle,135.47618875935123,6.037446431160987,,
v,1861,1861,2.9265706681167143,False,est_gtstart,135.44731411462934,6.034769798258637,,
v,1861,1861,2.9265706681167143,False,est_warmstart,137.98240106507103,5.820640332401363,,
v,1861,1861,2.9265706681167143,False,view_gap,3.8021892485086264,73.6663788731744,0.9999999578578851,0.9999997618227633
v,1862,1862,2.923281555449087,False,T0_raw,195.84718044141226,5.445956962102585,,
v,1862,1862,2.923281555449087,False,oracle,142.9286762057686,7.919733297234836,,
v,1862,1862,2.923281555449087,False,est_gtstart,142.61831409331612,7.92473790088598,,
v,1862,1862,2.923281555449087,False,est_warmstart,143.70296615641539,7.814953939083408,,
v,1862,1862,2.923281555449087,False,view_gap,3.7149055214449143,79.77648930738113,0.9999999622714393,0.9999839980042717
v,1863,1863,2.920188847829419,False,T0_raw,182.13228812099064,3.052308792781175,,
v,1863,1863,2.920188847829419,False,oracle,106.77762853801306,2.1823628543918088,,
v,1863,1863,2.920188847829419,False,est_gtstart,106.76649880754309,2.1815638856230835,,
v,1863,1863,2.920188847829419,False,est_warmstart,107.51344016490633,2.1660852255630694,,
v,1863,1863,2.920188847829419,False,view_gap,3.4106798303895363,78.6922402857173,0.9999999684263209,0.9999998431407295
v,1864,1864,2.917114889139593,False,T0_raw,181.46791155202726,2.7705296612029255,,
v,1864,1864,2.917114889139593,False,oracle,107.09619164596684,1.418500729770284,,
v,1864,1864,2.917114889139593,False,est_gtstart,107.07158385536518,1.415397824741733,,
v,1864,1864,2.917114889139593,False,est_warmstart,107.54064899648384,1.1938167068582068,,
v,1864,1864,2.917114889139593,False,view_gap,3.3756163741425125,80.7580281702771,0.9999999703961385,0.9999998753463688
v,1865,1865,2.913822181401008,False,T0_raw,178.2372243358872,3.1752336754643946,,
v,1865,1865,2.913822181401008,False,oracle,111.7743907940117,3.8722855010488764,,
v,1865,1865,2.913822181401008,False,est_gtstart,111.75336373842516,3.8691056798475505,,
v,1865,1865,2.913822181401008,False,est_warmstart,112.02504138227494,3.5599730839146204,,
v,1865,1865,2.913822181401008,False,view_gap,3.3563898206459832,74.84782947290958,0.9999999725358314,0.999999904331404
v,1866,1866,2.9107271163871267,False,T0_raw,173.96122121388626,2.6102505939191234,,
v,1866,1866,2.9107271163871267,False,oracle,103.62177176015777,2.232164907980056,,
v,1866,1866,2.9107271163871267,False,est_gtstart,103.61001097368545,2.2310530362990644,,
v,1866,1866,2.9107271163871267,False,est_warmstart,103.96492950862088,2.1477615538843757,,
v,1866,1866,2.9107271163871267,False,view_gap,3.3152513059911666,68.35240003541854,0.9999999746946511,0.999999956696244
v,1867,1867,2.907706394766062,False,T0_raw,177.18951794297922,3.136262382187463,,
v,1867,1867,2.907706394766062,False,oracle,108.86703812366179,2.7655386737311947,,
v,1867,1867,2.907706394766062,False,est_gtstart,108.80383680550436,2.762552125868467,,
v,1867,1867,2.907706394766062,False,est_warmstart,108.66001051642186,2.6192055580767883,,
v,1867,1867,2.907706394766062,False,view_gap,3.3756115769439665,69.85431439259582,0.9999999756715138,0.9999998792032879
