scan,range_m,n,ux,uy,uz,ts
0,16.78105861472506,9515,0.9999215288559784,0.006811736955305157,-0.010513627821752766,1751968159.667
1,16.781934808110805,9491,0.9999208759394274,0.005927388809466515,-0.011095400958479303,1751968160.676
2,16.782806089347837,9473,0.9999202219582991,0.004993817603348184,-0.011602219813917595,1751968161.679
3,16.78359769093364,9509,0.9999195309721491,0.004018494873492411,-0.01203259238024507,1751968162.694
4,16.784337717899167,9454,0.999918779099575,0.0030069804351432164,-0.012385203780240066,1751968163.703
5,16.785075978549447,9463,0.9999179762819422,0.0019628764913919125,-0.0126565328627168,1751968164.712
6,16.785810262864903,9502,0.9999171493517107,0.0008915810389946752,-0.012841320633008742,1751968165.726
7,16.78651736348577,9467,0.9999163173924108,-0.00020126385175387403,-0.012935134528170057,1751968166.735
8,16.787207129631074,9455,0.999915512386537,-0.0013067569001432233,-0.012932922143630994,1751968167.744
9,16.787883554473268,9478,0.9999147742569751,-0.0024115580617113308,-0.012830768111752796,1751968168.757
10,16.788539089807813,9491,0.9999140655088304,-0.003503730344682122,-0.012632714327262777,1751968169.767
11,16.78947081682031,9450,0.9999131041387398,-0.004931073032288644,-0.012225738848015715,1751968170.776
12,16.79018957963882,9458,0.999912391774849,-0.005971331157731956,-0.011813212065552779,1751968171.779
13,16.790888261645904,9497,0.9999116956249382,-0.006976394258057464,-0.011310653191435933,1751968172.794
14,16.791579157774112,9448,0.9999110074113927,-0.007935723172712716,-0.010723877808884369,1751968173.803
15,16.792270347575307,9435,0.9999103282425137,-0.008841348935345173,-0.010058132180077681,1751968174.812
16,16.793029260518605,9499,0.9999096227069857,-0.009693213822516691,-0.009316009004092693,1751968175.826
17,16.794023712424792,9424,0.9999090564251247,-0.010604199184509944,-0.00833245694089977,1751968176.834
18,16.794957457709682,9422,0.9999088882813858,-0.01155565483755882,-0.0069772471045875814,1751968177.844
19,16.795899103534804,9439,0.9999086041905617,-0.01246828052760224,-0.00522735558072819,1751968178.857
20,16.796784600745497,9378,0.9999073888109673,-0.01325727656029398,-0.0030754543464021934,1751968179.867
21,16.797567319730707,9380,0.9999041646258933,-0.013834179630762567,-0.0005263437454131741,1751968180.876
22,16.798203500615948,9373,0.9998975496822421,-0.014111581701950373,0.0023986248804876618,1751968181.883
23,16.79871767807668,9380,0.9998858993466327,-0.01400509554690737,0.005660882130695135,1751968182.882
24,16.799141359804576,9332,0.9998673048623616,-0.013432421884677692,0.009216436924830413,1751968183.892
25,16.799513913755654,9334,0.9998395673697812,-0.012317852771362055,0.01300423103885009,1751968184.901
26,16.799900417975103,9329,0.9998002962782152,-0.010593085127570115,0.016945622132954904,1751968185.915
27,16.800312284209063,9260,0.9997499650621202,-0.008253656221601282,0.02078183142230275,1751968186.924
28,16.800769977118,9228,0.9996902167266403,-0.005348026100466631,0.02430780117312038,1751968187.932
29,16.801274444235652,9274,0.9996211314562293,-0.0019142775645205703,0.027457769166008617,1751968188.947
30,16.80179202736068,9212,0.9995428718315867,0.0020049513321671766,0.030166662739186778,1751968189.955
31,16.802327515132543,9156,0.9994555020062674,0.006360821129343521,0.03237652643444635,1751968190.965
32,16.802896943796277,9221,0.9993591383293204,0.011094733525837574,0.034032624431104344,1751968191.979
33,16.80348400527623,9164,0.9992539230829528,0.01613896142406653,0.03508747821489725,1751968192.982
34,16.80410597120709,9096,0.9991400145204643,0.02141725744651917,0.035503978192815575,1751968193.991
35,16.804723309457557,8948,0.9990174102252461,0.026858549801542096,0.035253827726931974,1751968195.001
36,16.805545139556354,9940,0.9988404240398274,0.034235793223197225,0.033848452938304636,1751968196.134
37,16.806162288041318,9817,0.9986975864558122,0.03975900935304584,0.03197423935920912,1751968197.264
38,16.80696333424875,9753,0.9984935334724533,0.04696199252785083,0.028376660682840137,1751968198.383
39,16.807495558748453,9850,0.9983302269405236,0.052140869147355294,0.024861370465862943,1751968199.513
40,16.807981764303086,9964,0.9981582735387787,0.05703773577094169,0.020658113762132738,1751968200.643
41,16.808574355215686,9978,0.9979159408414183,0.0629842630615649,0.0140270318021471,1751968201.773
42,16.809021349196424,9974,0.9977243726519064,0.066907775369865,0.008332215276587856,1751968202.901
43,16.809699630324005,9946,0.9974559631894682,0.07128522952227964,-0.00013247537918613226,1751968204.031
44,16.810257236818625,9916,0.9972452218975776,0.07383826628214829,-0.007062424151663528,1751968205.161
45,16.810828978009884,9885,0.9970267933433555,0.0756939869852874,-0.014421986331194623,1751968206.282
46,16.81165336679008,9893,0.9967236857217315,0.07699205956719617,-0.024781385854877252,1751968207.411
47,16.81231529560593,9925,0.9964873930708534,0.07702577506810919,-0.032861914521395016,1751968208.541
48,16.813087458090063,9923,0.996159950217094,0.07575378509448023,-0.04389439175265826,1751968209.671
49,16.813550698861352,9867,0.9959047145071744,0.07378432463786168,-0.0522462731696512,1751968210.8
50,16.813889793102007,9746,0.9956410174428844,0.07092887990144439,-0.060564497696459794,1751968211.93
51,16.81416054073144,9579,0.9952765304449237,0.06572803773768769,-0.07144545472364107,1751968213.059
52,16.814321277073216,9410,0.9949934367220011,0.06078629364320325,-0.07932898200067429,1751968214.18
53,16.814464995106952,9224,0.9946033081591179,0.05283315225543776,-0.08929119453614948,1751968215.31
54,16.814438882245724,9097,0.9943012218484352,0.04587550315228736,-0.09623158754397368,1751968216.44
55,16.8142880040245,8876,0.9939908324509205,0.03810634514000267,-0.10261642881915771,1751968217.569
56,16.81391643536038,9872,0.9935649041652468,0.026562969072531886,-0.11010535811283556,1751968218.844
57,16.813579113241815,9785,0.993125469094088,0.01379095460131107,-0.11623946063120064,1751968220.118
58,16.813326336673356,9923,0.9926726770955261,-4.067381695121225e-05,-0.12083440939418645,1751968221.381
59,16.81309429324802,10229,0.9922062451016856,-0.014736707606960405,-0.12373195476561565,1751968222.656
60,16.812791991234892,10376,0.9917252375234936,-0.030078227774770226,-0.12480526220035419,1751968223.926
61,16.812590847995978,10560,0.9913544725746563,-0.04187225420340072,-0.1243504082588819,1751968225.201
62,16.812398455152113,10447,0.9908471147212495,-0.05778886434254837,-0.12199361625336577,1751968226.471
63,16.812225916426,10328,0.9903261824375861,-0.07368547797432348,-0.11757764547009916,1751968227.747
64,16.812074450667474,9887,0.9897908240683,-0.08929388769754971,-0.11108882126502638,1751968229.021
65,16.81186138415542,9319,0.9892411053032863,-0.10434254260717382,-0.10254106192449071,1751968230.281
66,16.811516239505888,9118,0.9886771370715891,-0.11856253788858775,-0.09198066775873998,1751968231.556
67,16.81114412583638,9055,0.9882452306571643,-0.1285226297044733,-0.08278464674814279,1751968232.826
68,16.81062069730847,9182,0.9876580738075641,-0.1406520256339457,-0.06890962870165533,1751968234.101
69,16.810109848325713,9115,0.9870572825056126,-0.15124383255970156,-0.05332189198901616,1751968235.371
70,16.80960125971232,9167,0.9864422232060212,-0.16006693950342915,-0.036198275571740254,1751968236.647
71,16.809081707875183,9051,0.985813118144908,-0.16690620045311533,-0.01774306466532828,1751968237.921
72,16.80853389823874,9105,0.9851694202544278,-0.17157489400079484,0.0018080774792245235,1751968239.192
73,16.80806858790104,9475,0.9846768798401534,-0.17355468700115112,0.017035637005778773,1751968240.467
74,16.807409282175605,9543,0.9840067069497613,-0.17405911442238398,0.03787116798280866,1751968241.737
75,16.80675961874649,9136,0.9833209937201149,-0.17203069613278596,0.059036115195317464,1751968243.012
76,16.806141226062103,9152,0.9826211373529553,-0.167397414145504,0.0802110102453719,1751968244.279
77,16.80546287742639,9198,0.9819079620690532,-0.16013062697780076,0.10106896818061901,1751968245.554
78,16.80481692374413,8981,0.9811816402825678,-0.15024503833491096,0.12128073725101815,1751968246.829
79,16.80421478382879,9729,0.980441548402059,-0.13780209487439987,0.1405167350004967,1751968248.246
80,16.803690475342652,9543,0.9796859644452948,-0.12290784785233667,0.15845842358549225,1751968249.661
81,16.80307793485485,9490,0.9789147980399242,-0.10569138425408175,0.17480031313733546,1751968251.081
82,16.802268263053328,9466,0.9779291707908989,-0.08117443386104002,0.19252337053865606,1751968252.482
83,16.801601397322106,9389,0.9771240333912073,-0.059424299582787124,0.20419935354548488,1751968253.899
84,16.801022209019898,9517,0.9763045246389425,-0.036058083209225045,0.2133759353929232,1751968255.314
85,16.80054526474448,9634,0.9754702785165138,-0.011375940369592323,0.21983703898938967,1751968256.735
86,16.800039516522688,9523,0.9744073246888392,0.020838699391370966,0.22382161245155718,1751968258.15
87,16.799671456963996,9512,0.9735395965686643,0.04727702069462701,0.2235744556678209,1751968259.566
88,16.79925235108366,9608,0.9726573394573463,0.07391834856783816,0.22016761284248937,1751968260.983
89,16.798769453333687,9624,0.9717615672000002,0.10038403042532089,0.21354742552549777,1751968262.399
90,16.798032937279437,9565,0.9706223325372311,0.13262580886885889,0.20075527988540065,1751968263.815
91,16.797381185861266,9600,0.9696948510416735,0.15726726867883245,0.18697299822585753,1751968265.235
92,16.796678435808975,9492,0.9687537674763101,0.18045793502383717,0.17015014454118904,1751968266.651
93,16.795795968428713,9441,0.9675579589468558,0.20683559453268605,0.14508836243098427,1751968268.066
94,16.795135409328402,9548,0.9665848546236003,0.22541765363142405,0.12206801482606701,1751968269.483
95,16.79457715079904,9475,0.9655957316826783,0.24140693293658522,0.0966828613888942,1751968270.882
96,16.794208738135826,9246,0.9645914219190997,0.25450078644984525,0.06922960679145651,1751968272.299
97,16.793832651549735,9052,0.9633135901963079,0.2664009004846843,0.032519027722995635,1751968273.718
98,16.793437964921186,9110,0.9622709394056346,0.27208784244419537,0.0016867630125366,1751968275.134
99,16.79292605647598,9076,0.9612112231173633,0.2741749096577899,-0.030018385488985368,1751968276.55
100,16.79229622123279,9305,0.9601339770828046,0.272538867134086,-0.062171633020417234,1751968277.965
101,16.791512425507868,9466,0.9587664404088511,0.26513783697603716,-0.10231735018758635,1751968279.383
102,16.79090184381465,9364,0.9576573151646911,0.25490613459996486,-0.13384815745784598,1751968280.799
103,16.79041380266958,9363,0.9565350599197324,0.2408876920246411,-0.16435875083303478,1751968282.215
104,16.789962182838327,9193,0.9553978655566079,0.22319190152798918,-0.19339155509535072,1751968283.635
105,16.789475937358052,8961,0.9539545437789099,0.19615652320067117,-0.22692145515441398,1751968285.051
106,16.78914832785323,9845,0.9527825435933326,0.17086392067275027,-0.2510198104456205,1751968286.633
107,16.788806221023634,9837,0.9512961481433134,0.13512060595229933,-0.2770885424819628,1751968288.213
108,16.788547472406922,9692,0.9497879184543051,0.09539093672990767,-0.297999126086016,1751968289.781
109,16.78833916013243,9584,0.9482580020871684,0.052428838608280286,-0.31314210569618145,1751968291.363
110,16.788161474633153,9695,0.9470162590521644,0.01630302217550163,-0.32077159562341073,1751968292.944
111,16.787846664573692,9816,0.9454418254521638,-0.030282390747074034,-0.3243805350145441,1751968294.526
112,16.787451641647284,9703,0.9438456327926393,-0.07755477198030454,-0.32115522539940916,1751968296.107
113,16.786899146315854,9689,0.9422249418842219,-0.12450200774250572,-0.31098457993823353,1751968297.681
114,16.78632768138862,9701,0.9405811045998436,-0.17009419964437725,-0.2938964935433512,1751968299.262
115,16.785832884512132,9949,0.9392505236077173,-0.20490282143528676,-0.2753602870249949,1751968300.843
116,16.785169617509453,10114,0.937567282490585,-0.24547853422252214,-0.24638969142231154,1751968302.425
117,16.784725103555374,10233,0.9358607560591776,-0.28189863895719025,-0.21141854843515567,1751968304.006
118,16.784365597227264,10329,0.934131365135118,-0.3132754094350742,-0.171047100279682,1751968305.58
119,16.784041061923787,10289,0.9327315521953423,-0.3342020645706303,-0.1353544664057878,1751968307.163
120,16.783540036964247,9959,0.9309586764614926,-0.35455788317882136,-0.08720464550022149,1751968308.743
121,16.783082803269014,9569,0.9291617859566281,-0.36791669166828406,-0.03599560403374026,1751968310.325
122,16.78273612489249,9530,0.9273439368109014,-0.3738128193278158,0.01723945956950858,1751968311.906
123,16.782417094217422,9958,0.9258747146354347,-0.3729461250283389,0.06055741593809012,1751968313.48
124,16.78201834408252,10376,0.9240201041122218,-0.3647450955315491,0.11466412901217063,1751968315.062
125,16.781633309158227,10522,0.9221439112902392,-0.3486393335975644,0.16763419084120568,1751968316.643
126,16.78150431641201,10312,0.9202436315704929,-0.3247942938258029,0.2183124486879958,1751968318.225
127,16.78153689621457,9927,0.9187069570223934,-0.3003597106914602,0.2564401905162231,1751968319.805
128,16.78165488735089,9509,0.9167641701717638,-0.2635337434615323,0.30015566352549267,1751968321.379
129,16.781819279410108,9375,0.9147928406603566,-0.22032832110382045,0.3385402333491948,1751968322.961
130,16.782033122620337,9293,0.912794423121059,-0.171515675405623,0.3706598362504982,1751968324.542
131,16.78221475496679,9310,0.9111775318948646,-0.12903420345854316,0.3912872087198896,1751968326.128
132,16.782344903519835,9480,0.9091359611677454,-0.07250300990480552,0.41014036337130166,1751968327.709
133,16.78227252466188,9867,0.9070733349713844,-0.013212998858029889,0.42076523340821365,1751968329.283
134,16.782227697528175,10413,0.9049874669463042,0.04762629255927649,0.4227640251099542,1751968330.865
135,16.782234748268333,10599,0.9033012364257121,0.09655801519913322,0.41799931336377055,1751968332.446
136,16.782179733230066,11224,0.9011706011394167,0.15697163998873911,0.40404387370837325,1751968334.028
137,16.782172083781564,10144,0.8994503266035958,0.20388716581613428,0.3865477119168461,1751968335.434
138,16.782258342004425,9738,0.8972847738821956,0.25967708974091286,0.35699838042050974,1751968336.844
139,16.782388078063086,9170,0.8955415263280552,0.3012410690878548,0.32750449297196443,1751968338.25
140,16.78250388987763,8797,0.8937871469113956,0.33942042553211377,0.29315236780143217,1751968339.66
141,16.782607535650293,9869,0.8915771167915305,0.38153250324391647,0.24397375633894003,1751968341.262
142,16.78279793429695,10276,0.8893496708635598,0.4164644633588841,0.18871807993426223,1751968342.863
143,16.783073330935153,10429,0.8871018362684423,0.4433434637479363,0.12844027888921838,1751968344.465
144,16.783432263552328,9960,0.885286468806082,0.4585601307231651,0.07739815669647289,1751968346.066
145,16.7839233613799,9617,0.8829948968010757,0.46925016749054155,0.011148656123325147,1751968347.668
146,16.78438863606446,9504,0.8806755202133334,0.47032990923252344,-0.05657211838265016,1751968349.269
147,16.7850008312037,9917,0.8783338114930419,0.46158938695164575,-0.1243581659631143,1751968350.87
148,16.785772374092854,10251,0.8759742409434514,0.4430315139078796,-0.1907674156873665,1751968352.471
149,16.786642966032748,10831,0.8735958459426566,0.4148781533822216,-0.2543745580790108,1751968354.073
150,16.787344789159363,11009,0.8716806573437307,0.3857259489576191,-0.30230501800920484,1751968355.674
151,16.78808422815209,9692,0.8692702357379047,0.3415151751378217,-0.35740263346924384,1751968357.129
152,16.788366084803787,9394,0.8673257632999206,0.30041645486388446,-0.3968576242977142,1751968358.58
153,16.788547300394697,8918,0.8648780424897448,0.24266890592825832,-0.4394289177042055,1751968360.037
154,16.78866346985042,9473,0.8629046665194514,0.19205631989629007,-0.4674504321175116,1751968361.668
155,16.788883860897542,9455,0.8604184212572409,0.12430343642345028,-0.49419509918099985,1751968363.283
156,16.789279536187877,9750,0.8579079927624804,0.05282705224683082,-0.5110804031707363,1751968364.911
157,16.789776820425214,10213,0.8553723285025273,-0.020935538032340818,-0.5175904586441494,1751968366.542
158,16.79043388625207,10459,0.8528137003150974,-0.0954596193310292,-0.513416257662383,1751968368.174
159,16.79098732019728,10478,0.8502364143250575,-0.16918745635982071,-0.4984713074652973,1751968369.783
160,16.791315269171832,10534,0.8476389371375187,-0.24055427960861414,-0.4729078882936491,1751968371.41
161,16.791495170264533,11283,0.8450219725293551,-0.30803617261859156,-0.4370944775458588,1751968373.041
162,16.791538445683795,9220,0.8429192170859564,-0.35822773548503123,-0.4014474847305247,1751968374.481
163,16.79151319259447,9332,0.8408081807861411,-0.40426384737806287,-0.3600171451836512,1751968375.927
164,16.791534903211108,9774,0.8381541445558701,-0.45495370505492627,-0.3008567037986904,1751968377.373
165,16.79159068857293,10188,0.8360142530390292,-0.48930073364572424,-0.24832430563549324,1751968378.818
166,16.791722663266295,10326,0.8338594879038601,-0.5175595138564872,-0.19186063705030532,1751968380.264
167,16.791883576256943,10277,0.8311443726601094,-0.5436425217078301,-0.11684109031751036,1751968381.71
168,16.791987706628277,10162,0.8289557258129222,-0.5566817193947685,-0.05420210266821353,1751968383.155
169,16.792205417965594,9648,0.8268895464952692,-0.5622774578199626,0.009886269486931384,1751968384.579
170,16.79264182810143,9620,0.8247425865057847,-0.5582088096576162,0.0905681556860657,1751968386.026
171,16.793113854469514,9800,0.8233748570598817,-0.5461079097623581,0.15433727889465884,1751968387.471
172,16.79378555832047,10722,0.8221018013157442,-0.5201783826605869,0.23143698599408147,1751968388.917
173,16.794295818672747,11258,0.8214299886395658,-0.4911536713638345,0.2898634935093231,1751968390.362
174,16.79486416850782,9873,0.8210625239626533,-0.4552303412826246,0.3444149650055621,1751968391.648
175,16.795420365328763,9828,0.8210007809584589,-0.4129532660678299,0.3942427142123401,1751968392.932
176,16.795930774125175,9534,0.8211224834134373,-0.36508424224612973,0.4387155836034535,1751968394.213
177,16.79611155900356,9151,0.8212071185986819,-0.3260323557628012,0.4683180237387929,1751968395.498
178,16.789984301737896,8921,0.8213059175907503,-0.27032186470741715,0.5023770289250101,1751968396.782
179,16.768734026992103,9824,0.8214249913572729,-0.19584842767874103,0.5356345554101877,1751968398.223
180,16.741954687033797,9584,0.8215123311292158,-0.1333551630068043,0.5543770290173198,1751968399.659
181,16.713898383725624,9394,0.8215929285380698,-0.0691476830980925,0.565865405991923,1751968401.082
182,16.679173765128354,9449,0.8216820052423588,0.012245544498503614,0.5698146443369381,1751968402.523
183,16.651531743100698,9347,0.8217400488531807,0.0772369370166604,0.564604062747565,1751968403.959
184,16.623914472495734,9506,0.8217904470869092,0.14120747924561053,0.5520153158036456,1751968405.399
185,16.58957954215314,10133,0.821841834008247,0.2184532451355934,0.5261693449486482,1751968406.84
186,16.5621811050867,10484,0.8218723775773787,0.27709160780912173,0.49774093247096185,1751968408.276
187,16.534764238202676,10331,0.8218927637804091,0.33210079409159093,0.4628189142733205,1751968409.716
188,16.500628666291053,10346,0.8219073886605558,0.3946691101574515,0.41073657975971833,1751968411.157
189,16.4734885418513,10137,0.8219108718219384,0.43897583035435,0.3629913761311829,1751968412.597
190,16.44637641427087,9788,0.8219125062471896,0.47754727661999974,0.31049707030386786,1751968414.034
191,16.412543826536638,9899,0.8219129203354368,0.5169352746729299,0.23924270769345643,1751968415.474
192,16.38560576413024,10165,0.8219126380966773,0.5408766888513012,0.17863936518643636,1751968416.915
193,16.358765580935255,10022,0.8219088201540955,0.5577451903666828,0.11569872071779996,1751968418.351
194,16.325313820033106,9691,0.8218938537316538,0.5685647545540629,0.03499447209216219,1751968419.781
195,16.298536916612516,9640,0.8218757060260411,0.568867824211071,-0.03016160508922475,1751968421.223
196,16.271844322576246,9552,0.8218517240672739,0.5617370139325201,-0.09492771368691647,1751968422.658
197,16.238814865763917,9785,0.821808710579,0.5425271322418022,-0.1740538824558865,1751968424.098
198,16.212533518306685,10507,0.8217682103339049,0.5191572521851775,-0.23488881622620358,1751968425.539
199,16.186199615334075,10842,0.8217296673496435,0.48898270162294166,-0.29267092665820665,1751968426.979
200,16.153258289944013,11159,0.8216861502897377,0.44229706811599306,-0.3594512122083154,1751968428.416
201,16.133555999891467,9574,0.8216610654027005,0.40987011775622484,-0.39608026985927686,1751968429.706
202,16.107343283518052,9234,0.8216287127209954,0.36197852195311186,-0.4403382882251785,1751968430.98
203,16.081102717270262,9040,0.8215950247008913,0.3093450992218505,-0.4788394563673352,1751968432.271
204,16.054827344221742,8634,0.8215561913689156,0.25265794040275846,-0.5110864795461115,1751968433.561
205,16.022065103038774,9940,0.8215051490535901,0.1772276557973196,-0.5419590834177666,1751968435.057
206,15.996028844782504,9915,0.8214616130796552,0.11418817325820937,-0.558714488199943,1751968436.548
207,15.96349986671488,9859,0.8214032402573433,0.03337317471559485,-0.5693706596797377,1751968438.043
208,15.937500522326928,10049,0.8213552625107958,-0.0318619578263209,-0.5695264246628908,1751968439.535
209,15.905119424365889,10063,0.8212920393741413,-0.11274586701335251,-0.5592564309259852,1751968441.026
210,15.87930567684702,10223,0.8212383322376088,-0.1759003629304385,-0.5427952320945083,1751968442.522
211,15.847303215420277,10272,0.8211739770844276,-0.25153343821138574,-0.5122540666709274,1751968444.013
212,15.821682914878744,10916,0.8211206590506034,-0.30843101507491855,-0.48024074402340966,1751968445.509
213,15.796061707458412,10095,0.8210668912898794,-0.3613146303274277,-0.4419286118129572,1751968446.979
214,15.764144141573121,10180,0.8209958458720548,-0.4207202546371182,-0.38595373867719923,1751968448.476
215,15.738697575073934,10348,0.8209376479072458,-0.4621253717653932,-0.3354124610374758,1751968449.967
216,15.706860148170675,10709,0.820862606153872,-0.5053351986976166,-0.2661219997961718,1751968451.463
217,15.681344778559582,10571,0.820799913719982,-0.5325130953587933,-0.2066816511175265,1751968452.954
218,15.649308775673546,10536,0.8207253275544943,-0.5566533805120436,-0.1286349512188739,1751968454.45
219,15.623614362954982,10667,0.8206700742314571,-0.5677842447122535,-0.06420031711347274,1751968455.941
220,15.59140527493612,10492,0.8206042210353108,-0.5712306944726309,0.017441505420875903,1751968457.437
221,15.565531987268532,10564,0.8205484943849639,-0.5655788751251977,0.08258755581009086,1751968458.928
222,15.533142900383618,10836,0.8204790436519034,-0.5481202281269384,0.16241414484622665,1751968460.423
223,15.507223771267729,12058,0.8204297170395565,-0.5260526661003919,0.22397248020027577,1751968461.914
224,15.481351896132681,10668,0.8203838368858555,-0.4970933280928095,0.28261030296515477,1751968463.154
225,15.455427504094509,10128,0.8203372032558534,-0.4616264284784211,0.33756171803778623,1751968464.383
226,15.42944088633056,9863,0.8202864563796654,-0.4201155683936647,0.3881147235977518,1751968465.619
227,15.409917033144142,9696,0.8202470880890879,-0.38533622652247757,0.4227418917150156,1751968466.859
228,15.383853045723951,9574,0.8201935924041296,-0.33458605369413424,0.4640416399986044,1751968468.098
229,15.357687633336244,9348,0.8201412485418561,-0.27943360821671287,0.4992846793555697,1751968469.338
230,15.331518390037376,9283,0.8200907945989524,-0.22060095968469823,0.5280021829502685,1751968470.578
231,15.311891503452435,9101,0.820056363085935,-0.17452293137860855,0.5450223002642065,1751968471.813
232,15.285735918908744,9138,0.8200179171295487,-0.11113042976679524,0.5614451381625493,1751968473.054
233,15.259560845328776,9263,0.8199875687670848,-0.04627753413178368,0.5705074731343376,1751968474.282
234,15.239901717934135,9205,0.8199669237846462,0.0028083954807057413,0.572404015371982,1751968475.522
235,15.213752605423224,9140,0.8199382465299501,0.06816309846998374,0.568379330979199,1751968476.761
236,15.187666574139786,9292,0.8199052007447397,0.1326365933894335,0.5569227916738317,1751968477.997
237,15.161639526018975,9710,0.8198670348988154,0.1953930047022754,0.5381817711513847,1751968479.237
238,15.142102609749713,10264,0.8198356852345822,0.24084028280652944,0.5194857143306387,1751968480.477
239,15.115954254719776,10353,0.8197964414286868,0.2986319764471555,0.4886233081465997,1751968481.717
240,15.089672632840015,10035,0.8197611377281903,0.35252163255541685,0.4513537145643611,1751968482.956
241,15.069898474160766,10217,0.8197370554446445,0.3899495317305282,0.419488405839882,1751968484.18
242,15.043454686694174,9783,0.8197090291465934,0.4353456076202424,0.3722248103785016,1751968485.42
243,15.017057869455625,9612,0.8196864479208636,0.47504172578850995,0.32007731230868475,1751968486.66
244,14.990753387552202,9604,0.8196671260509578,0.5085168421698146,0.26373551846689736,1751968487.9
245,14.971091360821129,9639,0.819651751064032,0.5292777151856349,0.21917141051136277,1751968489.135
246,14.94496472377007,9899,0.8196288394883503,0.5508774969455376,0.15729764409551503,1751968490.375
247,14.918913657884953,9527,0.8196062433725931,0.5652693519787533,0.09336040669462604,1751968491.615
248,14.89286715275044,9318,0.8195877270820777,0.5722595952402544,0.02819420635332307,1751968492.855
249,14.873287427232142,9315,0.8195720275742631,0.5725920938493947,-0.020975835596645863,1751968494.083
250,14.847220357007169,9148,0.8195469715563878,0.5664845631973086,-0.08624384657416348,1751968495.322
251,14.827196921166493,9396,0.8195211347844148,0.5529589918628178,-0.15040433158563382,1751968496.558
252,14.816624152095404,9936,0.81949962325899,0.5321822126017974,-0.212608701770715,1751968497.798
253,14.81486398724565,10457,0.8194894165578613,0.5119955410206084,-0.2574833239739432,1751968499.038
254,14.81691638454065,10967,0.8194829366368299,0.47922722826088043,-0.31430714318079284,1751968500.278
255,14.818960117274756,10794,0.8196476467038093,0.4400061926871484,-0.3668409541611559,1751968501.513
256,14.820309133652714,10169,0.8200147683043133,0.40656021519904756,-0.40284559223122635,1751968502.753
257,14.821856581903255,9715,0.8208211920770561,0.35717719716095153,-0.44573200520654493,1751968503.981
258,14.823182082716583,9622,0.8219877018654094,0.3030625417445383,-0.48217145682149504,1751968505.221
259,14.824408111956917,9021,0.8235097644111123,0.24510015061221632,-0.5116225015472081,1751968506.461
260,14.825315973475568,9063,0.8248795538899165,0.1996699618200579,-0.528872033597116,1751968507.696
261,14.826459904659842,9132,0.827005796269224,0.13726876521401388,-0.5451776765731763,1751968508.936
262,14.827527063051646,9020,0.8294657362158829,0.07370889145548729,-0.5536728201422267,1751968510.177
263,14.828428420897913,9127,0.8320850400692775,0.010003364806249538,-0.5545578588258053,1751968511.417
264,14.829066780876733,9151,0.8340267895523303,-0.037327613523482926,-0.5504597747135337,1751968512.656
265,14.829898453091783,9247,0.836587838173578,-0.0991680338993897,-0.5387824144054709,1751968513.88
266,14.830596549175624,9181,0.8391174747038351,-0.15883390210796142,-0.5202438420469936,1751968515.12
267,14.831037807396385,9510,0.8409923955720351,-0.20170533205984317,-0.5020425774858523,1751968516.36
268,14.831499826339652,10343,0.8434656652027598,-0.25579812145154757,-0.4723695509724619,1751968517.6
269,14.831792546494338,9960,0.8459093179296779,-0.30578046929173713,-0.43696193248322224,1751968518.839
270,14.831811689486962,9259,0.8483243159140909,-0.3510577442762825,-0.3963638671883927,1751968520.075
271,14.831681511542923,9187,0.8501200551088557,-0.38160418009426555,-0.3628693175735577,1751968521.315
272,14.831401579542272,9385,0.8524938559116281,-0.4174100345159449,-0.3146793426939909,1751968522.555
273,14.83103015272594,9088,0.8548451291190264,-0.44724229212549776,-0.2630857984684959,1751968523.795
274,14.830654657770069,9081,0.857174968345385,-0.4707936941861721,-0.20881659693766014,1751968525.034
275,14.83041153710563,8979,0.8589082894194893,-0.48420076342092216,-0.16681178336401484,1751968526.27
276,14.830118252908033,9781,0.8612016769834538,-0.496286742756541,-0.1096865558078559,1751968527.65
277,14.82978184231882,9688,0.8640382571236621,-0.5020219554826615,-0.03757454510794841,1751968529.03
278,14.829481109171315,9908,0.8662808612982692,-0.49916717363984,0.01973834108385767,1751968530.411
279,14.82910410331737,10220,0.8685036284611465,-0.4898359581524381,0.07590903405198603,1751968531.781
280,14.828758147652861,10712,0.8707037741730884,-0.47425653828743763,0.13021395290964574,1751968533.163
281,14.828311450898818,11982,0.8728798988482166,-0.45273686908904937,0.1819615606499679,1751968534.543
282,14.827612757141662,10210,0.8750363086539268,-0.42564667566840725,0.2305132664940211,1751968535.68
283,14.826958812191592,10171,0.876641112491485,-0.40193513832481026,0.2644777957967496,1751968536.835
284,14.826093642990012,9521,0.8787619518966268,-0.3661997384156263,0.30606401860257537,1751968537.985
285,14.825458273368183,8801,0.8803377551015629,-0.3366089901854013,0.3342152370391047,1751968539.139
286,14.8245992357345,9672,0.8824212743719263,-0.2939092280792695,0.36735549565192765,1751968540.445
287,14.82375506951312,9672,0.884484204019341,-0.2480775107592041,0.39515217511205714,1751968541.755
288,14.822913243517721,9787,0.8865246320690326,-0.19977473819098773,0.4173297625566486,1751968543.06
289,14.821923913729453,10112,0.8885423659905979,-0.14966594156932714,0.4336964027681082,1751968544.37
290,14.82091463496815,10399,0.8905404708874208,-0.09843899143521705,0.4441254717721424,1751968545.675
291,14.819913860013019,10963,0.8925221062503103,-0.046791740113857935,0.4485697525598744,1751968546.982
292,14.818956853295887,11186,0.8944865239616582,0.00457898210787219,0.44707146114893714,1751968548.279
293,14.818247617442822,10346,0.8959494821828747,0.042517336674551195,0.4421162759482416,1751968549.453
294,14.817232638541553,10528,0.897885505213119,0.0917889809051541,0.43055360004600496,1751968550.623
295,14.81645109486462,10608,0.8993246801226975,0.1274179836187451,0.4183058416670045,1751968551.793
296,14.815403591562735,10769,0.9012274125790433,0.17267588975117223,0.39745715230037565,1751968552.963
297,14.814554149217212,11026,0.9026422939733677,0.20462881765705113,0.3786343039329293,1751968554.133
298,14.813624767488369,9739,0.9040476894795958,0.23463113748527473,0.3572758100809098,1751968555.192
299,14.812238454195537,9586,0.9059054824064389,0.27126450404101615,0.3251935205279138,1751968556.251
300,14.811120553090543,9681,0.9072883332630848,0.295984984484236,0.2986984587917387,1751968557.314
301,14.81000528175943,9343,0.908662732438114,0.3181700011545736,0.2703699114979311,1751968558.375
302,14.80890550416911,9329,0.9100267321247935,0.33769188083763446,0.24044862327451627,1751968559.434
303,14.807869693128517,9461,0.9113805838294773,0.3544417223992375,0.20918053647818932,1751968560.48
304,14.806615966559978,9410,0.9131687740788699,0.37231825810926755,0.16583698238262373,1751968561.544
305,14.805724324569335,9309,0.9144985961900172,0.3823035746023124,0.1324246744862229,1751968562.604
306,14.804860870799024,9342,0.9158193001318394,0.38931709628908573,0.09852516451679973,1751968563.663
307,14.804031031203843,9238,0.9171303250393769,0.3933500894751022,0.0644024378660929,1751968564.722
308,14.803216726926003,9333,0.918430312547284,0.394419043692837,0.030321262617610804,1751968565.783
309,14.802398276363908,9244,0.919718705493742,0.3925627443675416,-0.00346330760106267,1751968566.842
310,14.801323861487319,9434,0.9214186419866359,0.3856422515375066,-0.04762079407765301,1751968567.902
311,14.800530076382168,9498,0.9226806395991853,0.3772237468801612,-0.07976642212441355,1751968568.965
312,14.799754503979793,9342,0.9239331126843615,0.36614950761246845,-0.11082482285360848,1751968570.025
313,14.798995656770899,9423,0.9251768336101166,0.35254225988485116,-0.14057660383734089,1751968571.081
314,14.798246025513235,9586,0.9264129089979802,0.33654139542906647,-0.16881650157658323,1751968572.141
315,14.79720189236502,9631,0.9280487476873915,0.3117579374987387,-0.20379526570162704,1751968573.205
316,14.796444088516843,9644,0.9292656908461006,0.29081232129292206,-0.22780138191095678,1751968574.264
317,14.795701475507707,9362,0.9304737521048797,0.2680571773664016,-0.24972774436618825,1751968575.323
318,14.794969463006705,9202,0.9316730067656991,0.2436939440069837,-0.2694414038682302,1751968576.383
319,14.794208496665108,9295,0.9328630374576253,0.21793732905235144,-0.2868272545468097,1751968577.443
320,14.79313438160628,9101,0.9344328452369349,0.18181106640233838,-0.306235193725429,1751968578.503
321,14.792342440559612,9136,0.935596959945613,0.15367146990677277,-0.31787325756851414,1751968579.561
322,14.791537403792105,9151,0.9367497555081002,0.12488331441559163,-0.3269618530288982,1751968580.626
323,14.79076500059125,8831,0.9378918485141589,0.09567225392130015,-0.33347518696345685,1751968581.682
324,14.789767959552375,9849,0.9393987341093342,0.056464395446050406,-0.3381446294127597,1751968582.881
325,14.78899172564195,9942,0.9405171218493914,0.027153475865095922,-0.3386594635568018,1751968584.08
326,14.787997664925161,10079,0.9419940888498218,-0.01137896259439896,-0.33543651527862794,1751968585.283
327,14.787059732408096,10023,0.9434554822168196,-0.04881758246498885,-0.3278850358239948,1751968586.483
328,14.786407112315485,10022,0.9445404850219441,-0.07588532180361741,-0.31950694842095717,1751968587.682
329,14.785546973684731,10176,0.9459715180269771,-0.1102750884137238,-0.3049217800634816,1751968588.88
330,14.784961192872336,10336,0.9470323306936033,-0.13456435818555565,-0.291585661731079,1751968590.079
331,14.784107531859533,10016,0.9484293384184195,-0.16464621332184007,-0.2708752747409376,1751968591.283
332,14.783204655048166,9993,0.9498080015672289,-0.19178681358294916,-0.24714889903571552,1751968592.482
333,14.782487864173067,10228,0.9508306109824439,-0.21003282251310873,-0.2276123078524739,1751968593.681
334,14.781454911122955,10229,0.9521789424959762,-0.23135075343474043,-0.19957978442823943,1751968594.88
335,14.780338503078958,10279,0.9535100735422156,-0.24905236638451708,-0.16968045984081567,1751968596.079
336,14.779479895440645,10373,0.9544962937707453,-0.25986865584600366,-0.1463048423214441,1751968597.283
337,14.77850097014055,10331,0.9557927389078629,-0.2709418690373484,-0.11423985230012323,1751968598.482
338,14.777914639948667,10307,0.956752862452732,-0.27670323636277894,-0.08977348815139105,1751968599.681
339,14.777313414405542,10315,0.9580174863877459,-0.28099373140780803,-0.05696506547720152,1751968600.88
340,14.776865467640864,10273,0.9592643263705904,-0.2814572619717325,-0.02436722873354893,1751968602.083
341,14.776570964264552,10253,0.9601883380021522,-0.27935327418125866,-0.0003221317668819772,1751968603.283
342,14.776211470977664,10282,0.9614055675012004,-0.2733985181251511,0.030863976812238698,1751968604.482
343,14.776006522071576,10298,0.9623071617053721,-0.2666757201015396,0.053375901293339086,1751968605.681
344,14.775704690018067,10141,0.963493593845699,-0.2548875119914277,0.08192954808321028,1751968606.88
345,14.775362970727997,10636,0.9646618193340294,-0.2401129021376388,0.10850515446835331,1751968608.083
346,14.77511483740485,10791,0.9655259092333868,-0.22724897604374872,0.12695519479765016,1751968609.283
347,14.774825216725953,10605,0.9666602492115643,-0.20797954481661735,0.14937359717201998,1751968610.482
348,14.774617574215416,10436,0.9677737731649163,-0.18660440599109115,0.16909381904390558,1751968611.681
349,14.774548108289908,10207,0.9685964278275409,-0.16940335730093697,0.18199852344153383,1751968612.88
350,14.774394567571864,10112,0.9696773450231839,-0.1452107433305772,0.19656980075833197,1751968614.083
351,14.77416599703242,10139,0.9704759595954187,-0.12633111481275644,0.20546742145050018,1751968615.283
352,14.773846141129702,10281,0.9715243557753576,-0.10048780653770417,0.21457545729304023,1751968616.482
353,14.773668579063527,10373,0.9725551476826274,-0.07423079664670228,0.22051365840967493,1751968617.68
354,14.773604490943333,10548,0.9733170629342974,-0.054499109349827685,0.22289850174693504,1751968618.879
355,14.77349578469653,10744,0.9743189668004588,-0.02844245144175924,0.22336870391545388,1751968620.083
356,14.77339916474987,10865,0.9750590416188728,-0.009287182679270797,0.2217512426011792,1751968621.282
357,14.773300599657684,10922,0.976029274217019,0.015462314158269198,0.2170893196642113,1751968622.481
358,14.773165193049115,10865,0.976980181313185,0.039022870212674504,0.20973063896727376,1751968623.68
359,14.773064376158322,10977,0.9776811168107908,0.05574331797404934,0.2025643510908293,1751968624.883
360,14.773043265923414,11219,0.9785993568290781,0.07656846193154133,0.19099887290545114,1751968626.083
361,14.77311319859734,9924,0.9792762644284777,0.09095606872992576,0.18095577218813197,1751968627.153
362,14.773171526712229,9947,0.9799430283355116,0.10419547871832982,0.16986748785828554,1751968628.222
363,14.773172893947764,9962,0.9808154697681919,0.11994037257138139,0.15367277342079583,1751968629.283
364,14.7731577793284,9989,0.981457565499998,0.13024757820473493,0.1406293550245413,1751968630.354
365,14.773221258632162,9925,0.9820890485401085,0.13922131674237645,0.12695875590956032,1751968631.423
366,14.773400822600232,9951,0.9827097137411351,0.14682927063205561,0.11279531818508591,1751968632.48
367,14.773640295757856,9981,0.9833195023071462,0.15305202203172763,0.0982742841969662,1751968633.554
368,14.773939695206751,9927,0.9841167542825583,0.15918326670647387,0.07858054174551457,1751968634.624
369,14.774181678123597,9850,0.9847023708356042,0.16217176302257508,0.0637303706947474,1751968635.693
370,14.774422427786108,9871,0.985275861160074,0.16381315116319198,0.04895639816469013,1751968636.762
371,14.774648357112737,9932,0.9858370988286409,0.16414471747431064,0.03437624613606154,1751968637.837
372,14.77499376029317,9926,0.9865674976393725,0.1626232978663047,0.015434882334306718,1751968638.905
373,14.775262394859158,10028,0.9871027491947407,0.16007857915223034,0.0017352316236944434,1751968639.975
374,14.775522683865699,10179,0.9876269871771866,0.1564049294962556,-0.01142069299931588,1751968641.045
375,14.775744289086218,10241,0.9881403910962162,0.151675278243208,-0.023941124745140027,1751968642.119
376,14.775973060423773,10287,0.9886433806803544,0.14596952149023246,-0.03573744021096665,1751968643.181
377,14.77626287100338,10304,0.989297518591715,0.13699947239200208,-0.050215179702839494,1751968644.251
378,14.776427781626559,10378,0.9897754382357652,0.12937568541346756,-0.06005425787564633,1751968645.325
379,14.776544206884296,10295,0.9902421929995301,0.12109335423739202,-0.06896954953469656,1751968646.382
380,14.776653603938382,10294,0.9906968849838911,0.11225883315381163,-0.07692617540317195,1751968647.452
381,14.776797804809448,10337,0.9911400168469005,0.10297261003700317,-0.08389343589872297,1751968648.521
382,14.777029143742595,10449,0.9917139186117665,0.09006433417591499,-0.09160741968390854,1751968649.595
383,14.777282081367298,10374,0.9921322261264857,0.08011906036095076,-0.09620073829333191,1751968650.664
384,14.777585316837055,10380,0.9925401557945097,0.07005987747833332,-0.09977801713369071,1751968651.734
385,14.777888840894319,10425,0.9929370187240855,0.05998941097818308,-0.10235891469635557,1751968652.807
386,14.7782156151326,10377,0.9934487374618203,0.04671180474572448,-0.1042957972926652,1751968653.877
387,14.778393303923773,10368,0.9938200950137757,0.0369787291030296,-0.10466227754417833,1751968654.947
388,14.778555235235988,10324,0.9941807832049301,0.02753062859089125,-0.10414717852837806,1751968656.015
389,14.77873069298541,10441,0.9945303237390857,0.018444767858089003,-0.10280673957523839,1751968657.083
390,14.778976360422968,10517,0.9949796992061031,0.007007430116404379,-0.09983132820360657,1751968658.153
391,14.779183245757565,10644,0.9953042092757186,-0.000986722933554601,-0.0967913083695486,1751968659.222
392,14.779392757043473,10773,0.9956176803075439,-0.008418012292379684,-0.09313738093843191,1751968660.295
393,14.779568602694633,10928,0.9959200381949093,-0.015236332420697343,-0.08894454281301555,1751968661.366
394,14.779716849705,10959,0.9962109041824098,-0.02140395607161611,-0.0842953441926057,1751968662.435
395,14.780030231188949,11013,0.9965809544374643,-0.028569591959784677,-0.07752534854977422,1751968663.504
396,14.780324070125825,10010,0.9968452672247088,-0.03312957463893457,-0.07212450690259206,1751968664.478
397,14.780546426931748,9995,0.9970152553480145,-0.03577831202411539,-0.06841412859957055,1751968665.452
398,14.780929972759395,9920,0.9972610238447576,-0.03916502197850445,-0.06274194269807976,1751968666.421
399,14.781365231637905,9998,0.9974955040258204,-0.04185984190603535,-0.05701292032404823,1751968667.381
400,14.781848845328412,9998,0.9977186294786651,-0.043882906319777364,-0.05130133452595465,1751968668.355
401,14.782357528936549,9974,0.9979305308264063,-0.04525671252810945,-0.04567806492918854,1751968669.328
402,14.782901629403948,9931,0.9981311536756844,-0.04601248056388941,-0.040212581294974535,1751968670.298
403,14.783444787136583,9984,0.9983208620982099,-0.04618285317281599,-0.03496570280010486,1751968671.271
404,14.783923033757352,10002,0.9984998421806803,-0.04581031546091206,-0.029991334790706623,1751968672.246
405,14.784280055284869,10003,0.9986679386830727,-0.04494738107522126,-0.025339320846887312,1751968673.218
406,14.78457174936751,10048,0.9988248974182165,-0.043649686764941215,-0.021060131595310557,1751968674.18
407,14.784800409023754,10068,0.9989707727013889,-0.04197248149359004,-0.01719610670065123,1751968675.155
408,14.784989323930233,10113,0.9991057434422044,-0.03997417649803216,-0.013776016626888753,1751968676.128
409,14.785194371869217,10089,0.9992298085195974,-0.037718361635177965,-0.010821966616412857,1751968677.098
410,14.785404318741367,10154,0.9993428090729886,-0.03527297556560403,-0.008352673156341804,1751968678.071
411,14.785532530757937,10204,0.9994119289804704,-0.03357191286860831,-0.006980177496142165,1751968679.045
412,14.785689767491569,10176,0.9995063788548724,-0.03096055908998716,-0.005333142530964761,1751968680.018
413,14.785859511390807,10177,0.9995897115918136,-0.028336646585324237,-0.004176474601041451,1751968680.988
414,14.786056917805272,10211,0.999661989808344,-0.025761400832149766,-0.003500908394638364,1751968681.961
415,14.786296202573249,10207,0.9997232658152027,-0.023293884680129166,-0.003284314889660273,1751968682.936
416,14.78659494529995,10183,0.9997732124562801,-0.0210096887559178,-0.003480895463726944,1751968683.908
417,14.787001711990776,10221,0.9998092907642012,-0.019143189511966578,-0.00386269295880731,1751968684.878
418,14.78752089081581,10229,0.9998334591561325,-0.017737906084163438,-0.004291927263088478,1751968685.852
419,14.788081644953545,10223,0.9998485682176185,-0.016760951972660657,-0.004680931760723369,1751968686.826
420,14.788568860908343,10167,0.9998570580283644,-0.016167800516469315,-0.004946285204412995,1751968687.795
421,14.788919163555567,10211,0.9998610867622904,-0.015896498093069915,-0.005010840938266695,1751968688.769
422,14.789157370372115,10206,0.9998624764371671,-0.015870397275951853,-0.0048123490354572244,1751968689.743
423,14.789386886741823,10148,0.9998625653063147,-0.016009855525482234,-0.004305232296712006,1751968690.716
424,14.789531971294082,10200,0.9998623561806395,-0.016155224811067553,-0.0037785452497072643,1751968691.68
425,14.789741333054543,10203,0.9998620659176278,-0.016389639122806016,-0.0026886554925244824,1751968692.655
426,14.789950055240384,10199,0.9998621213126446,-0.016559400332555325,-0.0012347569819724266,1751968693.628
427,14.790263315015757,10121,0.9998622509511108,-0.016593056601326026,0.00038677590805167363,1751968694.598
428,14.790688984377192,10175,0.9998612098702211,-0.016539574551942143,0.0020008674364815804,1751968695.571
429,14.791258114987139,10170,0.999855963099475,-0.01657351196973676,0.003656741091521144,1751968696.545
430,14.791859509332765,10132,0.9998547093045113,-0.01622232732480351,0.005234154923032133,1751968697.518
431,14.792543928150192,10174,0.9998545446658318,-0.015670590615976882,0.006732169102801095,1751968698.48
432,14.793251579677642,10171,0.999854384025776,-0.014988573114791879,0.00815802797363542,1751968699.455
433,14.791784352099954,10187,0.9998542869696396,-0.014174021341723669,0.009513251149738753,1751968700.428
434,14.784949713767812,10128,0.9998541595902989,-0.013242201381815016,0.010784417116402541,1751968701.397
435,14.772779010258732,10176,0.9998538792324878,-0.012207905413289198,0.011966086627044114,1751968702.371
436,14.75529568746933,10194,0.9998532856956255,-0.011084543812455884,0.013059095379528532,1751968703.345
437,14.734492931153119,10202,0.9998524431154002,-0.009877029242468607,0.014054760386029604,1751968704.318
438,14.720613049733666,10160,0.9998518312403316,-0.00902595454441068,0.014657684329991382,1751968705.28
439,14.699806367791005,10219,0.9998509466601884,-0.007682388792811402,0.015461738749608808,1751968706.254
440,14.679040968113547,10230,0.9998501460366017,-0.00627145059367935,0.016135500551184963,1751968707.227
441,14.658357450260695,10217,0.9998493982608281,-0.0048121742576593,0.01667404499135385,1751968708.201
442,14.637705949255711,10233,0.9998486579329088,-0.003316612357815918,0.01707809451400439,1751968709.171
443,14.61706916499015,10273,0.9998479450513822,-0.0017957690910074197,0.017345373731919373,1751968710.144
444,14.596463296032328,10289,0.9998472545938907,-0.00026320372729552973,0.017475646049793306,1751968711.119
445,14.57590750109656,10251,0.9998466289799173,0.0012640926892328202,0.017467701255992278,1751968712.079
446,14.555403274953797,10313,0.9998460395908254,0.0027769076314475404,0.017325873673441936,1751968713.054
447,14.534920420337254,10353,0.9998455621715371,0.004262490355358417,0.017049427610724466,1751968714.027
448,14.514518796699468,10355,0.999845214475966,0.005711408639419052,0.0166411207814635,1751968715.001
449,14.494226304470965,10321,0.9998449476124522,0.007114170779386374,0.01610805102966518,1751968715.97
450,14.474074038308109,10367,0.9998446703016941,0.008469042794415611,0.015456732625074302,1751968716.944
451,14.453986766408008,10397,0.9998443607812636,0.009767313294305333,0.014691963957128887,1751968717.917
452,14.440633713747953,10387,0.9998441492209387,0.010595185187753603,0.01412159054407011,1751968718.883
453,14.420697103224551,10372,0.9998438342714999,0.011771249142140994,0.013181227670413482,1751968719.853
454,14.400847023018366,10418,0.9998435022203239,0.012862227362715155,0.012146364685242295,1751968720.827
455,14.38106887339957,10441,0.9998431493333031,0.013859131630794138,0.011027293489456717,1751968721.801
456,14.361348208655663,10366,0.9998427532152787,0.0147562146640989,0.009834783763675607,1751968722.769
457,14.341682542762024,10451,0.9998422907321087,0.015550507956386697,0.008577608400222385,1751968723.744
458,14.322044725118996,10444,0.9998417578125774,0.016240616676611266,0.007259593943091948,1751968724.718
459,14.302353174784141,10486,0.9998413044070291,0.016814894507000907,0.005884328710134229,1751968725.683
460,14.282656332384601,10455,0.9998409163786224,0.017269076566823513,0.004463286870228518,1751968726.653
461,14.262986224233696,10484,0.9998405933646556,0.01759861404142526,0.0030127469250002324,1751968727.626
462,14.243354364411813,10525,0.9998402900680405,0.01780469335635852,0.001545073183583085,1751968728.601
463,14.223702261073166,10516,0.9998400757282935,0.017883453963056392,7.100698261200189e-05,1751968729.573
464,14.204070746767034,10550,0.999839937325763,0.017836530991064803,-0.0013992464467757796,1751968730.543
465,14.191020882095728,10588,0.9998398462390305,0.017738702135948987,-0.0023707212497203352,1751968731.517
466,14.171553904933116,10618,0.9998395903739844,0.01750062962742125,-0.0038107064209695796,1751968732.483
467,14.152171550025741,10586,0.9998391771300433,0.017154957058197487,-0.005227554327709651,1751968733.453
468,14.132802741425749,10635,0.9998386637440035,0.016699611591829693,-0.00661584879568856,1751968734.426
469,14.113427837128084,10621,0.9998380780508646,0.01613460777897403,-0.007968193733334473,1751968735.401
470,14.09404064443753,10613,0.9998374756461604,0.01546073746073356,-0.009272965581938755,1751968736.373
471,14.07472608080388,10657,0.999836775649579,0.014686714878888018,-0.01052247426795636,1751968737.343
472,14.05544296022114,10678,0.9998358819335664,0.013822498604726747,-0.011711008942434745,1751968738.317
473,14.036137544988149,10688,0.9998348180958739,0.012873962333574702,-0.012829560281806403,1751968739.283
474,14.01678885870747,10639,0.9998336550247191,0.011841090837764252,-0.013872665485872506,1751968740.252
475,13.997362245295296,10708,0.9998324532031327,0.010724048267376947,-0.01483442990358888,1751968741.226
476,13.977845127925864,10729,0.9998312894369185,0.0095197748966381,-0.015708804818524887,1751968742.2
477,13.958239061112687,10740,0.9998301929202427,0.008236600677617422,-0.01648465147790057,1751968743.173
478,13.938557895584971,10699,0.9998292276011649,0.006889350435931367,-0.017147958625702665,1751968744.143
479,13.925436061414121,10781,0.9998286551592146,0.005961994442596421,-0.017524695283592698,1751968745.117
480,13.905822413717901,10809,0.9998277961989038,0.004535973238461628,-0.017994524023246288,1751968746.083
481,13.886278897827852,10776,0.999826956190082,0.0030727346334874076,-0.018347097251278848,1751968747.056
482,13.866825105569081,10803,0.9998261942223098,0.0015836199087173792,-0.01857615393231344,1751968748.025
483,13.847498902770749,10863,0.9998253899697915,8.081477153907368e-05,-0.01868644002283651,1751968749.0
484,13.828204162195105,10856,0.9998245175053413,-0.001428046464668734,-0.01867872796810205,1751968749.973
485,13.808845185913478,10814,0.9998236699269737,-0.0029312774820239628,-0.018548225415957957,1751968750.942
486,13.78948941751743,10888,0.9998228703446449,-0.004423890627025764,-0.018293636257334843,1751968751.916
487,13.770146670878596,10904,0.9998221313175722,-0.005895082088801978,-0.017915181683514157,1751968752.882
488,13.750834617899299,10899,0.9998213784555603,-0.007337440829701211,-0.017417610206167985,1751968753.856
489,13.731504700938828,10871,0.9998205074049261,-0.008743221694970866,-0.016808005442315234,1751968754.825
490,13.712120740880538,10952,0.999819540436516,-0.01010461915693025,-0.016086740906954076,1751968755.799
491,13.692713582220915,10954,0.9998184639143879,-0.011410645066527255,-0.015258977522747848,1751968756.773
492,13.679744485865296,10910,0.9998177490922229,-0.01224527128230919,-0.014646567221828543,1751968757.742
493,13.66023173410283,10991,0.9998167711800351,-0.013431421201758262,-0.013638951265781312,1751968758.717
494,13.640750864453944,10994,0.9998158555050947,-0.014533205683966892,-0.012531600582655313,1751968759.682
495,13.621349920624683,11006,0.9998149076469756,-0.015546807944416454,-0.01133345532522957,1751968760.656
496,13.60200670348464,9989,0.9998138998573274,-0.016465311044312442,-0.010052819718671651,1751968761.539
497,13.582649789320715,10003,0.9998127742538315,-0.017284530049710586,-0.008698359604973819,1751968762.423
498,13.569695233768446,9977,0.9998120236608259,-0.017770319483959934,-0.007754552771257383,1751968763.306
499,13.55016848228781,10013,0.9998109867480387,-0.018397699900238113,-0.006286128879840442,1751968764.183
500,13.530634571749292,10008,0.9998100614698583,-0.0188981621547596,-0.004764499009386116,1751968765.067
501,13.517651347494539,10050,0.9998094801322204,-0.019160460725182682,-0.003725611699837271,1751968765.946
502,13.498254196455957,10064,0.9998086149750974,-0.01944606868609514,-0.0021409890782339747,1751968766.83
503,13.478895565324972,10093,0.9998078330523373,-0.019596163248361033,-0.0005360532931240792,1751968767.714
504,13.466002078840217,10090,0.999807367632674,-0.019619821271952893,0.0005387398998773228,1751968768.597
505,13.446672456520604,10132,0.9998066977084624,-0.019543406380176574,0.002149996362459611,1751968769.48
506,13.433751833124541,10150,0.9998063128713147,-0.019415779686135084,0.003219354259190278,1751968770.364
507,13.414359985394977,10157,0.9998057817927208,-0.01911300503956091,0.004805385749764354,1751968771.247
508,13.39493388336871,10175,0.9998052150027136,-0.01868242328183559,0.0063638913956719015,1751968772.131
509,13.381953088061326,10171,0.9998048474933497,-0.018323832689255123,0.0073826881537674745,1751968773.014
510,13.36243701375168,10205,0.9998043449631135,-0.017679098074752958,0.008872501571863258,1751968773.898
511,13.342876666139206,10199,0.9998039287387052,-0.016909694605121862,0.010303703558021708,1751968774.781
512,13.329860495268319,10220,0.9998036648306015,-0.01633135130059744,0.011221352681156347,1751968775.665
513,13.310341339725934,10239,0.999803245388865,-0.015371373823444274,0.01253759852096612,1751968776.548
514,13.290808987844114,10254,0.9998027250834516,-0.01430349145101462,0.013781184565013727,1751968777.432
515,13.277759981898337,10245,0.9998023038699552,-0.013534854037019827,0.014565744145989509,1751968778.316
516,13.258103810107801,10265,0.999801557336207,-0.012301687408255902,0.01566890024873136,1751968779.182
517,13.238334768556438,10270,0.9998006776681126,-0.010976339706698588,0.0166770771127898,1751968780.066
518,13.225104578797813,10266,0.9998001104818287,-0.010043217234220659,0.017287939961417205,1751968780.949
519,13.205221236928711,10284,0.9997993678860206,-0.008577812372823257,0.018100969852751204,1751968781.834
520,13.185348173623325,10283,0.9997987337306529,-0.0070443865373090615,0.018784798345899335,1751968782.717
521,13.172138163052834,10321,0.9997983086127114,-0.0059931741417972705,0.01916830610324543,1751968783.6
522,13.15232979176048,10344,0.9997976730178824,-0.004380482367674729,0.019632228662430102,1751968784.483
523,13.132499845116621,10360,0.9997970248668836,-0.0027350625256387694,0.01996067384405266,1751968785.367
524,13.11929303471837,10356,0.9997965490639598,-0.0016251928985600605,0.020105203998951375,1751968786.25
525,13.099509107696813,10379,0.999795766834201,5.374236065087223e-05,0.020209446607234744,1751968787.134
526,13.079760028878928,10392,0.9997948930583576,0.00173670671951197,0.020178098626922256,1751968788.017
527,13.066614016860253,10364,0.9997942569168021,0.0028595155935336363,0.02008150907551232,1751968788.9
528,13.046948714194748,10404,0.9997932615509368,0.004536557034017464,0.019820540043526545,1751968789.783
529,13.027360254739792,10418,0.9997922214007691,0.006196046313351075,0.019419655934089737,1751968790.663
530,13.014296369289005,10457,0.9997915314613196,0.007285358331178173,0.019073992036680917,1751968791.546
531,12.994702029452618,10447,0.9997905411712131,0.008881986519035238,0.018438657761572223,1751968792.43
532,12.9750682435598,10470,0.9997896499987763,0.010415976038135023,0.017668140776478335,1751968793.314
533,12.961973041962136,10477,0.9997891022375116,0.011399137375522733,0.017082468036103284,1751968794.18
534,12.942306565108014,10475,0.9997883019141495,0.012812504798022338,0.016099412300514083,1751968795.064
535,12.922600232606484,10487,0.9997875971922491,0.01414105334059141,0.014993035415409695,1751968795.947
536,12.909441718350296,10516,0.999787194035945,0.014973255744653885,0.014190428257696947,1751968796.83
537,12.88972953426025,10528,0.9997866320366385,0.01613605873348977,0.012896433979385299,1751968797.714
538,12.869999760767126,10538,0.9997860825532807,0.01718997112901806,0.011501913986304332,1751968798.597
539,12.856826925116248,10562,0.9997856967541537,0.017828266975928837,0.01052204649515837,1751968799.481
540,12.837004168431863,10582,0.9997852022693869,0.018678573015109494,0.008981104235015731,1751968800.365
541,12.817166209173772,10609,0.9997847269380105,0.019395965990721246,0.007368601276663793,1751968801.248
542,12.803957706067678,10630,0.9997843882466032,0.019799068551901527,0.0062589058822120425,1751968802.132
543,12.784178608163764,10634,0.999783816427783,0.020288460725782893,0.0045495901436833535,1751968803.015
544,12.764387635034204,10641,0.9997831552293671,0.020635412829708776,0.0027968298050880637,1751968803.899
545,12.75115047669856,10673,0.9997826870974383,0.0207839479355481,0.0016143383902590262,1751968804.782
546,12.731197417494755,10697,0.9997820322086396,0.020877221542368953,-0.00017231782694337707,1751968805.666
547,12.717838124749779,10700,0.9997817048129038,0.020848802818066895,-0.0013675315195017539,1751968806.549
548,12.697799334087192,10704,0.9997812631481697,0.020675069866038124,-0.0031571100526564203,1751968807.433
549,12.677717690795415,10711,0.9997808199242795,0.020347304132843483,-0.004929434659406746,1751968808.316
550,12.664288256356535,10737,0.9997805189346837,0.02004462474399415,-0.006093191082433186,1751968809.199
551,12.644122788964884,10777,0.9997800118464986,0.019469688394192546,-0.0078012272142525515,1751968810.082
552,12.623968235625313,10773,0.9997793698951433,0.018756070950811745,-0.00945628545246369,1751968810.967
553,12.61052925208716,10781,0.999778896737009,0.018204839730953996,-0.010523376345041344,1751968811.85
554,12.590396474358386,10798,0.9997781617653388,0.017264746960338362,-0.012064649581125908,1751968812.734
555,12.570320935438282,10822,0.9997773179390176,0.01620014437856924,-0.013522938171047768,1751968813.617
556,12.556949450337763,10828,0.9997767439660571,0.015424140917507179,-0.014441540831430387,1751968814.483
557,12.536959146514675,10826,0.9997758521103814,0.014167102005590605,-0.015733364475650664,1751968815.367
558,12.517024940813414,10875,0.9997748463814531,0.012805498492907895,-0.01691968531887721,1751968816.25
559,12.50371382408942,10893,0.9997741581074888,0.011840531256001841,-0.017647509740398682,1751968817.134
560,12.483767578202462,10860,0.9997731216955968,0.0103148695407195,-0.018636217464909982,1751968818.017
561,12.46383999358918,10920,0.9997721034828233,0.008706276713819851,-0.019492096945001605,1751968818.9
562,12.450529208726675,10930,0.999771456992899,0.0075942115671167355,-0.019984036953775635,1751968819.779
563,12.43051545154363,10954,0.9997706027945047,0.005870386122941174,-0.020598066770457318,1751968820.663
564,12.410524996092345,10960,0.9997698582962626,0.00408950968236155,-0.021059590519021593,1751968821.547
565,12.397210001154658,10963,0.9997694104297116,0.0028781009910973914,-0.021280096421587572,1751968822.431
566,12.377281616938914,10990,0.9997687813441689,0.001033650107215356,-0.02147825451593508,1751968823.314
567,12.357353593138084,11007,0.9997682001724283,-0.0008274300607094481,-0.021514211198134434,1751968824.197
568,12.34407026110679,10009,0.9997678455440909,-0.0020709388485421537,-0.021446823270880096,1751968825.001
569,12.330772289000794,10029,0.9997675545840348,-0.0033103763552382137,-0.02130441760400234,1751968825.804
570,12.3108163907678,10051,0.9997672669885385,-0.005150497271928719,-0.02094956410335046,1751968826.607
571,12.297523053294071,9987,0.9997671255710324,-0.006358188450395335,-0.02062202868451011,1751968827.409
572,12.277590211079865,10058,0.9997668683428489,-0.008132499795924265,-0.020001785195372993,1751968828.208
573,12.264248677493576,10085,0.9997666523250882,-0.009283771770406776,-0.01950519111420004,1751968829.012
574,12.244146361383017,10082,0.999766288331389,-0.010952274361750556,-0.01863910948471007,1751968829.815
575,12.230714115116172,10111,0.9997660500863212,-0.012020198596027685,-0.017982211224082577,1751968830.618
576,12.217269485123586,10080,0.9997657994779598,-0.013050585898888871,-0.017263499120725483,1751968831.42
577,12.19708060060497,10086,0.9997654105035988,-0.014513491548279602,-0.01607739169294479,1751968832.22
578,12.183595548703101,10151,0.9997651342919532,-0.01542932242091823,-0.015218812825712512,1751968833.023
579,12.163314850625627,10164,0.999764643057152,-0.016710588405666783,-0.013835271155351157,1751968833.826
580,12.149731546134218,10173,0.9997643063207744,-0.017496675875932323,-0.012852942862762918,1751968834.629
581,12.136112966520624,10155,0.9997639759718794,-0.01822474423341538,-0.011825863457946274,1751968835.432
582,12.115671873883928,10186,0.9997635247289861,-0.019201707305465512,-0.010207304150908512,1751968836.231
583,12.102101588581302,10206,0.9997632086658985,-0.0197738912451143,-0.009084042222133713,1751968837.034
584,12.081855713291482,10241,0.9997627249510331,-0.020508516196792947,-0.0073412915682983,1751968837.837
585,12.068436822469218,10261,0.9997623570670022,-0.02091588041096215,-0.006144537286593952,1751968838.64
586,12.048394590884584,10256,0.9997617901021113,-0.02139681569019984,-0.004305732242181646,1751968839.443
587,12.035076979205286,10228,0.9997614528617973,-0.02162612115507083,-0.0030574916932806073,1751968840.241
588,12.021783314696206,10278,0.9997610982379999,-0.021783409168834224,-0.0017970906853758664,1751968841.045
589,12.001849445556463,10307,0.9997605424285558,-0.02188255474540592,0.00010770689030648655,1751968841.847
590,11.988551096999247,10294,0.9997601836362553,-0.02185565034359831,0.0013804939910189145,1751968842.651
591,11.96862390556813,10323,0.9997595064684178,-0.021683239766174936,0.0032812100311026843,1751968843.454
592,11.955345695850122,10274,0.999758942596858,-0.02148178328696744,0.00453758574840756,1751968844.252
593,11.942055651549321,10349,0.9997583111982928,-0.021211020554110133,0.0057802938498380104,1751968845.055
594,11.922140229695378,10359,0.9997572607836404,-0.020673658554026392,0.007617043546121906,1751968845.86
595,11.908858326919544,10373,0.9997564932217674,-0.02022983818248234,0.008815208904207594,1751968846.662
596,11.888903489112403,10380,0.999755370975125,-0.019432959150054805,0.01056211650485259,1751968847.465
597,11.87557008205324,10354,0.9997546839522223,-0.018814685182128928,0.011686724823034265,1751968848.263
598,11.855537022768805,10414,0.9997537203407598,-0.017760171346051554,0.01330695226446982,1751968849.067
599,11.842151582244716,10445,0.9997530795942227,-0.01697897703037311,0.014335068219930136,1751968849.87
600,11.828743396152442,10459,0.9997524581642008,-0.016137176331163742,0.015317112479013932,1751968850.673
601,11.808605965360432,10444,0.999751581089855,-0.014767798891998415,0.016693957715914313,1751968851.476
602,11.795156069312105,10404,0.9997510568558949,-0.013790530492946807,0.0175398285123953,1751968852.278
603,11.774997258991865,10489,0.99975031380307,-0.01223403181272755,0.01869862337895936,1751968853.078
604,11.76158515992891,10523,0.9997498412183162,-0.011141943464322986,0.01939360925122943,1751968853.881
605,11.748183050901867,10532,0.9997493919385594,-0.0100119683938097,0.020022832151376235,1751968854.682
606,11.728148813315643,10524,0.9997486814957228,-0.008253656507430499,0.020843488235438287,1751968855.483
607,11.714837441564146,10484,0.9997481475790592,-0.007041756138219681,0.021308568293750114,1751968856.283
608,11.694891451668548,10568,0.9997473335277097,-0.005174247309032873,0.02187455757310866,1751968857.08
609,11.681598638723516,10583,0.9997467634591303,-0.0039043451741152713,0.022162243608338017,1751968857.881
610,11.661619123567963,10602,0.9997459147063222,-0.0019681606144778155,0.022455119055906723,1751968858.682
611,11.64827483174934,10609,0.9997454013558765,-0.0006605301169830121,0.022554293776176345,1751968859.483
612,11.634917070495854,10564,0.9997449492910315,0.000651821205196886,0.02257457632358069,1751968860.279
613,11.614864354920767,10631,0.9997443509729598,0.00261663960893189,0.022458537236705357,1751968861.08
614,11.601454540171849,10643,0.9997440248441145,0.003915626287632072,0.022283461563814992,1751968861.881
615,11.581309920419585,10662,0.9997435832828934,0.0058431866623721825,0.021877496527460752,1751968862.682
616,11.567870384006381,10683,0.9997432909115337,0.007106918983586396,0.021513809052259362,1751968863.483
617,11.554416491865657,10663,0.9997429724264552,0.008350079473651581,0.02107760082883193,1751968864.283
618,11.534186001020664,10637,0.9997424390765784,0.010167918254577739,0.020289626600354837,1751968865.08
619,11.520635930435184,10715,0.9997421034636563,0.011339136801809467,0.019676141355804876,1751968865.881
620,11.500279831570058,10732,0.9997416674294182,0.013023307144166581,0.018627717962094014,1751968866.682
621,11.486704848389897,10728,0.9997414029793432,0.014094402735449162,0.017845867320630607,1751968867.483
622,11.473158322421861,10716,0.9997411118701054,0.015121056624082838,0.017001849408131167,1751968868.283
623,11.45289225960539,10728,0.999740530697493,0.016569310822022166,0.015631033861461183,1751968869.08
624,11.439395608269214,10772,0.9997401279969621,0.01746598921551151,0.014649767688993108,1751968869.881
625,11.419224455435579,10779,0.9997394979614946,0.018701674935776822,0.013083713933554161,1751968870.682
626,11.405791796716613,10821,0.9997391251317232,0.01944619401655517,0.011980284601265056,1751968871.483
627,11.3923464884083,10803,0.9997388516426046,0.020120882605388527,0.010834140459983398,1751968872.283
628,11.372194795243615,10803,0.9997386016964829,0.020999088927154484,0.009042485398977597,1751968873.079
629,11.358830281135727,10873,0.99973840749129,0.021496359855525143,0.007811728345321922,1751968873.88
630,11.338851154993128,10898,0.9997380498491899,0.022108594924843947,0.005919604225626886,1751968874.681
631,11.325567422370364,10931,0.9997377245247089,0.022428029092200683,0.004633106214684212,1751968875.482
632,11.305640634791025,10942,0.999737075527584,0.022773470641380095,0.002673733438502152,1751968876.283
633,11.292339067318911,10862,0.9997365759368929,0.022911677108849778,0.0013541735623866396,1751968877.079
634,11.279006727929591,10960,0.9997360373905179,0.02297509110770514,2.704251577013874e-05,1751968877.883
635,11.258923298235807,10997,0.9997352480373299,0.02292530394588183,-0.0019657748414883226,1751968878.686
636,11.245495319136907,11003,0.9997347722222913,0.022794192451912606,-0.0032878564610768226,1751968879.489
637,11.232070179518692,9979,0.9997343173992174,0.022585978943041547,-0.004600887904042715,1751968880.217
638,11.21195122051095,10014,0.9997336920744828,0.02212897584131006,-0.006546247729656962,1751968880.945
639,11.198579579360278,10071,0.9997331959837185,0.021733134269775904,-0.007823536476042545,1751968881.678
640,11.185191269254586,10044,0.9997326118264744,0.021267525729012447,-0.009077290343578088,1751968882.406
641,11.171767368441486,10031,0.9997320021354641,0.020730712964839106,-0.010303467677723357,1751968883.134
642,11.15832701856891,10047,0.9997313823859766,0.020122899372525867,-0.011499217080629528,1751968883.862
643,11.1382107054755,10117,0.9997304180415442,0.019083888457958654,-0.013224841919790833,1751968884.594
644,11.124828583660832,10076,0.9997297712979378,0.01830922032818866,-0.014323296811382114,1751968885.322
645,11.111462290905958,10081,0.9997291393884497,0.017472544943513357,-0.015373939990346544,1751968886.05
646,11.09812206367357,10083,0.9997285509973927,0.016574557723863712,-0.016374014685228394,1751968886.778
647,11.0848277311302,10132,0.9997279701397394,0.015619326691418203,-0.017321153367578872,1751968887.51
648,11.064931087083822,10162,0.999727212456145,0.014084731710846635,-0.01863118373317805,1751968888.24
649,11.051685498245098,10129,0.9997267621887257,0.013000306386915858,-0.01942660540324255,1751968888.968
650,11.038445507826996,10167,0.9997263003407437,0.011872644253345015,-0.020158490157811473,1751968889.695
651,11.02518424571199,10172,0.9997258132875748,0.010707608756071582,-0.020824153313500335,1751968890.427
652,11.011901873835784,10255,0.9997253132255426,0.009507749784627217,-0.02142196980026968,1751968891.156
653,10.991979495920013,10200,0.9997245810169557,0.007642109829699078,-0.02218919259060827,1751968891.882
654,10.97871297156356,10225,0.9997240914885787,0.0063607424162645185,-0.022611542478341736,1751968892.611
655,10.965423572865262,10212,0.9997235858384691,0.0050536433384902706,-0.022961110758857366,1751968893.338
656,10.952092801061218,10309,0.9997230904204267,0.0037241463995002434,-0.023235171912991306,1751968894.071
657,10.938726924479786,10230,0.9997225129088851,0.0023759075003416314,-0.02343613122283619,1751968894.782
658,10.925343888254588,10252,0.9997218882027537,0.00101241611621936,-0.023561011479320344,1751968895.511
659,10.905282161586506,10250,0.9997208495996596,-0.0010545767331845903,-0.023603193505299262,1751968896.238
660,10.891907210336216,10341,0.9997201044142888,-0.0024416415769593835,-0.023531919094991163,1751968896.971
661,10.878533995779621,10287,0.999719300219793,-0.0038269933002243912,-0.023381079751101187,1751968897.699
662,10.865113482595845,10309,0.99971852082678,-0.00520270579197439,-0.02314759098388697,1751968898.427
663,10.851674700789413,10325,0.9997177774260118,-0.006562177462814619,-0.022832067916455746,1751968899.155
664,10.831556192486193,10403,0.9997166163751745,-0.008561117947791411,-0.022212478539234828,1751968899.883
665,10.81819334294304,10340,0.9997158419355616,-0.0098607760896448,-0.021702545426305068,1751968900.612
666,10.804877074540276,10352,0.9997150934545654,-0.011125346393420926,-0.021117731572210342,1751968901.34
667,10.791576153037566,10360,0.9997144164680145,-0.012347406453844858,-0.020460377803960726,1751968902.068
668,10.778288061147839,10454,0.9997138081442934,-0.013523766594562964,-0.019733462512459627,1751968902.8
669,10.758341896911343,10422,0.9997130452830418,-0.015195808514132159,-0.018517950602283985,1751968903.529
670,10.745044496891255,10434,0.9997125664494594,-0.01624598699670735,-0.01763100648114193,1751968904.256
671,10.731778428075984,10445,0.9997120803865889,-0.017242834870262437,-0.016686550714733583,1751968904.98
672,10.71853087395073,10489,0.9997115825506668,-0.018185903032608034,-0.015685172773353715,1751968905.713
673,10.705259973729833,10519,0.9997110989268463,-0.019069883215573524,-0.014630729189672757,1751968906.441
674,10.68527412328584,10492,0.9997104311154713,-0.02027976260549706,-0.012953190633318252,1751968907.169
675,10.671904608136497,10506,0.9997100309997532,-0.021005249336331692,-0.01177426935273943,1751968907.897
676,10.658523828377968,10561,0.9997096344768905,-0.021664341234883713,-0.010550026205682387,1751968908.629
677,10.645096850384121,10543,0.9997093036058666,-0.022251142502223875,-0.00928412307215809,1751968909.358
678,10.631648859029392,10547,0.9997090251646494,-0.022763496790753818,-0.007980489847343201,1751968910.081
679,10.61146799725189,10560,0.999708640784306,-0.023387739064385685,-0.005970527836925712,1751968910.81
680,10.598019763390234,10598,0.9997083729730813,-0.023705915951512942,-0.004604189007227699,1751968911.542
681,10.584592833651424,10657,0.9997081053776207,-0.023943668801086202,-0.0032256420495423307,1751968912.271
682,10.571178439339908,10622,0.9997078747503111,-0.024099460666729317,-0.0018387924812678078,1751968912.999
683,10.557768856387934,10610,0.9997077027468735,-0.024172511737533094,-0.0004458081062743597,1751968913.727
684,10.54435919622264,10630,0.9997075524725584,-0.024164321561557067,0.00094609343965325,1751968914.454
685,10.524292265681192,10726,0.999707167857,-0.02400912368905078,0.003023328467081554,1751968915.183
686,10.510932229492969,10677,0.9997068309016499,-0.023809923072795957,0.004397705293406477,1751968915.912
687,10.49758290632072,10697,0.9997063748796247,-0.023536427128633155,0.00576199818275778,1751968916.64
688,10.484233251927632,10715,0.9997058182577157,-0.02318846481336807,0.007111402201406913,1751968917.368
689,10.47089834855009,10778,0.9997051341698628,-0.022767677858861,0.008442603824154602,1751968918.1
690,10.45085962107931,10739,0.999703985421694,-0.021999271360613182,0.010391034192189048,1751968918.828
691,10.437474587017398,10726,0.9997031719286491,-0.021395599709948615,0.011653169047497507,1751968919.556
692,10.424062716166711,10741,0.999702301696656,-0.020719445433980573,0.012884586268745588,1751968920.279
693,10.410612887496873,10852,0.9997014067968726,-0.019971778116504312,0.014079251656930218,1751968921.013
694,10.397140065887548,10786,0.9997004770243205,-0.019154826230666992,0.015233150344533387,1751968921.741
695,10.376906564563596,10801,0.9996989798610324,-0.017806883005840133,0.016877931817241447,1751968922.469
696,10.363435565951033,10808,0.9996979009830905,-0.016832551615390046,0.017910108210680148,1751968923.197
697,10.349978444099538,10861,0.9996967947787159,-0.015799122949761775,0.018886667868640475,1751968923.929
698,10.336520778179475,10852,0.9996957448214729,-0.014705775258359994,0.019802978561093067,1751968924.657
699,10.323082704063937,10860,0.9996947252610925,-0.013556493441424686,0.02065617996439589,1751968925.381
700,10.303023540725608,10854,0.999693192834775,-0.011739293163588614,0.021810758717493165,1751968926.11
701,10.289691370985285,10936,0.9996921573006377,-0.01047472969807379,0.022491568850336634,1751968926.842
702,10.276355420640384,10925,0.9996911831591283,-0.009170854806781687,0.02309618444711106,1751968927.571
703,10.263004634776356,10926,0.999690331150654,-0.007830705977251128,0.023620369340749243,1751968928.298
704,10.24966801444696,10951,0.9996895572425771,-0.006458398143687057,0.024064044413970233,1751968929.026
705,10.229719502946837,11005,0.9996884302882293,-0.0043528751847757025,0.024578340576241815,1751968929.758
706,10.216459137488437,10007,0.9996877434473714,-0.002924324195665138,0.02481660591420619,1751968930.421
707,10.203254320370391,9996,0.9996870186289905,-0.0014808108241274678,0.024973425555648687,1751968931.083
708,10.190062571648951,9979,0.9996862698863078,-2.689350661117875e-05,0.025047177037330712,1751968931.745
709,10.176871229232392,10011,0.9996855510421738,0.0014308587307887124,0.025035009103209226,1751968932.408
710,10.163668840163822,10021,0.999684868218897,0.0028825811873078944,0.02493702026836924,1751968933.072
711,10.150466878284321,10044,0.9996841786824155,0.004323887307426927,0.024755744598310602,1751968933.735
712,10.137256195911252,10055,0.9996835068437507,0.005751764524428597,0.024490882986045567,1751968934.382
713,10.124055606307092,10058,0.999682835578577,0.007163053547818855,0.024143713745964232,1751968935.045
714,10.110854487092283,10065,0.9996821564006179,0.008549831342394374,0.023716799072121177,1751968935.707
715,10.097628707043896,10085,0.999681492408661,0.009908312468252176,0.023210753534167867,1751968936.37
716,10.084412564119237,10108,0.9996808204448873,0.011236300442754622,0.022627478582410876,1751968937.033
717,10.07120511401813,10102,0.9996801448420405,0.012530441869743137,0.021968068534712823,1751968937.696
718,10.057989567266567,10108,0.9996794848035796,0.013785799511821125,0.02123392085013257,1751968938.362
719,10.044780907866581,10173,0.9996787891579249,0.0149983518917906,0.020429585122449884,1751968939.025
720,10.038180537151588,10110,0.9996784022359131,0.015588124629953752,0.020002561675270574,1751968939.683
721,10.024961414475268,10132,0.9996775685933258,0.0167317191123267,0.019099958818871915,1751968940.346
722,10.011696822419122,10161,0.9996767307792993,0.017821686351513502,0.0181334341480197,1751968941.008
723,9.998391667790878,10147,0.9996758796976177,0.018855481837544624,0.017105740424426058,1751968941.671
724,9.985058863621534,10184,0.9996749860617126,0.019830292003732576,0.01602129088311877,1751968942.334
725,9.971702007542946,10193,0.9996740553431366,0.020742904450180656,0.014883379615465594,1751968942.997
726,9.958321072034034,10204,0.9996730736892072,0.02159079581690682,0.0136961044375994,1751968943.66
727,9.944902358033936,10231,0.999672122699058,0.022369975298664434,0.012459185506942218,1751968944.323
728,9.931473662060935,10236,0.9996712256036038,0.023077144386557145,0.01117524528368621,1751968944.98
729,9.918056686929905,10282,0.9996703615923052,0.023709274560485542,0.009850809800492877,1751968945.643
730,9.904654702428598,10283,0.9996695359959478,0.024264827323352955,0.008487458784243142,1751968946.306
731,9.891250147895061,10328,0.9996687853449079,0.024738952962635553,0.007092518124690677,1751968946.972
732,9.877853909622017,10316,0.9996680863799914,0.025130195673735454,0.005673653035391283,1751968947.636
733,9.86449363055656,10383,0.9996673320991207,0.02544190306319268,0.004234938293452976,1751968948.299
734,9.85114725069674,10333,0.9996665439083241,0.02567272648796058,0.0027770677091747335,1751968948.962
735,9.837832057751644,10350,0.9996657090700758,0.025821878409555844,0.0013041107409229142,1751968949.625
736,9.82454700564662,10359,0.9996647673612585,0.025890566658677106,-0.00017735459768673554,1751968950.282
737,9.81125649431575,10362,0.9996637820432837,0.025875877128496663,-0.0016618825918630743,1751968950.945
738,9.797955894881593,10379,0.9996627238918537,0.025778789489576813,-0.0031452302891230087,1751968951.608
739,9.784625995891,10406,0.9996615764224166,0.02559960466658772,-0.004625242216728704,1751968952.271
740,9.771290059368463,10421,0.9996603351814152,0.025339199171908317,-0.006094198085640671,1751968952.934
741,9.757949025680805,10427,0.999659022614952,0.024997434360581203,-0.00754763406026017,1751968953.596
742,9.744599256494695,10429,0.999657652951985,0.02457411605274206,-0.00898274539075822,1751968954.259
743,9.731245847936481,10436,0.9996562057641658,0.024070583751682053,-0.010396022077943663,1751968954.921
744,9.717898700820562,10437,0.9996546925916213,0.02348669381003889,-0.011784345269231927,1751968955.579
745,9.704563160772974,10500,0.9996531391071644,0.022822713444228364,-0.0131424968797752,1751968956.246
746,9.69123516365845,10517,0.9996515406744519,0.02208069692027612,-0.014465132239613437,1751968956.909
747,9.677900559235253,10513,0.9996499693701754,0.021261019171219517,-0.015745088186741196,1751968957.572
748,9.664534828032545,10517,0.9996485602159808,0.020360682249013013,-0.01697641530098276,1751968958.235
749,9.65117266864183,10546,0.99964734558632,0.01938436196433373,-0.01815023342715785,1751968958.898
750,9.637849577304575,10558,0.9996461969408177,0.018341623288347927,-0.01926306821116403,1751968959.561
751,9.624542128213582,10560,0.9996450735312992,0.017235888917601017,-0.020313815442296962,1751968960.224
752,9.611237112208238,10580,0.9996440313749407,0.016069530396824933,-0.02129743480520888,1751968960.882
753,9.597953873667972,10595,0.9996430773390502,0.014848219062343352,-0.022209194465137024,1751968961.544
754,9.584722414375602,10618,0.9996421536060444,0.01357643564212316,-0.023048755478869837,1751968962.207
755,9.57152175968033,10613,0.9996412640638054,0.012257547472665118,-0.02381377145419697,1751968962.869
756,9.558354751246423,10612,0.9996404396786819,0.010893232115806175,-0.024501609193738363,1751968963.532
757,9.545212469520571,10654,0.9996396610124996,0.00948706869037654,-0.025110628396738815,1751968964.194
758,9.53210034383462,10714,0.9996388740208018,0.008046387740776244,-0.025639367986525212,1751968964.862
759,9.518979283561496,10705,0.9996381298595499,0.006575362437510074,-0.026083978602141324,1751968965.525
760,9.505883676197337,10713,0.9996373410025232,0.005080063076731231,-0.02644578288766886,1751968966.183
761,9.492785286819563,10693,0.9996365151409247,0.0035638690091624944,-0.026723331277989443,1751968966.846
762,9.47967641261441,10722,0.9996356489797862,0.002031068093210604,-0.026915498345049065,1751968967.51
763,9.466537603469227,10729,0.9996347804718888,0.0004887111859693336,-0.027019748931019702,1751968968.172
764,9.453369538863218,10758,0.9996338521527287,-0.0010576689575541017,-0.02703780624741098,1751968968.835
765,9.440181959557878,10758,0.9996327777839619,-0.0026058299994887566,-0.02697256439299662,1751968969.498
766,9.426949930827522,10799,0.9996316332354225,-0.004151569425112171,-0.026820930378908384,1751968970.16
767,9.413679975752204,10796,0.9996305042865332,-0.005688500173953982,-0.026579989947740794,1751968970.823
768,9.400386553488108,10805,0.9996294222119202,-0.0072109206082533375,-0.02624920707839257,1751968971.481
769,9.387090925225614,10832,0.9996283902956846,-0.008712974091993947,-0.02582954504691925,1751968972.143
770,9.373832051639818,10823,0.9996272892766879,-0.010189875056891815,-0.025326843065527554,1751968972.807
771,9.360582121373596,10852,0.9996261317034536,-0.011638614753168543,-0.02474145230613719,1751968973.469
772,9.347331698251534,10924,0.9996249489173181,-0.013053067060879489,-0.024074445836891965,1751968974.136
773,9.334080733723754,10922,0.9996238156291993,-0.014425838403529994,-0.0233264316447158,1751968974.799
774,9.320829280225817,10899,0.99962274036242,-0.01574899645507413,-0.022502134587265698,1751968975.462
775,9.307580683107613,10901,0.9996217238069782,-0.017020369249910405,-0.02160361830254088,1751968976.125
776,9.294318764783998,10928,0.9996207648391996,-0.018237448344117845,-0.020633031289399386,1751968976.782
777,9.281060939492695,10963,0.9996198509547701,-0.01939948046185124,-0.019591164717118758,1751968977.445
778,9.267813138866904,10934,0.9996189353152036,-0.02050370723044582,-0.01848194116176831,1751968978.107
779,9.254539611131124,10950,0.9996180312254438,-0.021544937562264534,-0.01730916850705529,1751968978.771
780,9.241197397151407,10987,0.9996172722207991,-0.022517003687041993,-0.016071515883905586,1751968979.434
781,9.227821528962242,11000,0.9996166526335603,-0.02341620739029139,-0.014772576252334415,1751968980.096
782,9.214453824191748,10026,0.9996161266781585,-0.024239799883044737,-0.013417577523009818,1751968980.698
783,9.20112949625175,10049,0.9996155136370268,-0.024989076441459646,-0.012015446507964963,1751968981.3
784,9.187817933422986,10104,0.9996148340149572,-0.02566033166716324,-0.010570288358454407,1751968981.907
785,9.181151818751992,10112,0.9996145218211576,-0.02596405755865844,-0.009832368959175929,1751968982.51
786,9.167835362642913,10098,0.9996138892553591,-0.02650860456744885,-0.00832864284631325,1751968983.113
787,9.154556655161464,10105,0.9996132173386747,-0.026967319081656154,-0.006795544376381018,1751968983.715
788,9.141307887440448,10124,0.9996125715468088,-0.02733655308217866,-0.005236379585288472,1751968984.318
789,9.12809517207385,10132,0.9996119239193754,-0.027615372022749125,-0.0036596155877618246,1751968984.92
790,9.114919349938322,10131,0.9996112424844894,-0.027804290501850983,-0.002070103452486501,1751968985.523
791,9.108348572297231,10155,0.999610868852105,-0.027865622366792204,-0.001271991686681421,1751968986.125
792,9.09524591792185,10162,0.9996099705375,-0.02792490516953508,0.0003263024531250857,1751968986.728
793,9.08215922351293,10199,0.9996089053559282,-0.027898429570365844,0.0019271638826537246,1751968987.334
794,9.069070144610034,10223,0.999607771876741,-0.02778257342894573,0.003525764779809749,1751968987.937
795,9.055992379860033,10216,0.9996064775813791,-0.02758067863590799,0.005118216811596861,1751968988.54
796,9.049442451639601,10211,0.9996057675928192,-0.027447751217727967,0.005910190205110702,1751968989.142
797,9.03630358324824,10220,0.999604288259509,-0.027116209238879346,0.007481850687765853,1751968989.744
798,9.023115771054306,10242,0.9996027328163025,-0.02669797459622707,0.009032978392479912,1751968990.347
799,9.009908163302278,10259,0.9996010196186846,-0.0261950104738196,0.010565178823016285,1751968990.949
800,8.99668617722381,10247,0.9995991789994942,-0.02560703615683468,0.012073153805024018,1751968991.552
801,8.983448963815732,10297,0.999597263136374,-0.024934003139301913,0.013550166704502683,1751968992.154
802,8.976817369233986,10284,0.9995963282730818,-0.02456416887556789,0.014275227158469747,1751968992.757
803,8.963553252048987,10336,0.9995945069157042,-0.02376174274045714,0.015690803863616685,1751968993.363
804,8.950339342781923,10391,0.9995925753424275,-0.022879660851369808,0.017064713288540832,1751968993.966
805,8.937106255555934,10344,0.9995906329765032,-0.02191763220307588,0.018389776079233457,1751968994.569
806,8.923828353029716,10378,0.9995887129215307,-0.020878386178124025,0.019659552143286903,1751968995.172
807,8.917179001159619,10346,0.9995877564971253,-0.020331708748434263,0.020271622540204356,1751968995.774
808,8.903869176175823,10398,0.9995858581094672,-0.019185145892273086,0.021448600062767845,1751968996.376
809,8.890546993130235,10375,0.9995840998509425,-0.017964687689356676,0.022558752656226918,1751968996.979
810,8.877273536785546,10419,0.9995824695843029,-0.016677142580387633,0.023595749937211634,1751968997.58
811,8.864045101199963,10418,0.9995809666743399,-0.015326099297616136,0.024556093799948484,1751968998.18
812,8.857448658021681,10446,0.9995802312339799,-0.014630288013310984,0.025006319178772878,1751968998.779
813,8.844267181382584,10503,0.999578864831275,-0.013198126795482178,0.025843808382468844,1751968999.383
814,8.831100780420352,10512,0.9995777265157219,-0.011714414154541856,0.02659212580213987,1751968999.983
815,8.817995469116319,10502,0.9995766525849367,-0.010188435244030184,0.02725273186987135,1751969000.583
816,8.804936822067152,10503,0.9995755278825685,-0.008625263789857516,0.02782748430670382,1751969001.182
817,8.791885524264174,10525,0.9995743641097719,-0.007030854544995107,0.02831356033621078,1751969001.782
818,8.785359670959288,10509,0.9995737476770489,-0.006224795296827416,0.028523234009700457,1751969002.382
819,8.772282047717919,10542,0.9995724530428757,-0.004595085307783122,0.028875531317403436,1751969002.981
820,8.759165695577744,10541,0.9995710663461144,-0.0029450101320946274,0.029137780269158125,1751969003.58
821,8.745984662387018,10570,0.9995696802514794,-0.0012810107772507908,0.029305517114424504,1751969004.18
822,8.732760221741689,10599,0.9995682682594471,0.00039091096149077156,0.02937897679345175,1751969004.784
823,8.726116040980717,10669,0.9995676243951266,0.0012272653523253034,0.029377850173868285,1751969005.383
824,8.712798730423025,10633,0.9995664233899141,0.002899288209494876,0.029301183583145245,1751969005.986
825,8.699462893007471,10644,0.9995653174857866,0.0045659192268250205,0.029126078712264806,1751969006.589
826,8.68614694739601,10658,0.9995642295501972,0.006222439439908736,0.02885536780457744,1751969007.191
827,8.672835836614341,10679,0.9995631000088127,0.007862387458713135,0.028491963151411025,1751969007.793
828,8.666175029800575,10687,0.9995625282595827,0.008672903379821168,0.02827601185237017,1751969008.396
829,8.65283944474466,10695,0.9995613700441802,0.010277597303548915,0.02777478189054763,1751969008.998
830,8.639499286892098,10730,0.999560116112149,0.011858490278079835,0.02718364372544265,1751969009.601
831,8.626141085698633,10734,0.9995587961507423,0.0134078068347275,0.026503655475451228,1751969010.207
832,8.612781199200292,10800,0.9995573625518926,0.014919360719307507,0.025738913031277313,1751969010.81
833,8.5994363027695,10781,0.9995558216609194,0.016388153347879807,0.024891520917995905,1751969011.413
834,8.592758970253849,10770,0.999555050681037,0.017104474446750326,0.024436399324164956,1751969012.016
835,8.579417327656289,10778,0.999553476111796,0.018495286859977266,0.023468548246375846,1751969012.618
836,8.566115214087716,10793,0.9995517734174547,0.019832198548540462,0.02242623817657485,1751969013.221
837,8.55283058809661,10812,0.9995499566997205,0.021112150380359813,0.021311057409341513,1751969013.823
838,8.539532702911737,10829,0.9995481826261075,0.022325327060107675,0.020124869701574646,1751969014.425
839,8.532886071391612,10835,0.9995473118517472,0.022906448560054547,0.019505537273084846,1751969015.027
840,8.519601719899,10865,0.9995455488282214,0.02401944027072037,0.018214343435078533,1751969015.63
841,8.506294448969717,10882,0.9995437682668296,0.0250635853269206,0.01685443589998127,1751969016.236
842,8.49297400614567,10946,0.999541877732782,0.026036440438508408,0.015431734436420232,1751969016.839
843,8.479660852625887,10932,0.999539899610555,0.02693240901551997,0.013951144438454348,1751969017.442
844,8.466372043065965,10944,0.9995377890465914,0.02774868758278178,0.012418478380421129,1751969018.045
845,8.459720489677304,10948,0.9995367737236742,0.02812306684276824,0.011633188962003894,1751969018.647
846,8.446414053357913,10953,0.9995348278406975,0.02880191615238939,0.010028836394023613,1751969019.249
847,8.43312309895124,10995,0.9995329844098557,0.02938516154840046,0.008386021553853311,1751969019.852
848,8.419834513410224,10999,0.9995312609324798,0.029869917838246246,0.00671166350939889,1751969020.455
849,8.406533735785754,11035,0.999529721188699,0.030252957830309395,0.00500949128744122,1751969021.057
850,8.39988562205355,10020,0.9995289882455427,0.030406929492185233,0.004149734413091544,1751969021.604
851,8.386600886737606,10037,0.9995274879509412,0.030642590600474914,0.0024150510911844555,1751969022.151
852,8.379953559485282,10018,0.9995267138957723,0.03072417242234038,0.0015405965342371651,1751969022.683
853,8.3666311912149,10035,0.9995251393291019,0.030813105615560492,-0.0002199351356375016,1751969023.226
854,8.353245303822346,10091,0.9995236089710586,0.030799294141505097,-0.001989620530430128,1751969023.774
855,8.346531085302624,10102,0.9995229012208457,0.030752176322167726,-0.002876384277813768,1751969024.321
856,8.333096417264532,10031,0.9995215453727555,0.030578840937411034,-0.004649174398013219,1751969024.864
857,8.31966733000485,10119,0.9995202230296404,0.030301602893448232,-0.0064137833503829155,1751969025.411
858,8.312971033332126,10123,0.9995195012426943,0.03012629197838432,-0.0072919933618058545,1751969025.957
859,8.299589512661152,10136,0.9995180058967096,0.029699891928231567,-0.009037273245659401,1751969026.504
860,8.286229364511037,10051,0.9995163977689311,0.029175406621579976,-0.010759472082102674,1751969027.047
861,8.279550098615083,10154,0.999515574633352,0.028876208713552603,-0.011609506263879698,1751969027.594
862,8.266187856515602,10171,0.9995139451662423,0.028203340604470297,-0.013283260027648102,1751969028.141
863,8.252821617972243,10135,0.9995123881607639,0.02743079119030532,-0.01491769445458346,1751969028.683
864,8.246135405928888,10188,0.9995116296315565,0.027008174651843086,-0.015718165708681835,1751969029.226
865,8.232768011201275,10218,0.9995101111362238,0.026094426279832852,-0.01728058603114701,1751969029.773
866,8.226080000248663,10231,0.9995094058953494,0.025602984799295223,-0.018039808649004285,1751969030.321
867,8.21274115148572,10213,0.9995080172471068,0.0245562521911843,-0.019511892196312032,1751969030.867
868,8.199464176922358,10225,0.99950659201519,0.02342925224663848,-0.02091991054817976,1751969031.41
869,8.192831108534342,10303,0.9995059213605252,0.02283508333253608,-0.02159796597931238,1751969031.958
870,8.179589071076494,10307,0.9995046579374618,0.021587311044462376,-0.022900366005530994,1751969032.504
871,8.16639753497986,10241,0.9995034296322123,0.02026759027063437,-0.02412714110844395,1751969033.05
872,8.15983341543202,10338,0.9995027536272842,0.01958404612392162,-0.024712560144438074,1751969033.594
873,8.146724961598618,10366,0.9995013109779711,0.018169249512317638,-0.02582649270567033,1751969034.141
874,8.133648265571978,10381,0.9994996526153613,0.016696611078375872,-0.02686387165450114,1751969034.683
875,8.12711976152837,10302,0.9994987178744427,0.015941574706739185,-0.027352863894205756,1751969035.226
876,8.114084147056213,10393,0.9994965772919889,0.014396208789051672,-0.02827262198844239,1751969035.773
877,8.101023462404363,10405,0.9994942558798202,0.012806119338938049,-0.02910731472880152,1751969036.321
878,8.094469263030714,10352,0.9994930864663519,0.011993955773768434,-0.02949093302800782,1751969036.867
879,8.081320834638914,10410,0.999490800420141,0.010335510978268068,-0.030188028890998073,1751969037.41
880,8.074731485020784,10438,0.9994896917791954,0.009491152134528034,-0.03050039439561401,1751969037.957
881,8.061537713642851,10471,0.9994875415183183,0.0077757446553348925,-0.031051443520762733,1751969038.504
882,8.048320260701484,10401,0.9994855695310587,0.0060265163184791285,-0.03150043492141464,1751969039.05
883,8.041709045252007,10482,0.9994846537596375,0.0051405079143752265,-0.03168599181594121,1751969039.581
884,8.028463793905468,10516,0.9994829883578505,0.003345406573190031,-0.03197755835145693,1751969040.128
885,8.015191451101153,10535,0.9994815291071093,0.0015283247986305605,-0.03216111311855476,1751969040.675
886,8.008554349829746,10453,0.9994808306758197,0.0006148570999870644,-0.03221321254268372,1751969041.221
887,7.9952781506634905,10559,0.9994794419683553,-0.0012194641009636688,-0.03223907551297814,1751969041.765
888,7.981966012750804,10575,0.9994780979301129,-0.0030601772823618503,-0.03215846813833024,1751969042.312
889,7.9753052702535445,10591,0.9994774035787976,-0.003981132302401881,-0.03207912593846972,1751969042.859
890,7.961951123715969,10517,0.9994760658864823,-0.005816425617707835,-0.03183964373409211,1751969043.401
891,7.9486015614271395,10619,0.9994747235924769,-0.007638491541922175,-0.03149492572948641,1751969043.948
892,7.941930893570466,10634,0.9994740465556521,-0.008543624216047579,-0.03128317034645012,1751969044.495
893,7.928598398718214,10600,0.999472619932675,-0.010335587447595856,-0.03078404841842014,1751969045.042
894,7.921923782981633,10615,0.9994718852647859,-0.011220967541228333,-0.030496564604777534,1751969045.58
895,7.90855456076033,10670,0.9994703116546955,-0.01296539808592802,-0.029849532213076072,1751969046.128
896,7.89517624777579,10667,0.9994685586128439,-0.01467563625075564,-0.02910714766169349,1751969046.675
897,7.888478447473696,10628,0.9994676106316165,-0.015515948552106213,-0.028701056406618537,1751969047.221
898,7.875042858461405,10703,0.9994656806999107,-0.017162028676352036,-0.027817582115925343,1751969047.765
899,7.861568067490733,10697,0.9994637656553643,-0.01875900339221334,-0.026838050110432384,1751969048.312
900,7.854835614950769,10721,0.9994627735006927,-0.019536971861249936,-0.026314845939044613,1751969048.859
901,7.841370139777934,10653,0.999460741443617,-0.021047692074015315,-0.025203590445268445,1751969049.401
902,7.828545754856133,10775,0.9994586792490936,-0.02249244779903752,-0.024009128798546227,1751969049.948
903,7.82299495095491,10786,0.9994577302706062,-0.02318695675616692,-0.023379701424863883,1751969050.496
904,7.813716502116195,10797,0.9994559007438086,-0.02452019889135272,-0.022060424173411804,1751969051.042
905,7.806825145798898,10704,0.9994542508809048,-0.025774153887811544,-0.02066139848744332,1751969051.58
906,7.804258105098847,10803,0.9994535750054931,-0.026368344798805343,-0.019931427477994756,1751969052.127
907,7.800913548668388,10830,0.9994523755928995,-0.027491528681332273,-0.01841642670208738,1751969052.675
908,7.800126510929744,10774,0.9994518739917576,-0.028018910420515873,-0.01763213637682601,1751969053.221
909,7.80025394775683,10766,0.9994511734685806,-0.028999002895019572,-0.016012797487380732,1751969053.764
910,7.801103802965193,10855,0.9994507479067708,-0.029878440173954603,-0.014334619679912685,1751969054.312
911,7.801475185407056,10854,0.9994505901832265,-0.030281531863778435,-0.013473923347831249,1751969054.858
912,7.8006490042377905,10757,0.9994502761637704,-0.031019568687455187,-0.01170178766715587,1751969055.404
913,7.797446693455684,10846,0.999449764747916,-0.03165889980218315,-0.009893523571031715,1751969055.948
914,7.794960976648122,10845,0.9994493915167844,-0.03194210270940288,-0.008978634151767513,1751969056.495
915,7.7887397723455205,10843,0.999448534820477,-0.032432410886313906,-0.007124953986042794,1751969057.042
916,7.78239376783654,10761,0.9994477544453078,-0.0328126507418438,-0.005245577711305639,1751969057.58
917,7.7792203874235355,10879,0.9994473967756973,-0.03296089000805909,-0.004298931048346691,1751969058.127
918,7.772857196380366,10888,0.9994467451532784,-0.033173217098342166,-0.002396094711022971,1751969058.675
919,7.76647059639409,10825,0.9994462008097693,-0.03327247408023768,-0.00048389616472417353,1751969059.221
920,7.763267762614917,10857,0.9994459508085987,-0.03328013432747055,0.0004733618506210632,1751969059.764
921,7.756847821316658,10900,0.999445491553282,-0.03321139537038497,0.0023901111628023934,1751969060.312
922,7.753636958583114,10915,0.9994452419616916,-0.03313614834075,0.0033472366625971867,1751969060.858
923,7.74720802690698,10855,0.9994445947217854,-0.0329071604549322,0.005255556316863661,1751969061.404
924,7.740750729045667,10890,0.9994437787376648,-0.03257345237464913,0.007148660222325835,1751969061.947
925,7.737509124720951,10932,0.9994433166506878,-0.03236782969037682,0.008085814950134855,1751969062.495
926,7.731002358073692,10942,0.9994423637510398,-0.0318780594046725,0.009937347147334137,1751969063.042
927,7.724483898492442,10829,0.9994414025395914,-0.03128462105130328,0.011753951479009955,1751969063.579
928,7.721213547484489,10954,0.9994409487543969,-0.03094842666443057,0.012648511371198797,1751969064.127
929,7.71466965465204,10964,0.9994399737362893,-0.03020089001826673,0.014409897296990121,1751969064.674
930,7.708123367767477,10972,0.999438901915741,-0.02935393377581705,0.01613158111725778,1751969065.221
931,7.704859527883943,10892,0.9994383017422033,-0.028895235233490905,0.01697487530033776,1751969065.764
932,7.6983283965917515,10979,0.9994370238804581,-0.027907709771443585,0.01862243357581291,1751969066.311
933,7.6917711230892705,10981,0.9994356561955899,-0.026827817622791905,0.02021477990205957,1751969066.858
934,7.688473351107618,10978,0.9994349817099111,-0.026252796033841615,0.02098828327699003,1751969067.404
935,7.681843110159564,10944,0.9994337265156954,-0.025035083361011123,0.02248268009062409,1751969067.947
936,7.6785174749071174,11027,0.9994331219680709,-0.024393697777267537,0.023203064924839565,1751969068.494
937,7.671824576252313,10019,0.999432111738861,-0.02304453639108689,0.02458461648512837,1751969068.983
938,7.668472662195712,9978,0.9994316788804934,-0.02233819918443511,0.025245278911406707,1751969069.479
939,7.661784316349683,9984,0.9994308930002906,-0.020869500267459127,0.026501963610796205,1751969069.972
940,7.658442255342076,10040,0.9994305652557705,-0.020107648725363778,0.027096636235302937,1751969070.469
941,7.651789290554342,10036,0.9994298549740316,-0.018535911004284665,0.028220293935878004,1751969070.966
942,7.648480274550364,10001,0.9994293991545814,-0.017726910920816918,0.02875122144740898,1751969071.462
943,7.641886366063088,10011,0.9994282241498827,-0.016068315691334052,0.02974952106262216,1751969071.955
944,7.638571848285585,10056,0.9994276113166378,-0.015218037150055404,0.03021359103481783,1751969072.452
945,7.631915866987332,10050,0.9994263830583918,-0.013479468155785358,0.031067809466680356,1751969072.95
946,7.628577926125291,10048,0.9994257856729156,-0.01259009541372653,0.03145772448141782,1751969073.445
947,7.621900344578971,10018,0.99942464806457,-0.010778321921763251,0.03215898968501814,1751969073.938
948,7.618558410673244,10110,0.9994241204023896,-0.009857083971048121,0.03246945416075549,1751969074.435
949,7.611897652424918,10110,0.9994230471140064,-0.007988224734855288,0.0330115307572969,1751969074.932
950,7.608565151637786,10083,0.9994225554260069,-0.00704037202468551,0.033241372828210984,1751969075.428
951,7.6019048891607435,10018,0.9994216644993773,-0.005124474983467325,0.03361660728625223,1751969075.921
952,7.598583626962134,10110,0.9994212405088814,-0.00415978880779641,0.03376211155664391,1751969076.418
953,7.591978598277662,10123,0.9994203066058036,-0.002221342914365672,0.033972288407144995,1751969076.915
954,7.588685669593714,10140,0.9994198296219791,-0.0012494107124963896,0.03403590943761722,1751969077.411
955,7.582088825560607,10053,0.9994189382290477,0.0006964123635202956,0.0340778655279788,1751969077.904
956,7.578786135464445,10153,0.9994185067193906,0.0016694150932483635,0.0340567391279612,1751969078.401
957,7.572149855106473,10167,0.9994177306872225,0.003611137473618202,0.03392873817501873,1751969078.898
958,7.568815401811502,10149,0.9994174313909118,0.004577393758806994,0.03382078204845386,1751969079.383
959,7.562147097751732,10086,0.9994169023971787,0.00650048301296797,0.0335201271391737,1751969079.876
960,7.558817321655941,10174,0.9994166585409698,0.00745471505662041,0.03332821408697468,1751969080.373
961,7.552188740405459,10180,0.999416114290628,0.009347911089923819,0.032864069353583485,1751969080.87
962,7.54888070618062,10191,0.9994158515152258,0.01028607227338424,0.03259068052806915,1751969081.366
963,7.542274977619419,10112,0.9994153218803191,0.012143374258108587,0.03196174044832254,1751969081.862
964,7.538982408446513,10212,0.9994149726048501,0.013059509075005329,0.03160952002113658,1751969082.356
965,7.532410564148574,10231,0.9994141132662314,0.014861412220697867,0.030831293049091674,1751969082.853
966,7.529127765002329,10220,0.9994136023346545,0.015746344580729106,0.030405659026144026,1751969083.35
967,7.5225512698004895,10152,0.9994125459242001,0.017478628644048932,0.029479833616086724,1751969083.845
968,7.519268496266442,10192,0.9994119962483692,0.01832387662070719,0.02898098170246818,1751969084.339
969,7.512684537936421,10230,0.9994110114088753,0.019963991772249792,0.0279118130404723,1751969084.836
970,7.509392402096856,10231,0.999410546659489,0.020759451711768483,0.0273423552461744,1751969085.333
971,7.5028017318029265,10162,0.9994096743624611,0.022301015772526557,0.026133646630984757,1751969085.828
972,7.499507393482124,10203,0.9994092479216897,0.023045806915089926,0.02549599874951012,1751969086.322
973,7.492914959328046,10258,0.9994083988099597,0.024478680195541478,0.024158779025378392,1751969086.819
974,7.4896214850593115,10265,0.9994079491244592,0.025166886776710425,0.023460158499265554,1751969087.316
975,7.483025071302714,10171,0.9994070777383496,0.026483624281864074,0.02200251375160092,1751969087.811
976,7.479733184383048,10282,0.9994065957288205,0.027112775564011295,0.021245089195988474,1751969088.305
977,7.473128405298145,10299,0.9994055931008536,0.028309143811812775,0.019673658921844653,1751969088.802
978,7.469810961156381,10285,0.999405109611547,0.028873467485079737,0.018861329691180255,1751969089.299
979,7.463184500168543,10217,0.9994040752304247,0.02993390830696474,0.01718882038680164,1751969089.783
980,7.459855740265287,10308,0.9994036023657947,0.03042708235404787,0.016328877416786527,1751969090.277
981,7.453195247069676,10331,0.9994026067191583,0.03133923992895283,0.014569890995710311,1751969090.774
982,7.449864040227446,10331,0.9994021037016099,0.031757297792223506,0.013671472259146186,1751969091.271
983,7.4432152076522655,10247,0.9994010265314432,0.032517660143160286,0.011840183559025715,1751969091.766
984,7.439890099870161,10343,0.9994004831799065,0.032858349031225094,0.010908855059609745,1751969092.26
985,7.433226978938153,10362,0.9993994253159307,0.03345929438924703,0.009014671217574205,1751969092.757
986,7.429896710223771,10379,0.9993988860631591,0.03371974537679259,0.00805265840830874,1751969093.254
987,7.4232072245999605,10284,0.9993978776728392,0.03415594789095698,0.0061035503352665854,1751969093.75
988,7.419845220697058,10348,0.9993974048742877,0.03433103506915515,0.005119293078082,1751969094.243
989,7.4131025228731975,10380,0.9993964508615227,0.03459635247812805,0.0031347090137712587,1751969094.739
990,7.409713080630923,10400,0.9993959969844416,0.03468542050361382,0.0021360748960703507,1751969095.237
991,7.402942005609794,10327,0.9993950130424911,0.034779155140595326,0.0001351795302806155,1751969095.733
992,7.399553996466813,10346,0.9993945195816916,0.034782850202743416,-0.0008646165933818419,1751969096.226
993,7.39616427004025,10410,0.9993940379850262,0.0347575077475983,-0.001863463216614216,1751969096.722
994,7.389385095806011,10431,0.9993930844597692,0.03462086611720284,-0.0038546547554049937,1751969097.22
995,7.385992205468131,10386,0.9993926289247657,0.03450952792970543,-0.004844144188023781,1751969097.716
996,7.379199690682044,10413,0.9993918234346164,0.03420011002456798,-0.006807035062321851,1751969098.208
997,7.375810938541065,10423,0.9993914638396002,0.034002284280513946,-0.007781173963374902,1751969098.705
998,7.369072037006222,10473,0.9993907312600309,0.03352476198448031,-0.00970858411019076,1751969099.203
999,7.365716903493984,10399,0.9993903311133338,0.033246250805590065,-0.010660810689298826,1751969099.699
1000,7.359005421557046,10433,0.9993895773149033,0.03260800969059334,-0.012537561898433965,1751969100.18
1001,7.355649162451672,10471,0.999389223010229,0.032248348367321954,-0.013461981971119807,1751969100.677
1002,7.348982914360938,10474,0.9993884034987287,0.03145313412236083,-0.015281338493175901,1751969101.175
1003,7.345669468806094,10436,0.9993879101477335,0.031018985095533046,-0.016174906929841134,1751969101.671
1004,7.3390614502475735,10441,0.9993867870483409,0.03007929190981,-0.01792445456348236,1751969102.163
1005,7.335754122663121,10499,0.9993862228721052,0.029572776810920246,-0.018778402624247032,1751969102.66
1006,7.3291429047524375,10509,0.9993850487601064,0.028489942673741265,-0.020441317990939702,1751969103.157
1007,7.325836573080304,10491,0.9993844637352485,0.027912926320069982,-0.021249992679066246,1751969103.654
1008,7.319225008312972,10454,0.9993832672671317,0.026689460506014683,-0.022820118412725424,1751969104.147
1009,7.31591590354352,10552,0.999382650945462,0.026044435845597524,-0.023579744500433212,1751969104.643
1010,7.309289960912345,10560,0.999381314506124,0.02469317156172914,-0.025044669976558732,1751969105.14
1011,7.305966492370325,10542,0.9993806512621335,0.02398712315298347,-0.025747462121875203,1751969105.637
1012,7.299315487329894,10479,0.9993792841631814,0.022518573182950394,-0.027091700708722976,1751969106.13
1013,7.295985935094104,10596,0.9993785762550391,0.021756802427808416,-0.027732703989485474,1751969106.626
1014,7.28930084442472,10588,0.9993771049973805,0.02017856714484259,-0.028952157692225738,1751969107.123
1015,7.2859381997569095,10585,0.9993763817551286,0.01936171414285099,-0.029529165505955957,1751969107.62
1016,7.279209879327082,10520,0.999374815264937,0.01767895238736223,-0.030617531851185924,1751969108.116
1017,7.275816866975766,10586,0.9993740945462295,0.016812013611098214,-0.03112515619630569,1751969108.609
1018,7.268981301826895,10613,0.9993728660628752,0.015029085065671927,-0.03206245747542442,1751969109.106
1019,7.265545641107903,10619,0.999372335482919,0.014116427406198702,-0.03249094564184709,1751969109.603
1020,7.258670939208222,10550,0.9993713885000313,0.012250996909409093,-0.033267715915660565,1751969110.099
1021,7.2552420777121585,10627,0.9993709160630266,0.01130085599293218,-0.033616406428616845,1751969110.582
1022,7.248396475509122,10629,0.9993699723704381,0.009365964283360709,-0.03423356594561034,1751969111.079
1023,7.244979392680012,10647,0.9993694834023653,0.008384371559634783,-0.03450127472484708,1751969111.575
1024,7.238179276534188,10572,0.9993683857066666,0.006395488720086831,-0.03495607778458997,1751969112.071
1025,7.2347962028561685,10629,0.9993677590283682,0.005390024298269945,-0.03514299151582738,1751969112.565
1026,7.228025454109782,10662,0.9993664357333244,0.0033640448777767363,-0.03543177009029308,1751969113.062
1027,7.2246246892894,10680,0.9993657875366859,0.002344938292937633,-0.035532013249770254,1751969113.558
1028,7.217814746135702,10602,0.9993644898222852,0.0003012577555200207,-0.03564443471298721,1751969114.054
1029,7.214408694037305,10656,0.9993638136395875,-0.0007219317261198496,-0.035657352710523796,1751969114.547
1030,7.207613517651254,10710,0.9993622535165442,-0.002770304668720347,-0.03560072553160905,1751969115.045
1031,7.204203294814494,10712,0.999361409940033,-0.003792500981389274,-0.03553011763244735,1751969115.541
1032,7.197364810569628,10634,0.9993596521575527,-0.005824418851014357,-0.03530384943010186,1751969116.037
1033,7.193945027402488,10689,0.9993587397260114,-0.006835144451716958,-0.03514811706994224,1751969116.53
1034,7.1870828211361255,10737,0.9993569699951803,-0.008844729217041995,-0.03474791054336358,1751969117.027
1035,7.183637570159076,10743,0.9993561341862907,-0.009842122842133209,-0.03450289382346174,1751969117.523
1036,7.176740954940064,10701,0.9993545057551664,-0.011816850112730546,-0.03392541643458929,1751969118.02
1037,7.173288360714978,10680,0.9993536947213227,-0.01279164570903138,-0.033594146021232216,1751969118.513
1038,7.166372105478612,10756,0.9993521454583342,-0.014709371354479002,-0.032846974931957124,1751969119.01
1039,7.162908564415436,10772,0.9993513892759515,-0.01565033945408,-0.03243250880209067,1751969119.506
1040,7.155985478699844,10761,0.9993499352236082,-0.017495718509557417,-0.03152152918886581,1751969120.003
1041,7.152533234699578,10712,0.9993492095685189,-0.018399822277618518,-0.03102585816586907,1751969120.496
1042,7.145620789973464,10768,0.9993478511498288,-0.020164087930404823,-0.029954665081661214,1751969120.981
1043,7.142166182747079,10801,0.9993472083250595,-0.02102255776357474,-0.02938042337999093,1751969121.478
1044,7.135265999851306,10791,0.9993459345713605,-0.022689174120758444,-0.028158558795005246,1751969121.975
1045,7.131812122107327,10700,0.9993453608184489,-0.02349555528842496,-0.027510156166997028,1751969122.468
1046,7.12492661106934,10792,0.9993443474554858,-0.025049567130044494,-0.02614181316142069,1751969122.964
1047,7.121515972028777,10836,0.9993438477321033,-0.025796870647411378,-0.02542430854115027,1751969123.461
1048,7.11474705521131,10836,0.9993428515160457,-0.027230387079836778,-0.023924279367638895,1751969123.958
1049,7.111393693794067,10751,0.9993423230989149,-0.027915932019636422,-0.023143508868336566,1751969124.45
1050,7.104726345932263,10855,0.9993412093484312,-0.029221224583627928,-0.021523645877227847,1751969124.947
1051,7.101398075908221,10879,0.9993406571858634,-0.029839420137649588,-0.020684774622307955,1751969125.444
1052,7.094744831607829,10861,0.9993395907455842,-0.03100104077665165,-0.018955680921894785,1751969125.941
1053,7.091419440454922,10795,0.9993390273432161,-0.031544926024388416,-0.018067265172973558,1751969126.433
1054,7.088084808316913,10900,0.9993384534302896,-0.03206381877550602,-0.017162954905508312,1751969126.931
1055,7.081382289775421,10897,0.9993373542576214,-0.03302174088987808,-0.015310683001715545,1751969127.427
1056,7.078020918113055,10936,0.9993368202633992,-0.03345997537879296,-0.014364877774946423,1751969127.924
1057,7.071301022658352,10817,0.9993356685288306,-0.03425691177154697,-0.012437266657568948,1751969128.42
1058,7.067940635954507,10929,0.9993350312300715,-0.034615749038021226,-0.011456233016522823,1751969128.914
1059,7.061204211797096,10963,0.9993337145779938,-0.03524990002207702,-0.009464219787308032,1751969129.41
1060,7.057838506577066,10967,0.9993330116658072,-0.03552521829402324,-0.008455214965307066,1751969129.907
1061,7.051106429464601,10893,0.999331632547365,-0.035987969325780585,-0.006415158144967238,1751969130.403
1062,7.047742537351446,10932,0.9993309983251064,-0.03617374885865155,-0.005386620467174605,1751969130.897
1063,7.041043874740806,10984,0.9993297006702472,-0.0364578399196648,-0.0033128940077205913,1751969131.382
1064,7.037696230185413,11022,0.9993290503308112,-0.03655540659586781,-0.002269672560038472,1751969131.879
1065,7.030998890302927,9872,0.9993277168748228,-0.03666175549939444,-0.00017311688733708444,1751969132.326
1066,7.027639353946031,10004,0.9993270809216247,-0.03666900355365241,0.0008772200675209673,1751969132.778
1067,7.024276486301632,9954,0.999326441837907,-0.036646190472472036,0.0019285661626269215,1751969133.228
1068,7.017543894951706,9955,0.9993251053598002,-0.03651144957428252,0.004030861894044077,1751969133.676
1069,7.014164799705022,10016,0.9993244547152134,-0.03639809223850343,0.005080658376510731,1751969134.128
1070,7.007389559825046,9934,0.9993232044608488,-0.036078874226392485,0.007172716407101859,1751969134.575
1071,7.003997857679997,10013,0.9993225995081051,-0.03587354677536882,0.008211623111112102,1751969135.027
1072,7.000605507473834,9957,0.9993220337620109,-0.03563711134314327,0.009244951750814627,1751969135.474
1073,6.993856291822631,10029,0.9993209064511096,-0.03507482223372474,0.011290827029281506,1751969135.925
1074,6.990507063866616,9990,0.999320298380225,-0.03475070535411772,0.012301614635864416,1751969136.376
1075,6.987165866273676,10005,0.9993196741113631,-0.034397295638699754,0.013304697918506626,1751969136.824
1076,6.98047176248984,10056,0.9993185058457668,-0.03360088725890017,0.015280845840430619,1751969137.276
1077,6.977120813606498,9967,0.9993179712794845,-0.033158293724051366,0.01625176406316691,1751969137.722
1078,6.973776945244162,10097,0.9993174240563817,-0.03268781937346985,0.017210242355211073,1751969138.174
1079,6.967112158518768,10005,0.9993162438929842,-0.03166649168913613,0.019086068105289702,1751969138.625
1080,6.963793062747773,10072,0.9993155897612838,-0.031117883212748592,0.02000073509687264,1751969139.072
1081,6.96048014691781,10104,0.9993148777266453,-0.030544337847703645,0.020900205253185866,1751969139.524
1082,6.953833565576185,9998,0.9993134491864594,-0.02932187398137548,0.02264636794901512,1751969139.972
1083,6.950509887344096,10114,0.9993126806254067,-0.028676208086174236,0.023491305435467267,1751969140.423
1084,6.947178764140881,10006,0.9993118973808706,-0.028007539422085476,0.02431685605839279,1751969140.87
1085,6.940517585345057,10129,0.9993102181774407,-0.02660698797913731,0.025906679386480815,1751969141.322
1086,6.937174833701324,10074,0.999309389876936,-0.025875364136306336,0.026668498919128616,1751969141.772
1087,6.930476357093501,10114,0.9993077995343627,-0.024351444147417328,0.028123459206245458,1751969142.22
1088,6.92713391340524,10178,0.999307014910024,-0.023559700717477428,0.028817190246794102,1751969142.672
1089,6.923803110592978,10045,0.9993062109797426,-0.022748763198756176,0.029488819410702208,1751969143.119
1090,6.917152398185903,10184,0.9993045488120212,-0.021071235661187168,0.030763968393450056,1751969143.57
1091,6.913825622870308,10080,0.9993036999529525,-0.020204116849204742,0.03136732252971469,1751969144.021
1092,6.910493402401668,10190,0.999302832841343,-0.019318332930388586,0.03194761787766729,1751969144.47
1093,6.903786307046662,10152,0.9993012346909422,-0.017492814984642405,0.03303095168280286,1751969144.92
1094,6.90041567313376,10133,0.9993004970244349,-0.016555430866424446,0.03353258647263014,1751969145.368
1095,6.897026810147546,10178,0.9992997950832175,-0.015602842566215606,0.034006923567023006,1751969145.82
1096,6.890234972753393,10103,0.9992983406111704,-0.013658242691707779,0.0348751897247252,1751969146.266
1097,6.886829995829799,10227,0.9992975757916859,-0.012667706869308315,0.03526874281191926,1751969146.718
1098,6.883418650476594,10148,0.9992967890827812,-0.011664945191174282,0.03563504430375632,1751969147.169
1099,6.876571663999218,10173,0.9992951626585141,-0.009628017388121256,0.036283318046561666,1751969147.617
1100,6.873135298424075,10242,0.9992943735547395,-0.00859432462061535,0.03656354148815817,1751969148.068
1101,6.866270509604031,10146,0.9992927814021436,-0.006498465093431848,0.0370365628669446,1751969148.516
1102,6.862836674234787,10270,0.9992920721833366,-0.0054387234106473325,0.03722599574485137,1751969148.968
1103,6.859415304726631,10152,0.999291356406859,-0.004373328601855429,0.03738527795108639,1751969149.414
1104,6.852597176241572,10258,0.9992898245197326,-0.0022266217200243624,0.03761500720507828,1751969149.866
1105,6.849184367807526,10187,0.9992890414666136,-0.0011469190832709133,0.037684163535273575,1751969150.317
1106,6.84576361976325,10283,0.9992882696419225,-6.526406514769749e-05,0.037722008120645835,1751969150.764
1107,6.838898667849522,10288,0.9992868002216689,0.0021034199749040143,0.037702341136161624,1751969151.216
1108,6.835461834326997,10225,0.9992861047623637,0.003187834674048838,0.03764463492920705,1751969151.663
1109,6.832026438988215,10294,0.999285436925292,0.004272099855139195,0.037554822750958394,1751969152.114
1110,6.825172498105816,10222,0.9992841503342906,0.006436174292471128,0.037279519191531725,1751969152.562
1111,6.821757464895027,10319,0.9992834960256229,0.007510986664450405,0.037095547578316596,1751969153.014
1112,6.818343912589551,10324,0.9992828579469675,0.008580607154459987,0.03688011651556385,1751969153.464
1113,6.811512516013314,10234,0.9992816858536233,0.01069664385950723,0.036355111438192415,1751969153.912
1114,6.808098234033421,10355,0.9992811178810191,0.011742543238335035,0.036046638189384084,1751969154.364
1115,6.804680616929867,10246,0.9992806002265298,0.012779542941018938,0.0357066561459484,1751969154.811
1116,6.797865878533496,10372,0.9992795786153807,0.014823072641226823,0.034937090315877925,1751969155.262
1117,6.79446279232126,10268,0.9992790964439235,0.0158268640221208,0.03450793800622008,1751969155.713
1118,6.787690835060184,10359,0.9992780246258126,0.01779812518507678,0.0335657003476765,1751969156.162
1119,6.784310583577522,10360,0.9992774466186722,0.018765003619531113,0.03305237235699574,1751969156.612
1120,6.780940930343292,10285,0.999276833610943,0.019716679451573245,0.032512495442396046,1751969157.06
1121,6.774222474643933,10410,0.9992755366558348,0.021575435110683154,0.03135127494980229,1751969157.512
1122,6.770858406784994,10300,0.9992749226250904,0.022479879329647207,0.030729204967654876,1751969157.958
1123,6.767501014177762,10401,0.9992742931840329,0.02336634041936226,0.03008157437631831,1751969158.382
1124,6.760821471805108,10362,0.9992728967333638,0.02508238790170735,0.02871500777050605,1751969158.833
1125,6.757487992956925,10366,0.9992721389725226,0.025911010548332128,0.027996639184794815,1751969159.281
1126,6.754155008409418,10421,0.9992713517189663,0.02672034562720838,0.027254151304205446,1751969159.732
1127,6.747512672741713,10304,0.9992696315661764,0.02827560390140501,0.025703961827094234,1751969160.179
1128,6.744178524744506,10451,0.9992688081499045,0.029018437714236456,0.024895367667383646,1751969160.631
1129,6.740844360958645,10353,0.9992679729303046,0.029738161124497963,0.02406574429959659,1751969161.082
1130,6.734200570044451,10444,0.9992660901023669,0.03110981130339294,0.022348619917026746,1751969161.53
1131,6.730885967548255,10461,0.9992650302273074,0.03176188209334486,0.02146117915462187,1751969161.981
1132,6.727565249724525,10373,0.9992639612231864,0.032389060633858116,0.020554429006966607,1751969162.429
1133,6.720929033751436,10482,0.9992617623409634,0.033565032160198204,0.018690075958029417,1751969162.88
1134,6.717618567793426,10359,0.9992606124862613,0.0341143600685457,0.017732421456064473,1751969163.327
1135,6.714297837409661,10527,0.9992595082757214,0.034636005371482904,0.016756558491229506,1751969163.779
1136,6.7076447291571,10395,0.9992574755531562,0.0355927789104409,0.014753021404642694,1751969164.229
1137,6.7043269994501316,10486,0.9992564969968243,0.03602701997403785,0.013729786648965781,1751969164.677
1138,6.697691419332564,10528,0.9992546210477907,0.036803207293283534,0.011650160838526418,1751969165.129
1139,6.694353935744512,10432,0.9992538060584194,0.03714289339303611,0.010594175199430185,1751969165.575
1140,6.6910050592228645,10545,0.9992530770550015,0.037450295539367795,0.00952698064054326,1751969166.027
1141,6.684288180771606,10441,0.9992517980102358,0.03796795525901568,0.0073673975568404335,1751969166.475
1142,6.680932770903401,10585,0.9992511689926038,0.03817998130074385,0.006276168798688927,1751969166.927
1143,6.677575186078928,10520,0.9992505340817639,0.03836082786091878,0.005178515533867014,1751969167.377
1144,6.670847243709377,10497,0.9992492458940615,0.03862809213878504,0.0029690196811124974,1751969167.825
1145,6.667478295747725,10597,0.9992486101073749,0.0387138144146157,0.0018589706694983484,1751969168.277
1146,6.664107301710261,10465,0.9992479838147735,0.03876738298546751,0.0007462295679841743,1751969168.724
1147,6.657392601002435,10604,0.9992466132381526,0.03878161119369328,-0.0014807313407265877,1751969169.176
1148,6.6540344061035634,10480,0.9992459071328748,0.03874144266908336,-0.002591852255892247,1751969169.626
1149,6.650655104751185,10629,0.9992453007511634,0.038666970109236865,-0.003700587695046418,1751969170.074
1150,6.643877801856756,10555,0.9992443873914637,0.03841453941249012,-0.005914171825761529,1751969170.525
1151,6.640515740807562,10568,0.9992439118701701,0.03824088346605372,-0.007017080741680129,1751969170.973
1152,6.6338215383694195,10632,0.9992428002523648,0.037803134274395606,-0.009205931937866627,1751969171.425
1153,6.6304691851114885,10543,0.9992422655518958,0.03753710064706976,-0.01028886824322514,1751969171.871
1154,6.627119452632795,10648,0.9992417371496181,0.03724041571717066,-0.011362313823596419,1751969172.323
1155,6.6204460748582505,10580,0.9992405860867373,0.03655695840293146,-0.013484802904018661,1751969172.774
1156,6.6171175679097605,10653,0.9992399779272135,0.0361708091513196,-0.014530625497921832,1751969173.221
1157,6.613783880364852,10671,0.9992394047669627,0.03575432595320088,-0.01556406555493605,1751969173.673
1158,6.607135670871383,10568,0.9992382371824999,0.03483576163235466,-0.01759019794952763,1751969174.121
1159,6.60382759719922,10700,0.999237592031187,0.034335181244617666,-0.018583056815676298,1751969174.572
1160,6.600526303645037,10589,0.9992369182726601,0.033807462863391716,-0.01956109955236244,1751969175.022
1161,6.593952730400333,10711,0.999235493360461,0.03267280240293876,-0.021468972770361798,1751969175.471
1162,6.590667103307908,10666,0.9992347949541782,0.03206438324950153,-0.022398657989055146,1751969175.921
1163,6.587367693750595,10656,0.9992342109382873,0.03142669335829489,-0.02330996857788428,1751969176.369
1164,6.58078095624205,10736,0.9992331232597644,0.03007357839216529,-0.025074793383526528,1751969176.821
1165,6.577507919560266,10625,0.9992325829016531,0.029361024053663424,-0.025926348262170447,1751969177.268
1166,6.574244054394242,10769,0.9992320450325757,0.028624767652725695,-0.026757108529214858,1751969177.72
1167,6.567741242118784,10657,0.9992308730239369,0.027084563521240664,-0.028356459840481536,1751969178.166
1168,6.564489310221627,10760,0.9992302589643669,0.026281026091020582,-0.029123825943849706,1751969178.619
1169,6.557992793375497,10755,0.9992288147500973,0.02460850120324124,-0.030597343702445483,1751969179.069
1170,6.554740842346708,10689,0.9992280151729599,0.02373945086247638,-0.03130195147678465,1751969179.517
1171,6.551480852359181,10803,0.9992272218749731,0.022848554540120067,-0.03198284883261923,1751969179.969
1172,6.544974292040731,10698,0.999225478728184,0.02100930810056125,-0.03327238545050856,1751969180.415
1173,6.541720412579708,10820,0.9992245528550182,0.020061045800610425,-0.03387989688701333,1751969180.867
1174,6.5384736548747355,10762,0.9992235653077345,0.019094794060967226,-0.03446237620172439,1751969181.318
1175,6.531999710750911,10765,0.999221376572082,0.017114759903959626,-0.035548918335488636,1751969181.766
1176,6.528761939741255,10813,0.9992202543950113,0.016100642711537373,-0.036050693627785096,1751969182.217
1177,6.525520894406131,10721,0.9992191758535581,0.015071134368744323,-0.03652258911106056,1751969182.665
1178,6.519013780866623,10841,0.9992171426915311,0.012967644755477832,-0.03737568649360479,1751969183.117
1179,6.515748307848223,10712,0.9992162312070964,0.011896553703829171,-0.037754407719608904,1751969183.563
1180,6.512494229991222,10842,0.9992153030726508,0.010817343974032678,-0.038102010114660696,1751969184.015
1181,6.505961262767554,10811,0.9992137245482584,0.008631103409174567,-0.038696727617943225,1751969184.466
1182,6.502699806410953,10818,0.9992129821994539,0.007526191588317482,-0.038945765421283675,1751969184.913
1183,6.4994435217307664,10900,0.9992122493578449,0.006415087095785049,-0.039162831751411824,1751969185.365
1184,6.492954239396041,10774,0.9992105925575393,0.004180907022188274,-0.03950584434337797,1751969185.812
1185,6.489712009752667,10912,0.9992096729002993,0.0030599773232663392,-0.03963163031289852,1751969186.263
1186,6.483238022112944,10808,0.9992076499288308,0.000807573488539703,-0.039792212162227815,1751969186.714
1187,6.479988430553328,10947,0.9992066391905812,-0.0003222020087402434,-0.039824469655340894,1751969187.162
1188,6.476731639176505,10915,0.9992056368152573,-0.0014522656456109264,-0.03982444326177983,1751969187.583
1189,6.470208773731266,10841,0.9992036551860422,-0.0037074263738316056,-0.03972795555443973,1751969188.031
1190,6.466942873311699,10958,0.9992026876591747,-0.004830158293748409,-0.03963153473610528,1751969188.483
1191,6.463673518108259,10844,0.9992017348607113,-0.005949494225812314,-0.03950312101342889,1751969188.93
1192,6.4571553362725425,10981,0.9991996629156152,-0.00817781784273311,-0.0391555478144783,1751969189.381
1193,6.453898749111189,10925,0.9991985509933901,-0.009285838577868324,-0.03893621572026857,1751969189.832
1194,6.450630140887788,10913,0.9991974373211034,-0.01038863342740186,-0.03868536605036275,1751969190.281
1195,6.444087793094688,11011,0.9991951422961421,-0.012573616667600804,-0.03809162343204218,1751969190.731
1196,6.440808988270417,9922,0.9991940152477174,-0.013656339847123574,-0.03774684457175026,1751969191.138
1197,6.4375244318052856,9945,0.9991929036516088,-0.014730046063339719,-0.037370670789253754,1751969191.549
1198,6.4342289512115585,10007,0.9991918784161673,-0.015793843590156717,-0.036961393531913925,1751969191.956
1199,6.427647926309361,9902,0.9991898368861467,-0.017885836235574226,-0.03605227767547698,1751969192.364
1200,6.424360682802765,10026,0.9991888481122649,-0.01891317637904056,-0.03555189963054493,1751969192.774
1201,6.421073102767872,9943,0.9991878834632746,-0.019927050136493187,-0.03502122517901502,1751969193.181
1202,6.417781005205615,9955,0.9991869519728931,-0.020926080460304308,-0.03446061757555062,1751969193.592
1203,6.411200257895788,10011,0.9991851054071712,-0.02288174728529392,-0.03324982366317559,1751969194.0
1204,6.4079058834460145,9945,0.9991842255161846,-0.023834593350166508,-0.032600546612815154,1751969194.406
1205,6.404618544856907,10062,0.9991833809021474,-0.02476991435129982,-0.03192213451483952,1751969194.818
1206,6.401338533601624,9959,0.9991825840611258,-0.02568706454181096,-0.031214394502473857,1751969195.225
1207,6.398069674921259,9982,0.9991818140450748,-0.02658458404045578,-0.030478884050922483,1751969195.632
1208,6.391551525002436,10082,0.9991803649477586,-0.028317162569907326,-0.02892639982530731,1751969196.043
1209,6.388293016071822,9979,0.9991797105108841,-0.029150446445952913,-0.02810974164569404,1751969196.449
1210,6.38504301943581,10115,0.9991790486075011,-0.029961021600268558,-0.027268406782892576,1751969196.861
1211,6.38180988680147,10002,0.9991783147065063,-0.03074834880381208,-0.02640519771001646,1751969197.268
1212,6.375333887474363,10013,0.9991769798763599,-0.032243948514659074,-0.02461078359866466,1751969197.678
1213,6.372072844322718,10141,0.9991764897183182,-0.03294849611959933,-0.023679928159437286,1751969198.082
1214,6.368811056857475,9992,0.9991760458612897,-0.03362482920727651,-0.022728841540632597,1751969198.49
1215,6.365543645387172,10140,0.9991756327359926,-0.03427338380503996,-0.021757529942100354,1751969198.901
1216,6.362270424892122,10050,0.999175278307167,-0.03489197055796136,-0.020768091158739344,1751969199.307
1217,6.355704924799295,10075,0.9991746109682302,-0.03604104373334517,-0.018738728961615908,1751969199.718
1218,6.352397481710115,10143,0.9991743950933273,-0.03656838330519113,-0.017699760798614482,1751969200.127
1219,6.349092436787953,10041,0.9991741549693798,-0.03706644151736499,-0.0166459290658517,1751969200.533
1220,6.3457839072764655,10189,0.999173918963842,-0.0375337761544919,-0.015578681267113134,1751969200.944
1221,6.339128785134909,10110,0.9991735793558215,-0.038372538843973146,-0.013405468285125609,1751969201.351
1222,6.335792132141807,10116,0.9991734307420201,-0.038743641280853496,-0.012303883920209632,1751969201.761
1223,6.332464292064346,10202,0.9991731970238895,-0.03908461452016741,-0.011194429725085116,1751969202.17
1224,6.329137960780521,10080,0.9991728588255558,-0.039395516113593966,-0.010079260712442839,1751969202.575
1225,6.322459985283102,10233,0.9991720698450369,-0.039923846877431654,-0.007826959313294047,1751969202.983
1226,6.319111234412403,10103,0.999171593506479,-0.04014162868255173,-0.006691515257078092,1751969203.382
1227,6.315758981020492,10122,0.9991710155101061,-0.040329683535509545,-0.005549629756022965,1751969203.789
1228,6.312394327643117,10242,0.9991704154010045,-0.04048600694966053,-0.004400480502863925,1751969204.201
1229,6.309025397551751,10123,0.9991697830940568,-0.04061050681482364,-0.0032451946041348965,1751969204.607
1230,6.302299021131414,10258,0.9991683969442288,-0.040763565869023737,-0.0009199160515918177,1751969205.018
1231,6.298940584427988,10197,0.9991676453316188,-0.04079160386991848,0.00024814549809451894,1751969205.426
1232,6.295583982519574,10164,0.999166867003901,-0.04078681033931716,0.0014170335047164054,1751969205.832
1233,6.292223723325879,10281,0.9991660733638269,-0.04074888890236861,0.0025857091743136545,1751969206.244
1234,6.285496618380526,10172,0.9991645250647112,-0.04057166506638844,0.0049185207075586185,1751969206.65
1235,6.282136655411914,10236,0.9991637476484317,-0.04043330832046011,0.006078894916325992,1751969207.061
1236,6.278784903833067,10272,0.9991629534937255,-0.04026257684488137,0.00723306791791635,1751969207.469
1237,6.2754324939883634,10184,0.9991621781376435,-0.04005864048287749,0.008381354419408675,1751969207.878
1238,6.268750861921536,10339,0.9991605625451379,-0.03955560128622575,0.010654795228845966,1751969208.283
1239,6.265410796509596,10200,0.9991597744147386,-0.03925540748187013,0.011779565990359826,1751969208.69
1240,6.26207211735836,10317,0.9991589902701278,-0.038923132006049535,0.012895811615336547,1751969209.101
1241,6.258743653413921,10235,0.999158193117651,-0.03855893861071922,0.01400404866764252,1751969209.508
1242,6.255421547927045,10252,0.9991573937158071,-0.03816257976618257,0.015103644878808649,1751969209.918
1243,6.24878182281323,10377,0.9991559247997022,-0.03727169030056919,0.017270177757931292,1751969210.327
1244,6.245465208724007,10262,0.9991552810695148,-0.03677781241345155,0.018333489165455213,1751969210.733
1245,6.242168382011575,10359,0.9991546135200584,-0.0362530546523509,0.019384899018471832,1751969211.144
1246,6.238874081643658,10273,0.9991539604587443,-0.03569754068476217,0.02042177486571041,1751969211.551
1247,6.232286446433201,10285,0.9991526492045706,-0.034498721601148044,0.022445975037295177,1751969211.958
1248,6.228982466296241,10429,0.9991520003660851,-0.03385686705902675,0.023430593620262483,1751969212.37
1249,6.225673394907415,10266,0.9991513498444325,-0.0331869693148955,0.024396827083464124,1751969212.776
1250,6.222357365153904,10353,0.9991507253609256,-0.032488629433607065,0.025343973016513147,1751969213.183
1251,6.215723587031282,10370,0.999149510173776,-0.031010231246263023,0.02717759881882292,1751969213.591
1252,6.212415938985493,10316,0.9991488898486734,-0.03023245485957357,0.028062333960796677,1751969213.998
1253,6.209115436413304,10448,0.9991482527114799,-0.029429368921823216,0.02892544465448884,1751969214.409
1254,6.205827194813433,10321,0.999147592562114,-0.028601048966711663,0.029766898987557924,1751969214.816
1255,6.202550827894033,10361,0.9991468766538105,-0.02774926675926329,0.030585896541679956,1751969215.227
1256,6.196031994032553,10420,0.9991451871684562,-0.025975526625191182,0.032158466609193075,1751969215.634
1257,6.192777011080005,10348,0.9991442643424148,-0.025053421837050647,0.032909954207040085,1751969216.042
1258,6.189511756179559,10479,0.9991433517551593,-0.024110371005472444,0.0336340995634573,1751969216.452
1259,6.18623836639504,10353,0.999142460652439,-0.023147002389865806,0.03433015586555003,1751969216.859
1260,6.1796891668795935,10416,0.9991406283284748,-0.021162011980396876,0.03563950157230381,1751969217.27
1261,6.176410285025602,10417,0.9991397336320366,-0.0201420644655937,0.03625037816032584,1751969217.677
1262,6.173136061379988,10374,0.9991388359259712,-0.01910599999678546,0.03683133596026685,1751969218.08
1263,6.169866019166541,10492,0.9991379393932581,-0.018052822885589157,0.03738279886332255,1751969218.492
1264,6.1666134578633995,10394,0.9991369660784836,-0.016985164372792124,0.03790550364673286,1751969218.899
1265,6.160119139112896,10484,0.9991349439733191,-0.014812450746161096,0.03885813987216762,1751969219.309
1266,6.1568756706552055,10455,0.9991338743338802,-0.013705452331208326,0.03928946086378595,1751969219.717
1267,6.153630060287013,10416,0.9991327836776012,-0.012584932219485472,0.03969004990774118,1751969220.124
1268,6.150389198570852,10544,0.9991316420007594,-0.011452290690472664,0.04006004232158685,1751969220.535
1269,6.143906180636145,10404,0.9991291952461705,-0.009154079487231011,0.04070692859306911,1751969220.942
1270,6.1406415835498,10495,0.9991280323557362,-0.007989938094324031,0.040979700465033964,1751969221.352
1271,6.137374817264955,10515,0.9991269063022419,-0.00681729533456143,0.04121831616202138,1751969221.76
1272,6.134105627021026,10461,0.9991258142218529,-0.0056355100214053105,0.04142280027132749,1751969222.167
1273,6.127572097962862,10587,0.9991236506260168,-0.0032499113356929048,0.04172971166987748,1751969222.578
1274,6.12429792858651,10455,0.9991226789638948,-0.002046981279298292,0.04182920328732398,1751969222.981
1275,6.121032722721713,10503,0.9991217488116674,-0.0008394895776064393,0.04189303413175476,1751969223.392
1276,6.1177749024047126,10575,0.9991208380997164,0.0003715857547553849,0.041921507593922144,1751969223.8
1277,6.114518875062947,10485,0.999119996761699,0.0015863382339316452,0.04191319126372899,1751969224.207
1278,6.108013682421479,10599,0.9991184682352855,0.004015136189765501,0.04178714051660116,1751969224.618
1279,6.104746439695428,10500,0.9991178660344119,0.005224223654731835,0.041667700417091544,1751969225.025
1280,6.101473343058786,10591,0.9991173615811292,0.006429932796756041,0.041510887142921095,1751969225.435
1281,6.098198119033032,10572,0.9991169170370545,0.007629428316364825,0.04131800955923635,1751969225.843
1282,6.0916775174400035,10513,0.9991160414387114,0.010004780930043148,0.0408294023759953,1751969226.249
1283,6.0884199895675755,10663,0.9991156184913621,0.011178919866570386,0.04053409228340879,1751969226.661
1284,6.085167720220454,10534,0.9991151594539511,0.012342925731641913,0.04020634693290376,1751969227.068
1285,6.081904962662437,10633,0.9991147532046291,0.013495360217266363,0.03984451256395782,1751969227.478
1286,6.075359183612853,10592,0.9991139979603665,0.01576226238929963,0.03902268781136961,1751969227.882
1287,6.0720783684914705,10587,0.9991135845432615,0.01687453808041631,0.038565465713352766,1751969228.289
1288,6.068789806419891,10702,0.999113139434954,0.017971860222621594,0.038078167610443914,1751969228.701
1289,6.0654965964828484,10589,0.9991126548080919,0.01905469674452154,0.037560904332845035,1751969229.107
1290,6.062198620149787,10639,0.9991121513509122,0.020121740072324295,0.03701384334831325,1751969229.518
1291,6.055596426703567,10664,0.9991111489462818,0.022207065503347598,0.035829572882896746,1751969229.926
1292,6.052297622545425,10614,0.9991106052373732,0.02322702579563522,0.03519238234190381,1751969230.332
1293,6.048997699245302,10761,0.9991100347528313,0.024231335288913247,0.03452507561631965,1751969230.744
1294,6.045694044791302,10621,0.99910944591275,0.025219048301948807,0.033827720742927996,1751969231.151
1295,6.039103870976307,10713,0.9991080569361093,0.02714004865601044,0.032349780900366096,1751969231.561
1296,6.035804854036448,10697,0.9991073156895991,0.028068591302397458,0.03157096637454744,1751969231.969
1297,6.032514481930317,10654,0.9991064984169334,0.02897513490660866,0.030767618988116714,1751969232.375
1298,6.02922235802479,10760,0.9991056189998087,0.029860586876736123,0.029938393984745196,1751969232.783
1299,6.022610734474045,10676,0.9991038518983094,0.03156522791248725,0.028198040868001657,1751969233.181
1300,6.0193049621228685,10749,0.9991029466122681,0.032381798337386164,0.02728958055962658,1751969233.592
1301,6.016002678276332,10691,0.9991020251181452,0.03317254268886213,0.026357651951132394,1751969234.0
1302,6.0127042177325665,10676,0.999101105868642,0.03393510781469248,0.02540450175976019,1751969234.406
1303,6.009419277366323,10787,0.999100114743124,0.03467099721196391,0.02443118238244459,1751969234.818
1304,6.002867726988994,10702,0.9990979604408696,0.03606370069248196,0.022420413360542294,1751969235.225
1305,5.999601067231804,10770,0.999096764477976,0.036719055917414756,0.02138612031607383,1751969235.635
1306,5.996327150579678,10762,0.9990955453205841,0.03734539964932976,0.020332546461193562,1751969236.043
1307,5.993040270674227,10731,0.9990943537398014,0.03794081378967578,0.019260502958791517,1751969236.449
1308,5.9864342859059265,10842,0.9990920595187895,0.03903743288191736,0.017062691478581776,1751969236.861
1309,5.983127542338455,10742,0.999090915442119,0.039538860197605524,0.01593804301985534,1751969237.269
1310,5.979818966491962,10780,0.9990897497083194,0.04000815873836567,0.014799299379817474,1751969237.678
1311,5.97650386867063,10834,0.9990885649962725,0.040444524511360304,0.013648433270479661,1751969238.082
1312,5.969859203664773,10780,0.9990862272141006,0.04121547937321061,0.011313480946680577,1751969238.489
1313,5.966526063694516,10910,0.9990851845885238,0.04154726630425023,0.010130083827839429,1751969238.901
1314,5.963195288117102,10772,0.9990842031890501,0.04184361441306758,0.0089368266712261,1751969239.307
1315,5.959859807796321,10865,0.9990832937766078,0.0421041905108388,0.007733643249548883,1751969239.718
1316,5.956515086070042,10867,0.9990824584615765,0.04232885000762531,0.0065199425920916204,1751969240.126
1317,5.949840678846874,10796,0.9990808538193853,0.04267198792373794,0.004068043530296462,1751969240.532
1318,5.946523538572434,10946,0.999079954558486,0.042792567509811925,0.0028355890625844714,1751969240.944
1319,5.943199633357858,10828,0.999079075885441,0.04287705504131287,0.001599462058811065,1751969241.35
1320,5.939869647654653,10907,0.9990782041392433,0.04292565281415081,0.0003610323858158101,1751969241.761
1321,5.933193805441889,10894,0.9990764924763306,0.04291497789694039,-0.0021134931505611787,1751969242.169
1322,5.929846019657338,10836,0.9990756450376191,0.042856050139657056,-0.003348799649509944,1751969242.575
1323,5.926489644944637,10994,0.9990748530723101,0.04276025030266279,-0.004582461412319986,1751969242.983
1324,5.923128434002252,10888,0.9990740814552455,0.04262851064551654,-0.005812903276574483,1751969243.39
1325,5.916417924793855,10906,0.9990723292817515,0.04226390238801276,-0.008260957479125782,1751969243.801
1326,5.913046997351955,10966,0.9990714347833624,0.042029554925185904,-0.00947547955011486,1751969244.208
1327,5.909674121274284,10888,0.9990704559043943,0.04176204179118034,-0.010684381330589155,1751969244.615
1328,5.906294849477545,11033,0.9990694206825025,0.04146054917344695,-0.011887620424840404,1751969245.027
1329,5.902908058837101,9879,0.9990683311473676,0.04112596243985276,-0.01308147208114028,1751969245.397
1330,5.899500593312117,9907,0.9990672902674227,0.04075653331254901,-0.014263748106734078,1751969245.765
1331,5.892667865853803,9973,0.99906526077525,0.03991580232602351,-0.01659317440248887,1751969246.136
1332,5.889279384067376,9967,0.9990640503532965,0.0394490593694185,-0.017742463372761263,1751969246.508
1333,5.885909605321848,9985,0.9990626905045009,0.038952646632479375,-0.018879400473344323,1751969246.879
1334,5.882540734384252,9925,0.9990612831921646,0.038423659917144026,-0.02000436914769295,1751969247.25
1335,5.879173936157445,9919,0.999059850253022,0.03786396340983176,-0.02111245810671623,1751969247.617
1336,5.875813564250316,10013,0.9990583678255516,0.037275041895366685,-0.022202453230294454,1751969247.98
1337,5.872456400075522,9998,0.9990568747444408,0.03665570331015795,-0.02327488862934759,1751969248.352
1338,5.869095647267387,10020,0.9990554116879758,0.03600601555867031,-0.024327992530370577,1751969248.725
1339,5.8657262816338465,10010,0.9990539917910388,0.03532565026300221,-0.02536178069235237,1751969249.095
1340,5.858960485428195,9936,0.9990514340201931,0.03386953070577045,-0.027369455090783267,1751969249.466
1341,5.855603935230676,9969,0.9990501005970284,0.033098878206924455,-0.028343619361519197,1751969249.833
1342,5.852259008426572,10007,0.9990487039082454,0.03230120932393706,-0.02929708339521791,1751969250.205
1343,5.848918857763033,10038,0.9990472511306875,0.03147665879097399,-0.030229289762973843,1751969250.576
1344,5.845576815161188,10045,0.9990457750820414,0.030625358448930322,-0.031138829627934052,1751969250.948
1345,5.842222943066962,10035,0.9990443762195462,0.02974419428658757,-0.032025259567090514,1751969251.319
1346,5.838870241040129,10014,0.9990430017200099,0.028836881288337262,-0.032886395239286735,1751969251.689
1347,5.835518282604897,10075,0.9990416397377131,0.027905868411118213,-0.03372038817100137,1751969252.058
1348,5.832172601389212,10090,0.9990402572766369,0.026952916024695336,-0.034526868644534026,1751969252.429
1349,5.825500820984407,10085,0.999037440181657,0.02497701577620581,-0.03606025233130211,1751969252.8
1350,5.8221824837954035,10074,0.999035931801784,0.023953607691080205,-0.03678901531059529,1751969253.171
1351,5.8188682984416324,10105,0.999034412965063,0.02290581227872413,-0.03749087189442495,1751969253.542
1352,5.8155545933716395,9997,0.9990329042101398,0.021834691553384925,-0.03816415268576231,1751969253.913
1353,5.812241752819732,10085,0.9990313900084157,0.020742083219699118,-0.038807831188564686,1751969254.281
1354,5.808918472153404,10132,0.9990299631634298,0.01962809308793166,-0.03941916619371118,1751969254.653
1355,5.805591585836365,10125,0.9990285762706806,0.01849524939803983,-0.03999786924676216,1751969255.023
1356,5.802269710395926,10150,0.9990271759485111,0.017345897056916207,-0.04054406950015975,1751969255.395
1357,5.795605821111024,10111,0.9990244981601651,0.014998324054197845,-0.04153435146232265,1751969255.766
1358,5.792272584209842,10050,0.9990231575377561,0.013804638555288002,-0.04197812117817908,1751969256.133
1359,5.788934089588344,10167,0.9990218077936911,0.012600625048719654,-0.04238692960107712,1751969256.505
1360,5.785595071775935,10145,0.9990204555350986,0.011386850984494849,-0.042760601575529446,1751969256.876
1361,5.782264764488826,10162,0.9990190564445389,0.010165192349051503,-0.043099811196450524,1751969257.248
1362,5.778936674480953,10110,0.9990176367138834,0.008933976680073,-0.04340444211468851,1751969257.618
1363,5.775611797714075,10093,0.9990161997769634,0.007694166919113346,-0.04367416145291397,1751969257.98
1364,5.772291453554126,10156,0.9990147501010372,0.006446018938808102,-0.043908745374957814,1751969258.352
1365,5.768975358896067,10177,0.9990132835757465,0.00519167702988856,-0.04410788737654903,1751969258.724
1366,5.762373495448296,10166,0.9990101764770052,0.0026663006462827677,-0.04440223120797282,1751969259.095
1367,5.759085239622698,10134,0.9990085604570516,0.0013933528262300553,-0.044496681914848554,1751969259.466
1368,5.755796796713637,10084,0.9990069732067912,0.0001137859008932882,-0.044553950857072075,1751969259.836
1369,5.752502652767488,10198,0.9990054582840333,-0.0011708653385356783,-0.044572675408456795,1751969260.204
1370,5.749211440450681,10194,0.9990039455642529,-0.0024562287201432384,-0.04455427799358227,1751969260.575
1371,5.74592077211694,10221,0.9990024370630708,-0.0037414154207889966,-0.0444986803477851,1751969260.947
1372,5.742636358075709,10218,0.9990008930963737,-0.005025566498569412,-0.04440674806846543,1751969261.319
1373,5.7393433349831895,10168,0.9989993709383866,-0.006306383187725718,-0.044277380182179624,1751969261.683
1374,5.736029413968952,10177,0.998997934683092,-0.0075835020564880545,-0.044109148659616876,1751969262.051
1375,5.729406139497791,10253,0.9989949898844791,-0.010124933992487942,-0.04366343890896987,1751969262.423
1376,5.7261014641213785,10265,0.9989934586227197,-0.011388953345700066,-0.04338618870914576,1751969262.794
1377,5.722796318157145,10297,0.9989919004484195,-0.012646119534975152,-0.04307271176931092,1751969263.166
1378,5.719492182341892,10287,0.9989902776269748,-0.013895004285269484,-0.04272416251598386,1751969263.536
1379,5.71617161327658,10213,0.9989886731379172,-0.015133848179197685,-0.042339078655925004,1751969263.907
1380,5.712832073412539,10266,0.998987135952206,-0.016361510721290464,-0.04191662163063164,1751969264.274
1381,5.7094759358195,10309,0.9989856707212075,-0.017576544923311475,-0.04145714368185539,1751969264.646
1382,5.706099382050931,10309,0.9989843036255411,-0.018777271753677594,-0.040960653989916156,1751969265.018
1383,5.699319126506605,10316,0.9989818218758111,-0.021131580349707968,-0.039859451496592126,1751969265.383
1384,5.695925234042582,10299,0.9989806670987297,-0.022283308458378275,-0.03925660361169324,1751969265.754
1385,5.692539132100281,10245,0.9989795266172846,-0.023418850775530964,-0.03861946177588856,1751969266.125
1386,5.689158547244225,10311,0.998978409442874,-0.024537735562900925,-0.03794781944237258,1751969266.493
1387,5.6857734993188025,10324,0.9989773791559152,-0.025634970913695942,-0.03724304231709266,1751969266.865
1388,5.682387346165868,10332,0.9989764204005225,-0.02670875963164893,-0.03650689856311686,1751969267.235
1389,5.679017976638124,10377,0.9989753718075797,-0.027760287272176356,-0.03574315280545732,1751969267.607
1390,5.675654364036801,10287,0.998974290162224,-0.028790236134331276,-0.034949819716416475,1751969267.977
1391,5.672290012322801,10313,0.9989731957151599,-0.02979783017352697,-0.034126874448018596,1751969268.345
1392,5.665595406030066,10406,0.9989708070842801,-0.03174440900527947,-0.03239782539442508,1751969268.717
1393,5.6622574754443145,10427,0.9989695022488229,-0.03268137858065382,-0.031493825915681534,1751969269.088
1394,5.65892810933661,10435,0.9989680875972003,-0.03359290956179637,-0.030565935116811927,1751969269.46
1395,5.655608892521563,10397,0.9989665188202014,-0.034480461536553535,-0.029614051537648203,1751969269.83
1396,5.652274863929921,10327,0.9989649435099454,-0.035341938453789724,-0.028635450485370778,1751969270.198
1397,5.648924779384479,10443,0.9989634257311565,-0.0361756638039579,-0.027629610924061968,1751969270.569
1398,5.645568495838926,10468,0.9989619570606559,-0.03698039416604768,-0.026598097542267156,1751969270.941
1399,5.642220294204048,10447,0.9989604658377056,-0.03775541334536332,-0.025544401665236253,1751969271.311
1400,5.63887404322033,10455,0.9989590143951427,-0.038499250879747544,-0.024468249638734244,1751969271.683
1401,5.6321775000077885,10381,0.9989563834565436,-0.03988975270593974,-0.022247507286930163,1751969272.054
1402,5.628829261609293,10479,0.9989552641470022,-0.04053472650542428,-0.021102515966665063,1751969272.421
1403,5.625491565375599,10498,0.9989542221111617,-0.04114690180050366,-0.019934758551421322,1751969272.793
1404,5.622172380499196,10522,0.9989531903557454,-0.04172508082077646,-0.018749429553387566,1751969273.164
1405,5.618860924885486,10513,0.9989522318401648,-0.04226720348864081,-0.017547706710656127,1751969273.536
1406,5.61556989296803,10464,0.9989512002571896,-0.042775906814465386,-0.01633160435842676,1751969273.906
1407,5.612309671247569,10469,0.9989500007122992,-0.04325259563914693,-0.01510327935826589,1751969274.274
1408,5.609064023124179,10542,0.998948651559714,-0.04369696239047439,-0.01386243214138323,1751969274.646
1409,5.6025851954513834,10548,0.9989457857737961,-0.044481109214187554,-0.01134671793288513,1751969275.017
1410,5.599346868734068,10586,0.9989443340405176,-0.044818803530020206,-0.010074340597975786,1751969275.383
1411,5.596121394304004,10562,0.9989427645468529,-0.04512270909623087,-0.008791716744059297,1751969275.754
1412,5.592890432953786,10512,0.9989411660728703,-0.045390740391963974,-0.007498493958335178,1751969276.125
1413,5.58963772766885,10539,0.9989396809957412,-0.04561881619084151,-0.006199785598939731,1751969276.492
1414,5.586373276918935,10582,0.998938266817104,-0.04580782270364,-0.004897189764785168,1751969276.864
1415,5.5831110091432885,10604,0.9989368304560268,-0.04595997521488749,-0.003590186167079216,1751969277.235
1416,5.579856178299225,10606,0.9989353150179273,-0.04607638237421479,-0.0022810956444867993,1751969277.607
1417,5.5766069701040415,10596,0.99893373670444,-0.046156842961798714,-0.0009672236063031427,1751969277.977
1418,5.570097269450509,10532,0.9989305132011459,-0.046206385844796874,0.001673231262253265,1751969278.348
1419,5.56683267937101,10622,0.9989289532778737,-0.04617342995026492,0.00299343778950205,1751969278.717
1420,5.5635609304935265,10623,0.9989274720404485,-0.046101313833097256,0.00430981040665496,1751969279.082
1421,5.560280712050606,10662,0.9989261185833559,-0.045989179027313996,0.005621834610226676,1751969279.453
1422,5.557006650876801,10681,0.9989247872359065,-0.04583956725731031,0.006928457213655684,1751969279.825
1423,5.553744947701326,10607,0.9989233999949159,-0.04565442105945062,0.008228899095497037,1751969280.195
1424,5.550485637913226,10587,0.9989220116889641,-0.04543230936713857,0.009524695734859699,1751969280.564
1425,5.547214333999904,10692,0.9989207318805041,-0.04517052449038829,0.01081642901244132,1751969280.934
1426,5.54393879881416,10667,0.9989195117489735,-0.04487008721262352,0.012103070714664058,1751969281.306
1427,5.537368926066152,10700,0.998917268158574,-0.04415571480766012,0.014648010937882813,1751969281.677
1428,5.534104051810196,10656,0.9989161026377202,-0.04374505443892525,0.015905662614398096,1751969282.048
1429,5.530853289614631,10563,0.9989148678448512,-0.04330004904712457,0.017152042182204855,1751969282.416
1430,5.5275964633151355,10746,0.9989137156698309,-0.042818028825244,0.018384913766807686,1751969282.781
1431,5.524336040567588,10713,0.9989126504521466,-0.042298728051951284,0.01960444775694059,1751969283.153
1432,5.521081972469345,10721,0.9989115738934577,-0.0417455612195702,0.0208080671893933,1751969283.525
1433,5.517817276564528,10717,0.9989105888177413,-0.041156517444831314,0.021994922586966302,1751969283.895
1434,5.51453665384763,10605,0.9989097107651346,-0.0405315752302482,0.023164221300747585,1751969284.266
1435,5.51124858735414,10730,0.9989089056441058,-0.039872023854881936,0.024315014674284256,1751969284.633
1436,5.504665822221547,10770,0.9989073076858289,-0.038450561952601214,0.026565860373377482,1751969285.005
1437,5.501357951416267,10758,0.9989065225102055,-0.03769010416069095,0.02766252582329781,1751969285.376
1438,5.498029707930195,10751,0.9989058130715824,-0.036897233797038104,0.02873622713453618,1751969285.748
1439,5.494690772936545,10686,0.9989051848340242,-0.03607305853306934,0.02978533464263107,1751969286.119
1440,5.491342715223483,10695,0.9989045519167962,-0.03522010598994631,0.030809743490682263,1751969286.48
1441,5.487984582710307,10735,0.9989039613450834,-0.03433700615642117,0.03180952714697528,1751969286.852
1442,5.484628326231503,10742,0.9989033231423132,-0.03342549861891965,0.03278547021654773,1751969287.224
1443,5.481279258674837,10692,0.9989025763587047,-0.03248708343304259,0.0337376992985063,1751969287.595
1444,5.474597577786429,10714,0.9989007646689636,-0.030532268671220608,0.03556744176277115,1751969287.966
1445,5.4712636447210246,10680,0.9988996499827959,-0.02951719344082337,0.03644481520909329,1751969288.336
1446,5.467928644315778,10763,0.9988984008199787,-0.028477216889190384,0.037296554231391596,1751969288.705
1447,5.464582462092598,10808,0.9988971002292489,-0.027413879909502007,0.038119054840133594,1751969289.076
1448,5.461230187450259,10854,0.9988957471261932,-0.026325909691629772,0.038913144978431326,1751969289.448
1449,5.4578649480390204,10830,0.9988944101552449,-0.025214207786459702,0.039676203022799734,1751969289.819
1450,5.454505550658284,10794,0.9988930018517805,-0.024082951379350237,0.04040770105312276,1751969290.189
1451,5.451158212457053,10811,0.9988914790599652,-0.022931312461170708,0.04110922001453282,1751969290.56
1452,5.447820500232548,10891,0.9988898741573878,-0.021758004322868278,0.04178048053486011,1751969290.929
1453,5.4411470834266185,10898,0.9988865861122994,-0.01935319835374643,0.043023735291074526,1751969291.3
1454,5.437825610394382,10920,0.9988848366381498,-0.0181232135440631,0.043596241411539706,1751969291.671
1455,5.4345035272822315,10890,0.9988830831338588,-0.016875525923986865,0.04413391953798602,1751969292.042
1456,5.431180391057641,10818,0.9988813381250671,-0.015610865157464949,0.04463600827259225,1751969292.413
1457,5.42785601201773,10897,0.998879621369958,-0.014334185924961067,0.04510025638151069,1751969292.781
1458,5.424545096678429,10928,0.9988778786024646,-0.013044413523515114,0.0455283089348526,1751969293.153
1459,5.421241284672451,10960,0.9988761381892303,-0.011741437281653663,0.045919486133130294,1751969293.523
1460,5.4179514065915155,10969,0.9988743515843516,-0.010428500394596071,0.04627392490875498,1751969293.895
1461,5.411420502362944,10884,0.9988705742147129,-0.007776952925951825,0.0468731796569959,1751969294.265
1462,5.4081563791275515,10891,0.9988686697163888,-0.006437908533578112,0.047116175489158106,1751969294.633
1463,5.404887743628449,11009,0.9988668072888228,-0.005091274379008413,0.047319976984687484,1751969295.005
1464,5.401618516792721,9957,0.998864975106899,-0.00373916386269522,0.04748452546148129,1751969295.341
1465,5.398357646747482,9955,0.998863132944504,-0.0023817419554231106,0.04761059702994721,1751969295.678
1466,5.395102732090467,9977,0.9988613090941122,-0.0010208278004678218,0.04769741193605824,1751969296.014
1467,5.391865480878673,9976,0.9988594404787019,0.00034148585955698455,0.047746220310954914,1751969296.35
1468,5.388636010545714,9974,0.9988575785110223,0.0017059123267995446,0.04775591810687283,1751969296.68
1469,5.385407074031636,9994,0.9988557445914467,0.0030711721635354136,0.04772598242266575,1751969297.017
1470,5.3821722204827305,9982,0.9988539943980762,0.004436310606326994,0.04765518883828066,1751969297.353
1471,5.378928904968538,10018,0.998852384144939,0.00580023161128922,0.0475423180043454,1751969297.693
1472,5.375686737601253,10057,0.9988508564307568,0.0071617774457665645,0.047388559287671,1751969298.029
1473,5.372442785512192,10057,0.9988494201137131,0.008519511128678282,0.04719379057277717,1751969298.366
1474,5.369205145544916,10039,0.998847998060476,0.009872285735733427,0.04695971406356088,1751969298.703
1475,5.365966795951405,10024,0.9988466390242109,0.011219046702396956,0.04668537995055047,1751969299.039
1476,5.362718638196955,10035,0.9988454315316694,0.012558144484860305,0.04636913753145038,1751969299.376
1477,5.3594669719226715,10009,0.9988443397560893,0.01388767545251171,0.04601214413334596,1751969299.712
1478,5.356214946913726,10072,0.9988433466579274,0.015204920772554652,0.04561555898475935,1751969300.049
1479,5.352965932864135,10055,0.9988423962738926,0.016509379827651216,0.04518083425009308,1751969300.383
1480,5.349728217301791,10079,0.9988414223603447,0.017798897194659283,0.044710314646818954,1751969300.72
1481,5.346488795049418,10076,0.9988404858875328,0.019072482411871164,0.044203214437484935,1751969301.055
1482,5.343247980944268,10116,0.998839565378818,0.020332187188098635,0.04365918915878028,1751969301.392
1483,5.3400063578767405,10073,0.998838635151344,0.0215760986122479,0.043079611159748524,1751969301.729
1484,5.336756478372329,10130,0.9988377945585608,0.022803810289231084,0.04246229383444847,1751969302.065
1485,5.333511984717108,10110,0.9988369871786307,0.024015145836632872,0.041808441903053654,1751969302.402
1486,5.330283817970113,10082,0.998836124797543,0.02520900141912238,0.041120579359703424,1751969302.738
1487,5.3270619906343315,10124,0.9988352794097816,0.026383669731963245,0.04039785362934685,1751969303.075
1488,5.323848491242685,10124,0.9988343686257914,0.027539191895541267,0.03964211096368249,1751969303.41
1489,5.320636547179765,10153,0.9988334241797642,0.02867247605608579,0.03885459893166455,1751969303.747
1490,5.317427605346312,10116,0.9988323919463624,0.02978160578121642,0.03803825384794293,1751969304.081
1491,5.314215738391696,10162,0.9988313015199457,0.03086632008727321,0.03719275989008493,1751969304.418
1492,5.311002574068761,10124,0.998830151509796,0.03192592966709471,0.03631891311437337,1751969304.755
1493,5.307801393927716,10155,0.9988288887513833,0.032962748125519574,0.03541621424842509,1751969305.091
1494,5.304603085641848,10151,0.9988275055666078,0.03397621920968798,0.03448522367338293,1751969305.428
1495,5.301393221585815,10168,0.9988261100172187,0.03496327742546173,0.03352567940461816,1751969305.763
1496,5.298175243524134,10185,0.9988247003458932,0.035923187020792974,0.03253832529811039,1751969306.1
1497,5.294961794868306,10185,0.9988231282092058,0.03685906521481629,0.03152408390209717,1751969306.436
1498,5.291746841107388,10217,0.9988213993576538,0.03776943469400618,0.03048412682222572,1751969306.773
1499,5.288528549129899,10204,0.9988194905397024,0.03865364722005643,0.029419736140839637,1751969307.112
1500,5.285303577636574,10276,0.9988174093200096,0.039510757796227536,0.028331658222425126,1751969307.449
1501,5.282059784905885,10250,0.9988152793483958,0.040338143135363075,0.02721896303272722,1751969307.783
1502,5.278795307697581,10229,0.9988131605641745,0.0411341783494434,0.026081596103782134,1751969308.12
1503,5.275512917978497,10239,0.9988110791855035,0.04189895203158042,0.02491798376565102,1751969308.456
1504,5.272214888308045,10221,0.9988090808654061,0.04263032235803322,0.023729213987250912,1751969308.783
1505,5.268911584626278,10267,0.9988071097010642,0.04332745818379662,0.0225186362361821,1751969309.12
1506,5.26561596412395,10278,0.9988050885132672,0.043991029057648186,0.021288131023022235,1751969309.456
1507,5.26232579958102,10277,0.9988030526708092,0.04461935718369851,0.020039334818958903,1751969309.793
1508,5.259046089435802,10257,0.9988009690913396,0.04521303686289293,0.018772464937657343,1751969310.129
1509,5.255779349179817,10252,0.9987987906974725,0.045772352204162106,0.017489067298307587,1751969310.465
1510,5.252513488759548,10265,0.9987965972879166,0.046295519321503324,0.016188951072622734,1751969310.802
1511,5.249239676302178,10207,0.998794452853872,0.046780396822919595,0.0148739847191123,1751969311.138
1512,5.245976147190434,10313,0.9987922715968179,0.0472278515739896,0.013547259286418792,1751969311.475
1513,5.242707545174058,10297,0.9987901187811273,0.04763689222304894,0.01220758471243433,1751969311.811
1514,5.239427245954086,10296,0.9987881027637842,0.04800482385942168,0.010856457237343438,1751969312.148
1515,5.236147966650103,10347,0.9987860950104678,0.04833354559325182,0.009497619919003742,1751969312.482
1516,5.2328647004825175,10348,0.9987840965046778,0.048623494621291063,0.00812922752465718,1751969312.819
1517,5.229574074715261,10331,0.9987821484967647,0.048873624592746426,0.006751937748072522,1751969313.154
1518,5.226288139214197,10336,0.9987801420635719,0.04908580692636398,0.0053676231107388445,1751969313.491
1519,5.222992584727074,10379,0.9987781604741557,0.04925835769588581,0.003974966284861125,1751969313.828
1520,5.2196815377110894,10377,0.9987762219429571,0.04939040620503414,0.002578033408300914,1751969314.164
1521,5.216362301468909,10365,0.9987743019327098,0.04948234313791547,0.001179625538055838,1751969314.501
1522,5.213029508134975,10400,0.9987724719991824,0.04953282028049055,-0.00022111468333946207,1751969314.837
1523,5.2096971329715505,10394,0.9987706489645237,0.0495434762941869,-0.0016231831909169034,1751969315.173
1524,5.206372925520414,10422,0.9987688022413896,0.04951495702857405,-0.003024681761507482,1751969315.509
1525,5.199738713000395,10408,0.9987649785070823,0.04934122621529166,-0.005827615577477693,1751969315.846
1526,5.196419448512986,10405,0.9987630996986966,0.04919399240734692,-0.007226464645819567,1751969316.18
1527,5.193092346655698,10444,0.9987613577274498,0.049003911008403504,-0.008623631271201512,1751969316.52
1528,5.189768462346176,10479,0.9987596785206422,0.04877247954403638,-0.010017474755141078,1751969316.856
1529,5.1864600876777205,10474,0.998757971695262,0.048501629183176326,-0.011406399157651119,1751969317.193
1530,5.183175319482932,10433,0.9987561325416072,0.048193671152009725,-0.012788970694452052,1751969317.529
1531,5.179905610693308,10467,0.9987541500299324,0.04784928220977912,-0.014163120771780018,1751969317.866
1532,5.176645078677985,10470,0.9987520460375289,0.0474678215030166,-0.015529213038894546,1751969318.203
1533,5.173384042595815,10470,0.9987498454117651,0.04704858419877185,-0.016887184930181987,1751969318.539
1534,5.17011182486211,10500,0.998747629290496,0.04659011012159198,-0.018235531949250462,1751969318.876
1535,5.166823402058176,10511,0.9987454354141767,0.046092052865797276,-0.019572375991770898,1751969319.212
1536,5.163529766707267,10451,0.9987432175983185,0.04555577307085073,-0.02089633559442795,1751969319.549
1537,5.160236549170687,10490,0.9987409591515389,0.044981007989350334,-0.022208228955194795,1751969319.883
1538,5.156923323151993,10462,0.9987387942676049,0.04436605674257749,-0.023504761943169,1751969320.219
1539,5.153589496876326,10468,0.9987367745565703,0.043710938870504076,-0.024783239727640845,1751969320.555
1540,5.150245835044088,10510,0.9987348405984987,0.04301778582333271,-0.02604204825948681,1751969320.893
1541,5.146890320986644,10460,0.9987330227317047,0.042286200829550875,-0.027280515475244196,1751969321.228
1542,5.143534718877865,10467,0.9987312691436872,0.04151708586829791,-0.028498835338379533,1751969321.565
1543,5.1401946056844,10500,0.9987294323938766,0.04071260011992427,-0.02969857002753119,1751969321.902
1544,5.136853156982103,10469,0.998727693222698,0.039870047132462685,-0.030876757143903373,1751969322.237
1545,5.133508450182683,10447,0.9987260868614294,0.03898980186837843,-0.03203121559855711,1751969322.574
1546,5.130171806512822,10450,0.998724534123744,0.03807361284067932,-0.033161799477242855,1751969322.91
1547,5.126852124014597,10492,0.9987229683316753,0.037125284700270385,-0.03426581040471011,1751969323.247
1548,5.123556537845663,10459,0.9987212741816108,0.036147407252896516,-0.03534376106122607,1751969323.581
1549,5.120261741497984,10485,0.9987195913015774,0.03513856128962771,-0.03639312381350747,1751969323.918
1550,5.116979628777406,10483,0.9987177912877812,0.03409982476468697,-0.037416244016115874,1751969324.255
1551,5.11370563590651,10492,0.9987158526922959,0.03303248848799414,-0.038412241348181164,1751969324.58
1552,5.110423848904607,10516,0.9987138574192346,0.031939011951817024,-0.039376776332434305,1751969324.917
1553,5.107129849582932,10556,0.9987118741193047,0.030818690194982123,-0.04030881823834292,1751969325.253
1554,5.10383546970041,10518,0.9987098063107831,0.029674394356919466,-0.04120865319600117,1751969325.59
1555,5.100538452337162,10582,0.998707647248514,0.028505924059821133,-0.0420766873795181,1751969325.93
1556,5.097236252161164,10593,0.9987054504374159,0.027313416368879715,-0.042911543352094544,1751969326.266
1557,5.09392164080083,10568,0.9987032507678677,0.02609955770742013,-0.043710753747457316,1751969326.603
1558,5.090599780469487,10536,0.9987010714370496,0.02486313864092246,-0.044474647243250544,1751969326.939
1559,5.087272404357861,10547,0.9986989292398856,0.0236039123909101,-0.04520292086744019,1751969327.276
1560,5.08392904624327,10589,0.9986968885361189,0.022322701907228962,-0.045893592230679264,1751969327.612
1561,5.080566442124146,10605,0.9986950236708239,0.02101967875726383,-0.04654484719143312,1751969327.949
1562,5.077202113589041,10645,0.998693200088889,0.019696728535914185,-0.04715857272221635,1751969328.283
1563,5.07384779201042,10664,0.9986913707609841,0.018357561772123446,-0.04773411666019718,1751969328.62
1564,5.070507449882901,10636,0.9986895042684576,0.01700265145948409,-0.04827197849031677,1751969328.956
1565,5.067169855217506,10618,0.998687711883353,0.015629968514755746,-0.04877046460123719,1751969329.293
1566,5.063839807038729,10652,0.9986859550462353,0.01423968319111435,-0.04923001742845203,1751969329.63
1567,5.060515735248631,10622,0.998684231683312,0.012831872903347318,-0.04965026107590069,1751969329.966
1568,5.057197019710029,10669,0.9986825218205716,0.011410164641437799,-0.05003027836179579,1751969330.303
1569,5.053876157929575,10634,0.998680882641641,0.009973856684023041,-0.050368808095481714,1751969330.639
1570,5.050552672471994,10641,0.9986792974997343,0.008522637486704999,-0.050665820783908834,1751969330.975
1571,5.047236354879171,10675,0.9986776399126004,0.007059277755661412,-0.05092286457149449,1751969331.311
1572,5.043928660236976,10644,0.9986759314097583,0.005587055525828851,-0.051138721468211266,1751969331.647
1573,5.040624613561596,10630,0.9986741610961793,0.0041084338397836305,-0.05131316332313287,1751969331.981
1574,5.0373248004659175,10690,0.9986723242696224,0.002622466936499317,-0.05144619913149165,1751969332.318
1575,5.034030972947826,10710,0.9986703881936082,0.0011308469069952205,-0.05153811143707962,1751969332.654
1576,5.030744514405198,10667,0.9986682905912455,-0.00036602497466736267,-0.0515898380815209,1751969332.991
1577,5.027447138304489,10678,0.9986661674173641,-0.0018646260591289295,-0.05159853898680723,1751969333.328
1578,5.024135727403666,10704,0.9986640817525335,-0.003363451439993374,-0.051562961627316405,1751969333.664
1579,5.02083361011038,10698,0.9986619011166716,-0.004862073636155423,-0.051485604764747624,1751969334.0
1580,5.017537284724747,10679,0.9986595892733102,-0.0063618498265259026,-0.05136683384488635,1751969334.336
1581,5.014227848785293,10700,0.9986573115227406,-0.00786116017211085,-0.0512032841028807,1751969334.673
1582,5.0108978080493705,10731,0.9986551164160354,-0.009354377590850695,-0.05099464752268053,1751969335.009
1583,5.007547047869743,10778,0.9986530764385372,-0.010837676492040288,-0.050740296492030296,1751969335.349
1584,5.0041837418815875,10833,0.9986511226454704,-0.01231142985572083,-0.05044168845161072,1751969335.683
1585,5.00081747037042,10793,0.998649233867127,-0.013776657724155693,-0.05009901594394661,1751969336.02
1586,4.997449716670892,10793,0.9986474145292313,-0.015234368733453513,-0.04971172360092629,1751969336.356
1587,4.994089365100005,10815,0.9986456101494366,-0.016680319735849,-0.04928196691254569,1751969336.693
1588,4.990727027106372,10829,0.9986439107598296,-0.018110217294394222,-0.04880942052374098,1751969337.029
1589,4.987375942470149,10887,0.998642218347397,-0.019525947893236747,-0.04829551835378463,1751969337.366
1590,4.984020498695203,10910,0.9986406391391225,-0.020924028816423548,-0.04773948971129196,1751969337.703
1591,4.980662143983468,10940,0.9986391798920443,-0.022304240217003907,-0.04714137516966582,1751969338.039
1592,4.977311590310977,10879,0.9986376978138417,-0.02366671091701142,-0.046504142820192655,1751969338.376
1593,4.973956004175548,10865,0.99863629172057,-0.025008632322503735,-0.045827122623470384,1751969338.712
1594,4.970613463111471,10897,0.9986348120134899,-0.026331668019818726,-0.045112697703373714,1751969339.049
1595,4.967286061621178,10799,0.9986332089583074,-0.027635805970142247,-0.04436187771064254,1751969339.383
1596,4.963941977882597,10868,0.9986317315972137,-0.028916265666263735,-0.04357194311788584,1751969339.72
1597,4.96058910567626,10877,0.9986303202779359,-0.03017176109047028,-0.042745154746319465,1751969340.056
1598,4.957234991418706,10895,0.9986288959676316,-0.03140362080430538,-0.04188246338085392,1751969340.382
1599,4.953879898179305,10906,0.9986274721449616,-0.03261121845966753,-0.040983903034480317,1751969340.719
1600,4.950528462843234,10929,0.9986259766497863,-0.03379449768793921,-0.04005110093718568,1751969341.056
1601,4.9471823930485925,10857,0.9986243566237283,-0.03495212865186028,-0.039086353891717975,1751969341.392
1602,4.94383722106412,10874,0.9986226272376397,-0.0360838454435897,-0.03808942723377877,1751969341.729
1603,4.9404809309954825,10904,0.9986209123604629,-0.037188108602334964,-0.0370583050737291,1751969342.065
1604,4.937122411090494,10887,0.9986191167529139,-0.03826468213074584,-0.03599546856290317,1751969342.402
1605,4.9303482237913965,10916,0.9986158172343216,-0.04032021759339907,-0.033774689082935815,1751969342.737
1606,4.926938658602012,10946,0.998614335081947,-0.041297697001801754,-0.032617633132839746,1751969343.074
1607,4.923525859816519,10961,0.9986128937972516,-0.04224153459289372,-0.03143153030185325,1751969343.41
1608,4.920112647970777,10942,0.9986114969896722,-0.043150226329191535,-0.030218141037887815,1751969343.746
1609,4.916696167369812,10969,0.9986101715398433,-0.04402234841549986,-0.028978580661395133,1751969344.08
1610,4.91327841243085,10977,0.9986089639176206,-0.0448543105036683,-0.027716926464105934,1751969344.417
1611,4.909860459588336,11065,0.9986079057750337,-0.04564616155803376,-0.026432526527355296,1751969344.756
1612,4.906426883620909,11019,0.9986071760760407,-0.04639569354669366,-0.025122649337940898,1751969345.09
1613,4.902996225620207,11024,0.9986066866711741,-0.04710474107630662,-0.023787154175176038,1751969345.425
1614,4.8995866485253625,10956,0.9986062280945988,-0.04777503346520743,-0.02243094710609712,1751969345.758
1615,4.896208903732254,11101,0.9986056261353217,-0.048408412277521046,-0.021057755617625847,1751969346.095
1616,4.892865581920884,11021,0.9986047420757169,-0.04900827413503469,-0.01966616816251028,1751969346.429
1617,4.889524319225645,11026,0.9986038000228056,-0.049570572711344546,-0.018254010547872547,1751969346.762
1618,4.886186404280746,11096,0.9986027833528812,-0.05009400175996981,-0.016824745690515005,1751969347.098
1619,4.882860488055438,11039,0.9986016231036893,-0.050579287483201306,-0.015379662296981006,1751969347.433
1620,4.8795298749938,11039,0.9986004828818577,-0.0510221452357828,-0.013921791682808191,1751969347.766
1621,4.8761983596018705,11139,0.9985993977388601,-0.05142184923820636,-0.012451355609303943,1751969348.102
1622,4.8728727436538914,11024,0.9985982652857098,-0.051779660255805555,-0.010971387886883625,1751969348.433
1623,4.869546908981473,11160,0.9985970813814788,-0.052095469448113885,-0.009483201957815641,1751969348.77
1624,4.866192000965539,11093,0.9985961185695063,-0.052364443256405,-0.007984801836208125,1751969349.105
1625,4.862821178953325,11064,0.9985953111212705,-0.05258740086644771,-0.0064784162203600755,1751969349.438
1626,4.859457862221464,11162,0.9985944859305342,-0.05276713783482563,-0.004968081506250029,1751969349.774
1627,4.856096682652954,11055,0.998593677655595,-0.052903118848950756,-0.0034535434451249372,1751969350.109
1628,4.852743319371221,11129,0.9985928431211027,-0.05299616521146364,-0.0019339442058992362,1751969350.441
1629,4.849404432457556,11215,0.9985918737989401,-0.05304811950297761,-0.00040816653365035194,1751969350.778
1630,4.84606599772702,11040,0.9985909036407321,-0.053056163963593,0.0011183163481781912,1751969351.112
1631,4.842729407608277,11214,0.9985899407557364,-0.05302021192327679,0.0026433594279735998,1751969351.446
1632,4.839406460212242,11240,0.9985888961255854,-0.052942138581514,0.004164912616204961,1751969351.781
1633,4.836094255847896,11075,0.9985877873209855,-0.05282186102635225,0.005681726066159461,1751969352.113
1634,4.832796419362294,11240,0.9985865713629759,-0.05266048857725063,0.0071925264226886665,1751969352.449
1635,4.829507351836625,11198,0.9985852447697826,-0.05245808656364884,0.008698165447623207,1751969352.783
1636,4.826208937658316,11151,0.9985839917825138,-0.05221156992349702,0.010196240573096217,1751969353.115
1637,4.822894711769269,11295,0.9985829375776138,-0.05191896054813178,0.011684961038234984,1751969353.451
1638,4.819588185418128,11193,0.9985819069414186,-0.05158427105024639,0.013161994888871462,1751969353.783
1639,4.816303649801578,11200,0.9985807383691128,-0.05121066979477631,0.014627927309360134,1751969354.116
1640,4.813024968791041,11237,0.9985795262324153,-0.05079711699316293,0.01608050666577514,1751969354.452
1641,4.809755872290713,11150,0.9985782182017813,-0.05034469760368256,0.017520090072527014,1751969354.783
1642,4.806491582913676,11248,0.9985768358882873,-0.04985276898577372,0.018947407521548453,1751969355.116
1643,4.803217082258306,11251,0.9985754754558586,-0.0493203537189931,0.020359826304254394,1751969355.452
1644,4.799931738656394,11076,0.9985742147460857,-0.04874563142743134,0.021757781618980485,1751969355.78
1645,4.796662389944596,11236,0.9985727985529813,-0.04813401869407251,0.02314048907058447,1751969356.117
1646,4.793406005486494,11196,0.9985711527017732,-0.04748651181240216,0.024508859372536492,1751969356.452
1647,4.790152331855012,11066,0.9985693068617206,-0.046803382210076024,0.025860835396412686,1751969356.784
1648,4.786885400128354,11225,0.9985674125818829,-0.046081634411920834,0.027195688986482256,1751969357.121
1649,4.783605734436525,11161,0.9985654803080826,-0.04532087613560163,0.028513150008192368,1751969357.456
1650,4.780319675680694,11101,0.998563474330486,-0.04452290451381245,0.029811050076826457,1751969357.789
1651,4.777034630364427,11188,0.9985613592714299,-0.04368998860994949,0.03108692112861553,1751969358.125
1652,4.773734291013796,11077,0.9985592901655913,-0.042819946443370775,0.03233877255829357,1751969358.46
1653,4.77042606919319,11132,0.9985572708647076,-0.041914096718797623,0.03356464359224118,1751969358.792
1654,4.767117056378414,11160,0.9985552620260231,-0.04097383872344593,0.0347639643942637,1751969359.129
1655,4.763815018920131,11033,0.9985531474543864,-0.04000113119056274,0.035937740780605076,1751969359.46
1656,4.7605119499349025,11189,0.9985509355690918,-0.038998419758349175,0.03708304640186973,1751969359.797
1657,4.757187056527207,11120,0.9985488271935071,-0.037960370343871834,0.038200130809036066,1751969360.132
1658,4.753844345286243,11024,0.9985467883293463,-0.03688754941846702,0.039288932475291104,1751969360.464
1659,4.750490665374892,11198,0.9985447361055519,-0.03578407599939138,0.04034736547487625,1751969360.8
1660,4.747127320664573,11124,0.998542651983776,-0.034650259163216894,0.041375496481969386,1751969361.136
1661,4.743760495181643,11186,0.998540487254408,-0.03348948291272586,0.04237156886365546,1751969361.468
1662,4.740386144985343,11353,0.9985382494410115,-0.03230053937111942,0.04333635378772745,1751969361.805
1663,4.737008049329872,11144,0.9985359387208281,-0.031082895370984454,0.0442699977216059,1751969362.139
1664,4.733617696334172,11328,0.9985336465043686,-0.02983822039937158,0.04516898717136521,1751969362.472
1665,4.7302158092998265,11357,0.9985314570841526,-0.028567157223098234,0.046030932443193194,1751969362.808
1666,4.726819868152476,11197,0.9985292408027299,-0.027271963985750616,0.04685717919682925,1751969363.14
1667,4.723430044260314,11378,0.9985270000531328,-0.025952689902217944,0.04764753982872948,1751969363.476
1668,4.720040172517816,11382,0.9985248315857386,-0.024611215428909018,0.048398851037852776,1751969363.812
1669,4.7166667969898,11299,0.998522632589577,-0.023250296555208914,0.0491118714413867,1751969364.144
1670,4.713316612829441,11456,0.9985203228924069,-0.021870177659614028,0.049788152204920486,1751969364.48
1671,4.709978639968338,11393,0.9985180120503658,-0.020469838398218098,0.05042583987338536,1751969364.815
1672,4.706652182093555,11446,0.9985156501026086,-0.019052132084264695,0.051024628986486575,1751969365.148
1673,4.703337781906271,11460,0.9985132584326312,-0.017615194135645856,0.05158466506446529,1751969365.483
1674,4.70002771639881,11417,0.9985109045024938,-0.016158817177324678,0.05210437809859634,1751969365.818
1675,4.696730195987628,11503,0.998508542367424,-0.01468516668794459,0.052583616256677075,1751969366.151
1676,4.693444509743886,11527,0.9985061294800468,-0.013194604891259697,0.053022747878054034,1751969366.483
1677,4.690173289362027,11455,0.9985036056322447,-0.01168831447278936,0.053422213022224295,1751969366.818
1678,4.686920178705419,11626,0.9985008861352206,-0.010168143361627477,0.053782796949921045,1751969367.152
1679,4.683687201134805,11638,0.9984979342902242,-0.00863615462288284,0.05410445500589554,1751969367.483
1680,4.680450226603203,11461,0.9984949332345944,-0.007091476904309737,0.0543836304429781,1751969367.816
1681,4.677199329020413,11647,0.9984919805450244,-0.005536118398548697,0.054617910801785886,1751969368.151
1682,4.673932744236483,11650,0.9984891454409857,-0.003972203944398346,0.054805547459671485,1751969368.483
1683,4.670645461187348,11488,0.9984865376609902,-0.0024008330621693055,0.05494424547098353,1751969368.816
1684,4.667355631825266,11703,0.998483974624371,-0.0008243426445331862,0.05503701370462358,1751969369.152
1685,4.664065730431014,11627,0.9984814122511514,0.0007539204825361325,0.055084489585109205,1751969369.483
1686,4.660763143662852,11592,0.9984789654637326,0.0023339749914298223,0.055084553980346625,1751969369.817
1687,4.65743120450716,11714,0.998476826779367,0.003914526112279401,0.05503365215867549,1751969370.152
1688,4.654088466480734,11552,0.9984749422833576,0.005492365082345645,0.05493290050641459,1751969370.487
1689,4.650756425958471,11709,0.9984731070714304,0.00706832613293526,0.054785885233354224,1751969370.82
1690,4.64742284032925,11665,0.9984714214337166,0.008640804107139743,0.05459081501970326,1751969371.156
1691,4.644077397384003,11603,0.9984699672241957,0.010207562384471576,0.05434639106215879,1751969371.488
1692,4.640714011059289,11789,0.9984688498255111,0.011766418062688385,0.054050969779412976,1751969371.825
1693,4.637351990173813,11654,0.9984679405239762,0.013313173177293205,0.05370783151236959,1751969372.16
1694,4.634002613206215,11713,0.9984669962673396,0.014848555259598316,0.05332145695289374,1751969372.493
1695,4.630647584840159,11764,0.9984661619339835,0.016372481983779344,0.05288917948419473,1751969372.829
1696,4.627285872105373,11650,0.9984654472600584,0.017883157435177155,0.05241128988987207,1751969373.163
1697,4.623930878897846,11773,0.9984647566274429,0.019379788944582234,0.05188982128862084,1751969373.497
1698,4.620595306244096,11780,0.998463966172705,0.02086173191813702,0.05132734549971651,1751969373.832
1699,4.617264801690826,11708,0.9984631452653878,0.022324422749572463,0.05072442898295899,1751969374.165
1700,4.613932803259603,11835,0.9984623710293307,0.023767936135711296,0.05007972494269675,1751969374.501
1701,4.6106015517287995,11789,0.9984616317254242,0.02519160930801932,0.049393853794528306,1751969374.836
1702,4.607280346941785,11790,0.9984608681269416,0.026593111614910625,0.04866930484228459,1751969375.168
1703,4.603989496263107,11864,0.9984598684481374,0.027974495819804608,0.04790948426100958,1751969375.505
1704,4.6007319071305375,11801,0.9984585470396511,0.029336472968903488,0.047115827459715,1751969375.839
1705,4.597484194507253,11834,0.9984570716120331,0.03068019006569493,0.04628392901922031,1751969376.173
1706,4.59424017152619,11867,0.9984555493481705,0.03200366174338156,0.04541235086249164,1751969376.508
1707,4.591009784274805,11732,0.9984538375362839,0.03330522573982475,0.04450501373426616,1751969376.843
1708,4.5877857386224985,11912,0.9984520042498334,0.03458216110141413,0.04356224676306915,1751969377.176
1709,4.584559059309958,11867,0.9984500464042293,0.035833923588364805,0.042584442648174736,1751969377.512
1710,4.581317305529165,11794,0.9984481084710227,0.03705843741461047,0.04156978358163503,1751969377.843
1711,4.578063970991557,11962,0.9984461088255288,0.03825438858823935,0.04052122314171566,1751969378.181
1712,4.574794745837347,11843,0.998444126205993,0.039421533491156055,0.03943690583650106,1751969378.515
1713,4.571521066046398,11863,0.998442058630694,0.04056204682237443,0.038316783723080845,1751969378.848
1714,4.568245609019398,11994,0.9984398296169497,0.0416725745285088,0.037165887136495615,1751969379.183
1715,4.564960115581953,11871,0.9984374811929082,0.04275254564440545,0.035983551660222685,1751969379.518
1716,4.561657809602447,11980,0.9984350100348939,0.04380205006791402,0.03476939957015644,1751969379.85
1717,4.558349626675428,12054,0.9984322699613241,0.04482141647713058,0.03352674939300384,1751969380.183
1718,4.555017573921092,11890,0.9984294551405273,0.0458072624639969,0.0322539581035307,1751969380.515
1719,4.551672482064806,12055,0.9984265960613247,0.046756930386172214,0.030953541610924788,1751969380.851
1720,4.548310993732947,12030,0.9984237371252543,0.04766809570552064,0.02962758506275091,1751969381.183
1721,4.544930670859679,11966,0.9984209838999448,0.048538438690804236,0.028276472158405112,1751969381.516
1722,4.541548215602802,12103,0.9984181978708855,0.04937106035877416,0.026899824521801844,1751969381.852
1723,4.538158231833921,11978,0.9984154593899341,0.05016505175180195,0.0254958434637057,1751969382.183
1724,4.534751173681198,12059,0.9984128206382149,0.050918218345034634,0.024066047158000467,1751969382.516
1725,4.53135415324084,12125,0.998410051576821,0.05163275732081141,0.02261475805353522,1751969382.852
1726,4.5279504242201005,11922,0.9984072738542971,0.05230638528461988,0.021141371130734842,1751969383.187
1727,4.52453433166199,12022,0.9984046316383979,0.052936543884553156,0.019644689983644548,1751969383.519
1728,4.521128952394745,12037,0.9984018785958392,0.05352551149544529,0.01813031812876935,1751969383.856
1729,4.5177419074645035,11916,0.9983989518678524,0.054073547624881715,0.016600733611294886,1751969384.188
1730,4.514354801862611,12111,0.9983959696778717,0.05457820770957519,0.015056791630119642,1751969384.524
1731,4.510962562633613,12110,0.9983929915302789,0.055038558268109265,0.013497835640876312,1751969384.86
1732,4.507565225811159,12075,0.9983900129488291,0.05545476761301411,0.011922700743676382,1751969385.191
1733,4.504161763057028,12195,0.998387041804548,0.05582625539713788,0.010331697106349017,1751969385.528
1734,4.5007589932171435,12174,0.9983840905795958,0.05615225042886422,0.008725391070181308,1751969385.863
1735,4.497365644500455,12168,0.9983811436579583,0.056431826583643936,0.0071092149116959,1751969386.196
1736,4.493979199572467,12260,0.9983781756739242,0.05666523824622656,0.005483531025285546,1751969386.532
1737,4.490597968100239,12177,0.9983752475361177,0.05685099522401371,0.00385090239228351,1751969386.867
1738,4.487228902149855,12221,0.9983723277550867,0.05698942637518669,0.0022136969795153163,1751969387.199
1739,4.483876229185748,12295,0.9983693039892729,0.05708241826078423,0.000574784720907634,1751969387.536
1740,4.4805295476861895,12145,0.9983662963966792,0.05712795512380745,-0.0010653462115322934,1751969387.867
1741,4.477199440539364,12350,0.9983632537823743,0.05712699043194173,-0.00270563509355922,1751969388.204
1742,4.473891409746778,12303,0.9983600826024309,0.05708113048026081,-0.004346263816493705,1751969388.539
1743,4.470591497860322,12206,0.9983569189873687,0.05698799753437817,-0.0059858539131984415,1751969388.871
1744,4.467296712744406,12379,0.998353749227853,0.05684779787238418,-0.0076236001829729245,1751969389.207
1745,4.46400406301036,12335,0.9983506146321072,0.056659823619681825,-0.009258220729729543,1751969389.543
1746,4.460712117885777,12306,0.9983474959906273,0.05642478706281975,-0.010886719164177439,1751969389.875
1747,4.454194332013478,12454,0.9983406898376989,0.05582358645654485,-0.014127781478923886,1751969390.212
1748,4.4509406501854185,12363,0.9983372404961602,0.05545308092070057,-0.015738807290067724,1751969390.546
1749,4.447686190495347,12405,0.9983337757904148,0.05503550600270669,-0.017342583287373977,1751969390.879
1750,4.444419396079089,12508,0.9983304274124276,0.054569831334221726,-0.018933864124211042,1751969391.215
1751,4.441128987114987,12336,0.9983273573106937,0.05405381386667405,-0.020510310858534907,1751969391.55
1752,4.437835886268103,12493,0.9983244441511777,0.05349010155092156,-0.022070642181740607,1751969391.882
1753,4.434555290936059,12496,0.9983214536410228,0.052881649081317546,-0.023617925194980894,1751969392.218
1754,4.431286699092489,12376,0.9983182973310742,0.052230908941870956,-0.0251497388672479,1751969392.55
1755,4.42803243203491,12488,0.9983148097485378,0.051542189339940134,-0.026663521050050872,1751969392.882
1756,4.424780791784039,12435,0.9983110615264147,0.05081543987383283,-0.028156979675235776,1751969393.218
1757,4.42151516598213,12412,0.9983071920767662,0.050048380021554074,-0.029629544461916152,1751969393.55
1758,4.4182238000180565,12504,0.9983033794128688,0.04923943091633724,-0.03107798410258828,1751969393.883
1759,4.4149079452057665,12288,0.9982996513591293,0.04838806932849164,-0.03250232057718078,1751969394.218
1760,4.411559361428338,12395,0.9982960820105586,0.04749382493765652,-0.03390087366365841,1751969394.551
1761,4.408183764902956,12408,0.9982927064777688,0.046558712062716806,-0.0352697962051439,1751969394.883
1762,4.404801384588073,12182,0.9982893555630838,0.045584463051132625,-0.036611737158765395,1751969395.218
1763,4.401403477873168,12377,0.9982862108361645,0.04456882452117834,-0.03792441344534076,1751969395.551
1764,4.398000018328104,12447,0.9982832245991402,0.043509938009953016,-0.039210824759405606,1751969395.883
1765,4.394614133129554,12237,0.998280185063279,0.042408345191832425,-0.04047473740638411,1751969396.216
1766,4.391230331704885,12451,0.9982772348730905,0.04126591215903126,-0.041709553196112775,1751969396.552
1767,4.387838289610273,12412,0.9982744234418803,0.040084809069648425,-0.04291134562829659,1751969396.887
1768,4.384444958692037,12315,0.9982717062836515,0.038869234984544344,-0.04407701220866918,1751969397.221
1769,4.381068918393088,12392,0.9982688608430919,0.03762220746313377,-0.04520897009041931,1751969397.556
1770,4.377688830610166,12362,0.9982660709801531,0.03633829188581341,-0.04630745158902004,1751969397.891
1771,4.374308577159366,12400,0.9982633190781897,0.03501990871531412,-0.04737036812784261,1751969398.224
1772,4.370931259589081,12487,0.9982605308822127,0.03367227368196393,-0.048395149218180916,1751969398.56
1773,4.3675555108412745,12410,0.9982577710459622,0.032294861430641454,-0.04938081076210582,1751969398.894
1774,4.36417842963312,12491,0.9982550930653069,0.03088692747505846,-0.05032660211385126,1751969399.228
1775,4.360803660827669,12527,0.998252439121013,0.02944730004511803,-0.05123401515595992,1751969399.563
1776,4.3574435438528605,12406,0.9982497213878148,0.027981777249472855,-0.05210099702607467,1751969399.898
1777,4.354113860030878,12557,0.9982467014853474,0.026496892427706663,-0.05292860913814177,1751969400.232
1778,4.350790478265417,12520,0.9982435427882415,0.0249894949893597,-0.05371549517370993,1751969400.567
1779,4.347478459255893,12433,0.9982402182025405,0.023458853879286236,-0.05446236257833697,1751969400.9
1780,4.344174251449633,12581,0.9982367271857877,0.021903790978765648,-0.05516937953399434,1751969401.236
1781,4.340880760356475,12521,0.9982330427771481,0.020327803018428986,-0.05583522841647916,1751969401.57
1782,4.337598102677792,12566,0.9982291682211937,0.018732508021453254,-0.05645901925866185,1751969401.904
1783,4.33431617796268,12650,0.9982251488064631,0.017119819776377946,-0.057039144989550525,1751969402.239
1784,4.331033736015456,12625,0.9982210363456452,0.015487962526742031,-0.05757504332431118,1751969402.574
1785,4.327750273233659,12686,0.9982168681812156,0.01384084366775348,-0.05806474941864869,1751969402.907
1786,4.324465795047177,12742,0.9982126749978686,0.012183742014677307,-0.058506511638612764,1751969403.243
1787,4.321190462553807,12700,0.9982084463477425,0.010519793447587066,-0.05890018324119324,1751969403.575
1788,4.317925770930759,12775,0.9982040949726858,0.008845735408126993,-0.05924810330171633,1751969403.912
1789,4.3146509366830585,12729,0.9981998479042178,0.007160881450903714,-0.05954649797295087,1751969404.246
1790,4.311361994807092,12722,0.9981957776692758,0.005469288821319821,-0.059793614400022614,1751969404.58
1791,4.30806874930438,12846,0.9981918049189756,0.003771424799449229,-0.05999080719226558,1751969404.915
1792,4.304768386858227,12703,0.9981880184701145,0.002065809274446712,-0.060136612930460555,1751969405.25
1793,4.301465006930895,12801,0.9981844080271617,0.00035337855870446497,-0.060230911457981144,1751969405.582
1794,4.298152888659151,12875,0.9981810368108904,-0.0013622036245146973,-0.060272399590701235,1751969405.918
1795,4.2948374250903845,12760,0.9981779270349199,-0.003079735307057641,-0.06026061077278021,1751969406.249
1796,4.291530495032046,12915,0.9981749443283019,-0.004798495284761041,-0.060197632496584545,1751969406.583
1797,4.288222308687014,12893,0.9981721934650363,-0.006515809067983351,-0.060081747855635866,1751969406.918
1798,4.284920504531913,12864,0.9981695643069258,-0.008230228202879813,-0.05991480814498514,1751969407.25
1799,4.281626077635576,12957,0.9981669195427988,-0.009943641396467291,-0.05969861578142526,1751969407.583
1800,4.278338591233515,12854,0.9981641997242148,-0.011650911668713236,-0.05943472592858395,1751969407.918
1801,4.2750465761515395,12980,0.9981614589656311,-0.013351032596085907,-0.059122345726644814,1751969408.25
1802,4.271755753581073,13031,0.9981585805660725,-0.015043384413513484,-0.058763463374027304,1751969408.583
1803,4.268443350235541,12905,0.9981558417700538,-0.01672881805320793,-0.058352910697393644,1751969408.918
1804,4.265104245439847,13081,0.9981533044688928,-0.01840488305359529,-0.0578899046260495,1751969409.251
1805,4.2617612782610195,13069,0.9981508058962775,-0.020069511476141205,-0.057377551339534955,1751969409.587
1806,4.258422301719851,12928,0.9981481944882897,-0.02171919460358064,-0.056819525037957404,1751969409.919
1807,4.255079031104123,13158,0.9981455373408601,-0.02335180192793594,-0.056215475033517766,1751969410.255
1808,4.2517252523338085,13073,0.9981429006745118,-0.02496629638944717,-0.055564681927154524,1751969410.591
1809,4.248361765643198,13004,0.9981403188192904,-0.026561695512681775,-0.05486693247136091,1751969410.922
1810,4.2449803333233485,13143,0.9981379535067193,-0.02813677012254188,-0.05411975551025271,1751969411.26
1811,4.241576653381854,13082,0.998135955900356,-0.029689984442173186,-0.05332089986774402,1751969411.594
1812,4.238175196191045,13011,0.9981341005159476,-0.031221941163055513,-0.05247387709356951,1751969411.927
1813,4.234788654725048,13264,0.9981321925393698,-0.032732443576747906,-0.051582103040158395,1751969412.263
1814,4.231401305631622,13068,0.9981303180152193,-0.034216373383573855,-0.050646895771734916,1751969412.598
1815,4.228009976483262,13171,0.9981285604566208,-0.035672482757334735,-0.04966740152979157,1751969412.93
1816,4.224635863096842,13298,0.9981266941826978,-0.03710172553920407,-0.04864734650453979,1751969413.267
1817,4.221276579929227,13189,0.9981246632579488,-0.03850363439250661,-0.047588094464629416,1751969413.598
1818,4.21793111652917,13308,0.9981224589905648,-0.039881045011659295,-0.04648719293962649,1751969413.935
1819,4.214606289634773,13314,0.9981200397475539,-0.04122951856308775,-0.045348793295934775,1751969414.27
1820,4.211301919063628,13245,0.9981174011340364,-0.04254625953035687,-0.04417543834997835,1751969414.603
1821,4.208019261183344,13353,0.9981145437414692,-0.0438301967361593,-0.042968260679577666,1751969414.938
1822,4.204736208290598,13312,0.9981116235131818,-0.04508013499335835,-0.04172491386283285,1751969415.274
1823,4.201472031898939,13347,0.9981084044503301,-0.04629743893818355,-0.04044947605818605,1751969415.606
1824,4.198213518901699,13426,0.998104966885366,-0.04748035161060946,-0.039141937735570134,1751969415.943
1825,4.194933423747867,13274,0.998101616333878,-0.048624424146265666,-0.037799852488397054,1751969416.277
1826,4.191635840733426,13412,0.9980984386809184,-0.049725688546202476,-0.03642612525809937,1751969416.611
1827,4.188331285050288,13439,0.9980953640380184,-0.05078648204916345,-0.035019673426315574,1751969416.946
1828,4.185012609473238,13260,0.9980925220608208,-0.0518043685060485,-0.033580125222509735,1751969417.278
1829,4.1816852250907175,13463,0.9980898850407708,-0.05277966869537959,-0.03210744386753124,1751969417.614
1830,4.178372734727718,13429,0.9980871843813015,-0.05371563922628551,-0.030603961774864866,1751969417.95
1831,4.175056661946758,13423,0.9980846086316946,-0.054608973648618546,-0.029068436654927296,1751969418.281
1832,4.171742171927813,13424,0.9980821157248324,-0.05545815982436865,-0.027504232022313595,1751969418.617
1833,4.168430055891666,13421,0.9980796812755927,-0.056261939158710805,-0.025914166529387148,1751969418.952
1834,4.1651239741543105,13415,0.9980772676840192,-0.057019723603188646,-0.024300593668023972,1751969419.281
1835,4.161825244121862,13498,0.9980748669445662,-0.05773219639724298,-0.02266171822118896,1751969419.618
1836,4.1585385640521615,13410,0.9980723626215658,-0.05840073798394177,-0.0209979230862593,1751969419.952
1837,4.155245098946753,13550,0.9980699501602548,-0.05902040562659597,-0.019312335611686354,1751969420.282
1838,4.151936890140914,13526,0.9980677106054916,-0.059589158111440756,-0.017606171710013965,1751969420.618
1839,4.148626052898598,13395,0.998065552558612,-0.06010739195782023,-0.015882513274094148,1751969420.952
1840,4.1453181295192545,13639,0.9980633220754176,-0.06057698115669368,-0.014143354684193834,1751969421.282
1841,4.141997145140251,13551,0.9980611987179122,-0.06099531115151301,-0.012386106381521529,1751969421.618
1842,4.138668742655904,13442,0.9980590815108014,-0.06136317398267479,-0.01061276083720062,1751969421.95
1843,4.135333851984141,13690,0.9980569981093461,-0.06167870778043091,-0.00882980925596863,1751969422.283
1844,4.131991618606456,13560,0.9980550075622722,-0.06194084968762107,-0.007037969866955578,1751969422.618
1845,4.1286523483758,13561,0.9980529592123307,-0.06215191782280247,-0.005237338871737829,1751969422.95
1846,4.125322780833762,13715,0.9980507931140536,-0.06231242380482966,-0.0034316474142458996,1751969423.287
1847,4.121998985568412,13598,0.9980484918689365,-0.06242259326240707,-0.0016210270007242934,1751969423.622
1848,4.1186806193311485,13642,0.9980461059129837,-0.062481462643526914,0.00019312652560874772,1751969423.955
1849,4.115364847755421,13772,0.9980435770884982,-0.06248989306444699,0.0020078588568302634,1751969424.291
1850,4.112045800386225,13637,0.998041042666187,-0.06244562691542308,0.003823719776619182,1751969424.625
1851,4.1087238947899625,13762,0.9980384710985025,-0.06234939298775837,0.005635902893182742,1751969424.959
1852,4.1054073899169845,13821,0.9980357950809948,-0.06220268774951255,0.007441597528977391,1751969425.294
1853,4.102101766596607,13640,0.998032879090194,-0.06200784413326524,0.009241186118835402,1751969425.629
1854,4.098793824969243,13889,0.9980298142689307,-0.06176338193552749,0.011035147584414156,1751969425.963
1855,4.0954895737878525,13766,0.998026573951667,-0.061470333660376394,0.01282013127778741,1751969426.298
1856,4.0921908013857315,13767,0.998023198731659,-0.06112878114980745,0.014593385781457231,1751969426.631
1857,4.088899005623272,13884,0.9980196915279868,-0.06073852395929903,0.016356253532763026,1751969426.967
1858,4.085611344749644,13713,0.9980160633360867,-0.060299438922953794,0.018108423142765055,1751969427.301
1859,4.0823133636821645,13746,0.9980124698628959,-0.059808999224626284,0.019849272276603762,1751969427.635
1860,4.078999632921165,13850,0.9980090847786848,-0.05926541066387092,0.021574934485530627,1751969427.97
1861,4.075687909189443,13688,0.9980058245712027,-0.058671574013439066,0.023281334255993495,1751969428.305
1862,4.0723908703774985,13814,0.9980025790792623,-0.05802987230442618,0.02496770056438693,1751969428.639
1863,4.0691238954917575,13744,0.99799916475228,-0.05734129046314559,0.02663913590514149,1751969428.974
1864,4.065866575915149,13631,0.9979958446472499,-0.05660242220087288,0.028292399470822634,1751969429.307
1865,4.062612957405246,13737,0.9979926572325011,-0.0558134941441455,0.029925072789106815,1751969429.643
1866,4.0593752509482295,13659,0.9979895068883812,-0.05497815705737034,0.03153325843075473,1751969429.977
1867,4.056167991293259,13728,0.9979862288200186,-0.05409950379202467,0.03311692580923235,1751969430.311
1868,4.052971210044553,13687,0.9979829970944585,-0.053174082737085564,0.034676424778679237,1751969430.646
1869,4.04978851583808,13638,0.9979797305189153,-0.052202907287891086,0.036212069038993586,1751969430.981
1870,4.046616426719365,13757,0.9979763897601674,-0.05118793617364412,0.037721620743881495,1751969431.315
1871,4.043450688939584,13698,0.9979729320323559,-0.05013293613520232,0.039200964850457105,1751969431.65
1872,4.040277401153169,13736,0.9979694747775892,-0.04903571814572595,0.040650040074710056,1751969431.981
1873,4.037084347482478,13854,0.9979662167290414,-0.04789372822041761,0.04206686421249867,1751969432.318
1874,4.033880211814054,13732,0.9979631336391748,-0.04671045709545255,0.04344786640345645,1751969432.653
1875,4.0306644784507935,13815,0.9979602279519911,-0.04548444644182657,0.04479451481923454,1751969432.981
1876,4.027450057300398,13889,0.9979574085060315,-0.04421832107447429,0.046105866104872224,1751969433.318
1877,4.024261786397727,13686,0.9979542704598168,-0.042916374877940096,0.04738627267839207,1751969433.652
1878,4.021080950066287,13871,0.9979509928116105,-0.041577463949050944,0.04863260673546613,1751969433.982
1879,4.017903620962305,13877,0.9979475808516222,-0.040202297149647154,0.04984376767747886,1751969434.318
1880,4.014730318403589,13723,0.9979440095800174,-0.03878919023313299,0.05102109822824061,1751969434.652
1881,4.011545261318759,14004,0.9979404156743655,-0.03734071335703643,0.0521593509321415,1751969434.982
1882,4.008340128780739,13948,0.9979368838869505,-0.03585663266991284,0.05325671480271629,1751969435.318
1883,4.005123366697834,13906,0.9979333415917141,-0.03433781443644774,0.05431353642807159,1751969435.65
1884,4.001903456385102,13972,0.9979296682985145,-0.03278461266475924,0.05533124164555411,1751969435.987
1885,3.998667504606129,13905,0.9979260451008883,-0.03119628770816639,0.05630630641881007,1751969436.321
1886,3.995408245425492,14012,0.9979225719443559,-0.029577496590145823,0.05723383701467186,1751969436.654
1887,3.992144031258015,14000,0.9979191327560967,-0.027928734019003934,0.05811531893929181,1751969436.99
1888,3.9888858085546905,13860,0.9979156415429736,-0.026252959944496446,0.05895044069409455,1751969437.325
1889,3.985603018012831,14089,0.9979124728857887,-0.024550390209833274,0.05973252714823929,1751969437.659
1890,3.9822991983910496,14085,0.9979096108817299,-0.02282063098500703,0.06046178389131844,1751969437.994
1891,3.9790082802347877,13961,0.9979066463639181,-0.02107112594219464,0.061141907021667226,1751969438.326
1892,3.975715465763239,14242,0.9979037386653069,-0.01930494480755803,0.06176930842886124,1751969438.662
1893,3.9724311543785142,14138,0.9979008148276234,-0.017523549019195055,0.06234491956957866,1751969438.998
1894,3.969161588747049,14121,0.9978977479772173,-0.01572964584885858,0.0628702061668946,1751969439.33
1895,3.9658870307188536,14300,0.9978947085469386,-0.0139210846207884,0.06334314530398036,1751969439.667
1896,3.962601667158711,14260,0.9978917437698371,-0.012093486757669409,0.06376374592223877,1751969440.001
1897,3.959333097023537,14278,0.9978885220656009,-0.010256526522409935,0.06413502314200784,1751969440.334
1898,3.9560752968113455,14428,0.9978850563501073,-0.008415015863708415,0.0644562007967954,1751969440.67
1899,3.9528164447284926,14202,0.9978814368604801,-0.006566277397394033,0.06472651674857935,1751969441.005
1900,3.9495558264254225,14331,0.9978776142534133,-0.00471193111619434,0.06494662945120763,1751969441.338
1901,3.9430202597850053,14366,0.9978696733395834,-0.0009899521594634638,0.06523139599820746,1751969441.674
1902,3.939755329690538,14286,0.9978653152920669,0.0008747357574894613,0.0652996736164786,1751969442.005
1903,3.9364682685120163,14437,0.9978609502156705,0.0027378032435607016,0.0653148411012289,1751969442.342
1904,3.9331395740320487,14369,0.9978569314787148,0.004598697330146753,0.06527171119826214,1751969442.677
1905,3.9297958170888463,14431,0.9978530009971568,0.006458240551486007,0.06517422442919746,1751969443.01
1906,3.9264473069609616,14535,0.997849087216694,0.008313052920378025,0.06502378251035355,1751969443.346
1907,3.9230970856854923,14433,0.997845283711685,0.010163672938929823,0.06481889791362752,1751969443.681
1908,3.919763869014306,14538,0.997841277645437,0.012010308904038664,0.0645642091793237,1751969444.013
1909,3.9164314159226636,14630,0.9978372306498484,0.01384875110338147,0.06425786505882165,1751969444.35
1910,3.9130866282353116,14480,0.9978333509094643,0.015676873669468887,0.06389710044079695,1751969444.683
1911,3.909743582633139,14611,0.9978294129868368,0.01749607479781411,0.0634850371742337,1751969445.017
1912,3.9064016240148662,14701,0.997825424961967,0.01930558808060194,0.06302154844441583,1751969445.352
1913,3.9030470250103324,14485,0.9978215251818615,0.02110288030239472,0.06250497841521456,1751969445.68
1914,3.89968974749287,14655,0.9978176221930479,0.022884352967788613,0.06193786588394521,1751969446.017
1915,3.8963309812931732,14693,0.9978136693024696,0.02464939982653718,0.061321190801657606,1751969446.352
1916,3.8929674160620706,14534,0.9978097279428543,0.02639710840309824,0.06065426193238248,1751969446.681
1917,3.8896026149890948,14763,0.9978056977613421,0.02813034813487397,0.05993724241915085,1751969447.017
1918,3.8862369365393827,14657,0.9978015584513995,0.029846995750400233,0.05917099624506916,1751969447.352
1919,3.882865971792485,14641,0.997797364453567,0.03154045708627322,0.05835768206761183,1751969447.681
1920,3.8794917243069342,14750,0.9977930466196704,0.0332086668076505,0.057499744054166455,1751969448.018
1921,3.876105378349511,14672,0.9977886302113913,0.034853458920283714,0.05659581099487475,1751969448.352
1922,3.872690259619275,14784,0.9977843623627342,0.0364726872349216,0.05564269323330391,1751969448.682
1923,3.869252558200097,14858,0.9977802787804757,0.038065556784071884,0.054639991430039836,1751969449.018
1924,3.865813651217814,14573,0.9977761826755108,0.0396329989743108,0.05359024797281555,1751969449.352
1925,3.8623749566174954,14813,0.9977721052806451,0.041173861473390534,0.052493228660461626,1751969449.686
1926,3.858954692008445,14887,0.9977677881264743,0.042687494437715655,0.051353858626525375,1751969450.022
1927,3.855538107647881,14741,0.9977633553157016,0.04417063620657547,0.05017212060755697,1751969450.354
1928,3.8521197233344138,15001,0.9977589000517172,0.04561971237043959,0.048949149234953644,1751969450.691
1929,3.8487081410887725,14896,0.9977543323814357,0.04703610193145305,0.047685399538739646,1751969451.025
1930,3.845284979904091,14911,0.9977499089519487,0.04841670183173927,0.04637825104630831,1751969451.359
1931,3.8418657712580218,15077,0.9977455729081072,0.04976368036803572,0.0450260797594142,1751969451.694
1932,3.838462028411638,14942,0.9977411469357387,0.05107535951337952,0.04363383276696979,1751969452.029
1933,3.8350761020686392,15052,0.9977366322750237,0.052350247581744176,0.0422026562508129,1751969452.362
1934,3.8317178675954215,15120,0.9977318617685402,0.053588070158423394,0.04073635659430594,1751969452.698
1935,3.8283776517487134,15042,0.9977268652005594,0.054786924857060326,0.03923640301775289,1751969453.032
1936,3.8250457613937128,15147,0.9977217324616017,0.055945994578436346,0.03770132974378525,1751969453.367
1937,3.8216968625250747,15170,0.997716806495019,0.05706082807240648,0.03612804917335,1751969453.701
1938,3.8183375279019005,15075,0.9977121183419518,0.05812771688629499,0.03452097106400345,1751969454.035
1939,3.8149904974592017,15277,0.997707475582356,0.05914831659095442,0.032882667342217224,1751969454.37
1940,3.8116512653632153,15136,0.997702862636768,0.06012174685634267,0.031214955411472116,1751969454.705
1941,3.8083114059588143,15139,0.9976983485210418,0.06104830799887514,0.02951456333507646,1751969455.038
1942,3.8049767279283073,15254,0.9976937912659108,0.06192852232727028,0.027784114018872277,1751969455.374
1943,3.8016564708103213,15143,0.9976890464613116,0.06276303373259037,0.026026297619919602,1751969455.708
1944,3.7983380190833462,15040,0.9976843254243771,0.06354703897042775,0.02424377529587323,1751969456.043
1945,3.7950152017438623,15168,0.997679695012434,0.0642781158484956,0.02243991940413323,1751969456.377
1946,3.7916796263214274,14998,0.9976752542528727,0.06495484707582257,0.020614434089301747,1751969456.712
1947,3.7883377519051815,15123,0.9976709889246379,0.06557724871600731,0.01876758665822386,1751969457.046
1948,3.784995501057564,15164,0.9976668020357466,0.06614620473761453,0.016900642430870614,1751969457.381
1949,3.781656547399302,15165,0.9976626868034583,0.06666121446009593,0.015014854205416674,1751969457.715
1950,3.778345292604819,15248,0.9976583137166127,0.06712644682813962,0.01311217786463729,1751969458.05
1951,3.775064326590608,15293,0.9976535499226885,0.06754319859311683,0.011194223977952162,1751969458.383
1952,3.771790815302724,15296,0.9976485987646423,0.06790804475621727,0.009261254792587962,1751969458.718
1953,3.7685230422351137,15437,0.9976434254103284,0.068221431640434,0.007309719589442784,1751969459.052
1954,3.765250326971236,15331,0.9976381364619996,0.06848043888549628,0.005345855093272175,1751969459.383
1955,3.7619789482507744,15451,0.9976327225064126,0.06868452850474276,0.00337439306014623,1751969459.718
1956,3.758720933512092,15447,0.9976269950560978,0.06883630904520233,0.0013933026857060155,1751969460.052
1957,3.7554642553150477,15439,0.9976210576386665,0.06893381689648254,-0.0005951839971874056,1751969460.383
1958,3.7521938615623256,15624,0.997615126766781,0.06897370402624278,-0.0025859232393368806,1751969460.718
1959,3.7488937922159113,15507,0.9976095130113254,0.06895135064489367,-0.004579387901376929,1751969461.052
1960,3.745574066258603,15657,0.9976042389397155,0.06886625910514615,-0.006574253294011107,1751969461.382
1961,3.742239447123873,15716,0.9975992312309985,0.0687195675310526,-0.008567081513909742,1751969461.718
1962,3.7389025018741786,15579,0.9975944193721195,0.06851229110185561,-0.010556533786164663,1751969462.052
1963,3.7355888519443625,15803,0.997589440665578,0.06824986690057061,-0.012540476091194405,1751969462.386
1964,3.7322945367284452,15692,0.9975843274370471,0.06793241764247546,-0.014515380987855545,1751969462.721
1965,3.729004493670798,15752,0.9975792153680846,0.06755801376924549,-0.016481014566800463,1751969463.054
1966,3.7257092225789705,15912,0.9975742604330388,0.06712433422664939,-0.01843688357898101,1751969463.391
1967,3.722427037780997,15785,0.9975693278728167,0.06663358522313924,-0.02038139857044404,1751969463.725
1968,3.719137626615342,15847,0.997564691663351,0.06608218844837645,-0.022312111430264202,1751969464.058
1969,3.715862936041371,15975,0.9975601852777474,0.0654717613281448,-0.02423066687519989,1751969464.394
1970,3.712612240555967,15831,0.9975556410596007,0.06480542939050357,-0.026134255521850523,1751969464.729
1971,3.709369577261074,15910,0.9975512557657437,0.06408122861924914,-0.028019426454432266,1751969465.061
1972,3.706134635493698,15954,0.997546985843027,0.0632997979041788,-0.02988555873296905,1751969465.398
1973,3.7029202999142434,15695,0.997542642317473,0.062466326518559274,-0.03172750871957505,1751969465.732
1974,3.6997255817449477,15975,0.997538112915237,0.06158277142284007,-0.03354512699916564,1751969466.066
1975,3.6965401474812913,16018,0.9975334583461475,0.060648489935648094,-0.035337800561160516,1751969466.401
1976,3.693351076724091,15819,0.9975288867685844,0.05966246044101921,-0.03710135949466809,1751969466.733
1977,3.690145193493338,16022,0.9975245876407189,0.05862567870635488,-0.03882945851326023,1751969467.069
1978,3.686919256059455,16017,0.9975206115450317,0.057540044689315374,-0.04051879563829083,1751969467.405
1979,3.683685788617428,15878,0.9975167573023463,0.056407335841498894,-0.04217263762531761,1751969467.736
1980,3.68045660887586,15984,0.9975128067819639,0.05522931066654486,-0.04379410404685391,1751969468.073
1981,3.67721833444113,15939,0.9975090161533887,0.05400380949980498,-0.04538007549803217,1751969468.408
1982,3.6739930247307213,15877,0.9975051339672184,0.05273089111813652,-0.0469357095496475,1751969468.741
1983,3.670784214828353,16062,0.9975009657422232,0.05141406314883374,-0.04846047310808736,1751969469.077
1984,3.6675668519529405,15906,0.9974968500255972,0.050053311998191206,-0.04994697335197639,1751969469.412
1985,3.66433693422357,16014,0.9974928516777494,0.048646710914599496,-0.051395606514398874,1751969469.744
1986,3.6610868171051316,16033,0.9974891203323093,0.047194213531065725,-0.05280303994903903,1751969470.081
1987,3.657820704032526,15838,0.9974856260657681,0.045698007319965595,-0.0541674987346402,1751969470.415
1988,3.654548181367022,16121,0.9974822693394817,0.04415872997239783,-0.055489899266286044,1751969470.749
1989,3.6512847749325177,16006,0.9974788814685689,0.042580578224193436,-0.0567694934124501,1751969471.083
1990,3.6480380642040986,15985,0.9974751535168974,0.04096927224318671,-0.05800721376092476,1751969471.416
1991,3.6447868424595136,16143,0.9974713956421271,0.03932559804313267,-0.0591972314749362,1751969471.752
1992,3.6415337200188045,16032,0.9974674917924371,0.03765412301933231,-0.060338792140291614,1751969472.083
1993,3.638275608464675,16085,0.9974635179066307,0.03595246619523282,-0.06143248830878691,1751969472.416
1994,3.6350110943331386,16180,0.9974593932259022,0.034220564040044976,-0.06247969159812182,1751969472.752
1995,3.6317367693731626,16132,0.997455029765345,0.03246201345335145,-0.06347977062316247,1751969473.083
1996,3.6284461952557607,16131,0.9974505369729323,0.030675483667700634,-0.06443167694668281,1751969473.417
1997,3.6251311594877476,16225,0.997446034777219,0.028862065898801657,-0.065332907935099,1751969473.752
1998,3.6217847918225337,16102,0.9974418254469964,0.027021956120584476,-0.06617868793184573,1751969474.083
1999,3.6184358147173206,16341,0.997437493993172,0.02515972977860372,-0.0669733795928538,1751969474.417
2000,3.615071082675,16236,0.9974332809621357,0.023272644138886505,-0.06771435640906666,1751969474.752
2001,3.6117085390305235,16224,0.9974289802753902,0.021360860947794186,-0.06840426102491136,1751969475.081
2002,3.6083510730915584,16445,0.9974245278156133,0.0194275824120301,-0.06904259810743399,1751969475.418
2003,3.604981869846645,16343,0.9974200960361206,0.017469347369916573,-0.06962739350115776,1751969475.752
2004,3.601604262432087,16332,0.9974158347100655,0.015489136630913166,-0.07015510898040463,1751969476.085
2005,3.598226738926552,16557,0.9974115358364694,0.013492652018447314,-0.07062702401945237,1751969476.421
2006,3.5948264490222592,16403,0.9974075824880051,0.011482160495565616,-0.07103713385115835,1751969476.756
2007,3.5914155872308906,16559,0.9974039289530011,0.00945731613998959,-0.07138600479467257,1751969477.089
2008,3.5880140455225353,16606,0.9974002318540027,0.0074244636094459885,-0.07167743604296829,1751969477.425
2009,3.584621357667362,16396,0.9973964827748788,0.0053868243281665305,-0.0719113222793078,1751969477.76
2010,3.5812421498460543,16639,0.9973926115490082,0.0033425000252983316,-0.0720888765416016,1751969478.093
2011,3.5778910779513655,16686,0.9973883600411722,0.0012904006507800125,-0.07221353142273039,1751969478.429
2012,3.5745390826082737,16518,0.997384195014355,-0.0007727629563474916,-0.07227842259609904,1751969478.761
2013,3.571175813196683,16757,0.9973803185186453,-0.0028428793762353107,-0.07228013744105495,1751969479.098
2014,3.567806100113207,16683,0.9973765177227201,-0.004912220077601941,-0.0722215479563389,1751969479.432
2015,3.564430194950381,16738,0.9973728145779988,-0.006977297842372238,-0.07210260782786922,1751969479.766
2016,3.5610650101669026,17013,0.9973689875015038,-0.009038954182328144,-0.0719263517600811,1751969480.101
2017,3.5577189089746803,16874,0.9973648496834198,-0.011094803678889056,-0.07169562014025999,1751969480.436
2018,3.5543660090657525,16909,0.9973607214917347,-0.013141005978083119,-0.07140661865240873,1751969480.769
2019,3.551010248210922,17031,0.9973565525123625,-0.015179397050546627,-0.07105978515191931,1751969481.105
2020,3.547655868542775,16962,0.9973523416526648,-0.017209780419947956,-0.07065500730906016,1751969481.439
2021,3.544311057426535,16974,0.9973480678944479,-0.019228106346882132,-0.07019338568216305,1751969481.774
2022,3.540978088921903,17177,0.9973437430270178,-0.021232980782508536,-0.06967509434473261,1751969482.108
2023,3.537667516810196,17023,0.9973392223790625,-0.023223430479664138,-0.0691024441035411,1751969482.443
2024,3.534380832848379,17061,0.9973344131077566,-0.025196281579464592,-0.06847784915996584,1751969482.777
2025,3.531115302938151,17356,0.99732926211495,-0.027156871033181686,-0.06780005372370032,1751969483.112
2026,3.5278489805596838,17127,0.9973240280347812,-0.02910730736029212,-0.06706375893664596,1751969483.446
2027,3.524577139581712,17424,0.9973187133342714,-0.03104165441266711,-0.06627065507898713,1751969483.781
2028,3.521293053079507,17288,0.99731339001751,-0.03295919221087864,-0.06541936823746047,1751969484.115
2029,3.518000890329336,17317,0.997307977379555,-0.034856183716560775,-0.0645123609226812,1751969484.449
2030,3.5146883729430405,17440,0.9973026128844344,-0.03672756446611311,-0.06354985713805662,1751969484.783
2031,3.5113455292416043,17320,0.9972975513816225,-0.038574235941677644,-0.06252697281762401,1751969485.118
2032,3.507998466975433,17447,0.9972925202221197,-0.04039398105739231,-0.06144880310753202,1751969485.452
2033,3.504669789659791,17412,0.9972871991948024,-0.04218802193538008,-0.0603192600034718,1751969485.783
2034,3.5013287541843297,17502,0.9972820763610545,-0.043953085576988564,-0.059131940922362056,1751969486.118
2035,3.4979874312567234,17594,0.997277092430142,-0.04568503486198366,-0.0578902280505218,1751969486.452
2036,3.494648177886437,17487,0.997272198573301,-0.04737978981049303,-0.05659785747082752,1751969486.783
2037,3.4912954019813336,17563,0.9972677013892925,-0.049032844999183964,-0.05525316169236608,1751969487.118
2038,3.4879565229409035,17510,0.9972631168757037,-0.05065075004453868,-0.05385886407344931,1751969487.452
2039,3.4846148782524016,17596,0.9972585673569248,-0.052232785909251504,-0.05241265027998746,1751969487.783
2040,3.481250814169384,17686,0.9972544267629957,-0.05376954306021526,-0.05091605386029611,1751969488.118
2041,3.477878519250494,17669,0.9972505121096878,-0.055260965799031225,-0.04937247974250007,1751969488.452
2042,3.4745059890784455,17740,0.9972467246288096,-0.05670241946737988,-0.04778918124070067,1751969488.787
2043,3.471124184486345,17784,0.9972431810481912,-0.05809301879483258,-0.04616534436336183,1751969489.121
2044,3.467743042893749,17663,0.9972397569031176,-0.059436531501404946,-0.04449905588766605,1751969489.456
2045,3.464372030230733,17772,0.9972362674005404,-0.06073260410891901,-0.04279459988348079,1751969489.789
2046,3.4610008034071607,17877,0.9972327332901064,-0.061979162202156636,-0.04105434334466823,1751969490.125
2047,3.457609709556445,17665,0.9972295091627625,-0.06317242538816212,-0.03927531954768649,1751969490.46
2048,3.4542218593579075,17870,0.9972261702030631,-0.06431692884180955,-0.03746062101045637,1751969490.793
2049,3.450838424725215,17867,0.9972226552825707,-0.06540974668628481,-0.03561658082431704,1751969491.129
2050,3.4474712748452303,17745,0.9972187503574336,-0.0664529298394586,-0.03374569678211758,1751969491.463
2051,3.444103021831663,18030,0.9972146755501596,-0.06744373887961747,-0.03184702424604109,1751969491.797
2052,3.4406970622147197,17891,0.997211071086379,-0.0683721048655179,-0.029922148636345184,1751969492.132
2053,3.437287716269035,17940,0.9972076158703606,-0.06924477884265258,-0.027966613187577663,1751969492.467
2054,3.430534669796822,18211,0.9971996281225519,-0.07083536418785512,-0.02398442937862103,1751969492.801
2055,3.427165294447585,18051,0.9971953995897456,-0.07154415572782062,-0.021972000779197476,1751969493.136
2056,3.4237772179429258,18146,0.9971914675473732,-0.07219031063227062,-0.01994332222906874,1751969493.468
2057,3.4203949956499176,18328,0.9971875476318351,-0.07277782236847602,-0.017899257507201033,1751969493.805
2058,3.4170322905212642,18127,0.9971834415590062,-0.0733090644128712,-0.015841873482814437,1751969494.139
2059,3.413686480041482,18210,0.9971792356718939,-0.07378365807229345,-0.013767488742985914,1751969494.472
2060,3.410350819524731,18386,0.99717507664729,-0.07419894410963099,-0.011678322074999236,1751969494.808
2061,3.4070162362034613,18132,0.9971711201702441,-0.07455260194641246,-0.009574269760165954,1751969495.143
2062,3.4036922084455576,18504,0.9971673043981165,-0.07484494981205624,-0.007456576092587456,1751969495.476
2063,3.4003868545242035,18318,0.9971634482489357,-0.07507759374489677,-0.00533032773555244,1751969495.812
2064,3.3971015093666255,18321,0.997159504191826,-0.07525089741956245,-0.00319775506601944,1751969496.144
2065,3.3938355393654542,18564,0.9971553758887665,-0.07536602760114414,-0.0010574591038403798,1751969496.481
2066,3.3906024828100993,18328,0.9971507051116268,-0.07542732864477011,0.0010905910779472297,1751969496.815
2067,3.387390078436347,18450,0.9971455375267314,-0.07543376750320273,0.0032440269417028204,1751969497.148
2068,3.3841817315862324,18556,0.9971401211552234,-0.07538178271492141,0.005400520092225506,1751969497.483
2069,3.380981116798642,18385,0.9971343131339376,-0.07527278898285615,0.00756100586248839,1751969497.818
2070,3.3777617921699283,18575,0.9971284752471548,-0.07510198494220505,0.009720890341175849,1751969498.151
2071,3.3745228899115496,18575,0.9971226460710015,-0.07486985351114915,0.011871551186908837,1751969498.484
2072,3.371272625933714,18482,0.997116790056728,-0.07457726992816614,0.014012058986043038,1751969498.815
2073,3.368002954650723,18447,0.9971109960598427,-0.07422311991606965,0.016142800453248177,1751969499.152
2074,3.36470255841642,18517,0.9971055690239236,-0.0738029366278433,0.018265014825723444,1751969499.483
2075,3.361408814813514,18523,0.9970999982185883,-0.07332322781506051,0.02037885706490934,1751969499.816
2076,3.3581141173433933,18514,0.9970942463149047,-0.0727841062857745,0.022484168605783582,1751969500.151
2077,3.3548043209601666,18575,0.9970885817054522,-0.07218311416789637,0.024575562285204893,1751969500.483
2078,3.3514887842793084,18570,0.9970828167593084,-0.07152276910552174,0.026652392440482366,1751969500.816
2079,3.3481575815210656,18644,0.9970772078182157,-0.07080097603394706,0.02870998854181185,1751969501.152
2080,3.3448120145368403,18610,0.9970717257073438,-0.07001846844478206,0.030747160383138985,1751969501.483
2081,3.3414694524681803,18590,0.9970660991156792,-0.06917695136201621,0.03276802396391747,1751969501.816
2082,3.3381419180726875,18485,0.997060081407431,-0.06828039943234258,0.03477040576649607,1751969502.152
2083,3.334795426113573,18244,0.9970541837549617,-0.0673248174021431,0.0367467497677699,1751969502.487
2084,3.3314353385751008,18463,0.997048369854217,-0.06631060427980125,0.03869692405212701,1751969502.821
2085,3.3280773614270145,18557,0.9970423136254136,-0.06524387625603909,0.04061848657408633,1751969503.156
2086,3.324725066439629,18407,0.9970359546261166,-0.06412600245051575,0.04251071620785453,1751969503.491
2087,3.3213643369183394,18845,0.9970295309713405,-0.06295514240183997,0.04437076082549112,1751969503.824
2088,3.317992524860475,18692,0.9970231040294342,-0.0617317887450275,0.04619649651057321,1751969504.16
2089,3.314582386773183,18578,0.9970172478071648,-0.0604488080212687,0.04798488495176544,1751969504.492
2090,3.3111549845244337,18778,0.9970118281820757,-0.05910863592876685,0.049735134700490194,1751969504.829
2091,3.307723214071728,18692,0.9970066673601073,-0.057714952447229156,0.05144598627207375,1751969505.163
2092,3.304319619477815,18624,0.9970012984733103,-0.05627445628424835,0.05311870115548181,1751969505.496
2093,3.3009317978248194,18800,0.9969957749273027,-0.05478836552307353,0.05475088839842552,1751969505.832
2094,3.297539615378867,18571,0.9969904705935371,-0.05325483048032565,0.056337594696518244,1751969506.167
2095,3.294147306558407,18791,0.9969852453213721,-0.05167691442440673,0.05787846859632765,1751969506.5
2096,3.2907460620772606,18708,0.9969802263402165,-0.050056655522626656,0.05936968523160321,1751969506.836
2097,3.287360848609414,18598,0.9969749867309298,-0.048393996683383164,0.060818557347830066,1751969507.17
2098,3.283969474395734,18832,0.9969698922378537,-0.0466857179409199,0.06222119985650363,1751969507.504
2099,3.28057687232246,18668,0.9969649193035123,-0.04493595249773862,0.06357444338145703,1751969507.839
2100,3.277210596668604,18486,0.9969596228580122,-0.04315600750540092,0.06487734124487227,1751969508.174
2101,3.2738621597523014,18909,0.996954029955777,-0.041341207101064925,0.06613294754025834,1751969508.508
2102,3.2705050303739016,18626,0.9969486433348883,-0.03948709257111862,0.06733626120453651,1751969508.843
2103,3.2671540470661906,18637,0.9969431826693043,-0.03760104484794714,0.06848687433034752,1751969509.176
2104,3.263824591615945,19109,0.9969373983230104,-0.03568024106203779,0.06958982844282775,1751969509.512
2105,3.2605244242431315,18785,0.9969308984107236,-0.03373010040309991,0.07064746365429123,1751969509.846
2106,3.2572212851657762,18856,0.9969242858908466,-0.031751054749137704,0.07165081104455802,1751969510.18
2107,3.253907059052856,19155,0.9969177883691329,-0.02974005032045048,0.07259788316565216,1751969510.515
2108,3.25060331764951,18985,0.9969111025611006,-0.02770003541836436,0.07349123504359185,1751969510.85
2109,3.2472889278010055,18968,0.996904580925009,-0.025628726805298877,0.0743264750480709,1751969511.183
2110,3.243969565224679,19198,0.9968981011259347,-0.02352592329647047,0.07510463970058186,1751969511.518
2111,3.2406472044229067,19208,0.9968915873426188,-0.021397253904052813,0.07582427454898072,1751969511.852
2112,3.237330756464805,19199,0.9968848470388355,-0.0192460470428524,0.07648654402953543,1751969512.183
2113,3.234033138484052,19386,0.9968776154694826,-0.017075346764686902,0.0770937890412969,1751969512.518
2114,3.2307475810589126,19423,0.996869887220808,-0.014892086936591652,0.0776444054587714,1751969512.852
2115,3.2274433283283224,19371,0.9968622653734419,-0.012689823434646617,0.07813189013282003,1751969513.183
2116,3.2241270702546747,19412,0.9968547204488224,-0.010468973463249117,0.07855613861135247,1751969513.518
2117,3.220811141554717,19469,0.9968470884378915,-0.008237312520879666,0.07891786208034192,1751969513.852
2118,3.2174952941089154,19419,0.9968394150410042,-0.005988986851517937,0.07921687103894529,1751969514.183
2119,3.2141906369506152,19326,0.996831566416205,-0.003720061584927257,0.07945432233692142,1751969514.518
2120,3.2108652999403433,19428,0.9968240620269766,-0.0014415795403916025,0.07962230348631605,1751969514.852
2121,3.2075196840982905,19365,0.9968170135561408,0.0008425034222594282,0.07971907973001145,1751969515.187
2122,3.2041768725394983,19295,0.9968101625617295,0.0031313711870205084,0.07974769167911751,1751969515.522
2123,3.2008427563682345,19316,0.9968034774507989,0.00542435192856675,0.07970824140670697,1751969515.856
2124,3.197507196938578,19448,0.9967971552758579,0.007711184562793352,0.07959879940423589,1751969516.191
2125,3.1941867462842546,19401,0.9967907799562861,0.009985230545451688,0.07942566439818566,1751969516.525
2126,3.1908717817765724,19341,0.9967844604710252,0.012251460773213547,0.07918737950210132,1751969516.86
2127,3.187535723448444,19542,0.9967786485147936,0.014516802385031233,0.07887704554263754,1751969517.194
2128,3.1841936973712843,19418,0.9967731045361287,0.016778548130126726,0.07849750566771474,1751969517.529
2129,3.180876137287648,19423,0.9967671551445746,0.01903314362330853,0.07805752922560533,1751969517.863
2130,3.1775575283236015,19618,0.9967611656221333,0.02127097492672075,0.07755465384664505,1751969518.198
2131,3.1742494672426114,19607,0.9967548935509264,0.023496143511431148,0.07699099572269098,1751969518.532
2132,3.170975085715116,19543,0.9967478375524649,0.025712578213291072,0.07637153695003529,1751969518.867
2133,3.1677006509935572,19670,0.9967404961651678,0.02790947296204672,0.07569309495188889,1751969519.201
2134,3.164406401299303,19793,0.9967331748279334,0.030089268010851516,0.07495074481284024,1751969519.536
2135,3.161089669127089,19747,0.9967260731059169,0.0322558575920101,0.07413969815060188,1751969519.87
2136,3.1577666359859466,19905,0.9967189644324623,0.034402930879464534,0.07326489123436072,1751969520.205
2137,3.1544490069343323,19877,0.996711719702191,0.036528456299861484,0.07232855375749218,1751969520.539
2138,3.151144247105965,19890,0.9967040956863785,0.038627982489577356,0.07133599800089203,1751969520.874
2139,3.14783155477624,20087,0.996696439400096,0.040704055622574654,0.07028077648294162,1751969521.208
2140,3.144506442880186,19832,0.9966888624516234,0.042759156934879215,0.06915899047201009,1751969521.543
2141,3.141177419162438,19861,0.9966813403368869,0.044785966403591455,0.06797442929192614,1751969521.875
2142,3.137854567672155,19856,0.996673767633595,0.046777605664084704,0.06673272450147609,1751969522.212
2143,3.1345591043148318,19870,0.9966657739539034,0.048736467455906124,0.06543769379177439,1751969522.546
2144,3.13129375130121,20263,0.9966573079158915,0.050665643614372216,0.06408746472586813,1751969522.88
2145,3.1280459350989407,20417,0.9966486183968157,0.0525619635956542,0.06267991249744544,1751969523.215
2146,3.1247932228366717,19978,0.9966400607475684,0.05441715277274645,0.06121570711174492,1751969523.55
2147,3.121535173674806,20450,0.9966318184430951,0.05622859891227998,0.059693912010953774,1751969523.882
2148,3.1182773965452464,20349,0.9966238053647063,0.05799323740817648,0.05811862864255309,1751969524.218
2149,3.1150254799532546,20049,0.9966159662141884,0.059712055303154675,0.05648970117138597,1751969524.552
2150,3.1117539836222607,20524,0.9966087646582148,0.06138324862417232,0.05480024630209135,1751969524.883
2151,3.108486162537803,20399,0.9966018118593681,0.0630006722843222,0.053063583466893084,1751969525.218
2152,3.105220878551959,20141,0.9965950732977141,0.06456339047888573,0.0512818534044426,1751969525.55
2153,3.1019682473948706,20556,0.9965883055562214,0.06607475969182124,0.04945579197877084,1751969525.883
2154,3.0987296114152985,20329,0.9965814366569121,0.06753522977113904,0.04758605731308649,1751969526.218
2155,3.095492431371299,20279,0.9965746166094175,0.06894105758032039,0.04567454553139389,1751969526.55
2156,3.0922582456924586,20609,0.9965678036122845,0.07029275817767366,0.04372117280177001,1751969526.883
2157,3.0890362221604013,20446,0.9965607153678955,0.07159185300310181,0.04172945205739704,1751969527.218
2158,3.085812136125756,20315,0.9965534521642111,0.07283591381940549,0.03970071331456878,1751969527.551
2159,3.0825865749287567,20594,0.9965460616461922,0.07402578228089834,0.03763151040238052,1751969527.887
2160,3.079378485662327,20400,0.9965381744052544,0.07516313377666896,0.035527035816590766,1751969528.222
2161,3.0761793130727932,20465,0.9965300011640637,0.0762426750579362,0.03339178461779646,1751969528.555
2162,3.0729873820118425,20374,0.9965215189177757,0.07726466870051418,0.031225523284790214,1751969528.891
2163,3.069807005375256,19986,0.9965126682586659,0.07823087062598207,0.02902469433249955,1751969529.223
2164,3.0666227021917782,20010,0.9965036485296036,0.07913609222794994,0.02679472660949777,1751969529.56
2165,3.063421652032412,20004,0.9964948690591398,0.0799735773030451,0.02453982217054423,1751969529.894
2166,3.0602276698770297,19962,0.9964858807142136,0.08074860115028192,0.022261018608566212,1751969530.227
2167,3.0570321098805957,20254,0.9964768777950862,0.08145783229721959,0.019961301991478806,1751969530.563
2168,3.0538455599569865,20149,0.9964675828697116,0.08210508301642759,0.017638356858283667,1751969530.898
2169,3.0506529614984075,20197,0.9964582149742978,0.0826874518958313,0.015290883205718505,1751969531.231
2170,3.0474509443628452,20454,0.9964489636023898,0.0832016254996113,0.012921008085507737,1751969531.567
2171,3.0442480780414383,20395,0.9964397208873691,0.08364691130828755,0.010539301043506562,1751969531.901
2172,3.0410703156574663,20624,0.9964299386040619,0.08403011243930386,0.008143565370465958,1751969532.235
2173,3.0378914601738165,20761,0.9964201271806865,0.08434497237391479,0.005731996551644947,1751969532.57
2174,3.0347100484438374,20583,0.9964102681963097,0.08459092967469929,0.0033093881199309045,1751969532.903
2175,3.0315402181480287,20756,0.9964000387355301,0.08477136492728901,0.0008823243159443619,1751969533.239
2176,3.0283775930352554,20665,0.9963894443661221,0.08488634412423254,-0.0015439355532936411,1751969533.574
2177,3.0252095237041017,20754,0.9963786117523321,0.08493452405066297,-0.003973495537026341,1751969533.907
2178,3.0220156041129247,20687,0.9963679954278944,0.08491019422528548,-0.0064091031840279224,1751969534.243
2179,3.018801700034137,20724,0.9963574029228507,0.08481523624993008,-0.008848804478600465,1751969534.577
2180,3.015568876233139,20800,0.9963468732134659,0.08464982095781107,-0.011283441388168494,1751969534.911
2181,3.012289225129286,20886,0.996336972813967,0.08440708570014513,-0.01371424396417807,1751969535.246
2182,3.008976028851011,20750,0.9963277063425222,0.08408691427245708,-0.01613977764361435,1751969535.581
2183,3.005648302340944,20897,0.9963187800551562,0.08369356934966844,-0.018554647906051852,1751969535.914
2184,3.002301200313022,20896,0.9963102859648707,0.08322624325275878,-0.02095725446307104,1751969536.25
2185,2.998922494680714,20614,0.9963025132473189,0.0826814806908927,-0.023346838069370515,1751969536.583
2186,2.9955441757031407,20717,0.9962947890220588,0.08206698784742653,-0.02572358593084502,1751969536.918
2187,2.9921506595776566,20898,0.9962875426743507,0.08137677217915547,-0.028088311832605697,1751969537.252
2188,2.9887552846074565,20561,0.9962804470438446,0.0806162645954214,-0.030434991716742812,1751969537.583
2189,2.98536946867268,20958,0.9962733965296753,0.07978941600701561,-0.03275619728362697,1751969537.918
2190,2.9820030561402846,20863,0.9962660987142179,0.07889953880320091,-0.03505315006378416,1751969538.252
2191,2.978668727867703,20811,0.9962581489204513,0.07795216963789622,-0.037325058048720716,1751969538.583
2192,2.9753451901023173,21258,0.9962498660567128,0.07694120096283528,-0.0395759519958566,1751969538.918
2193,2.9719973485243893,21164,0.99624190542569,0.07586167612176013,-0.041797990020904174,1751969539.252
2194,2.968606043680939,21213,0.9962347166792118,0.07471301667461328,-0.04398129628000286,1751969539.583
2195,2.965220823149095,21311,0.9962273774576975,0.07350189815386611,-0.04613548928468007,1751969539.918
2196,2.961847704181631,21253,0.9962196333148958,0.07223319133453952,-0.04825772754245933,1751969540.252
2197,2.958482728364998,21476,0.9962114449140689,0.07090607343436396,-0.050349635275179605,1751969540.583
2198,2.955116512976941,21427,0.9962029577884325,0.06951638712502285,-0.052413154977187765,1751969540.918
2199,2.951750426485951,21442,0.9961941627656897,0.06807224035650006,-0.05443675380120743,1751969541.252
2200,2.9484007139305204,21697,0.9961847550699203,0.06658053618220246,-0.05641778060127371,1751969541.587
2201,2.9450701728076027,21620,0.9961744940145721,0.06503684199579347,-0.05836597174745771,1751969541.922
2202,2.9417209203964267,21634,0.9961642177826904,0.06343383842751582,-0.06027436728620696,1751969542.256
2203,2.9383555367019487,21849,0.9961540852815381,0.061773455957814444,-0.062137577325882244,1751969542.591
2204,2.9350012253547697,21902,0.9961434882056962,0.060055976670827245,-0.0639642913780866,1751969542.925
2205,2.9316406440477993,21750,0.9961328371805436,0.05827880651125135,-0.0657491551448733,1751969543.26
2206,2.9282485259207425,21833,0.9961227093512041,0.056442011991698925,-0.0674821991131397,1751969543.594
2207,2.921418287356503,21854,0.9961034428244518,0.052607548060434044,-0.07078401712493508,1751969543.929
2208,2.9179891693034103,21597,0.9960943277986558,0.05061172833692962,-0.0723501422396183,1751969544.263
2209,2.9145768306404265,21709,0.996085131651306,0.048573278395968505,-0.07385829086208234,1751969544.598
2210,2.9111991487239397,21671,0.9960754847344575,0.04649359772129565,-0.07531250946519989,1751969544.932
2211,2.9078497880466596,21476,0.9960654786713513,0.04437393200827207,-0.07671060133604211,1751969545.267
2212,2.9045335281826237,21619,0.9960549467613882,0.04221704445289106,-0.07805295759822775,1751969545.601
2213,2.901226996893556,21622,0.9960442521730416,0.04002324817503163,-0.07933465395756287,1751969545.936
2214,2.8979114784470212,21463,0.9960337998584978,0.037790877675813274,-0.08055134451971194,1751969546.27
2215,2.894601813923464,21564,0.9960231288260364,0.03551736121239828,-0.08170950921466119,1751969546.605
2216,2.8912658600929446,21564,0.9960130019487303,0.03320578567278958,-0.0827978003749567,1751969546.939
2217,2.887910249949779,21403,0.9960034866190948,0.030862730904391775,-0.0838125675762887,1751969547.274
2218,2.8845478814666956,21567,0.9959943584521505,0.028489047386586874,-0.08475619216608284,1751969547.608
2219,2.881196646441197,21612,0.9959852393178305,0.02609178536693536,-0.08563072928201629,1751969547.943
2220,2.8778590118595124,21501,0.9959760229823448,0.023668601514249644,-0.0864381799127637,1751969548.277
2221,2.874524670057816,21565,0.9959669697329208,0.021223950919747634,-0.08717418831500189,1751969548.611
2222,2.871195608259387,21535,0.9959579983269924,0.018762350564377688,-0.08783871452719522,1751969548.946
2223,2.8678608753958064,21570,0.9959494070388172,0.016278204251883675,-0.08842962560908181,1751969549.281
2224,2.8645240289421547,21647,0.9959411715049892,0.013764541228033214,-0.08894785161009362,1751969549.615
2225,2.8612268685291293,21529,0.995932293740234,0.011230496287477736,-0.08940213777339544,1751969549.95
2226,2.8579333999918544,21574,0.9959234922465233,0.008682834057597595,-0.0897831052270826,1751969550.283
2227,2.8546584403478104,21826,0.9959144879906225,0.006129361726578048,-0.09009308261570988,1751969550.618
2228,2.8514099938363846,21654,0.9959050002439903,0.0035607557244108716,-0.0903357709198794,1751969550.952
2229,2.8481723560327246,21835,0.9958951437227624,0.0009807533633327153,-0.09050912016067056,1751969551.281
2230,2.8449503838128725,22086,0.9958846568230535,-0.0016041280820868781,-0.09061554545178638,1751969551.618
2231,2.841717149186738,21871,0.995873907687282,-0.004198440690570097,-0.09065060994516597,1751969551.952
2232,2.8384465489506754,22144,0.9958636051952658,-0.006799260284264937,-0.09060601474005137,1751969552.282
2233,2.8351603179959697,22166,0.9958532663570594,-0.009404904582305465,-0.0904865716875907,1751969552.618
2234,2.831870910024147,22189,0.9958426055111141,-0.012011134394843763,-0.09029528060416271,1751969552.952
2235,2.8285604872715737,22345,0.9958321005060535,-0.014613910258853393,-0.09002700277498671,1751969553.283
2236,2.8252413795261813,22350,0.9958214386285953,-0.017217384228246885,-0.08968402337100939,1751969553.618
2237,2.821940895347915,22540,0.9958100304074433,-0.019820041640741276,-0.08927233216000337,1751969553.95
2238,2.8186284797785977,22345,0.9957986029220526,-0.022412397022490614,-0.08878528525715632,1751969554.287
2239,2.8153264074705437,22117,0.9957875917466967,-0.024987066920937304,-0.08821971780731784,1751969554.622
2240,2.8124753696871716,22377,0.9957782543107702,-0.027533442154990224,-0.08756470638843507,1751969554.954
2241,2.810227894595384,22176,0.9957705244655617,-0.030056938778878585,-0.0868196005336519,1751969555.291
2242,2.808572208016911,22112,0.9957648571690505,-0.03255659239099831,-0.08597916909918828,1751969555.625
2243,2.8075006671751663,22557,0.9957614419394754,-0.03502547020710559,-0.0850433253311976,1751969555.959
2244,2.807027514623609,22630,0.9957600790890246,-0.037465647857953574,-0.08401303543619369,1751969556.294
2245,2.8071022941171937,22479,0.9957611660865461,-0.039873238502923354,-0.08288440725040505,1751969556.629
2246,2.8073287209854856,22915,0.9957627649461126,-0.04224613006736497,-0.0816809674355296,1751969556.962
2247,2.807563898792155,22633,0.9957644435600956,-0.044584173386449974,-0.08040786295443944,1751969557.298
2248,2.8078028290928847,22423,0.9957662102948147,-0.04688485637244814,-0.07906620439883132,1751969557.632
2249,2.808042697991254,22777,0.9957681029293328,-0.049145938667545824,-0.07765669257059214,1751969557.966
2250,2.808278794482663,22579,0.9957701626870347,-0.05136403989917509,-0.07618082768960144,1751969558.301
2251,2.808510511153733,22420,0.9957724242165348,-0.053537422270437916,-0.07463928983157839,1751969558.634
2252,2.808735336662925,22702,0.9957749152247355,-0.055663176086035604,-0.07303375272561136,1751969558.97
2253,2.8089560912985085,22352,0.9957775627335435,-0.05773959586395122,-0.07136655117007973,1751969559.305
2254,2.809174430726222,22349,0.9957803802632347,-0.05976456023121504,-0.06963929654424428,1751969559.637
2255,2.809393143001883,22508,0.995783343603876,-0.06173573013393776,-0.06785449304146676,1751969559.974
2256,2.809614523535391,22394,0.995786255913443,-0.06365283914971426,-0.06601551788835337,1751969560.308
2257,2.809839543409019,22433,0.9957890503200574,-0.0655145659910526,-0.06412494760763847,1751969560.642
2258,2.8100721181766843,22433,0.9957916988551088,-0.06732019988083851,-0.062184267940214664,1751969560.977
2259,2.810313262892591,22406,0.9957941412434619,-0.06906946298060071,-0.06019499604425227,1751969561.312
2260,2.8105628861219247,22514,0.9957963603782597,-0.07076082365439769,-0.05815938869316227,1751969561.645
2261,2.8108165798594906,22363,0.9957984588000981,-0.07239283482926653,-0.05607768644239887,1751969561.981
2262,2.8110746248011633,22442,0.9958002983516328,-0.0739662153863196,-0.05395150400335089,1751969562.315
2263,2.8113341452844054,22570,0.9958017932957596,-0.07547996003992868,-0.05178382084512644,1751969562.65
2264,2.811594139361866,22481,0.9958029221128408,-0.0769342688712141,-0.04957477770781446,1751969562.983
2265,2.811854262077428,22496,0.9958037849690214,-0.07832678264660121,-0.04732585933295877,1751969563.317
2266,2.8121125908969216,22687,0.9958043279065828,-0.07965702375107495,-0.04503886199316767,1751969563.653
2267,2.8123700646682317,22566,0.9958045610496606,-0.0809234411100311,-0.042716189806724744,1751969563.983
2268,2.812628704195418,22483,0.9958044586139473,-0.08212496971484391,-0.04036049496623509,1751969564.317
2269,2.812885262483523,22695,0.9958040937909968,-0.08325993345073121,-0.03797354698828601,1751969564.652
2270,2.813136591324353,22629,0.9958035090120122,-0.0843277881712194,-0.035555528142799504,1751969564.983
2271,2.813383429204594,22720,0.995802793269938,-0.08532667638096468,-0.03310823483013346,1751969565.317
2272,2.813626900173154,22807,0.9958018943578633,-0.08625671093613721,-0.03063277675580352,1751969565.652
2273,2.8138649261188786,22626,0.9958008310301554,-0.0871168452668121,-0.028131124940359378,1751969565.983
2274,2.8140963816482896,22687,0.9957996451566005,-0.08790615209244687,-0.025604201418675476,1751969566.318
2275,2.81431864457616,22792,0.9957985588263103,-0.08862155189698331,-0.023053216235781663,1751969566.652
2276,2.814533507599084,22643,0.9957976446321462,-0.08926112430268887,-0.020481763432135515,1751969566.983
2277,2.814739559146103,22796,0.99579704478222,-0.08982260581554419,-0.017892598679415398,1751969567.318
2278,2.8149377378714786,22677,0.9957967845868246,-0.09030510738442386,-0.01528893020550667,1751969567.652
2279,2.8151251406516544,22793,0.995796815269705,-0.0907088206157824,-0.012673301117189896,1751969567.987
2280,2.815303121388531,22823,0.9957970040448251,-0.09103491362944398,-0.010048444448287295,1751969568.322
2281,2.8154721666180604,22743,0.9957971683741829,-0.09128511505481032,-0.007418033930166853,1751969568.656
2282,2.8156353646125765,22641,0.9957972743646833,-0.09145981039692626,-0.004784501021619125,1751969568.991
2283,2.815795674608867,22704,0.9957973361453902,-0.09155892262909315,-0.0021515140586571228,1751969569.325
2284,2.8159555836669368,22439,0.9957975519832061,-0.09158059258532363,0.0004801312060168492,1751969569.66
2285,2.816113099130431,22519,0.9957979132085195,-0.0915251634202628,0.0031081361701493196,1751969569.994
2286,2.816270084582267,22444,0.995798475801408,-0.09139228609877798,0.00573111099452323,1751969570.329
2287,2.816420806338784,22111,0.9957991304290637,-0.09118340629323614,0.00834735008750036,1751969570.663
2288,2.8165645116939877,22246,0.9957997856276962,-0.09089977313439566,0.010955281281184786,1751969570.998
2289,2.816694112835291,22143,0.9958004627978387,-0.0905413956410705,0.0135533747449627,1751969571.332
2290,2.8168055248318087,21927,0.9958011894711589,-0.0901082767828864,0.016139687204021112,1751969571.667
2291,2.816900696910347,21902,0.9958019824622135,-0.08960084414939269,0.018710971435011232,1751969572.001
2292,2.816982774729195,22041,0.9958027894321442,-0.08902059402080316,0.02126354625513434,1751969572.336
2293,2.817055971822711,21823,0.9958035350995355,-0.08836938464499584,0.023794355228350158,1751969572.67
2294,2.817115350477506,21565,0.9958041892430394,-0.08764809994500011,0.02630260941511901,1751969573.005
2295,2.817166206813506,21920,0.9958046481700921,-0.08685832048350807,0.028787755133445628,1751969573.339
2296,2.817207730977077,21758,0.9958048489087744,-0.08600081395901793,0.03125000621054583,1751969573.674
2297,2.817242811436388,21831,0.9958048335087781,-0.08507568491877936,0.033687703931187016,1751969574.008
2298,2.817271562600594,22185,0.9958045576550537,-0.08408429515837984,0.03609867395267379,1751969574.343
2299,2.817297955124024,22026,0.995804041854399,-0.08302705324135592,0.03848140663358849,1751969574.677
2300,2.817321559889287,22008,0.9958034428182247,-0.08190336149718476,0.040833107239492565,1751969575.012
2301,2.8173421766429088,21887,0.9958028340573664,-0.0807131570175807,0.04315207952779187,1751969575.346
2302,2.817356401819444,21792,0.9958023633420996,-0.07945633308332668,0.045435055796605284,1751969575.681
2303,2.817367596197556,21993,0.9958018989454401,-0.07813545345471197,0.04768048835825681,1751969576.015
2304,2.817380927029926,22033,0.9958013835247637,-0.07675231187042475,0.049886743657125414,1751969576.35
2305,2.8173966665162706,22000,0.9958007153443562,-0.07530908938934087,0.052052630817438585,1751969576.683
2306,2.8174158117883508,22210,0.995799895430718,-0.07380823248122176,0.05417483805392449,1751969577.018
2307,2.8174393165088762,22207,0.9957989412841012,-0.07225032793405203,0.05625263239071746,1751969577.352
2308,2.8174641493264825,21943,0.9957978637716761,-0.07063594299739294,0.05828531602930109,1751969577.683
2309,2.817489428311667,22326,0.9957966223995666,-0.06896572826202849,0.06027283918070293,1751969578.017
2310,2.817514967346403,21997,0.9957952832426613,-0.0672402397672356,0.062213374990530854,1751969578.352
2311,2.8175396989568764,21919,0.9957938703884354,-0.06546085755865169,0.06410494383825528,1751969578.683
2312,2.81756386648626,22305,0.9957922961791698,-0.06362923839463015,0.06594712193519993,1751969579.018
2313,2.8175875251622617,22061,0.9957905443894934,-0.06174466501968503,0.06774059378307339,1751969579.352
2314,2.8176115410549407,21933,0.9957886694599623,-0.05980717541798919,0.06948400926601815,1751969579.683
2315,2.817637081904979,22227,0.995786608995059,-0.05781833538001667,0.07117632640144861,1751969580.018
2316,2.8176632520688125,22124,0.995784324006657,-0.05577983473774861,0.07281613900252286,1751969580.352
2317,2.8176897790116997,21978,0.9957819152346128,-0.05369218044166399,0.0744011226468132,1751969580.685
2318,2.8177113377457577,22145,0.9957794939822182,-0.051556260095329876,0.07592859414937354,1751969581.022
2319,2.8177287082788873,21970,0.9957771485557537,-0.04937233702922053,0.07739665852248037,1751969581.356
2320,2.81774160487455,21869,0.9957749812668459,-0.047142843838057,0.07880189691798825,1751969581.689
2321,2.817749001838524,21787,0.995772999414568,-0.044868958710387256,0.08014306071744727,1751969582.025
2322,2.8177477823094814,21716,0.9957712423944104,-0.04255338236760118,0.08141770366062355,1751969582.36
2323,2.8177419162673516,21628,0.9957697248098009,-0.04019767384438447,0.08262446471665666,1751969582.693
2324,2.817733526177379,21613,0.9957684046520175,-0.037804960038885664,0.08376197999829003,1751969583.029
2325,2.8177257876276736,21644,0.9957672199218345,-0.03537776268082429,0.08482957996383102,1751969583.363
2326,2.817712393509848,21835,0.9957662729361283,-0.03291833844957208,0.08582489543606613,1751969583.698
2327,2.817692132692642,21678,0.995765640907372,-0.030429773535439145,0.0867457046251427,1751969584.032
2328,2.817668453728542,21696,0.9957651584444587,-0.02791530920528707,0.08759272081660255,1751969584.365
2329,2.817645254919966,21841,0.9957648708811192,-0.025377087240313744,0.08836472917576076,1751969584.701
2330,2.817621324754093,21675,0.9957648516597136,-0.02281842875527946,0.08905997702811762,1751969585.036
2331,2.817591811809155,21748,0.9957650362756894,-0.02024289029365754,0.08967841392126764,1751969585.369
2332,2.817555360137223,21851,0.9957655558737389,-0.017652440179117355,0.09021834121278416,1751969585.705
2333,2.8175108438226104,21753,0.9957664578937425,-0.015048551180696607,0.09067911799919234,1751969586.039
2334,2.817460514047888,21743,0.9957676536521791,-0.012433657158758743,0.09106143041756068,1751969586.373
2335,2.8174070530548114,21967,0.9957688909540011,-0.009809982461818675,0.09136782832232229,1751969586.708
2336,2.8173512557611637,21877,0.9957702503060835,-0.007179130113656731,0.09159731817128233,1751969587.043
2337,2.817293673401657,21801,0.9957718950362875,-0.004545453564287326,0.09174787140711031,1751969587.376
2338,2.8172326873755025,21739,0.9957736802296857,-0.001911851708745173,0.09182114454128415,1751969587.712
2339,2.817166233692466,21662,0.9957756254386358,0.000718973060666071,0.09181713816075826,1751969588.044
2340,2.8171002896909796,21640,0.995777748242089,0.0033446736511476734,0.09173597584417051,1751969588.381
2341,2.8170357658661347,21939,0.9957800824919044,0.005962847639689597,0.09157768156293332,1751969588.715
2342,2.8169730644040576,22141,0.9957824802575442,0.008572376207395286,0.09134421918376855,1751969589.049
2343,2.8169122716330715,22367,0.9957849114748936,0.01117115919815689,0.09103634044219838,1751969589.383
2344,2.8168576878220164,22172,0.9957872716925562,0.013758243982250574,0.09065550318441834,1751969589.718
2345,2.816813297680378,22394,0.9957895702621934,0.016331548363403062,0.09020206364097219,1751969590.051
2346,2.816776499699256,22423,0.9957916551571271,0.018888666684109396,0.08967830166950051,1751969590.383
2347,2.816749852556133,22148,0.9957936922424254,0.021426984530889055,0.08908314556699656,1751969590.718
2348,2.816733285002682,22369,0.9957957092485344,0.02394409146914928,0.08841711330916271,1751969591.051
2349,2.8167277222088742,22415,0.9957977339775723,0.02643755644122699,0.0876808337925052,1751969591.383
2350,2.8167298462184838,22146,0.9957998819883439,0.02890648389102471,0.08687353003682043,1751969591.718
2351,2.8167416923910507,22462,0.9958021508798701,0.03134983501757668,0.0859957216807631,1751969592.052
2352,2.8167596327294246,22456,0.9958043920822172,0.03376824979976349,0.08504891542651613,1751969592.383
2353,2.816782784124291,22359,0.9958065682695818,0.036161247383837095,0.08403358125656404,1751969592.717
2354,2.816812371798661,22534,0.9958085942259427,0.038526116643723206,0.08295168474543488,1751969593.052
2355,2.8168491196547976,22591,0.9958105735289913,0.04086068892145515,0.08180284682531198,1751969593.383
2356,2.816888173996441,22394,0.9958124497737242,0.043164338977504046,0.080587869535615,1751969593.717
2357,2.8169274124764034,22465,0.9958142650625311,0.045435802208254404,0.07930660360690879,1751969594.052
2358,2.8169612711370395,22195,0.99581585028718,0.04767472444874954,0.07796097078382673,1751969594.387
2359,2.816987758743194,22094,0.9958171967680255,0.04987744649009765,0.0765529290928763,1751969594.721
2360,2.817015847468025,22120,0.9958190752291514,0.05416575129442834,0.07355569859954933,1751969595.056
2361,2.8170109844374056,22332,0.9958197726195632,0.05624777261975475,0.07196644034018641,1751969595.391
2362,2.816993269261041,22419,0.9958204021252648,0.05828514826747149,0.07031762369786604,1751969595.725
2363,2.816961833404387,22350,0.9958209124978007,0.06027739053443352,0.06861010437542613,1751969596.06
2364,2.8169196947650117,22251,0.9958213018116729,0.06222227373162685,0.0668455197434468,1751969596.394
2365,2.8168651614527085,22405,0.9958214526637329,0.0641184328751768,0.06502661747564786,1751969596.729
2366,2.816794134110797,22254,0.9958213955511086,0.06596459216540804,0.0631539447943977,1751969597.063
2367,2.8167059158907586,22117,0.9958210167493821,0.06776099702029093,0.06122866880018757,1751969597.398
2368,2.8166032392293023,22291,0.9958204239674826,0.06950513076538398,0.05925132915395162,1751969597.732
2369,2.8164889799608663,22223,0.9958196622989667,0.0711941053679945,0.05722411676577236,1751969598.067
2370,2.8163673380031597,21946,0.9958186612853005,0.07282655302842819,0.055149678239765056,1751969598.401
2371,2.8162399922540327,22287,0.9958175431690293,0.07439951796532748,0.053029543118204674,1751969598.736
2372,2.816110541800161,22174,0.9958164607278385,0.07591079423238686,0.05086381682974171,1751969599.07
2373,2.8159799686119924,22016,0.9958154246557855,0.07735913390499341,0.04865392501213806,1751969599.405
2374,2.8158489118450585,22283,0.9958145706250273,0.07874196258569875,0.04640090795496089,1751969599.739
2375,2.815720488840822,22073,0.9958138573422365,0.08005789060500279,0.04410777343114313,1751969600.074
2376,2.815593331770411,21952,0.9958134217104964,0.08130459413550954,0.0417754965702768,1751969600.408
2377,2.8154728647326723,22062,0.9958131118103518,0.08248233946263621,0.039406979373637165,1751969600.743
2378,2.815361166002152,22142,0.9958129027046495,0.08359032823124202,0.03700432181696494,1751969601.077
2379,2.815260099112335,22208,0.9958128444805667,0.08462659083303534,0.03457049162943458,1751969601.412
2380,2.81517288071017,22153,0.9958128575518524,0.08559061755929953,0.03210917190199564,1751969601.746
2381,2.8151035668807984,21839,0.9958129300342874,0.08648198579382037,0.029622196233312886,1751969602.081
2382,2.8150533815197902,21930,0.9958129746154594,0.08730058688724596,0.027113227706283525,1751969602.415
2383,2.8150211998466372,21989,0.9958130413678441,0.08804570737734192,0.024583328784925824,1751969602.75
2384,2.8150048716139016,21868,0.9958131796744959,0.08871623485713835,0.022034991702811882,1751969603.083
2385,2.815004224902336,22126,0.9958134541385033,0.089311068508245,0.019470428825747645,1751969603.418
2386,2.8150173387519315,22105,0.99581383284876,0.08983030639327234,0.01689160620997294,1751969603.752
2387,2.8150403262822,22108,0.9958142641840968,0.09027384904969459,0.014303266243724123,1751969604.083
2388,2.815074540520198,22276,0.9958146168230012,0.09064310742110769,0.011707945964377185,1751969604.418
2389,2.815119070804998,22280,0.9958148575213781,0.09093854238881335,0.009107746586038468,1751969604.752
2390,2.8151697466378476,22173,0.9958150440408278,0.09115969609983239,0.006504449934493461,1751969605.083
2391,2.815225472108583,22329,0.995815208451789,0.09130641572641925,0.003899879910270159,1751969605.418
2392,2.8152853245172142,22342,0.9958153311052957,0.09137917159253751,0.0012935743935819477,1751969605.752
2393,2.8153484652330354,22017,0.9958153471480339,0.09137872154548363,-0.001312872101082023,1751969606.083
2394,2.8154118199057483,22214,0.9958152828491147,0.09130485564320098,-0.003917369029321136,1751969606.418
2395,2.815471260357492,22122,0.9958151760467283,0.09115735775512175,-0.006516999472785681,1751969606.752
2396,2.815521777528812,21933,0.9958150257551047,0.0909364349603142,-0.00911039390304416,1751969607.087
2397,2.815563315161107,21866,0.9958148572319239,0.09064189334105256,-0.01169689222453794,1751969607.421
2398,2.81559676956165,22089,0.9958147085963512,0.09027348285906545,-0.01427460807371587,1751969607.756
2399,2.815622054896749,21869,0.9958146128845254,0.08983110564477416,-0.016841295207917713,1751969608.09
2400,2.815638174889842,22034,0.9958145685827734,0.08931510036749914,-0.019394789110701527,1751969608.425
2401,2.8156440192304144,21968,0.9958146143031399,0.08872528243171715,-0.02193349488114215,1751969608.76
2402,2.8156345351343104,21872,0.9958147612491095,0.08806204719311113,-0.024454797536215947,1751969609.092
2403,2.815609707582712,21896,0.9958150144498741,0.08732637486045025,-0.02695480012779338,1751969609.429
2404,2.815574531936779,21704,0.9958153794853588,0.08651902473622422,-0.02943107777712564,1751969609.763
2405,2.81553408937221,21932,0.9958158340826979,0.08564114248796206,-0.031881331583502155,1751969610.097
2406,2.815492393367456,22102,0.9958163768865819,0.08469387416957311,-0.03430293285754855,1751969610.432
2407,2.815446370374155,21798,0.9958170349985309,0.08367710262104072,-0.03669571233376604,1751969610.767
2408,2.81539207829549,22106,0.9958177791489183,0.08259248518194301,-0.03905678074786442,1751969611.101
2409,2.815327867738676,22165,0.9958184774864507,0.08144217810736182,-0.04138516064601214,1751969611.436
2410,2.8152590769422976,21939,0.9958190088690153,0.08022838536868492,-0.043679603435307336,1751969611.768
2411,2.8151858630893276,22272,0.9958193175903493,0.07895241276497768,-0.045939125290755355,1751969612.105
2412,2.815107315589052,22407,0.9958193745507558,0.07761431040412711,-0.048164220016871234,1751969612.439
2413,2.815025512301798,22225,0.995819150213526,0.07621517025784373,-0.050353429779696576,1751969612.772
2414,2.814937650089074,22515,0.9958185696275866,0.07475665013097264,-0.05250542492031359,1751969613.108
2415,2.8148466606282474,22590,0.9958176589005329,0.07323986509186517,-0.05461787604061191,1751969613.443
2416,2.814755203910635,22587,0.9958165550311013,0.07166365404935364,-0.05668958823526908,1751969613.775
2417,2.814669314196608,22551,0.9958152515768357,0.07002860489652718,-0.05871949610827388,1751969614.112
2418,2.814589973350648,22628,0.9958137591054419,0.06833539538560345,-0.06070610277214436,1751969614.446
2419,2.814514817889754,22520,0.9958122087467978,0.06658520136188155,-0.06264547765339355,1751969614.78
2420,2.8144444152771966,22581,0.9958107577227037,0.06477831589974475,-0.06453452248934388,1751969615.115
2421,2.814378593791177,22682,0.995809473186607,0.06291577189482413,-0.0663709180190444,1751969615.45
2422,2.814316342589439,22582,0.9958083556151099,0.06099887389666772,-0.06815318239428986,1751969615.782
2423,2.8142535476514907,22391,0.9958074514309568,0.05902816994627861,-0.06987985995532425,1751969616.118
2424,2.8141894274055193,22426,0.9958066651250326,0.057006557750073544,-0.07154954972638564,1751969616.452
2425,2.814121961149695,22476,0.9958060027068529,0.05493684677345086,-0.07315974193222385,1751969616.783
2426,2.8140504814649283,22365,0.9958053413559916,0.05282107323287005,-0.0747104835307924,1751969617.118
2427,2.8139770378377276,22324,0.9958046678233383,0.050660408207873715,-0.0762009618145486,1751969617.45
