et_mm,eR_deg,g_corr_gt,J_raw_gt,J_raw_final,dJ_raw,iters,on_bound,wmean,method,traj,order,scan,view,ndist,in_support,nearest_d
148.82663013139725,4.916122977551957,0.06015530506972518,0.009078057615930177,0.00402863881065432,0.005049418805275857,25,0,1.0,M0_raw_p2p,vi,0,0,oracle,0.0,True,0.0
146.38696111122928,4.609579005112327,0.04721816575144307,0.009078057615930177,0.004046528916251795,0.0050315286996783825,40,0,1.0,M1_raw_p2l,vi,0,0,oracle,0.0,True,0.0
137.80211559671113,4.725143915022509,0.029025625827231723,0.009078057615930177,0.004468983130605991,0.0046090744853241866,40,0,0.783983679090229,M2_raw_huber,vi,0,0,oracle,0.0,True,0.0
143.55675465170106,4.924158570543002,0.05355294181233193,0.009078057615930177,0.00418481493550168,0.004893242680428497,25,0,1.0,M3_global_corr,vi,0,0,oracle,0.0,True,0.0
106.61129452244053,5.764873846447402,0.038229994308507875,0.009078057615930177,0.004885999220776278,0.004192058395153899,32,0,1.0,M4_patch_corr,vi,0,0,oracle,0.0,True,0.0
66.91086381228725,3.959045372299236,0.03137422819551522,0.009078057615930177,0.005835121710643572,0.003242935905286605,34,0,1.0,M5_full_corr,vi,0,0,oracle,0.0,True,0.0
152.12704174652154,4.585390755827114,0.0644050152002756,0.009246756973772358,0.004025333204660804,0.005221423769111554,39,0,1.0,M0_raw_p2p,vi,1,1,oracle,0.0,True,0.0
149.92701010127894,4.131107161010358,0.05209344162013943,0.009246756973772358,0.004053875830581064,0.005192881143191294,18,0,1.0,M1_raw_p2l,vi,1,1,oracle,0.0,True,0.0
137.4099014134543,4.172898283486231,0.03052265835457165,0.009246756973772358,0.004431507262134264,0.004815249711638094,40,0,0.7835033714566457,M2_raw_huber,vi,1,1,oracle,0.0,True,0.0
146.54259280257537,4.585871227931285,0.057041593799642715,0.009246756973772358,0.004179018095931061,0.005067738877841297,39,0,1.0,M3_global_corr,vi,1,1,oracle,0.0,True,0.0
108.88781266907915,5.104143735386898,0.039087789104007536,0.009246756973772358,0.0048885098328836805,0.0043582471408886774,36,0,1.0,M4_patch_corr,vi,1,1,oracle,0.0,True,0.0
69.14918707300393,3.2865809173997946,0.031299078927753826,0.009246756973772358,0.005899716224400357,0.003347040749372001,26,0,1.0,M5_full_corr,vi,1,1,oracle,0.0,True,0.0
155.5163438278263,6.306839081781899,0.07044590816702158,0.010494984316744201,0.004874770343699234,0.005620213973044967,40,0,1.0,M0_raw_p2p,vi,2,2,oracle,0.0,True,1.4901161193847656e-08
155.98786802141393,6.806911663888723,0.05715284912992084,0.010494984316744201,0.004930055975454957,0.005564928341289244,40,0,1.0,M1_raw_p2l,vi,2,2,oracle,0.0,True,1.4901161193847656e-08
139.37858816870744,5.507928747921981,0.03221947779631871,0.010494984316744201,0.005426558690236252,0.0050684256265079485,40,0,0.7950642186884713,M2_raw_huber,vi,2,2,oracle,0.0,True,1.4901161193847656e-08
148.79786991362118,6.306839081781919,0.05962209623357759,0.010494984316744201,0.005042883667956195,0.005452100648788006,40,0,1.0,M3_global_corr,vi,2,2,oracle,0.0,True,1.4901161193847656e-08
112.42273323651258,6.387281172993511,0.040250437603682514,0.010494984316744201,0.005720732613416327,0.0047742517033278736,40,0,1.0,M4_patch_corr,vi,2,2,oracle,0.0,True,1.4901161193847656e-08
74.27971220243914,4.800295418974269,0.033614241972393176,0.010494984316744201,0.006674251117815616,0.003820733198928585,40,0,1.0,M5_full_corr,vi,2,2,oracle,0.0,True,1.4901161193847656e-08
157.5692560650436,4.049028099531629,0.08143047491677986,0.012223203784613348,0.005883090432651083,0.006340113351962265,32,0,1.0,M0_raw_p2p,vi,3,3,oracle,0.0,True,1.4901161193847656e-08
156.98434856385367,4.153975289171641,0.07559974630952676,0.012223203784613348,0.00598367144856674,0.006239532336046609,40,0,1.0,M1_raw_p2l,vi,3,3,oracle,0.0,True,1.4901161193847656e-08
138.93976703494354,3.677022423841322,0.032187636542880864,0.012223203784613348,0.006578483056368796,0.005644720728244552,40,0,0.801846765665218,M2_raw_huber,vi,3,3,oracle,0.0,True,1.4901161193847656e-08
149.30915359284336,4.04731647064865,0.06743524099462989,0.012223203784613348,0.006055374979113859,0.006167828805499489,32,0,1.0,M3_global_corr,vi,3,3,oracle,0.0,True,1.4901161193847656e-08
116.88414374121585,4.4508227784987655,0.04890184723625643,0.012223203784613348,0.0067088969727342775,0.005514306811879071,29,0,1.0,M4_patch_corr,vi,3,3,oracle,0.0,True,1.4901161193847656e-08
78.91559633838777,2.932166065760782,0.04066856480202827,0.012223203784613348,0.007764469861311919,0.0044587339233014295,40,0,1.0,M5_full_corr,vi,3,3,oracle,0.0,True,1.4901161193847656e-08
151.40492711490427,4.183191994792766,0.07321255872713876,0.010449093506681599,0.0048885443089965504,0.005560549197685049,31,0,1.0,M0_raw_p2p,vi,4,4,oracle,0.0,True,0.0
150.50774193993897,3.716999541325343,0.07157691720312608,0.010449093506681599,0.004942641686906431,0.005506451819775168,40,0,1.0,M1_raw_p2l,vi,4,4,oracle,0.0,True,0.0
134.90078553778338,4.323982441380863,0.02916444811051095,0.010449093506681599,0.005463889419111592,0.004985204087570007,40,0,0.7988117337235772,M2_raw_huber,vi,4,4,oracle,0.0,True,0.0
143.57337451600054,4.183196076868371,0.06073809631545314,0.010449093506681599,0.005051581694535405,0.005397511812146194,31,0,1.0,M3_global_corr,vi,4,4,oracle,0.0,True,0.0
111.10199439994919,5.052951589049166,0.04057147345214272,0.010449093506681599,0.005699696850884279,0.0047493966557973204,31,0,1.0,M4_patch_corr,vi,4,4,oracle,0.0,True,0.0
75.16956208013794,3.452329415015847,0.03285638668667987,0.010449093506681599,0.006558835533771718,0.0038902579729098814,29,0,1.0,M5_full_corr,vi,4,4,oracle,0.0,True,0.0
148.72802999250268,4.665506818002147,0.07268420371134984,0.010372207834605917,0.004870032399621426,0.005502175434984491,29,0,1.0,M0_raw_p2p,vi,5,5,oracle,0.0,True,0.0
149.79983630867338,3.6942596388694433,0.07583750130061476,0.010372207834605917,0.0049387952796109,0.005433412554995017,40,0,1.0,M1_raw_p2l,vi,5,5,oracle,0.0,True,0.0
131.14662471839424,4.714330005367564,0.032984902643755774,0.010372207834605917,0.005452768572454018,0.0049194392621518986,40,0,0.8034524747942514,M2_raw_huber,vi,5,5,oracle,0.0,True,0.0
140.19139309357757,4.671281969148788,0.05975973891402701,0.010372207834605917,0.0050343387977984655,0.0053378690368074515,30,0,1.0,M3_global_corr,vi,5,5,oracle,0.0,True,0.0
111.56584067977315,5.993242296533156,0.04127992742938877,0.010372207834605917,0.005665994453500251,0.004706213381105666,37,0,1.0,M4_patch_corr,vi,5,5,oracle,0.0,True,0.0
71.4515447537257,3.191741725197853,0.03345505672803196,0.010372207834605917,0.006673353067968644,0.0036988547666372733,36,0,1.0,M5_full_corr,vi,5,5,oracle,0.0,True,0.0
152.74119589850528,5.536149267156991,0.07342437661358675,0.011265633562297199,0.0051998316120449965,0.0060658019502522025,40,0,1.0,M0_raw_p2p,vi,6,6,oracle,0.0,True,2.1073424255447017e-08
153.39395152741758,5.383365769829516,0.07342403618743837,0.011265633562297199,0.005287031154618192,0.005978602407679007,40,0,1.0,M1_raw_p2l,vi,6,6,oracle,0.0,True,2.1073424255447017e-08
132.95212387286983,5.234492203733785,0.03510542095110114,0.011265633562297199,0.00599978633665488,0.005265847225642319,40,0,0.7917537300228292,M2_raw_huber,vi,6,6,oracle,0.0,True,2.1073424255447017e-08
144.07688545892634,5.53490630790047,0.06313880683060077,0.011265633562297199,0.005358353840269647,0.005907279722027552,40,0,1.0,M3_global_corr,vi,6,6,oracle,0.0,True,2.1073424255447017e-08
117.58284244097284,6.917776635006355,0.045155048070129586,0.011265633562297199,0.005954051365523257,0.005311582196773942,40,0,1.0,M4_patch_corr,vi,6,6,oracle,0.0,True,2.1073424255447017e-08
74.9294274368768,3.890521552924663,0.03520560259160004,0.011265633562297199,0.00699482922639283,0.004270804335904369,40,0,1.0,M5_full_corr,vi,6,6,oracle,0.0,True,2.1073424255447017e-08
152.49312421602895,4.851415783437144,0.07058302531454276,0.010573298204884798,0.0047558795993881695,0.005817418605496629,33,0,1.0,M0_raw_p2p,vi,7,7,oracle,0.0,True,0.0
159.59460230485817,4.900992592702966,0.06553705504085769,0.010573298204884798,0.004857209195774463,0.0057160890091103355,40,0,1.0,M1_raw_p2l,vi,7,7,oracle,0.0,True,0.0
133.4362440324334,4.05016001785038,0.03306973822052276,0.010573298204884798,0.005488220465297551,0.005085077739587248,40,0,0.7836408033529337,M2_raw_huber,vi,7,7,oracle,0.0,True,0.0
144.29052809091664,4.851704923370804,0.06242228432964854,0.010573298204884798,0.0049143246960262595,0.005658973508858539,34,0,1.0,M3_global_corr,vi,7,7,oracle,0.0,True,0.0
116.3236409284911,5.932500773140361,0.04428528253128557,0.010573298204884798,0.00548432130859606,0.005088976896288739,40,0,1.0,M4_patch_corr,vi,7,7,oracle,0.0,True,0.0
75.19252017456682,3.775284988485355,0.03317832625540629,0.010573298204884798,0.0064500684795092845,0.004123229725375514,38,0,1.0,M5_full_corr,vi,7,7,oracle,0.0,True,0.0
154.40232019421464,5.439939235794481,0.07662782319449775,0.011300481323799837,0.005070125366538644,0.006230355957261193,36,0,1.0,M0_raw_p2p,vi,8,8,oracle,0.0,True,1.4901161193847656e-08
160.6950193202258,5.858541031335291,0.07072955935977425,0.011300481323799837,0.00513085255345744,0.006169628770342397,40,0,1.0,M1_raw_p2l,vi,8,8,oracle,0.0,True,1.4901161193847656e-08
137.02797432303734,4.74162213960683,0.03681036869010306,0.011300481323799837,0.0056453346169338375,0.0056551467068659995,40,0,0.7920866096768152,M2_raw_huber,vi,8,8,oracle,0.0,True,1.4901161193847656e-08
145.69665534621234,5.442003368903432,0.06697269282510852,0.011300481323799837,0.005218130821322224,0.006082350502477613,36,0,1.0,M3_global_corr,vi,8,8,oracle,0.0,True,1.4901161193847656e-08
114.86677845159817,6.279582331728293,0.046472724028093805,0.011300481323799837,0.005818552252052038,0.005481929071747799,40,0,1.0,M4_patch_corr,vi,8,8,oracle,0.0,True,1.4901161193847656e-08
70.79719364122876,4.3852753642057065,0.02994554867166929,0.011300481323799837,0.007123326823232583,0.004177154500567254,40,0,1.0,M5_full_corr,vi,8,8,oracle,0.0,True,1.4901161193847656e-08
162.76387570565672,5.695298360469941,0.09023537975497772,0.012670242678806004,0.005256671137362332,0.007413571541443673,35,0,1.0,M0_raw_p2p,vi,9,9,oracle,0.0,True,0.0
164.4144578948268,5.544879212839273,0.08115745504229738,0.012670242678806004,0.005319941679037014,0.00735030099976899,40,0,1.0,M1_raw_p2l,vi,9,9,oracle,0.0,True,0.0
145.90834163879467,5.52016764184728,0.03763896998776474,0.012670242678806004,0.005652833064454894,0.00701740961435111,40,0,0.8132351144760099,M2_raw_huber,vi,9,9,oracle,0.0,True,0.0
152.89002446299722,5.695298360469939,0.07715697599285401,0.012670242678806004,0.005426062067614135,0.007244180611191869,35,0,1.0,M3_global_corr,vi,9,9,oracle,0.0,True,0.0
124.01804107555135,6.490173052181121,0.05613687896555053,0.012670242678806004,0.006005244144388613,0.0066649985344173915,40,0,1.0,M4_patch_corr,vi,9,9,oracle,0.0,True,0.0
78.40855767093515,5.161679843502779,0.033113378502339905,0.012670242678806004,0.007474553214054666,0.005195689464751339,40,0,1.0,M5_full_corr,vi,9,9,oracle,0.0,True,0.0
163.84990616459143,6.0695321932330515,0.09706521297402801,0.013473557800035315,0.005813858797134016,0.007659699002901299,40,0,1.0,M0_raw_p2p,vi,10,10,oracle,0.0,True,0.0
166.65598422480392,5.0905432326616245,0.08829011901878979,0.013473557800035315,0.00591351225792754,0.007560045542107775,16,0,1.0,M1_raw_p2l,vi,10,10,oracle,0.0,True,0.0
148.02399208372285,5.967494807307152,0.04088126116436693,0.013473557800035315,0.006144528615954366,0.007329029184080948,40,0,0.8148741159300558,M2_raw_huber,vi,10,10,oracle,0.0,True,0.0
153.58245519363362,6.072143508966515,0.08084357001112721,0.013473557800035315,0.005994535128682916,0.007479022671352398,40,0,1.0,M3_global_corr,vi,10,10,oracle,0.0,True,0.0
121.5555372518435,6.627160729402519,0.062102270767677575,0.013473557800035315,0.006561191458672319,0.006912366341362996,40,0,1.0,M4_patch_corr,vi,10,10,oracle,0.0,True,0.0
83.38415687573034,5.588954617226756,0.036060314340083006,0.013473557800035315,0.007904321245487239,0.005569236554548076,40,0,1.0,M5_full_corr,vi,10,10,oracle,0.0,True,0.0
152.3683029101362,4.315373101705014,0.08841056054903751,0.011299914707611746,0.004980709779349937,0.00631920492826181,30,0,1.0,M0_raw_p2p,vi,11,11,oracle,0.0,True,0.0
153.71196759760898,3.1907853879246306,0.08521406708867824,0.011299914707611746,0.005042985272391891,0.006256929435219855,40,0,1.0,M1_raw_p2l,vi,11,11,oracle,0.0,True,0.0
141.01823988058243,4.460226305170366,0.036921851887247226,0.011299914707611746,0.005176137204016166,0.0061237775035955806,40,0,0.82253443595027,M2_raw_huber,vi,11,11,oracle,0.0,True,0.0
143.21213926409536,4.317295519305539,0.07060543230733299,0.011299914707611746,0.005172369645987739,0.006127545061624008,29,0,1.0,M3_global_corr,vi,11,11,oracle,0.0,True,0.0
114.80487312469,4.718637570827648,0.05101548078796003,0.011299914707611746,0.005702829817713157,0.005597084889898589,34,0,1.0,M4_patch_corr,vi,11,11,oracle,0.0,True,0.0
78.27570995247846,4.5396428031603175,0.02828596963644705,0.011299914707611746,0.006834843885440994,0.004465070822170752,40,0,1.0,M5_full_corr,vi,11,11,oracle,0.0,True,0.0
151.08436946473967,5.506534194407443,0.08449076978168084,0.0100771718511319,0.004118930630278117,0.005958241220853784,40,0,1.0,M0_raw_p2p,vi,12,12,oracle,0.0,True,2.1073424255447017e-08
149.78171625070922,5.2338835102390595,0.08344712731050025,0.0100771718511319,0.004157096930375167,0.005920074920756733,40,0,1.0,M1_raw_p2l,vi,12,12,oracle,0.0,True,2.1073424255447017e-08
141.63402051816647,5.54878632142511,0.0359718859498216,0.0100771718511319,0.004224180574155845,0.005852991276976055,40,0,0.8235365368751318,M2_raw_huber,vi,12,12,oracle,0.0,True,2.1073424255447017e-08
142.6936325168656,5.496138237183104,0.06645785230795238,0.0100771718511319,0.004318549156577986,0.005758622694553914,40,0,1.0,M3_global_corr,vi,12,12,oracle,0.0,True,2.1073424255447017e-08
111.24357152841763,6.261441209737575,0.045413245118560125,0.0100771718511319,0.0048630993660854025,0.005214072485046498,40,0,1.0,M4_patch_corr,vi,12,12,oracle,0.0,True,2.1073424255447017e-08
69.40976246071322,3.5698988757788404,0.024730019813730252,0.0100771718511319,0.006263075309702078,0.0038140965414298223,35,0,1.0,M5_full_corr,vi,12,12,oracle,0.0,True,2.1073424255447017e-08
163.08384629251057,5.743751682491509,0.0957579411146462,0.012442182901806317,0.004878362026398084,0.007563820875408233,38,0,1.0,M0_raw_p2p,vi,13,13,oracle,0.0,True,1.4901161193847656e-08
164.55683418078038,5.28636641887671,0.08797231939049498,0.012442182901806317,0.004942826297511355,0.007499356604294962,40,0,1.0,M1_raw_p2l,vi,13,13,oracle,0.0,True,1.4901161193847656e-08
151.15764452242652,5.234953298238778,0.040835435423564485,0.012442182901806317,0.0050204030792368815,0.007421779822569435,40,0,0.8230574905390055,M2_raw_huber,vi,13,13,oracle,0.0,True,1.4901161193847656e-08
153.18230055090976,5.742778496689766,0.07824957369751258,0.012442182901806317,0.0050714027272839605,0.007370780174522356,38,0,1.0,M3_global_corr,vi,13,13,oracle,0.0,True,1.4901161193847656e-08
125.39937352513883,5.619949643749271,0.057230441598891894,0.012442182901806317,0.005597368521344714,0.006844814380461603,36,0,1.0,M4_patch_corr,vi,13,13,oracle,0.0,True,1.4901161193847656e-08
79.18155278094434,3.0401354738920574,0.035476452732802755,0.012442182901806317,0.007314808741984395,0.005127374159821922,30,0,1.0,M5_full_corr,vi,13,13,oracle,0.0,True,1.4901161193847656e-08
168.55513728444114,5.716289539132535,0.10058122015591044,0.014123790643114942,0.005745960430377831,0.008377830212737112,40,0,1.0,M0_raw_p2p,vi,14,14,oracle,0.0,True,1.4901161193847656e-08
173.34489953847853,5.345182800443623,0.09649916768526533,0.014123790643114942,0.005845244209642847,0.008278546433472096,40,0,1.0,M1_raw_p2l,vi,14,14,oracle,0.0,True,1.4901161193847656e-08
151.68100981960896,5.164794510331132,0.0420155097066334,0.014123790643114942,0.006039884701241078,0.008083905941873864,40,0,0.8170531400441899,M2_raw_huber,vi,14,14,oracle,0.0,True,1.4901161193847656e-08
157.99335119276282,5.716221218102713,0.08399924744260882,0.014123790643114942,0.005933230503144426,0.008190560139970517,40,0,1.0,M3_global_corr,vi,14,14,oracle,0.0,True,1.4901161193847656e-08
132.62270357752033,5.75342059011346,0.061924333260838973,0.014123790643114942,0.006465480263783102,0.00765831037933184,40,0,1.0,M4_patch_corr,vi,14,14,oracle,0.0,True,1.4901161193847656e-08
90.8327757213089,3.036689271671352,0.04097304135074437,0.014123790643114942,0.00803171576990123,0.0060920748732137125,28,0,1.0,M5_full_corr,vi,14,14,oracle,0.0,True,1.4901161193847656e-08
159.33941877436058,5.4582045497319,0.08746143592587255,0.013257206057954513,0.006160474491463544,0.007096731566490969,40,0,1.0,M0_raw_p2p,vi,15,15,oracle,0.0,True,0.0
163.3605745019275,4.799937025325301,0.08355130118633708,0.013257206057954513,0.006266398341688605,0.0069908077162659085,40,0,1.0,M1_raw_p2l,vi,15,15,oracle,0.0,True,0.0
139.15105159899295,5.16419060456093,0.03819485464109829,0.013257206057954513,0.006829080445793313,0.0064281256121612,40,0,0.8056798201947194,M2_raw_huber,vi,15,15,oracle,0.0,True,0.0
149.32565270470386,5.454939587857056,0.07356055602373772,0.013257206057954513,0.006338225968883305,0.006918980089071209,40,0,1.0,M3_global_corr,vi,15,15,oracle,0.0,True,0.0
124.97331691159606,5.62230094319518,0.050115199778750424,0.013257206057954513,0.006948218624514771,0.006308987433439742,40,0,1.0,M4_patch_corr,vi,15,15,oracle,0.0,True,0.0
85.03862691925892,3.6736489625466073,0.03319741402126713,0.013257206057954513,0.008326991488738155,0.0049302145692163585,30,0,1.0,M5_full_corr,vi,15,15,oracle,0.0,True,0.0
156.15726873046648,5.940196495100716,0.07971945521436782,0.012628750597385592,0.006147856331407779,0.006480894265977813,40,0,1.0,M0_raw_p2p,vi,16,16,oracle,0.0,True,0.0
159.36531253712505,5.438036398546561,0.0753318016698011,0.012628750597385592,0.006311470189167722,0.00631728040821787,40,0,1.0,M1_raw_p2l,vi,16,16,oracle,0.0,True,0.0
133.11218539670466,5.562687008736858,0.03056435311877197,0.012628750597385592,0.007139327359723749,0.005489423237661843,40,0,0.7859015016732853,M2_raw_huber,vi,16,16,oracle,0.0,True,0.0
146.37992214731474,5.937580756237664,0.0667569416001274,0.012628750597385592,0.006315894764439291,0.0063128558329463005,40,0,1.0,M3_global_corr,vi,16,16,oracle,0.0,True,0.0
121.86514212780946,6.59114282379671,0.04482330389193398,0.012628750597385592,0.006866008782993453,0.005762741814392139,40,0,1.0,M4_patch_corr,vi,16,16,oracle,0.0,True,0.0
89.11294002186709,4.3788575440138064,0.0355893776224625,0.012628750597385592,0.007715752842735832,0.00491299775464976,40,0,1.0,M5_full_corr,vi,16,16,oracle,0.0,True,0.0
151.3464905926848,4.078496399957601,0.07530412524467632,0.011790882387521582,0.005725573234335498,0.006065309153186083,24,0,1.0,M0_raw_p2p,vi,17,17,oracle,0.0,True,0.0
153.2381235591161,3.2093632085988015,0.07044387846017652,0.011790882387521582,0.0058475039190526625,0.005943378468468919,40,0,1.0,M1_raw_p2l,vi,17,17,oracle,0.0,True,0.0
129.38906380677898,3.970275346626495,0.0312351890234343,0.011790882387521582,0.006637314088774232,0.00515356829874735,40,0,0.7863101377715552,M2_raw_huber,vi,17,17,oracle,0.0,True,0.0
142.02577353554167,4.074315311560094,0.06341381038413432,0.011790882387521582,0.005895655805689955,0.005895226581831626,23,0,1.0,M3_global_corr,vi,17,17,oracle,0.0,True,0.0
118.38797900301098,5.752325799801375,0.0437719056330679,0.011790882387521582,0.0064897603676585015,0.00530112201986308,40,0,1.0,M4_patch_corr,vi,17,17,oracle,0.0,True,0.0
88.62841081797632,3.072436247843718,0.038131418103568716,0.011790882387521582,0.007103708058338409,0.004687174329183173,24,0,1.0,M5_full_corr,vi,17,17,oracle,0.0,True,0.0
146.08169726687532,4.456519337665111,0.0720750858967544,0.011406594771965066,0.005715058399976868,0.005691536371988198,29,0,1.0,M0_raw_p2p,vi,18,18,oracle,0.0,True,0.0
143.918865215432,3.7744175089284866,0.06751488015904236,0.011406594771965066,0.005801081973397238,0.005605512798567827,40,0,1.0,M1_raw_p2l,vi,18,18,oracle,0.0,True,0.0
125.42467638217167,4.109190301006953,0.036161510884454996,0.011406594771965066,0.006601152262226438,0.004805442509738627,40,0,0.7842200292596556,M2_raw_huber,vi,18,18,oracle,0.0,True,0.0
137.10345234546966,4.455640448985316,0.06101815788007151,0.011406594771965066,0.005880708570693163,0.005525886201271903,29,0,1.0,M3_global_corr,vi,18,18,oracle,0.0,True,0.0
116.03671318253521,5.521441798344215,0.04404376902877068,0.011406594771965066,0.006432358202839769,0.004974236569125296,30,0,1.0,M4_patch_corr,vi,18,18,oracle,0.0,True,0.0
85.00591876957415,2.668875145396649,0.03807578692339415,0.011406594771965066,0.0070902807045925735,0.004316314067372492,40,0,1.0,M5_full_corr,vi,18,18,oracle,0.0,True,0.0
148.62554572919302,5.469626925583501,0.07276682055805955,0.011220234089518158,0.005465408545897547,0.00575482554362061,40,0,1.0,M0_raw_p2p,vi,19,19,oracle,0.0,True,0.0
152.62048863381156,5.505022690044654,0.06893090417943681,0.011220234089518158,0.005538702960849805,0.005681531128668353,40,0,1.0,M1_raw_p2l,vi,19,19,oracle,0.0,True,0.0
129.228603987643,4.709139594578355,0.03619871344283025,0.011220234089518158,0.006304881847522312,0.004915352241995846,40,0,0.777372250742873,M2_raw_huber,vi,19,19,oracle,0.0,True,0.0
139.92832093531155,5.473558431542325,0.061939525418295636,0.011220234089518158,0.005635469718869721,0.005584764370648436,40,0,1.0,M3_global_corr,vi,19,19,oracle,0.0,True,0.0
113.16367839982114,6.0964822310448605,0.045006868902320335,0.011220234089518158,0.006176725501749955,0.0050435085877682025,40,0,1.0,M4_patch_corr,vi,19,19,oracle,0.0,True,0.0
74.30087989901311,2.6197696396926524,0.034179010994811306,0.011220234089518158,0.007060962532242135,0.004159271557276022,40,0,1.0,M5_full_corr,vi,19,19,oracle,0.0,True,0.0
158.3950859458633,6.336142827199101,0.0810488869736713,0.012375241079692026,0.0059696926192854775,0.0064055484604065484,40,0,1.0,M0_raw_p2p,vi,20,20,oracle,0.0,True,0.0
159.88617098330568,6.791299942357201,0.0764542436793515,0.012375241079692026,0.006077806446050359,0.006297434633641667,40,0,1.0,M1_raw_p2l,vi,20,20,oracle,0.0,True,0.0
135.69837415684344,5.373611520676767,0.03416983688193824,0.012375241079692026,0.006760539872017727,0.0056147012076742985,40,0,0.792367011375909,M2_raw_huber,vi,20,20,oracle,0.0,True,0.0
149.59096628889057,6.331421003882433,0.06652851525819141,0.012375241079692026,0.006156617157097288,0.006218623922594738,40,0,1.0,M3_global_corr,vi,20,20,oracle,0.0,True,0.0
116.4829812239137,5.901642777317471,0.050187471414996,0.012375241079692026,0.006711915249201259,0.005663325830490767,40,0,1.0,M4_patch_corr,vi,20,20,oracle,0.0,True,0.0
79.55543730208053,3.6610994617728627,0.03659823326750057,0.012375241079692026,0.007658911524285196,0.00471632955540683,40,0,1.0,M5_full_corr,vi,20,20,oracle,0.0,True,0.0
156.29876363566726,6.249994648290088,0.08236822147760353,0.011274349264160844,0.005300760879087937,0.005973588385072907,40,0,1.0,M0_raw_p2p,vi,21,21,oracle,0.0,True,1.4901161193847656e-08
154.8747606159627,6.444922159677629,0.08330739108941564,0.011274349264160844,0.005363405590680722,0.005910943673480122,40,0,1.0,M1_raw_p2l,vi,21,21,oracle,0.0,True,1.4901161193847656e-08
139.66155574094984,5.777291316453333,0.0329268249644181,0.011274349264160844,0.0056144286543942466,0.005659920609766597,40,0,0.815510734793988,M2_raw_huber,vi,21,21,oracle,0.0,True,1.4901161193847656e-08
148.18566292214464,6.2468384162535155,0.06509641442589661,0.011274349264160844,0.0054960672142970865,0.005778282049863757,40,0,1.0,M3_global_corr,vi,21,21,oracle,0.0,True,1.4901161193847656e-08
112.59532936484356,5.405327827005857,0.04827646576763703,0.011274349264160844,0.005999401974459652,0.005274947289701191,40,0,1.0,M4_patch_corr,vi,21,21,oracle,0.0,True,1.4901161193847656e-08
73.73727814530697,3.1324602125229535,0.03115258492707424,0.011274349264160844,0.0071206191260140194,0.004153730138146824,38,0,1.0,M5_full_corr,vi,21,21,oracle,0.0,True,1.4901161193847656e-08
149.4569197631465,3.820962892828501,0.07623836551162542,0.010696538448377885,0.005313123428199856,0.005383415020178029,30,0,1.0,M0_raw_p2p,vi,22,22,oracle,0.0,True,0.0
146.27596067574294,3.0330260425199014,0.0687935378095793,0.010696538448377885,0.005354461836637884,0.005342076611740002,40,0,1.0,M1_raw_p2l,vi,22,22,oracle,0.0,True,0.0
132.18979623858544,3.7456418174150206,0.029936677888545486,0.010696538448377885,0.005842878122824878,0.004853660325553007,40,0,0.7995249785009556,M2_raw_huber,vi,22,22,oracle,0.0,True,0.0
141.56656801956638,3.8328382902800753,0.061016553744390606,0.010696538448377885,0.005487467664722553,0.005209070783655332,30,0,1.0,M3_global_corr,vi,22,22,oracle,0.0,True,0.0
104.15326676880017,4.47216168853373,0.0450545425590415,0.010696538448377885,0.005967198325782607,0.004729340122595279,40,0,1.0,M4_patch_corr,vi,22,22,oracle,0.0,True,0.0
72.6032147062179,1.8502273701222158,0.031067827739629614,0.010696538448377885,0.006805704354634745,0.00389083409374314,37,0,1.0,M5_full_corr,vi,22,22,oracle,0.0,True,0.0
138.51690381793904,4.124843338751022,0.06402534708802635,0.009127280364066752,0.004552035263736541,0.0045752451003302115,36,0,1.0,M0_raw_p2p,vi,23,23,oracle,0.0,True,0.0
136.7707099196806,4.018492660192354,0.0638437141672118,0.009127280364066752,0.004577374394687193,0.004549905969379559,40,0,1.0,M1_raw_p2l,vi,23,23,oracle,0.0,True,0.0
125.51429391511077,4.081024570013564,0.027254657393535196,0.009127280364066752,0.005057205435269068,0.0040700749287976845,40,0,0.7915942542528914,M2_raw_huber,vi,23,23,oracle,0.0,True,0.0
131.49863613972843,4.126330084269977,0.0523397570875972,0.009127280364066752,0.004729816034953747,0.004397464329113005,36,0,1.0,M3_global_corr,vi,23,23,oracle,0.0,True,0.0
88.9037051283268,4.437350262247826,0.03686764216567946,0.009127280364066752,0.0053365466161993695,0.0037907337478673827,40,0,1.0,M4_patch_corr,vi,23,23,oracle,0.0,True,0.0
70.1858692803191,2.1267438693962166,0.026674957189556012,0.009127280364066752,0.005816554906185757,0.003310725457880995,40,0,1.0,M5_full_corr,vi,23,23,oracle,0.0,True,0.0
136.66836451021706,4.590854467131406,0.06264800604311546,0.009477083410913155,0.004852879155154655,0.0046242042557585,40,0,1.0,M0_raw_p2p,vi,24,24,oracle,0.0,True,0.0
134.50206459488516,4.369107368567935,0.059182581529896715,0.009477083410913155,0.004920004213244592,0.004557079197668563,40,0,1.0,M1_raw_p2l,vi,24,24,oracle,0.0,True,0.0
122.52332998373515,4.133471648659319,0.028899880001216394,0.009477083410913155,0.005432199012546578,0.004044884398366577,31,0,0.7837443617228724,M2_raw_huber,vi,24,24,oracle,0.0,True,0.0
129.0087508221964,4.59450232452665,0.052879418149748766,0.009477083410913155,0.005017773565549477,0.004459309845363678,40,0,1.0,M3_global_corr,vi,24,24,oracle,0.0,True,0.0
86.64287307149752,4.495310873554623,0.03893678463619247,0.009477083410913155,0.005792990406316258,0.003684093004596897,34,0,1.0,M4_patch_corr,vi,24,24,oracle,0.0,True,0.0
52.16883835481699,2.2689006066560444,0.027010279711680272,0.009477083410913155,0.006884612670122099,0.0025924707407910556,31,0,1.0,M5_full_corr,vi,24,24,oracle,0.0,True,0.0
148.95619195369554,5.5518306878482555,0.07576810092650092,0.01154571719115531,0.005533257964802503,0.0060124592263528075,40,0,1.0,M0_raw_p2p,vi,25,25,oracle,0.0,True,0.0
150.0894509209316,6.133268722765216,0.0741152250400102,0.01154571719115531,0.005629979401422661,0.00591573778973265,40,0,1.0,M1_raw_p2l,vi,25,25,oracle,0.0,True,0.0
128.3498809126856,4.957354244588723,0.036793458631454355,0.01154571719115531,0.006419448843327376,0.005126268347827935,40,0,0.7849144751198005,M2_raw_huber,vi,25,25,oracle,0.0,True,0.0
139.96580569170862,5.54736289859237,0.06447626755914872,0.01154571719115531,0.005701847423189244,0.005843869767966066,40,0,1.0,M3_global_corr,vi,25,25,oracle,0.0,True,0.0
101.45842800479842,5.048258954951448,0.0491903008778351,0.01154571719115531,0.006505843502069914,0.005039873689085397,40,0,1.0,M4_patch_corr,vi,25,25,oracle,0.0,True,0.0
67.53246487238185,1.9174252032965846,0.038371346622875425,0.01154571719115531,0.007748895170754003,0.0037968220204013074,27,0,1.0,M5_full_corr,vi,25,25,oracle,0.0,True,0.0
153.02759628245957,4.624442332102668,0.08276382838838595,0.01200414731910289,0.005452813434367536,0.006551333884735354,36,0,1.0,M0_raw_p2p,vi,26,26,oracle,0.0,True,0.0
156.46259682143628,5.127228859480603,0.07589559977413851,0.01200414731910289,0.005517605389312172,0.006486541929790718,40,0,1.0,M1_raw_p2l,vi,26,26,oracle,0.0,True,0.0
133.84608499099338,3.6678973050625965,0.03674549440213093,0.01200414731910289,0.00614512623898511,0.0058590210801177794,40,0,0.8001830596247567,M2_raw_huber,vi,26,26,oracle,0.0,True,0.0
143.51819588222577,4.6233770915572405,0.07032310241946935,0.01200414731910289,0.005627036459785435,0.006377110859317455,35,0,1.0,M3_global_corr,vi,26,26,oracle,0.0,True,0.0
105.92503864172004,3.9341968204733644,0.05336831354643903,0.01200414731910289,0.006464467430401281,0.0055396798887016084,24,0,1.0,M4_patch_corr,vi,26,26,oracle,0.0,True,0.0
70.28309756974227,1.0801600740024526,0.04218716724568302,0.01200414731910289,0.007736017543235477,0.004268129775867413,37,0,1.0,M5_full_corr,vi,26,26,oracle,0.0,True,0.0
156.95391063526975,4.520446825352983,0.08439642925134914,0.012637041907476412,0.005889821847068727,0.006747220060407685,35,0,1.0,M0_raw_p2p,vi,27,27,oracle,0.0,True,1.4901161193847656e-08
161.86741783951163,4.455917416669401,0.0767093704000148,0.012637041907476412,0.005953550016874722,0.006683491890601689,40,0,1.0,M1_raw_p2l,vi,27,27,oracle,0.0,True,1.4901161193847656e-08
136.00036320847278,4.037953311250676,0.0362049817654152,0.012637041907476412,0.006642804636997687,0.005994237270478725,40,0,0.805377443609317,M2_raw_huber,vi,27,27,oracle,0.0,True,1.4901161193847656e-08
147.3189517641196,4.518395987892532,0.07006640725098741,0.012637041907476412,0.006072092687368814,0.0065649492201075976,34,0,1.0,M3_global_corr,vi,27,27,oracle,0.0,True,1.4901161193847656e-08
110.34428266297247,4.027344643574741,0.05460247128450037,0.012637041907476412,0.006927876842105582,0.00570916506537083,35,0,1.0,M4_patch_corr,vi,27,27,oracle,0.0,True,1.4901161193847656e-08
73.41255627212463,1.5002774134450625,0.04390228209668348,0.012637041907476412,0.008246890393141287,0.004390151514335125,30,0,1.0,M5_full_corr,vi,27,27,oracle,0.0,True,1.4901161193847656e-08
157.30974435143804,4.697312821989447,0.08172863632570619,0.011689731837453872,0.005297002793926916,0.006392729043526956,40,0,1.0,M0_raw_p2p,vi,28,28,oracle,0.0,True,0.0
158.24161035660788,4.554392272239478,0.07778028029059775,0.011689731837453872,0.005342425171553911,0.006347306665899961,40,0,1.0,M1_raw_p2l,vi,28,28,oracle,0.0,True,0.0
138.5431158623876,4.519758297137071,0.029345500083229992,0.011689731837453872,0.005782900129068104,0.005906831708385768,40,0,0.8193189043067689,M2_raw_huber,vi,28,28,oracle,0.0,True,0.0
148.05210917690337,4.700279501293801,0.06594981689604354,0.011689731837453872,0.005473530509368903,0.006216201328084969,40,0,1.0,M3_global_corr,vi,28,28,oracle,0.0,True,0.0
110.71818136966924,4.241256492166768,0.05152661125069306,0.011689731837453872,0.006317336164202245,0.005372395673251627,25,0,1.0,M4_patch_corr,vi,28,28,oracle,0.0,True,0.0
74.28199785930937,2.008919587284252,0.04336067816354067,0.011689731837453872,0.007411789691143953,0.004277942146309919,30,0,1.0,M5_full_corr,vi,28,28,oracle,0.0,True,0.0
151.85996047218947,5.254396249784185,0.07588447609837913,0.010849755152803012,0.005052862609042123,0.005796892543760889,36,0,1.0,M0_raw_p2p,vi,29,29,oracle,0.0,True,0.0
149.61083524643524,5.004144809074305,0.07337009312521549,0.010849755152803012,0.005123261746827645,0.005726493405975367,40,0,1.0,M1_raw_p2l,vi,29,29,oracle,0.0,True,0.0
134.75626363686044,5.092310704345219,0.03352336002963655,0.010849755152803012,0.005488588085215086,0.005361167067587927,40,0,0.8183279693525141,M2_raw_huber,vi,29,29,oracle,0.0,True,0.0
143.19156990335864,5.253778592888428,0.060389873791715155,0.010849755152803012,0.005229549494741123,0.005620205658061889,36,0,1.0,M3_global_corr,vi,29,29,oracle,0.0,True,0.0
106.70332717331604,5.600087948164995,0.044968154837668306,0.010849755152803012,0.006065947189574022,0.004783807963228991,32,0,1.0,M4_patch_corr,vi,29,29,oracle,0.0,True,0.0
68.82189042441738,2.834813916487292,0.037469104852335754,0.010849755152803012,0.00717037146903228,0.0036793836837707324,35,0,1.0,M5_full_corr,vi,29,29,oracle,0.0,True,0.0
147.85958022909705,4.509032326167583,0.07521324531498778,0.010390847196512804,0.004869354899853243,0.005521492296659561,39,0,1.0,M0_raw_p2p,vi,30,30,oracle,0.0,True,0.0
144.85325388782715,3.787619256396697,0.06900711450698548,0.010390847196512804,0.004925576183818258,0.005465271012694547,14,0,1.0,M1_raw_p2l,vi,30,30,oracle,0.0,True,0.0
132.7072466317472,3.8372231898578497,0.03294826557681731,0.010390847196512804,0.005162951482327253,0.005227895714185552,40,0,0.8308602472328945,M2_raw_huber,vi,30,30,oracle,0.0,True,0.0
139.36198310952767,4.5073866283888675,0.05941271148571241,0.010390847196512804,0.005054382818553744,0.00533646437795906,40,0,1.0,M3_global_corr,vi,30,30,oracle,0.0,True,0.0
102.1155538473895,5.154637986140575,0.044380910214550304,0.010390847196512804,0.00589229970191573,0.0044985474945970745,24,0,1.0,M4_patch_corr,vi,30,30,oracle,0.0,True,0.0
62.80590365968582,2.4768527028609615,0.03428467643585157,0.010390847196512804,0.0068976200668027605,0.0034932271297100437,35,0,1.0,M5_full_corr,vi,30,30,oracle,0.0,True,0.0
151.13694978083257,3.8434560882481077,0.07731183348487979,0.01028172771041675,0.004418358893107589,0.005863368817309162,30,0,1.0,M0_raw_p2p,vi,31,31,oracle,0.0,True,2.1073424255447017e-08
150.93356422748792,3.8136738050105086,0.07061011368900044,0.01028172771041675,0.004478190929358107,0.005803536781058644,29,0,1.0,M1_raw_p2l,vi,31,31,oracle,0.0,True,2.1073424255447017e-08
137.53930391135245,3.467199524597752,0.033825325192279605,0.01028172771041675,0.004630361948802274,0.0056513657616144766,40,0,0.8217562799050514,M2_raw_huber,vi,31,31,oracle,0.0,True,2.1073424255447017e-08
142.97172890167826,3.8441277599978485,0.06293622444637963,0.01028172771041675,0.0046024716856120544,0.005679256024804696,30,0,1.0,M3_global_corr,vi,31,31,oracle,0.0,True,2.1073424255447017e-08
104.04005597040756,3.7525607657001947,0.04601653957388895,0.01028172771041675,0.005450819733849779,0.004830907976566972,40,0,1.0,M4_patch_corr,vi,31,31,oracle,0.0,True,2.1073424255447017e-08
67.81937066196137,2.4117742115765086,0.03451993211410003,0.01028172771041675,0.006438961772159086,0.003842765938257665,40,0,1.0,M5_full_corr,vi,31,31,oracle,0.0,True,2.1073424255447017e-08
156.54645738937097,5.602187833124552,0.07795492682996666,0.011891566708347135,0.005572535797317689,0.006319030911029446,40,0,1.0,M0_raw_p2p,vi,32,32,oracle,0.0,True,0.0
157.23631537565555,5.922240121916543,0.07183492379697387,0.011891566708347135,0.005634536913216934,0.006257029795130201,40,0,1.0,M1_raw_p2l,vi,32,32,oracle,0.0,True,0.0
137.3862457657483,4.670098391206825,0.035839645308667165,0.011891566708347135,0.006093448311924238,0.005798118396422898,22,0,0.8071955667239678,M2_raw_huber,vi,32,32,oracle,0.0,True,0.0
148.03163913911166,5.606132725038303,0.06445619350146493,0.011891566708347135,0.005748187376721631,0.006143379331625504,40,0,1.0,M3_global_corr,vi,32,32,oracle,0.0,True,0.0
112.4040240920315,5.72278386230239,0.048633403955463984,0.011891566708347135,0.006475694592103926,0.005415872116243209,40,0,1.0,M4_patch_corr,vi,32,32,oracle,0.0,True,0.0
73.59262900176459,3.9808228066842326,0.03483257988406943,0.011891566708347135,0.007580606230765404,0.004310960477581731,40,0,1.0,M5_full_corr,vi,32,32,oracle,0.0,True,0.0
162.10904467639494,4.719372822855423,0.0877686620254333,0.013060084055403976,0.005967777741732457,0.007092306313671519,29,0,1.0,M0_raw_p2p,vi,33,33,oracle,0.0,True,0.0
166.30363349749436,4.787122290294609,0.07677803259615781,0.013060084055403976,0.006051554802252503,0.007008529253151473,40,0,1.0,M1_raw_p2l,vi,33,33,oracle,0.0,True,0.0
141.45886230182592,4.254904986196723,0.038974297004920846,0.013060084055403976,0.006524779825401239,0.006535304230002737,36,0,0.8151307346357017,M2_raw_huber,vi,33,33,oracle,0.0,True,0.0
152.62069238729052,4.720579182326503,0.07259797622669902,0.013060084055403976,0.006153753806692417,0.006906330248711559,29,0,1.0,M3_global_corr,vi,33,33,oracle,0.0,True,0.0
117.72858961317749,4.754689909052607,0.05577684511154673,0.013060084055403976,0.0068758479179850005,0.006184236137418976,38,0,1.0,M4_patch_corr,vi,33,33,oracle,0.0,True,0.0
80.36857359362476,3.414062442134474,0.038691647156095875,0.013060084055403976,0.008030934622793258,0.005029149432610718,39,0,1.0,M5_full_corr,vi,33,33,oracle,0.0,True,0.0
156.4010113072841,3.779888446914253,0.08147544290594079,0.012432461769356183,0.005980530939435237,0.006451930829920947,24,0,1.0,M0_raw_p2p,vi,34,34,oracle,0.0,True,0.0
156.46683508556097,2.9256814152498554,0.07779979098722851,0.012432461769356183,0.0060570977585422,0.006375364010813983,40,0,1.0,M1_raw_p2l,vi,34,34,oracle,0.0,True,0.0
134.65997739271106,3.6322935110280543,0.0311349884927931,0.012432461769356183,0.006736709830561615,0.005695751938794569,33,0,0.799514932754047,M2_raw_huber,vi,34,34,oracle,0.0,True,0.0
147.26125493123672,3.7781067226540337,0.06757638919955333,0.012432461769356183,0.006162857230303781,0.006269604539052402,24,0,1.0,M3_global_corr,vi,34,34,oracle,0.0,True,0.0
111.89686964328469,3.961402684499424,0.050636879840506764,0.012432461769356183,0.007011241055860593,0.005421220713495591,30,0,1.0,M4_patch_corr,vi,34,34,oracle,0.0,True,0.0
75.40699150603815,3.5823470487553135,0.036306198361106067,0.012432461769356183,0.007996524603668507,0.004435937165687676,40,0,1.0,M5_full_corr,vi,34,34,oracle,0.0,True,0.0
151.3364189526446,5.001879187101816,0.0769872129267755,0.011369168895966297,0.005386300077224077,0.0059828688187422195,40,0,1.0,M0_raw_p2p,vi,35,35,oracle,0.0,True,1.4901161193847656e-08
151.94443106770356,4.678860938261402,0.06845733238795913,0.011369168895966297,0.0054580502536708975,0.005911118642295399,40,0,1.0,M1_raw_p2l,vi,35,35,oracle,0.0,True,1.4901161193847656e-08
131.48921124297726,4.913289352964585,0.030480889102732837,0.011369168895966297,0.006131103142209583,0.005238065753756713,40,0,0.7946115217619146,M2_raw_huber,vi,35,35,oracle,0.0,True,1.4901161193847656e-08
142.66672683949642,4.998789059681411,0.06334522446766454,0.011369168895966297,0.005557247959594147,0.00581192093637215,40,0,1.0,M3_global_corr,vi,35,35,oracle,0.0,True,1.4901161193847656e-08
108.34765508547532,4.964670481449255,0.04594978469749641,0.011369168895966297,0.006384649252736561,0.004984519643229736,28,0,1.0,M4_patch_corr,vi,35,35,oracle,0.0,True,1.4901161193847656e-08
74.19772657610915,4.157494736863765,0.036048188072758496,0.011369168895966297,0.007286045801628661,0.004083123094337636,40,0,1.0,M5_full_corr,vi,35,35,oracle,0.0,True,1.4901161193847656e-08
140.80943343853926,4.295151437892984,0.06413784266095778,0.009753987646773482,0.004771374284223549,0.004982613362549933,25,0,1.0,M0_raw_p2p,vi,36,36,oracle,0.0,True,0.0
141.92347952829778,3.6928828994505443,0.05957311671061823,0.009753987646773482,0.004804427301406558,0.004949560345366925,40,0,1.0,M1_raw_p2l,vi,36,36,oracle,0.0,True,0.0
125.1777638029965,4.144080956903095,0.02796019933984337,0.009753987646773482,0.005366768724470504,0.004387218922302979,40,0,0.7737223999782347,M2_raw_huber,vi,36,36,oracle,0.0,True,0.0
133.69898318222565,4.296655987596731,0.05437133865171546,0.009753987646773482,0.004936176300548036,0.004817811346225447,26,0,1.0,M3_global_corr,vi,36,36,oracle,0.0,True,0.0
98.85846216940365,5.297837443304182,0.037964346152248314,0.009753987646773482,0.005688728757984386,0.0040652588887890966,37,0,1.0,M4_patch_corr,vi,36,36,oracle,0.0,True,0.0
63.76252361945195,4.309129858596709,0.029287343077829295,0.009753987646773482,0.0065574583436812835,0.003196529303092199,40,0,1.0,M5_full_corr,vi,36,36,oracle,0.0,True,0.0
141.97598923069128,4.183590385040915,0.06513721970629142,0.009918262127477546,0.004919014566461633,0.0049992475610159135,28,0,1.0,M0_raw_p2p,vi,37,37,oracle,0.0,True,0.0
141.24626462711552,3.4122889208833938,0.06528347975088049,0.009918262127477546,0.004973047827139142,0.004945214300338404,40,0,1.0,M1_raw_p2l,vi,37,37,oracle,0.0,True,0.0
124.45529900770758,3.2651009428447506,0.032076253289867414,0.009918262127477546,0.005580990365550495,0.004337271761927051,40,0,0.7768689675063443,M2_raw_huber,vi,37,37,oracle,0.0,True,0.0
134.74540029516538,4.189297176278949,0.056142921706194636,0.009918262127477546,0.005082502082172574,0.004835760045304972,29,0,1.0,M3_global_corr,vi,37,37,oracle,0.0,True,0.0
103.21558066829853,5.007426511880473,0.03814584083949528,0.009918262127477546,0.005782647378810032,0.004135614748667514,31,0,1.0,M4_patch_corr,vi,37,37,oracle,0.0,True,0.0
63.892308056786085,3.037074939139249,0.031713175344743626,0.009918262127477546,0.00674576361338824,0.003172498514089307,40,0,1.0,M5_full_corr,vi,37,37,oracle,0.0,True,0.0
142.40180987590296,5.1272194922728325,0.06383976185241433,0.009317822612613812,0.004464810743265807,0.004853011869348005,36,0,1.0,M0_raw_p2p,vi,38,38,oracle,0.0,True,0.0
140.066655335439,5.069455439543746,0.05491141985134491,0.009317822612613812,0.004502347151172331,0.004815475461441481,40,0,1.0,M1_raw_p2l,vi,38,38,oracle,0.0,True,0.0
128.3749324762752,4.515654191056767,0.030632949960727792,0.009317822612613812,0.004953880154587082,0.00436394245802673,40,0,0.7818970223806782,M2_raw_huber,vi,38,38,oracle,0.0,True,0.0
135.53774502544795,5.128884872065694,0.054722937893028525,0.009317822612613812,0.0046328571046467355,0.0046849655079670765,35,0,1.0,M3_global_corr,vi,38,38,oracle,0.0,True,0.0
99.07778383683859,6.140640726981275,0.036630604429893576,0.009317822612613812,0.00536174940147479,0.003956073211139022,40,0,1.0,M4_patch_corr,vi,38,38,oracle,0.0,True,0.0
59.96525369028332,4.058586178031897,0.028988952975602767,0.009317822612613812,0.006294131828409877,0.003023690784203935,40,0,1.0,M5_full_corr,vi,38,38,oracle,0.0,True,0.0
147.77667268914763,5.871695231738166,0.06786636859396368,0.01008612613824378,0.004782661090403821,0.005303465047839959,40,0,1.0,M0_raw_p2p,vi,39,39,oracle,0.0,True,1.4901161193847656e-08
146.67467561488905,5.926673251570163,0.05837276603621845,0.01008612613824378,0.004829053725588919,0.0052570724126548615,40,0,1.0,M1_raw_p2l,vi,39,39,oracle,0.0,True,1.4901161193847656e-08
131.0586476619768,5.171669441322898,0.02933824445734417,0.01008612613824378,0.005324926350944703,0.004761199787299077,40,0,0.7851630981266049,M2_raw_huber,vi,39,39,oracle,0.0,True,1.4901161193847656e-08
140.32679320347506,5.873657257166165,0.0579414419052935,0.01008612613824378,0.004935633331389398,0.005150492806854382,40,0,1.0,M3_global_corr,vi,39,39,oracle,0.0,True,1.4901161193847656e-08
104.69533395111804,6.556343588260287,0.03784424425334309,0.01008612613824378,0.00566352754831016,0.00442259858993362,40,0,1.0,M4_patch_corr,vi,39,39,oracle,0.0,True,1.4901161193847656e-08
65.5731850670087,4.630062406063766,0.03074057333469188,0.01008612613824378,0.006666117257571271,0.0034200088806725093,40,0,1.0,M5_full_corr,vi,39,39,oracle,0.0,True,1.4901161193847656e-08
152.43890387688938,4.336252269980186,0.07573943530159755,0.011238210817528583,0.005384306237707039,0.005853904579821544,27,0,1.0,M0_raw_p2p,vi,40,40,oracle,0.0,True,0.0
151.66289858030584,4.284960845160441,0.07125761543511526,0.011238210817528583,0.005454481985655201,0.005783728831873382,40,0,1.0,M1_raw_p2l,vi,40,40,oracle,0.0,True,0.0
133.53661477412942,3.942779661301416,0.032585993703280074,0.011238210817528583,0.006010738281052812,0.005227472536475771,38,0,0.7978314465677285,M2_raw_huber,vi,40,40,oracle,0.0,True,0.0
144.08666479346957,4.338412951812911,0.0631360772969724,0.011238210817528583,0.0055513797700395325,0.005686831047489051,27,0,1.0,M3_global_corr,vi,40,40,oracle,0.0,True,0.0
109.24490028217737,4.462353510361972,0.043086949518206914,0.011238210817528583,0.006275599901622701,0.0049626109159058825,26,0,1.0,M4_patch_corr,vi,40,40,oracle,0.0,True,0.0
72.87922730937159,2.8391127829617586,0.03640233725755808,0.011238210817528583,0.007291919131828013,0.00394629168570057,32,0,1.0,M5_full_corr,vi,40,40,oracle,0.0,True,0.0
152.76831802049543,4.6332715674076805,0.08006176235244593,0.011835640343293168,0.005685438896408173,0.006150201446884995,40,0,1.0,M0_raw_p2p,vi,41,41,oracle,0.0,True,2.580956827951785e-08
152.0267946937791,4.116307203278524,0.07824909534142897,0.011835640343293168,0.005774092031477627,0.006061548311815541,40,0,1.0,M1_raw_p2l,vi,41,41,oracle,0.0,True,2.580956827951785e-08
132.66361742162766,4.484367888967686,0.03190305845392172,0.011835640343293168,0.006362455933322951,0.0054731844099702165,40,0,0.798924185434711,M2_raw_huber,vi,41,41,oracle,0.0,True,2.580956827951785e-08
143.77164667941076,4.63358029484662,0.0664361921092139,0.011835640343293168,0.005847117432110936,0.005988522911182232,40,0,1.0,M3_global_corr,vi,41,41,oracle,0.0,True,2.580956827951785e-08
112.28025534665262,5.5206962990284,0.047746067088582374,0.011835640343293168,0.006552852053949102,0.005282788289344066,40,0,1.0,M4_patch_corr,vi,41,41,oracle,0.0,True,2.580956827951785e-08
76.85698936670394,3.863277912562035,0.0388073049350853,0.011835640343293168,0.007487985053035157,0.004347655290258011,40,0,1.0,M5_full_corr,vi,41,41,oracle,0.0,True,2.580956827951785e-08
150.21328773280908,5.119417902988753,0.0735879414509635,0.010846654395184561,0.005246801615554354,0.005599852779630207,40,0,1.0,M0_raw_p2p,vi,42,42,oracle,0.0,True,0.0
147.17013616790902,3.9494254920460388,0.0726434325065177,0.010846654395184561,0.005322036624489311,0.00552461777069525,40,0,1.0,M1_raw_p2l,vi,42,42,oracle,0.0,True,0.0
130.3204110096332,5.029722092212317,0.03081484466148332,0.010846654395184561,0.005941749388437161,0.0049049050067474,40,0,0.7945284097345287,M2_raw_huber,vi,42,42,oracle,0.0,True,0.0
141.44059409652348,5.1193743544840205,0.06116408749287052,0.010846654395184561,0.0054070898620441855,0.005439564533140376,40,0,1.0,M3_global_corr,vi,42,42,oracle,0.0,True,0.0
112.07521187864853,6.4074414547705,0.04020933507877161,0.010846654395184561,0.006053042559236344,0.0047936118359482175,39,0,1.0,M4_patch_corr,vi,42,42,oracle,0.0,True,0.0
79.68049772086782,4.557813775428073,0.03337050812052089,0.010846654395184561,0.006727286591007799,0.004119367804176762,40,0,1.0,M5_full_corr,vi,42,42,oracle,0.0,True,0.0
145.48377781991528,4.628984226391266,0.06874784102099311,0.010363442301970336,0.005080487129232393,0.0052829551727379435,23,0,1.0,M0_raw_p2p,vi,43,43,oracle,0.0,True,0.0
143.26416273775882,3.169577788142826,0.05648917986802675,0.010363442301970336,0.00518529318078964,0.0051781491211806965,40,0,1.0,M1_raw_p2l,vi,43,43,oracle,0.0,True,0.0
124.9158255647655,3.754481749373204,0.03092945033494011,0.010363442301970336,0.00583667316935485,0.004526769132615486,40,0,0.7909687810999582,M2_raw_huber,vi,43,43,oracle,0.0,True,0.0
136.68176372710315,4.623589919662864,0.05756757638842812,0.010363442301970336,0.0052365421908972835,0.005126900111073053,24,0,1.0,M3_global_corr,vi,43,43,oracle,0.0,True,0.0
111.44948314378118,6.067725840088896,0.039197309432313344,0.010363442301970336,0.005850581691097893,0.004512860610872443,27,0,1.0,M4_patch_corr,vi,43,43,oracle,0.0,True,0.0
73.45270691767472,3.029537995416559,0.03233548491133263,0.010363442301970336,0.0067563650174448835,0.003607077284525453,40,0,1.0,M5_full_corr,vi,43,43,oracle,0.0,True,0.0
148.71642313707548,5.298613715002552,0.07091536733192245,0.011223866123232082,0.005299959700791595,0.005923906422440487,34,0,1.0,M0_raw_p2p,vi,44,44,oracle,0.0,True,2.1073424255447017e-08
153.89629245253914,5.25194215231961,0.06227731502025229,0.011223866123232082,0.005393519797407166,0.005830346325824916,40,0,1.0,M1_raw_p2l,vi,44,44,oracle,0.0,True,2.1073424255447017e-08
128.3794864942668,4.363813962097732,0.03677418207350828,0.011223866123232082,0.006197771384313845,0.0050260947389182365,40,0,0.7765436225518593,M2_raw_huber,vi,44,44,oracle,0.0,True,2.1073424255447017e-08
139.95444596336603,5.28829601043705,0.06233829263253622,0.011223866123232082,0.0054597251364896845,0.005764140986742397,34,0,1.0,M3_global_corr,vi,44,44,oracle,0.0,True,2.1073424255447017e-08
112.98038631461513,6.580235143903086,0.0444434502245,0.011223866123232082,0.0060714310762268655,0.005152435047005216,40,0,1.0,M4_patch_corr,vi,44,44,oracle,0.0,True,2.1073424255447017e-08
69.89439136868063,3.5843858466536345,0.034200929256007054,0.011223866123232082,0.007153806596561353,0.004070059526670729,40,0,1.0,M5_full_corr,vi,44,44,oracle,0.0,True,2.1073424255447017e-08
150.5500665247735,6.201918388752534,0.07089290211838518,0.010902770649853935,0.005038113473374192,0.005864657176479744,40,0,1.0,M0_raw_p2p,vi,45,45,oracle,0.0,True,0.0
154.51600946879637,6.589170636386378,0.0633042061807049,0.010902770649853935,0.005107435980537863,0.005795334669316072,40,0,1.0,M1_raw_p2l,vi,45,45,oracle,0.0,True,0.0
130.81258325552278,5.299803218265207,0.03270373174475195,0.010902770649853935,0.005768249098394943,0.005134521551458993,39,0,0.7834897805853777,M2_raw_huber,vi,45,45,oracle,0.0,True,0.0
141.8991333930217,6.203413027806716,0.0628268322468036,0.010902770649853935,0.005185203442788413,0.0057175672070655225,40,0,1.0,M3_global_corr,vi,45,45,oracle,0.0,True,0.0
112.88951672428485,7.26857863316525,0.043739074751629595,0.010902770649853935,0.005796275210447853,0.005106495439406083,40,0,1.0,M4_patch_corr,vi,45,45,oracle,0.0,True,0.0
67.71912860768742,4.880750491315853,0.0290114334971805,0.010902770649853935,0.006941183584452746,0.00396158706540119,40,0,1.0,M5_full_corr,vi,45,45,oracle,0.0,True,0.0
153.71366578835097,4.753168445143489,0.07987357090319047,0.011710527102224068,0.00526113933551789,0.006449387766706178,24,0,1.0,M0_raw_p2p,vi,46,46,oracle,0.0,True,0.0
156.1317358816667,3.9868247546746245,0.07635432298038874,0.011710527102224068,0.005326796037529738,0.00638373106469433,40,0,1.0,M1_raw_p2l,vi,46,46,oracle,0.0,True,0.0
133.949350430999,3.913531106142878,0.037408618056786566,0.011710527102224068,0.005940331088556166,0.005770196013667902,40,0,0.7901490200125354,M2_raw_huber,vi,46,46,oracle,0.0,True,0.0
144.31485954129366,4.751696262441167,0.06902237884814305,0.011710527102224068,0.005402007912209123,0.006308519190014945,26,0,1.0,M3_global_corr,vi,46,46,oracle,0.0,True,0.0
116.28141231374065,5.8343654427038825,0.04847580939524373,0.011710527102224068,0.00604177683842697,0.005668750263797098,38,0,1.0,M4_patch_corr,vi,46,46,oracle,0.0,True,0.0
68.90499403906148,4.059796017505963,0.029905636783746067,0.011710527102224068,0.00744887975815434,0.004261647344069728,40,0,1.0,M5_full_corr,vi,46,46,oracle,0.0,True,0.0
160.4758643315692,5.154530730737947,0.09058242671423146,0.012844992945161227,0.005496910168523382,0.007348082776637845,37,0,1.0,M0_raw_p2p,vi,47,47,oracle,0.0,True,0.0
160.96773990292996,3.868640117732951,0.08849836605733272,0.012844992945161227,0.005581311026993274,0.007263681918167952,40,0,1.0,M1_raw_p2l,vi,47,47,oracle,0.0,True,0.0
142.45191792165852,4.689143610882617,0.04000264860164902,0.012844992945161227,0.005928485238051287,0.00691650770710994,40,0,0.8045095252501379,M2_raw_huber,vi,47,47,oracle,0.0,True,0.0
150.18490089204914,5.1534866703826046,0.07741920991818357,0.012844992945161227,0.005656588328796363,0.0071884046163648635,37,0,1.0,M3_global_corr,vi,47,47,oracle,0.0,True,0.0
122.82462923932471,5.784232534484252,0.056748738387617355,0.012844992945161227,0.006255408903279549,0.006589584041881678,40,0,1.0,M4_patch_corr,vi,47,47,oracle,0.0,True,0.0
76.55043371833062,4.854264249798924,0.03178323691350766,0.012844992945161227,0.007732592047840493,0.005112400897320734,40,0,1.0,M5_full_corr,vi,47,47,oracle,0.0,True,0.0
157.37343486060928,5.147159091821697,0.0878343864777314,0.012171619175990507,0.005389163864960754,0.006782455311029753,37,0,1.0,M0_raw_p2p,vi,48,48,oracle,0.0,True,0.0
159.77803689010125,4.067321945933254,0.08176288032697432,0.012171619175990507,0.0054894451251924735,0.006682174050798033,40,0,1.0,M1_raw_p2l,vi,48,48,oracle,0.0,True,0.0
141.40092361923413,4.7650539072567355,0.03823225420693036,0.012171619175990507,0.005777401388553787,0.00639421778743672,28,0,0.8137470496413465,M2_raw_huber,vi,48,48,oracle,0.0,True,0.0
147.60636534092237,5.146409445418853,0.07232911912480347,0.012171619175990507,0.005555795203239545,0.006615823972750962,38,0,1.0,M3_global_corr,vi,48,48,oracle,0.0,True,0.0
118.48410399846652,5.994394280975753,0.05322131247883942,0.012171619175990507,0.006131367794000652,0.006040251381989855,40,0,1.0,M4_patch_corr,vi,48,48,oracle,0.0,True,0.0
83.7171648274027,5.497279628367524,0.029410408334800776,0.012171619175990507,0.007193551679611479,0.004978067496379027,40,0,1.0,M5_full_corr,vi,48,48,oracle,0.0,True,0.0
146.34510465975413,3.816889646041194,0.07372805432686501,0.010163804658434052,0.004665895169571107,0.005497909488862945,30,0,1.0,M0_raw_p2p,vi,49,49,oracle,0.0,True,0.0
147.54332333391565,2.6896017959356855,0.0719927611551749,0.010163804658434052,0.0047518152431427355,0.005411989415291317,40,0,1.0,M1_raw_p2l,vi,49,49,oracle,0.0,True,0.0
132.52810312100544,3.358738560767494,0.03242495282915133,0.010163804658434052,0.005016996555378253,0.005146808103055799,40,0,0.8195524337661464,M2_raw_huber,vi,49,49,oracle,0.0,True,0.0
137.94133636037466,3.8141518954445974,0.05924454558994188,0.010163804658434052,0.004839353054710209,0.0053244516037238435,29,0,1.0,M3_global_corr,vi,49,49,oracle,0.0,True,0.0
109.41018995143034,4.8460179414677045,0.04025591552205932,0.010163804658434052,0.005384106646067249,0.0047796980123668035,31,0,1.0,M4_patch_corr,vi,49,49,oracle,0.0,True,0.0
77.20383219446921,4.281346594591234,0.024313584934198808,0.010163804658434052,0.00633457690240001,0.003829227756034042,37,0,1.0,M5_full_corr,vi,49,49,oracle,0.0,True,0.0
149.84050863679676,5.492094852243943,0.07851664893242707,0.01070410753243977,0.004793067268089988,0.005911040264349782,40,0,1.0,M0_raw_p2p,vi,50,50,oracle,0.0,True,2.1073424255447017e-08
146.17887156750186,4.8378694285362265,0.08091388356236114,0.01070410753243977,0.0048627730617320794,0.005841334470707691,40,0,1.0,M1_raw_p2l,vi,50,50,oracle,0.0,True,2.1073424255447017e-08
136.4228932872893,4.757181333947007,0.03446310982261646,0.01070410753243977,0.0051120685519289956,0.005592038980510775,40,0,0.8158607755456724,M2_raw_huber,vi,50,50,oracle,0.0,True,2.1073424255447017e-08
141.141436499737,5.490795866608776,0.06309522715966992,0.01070410753243977,0.004973035552572916,0.005731071979866854,40,0,1.0,M3_global_corr,vi,50,50,oracle,0.0,True,2.1073424255447017e-08
111.08161071790043,6.217961571810586,0.04222128680580475,0.01070410753243977,0.005532182905195436,0.005171924627244334,40,0,1.0,M4_patch_corr,vi,50,50,oracle,0.0,True,2.1073424255447017e-08
64.30679900730465,3.0508332677114787,0.024562346756721098,0.01070410753243977,0.007122932117350371,0.0035811754150893993,38,0,1.0,M5_full_corr,vi,50,50,oracle,0.0,True,2.1073424255447017e-08
161.54767054974485,5.6920869335548305,0.09207345378935561,0.01256607598812625,0.005162847573273464,0.007403228414852786,40,0,1.0,M0_raw_p2p,vi,51,51,oracle,0.0,True,0.0
163.66841807745098,5.90808912353135,0.08324273407473957,0.01256607598812625,0.005257245135684653,0.007308830852441597,40,0,1.0,M1_raw_p2l,vi,51,51,oracle,0.0,True,0.0
144.36044377390084,4.89801287911567,0.04051428883805076,0.01256607598812625,0.005513375986607274,0.007052700001518976,29,0,0.8178175156970391,M2_raw_huber,vi,51,51,oracle,0.0,True,0.0
151.5601465269541,5.68503359509551,0.07656591635925449,0.01256607598812625,0.005336420121989968,0.007229655866136282,40,0,1.0,M3_global_corr,vi,51,51,oracle,0.0,True,0.0
124.6379027901713,6.102829528002945,0.0534714541980005,0.01256607598812625,0.005884760607434562,0.006681315380691688,40,0,1.0,M4_patch_corr,vi,51,51,oracle,0.0,True,0.0
79.47826235473865,3.4603197367800154,0.03377992672856471,0.01256607598812625,0.0074898509810563795,0.005076225007069871,36,0,1.0,M5_full_corr,vi,51,51,oracle,0.0,True,0.0
165.11404010032882,4.6585666695505585,0.09412848965431656,0.013971787938950144,0.006134096706352941,0.007837691232597203,24,0,1.0,M0_raw_p2p,vi,52,52,oracle,0.0,True,1.4901161193847656e-08
169.70672260614404,3.9008506153293117,0.08665805708809964,0.013971787938950144,0.006254895886653123,0.007716892052297021,40,0,1.0,M1_raw_p2l,vi,52,52,oracle,0.0,True,1.4901161193847656e-08
143.1490615673607,3.9510368273624907,0.04001696527623543,0.013971787938950144,0.006721576460073032,0.007250211478877113,40,0,0.8053373937501312,M2_raw_huber,vi,52,52,oracle,0.0,True,1.4901161193847656e-08
154.53693818144825,4.657212340467877,0.07983456211235826,0.013971787938950144,0.006303570949385554,0.00766821698956459,23,0,1.0,M3_global_corr,vi,52,52,oracle,0.0,True,1.4901161193847656e-08
130.05145222265736,5.11284875218116,0.05607616269089304,0.013971787938950144,0.006925807789106021,0.0070459801498441235,40,0,1.0,M4_patch_corr,vi,52,52,oracle,0.0,True,1.4901161193847656e-08
89.88001609502017,2.989396343393328,0.034472438157912615,0.013971787938950144,0.008383228085210179,0.005588559853739966,40,0,1.0,M5_full_corr,vi,52,52,oracle,0.0,True,1.4901161193847656e-08
155.58155335010613,4.628116847973511,0.08010688686920049,0.012229320918583154,0.005752005484451395,0.006477315434131759,40,0,1.0,M0_raw_p2p,vi,53,53,oracle,0.0,True,1.4901161193847656e-08
160.22817830192116,3.8149847217657125,0.07689136652041413,0.012229320918583154,0.005874731073158144,0.00635458984542501,40,0,1.0,M1_raw_p2l,vi,53,53,oracle,0.0,True,1.4901161193847656e-08
133.21084410069287,4.377410522675887,0.03509856391596514,0.012229320918583154,0.006620558920992387,0.005608761997590767,40,0,0.7863574102678423,M2_raw_huber,vi,53,53,oracle,0.0,True,1.4901161193847656e-08
146.12193282239417,4.616420148658044,0.06770885532699816,0.012229320918583154,0.005911348753031089,0.006317972165552065,40,0,1.0,M3_global_corr,vi,53,53,oracle,0.0,True,1.4901161193847656e-08
122.54823037261663,5.592374948351854,0.04295927158389992,0.012229320918583154,0.006586248620319846,0.005643072298263308,40,0,1.0,M4_patch_corr,vi,53,53,oracle,0.0,True,1.4901161193847656e-08
84.52218939007649,3.6333600566419597,0.029589618755815134,0.012229320918583154,0.007658008769780762,0.004571312148802392,24,0,1.0,M5_full_corr,vi,53,53,oracle,0.0,True,1.4901161193847656e-08
150.46731700364728,5.295527247219523,0.06850806313008964,0.011724860334701048,0.005816052830436647,0.005908807504264401,40,0,1.0,M0_raw_p2p,vi,54,54,oracle,0.0,True,0.0
151.63227392002443,4.714569252108069,0.07221039357692412,0.011724860334701048,0.006007580475476121,0.005717279859224927,40,0,1.0,M1_raw_p2l,vi,54,54,oracle,0.0,True,0.0
129.55045912332292,4.916847179363095,0.029401640847589647,0.011724860334701048,0.0066903072425534985,0.00503455309214755,40,0,0.7755238307863156,M2_raw_huber,vi,54,54,oracle,0.0,True,0.0
141.1968608893874,5.277173997610659,0.05858910715165718,0.011724860334701048,0.005965635077374881,0.005759225257326167,40,0,1.0,M3_global_corr,vi,54,54,oracle,0.0,True,0.0
118.27272505311662,7.396426018356026,0.036556968100176446,0.011724860334701048,0.0066201920922823575,0.005104668242418691,40,0,1.0,M4_patch_corr,vi,54,54,oracle,0.0,True,0.0
86.04991133625443,5.037828527369505,0.03149481985879524,0.011724860334701048,0.007337544654952301,0.004387315679748747,40,0,1.0,M5_full_corr,vi,54,54,oracle,0.0,True,0.0
142.57764201744615,4.763187353634243,0.06064135765683308,0.010615912740344438,0.005317827871017537,0.005298084869326901,40,0,1.0,M0_raw_p2p,vi,55,55,oracle,0.0,True,0.0
137.73027817055356,3.3646535281958854,0.05547995970415059,0.010615912740344438,0.005517030983380271,0.005098881756964167,40,0,1.0,M1_raw_p2l,vi,55,55,oracle,0.0,True,0.0
125.1735513672769,3.9734657194747105,0.029860570991235184,0.010615912740344438,0.006075612518064287,0.0045403002222801515,40,0,0.7687671280091596,M2_raw_huber,vi,55,55,oracle,0.0,True,0.0
134.64190687511353,4.753218134527616,0.054658868401473014,0.010615912740344438,0.005476417158029471,0.005139495582314967,40,0,1.0,M3_global_corr,vi,55,55,oracle,0.0,True,0.0
110.20735081719988,6.907566616926068,0.036815838038582537,0.010615912740344438,0.006048806840922642,0.004567105899421797,40,0,1.0,M4_patch_corr,vi,55,55,oracle,0.0,True,0.0
81.13574206456616,4.769168178959289,0.03374138580533921,0.010615912740344438,0.006626760030169246,0.003989152710175192,40,0,1.0,M5_full_corr,vi,55,55,oracle,0.0,True,0.0
137.61304900585557,5.699576520651189,0.06042426536165681,0.010233935759912346,0.0050808007331778066,0.00515313502673454,40,0,1.0,M0_raw_p2p,vi,56,56,oracle,0.0,True,0.0
132.1216151982669,4.8513836532566135,0.0562393968017757,0.010233935759912346,0.005159938712613348,0.005073997047298998,40,0,1.0,M1_raw_p2l,vi,56,56,oracle,0.0,True,0.0
122.44882312109254,4.799469673245115,0.03241418074655998,0.010233935759912346,0.0058579049571212925,0.004376030802791054,40,0,0.7792668734055572,M2_raw_huber,vi,56,56,oracle,0.0,True,0.0
129.68039479876163,5.699576520651185,0.055600965455595036,0.010233935759912346,0.005239764353159374,0.004994171406752972,40,0,1.0,M3_global_corr,vi,56,56,oracle,0.0,True,0.0
109.18439003860479,6.4020357959058565,0.0376941639160582,0.010233935759912346,0.005737839643147932,0.004496096116764414,26,0,1.0,M4_patch_corr,vi,56,56,oracle,0.0,True,0.0
71.69699449007388,3.7017646442352334,0.032146332307265886,0.010233935759912346,0.006604512385346962,0.0036294233745653845,28,0,1.0,M5_full_corr,vi,56,56,oracle,0.0,True,0.0
145.69532369131554,4.810300239660972,0.06724701706343277,0.010871570964014997,0.005419393686727089,0.005452177277287908,30,0,1.0,M0_raw_p2p,vi,57,57,oracle,0.0,True,1.4901161193847656e-08
147.20846716186773,4.064155004206256,0.07206205230459065,0.010871570964014997,0.005523271680603577,0.00534829928341142,40,0,1.0,M1_raw_p2l,vi,57,57,oracle,0.0,True,1.4901161193847656e-08
127.5615080552561,3.770102473647811,0.03537452831929375,0.010871570964014997,0.006207433202930738,0.004664137761084259,40,0,0.778138226047841,M2_raw_huber,vi,57,57,oracle,0.0,True,1.4901161193847656e-08
137.49849625486917,4.811690931046019,0.05883579526834278,0.010871570964014997,0.005575371460058943,0.005296199503956054,31,0,1.0,M3_global_corr,vi,57,57,oracle,0.0,True,1.4901161193847656e-08
110.31469837491838,6.196303883633497,0.040632889158280096,0.010871570964014997,0.006120098975403429,0.004751471988611568,35,0,1.0,M4_patch_corr,vi,57,57,oracle,0.0,True,1.4901161193847656e-08
74.12866773150711,2.5434102172248974,0.030235256137728952,0.010871570964014997,0.006904370592966924,0.003967200371048073,28,0,1.0,M5_full_corr,vi,57,57,oracle,0.0,True,1.4901161193847656e-08
150.79603783598554,5.376365136904817,0.07180311078115074,0.011150396884113123,0.005407503735922191,0.0057428931481909315,40,0,1.0,M0_raw_p2p,vi,58,58,oracle,0.0,True,0.0
150.5921834785456,5.384001443406798,0.06514668885678168,0.011150396884113123,0.005503895831990206,0.005646501052122917,40,0,1.0,M1_raw_p2l,vi,58,58,oracle,0.0,True,0.0
130.76965828777162,4.705062178008356,0.03363999748167994,0.011150396884113123,0.006180793415499118,0.004969603468614005,40,0,0.7771381075286363,M2_raw_huber,vi,58,58,oracle,0.0,True,0.0
142.6049204842457,5.375341965672703,0.06048163587631894,0.011150396884113123,0.005573766306513878,0.005576630577599245,40,0,1.0,M3_global_corr,vi,58,58,oracle,0.0,True,0.0
111.62986481662577,5.6804473758945635,0.043276959474160416,0.011150396884113123,0.006156296361677202,0.0049941005224359205,40,0,1.0,M4_patch_corr,vi,58,58,oracle,0.0,True,0.0
77.16938602485052,3.373799002983465,0.030613442951436767,0.011150396884113123,0.006935194826332874,0.004215202057780249,40,0,1.0,M5_full_corr,vi,58,58,oracle,0.0,True,0.0
153.42109707672154,3.6991886552110382,0.07856067786714305,0.01138677094657666,0.005498429173697168,0.005888341772879492,28,0,1.0,M0_raw_p2p,vi,59,59,oracle,0.0,True,0.0
151.43204780501267,3.567802275977419,0.07591472568625644,0.01138677094657666,0.0056016487247937344,0.0057851222217829255,40,0,1.0,M1_raw_p2l,vi,59,59,oracle,0.0,True,0.0
135.14272118212133,3.3006463440758282,0.03334551684022395,0.01138677094657666,0.006058435588223447,0.005328335358353213,40,0,0.7939413944741811,M2_raw_huber,vi,59,59,oracle,0.0,True,0.0
145.33443970795588,3.6894266770381883,0.06410302117668956,0.01138677094657666,0.005674096261375627,0.005712674685201033,28,0,1.0,M3_global_corr,vi,59,59,oracle,0.0,True,0.0
110.15400684305173,2.8525405862467195,0.04658918205446389,0.01138677094657666,0.006205955031921185,0.005180815914655475,31,0,1.0,M4_patch_corr,vi,59,59,oracle,0.0,True,0.0
72.85429821481816,0.4976049714434499,0.029275405377259322,0.01138677094657666,0.00734167607646718,0.00404509487010948,40,0,1.0,M5_full_corr,vi,59,59,oracle,0.0,True,0.0
151.02728276871946,3.9415224384993808,0.07258315915912349,0.010933096254609987,0.00539311801796121,0.005539978236648777,36,0,1.0,M0_raw_p2p,vi,60,60,oracle,0.0,True,1.4901161193847656e-08
148.73554888223265,3.1821866813928774,0.06719539265456459,0.010933096254609987,0.005457851803026553,0.0054752444515834345,40,0,1.0,M1_raw_p2l,vi,60,60,oracle,0.0,True,1.4901161193847656e-08
131.40607850915023,3.831526463601882,0.028663938551275702,0.010933096254609987,0.005952851905918755,0.004980244348691232,35,0,0.7936871204466523,M2_raw_huber,vi,60,60,oracle,0.0,True,1.4901161193847656e-08
143.11314325172987,3.9375996911818407,0.05998364388461459,0.010933096254609987,0.005543088384425593,0.005390007870184395,37,0,1.0,M3_global_corr,vi,60,60,oracle,0.0,True,1.4901161193847656e-08
107.72712561402184,3.5080277104362527,0.04309434582935705,0.010933096254609987,0.006055459200273369,0.004877637054336618,28,0,1.0,M4_patch_corr,vi,60,60,oracle,0.0,True,1.4901161193847656e-08
73.36095208858606,1.137851036341667,0.0291713092090662,0.010933096254609987,0.0070554737570884835,0.003877622497521504,40,0,1.0,M5_full_corr,vi,60,60,oracle,0.0,True,1.4901161193847656e-08
145.31683514011615,5.019911740001359,0.06830753316070841,0.01015043023581936,0.00493718238546013,0.005213247850359231,40,0,1.0,M0_raw_p2p,vi,61,61,oracle,0.0,True,0.0
141.91576679382794,4.5697208155668445,0.06083893001161701,0.01015043023581936,0.004999791376522431,0.0051506388592969295,14,0,1.0,M1_raw_p2l,vi,61,61,oracle,0.0,True,0.0
128.02727724983137,4.978979196325467,0.02879784884622876,0.01015043023581936,0.005536223423230885,0.004614206812588476,40,0,0.7875825230832401,M2_raw_huber,vi,61,61,oracle,0.0,True,0.0
137.50032160538626,5.019911740001361,0.05699272237757365,0.01015043023581936,0.005102611254693882,0.0050478189811254785,40,0,1.0,M3_global_corr,vi,61,61,oracle,0.0,True,0.0
99.74728357920203,5.294908830009082,0.041540102973947994,0.01015043023581936,0.005721526728167599,0.004428903507651761,40,0,1.0,M4_patch_corr,vi,61,61,oracle,0.0,True,0.0
70.05717067269306,2.803896678340063,0.032204054586736135,0.01015043023581936,0.006669107294175347,0.003481322941644014,40,0,1.0,M5_full_corr,vi,61,61,oracle,0.0,True,0.0
134.2610933890281,4.229609413676352,0.05731848153837634,0.008849361666644788,0.004353328135804088,0.0044960335308407,26,0,1.0,M0_raw_p2p,vi,62,62,oracle,0.0,True,2.1073424255447017e-08
134.12230280066126,3.7532718300138,0.056875771154387744,0.008849361666644788,0.004421481838402474,0.004427879828242314,40,0,1.0,M1_raw_p2l,vi,62,62,oracle,0.0,True,2.1073424255447017e-08
122.16609568440958,3.7879309039872506,0.027177791393821576,0.008849361666644788,0.0048396546471419916,0.0040097070195027965,30,0,0.7907559155781937,M2_raw_huber,vi,62,62,oracle,0.0,True,2.1073424255447017e-08
126.99408384901967,4.279850169203638,0.051401770775583555,0.008849361666644788,0.004508027068439586,0.004341334598205202,34,0,1.0,M3_global_corr,vi,62,62,oracle,0.0,True,2.1073424255447017e-08
85.13359717338902,4.275509596205863,0.03992766277106541,0.008849361666644788,0.005374252309012391,0.0034751093576323973,29,0,1.0,M4_patch_corr,vi,62,62,oracle,0.0,True,2.1073424255447017e-08
49.3859721711317,1.843222474323324,0.02701937356779897,0.008849361666644788,0.006618795502354917,0.0022305661642898714,20,0,1.0,M5_full_corr,vi,62,62,oracle,0.0,True,2.1073424255447017e-08
142.68215970212273,5.010878828469688,0.06981122712223191,0.010702526363339794,0.005142173094550715,0.005560353268789079,40,0,1.0,M0_raw_p2p,vi,63,63,oracle,0.0,True,0.0
143.77314323042353,5.7943018710608785,0.07474805174896854,0.010702526363339794,0.005270309851510794,0.005432216511829,40,0,1.0,M1_raw_p2l,vi,63,63,oracle,0.0,True,0.0
125.74218020942293,4.362493665699415,0.036400621171173125,0.010702526363339794,0.005914663266386673,0.004787863096953122,40,0,0.7729537253345071,M2_raw_huber,vi,63,63,oracle,0.0,True,0.0
134.5053388336685,5.016529484813275,0.06081201257081367,0.010702526363339794,0.005303152082430222,0.005399374280909573,40,0,1.0,M3_global_corr,vi,63,63,oracle,0.0,True,0.0
94.85088248803693,4.692396902249401,0.04555945488174481,0.010702526363339794,0.006213159773798905,0.004489366589540889,40,0,1.0,M4_patch_corr,vi,63,63,oracle,0.0,True,0.0
57.870601371998696,1.1094083903426866,0.03224761081508202,0.010702526363339794,0.007621325864909739,0.003081200498430055,27,0,1.0,M5_full_corr,vi,63,63,oracle,0.0,True,0.0
148.0058691357103,4.233671377329607,0.07577466590974774,0.011262063996987396,0.005140622308551661,0.0061214416884357355,25,0,1.0,M0_raw_p2p,vi,64,64,oracle,0.0,True,1.4901161193847656e-08
151.7778956270133,4.7636602074206165,0.07114729069511522,0.011262063996987396,0.005216211604199344,0.006045852392788052,40,0,1.0,M1_raw_p2l,vi,64,64,oracle,0.0,True,1.4901161193847656e-08
129.39541667208647,3.5764796253638833,0.03724711935741193,0.011262063996987396,0.005919014919443013,0.005343049077544383,40,0,0.7820475690940034,M2_raw_huber,vi,64,64,oracle,0.0,True,1.4901161193847656e-08
139.2046586075708,4.2359968690942065,0.0664187796119923,0.011262063996987396,0.005305633489403986,0.005956430507583411,25,0,1.0,M3_global_corr,vi,64,64,oracle,0.0,True,1.4901161193847656e-08
100.01614500593956,3.859980100608464,0.04926998287016516,0.011262063996987396,0.006248115704256329,0.0050139482927310675,24,0,1.0,M4_patch_corr,vi,64,64,oracle,0.0,True,1.4901161193847656e-08
63.67417302311229,0.7598038018194742,0.036137984500956094,0.011262063996987396,0.007732486823120083,0.0035295771738673137,40,0,1.0,M5_full_corr,vi,64,64,oracle,0.0,True,1.4901161193847656e-08
149.94293559396587,5.015003059762866,0.07503024547126075,0.011234239766906379,0.0052586039549191695,0.005975635811987209,40,0,1.0,M0_raw_p2p,vi,65,65,oracle,0.0,True,0.0
150.90381821196132,5.129381313999802,0.07181685213273557,0.011234239766906379,0.005303847841691435,0.005930391925214944,40,0,1.0,M1_raw_p2l,vi,65,65,oracle,0.0,True,0.0
131.0228526451071,4.537460739016119,0.03475839997742257,0.011234239766906379,0.005964265380731489,0.00526997438617489,40,0,0.788828893842453,M2_raw_huber,vi,65,65,oracle,0.0,True,0.0
141.29004696121052,5.0165111827481645,0.0643217902710753,0.011234239766906379,0.005412647796758701,0.0058215919701476776,40,0,1.0,M3_global_corr,vi,65,65,oracle,0.0,True,0.0
101.24185170523997,4.700662559331128,0.04639635627284019,0.011234239766906379,0.0063550898813885094,0.004879149885517869,40,0,1.0,M4_patch_corr,vi,65,65,oracle,0.0,True,0.0
63.027492423635685,1.8886095804456078,0.033751243462004706,0.011234239766906379,0.0077135151667938415,0.003520724600112537,29,0,1.0,M5_full_corr,vi,65,65,oracle,0.0,True,0.0
151.4525736758377,3.3923678545018854,0.07092124850280411,0.011175176707674697,0.00523790971939108,0.0059372669882836165,25,0,1.0,M0_raw_p2p,vi,66,66,oracle,0.0,True,0.0
155.5572946962938,3.595145451917759,0.0673462882740365,0.011175176707674697,0.00528511240197407,0.005890064305700627,40,0,1.0,M1_raw_p2l,vi,66,66,oracle,0.0,True,0.0
131.88153598865634,3.017014212374841,0.03107295993658335,0.011175176707674697,0.0059710932842189715,0.005204083423455725,40,0,0.7923778849251873,M2_raw_huber,vi,66,66,oracle,0.0,True,0.0
142.92872165961336,3.392476380293383,0.05937565102684985,0.011175176707674697,0.0054054005944136115,0.005769776113261085,25,0,1.0,M3_global_corr,vi,66,66,oracle,0.0,True,0.0
107.52062412106739,3.674123758317615,0.04775465438563374,0.011175176707674697,0.006280391671837628,0.004894785035837069,33,0,1.0,M4_patch_corr,vi,66,66,oracle,0.0,True,0.0
66.55099121939581,1.374699302503003,0.036009811552166496,0.011175176707674697,0.007690295496072948,0.0034848812116017487,40,0,1.0,M5_full_corr,vi,66,66,oracle,0.0,True,0.0
143.54164419911646,4.463697928248143,0.062145402139781966,0.010106738967535127,0.0047088599563342905,0.005397879011200837,40,0,1.0,M0_raw_p2p,vi,67,67,oracle,0.0,True,2.1073424255447017e-08
141.79374083325837,3.653908715769676,0.06406415749918423,0.010106738967535127,0.004758589536397085,0.005348149431138042,40,0,1.0,M1_raw_p2l,vi,67,67,oracle,0.0,True,2.1073424255447017e-08
128.13138292110614,3.990568727392875,0.024821852384535603,0.010106738967535127,0.005296766092252217,0.00480997287528291,40,0,0.786070629095742,M2_raw_huber,vi,67,67,oracle,0.0,True,2.1073424255447017e-08
135.90975381537172,4.463697928248134,0.05360058263741894,0.010106738967535127,0.004874637268684871,0.005232101698850257,40,0,1.0,M3_global_corr,vi,67,67,oracle,0.0,True,2.1073424255447017e-08
99.84566197751109,4.973050826158106,0.045339673509409775,0.010106738967535127,0.005807137484249486,0.004299601483285641,36,0,1.0,M4_patch_corr,vi,67,67,oracle,0.0,True,2.1073424255447017e-08
58.91843216090361,2.543412821447098,0.03211938023810024,0.010106738967535127,0.007151569465037374,0.002955169502497753,31,0,1.0,M5_full_corr,vi,67,67,oracle,0.0,True,2.1073424255447017e-08
142.9144475278715,5.903854941432861,0.06263782310922729,0.009908899252923663,0.004727054248773571,0.005181845004150093,40,0,1.0,M0_raw_p2p,vi,68,68,oracle,0.0,True,0.0
138.45652036178882,5.519076500993605,0.05912360931072033,0.009908899252923663,0.004788077486670487,0.005120821766253177,40,0,1.0,M1_raw_p2l,vi,68,68,oracle,0.0,True,0.0
125.2300025993641,5.378195822422516,0.030572289232483146,0.009908899252923663,0.005280799197945212,0.004628100054978451,40,0,0.7939192403078995,M2_raw_huber,vi,68,68,oracle,0.0,True,0.0
135.4333712368041,5.903854941432858,0.05328317490113944,0.009908899252923663,0.004902453777671104,0.0050064454752525595,40,0,1.0,M3_global_corr,vi,68,68,oracle,0.0,True,0.0
99.99845440203426,6.175757397150855,0.04013057807469241,0.009908899252923663,0.005808835590582388,0.004100063662341276,40,0,1.0,M4_patch_corr,vi,68,68,oracle,0.0,True,0.0
59.41973290330724,3.537532403354907,0.02994903446515664,0.009908899252923663,0.006920091357757763,0.0029888078951659,40,0,1.0,M5_full_corr,vi,68,68,oracle,0.0,True,0.0
138.08906217385436,4.794193440663338,0.05961159553011603,0.00906204833168805,0.0041192548353877825,0.004942793496300267,28,0,1.0,M0_raw_p2p,vi,69,69,oracle,0.0,True,0.0
139.32946525352952,5.162379851596143,0.0700363313180273,0.00906204833168805,0.004187242613305384,0.004874805718382666,40,0,1.0,M1_raw_p2l,vi,69,69,oracle,0.0,True,0.0
124.9922614596308,4.336776793594948,0.031060943694024245,0.00906204833168805,0.004470759636145321,0.004591288695542729,40,0,0.7939662163564446,M2_raw_huber,vi,69,69,oracle,0.0,True,0.0
131.4045382952855,4.7959277418273665,0.052480993791747824,0.00906204833168805,0.0042979031558918615,0.004764145175796188,28,0,1.0,M3_global_corr,vi,69,69,oracle,0.0,True,0.0
92.42331200062361,5.143842352733565,0.03912883321365183,0.00906204833168805,0.005273801180153113,0.003788247151534937,28,0,1.0,M4_patch_corr,vi,69,69,oracle,0.0,True,0.0
53.51334036218794,3.033194018680337,0.028305123358478824,0.00906204833168805,0.006312527686426657,0.002749520645261393,26,0,1.0,M5_full_corr,vi,69,69,oracle,0.0,True,0.0
151.10847481377692,5.222106186648213,0.07256005875846129,0.011093497130174556,0.005151921258449299,0.005941575871725257,37,0,1.0,M0_raw_p2p,vi,70,70,oracle,0.0,True,0.0
150.79073576160354,5.239492196672181,0.061491895357475325,0.011093497130174556,0.005204998629384906,0.00588849850078965,40,0,1.0,M1_raw_p2l,vi,70,70,oracle,0.0,True,0.0
132.40601765963635,4.438331940242912,0.035420001162070516,0.011093497130174556,0.005704643367493635,0.005388853762680921,40,0,0.7971128011609775,M2_raw_huber,vi,70,70,oracle,0.0,True,0.0
143.11768174949609,5.218923787528674,0.0612192166539536,0.011093497130174556,0.005317229483702446,0.00577626764647211,37,0,1.0,M3_global_corr,vi,70,70,oracle,0.0,True,0.0
105.22116756203616,5.495837612829422,0.0448001974760947,0.011093497130174556,0.0061894743149274395,0.004904022815247116,38,0,1.0,M4_patch_corr,vi,70,70,oracle,0.0,True,0.0
67.43505347786491,3.3376765435744216,0.03259414614477087,0.011093497130174556,0.007238548466962603,0.0038549486632119528,40,0,1.0,M5_full_corr,vi,70,70,oracle,0.0,True,0.0
152.70978278288007,4.565219008130872,0.07288539139397153,0.011385565614088577,0.005323105131787962,0.006062460482300615,25,0,1.0,M0_raw_p2p,vi,71,71,oracle,0.0,True,0.0
156.1124951896936,4.550144316295981,0.06942374231954158,0.011385565614088577,0.0053840913277161916,0.006001474286372386,40,0,1.0,M1_raw_p2l,vi,71,71,oracle,0.0,True,0.0
132.629757062281,3.8302172259922793,0.03695984629625273,0.011385565614088577,0.005996916180853907,0.00538864943323467,35,0,0.7828419393588416,M2_raw_huber,vi,71,71,oracle,0.0,True,0.0
144.49132705797015,4.564658355915432,0.062220459933134215,0.011385565614088577,0.005487139674621809,0.005898425939466768,24,0,1.0,M3_global_corr,vi,71,71,oracle,0.0,True,0.0
109.77223450483655,4.894436213660616,0.04469746656020623,0.011385565614088577,0.006257737250722373,0.005127828363366204,25,0,1.0,M4_patch_corr,vi,71,71,oracle,0.0,True,0.0
71.66051392512522,2.92663929714528,0.032572907226877015,0.011385565614088577,0.007335842746780358,0.0040497228673082196,32,0,1.0,M5_full_corr,vi,71,71,oracle,0.0,True,0.0
155.51164313387608,5.238826228637381,0.07602409859542185,0.011881456421879637,0.005691113257575052,0.006190343164304586,40,0,1.0,M0_raw_p2p,vi,72,72,oracle,0.0,True,0.0
154.97331616376138,4.706335600743447,0.07220202500323997,0.011881456421879637,0.005772350891116073,0.006109105530763564,40,0,1.0,M1_raw_p2l,vi,72,72,oracle,0.0,True,0.0
133.58350666778014,4.698287101819908,0.03423731282764234,0.011881456421879637,0.0064853497744316365,0.005396106647448001,31,0,0.7880929111522388,M2_raw_huber,vi,72,72,oracle,0.0,True,0.0
147.0104585172235,5.237538347267841,0.06386573320001653,0.011881456421879637,0.005858468736553622,0.006022987685326015,40,0,1.0,M3_global_corr,vi,72,72,oracle,0.0,True,0.0
110.86400764312359,5.461294892795629,0.046779501073916166,0.011881456421879637,0.006678558998409803,0.0052028974234698344,40,0,1.0,M4_patch_corr,vi,72,72,oracle,0.0,True,0.0
73.5567602698329,4.2332849589623205,0.03202208922028646,0.011881456421879637,0.007715161029827319,0.004166295392052318,40,0,1.0,M5_full_corr,vi,72,72,oracle,0.0,True,0.0
150.77622149254947,5.863306809914476,0.07021908850348645,0.010922818274010156,0.005185475287035241,0.005737342986974914,40,0,1.0,M0_raw_p2p,vi,73,73,oracle,0.0,True,1.4901161193847656e-08
150.09935239157704,5.056035538127834,0.08625368051632483,0.010922818274010156,0.005247408703967309,0.0056754095700428464,40,0,1.0,M1_raw_p2l,vi,73,73,oracle,0.0,True,1.4901161193847656e-08
130.16828521549238,5.536822842541244,0.028442400095750806,0.010922818274010156,0.005965805274988824,0.004957012999021332,40,0,0.7820117092914879,M2_raw_huber,vi,73,73,oracle,0.0,True,1.4901161193847656e-08
142.50155456795665,5.859815170331377,0.05848344513270166,0.010922818274010156,0.0053412127864231156,0.00558160548758704,40,0,1.0,M3_global_corr,vi,73,73,oracle,0.0,True,1.4901161193847656e-08
108.3432981593289,6.1127366660395825,0.041731902104194384,0.010922818274010156,0.0061616922143876455,0.00476112605962251,40,0,1.0,M4_patch_corr,vi,73,73,oracle,0.0,True,1.4901161193847656e-08
73.48632778204218,5.080875358253785,0.03162748885203592,0.010922818274010156,0.007034551012592822,0.003888267261417334,40,0,1.0,M5_full_corr,vi,73,73,oracle,0.0,True,1.4901161193847656e-08
142.9207220869589,4.275587082881021,0.06557569250278217,0.010347396798287669,0.0049054218426175565,0.005441974955670112,33,0,1.0,M0_raw_p2p,vi,74,74,oracle,0.0,True,0.0
146.05097340858936,3.586124060087308,0.06529136947523889,0.010347396798287669,0.004979809741287025,0.005367587057000644,40,0,1.0,M1_raw_p2l,vi,74,74,oracle,0.0,True,0.0
126.29950210974039,4.153179855104359,0.030340266061374806,0.010347396798287669,0.005608383177759972,0.004739013620527696,40,0,0.7727055493748072,M2_raw_huber,vi,74,74,oracle,0.0,True,0.0
135.23051954896445,4.300047875509061,0.05730518939871524,0.010347396798287669,0.005050097142207339,0.00529729965608033,38,0,1.0,M3_global_corr,vi,74,74,oracle,0.0,True,0.0
103.65104311341074,5.1156617875926855,0.041675278542255924,0.010347396798287669,0.005820977180340272,0.004526419617947397,26,0,1.0,M4_patch_corr,vi,74,74,oracle,0.0,True,0.0
67.07525720571455,3.8451406544982807,0.032286414105344434,0.010347396798287669,0.006844413657386968,0.0035029831409007003,40,0,1.0,M5_full_corr,vi,74,74,oracle,0.0,True,0.0
146.13187207268174,5.59600029584315,0.06993754002627717,0.011092357284962169,0.005439061853750046,0.005653295431212123,40,0,1.0,M0_raw_p2p,vi,75,75,oracle,0.0,True,1.4901161193847656e-08
149.41438738624132,5.266685201024453,0.06378902034623374,0.011092357284962169,0.005544805833461083,0.005547551451501086,40,0,1.0,M1_raw_p2l,vi,75,75,oracle,0.0,True,1.4901161193847656e-08
125.13824088863717,4.602627403071235,0.0365938969910613,0.011092357284962169,0.006303189993330987,0.004789167291631182,40,0,0.7882415066302078,M2_raw_huber,vi,75,75,oracle,0.0,True,1.4901161193847656e-08
137.70127005620722,5.593365735310783,0.05990579825451178,0.011092357284962169,0.0056016229796098105,0.005490734305352359,40,0,1.0,M3_global_corr,vi,75,75,oracle,0.0,True,1.4901161193847656e-08
108.23586554397455,6.385301225494455,0.042167239830132694,0.011092357284962169,0.006293336845311693,0.004799020439650476,40,0,1.0,M4_patch_corr,vi,75,75,oracle,0.0,True,1.4901161193847656e-08
73.29248959025715,4.1099174242598355,0.03594945608728504,0.011092357284962169,0.007331645849638022,0.0037607114353241473,40,0,1.0,M5_full_corr,vi,75,75,oracle,0.0,True,1.4901161193847656e-08
140.4697413618283,4.249748948448347,0.06050038361786255,0.009247131513030547,0.004398335158496784,0.004848796354533763,24,0,1.0,M0_raw_p2p,vi,76,76,oracle,0.0,True,0.0
136.99665637348346,3.9260036552327526,0.04858750701988024,0.009247131513030547,0.004454679625687786,0.004792451887342761,40,0,1.0,M1_raw_p2l,vi,76,76,oracle,0.0,True,0.0
126.84164381329954,3.7445362158493585,0.03154480395265145,0.009247131513030547,0.004889842797871042,0.004357288715159505,40,0,0.7815312855270734,M2_raw_huber,vi,76,76,oracle,0.0,True,0.0
134.09316552427293,4.2495476034630055,0.05446371226231277,0.009247131513030547,0.004546667841061871,0.004700463671968676,24,0,1.0,M3_global_corr,vi,76,76,oracle,0.0,True,0.0
100.06522079881218,5.121522874382144,0.038955422371263496,0.009247131513030547,0.005219296843274168,0.004027834669756379,31,0,1.0,M4_patch_corr,vi,76,76,oracle,0.0,True,0.0
63.696816443050416,3.3519075416705477,0.030592042793040588,0.009247131513030547,0.006182952146329027,0.00306417936670152,40,0,1.0,M5_full_corr,vi,76,76,oracle,0.0,True,0.0
145.17656821009552,4.97226731995777,0.06676786901583825,0.009761024097711823,0.004475251982404425,0.005285772115307398,24,0,1.0,M0_raw_p2p,vi,77,77,oracle,0.0,True,0.0
145.21857096119567,5.144289256387374,0.0626707058399728,0.009761024097711823,0.004512534373894525,0.005248489723817298,40,0,1.0,M1_raw_p2l,vi,77,77,oracle,0.0,True,0.0
130.1313138477612,4.459826687549701,0.03205778112194488,0.009761024097711823,0.004983206722972874,0.004777817374738949,40,0,0.7823465284653204,M2_raw_huber,vi,77,77,oracle,0.0,True,0.0
138.0323100684866,5.068976703050653,0.05876589386241175,0.009761024097711823,0.004620777255055186,0.005140246842656637,40,0,1.0,M3_global_corr,vi,77,77,oracle,0.0,True,0.0
102.46708104007348,5.659514267448774,0.038658668036749916,0.009761024097711823,0.005356598107610021,0.004404425990101802,40,0,1.0,M4_patch_corr,vi,77,77,oracle,0.0,True,0.0
64.45315727093245,3.735021811753027,0.03043947555245918,0.009761024097711823,0.0064089146792131275,0.0033521094184986956,40,0,1.0,M5_full_corr,vi,77,77,oracle,0.0,True,0.0
149.5814655486203,5.447892661536706,0.0703965641967434,0.01036133550382548,0.00483217699464131,0.005529158509184171,40,0,1.0,M0_raw_p2p,vi,78,78,oracle,0.0,True,1.4901161193847656e-08
148.36220703349244,5.605665347393693,0.06738908241144781,0.01036133550382548,0.004898800906293254,0.005462534597532227,40,0,1.0,M1_raw_p2l,vi,78,78,oracle,0.0,True,1.4901161193847656e-08
131.92587918160444,4.953484437415936,0.032204466082982365,0.01036133550382548,0.0054336973874449445,0.004927638116380536,40,0,0.7886186261596458,M2_raw_huber,vi,78,78,oracle,0.0,True,1.4901161193847656e-08
141.99131452676554,5.4566240537427815,0.05995644934807785,0.01036133550382548,0.00498155810431527,0.005379777399510211,40,0,1.0,M3_global_corr,vi,78,78,oracle,0.0,True,1.4901161193847656e-08
107.306901873411,5.962652737020765,0.03987144232027853,0.01036133550382548,0.005735223185076702,0.004626112318748779,40,0,1.0,M4_patch_corr,vi,78,78,oracle,0.0,True,1.4901161193847656e-08
69.43565435939165,3.9134247113926506,0.03203900340048264,0.01036133550382548,0.006746798374857128,0.0036145371289683526,40,0,1.0,M5_full_corr,vi,78,78,oracle,0.0,True,1.4901161193847656e-08
153.23488733570827,3.745031076036531,0.07811162023222859,0.011645823047664356,0.005546863062529146,0.0060989599851352105,27,0,1.0,M0_raw_p2p,vi,79,79,oracle,0.0,True,0.0
150.5499157305366,2.841074237646122,0.0725373831141605,0.011645823047664356,0.005649872538324752,0.005995950509339604,40,0,1.0,M1_raw_p2l,vi,79,79,oracle,0.0,True,0.0
132.83238662472073,3.483961598796269,0.03359780974299019,0.011645823047664356,0.006257713386495668,0.005388109661168689,40,0,0.7901533861893841,M2_raw_huber,vi,79,79,oracle,0.0,True,0.0
144.7243092058316,3.741483858987773,0.06514625714740822,0.011645823047664356,0.005704694868984522,0.005941128178679834,26,0,1.0,M3_global_corr,vi,79,79,oracle,0.0,True,0.0
112.05036116964529,4.842557204879842,0.04585644380198998,0.011645823047664356,0.006457897110769466,0.00518792593689489,35,0,1.0,M4_patch_corr,vi,79,79,oracle,0.0,True,0.0
74.72242333744671,3.029420124655088,0.037612563734815585,0.011645823047664356,0.007544626087494876,0.00410119696016948,32,0,1.0,M5_full_corr,vi,79,79,oracle,0.0,True,0.0
151.82725281081477,4.6317525542373374,0.0762030323701586,0.011370882227614685,0.005303135645294769,0.006067746582319916,40,0,1.0,M0_raw_p2p,vi,80,80,oracle,0.0,True,1.4901161193847656e-08
148.72366061112504,3.320733771401054,0.0683677225754358,0.011370882227614685,0.005421290139758091,0.005949592087856594,40,0,1.0,M1_raw_p2l,vi,80,80,oracle,0.0,True,1.4901161193847656e-08
131.62432603824226,4.300818839705783,0.03154603516343941,0.011370882227614685,0.006028760761134159,0.005342121466480525,40,0,0.7918298198513992,M2_raw_huber,vi,80,80,oracle,0.0,True,1.4901161193847656e-08
142.84430622339684,4.628867304239484,0.06494092544002338,0.011370882227614685,0.005460563996871301,0.005910318230743384,40,0,1.0,M3_global_corr,vi,80,80,oracle,0.0,True,1.4901161193847656e-08
116.25891254080294,5.726859342644239,0.04341749516565109,0.011370882227614685,0.0061205992949774374,0.005250282932637247,31,0,1.0,M4_patch_corr,vi,80,80,oracle,0.0,True,1.4901161193847656e-08
79.82738532598869,3.7620645035957683,0.03488219361679469,0.011370882227614685,0.007049338466220577,0.004321543761394107,40,0,1.0,M5_full_corr,vi,80,80,oracle,0.0,True,1.4901161193847656e-08
147.04226207341455,5.782638020649271,0.06893219705086397,0.010522409035549227,0.004965338044732417,0.00555707099081681,40,0,1.0,M0_raw_p2p,vi,81,81,oracle,0.0,True,0.0
146.12812794535665,4.672083582376668,0.06251078454239435,0.010522409035549227,0.005052989617518455,0.005469419418030772,40,0,1.0,M1_raw_p2l,vi,81,81,oracle,0.0,True,0.0
127.2344532533398,5.091473182270178,0.030240513231446397,0.010522409035549227,0.005699198605677806,0.004823210429871421,40,0,0.7874854396565721,M2_raw_huber,vi,81,81,oracle,0.0,True,0.0
138.05333685345428,5.78701070634233,0.05748970032402299,0.010522409035549227,0.005117655983862184,0.005404753051687043,40,0,1.0,M3_global_corr,vi,81,81,oracle,0.0,True,0.0
113.76125723959606,7.157817936553741,0.039526256963574063,0.010522409035549227,0.005751261597509314,0.004771147438039912,40,0,1.0,M4_patch_corr,vi,81,81,oracle,0.0,True,0.0
72.52129974127071,3.611383700565615,0.035033445305542005,0.010522409035549227,0.006817135792456429,0.003705273243092798,40,0,1.0,M5_full_corr,vi,81,81,oracle,0.0,True,0.0
146.57261339987306,4.552655104406498,0.06689189724476563,0.010353454997861743,0.00477438227775586,0.005579072720105883,35,0,1.0,M0_raw_p2p,vi,82,82,oracle,0.0,True,0.0
151.48409214970405,3.8847440303707557,0.06364988363681981,0.010353454997861743,0.0048640499942175135,0.005489405003644229,40,0,1.0,M1_raw_p2l,vi,82,82,oracle,0.0,True,0.0
126.88007640625021,3.5901085186727335,0.035905565075871226,0.010353454997861743,0.005505669476527885,0.0048477855213338574,40,0,0.7790832027525791,M2_raw_huber,vi,82,82,oracle,0.0,True,0.0
138.0780145571097,4.549324573986266,0.059625780362760006,0.010353454997861743,0.0049199459189729925,0.00543350907888875,36,0,1.0,M3_global_corr,vi,82,82,oracle,0.0,True,0.0
111.79077545288837,6.132534408084633,0.042087107212797424,0.010353454997861743,0.0055692166717082135,0.004784238326153529,34,0,1.0,M4_patch_corr,vi,82,82,oracle,0.0,True,0.0
69.59546538439241,3.089600989572453,0.033584194530823785,0.010353454997861743,0.006598996606071422,0.0037544583917903203,24,0,1.0,M5_full_corr,vi,82,82,oracle,0.0,True,0.0
144.65174663817623,5.649596869312742,0.06416133499965308,0.010215473362871465,0.004722078464896971,0.005493394897974494,38,0,1.0,M0_raw_p2p,vi,83,83,oracle,0.0,True,0.0
150.13635838031954,5.923177228671424,0.06069136178173441,0.010215473362871465,0.00480639488992741,0.005409078472944055,40,0,1.0,M1_raw_p2l,vi,83,83,oracle,0.0,True,0.0
128.66120762809365,4.5389395384801325,0.03253858096352194,0.010215473362871465,0.0053942948054139465,0.004821178557457518,40,0,0.7801574325477829,M2_raw_huber,vi,83,83,oracle,0.0,True,0.0
136.91165871542228,5.645870004749911,0.05946211853875753,0.010215473362871465,0.004861306807873283,0.005354166554998182,36,0,1.0,M3_global_corr,vi,83,83,oracle,0.0,True,0.0
107.445883050957,6.853670916129637,0.04070984272050769,0.010215473362871465,0.0054852327937591015,0.004730240569112363,40,0,1.0,M4_patch_corr,vi,83,83,oracle,0.0,True,0.0
64.92367899372026,4.353716499183667,0.0299023837171438,0.010215473362871465,0.006538061489112509,0.003677411873758956,40,0,1.0,M5_full_corr,vi,83,83,oracle,0.0,True,0.0
149.36010390970475,6.299356826351561,0.07486174553091976,0.010777273955406057,0.004759409360415692,0.006017864594990365,40,0,1.0,M0_raw_p2p,vi,84,84,oracle,0.0,True,0.0
151.22818100728622,6.143099537255996,0.07263143773220718,0.010777273955406057,0.004796008117335754,0.005981265838070303,40,0,1.0,M1_raw_p2l,vi,84,84,oracle,0.0,True,0.0
134.04813931753344,5.3193451516535974,0.035004690131585844,0.010777273955406057,0.0053240747471657085,0.005453199208240348,40,0,0.7882943594793219,M2_raw_huber,vi,84,84,oracle,0.0,True,0.0
140.5207195158994,6.29762117889379,0.06487618466661638,0.010777273955406057,0.004907368697557309,0.0058699052578487475,40,0,1.0,M3_global_corr,vi,84,84,oracle,0.0,True,0.0
109.78683919563369,7.200840926577611,0.04330160152092424,0.010777273955406057,0.005545620758538966,0.0052316531968670905,40,0,1.0,M4_patch_corr,vi,84,84,oracle,0.0,True,0.0
67.0376824033314,5.0718719313631615,0.02780134858862539,0.010777273955406057,0.006760193180471861,0.004017080774934196,40,0,1.0,M5_full_corr,vi,84,84,oracle,0.0,True,0.0
160.24068067590756,4.540357838370869,0.08895099669494494,0.012717360997624948,0.005429505148831835,0.007287855848793113,20,0,1.0,M0_raw_p2p,vi,85,85,oracle,0.0,True,2.1073424255447017e-08
159.0869911821381,3.3129203360294177,0.08473153268835572,0.012717360997624948,0.005509159361707678,0.00720820163591727,40,0,1.0,M1_raw_p2l,vi,85,85,oracle,0.0,True,2.1073424255447017e-08
139.97169902284722,3.8364834762667424,0.03870462207491985,0.012717360997624948,0.006060284152366231,0.006657076845258718,40,0,0.799367868739767,M2_raw_huber,vi,85,85,oracle,0.0,True,2.1073424255447017e-08
150.13257705626697,4.540032105753939,0.07602297296972316,0.012717360997624948,0.005577208503273311,0.007140152494351637,20,0,1.0,M3_global_corr,vi,85,85,oracle,0.0,True,2.1073424255447017e-08
122.31580547928814,5.541166583427354,0.05525307762631833,0.012717360997624948,0.0062267988926535695,0.006490562104971379,23,0,1.0,M4_patch_corr,vi,85,85,oracle,0.0,True,2.1073424255447017e-08
75.03163508261407,4.104252633936773,0.031039698528738262,0.012717360997624948,0.007715116098942267,0.0050022448986826815,40,0,1.0,M5_full_corr,vi,85,85,oracle,0.0,True,2.1073424255447017e-08
159.12579005109154,4.535688063703423,0.09008200700728407,0.012617718304264239,0.005428096685927596,0.0071896216183366425,37,0,1.0,M0_raw_p2p,vi,86,86,oracle,0.0,True,0.0
159.73572254486052,2.9018998478737728,0.07937974165190986,0.012617718304264239,0.005538663536389406,0.007079054767874833,40,0,1.0,M1_raw_p2l,vi,86,86,oracle,0.0,True,0.0
140.08189762041815,4.370710291164661,0.03904639811197439,0.012617718304264239,0.005977172254139003,0.006640546050125236,40,0,0.8022484832289014,M2_raw_huber,vi,86,86,oracle,0.0,True,0.0
148.9603738266739,4.535688063703425,0.0760263588487997,0.012617718304264239,0.005586672537871087,0.007031045766393152,37,0,1.0,M3_global_corr,vi,86,86,oracle,0.0,True,0.0
120.98600325813612,5.638555928165458,0.05540727073298868,0.012617718304264239,0.006241041036447135,0.006376677267817103,40,0,1.0,M4_patch_corr,vi,86,86,oracle,0.0,True,0.0
81.88567210813027,5.493200044697463,0.030849815881853326,0.012617718304264239,0.007431830803351487,0.0051858875009127515,40,0,1.0,M5_full_corr,vi,86,86,oracle,0.0,True,0.0
148.6976320882904,5.521914262828671,0.07631990521288952,0.010749408607398283,0.004816654981081912,0.005932753626316371,40,0,1.0,M0_raw_p2p,vi,87,87,oracle,0.0,True,1.4901161193847656e-08
149.35139035887448,4.55318705856044,0.07280592288560774,0.010749408607398283,0.004914534129241908,0.005834874478156375,40,0,1.0,M1_raw_p2l,vi,87,87,oracle,0.0,True,1.4901161193847656e-08
133.63885798345285,5.243249326215245,0.034212094903801865,0.010749408607398283,0.0052757780926352155,0.005473630514763067,40,0,0.8052745957422518,M2_raw_huber,vi,87,87,oracle,0.0,True,1.4901161193847656e-08
139.97177012319605,5.517716504067458,0.06268075351707723,0.010749408607398283,0.004985805735817675,0.005763602871580608,40,0,1.0,M3_global_corr,vi,87,87,oracle,0.0,True,1.4901161193847656e-08
111.99604175914133,6.825601637842906,0.04355827560691161,0.010749408607398283,0.005542607529703223,0.00520680107769506,40,0,1.0,M4_patch_corr,vi,87,87,oracle,0.0,True,1.4901161193847656e-08
79.26598333305841,5.601225678953111,0.027271824311011012,0.010749408607398283,0.006451539006917104,0.004297869600481179,40,0,1.0,M5_full_corr,vi,87,87,oracle,0.0,True,1.4901161193847656e-08
140.17590728802492,4.363672875273591,0.06918398999682379,0.009536137202471262,0.004246453796171964,0.005289683406299298,24,0,1.0,M0_raw_p2p,vi,88,88,oracle,0.0,True,0.0
137.76166661785777,3.556966652105851,0.07518320627365195,0.009536137202471262,0.0043065850197865595,0.005229552182684703,40,0,1.0,M1_raw_p2l,vi,88,88,oracle,0.0,True,0.0
128.94321519739523,4.011116053655111,0.03388354679827844,0.009536137202471262,0.004557054341879115,0.004979082860592147,40,0,0.7995067230532187,M2_raw_huber,vi,88,88,oracle,0.0,True,0.0
132.70316003991857,4.364260388674261,0.05997790617958653,0.009536137202471262,0.004422157399790662,0.0051139798026806,24,0,1.0,M3_global_corr,vi,88,88,oracle,0.0,True,0.0
103.28622424567078,5.366426508088112,0.039042686572646264,0.009536137202471262,0.005004926446227634,0.004531210756243628,33,0,1.0,M4_patch_corr,vi,88,88,oracle,0.0,True,0.0
60.82741354411854,2.742637736242913,0.026434294610109443,0.009536137202471262,0.0063034682138017155,0.0032326689886695466,39,0,1.0,M5_full_corr,vi,88,88,oracle,0.0,True,0.0
153.4255241375386,5.068971014492792,0.07784717997563179,0.011083991343892671,0.004836991344912084,0.006246999998980587,31,0,1.0,M0_raw_p2p,vi,89,89,oracle,0.0,True,0.0
150.55993066718878,4.739802831910296,0.07802639234498944,0.011083991343892671,0.004914963332363225,0.006169028011529446,40,0,1.0,M1_raw_p2l,vi,89,89,oracle,0.0,True,0.0
136.13694074246564,4.4026213787613555,0.03589429621738263,0.011083991343892671,0.005340331239316891,0.00574366010457578,40,0,0.7990895914624787,M2_raw_huber,vi,89,89,oracle,0.0,True,0.0
144.61544541977025,5.071476430254183,0.06445312229396204,0.011083991343892671,0.0050004103257968386,0.006083581018095832,31,0,1.0,M3_global_corr,vi,89,89,oracle,0.0,True,0.0
115.53250003673858,5.897645791957519,0.042455027041134345,0.011083991343892671,0.005590115659798772,0.005493875684093899,40,0,1.0,M4_patch_corr,vi,89,89,oracle,0.0,True,0.0
70.96909885426368,3.1035742616757225,0.02705602301137035,0.011083991343892671,0.00707199570285823,0.004011995641034441,40,0,1.0,M5_full_corr,vi,89,89,oracle,0.0,True,0.0
160.4164466702503,4.951046315956811,0.08762462731519655,0.012701374052516989,0.005456422245350058,0.007244951807166931,30,0,1.0,M0_raw_p2p,vi,90,90,oracle,0.0,True,0.0
163.3326521541538,4.528311842188477,0.08668855126847241,0.012701374052516989,0.005572973647665729,0.007128400404851259,40,0,1.0,M1_raw_p2l,vi,90,90,oracle,0.0,True,0.0
138.1940187737383,3.880855126394689,0.04180510738410744,0.012701374052516989,0.006206124053272704,0.006495249999244284,40,0,0.7923157637852601,M2_raw_huber,vi,90,90,oracle,0.0,True,0.0
150.65269422122245,4.950322626850812,0.07418030835298774,0.012701374052516989,0.005616668977886234,0.007084705074630755,31,0,1.0,M3_global_corr,vi,90,90,oracle,0.0,True,0.0
123.46662455144771,5.416350017709273,0.049920390165787386,0.012701374052516989,0.006251559361706855,0.006449814690810134,38,0,1.0,M4_patch_corr,vi,90,90,oracle,0.0,True,0.0
80.09717078400836,3.3853114699707345,0.03087803302131133,0.012701374052516989,0.007800176821508888,0.004901197231008101,24,0,1.0,M5_full_corr,vi,90,90,oracle,0.0,True,0.0
156.01867013861295,4.0978575952883265,0.08075831899275764,0.01240885057625983,0.005824037643575703,0.006584812932684128,32,0,1.0,M0_raw_p2p,vi,91,91,oracle,0.0,True,0.0
161.98931687736885,3.142672260758654,0.07536662522359117,0.01240885057625983,0.005956156505291613,0.0064526940709682176,40,0,1.0,M1_raw_p2l,vi,91,91,oracle,0.0,True,0.0
134.01614651069266,4.089580521257964,0.03621294651258701,0.01240885057625983,0.006736012490647002,0.005672838085612829,40,0,0.7846469134353101,M2_raw_huber,vi,91,91,oracle,0.0,True,0.0
146.7258379564508,4.095881733870884,0.06905268175368062,0.01240885057625983,0.00597750510439391,0.00643134547186592,34,0,1.0,M3_global_corr,vi,91,91,oracle,0.0,True,0.0
122.56595526176876,4.908227680647379,0.04225587476643421,0.01240885057625983,0.006666720758227977,0.0057421298180318535,31,0,1.0,M4_patch_corr,vi,91,91,oracle,0.0,True,0.0
81.91778246555295,3.2283633115005395,0.02750096190562182,0.01240885057625983,0.008082584041576482,0.004326266534683348,34,0,1.0,M5_full_corr,vi,91,91,oracle,0.0,True,0.0
148.8239941304845,5.16239351593721,0.06703627346132998,0.010880727981010673,0.005143471722721335,0.005737256258289338,40,0,1.0,M0_raw_p2p,vi,92,92,oracle,0.0,True,0.0
151.3238691667892,4.068094270724659,0.0560731643176674,0.010880727981010673,0.0053464105500477845,0.005534317430962889,40,0,1.0,M1_raw_p2l,vi,92,92,oracle,0.0,True,0.0
130.87909044662715,4.669514726996623,0.029799021488725232,0.010880727981010673,0.005845738436039529,0.005034989544971145,40,0,0.7766752321268829,M2_raw_huber,vi,92,92,oracle,0.0,True,0.0
140.23284313784325,5.145274540345421,0.057660205302043785,0.010880727981010673,0.005285195026017342,0.005595532954993331,40,0,1.0,M3_global_corr,vi,92,92,oracle,0.0,True,0.0
117.40315178885501,6.942664852008113,0.03393580729404793,0.010880727981010673,0.005960447193881379,0.004920280787129295,40,0,1.0,M4_patch_corr,vi,92,92,oracle,0.0,True,0.0
82.0395897871612,5.102276372157799,0.031324058640751606,0.010880727981010673,0.006885807810800035,0.003994920170210639,37,0,1.0,M5_full_corr,vi,92,92,oracle,0.0,True,0.0
141.36939411395073,5.608246766925747,0.0627826709728823,0.010265009009881212,0.004767025725043958,0.005497983284837254,40,0,1.0,M0_raw_p2p,vi,93,93,oracle,0.0,True,1.4901161193847656e-08
139.89700858639733,4.497206233621862,0.06647423972131981,0.010265009009881212,0.004832760509616285,0.005432248500264927,40,0,1.0,M1_raw_p2l,vi,93,93,oracle,0.0,True,1.4901161193847656e-08
127.0775127327759,5.136619811781708,0.029896956698004934,0.010265009009881212,0.00540019455405404,0.004864814455827172,40,0,0.7628052722138449,M2_raw_huber,vi,93,93,oracle,0.0,True,1.4901161193847656e-08
133.44329649565847,5.594446334312132,0.057289460924921626,0.010265009009881212,0.004904897812915521,0.005360111196965691,40,0,1.0,M3_global_corr,vi,93,93,oracle,0.0,True,1.4901161193847656e-08
109.23900904672193,7.5931365960665875,0.03823337058310723,0.010265009009881212,0.005537583319020617,0.004727425690860596,40,0,1.0,M4_patch_corr,vi,93,93,oracle,0.0,True,1.4901161193847656e-08
79.84640443466726,5.161845656160379,0.03510781040924145,0.010265009009881212,0.006177222866128949,0.004087786143752263,40,0,1.0,M5_full_corr,vi,93,93,oracle,0.0,True,1.4901161193847656e-08
134.50930788705188,4.433958735003225,0.06139467879360346,0.009870287097201634,0.0047402964074595025,0.0051299906897421315,21,0,1.0,M0_raw_p2p,vi,94,94,oracle,0.0,True,2.1073424255447017e-08
131.39934376233805,3.1159559285877374,0.060349910046999036,0.009870287097201634,0.004815269605490712,0.005055017491710922,40,0,1.0,M1_raw_p2l,vi,94,94,oracle,0.0,True,2.1073424255447017e-08
121.6140135805291,3.8654960293302962,0.03381225129688862,0.009870287097201634,0.005367655166297565,0.004502631930904069,40,0,0.7751217676833595,M2_raw_huber,vi,94,94,oracle,0.0,True,2.1073424255447017e-08
127.19132203831232,4.4126141101213525,0.05932193634690856,0.009870287097201634,0.004894605263399995,0.004975681833801639,19,0,1.0,M3_global_corr,vi,94,94,oracle,0.0,True,2.1073424255447017e-08
106.02760537737146,5.45793468557501,0.040718496343263334,0.009870287097201634,0.0054299057656880985,0.0044403813315135356,40,0,1.0,M4_patch_corr,vi,94,94,oracle,0.0,True,2.1073424255447017e-08
74.79841060737084,3.036266173882924,0.03526579369116683,0.009870287097201634,0.006134431101844221,0.0037358559953574134,40,0,1.0,M5_full_corr,vi,94,94,oracle,0.0,True,2.1073424255447017e-08
140.62938667261983,5.23367517102436,0.06219490759232432,0.01008093008312561,0.004797516624087917,0.005283413459037694,37,0,1.0,M0_raw_p2p,vi,95,95,oracle,0.0,True,1.4901161193847656e-08
143.0054306683631,4.74970383486737,0.06220236596641233,0.01008093008312561,0.004870830622045497,0.0052100994610801135,40,0,1.0,M1_raw_p2l,vi,95,95,oracle,0.0,True,1.4901161193847656e-08
127.2840199729268,4.526154021885306,0.035196254708946204,0.01008093008312561,0.005434114220041526,0.0046468158630840846,40,0,0.767268522074028,M2_raw_huber,vi,95,95,oracle,0.0,True,1.4901161193847656e-08
133.51775263457674,5.2325205922538425,0.05859653051415136,0.01008093008312561,0.004948291956249756,0.005132638126875855,35,0,1.0,M3_global_corr,vi,95,95,oracle,0.0,True,1.4901161193847656e-08
107.04862374228048,6.761817079061095,0.03825809201938718,0.01008093008312561,0.005464800062892092,0.004616130020233518,40,0,1.0,M4_patch_corr,vi,95,95,oracle,0.0,True,1.4901161193847656e-08
71.51746276333056,3.2847498914519733,0.03134386552428344,0.01008093008312561,0.006229999287052797,0.0038509307960728134,26,0,1.0,M5_full_corr,vi,95,95,oracle,0.0,True,1.4901161193847656e-08
146.1834752608405,6.12803126527541,0.06468598815359618,0.010594643232106833,0.005184874794492636,0.005409768437614197,40,0,1.0,M0_raw_p2p,vi,96,96,oracle,0.0,True,0.0
145.59311005602268,5.7348862883227065,0.06458746084314783,0.010594643232106833,0.005263978643407605,0.005330664588699228,40,0,1.0,M1_raw_p2l,vi,96,96,oracle,0.0,True,0.0
130.87731776965936,5.163281288587106,0.031520253498702626,0.010594643232106833,0.005864330198973665,0.004730313033133168,40,0,0.7758813842710056,M2_raw_huber,vi,96,96,oracle,0.0,True,0.0
138.80615386151896,6.133933249352308,0.05705230207222152,0.010594643232106833,0.005343059644935043,0.00525158358717179,40,0,1.0,M3_global_corr,vi,96,96,oracle,0.0,True,0.0
107.47274583564852,6.919813279869851,0.039377455192043456,0.010594643232106833,0.0059454576615869375,0.004649185570519895,40,0,1.0,M4_patch_corr,vi,96,96,oracle,0.0,True,0.0
72.98728670492028,4.086444534924977,0.02772984437627311,0.010594643232106833,0.006663834730774391,0.003930808501332442,40,0,1.0,M5_full_corr,vi,96,96,oracle,0.0,True,0.0
152.20455816014305,5.541424514232852,0.07193022217388796,0.010962878315060431,0.00537468897936015,0.005588189335700281,40,0,1.0,M0_raw_p2p,vi,97,97,oracle,0.0,True,1.4901161193847656e-08
148.4675188981349,5.7552488180036985,0.06612996249216171,0.010962878315060431,0.005481007877106284,0.005481870437954148,40,0,1.0,M1_raw_p2l,vi,97,97,oracle,0.0,True,1.4901161193847656e-08
135.14893782172197,5.281223463788358,0.032779220755640215,0.010962878315060431,0.005877521104656756,0.005085357210403676,40,0,0.7966072496963735,M2_raw_huber,vi,97,97,oracle,0.0,True,1.4901161193847656e-08
144.70417455709892,5.5393188639967725,0.05931752132084879,0.010962878315060431,0.005546688575608539,0.005416189739451892,40,0,1.0,M3_global_corr,vi,97,97,oracle,0.0,True,1.4901161193847656e-08
109.56475824667058,4.886597527357667,0.04219069010009011,0.010962878315060431,0.00611071260760712,0.0048521657074533115,40,0,1.0,M4_patch_corr,vi,97,97,oracle,0.0,True,1.4901161193847656e-08
73.67080998299915,2.2872370470617827,0.025796175878231985,0.010962878315060431,0.0071262619167142445,0.003836616398346187,40,0,1.0,M5_full_corr,vi,97,97,oracle,0.0,True,1.4901161193847656e-08
150.69311814827188,3.426799517986688,0.07177214707041962,0.010795943449509226,0.0050782253462748434,0.005717718103234382,26,0,1.0,M0_raw_p2p,vi,98,98,oracle,0.0,True,1.4901161193847656e-08
149.5934034920013,2.644332502907238,0.0795674459116162,0.010795943449509226,0.005154054812207452,0.005641888637301773,40,0,1.0,M1_raw_p2l,vi,98,98,oracle,0.0,True,1.4901161193847656e-08
133.4830625268188,3.395523286982237,0.029537166463751135,0.010795943449509226,0.005647365406187073,0.005148578043322152,40,0,0.7853524580343758,M2_raw_huber,vi,98,98,oracle,0.0,True,1.4901161193847656e-08
143.075508045556,3.42259559367277,0.059841901422314485,0.010795943449509226,0.005234418484687769,0.005561524964821456,26,0,1.0,M3_global_corr,vi,98,98,oracle,0.0,True,1.4901161193847656e-08
111.18507122962545,3.5587053758223304,0.04346046948684547,0.010795943449509226,0.005748561044625798,0.0050473824048834276,34,0,1.0,M4_patch_corr,vi,98,98,oracle,0.0,True,1.4901161193847656e-08
73.68896133311156,1.3629679590860697,0.028673014827172123,0.010795943449509226,0.006872485065829121,0.0039234583836801045,40,0,1.0,M5_full_corr,vi,98,98,oracle,0.0,True,1.4901161193847656e-08
149.38511522807283,4.331555544231379,0.07373723532659354,0.011159935316780584,0.00540064242844043,0.005759292888340154,37,0,1.0,M0_raw_p2p,vi,99,99,oracle,0.0,True,1.4901161193847656e-08
148.05535609911897,3.6678110575481626,0.06828911211160231,0.011159935316780584,0.005463163164122239,0.005696772152658344,40,0,1.0,M1_raw_p2l,vi,99,99,oracle,0.0,True,1.4901161193847656e-08
130.4846677278952,4.215862708948677,0.030593503116539692,0.011159935316780584,0.006094024464379686,0.005065910852400898,40,0,0.7864290475316327,M2_raw_huber,vi,99,99,oracle,0.0,True,1.4901161193847656e-08
141.47316317859014,4.327138951511571,0.0627934377101567,0.011159935316780584,0.005556276333250602,0.0056036589835299815,36,0,1.0,M3_global_corr,vi,99,99,oracle,0.0,True,1.4901161193847656e-08
101.2734413268856,4.356718733690723,0.045306111188112314,0.011159935316780584,0.0062742474699694906,0.004885687846811093,37,0,1.0,M4_patch_corr,vi,99,99,oracle,0.0,True,1.4901161193847656e-08
71.48726758891152,1.851823246263914,0.03437403737207778,0.011159935316780584,0.007319529772513667,0.003840405544266917,23,0,1.0,M5_full_corr,vi,99,99,oracle,0.0,True,1.4901161193847656e-08
134.0081653790296,5.109672461791768,0.0579203461084813,0.008962954806648495,0.0042789258360450486,0.004684028970603446,40,0,1.0,M0_raw_p2p,vi,100,100,oracle,0.0,True,0.0
134.28445760957305,4.951896829523251,0.05705143333806966,0.008962954806648495,0.004367361107643195,0.0045955936990053,40,0,1.0,M1_raw_p2l,vi,100,100,oracle,0.0,True,0.0
122.24594092368365,4.542266947917626,0.02954817418078324,0.008962954806648495,0.004758769791866887,0.004204185014781608,40,0,0.7825629340084613,M2_raw_huber,vi,100,100,oracle,0.0,True,0.0
127.41095410524491,5.118727788273051,0.05419066525176537,0.008962954806648495,0.004430658755207452,0.004532296051441043,40,0,1.0,M3_global_corr,vi,100,100,oracle,0.0,True,0.0
83.8392519718918,4.96384519022489,0.04083346023152474,0.008962954806648495,0.005381852609271119,0.003581102197377376,40,0,1.0,M4_patch_corr,vi,100,100,oracle,0.0,True,0.0
46.00274041938339,1.929237861149902,0.025121937158902805,0.008962954806648495,0.00681458247397109,0.0021483723326774047,18,0,1.0,M5_full_corr,vi,100,100,oracle,0.0,True,0.0
144.38033884124337,5.8873271221820955,0.0685550029073404,0.010839803967962948,0.005103458204744194,0.005736345763218754,40,0,1.0,M0_raw_p2p,vi,101,101,oracle,0.0,True,0.0
145.9648316244353,6.798735072294241,0.06978046330622492,0.010839803967962948,0.0052293220973891,0.005610481870573848,40,0,1.0,M1_raw_p2l,vi,101,101,oracle,0.0,True,0.0
127.76671034548167,5.091464808847536,0.035087807736215795,0.010839803967962948,0.005887653969920124,0.004952149998042824,40,0,0.7776382390364269,M2_raw_huber,vi,101,101,oracle,0.0,True,0.0
136.39249604960924,5.886746649298009,0.06071319238627481,0.010839803967962948,0.005260862056402636,0.005578941911560312,40,0,1.0,M3_global_corr,vi,101,101,oracle,0.0,True,0.0
95.52515772391925,5.603262278361531,0.045433918938366055,0.010839803967962948,0.006240942464582381,0.004598861503380567,40,0,1.0,M4_patch_corr,vi,101,101,oracle,0.0,True,0.0
57.77518756723999,1.7742728044667728,0.03222859345232731,0.010839803967962948,0.0077554279954822085,0.0030843759724807395,27,0,1.0,M5_full_corr,vi,101,101,oracle,0.0,True,0.0
148.87172133730414,4.54653766450763,0.07468715422622349,0.011317643523773343,0.005169387280933854,0.0061482562428394885,40,0,1.0,M0_raw_p2p,vi,102,102,oracle,0.0,True,0.0
151.75095681426225,4.836089746481127,0.06870315393718887,0.011317643523773343,0.005234822381253735,0.006082821142519608,40,0,1.0,M1_raw_p2l,vi,102,102,oracle,0.0,True,0.0
130.52989303781723,3.797148866487184,0.03586406982983135,0.011317643523773343,0.005922661675062644,0.005394981848710699,40,0,0.7790636602306592,M2_raw_huber,vi,102,102,oracle,0.0,True,0.0
140.30509620206345,4.551740098910439,0.06561782964051499,0.011317643523773343,0.005323690798243686,0.005993952725529657,40,0,1.0,M3_global_corr,vi,102,102,oracle,0.0,True,0.0
99.62945542899617,4.116826709296411,0.04775861101375401,0.011317643523773343,0.006291857336974731,0.005025786186798612,34,0,1.0,M4_patch_corr,vi,102,102,oracle,0.0,True,0.0
62.08852217439163,1.0072112905071222,0.034591594387507446,0.011317643523773343,0.007735038534097922,0.003582604989675421,40,0,1.0,M5_full_corr,vi,102,102,oracle,0.0,True,0.0
149.1336892035042,4.595909456617899,0.0714536533662305,0.010852099230474282,0.0050244579540285085,0.005827641276445774,40,0,1.0,M0_raw_p2p,vi,103,103,oracle,0.0,True,0.0
152.22655687741852,5.149459974281883,0.06632505774500261,0.010852099230474282,0.005070355936280447,0.005781743294193836,40,0,1.0,M1_raw_p2l,vi,103,103,oracle,0.0,True,0.0
132.25568046664475,4.067857728195046,0.03292830146127837,0.010852099230474282,0.005707262156857187,0.005144837073617095,40,0,0.785309617961385,M2_raw_huber,vi,103,103,oracle,0.0,True,0.0
141.03865336489827,4.601176964061348,0.062389175756592405,0.010852099230474282,0.005176925627184262,0.005675173603290021,40,0,1.0,M3_global_corr,vi,103,103,oracle,0.0,True,0.0
100.7927389408494,4.445188573632289,0.04570074248572456,0.010852099230474282,0.0061136998447968134,0.004738399385677469,35,0,1.0,M4_patch_corr,vi,103,103,oracle,0.0,True,0.0
60.50980610176417,2.0720622463046667,0.031903474376557744,0.010852099230474282,0.007522700323872845,0.003329398906601437,28,0,1.0,M5_full_corr,vi,103,103,oracle,0.0,True,0.0
150.35516294887526,5.022948201094231,0.06726233630834688,0.011084094421393626,0.005179966468686557,0.005904127952707069,40,0,1.0,M0_raw_p2p,vi,104,104,oracle,0.0,True,2.1073424255447017e-08
148.77661698125408,4.406508258477911,0.061560163784328104,0.011084094421393626,0.005224333331184981,0.005859761090208645,40,0,1.0,M1_raw_p2l,vi,104,104,oracle,0.0,True,2.1073424255447017e-08
132.0613258031214,4.668923079452019,0.028989469348655452,0.011084094421393626,0.005907960315202279,0.005176134106191347,40,0,0.7852818404873313,M2_raw_huber,vi,104,104,oracle,0.0,True,2.1073424255447017e-08
142.26611593623798,5.023676087123758,0.05724601630649938,0.011084094421393626,0.005340191785663994,0.005743902635729632,40,0,1.0,M3_global_corr,vi,104,104,oracle,0.0,True,2.1073424255447017e-08
105.46302758269309,5.1758897493554885,0.04759639549833927,0.011084094421393626,0.0062912109916365136,0.004792883429757112,40,0,1.0,M4_patch_corr,vi,104,104,oracle,0.0,True,2.1073424255447017e-08
62.65472884048116,2.5336415504399548,0.034716696305340695,0.011084094421393626,0.007758160329722781,0.0033259340916708445,40,0,1.0,M5_full_corr,vi,104,104,oracle,0.0,True,2.1073424255447017e-08
143.78404514850806,3.8571720952531416,0.062262637244205526,0.010032397647000289,0.0045798161199216356,0.005452581527078653,33,0,1.0,M0_raw_p2p,vi,105,105,oracle,0.0,True,0.0
141.00243230428734,2.6815011426577793,0.06483740285503764,0.010032397647000289,0.004650411264498632,0.005381986382501656,40,0,1.0,M1_raw_p2l,vi,105,105,oracle,0.0,True,0.0
128.8718398271333,3.244983307440229,0.026969673709066663,0.010032397647000289,0.005109804953587321,0.004922592693412968,29,0,0.7771153771390915,M2_raw_huber,vi,105,105,oracle,0.0,True,0.0
136.80821859786144,3.857074087850721,0.055274289563110535,0.010032397647000289,0.0047435840630563175,0.005288813583943971,32,0,1.0,M3_global_corr,vi,105,105,oracle,0.0,True,0.0
99.72062706780231,4.4967085971952665,0.044646162845442976,0.010032397647000289,0.005713755790028075,0.0043186418569722135,28,0,1.0,M4_patch_corr,vi,105,105,oracle,0.0,True,0.0
56.98598684307788,1.8155710671325056,0.030483937439849753,0.010032397647000289,0.007118025928457187,0.0029143717185431016,28,0,1.0,M5_full_corr,vi,105,105,oracle,0.0,True,0.0
139.29281742297283,5.334731062932678,0.06151302436663209,0.009351474775965351,0.004362818289241549,0.004988656486723802,40,0,1.0,M0_raw_p2p,vi,106,106,oracle,0.0,True,0.0
136.5649841234538,4.7985427300713575,0.05680039180070316,0.009351474775965351,0.004424396556123157,0.0049270782198421945,40,0,1.0,M1_raw_p2l,vi,106,106,oracle,0.0,True,0.0
123.9142066884707,4.610395403617354,0.03120884306399729,0.009351474775965351,0.004855082199550951,0.0044963925764144,40,0,0.7867371693360721,M2_raw_huber,vi,106,106,oracle,0.0,True,0.0
132.6326352678838,5.3369409076128065,0.05562680282943755,0.009351474775965351,0.004531392344478468,0.004820082431486883,40,0,1.0,M3_global_corr,vi,106,106,oracle,0.0,True,0.0
96.50678023056975,5.671747709743133,0.03982255563201306,0.009351474775965351,0.005440497764536449,0.0039109770114289025,37,0,1.0,M4_patch_corr,vi,106,106,oracle,0.0,True,0.0
53.95633206684971,2.969796286880097,0.02778869736775216,0.009351474775965351,0.006625483483985477,0.002725991291979874,40,0,1.0,M5_full_corr,vi,106,106,oracle,0.0,True,0.0
140.73411180044528,4.45099808606616,0.06231190529243251,0.009627241579951911,0.004358747672682799,0.005268493907269112,27,0,1.0,M0_raw_p2p,vi,107,107,oracle,0.0,True,2.1073424255447017e-08
141.6331945654103,4.47126664455695,0.06199980241919382,0.009627241579951911,0.004429942307560077,0.005197299272391834,40,0,1.0,M1_raw_p2l,vi,107,107,oracle,0.0,True,2.1073424255447017e-08
127.89266566878307,3.8537890026251063,0.03268271655801697,0.009627241579951911,0.004805714327702021,0.00482152725224989,40,0,0.7880851678802354,M2_raw_huber,vi,107,107,oracle,0.0,True,2.1073424255447017e-08
134.16232194164607,4.45142064963353,0.05603186207791709,0.009627241579951911,0.004533849688891494,0.005093391891060417,27,0,1.0,M3_global_corr,vi,107,107,oracle,0.0,True,2.1073424255447017e-08
93.32849763655385,4.95215344248187,0.04104722402451836,0.009627241579951911,0.005524228484903535,0.004103013095048376,27,0,1.0,M4_patch_corr,vi,107,107,oracle,0.0,True,2.1073424255447017e-08
55.890862720537925,2.4205012732968356,0.029499856997997193,0.009627241579951911,0.006613463690911647,0.0030137778890402638,33,0,1.0,M5_full_corr,vi,107,107,oracle,0.0,True,2.1073424255447017e-08
152.58342760433018,4.067371608672691,0.07317245748207521,0.011101620973218398,0.005009929117592003,0.006091691855626395,35,0,1.0,M0_raw_p2p,vi,108,108,oracle,0.0,True,1.4901161193847656e-08
153.21980904699467,3.9059447830938745,0.06423909605065935,0.011101620973218398,0.0050822737079491784,0.006019347265269219,40,0,1.0,M1_raw_p2l,vi,108,108,oracle,0.0,True,1.4901161193847656e-08
134.614974171632,3.3536569603291237,0.035317653193923916,0.011101620973218398,0.005596216403215138,0.00550540457000326,40,0,0.7902688713650147,M2_raw_huber,vi,108,108,oracle,0.0,True,1.4901161193847656e-08
144.62273933211432,4.068081873189559,0.062787487459186,0.011101620973218398,0.005170164800761016,0.005931456172457382,35,0,1.0,M3_global_corr,vi,108,108,oracle,0.0,True,1.4901161193847656e-08
107.44860723931708,4.410522584653262,0.04609484015553988,0.011101620973218398,0.006027475867095185,0.005074145106123213,28,0,1.0,M4_patch_corr,vi,108,108,oracle,0.0,True,1.4901161193847656e-08
69.52975646847759,2.3331186694828085,0.033924147355426815,0.011101620973218398,0.007126497825795863,0.003975123147422535,34,0,1.0,M5_full_corr,vi,108,108,oracle,0.0,True,1.4901161193847656e-08
155.3584182942719,5.410446484977182,0.072592673592215,0.011519303518804733,0.005304860393344192,0.006214443125460541,40,0,1.0,M0_raw_p2p,vi,109,109,oracle,0.0,True,1.4901161193847656e-08
158.70876124213498,5.239444714658481,0.06622863141688398,0.011519303518804733,0.0053606335996269445,0.006158669919177789,40,0,1.0,M1_raw_p2l,vi,109,109,oracle,0.0,True,1.4901161193847656e-08
135.47880327575157,4.703976066208016,0.03513029893656097,0.011519303518804733,0.006037440484788319,0.005481863034016415,40,0,0.7861950600942369,M2_raw_huber,vi,109,109,oracle,0.0,True,1.4901161193847656e-08
147.40819788877468,5.406597767934388,0.06227390003483938,0.011519303518804733,0.005471456495773621,0.006047847023031112,40,0,1.0,M3_global_corr,vi,109,109,oracle,0.0,True,1.4901161193847656e-08
111.8481387855971,5.8662270943723405,0.04476799259405957,0.011519303518804733,0.006245284481958542,0.0052740190368461915,40,0,1.0,M4_patch_corr,vi,109,109,oracle,0.0,True,1.4901161193847656e-08
72.84561154438929,3.8094668127961513,0.03245733769479772,0.011519303518804733,0.007362935531452251,0.004156367987352482,40,0,1.0,M5_full_corr,vi,109,109,oracle,0.0,True,1.4901161193847656e-08
154.93103432159253,4.247279631159857,0.07014392406493607,0.011225393303748792,0.005401364811524054,0.005824028492224738,35,0,1.0,M0_raw_p2p,vi,110,110,oracle,0.0,True,0.0
155.06119974718703,4.129143021496469,0.06490560015323829,0.011225393303748792,0.005479597760551821,0.005745795543196971,40,0,1.0,M1_raw_p2l,vi,110,110,oracle,0.0,True,0.0
133.85862196668285,3.810357152782886,0.030951881599189053,0.011225393303748792,0.006148443025937812,0.00507695027781098,40,0,0.7800919096890058,M2_raw_huber,vi,110,110,oracle,0.0,True,0.0
147.13107333569585,4.247677657881966,0.059278105426088315,0.011225393303748792,0.005565304496191362,0.0056600888075574295,35,0,1.0,M3_global_corr,vi,110,110,oracle,0.0,True,0.0
110.12055380925666,4.205343085598151,0.04317268813431707,0.011225393303748792,0.006387235255477613,0.004838158048271179,35,0,1.0,M4_patch_corr,vi,110,110,oracle,0.0,True,0.0
71.1199930127126,3.1449545653896482,0.030250221378723068,0.011225393303748792,0.007410422227794712,0.00381497107595408,40,0,1.0,M5_full_corr,vi,110,110,oracle,0.0,True,0.0
151.60713963371862,3.4788606302620155,0.07061342242178663,0.011262821522660378,0.005374067066591985,0.005888754456068393,22,0,1.0,M0_raw_p2p,vi,111,111,oracle,0.0,True,0.0
151.29336171183115,2.042643270842909,0.06230144440568476,0.011262821522660378,0.005460402455560851,0.005802419067099527,40,0,1.0,M1_raw_p2l,vi,111,111,oracle,0.0,True,0.0
132.13325340052887,3.0682455532288873,0.02742516285272525,0.011262821522660378,0.006145854560483183,0.005116966962177194,40,0,0.7818214934607026,M2_raw_huber,vi,111,111,oracle,0.0,True,0.0
143.43668781139624,3.474279645220417,0.0592484186733098,0.011262821522660378,0.0055310821101018206,0.005731739412558557,22,0,1.0,M3_global_corr,vi,111,111,oracle,0.0,True,0.0
109.91922203044197,4.050939255737649,0.04252928305115953,0.011262821522660378,0.006365999374291541,0.004896822148368837,40,0,1.0,M4_patch_corr,vi,111,111,oracle,0.0,True,0.0
75.94582319691882,3.1775972929023855,0.031234007498386507,0.011262821522660378,0.007270810327416141,0.003992011195244237,33,0,1.0,M5_full_corr,vi,111,111,oracle,0.0,True,0.0
141.60235729512584,4.992766206425821,0.06320800396247879,0.009890661393502115,0.004617146997962326,0.005273514395539788,40,0,1.0,M0_raw_p2p,vi,112,112,oracle,0.0,True,0.0
145.0706083513433,4.251038809990609,0.059232578143714,0.009890661393502115,0.004695289364155724,0.005195372029346391,40,0,1.0,M1_raw_p2l,vi,112,112,oracle,0.0,True,0.0
127.69626249774427,4.4896525376349,0.027030601820917374,0.009890661393502115,0.005228312317906229,0.004662349075595886,40,0,0.7693573769990582,M2_raw_huber,vi,112,112,oracle,0.0,True,0.0
134.59123448632494,4.989819335707247,0.05620057348468637,0.009890661393502115,0.00475316584586084,0.005137495547641275,40,0,1.0,M3_global_corr,vi,112,112,oracle,0.0,True,0.0
101.47515328050658,5.587426306831842,0.04055316426701389,0.009890661393502115,0.005522269552286808,0.004368391841215307,40,0,1.0,M4_patch_corr,vi,112,112,oracle,0.0,True,0.0
63.6446442175556,4.232965969769565,0.031955787136297376,0.009890661393502115,0.006541098471429127,0.0033495629220729878,40,0,1.0,M5_full_corr,vi,112,112,oracle,0.0,True,0.0
147.2192248697433,4.473997149180935,0.07006137320838204,0.010975670826659184,0.005255804440179351,0.005719866386479833,20,0,1.0,M0_raw_p2p,vi,113,113,oracle,0.0,True,1.4901161193847656e-08
150.51131423700627,3.9745391215992423,0.06169458228370545,0.010975670826659184,0.005360959973962909,0.005614710852696275,40,0,1.0,M1_raw_p2l,vi,113,113,oracle,0.0,True,1.4901161193847656e-08
126.84885533158905,3.81380255386726,0.03390259508821357,0.010975670826659184,0.006090982440647054,0.004884688386012129,40,0,0.7841309775422182,M2_raw_huber,vi,113,113,oracle,0.0,True,1.4901161193847656e-08
139.14976097397482,4.45966243973569,0.06010969890349309,0.010975670826659184,0.005412258311272899,0.005563412515386285,21,0,1.0,M3_global_corr,vi,113,113,oracle,0.0,True,1.4901161193847656e-08
108.94057265265808,5.09777547212774,0.04332691016775827,0.010975670826659184,0.006138657449925703,0.004837013376733481,25,0,1.0,M4_patch_corr,vi,113,113,oracle,0.0,True,1.4901161193847656e-08
73.71892491336723,3.260582181312562,0.03646194009770915,0.010975670826659184,0.0071761273866100365,0.003799543440049147,40,0,1.0,M5_full_corr,vi,113,113,oracle,0.0,True,1.4901161193847656e-08
142.97439667322945,4.226165832479542,0.06118014435068841,0.00963617938987968,0.004538799832825398,0.005097379557054283,40,0,1.0,M0_raw_p2p,vi,114,114,oracle,0.0,True,0.0
139.2911190789472,3.658441567954332,0.07065066513977585,0.00963617938987968,0.004616435650904046,0.005019743738975634,40,0,1.0,M1_raw_p2l,vi,114,114,oracle,0.0,True,0.0
128.43710912112917,3.3343703109018943,0.03202725471641897,0.00963617938987968,0.005078349242493323,0.004557830147386357,25,0,0.7814837244004517,M2_raw_huber,vi,114,114,oracle,0.0,True,0.0
136.17078265767967,4.226173915019787,0.05559994379655713,0.00963617938987968,0.004688398605730986,0.0049477807841486945,40,0,1.0,M3_global_corr,vi,114,114,oracle,0.0,True,0.0
103.0942430318242,5.413302044906092,0.040446138387396795,0.00963617938987968,0.005358165923477319,0.004278013466402362,40,0,1.0,M4_patch_corr,vi,114,114,oracle,0.0,True,0.0
65.83203118232751,3.262740662316314,0.03248167687462341,0.00963617938987968,0.006419222943596873,0.0032169564462828076,23,0,1.0,M5_full_corr,vi,114,114,oracle,0.0,True,0.0
144.91023061336486,5.377881077119972,0.06370317237641669,0.009380329292244029,0.004205632397047854,0.005174696895196175,38,0,1.0,M0_raw_p2p,vi,115,115,oracle,0.0,True,0.0
143.98864092813093,5.432369430244895,0.056850768563971206,0.009380329292244029,0.004242415161980328,0.005137914130263701,34,0,1.0,M1_raw_p2l,vi,115,115,oracle,0.0,True,0.0
131.67101519655137,4.461143219567791,0.03214667279811925,0.009380329292244029,0.004670313766435025,0.004710015525809004,40,0,0.7815183213729577,M2_raw_huber,vi,115,115,oracle,0.0,True,0.0
138.51207118234697,5.377881077119992,0.05746116293042749,0.009380329292244029,0.004350559556670387,0.005029769735573642,37,0,1.0,M3_global_corr,vi,115,115,oracle,0.0,True,0.0
101.11779588700354,6.260478040121594,0.03903052267612166,0.009380329292244029,0.0050867262831267995,0.0042936030091172295,40,0,1.0,M4_patch_corr,vi,115,115,oracle,0.0,True,0.0
64.39301404857267,4.139137760189081,0.030806284807198818,0.009380329292244029,0.006060091534797987,0.003320237757446042,40,0,1.0,M5_full_corr,vi,115,115,oracle,0.0,True,0.0
149.922433238019,4.751034371055729,0.06946114855874891,0.01051852948371606,0.004931093601649199,0.005587435882066861,23,0,1.0,M0_raw_p2p,vi,116,116,oracle,0.0,True,1.4901161193847656e-08
148.7919174828091,4.566693978414894,0.06716715654787177,0.01051852948371606,0.004996028049686667,0.005522501434029394,40,0,1.0,M1_raw_p2l,vi,116,116,oracle,0.0,True,1.4901161193847656e-08
132.49108206217167,3.924102658312261,0.03345215184167815,0.01051852948371606,0.005573546441070341,0.0049449830426457194,40,0,0.7776096823491583,M2_raw_huber,vi,116,116,oracle,0.0,True,1.4901161193847656e-08
142.66376714661118,4.753288258910461,0.06092054868882742,0.01051852948371606,0.005078990244599591,0.00543953923911647,24,0,1.0,M3_global_corr,vi,116,116,oracle,0.0,True,1.4901161193847656e-08
106.67046083499825,5.361604554640608,0.04012127681272877,0.01051852948371606,0.005846536862344665,0.004671992621371396,35,0,1.0,M4_patch_corr,vi,116,116,oracle,0.0,True,1.4901161193847656e-08
69.49269856082084,3.161862045511894,0.03127251922533382,0.01051852948371606,0.006895788042400419,0.0036227414413156417,33,0,1.0,M5_full_corr,vi,116,116,oracle,0.0,True,1.4901161193847656e-08
153.56907382298374,4.998489937898328,0.07336937340825567,0.011212045542538058,0.005322852022461648,0.00588919352007641,40,0,1.0,M0_raw_p2p,vi,117,117,oracle,0.0,True,0.0
150.14078168510298,4.743032231021442,0.0643554829497144,0.011212045542538058,0.005433798216527979,0.005778247326010079,29,0,1.0,M1_raw_p2l,vi,117,117,oracle,0.0,True,0.0
134.61899360076987,4.44208554308321,0.03211187956228748,0.011212045542538058,0.005994238398290071,0.005217807144247987,26,0,0.7926465765674418,M2_raw_huber,vi,117,117,oracle,0.0,True,0.0
145.8146113645784,4.997482124874769,0.06137018220671346,0.011212045542538058,0.00547775614491587,0.005734289397622188,40,0,1.0,M3_global_corr,vi,117,117,oracle,0.0,True,0.0
111.33707366003364,6.035941743515086,0.04292100703031545,0.011212045542538058,0.006227582971292541,0.004984462571245517,40,0,1.0,M4_patch_corr,vi,117,117,oracle,0.0,True,0.0
74.42860087513313,4.113595759154325,0.036347989346383225,0.011212045542538058,0.007221408613045578,0.00399063692949248,40,0,1.0,M5_full_corr,vi,117,117,oracle,0.0,True,0.0
153.83096097291065,5.5359142110351565,0.07656204732429854,0.01158741836238044,0.005424103637000029,0.006163314725380412,40,0,1.0,M0_raw_p2p,vi,118,118,oracle,0.0,True,2.1073424255447017e-08
150.53019641877384,4.739031008958476,0.0740114371173391,0.01158741836238044,0.00554794364963091,0.00603947471274953,40,0,1.0,M1_raw_p2l,vi,118,118,oracle,0.0,True,2.1073424255447017e-08
133.9651839763251,5.381654980092339,0.032850198390802735,0.01158741836238044,0.006130778850376166,0.005456639512004274,40,0,0.7966832517528878,M2_raw_huber,vi,118,118,oracle,0.0,True,2.1073424255447017e-08
145.17259694935856,5.536628622733961,0.06459426818734362,0.01158741836238044,0.005571847894953999,0.006015570467426441,40,0,1.0,M3_global_corr,vi,118,118,oracle,0.0,True,2.1073424255447017e-08
114.57858644052031,6.543625287880886,0.04424512423421196,0.01158741836238044,0.006241151235076102,0.005346267127304338,40,0,1.0,M4_patch_corr,vi,118,118,oracle,0.0,True,2.1073424255447017e-08
78.83158745287706,4.798628136842326,0.035387163454537664,0.01158741836238044,0.007184835213772735,0.004402583148607705,40,0,1.0,M5_full_corr,vi,118,118,oracle,0.0,True,2.1073424255447017e-08
157.36190051746766,4.680253119728834,0.0727474268274252,0.011219437804028573,0.005030608301320513,0.006188829502708061,25,0,1.0,M0_raw_p2p,vi,119,119,oracle,0.0,True,0.0
157.71249219009897,3.424527029722776,0.06118201575757792,0.011219437804028573,0.005102518367291096,0.006116919436737477,40,0,1.0,M1_raw_p2l,vi,119,119,oracle,0.0,True,0.0
139.19079843739325,4.1162638086618895,0.03211285084962991,0.011219437804028573,0.00575369704534895,0.005465740758679624,40,0,0.7892611716857912,M2_raw_huber,vi,119,119,oracle,0.0,True,0.0
149.25668911993594,4.675638678588125,0.06141948036101549,0.011219437804028573,0.005177151332152464,0.006042286471876109,25,0,1.0,M3_global_corr,vi,119,119,oracle,0.0,True,0.0
120.71442754889102,5.915857212373739,0.04136445562382851,0.011219437804028573,0.00582711160177992,0.005392326202248654,32,0,1.0,M4_patch_corr,vi,119,119,oracle,0.0,True,0.0
85.2392164171986,4.31599674008575,0.03913348584526466,0.011219437804028573,0.00673559515746089,0.004483842646567683,36,0,1.0,M5_full_corr,vi,119,119,oracle,0.0,True,0.0
158.48341278192467,5.194079169962836,0.06814538541356309,0.010572633470327839,0.004527461457705462,0.006045172012622377,21,0,1.0,M0_raw_p2p,vi,120,120,oracle,0.0,True,2.1073424255447017e-08
161.67939433264524,4.7477126696926435,0.05849459133549365,0.010572633470327839,0.004614417820900847,0.0059582156494269916,40,0,1.0,M1_raw_p2l,vi,120,120,oracle,0.0,True,2.1073424255447017e-08
141.1590681495923,4.350669685344371,0.034121430776696736,0.010572633470327839,0.005142006584497505,0.005430626885830334,40,0,0.7890766130831534,M2_raw_huber,vi,120,120,oracle,0.0,True,2.1073424255447017e-08
150.8485438616509,5.19293429842226,0.05965446608460561,0.010572633470327839,0.004675454552588344,0.005897178917739495,21,0,1.0,M3_global_corr,vi,120,120,oracle,0.0,True,2.1073424255447017e-08
123.44939701113321,6.373867688220812,0.04354312938625568,0.010572633470327839,0.00530045491794852,0.005272178552379319,40,0,1.0,M4_patch_corr,vi,120,120,oracle,0.0,True,2.1073424255447017e-08
82.07109615426599,3.698390078270529,0.03704288469628922,0.010572633470327839,0.0062801490234604415,0.004292484446867397,38,0,1.0,M5_full_corr,vi,120,120,oracle,0.0,True,2.1073424255447017e-08
163.0950185729123,6.0092930441585946,0.06826675423558233,0.01097869285693891,0.004555015465490412,0.006423677391448499,37,0,1.0,M0_raw_p2p,vi,121,121,oracle,0.0,True,1.4901161193847656e-08
164.4509465290779,6.183146961293583,0.06675319574653553,0.01097869285693891,0.004652097531931537,0.006326595325007373,40,0,1.0,M1_raw_p2l,vi,121,121,oracle,0.0,True,1.4901161193847656e-08
146.40415794726223,5.35285887486194,0.032940144461429934,0.01097869285693891,0.005177854416556128,0.005800838440382782,40,0,0.7837358405107104,M2_raw_huber,vi,121,121,oracle,0.0,True,1.4901161193847656e-08
155.77386570960815,6.008520834719889,0.0617476427486521,0.01097869285693891,0.004693656522427949,0.006285036334510961,36,0,1.0,M3_global_corr,vi,121,121,oracle,0.0,True,1.4901161193847656e-08
125.094910170293,7.249135821965966,0.04443631241895735,0.01097869285693891,0.005324937973036725,0.005653754883902185,40,0,1.0,M4_patch_corr,vi,121,121,oracle,0.0,True,1.4901161193847656e-08
83.85464108040539,4.816186421883964,0.035807795192785825,0.01097869285693891,0.006261274652486506,0.004717418204452405,40,0,1.0,M5_full_corr,vi,121,121,oracle,0.0,True,1.4901161193847656e-08
165.7026831257924,4.898303239405557,0.08012948932835533,0.011829750085629927,0.0047988995840184704,0.007030850501611456,23,0,1.0,M0_raw_p2p,vi,122,122,oracle,0.0,True,0.0
167.983801337237,4.597231678723375,0.07513120375142997,0.011829750085629927,0.004850737758011365,0.006979012327618561,40,0,1.0,M1_raw_p2l,vi,122,122,oracle,0.0,True,0.0
148.39727748126472,4.191282422295099,0.038515001304694214,0.011829750085629927,0.005403229668401781,0.006426520417228146,40,0,0.7905912830528855,M2_raw_huber,vi,122,122,oracle,0.0,True,0.0
157.02846787897744,4.906755008964105,0.07045154455969092,0.011829750085629927,0.004948029940790295,0.006881720144839632,21,0,1.0,M3_global_corr,vi,122,122,oracle,0.0,True,0.0
127.6970643874385,5.645394786887146,0.05030928907451816,0.011829750085629927,0.005558237887312384,0.006271512198317543,28,0,1.0,M4_patch_corr,vi,122,122,oracle,0.0,True,0.0
84.23190682468413,3.5483597680191026,0.036182653998048216,0.011829750085629927,0.006722406179234831,0.0051073439063950956,33,0,1.0,M5_full_corr,vi,122,122,oracle,0.0,True,0.0
173.17186035793398,4.97934691451544,0.08992637679961328,0.01325479643728995,0.0052763665120794225,0.007978429925210528,29,0,1.0,M0_raw_p2p,vi,123,123,oracle,0.0,True,0.0
173.5947528454394,4.111074539314427,0.08576169365513123,0.01325479643728995,0.005345978867286933,0.007908817570003017,40,0,1.0,M1_raw_p2l,vi,123,123,oracle,0.0,True,0.0
154.0236394261045,4.482104127200869,0.03839392315130057,0.01325479643728995,0.005890161814528503,0.007364634622761447,40,0,0.7996052337395357,M2_raw_huber,vi,123,123,oracle,0.0,True,0.0
163.71434998870632,4.979978714015496,0.0778970266567567,0.01325479643728995,0.005428798278408339,0.00782599815888161,29,0,1.0,M3_global_corr,vi,123,123,oracle,0.0,True,0.0
135.17431260242338,5.818246489943843,0.05644462740718036,0.01325479643728995,0.006067673550097021,0.007187122887192929,29,0,1.0,M4_patch_corr,vi,123,123,oracle,0.0,True,0.0
89.52732788661802,4.252480977769042,0.034585010495780964,0.01325479643728995,0.00743911287258044,0.00581568356470951,40,0,1.0,M5_full_corr,vi,123,123,oracle,0.0,True,0.0
179.55956163217843,5.372625810235938,0.10178034422545139,0.014756884484317301,0.005758436537554698,0.008998447946762602,36,0,1.0,M0_raw_p2p,vi,124,124,oracle,0.0,True,1.4901161193847656e-08
179.41380618044073,3.779079147638829,0.09650672563210605,0.014756884484317301,0.005864604589448878,0.008892279894868422,40,0,1.0,M1_raw_p2l,vi,124,124,oracle,0.0,True,1.4901161193847656e-08
160.35695218730135,5.063797432554844,0.04206950783002165,0.014756884484317301,0.006286727640593276,0.008470156843724024,40,0,0.8070912929765772,M2_raw_huber,vi,124,124,oracle,0.0,True,1.4901161193847656e-08
169.00195683075577,5.351121097396014,0.0874755275096817,0.014756884484317301,0.005928836942386818,0.008828047541930483,32,0,1.0,M3_global_corr,vi,124,124,oracle,0.0,True,1.4901161193847656e-08
139.72214676178558,6.49472903258132,0.0660834695002794,0.014756884484317301,0.006571037539555415,0.008185846944761887,37,0,1.0,M4_patch_corr,vi,124,124,oracle,0.0,True,1.4901161193847656e-08
97.4601510647939,5.481144266731896,0.03826711404348279,0.014756884484317301,0.007943142267464363,0.006813742216852938,40,0,1.0,M5_full_corr,vi,124,124,oracle,0.0,True,1.4901161193847656e-08
171.70794254473446,5.297967763182165,0.09303397853054414,0.012739904022836288,0.005088594007937256,0.007651310014899032,28,0,1.0,M0_raw_p2p,vi,125,125,oracle,0.0,True,0.0
173.96656957028637,4.78447011922913,0.08922409320310659,0.012739904022836288,0.005182530108163739,0.0075573739146725495,40,0,1.0,M1_raw_p2l,vi,125,125,oracle,0.0,True,0.0
154.764879565075,5.425254862025802,0.03774267706780434,0.012739904022836288,0.005504835405435797,0.007235068617400491,40,0,0.8142115810285994,M2_raw_huber,vi,125,125,oracle,0.0,True,0.0
162.1264332312645,5.295441494073414,0.0765468612040209,0.012739904022836288,0.0052606800827214705,0.007479223940114818,28,0,1.0,M3_global_corr,vi,125,125,oracle,0.0,True,0.0
131.38993363748898,6.663135911425856,0.0568547183107289,0.012739904022836288,0.005843456357798407,0.0068964476650378815,40,0,1.0,M4_patch_corr,vi,125,125,oracle,0.0,True,0.0
97.85091726923964,6.122578378614142,0.03370092852359422,0.012739904022836288,0.006832134827419643,0.005907769195416645,40,0,1.0,M5_full_corr,vi,125,125,oracle,0.0,True,0.0
157.97110075949666,4.633436460970543,0.0777748983344676,0.010504139174471338,0.0042596535270558065,0.006244485647415531,27,0,1.0,M0_raw_p2p,vi,126,126,oracle,0.0,True,1.4901161193847656e-08
159.94612027069869,4.063384332237474,0.08645562175207913,0.010504139174471338,0.004323046901429823,0.006181092273041515,40,0,1.0,M1_raw_p2l,vi,126,126,oracle,0.0,True,1.4901161193847656e-08
145.1172579126868,4.268075903414993,0.034341529621723765,0.010504139174471338,0.004549980445862007,0.00595415872860933,40,0,0.8186056019229788,M2_raw_huber,vi,126,126,oracle,0.0,True,1.4901161193847656e-08
149.84248478619978,4.62421834960269,0.0632560891453501,0.010504139174471338,0.004443158746383606,0.006060980428087732,26,0,1.0,M3_global_corr,vi,126,126,oracle,0.0,True,1.4901161193847656e-08
120.6639831942623,5.749502293177535,0.042944293022959434,0.010504139174471338,0.00498934187694926,0.005514797297522077,40,0,1.0,M4_patch_corr,vi,126,126,oracle,0.0,True,1.4901161193847656e-08
78.37321257931778,2.9782791637848365,0.024824835300864493,0.010504139174471338,0.006317591034443894,0.004186548140027444,38,0,1.0,M5_full_corr,vi,126,126,oracle,0.0,True,1.4901161193847656e-08
169.00418317221917,5.15877230574688,0.09016287041636076,0.01259569467776856,0.005123062825951987,0.0074726318518165726,23,0,1.0,M0_raw_p2p,vi,127,127,oracle,0.0,True,0.0
167.41827915320744,4.388311074471434,0.08223640814036694,0.01259569467776856,0.005200969620683087,0.007394725057085472,40,0,1.0,M1_raw_p2l,vi,127,127,oracle,0.0,True,0.0
153.11565862417,4.306127673956462,0.04038927732721042,0.01259569467776856,0.005487571437553364,0.007108123240215195,40,0,0.8176572614018511,M2_raw_huber,vi,127,127,oracle,0.0,True,0.0
159.76660078714843,5.156906167863547,0.07437593578859754,0.01259569467776856,0.005295883267975119,0.00729981140979344,23,0,1.0,M3_global_corr,vi,127,127,oracle,0.0,True,0.0
130.24097487989135,5.626595591984976,0.05185859375989738,0.01259569467776856,0.0058710082710793825,0.006724686406689177,33,0,1.0,M4_patch_corr,vi,127,127,oracle,0.0,True,0.0
85.09246655007125,3.017750267509227,0.0309638773528602,0.01259569467776856,0.0074221313554133275,0.005173563322355232,40,0,1.0,M5_full_corr,vi,127,127,oracle,0.0,True,0.0
177.00262098992465,5.224223521507612,0.10144171633264587,0.01446145415706192,0.005563754828193535,0.008897699328868384,22,0,1.0,M0_raw_p2p,vi,128,128,oracle,0.0,True,0.0
180.45972057289566,5.280660767497485,0.09768742785421851,0.01446145415706192,0.005666029456214813,0.008795424700847106,40,0,1.0,M1_raw_p2l,vi,128,128,oracle,0.0,True,0.0
159.06446443272714,4.450046332701605,0.04399163983952448,0.01446145415706192,0.005918859321441029,0.00854259483562089,40,0,0.8115669115295255,M2_raw_huber,vi,128,128,oracle,0.0,True,0.0
166.52628465481624,5.223349188305945,0.08565272228188796,0.01446145415706192,0.005735935722723866,0.008725518434338053,22,0,1.0,M3_global_corr,vi,128,128,oracle,0.0,True,0.0
140.19255799519556,5.208789144748071,0.062289033152626426,0.01446145415706192,0.006338051681432731,0.008123402475629187,26,0,1.0,M4_patch_corr,vi,128,128,oracle,0.0,True,0.0
94.68244437874789,2.948022123042361,0.039743476599423753,0.01446145415706192,0.008020139026502573,0.006441315130559346,37,0,1.0,M5_full_corr,vi,128,128,oracle,0.0,True,0.0
181.34428975992185,6.015444101125957,0.10532643805819313,0.015638537743436026,0.006164413012954721,0.009474124730481304,40,0,1.0,M0_raw_p2p,vi,129,129,oracle,0.0,True,0.0
186.8078756386024,5.354413919845061,0.10231045266205951,0.015638537743436026,0.006300113674485266,0.00933842406895076,40,0,1.0,M1_raw_p2l,vi,129,129,oracle,0.0,True,0.0
161.1570867820051,5.581847431188272,0.04232626128310334,0.015638537743436026,0.006633013417593719,0.009005524325842305,40,0,0.8067990143031327,M2_raw_huber,vi,129,129,oracle,0.0,True,0.0
170.54088789856058,6.0115902843555205,0.0901459843801612,0.015638537743436026,0.006343173567018606,0.00929536417641742,40,0,1.0,M3_global_corr,vi,129,129,oracle,0.0,True,0.0
147.33599600944132,5.99184599119481,0.06569091858250481,0.015638537743436026,0.0069527951911280425,0.008685742552307984,39,0,1.0,M4_patch_corr,vi,129,129,oracle,0.0,True,0.0
105.41880105759843,3.863773761899443,0.042961285198095236,0.015638537743436026,0.00846217846322468,0.007176359280211346,27,0,1.0,M5_full_corr,vi,129,129,oracle,0.0,True,0.0
170.11749482180932,4.216859226933673,0.08678127837334149,0.013461625415383309,0.005820228271671132,0.007641397143712177,25,0,1.0,M0_raw_p2p,vi,130,130,oracle,0.0,True,0.0
175.3763027354004,3.388380771182127,0.08146573211910882,0.013461625415383309,0.005992138570778177,0.007469486844605132,40,0,1.0,M1_raw_p2l,vi,130,130,oracle,0.0,True,0.0
147.00124343421362,4.035065658387611,0.03482739267629313,0.013461625415383309,0.006746152646054344,0.006715472769328965,40,0,0.7924341783730029,M2_raw_huber,vi,130,130,oracle,0.0,True,0.0
160.54823569840823,4.195939994950262,0.07349919023643399,0.013461625415383309,0.005984694906798536,0.007476930508584773,23,0,1.0,M3_global_corr,vi,130,130,oracle,0.0,True,0.0
135.9867625945082,4.963343374179429,0.04854988780576294,0.013461625415383309,0.006641473490507776,0.006820151924875533,27,0,1.0,M4_patch_corr,vi,130,130,oracle,0.0,True,0.0
97.2359754011564,3.3967205501883035,0.03352336904068212,0.013461625415383309,0.007822485914011787,0.005639139501371522,34,0,1.0,M5_full_corr,vi,130,130,oracle,0.0,True,0.0
165.7954790920251,4.828190324177673,0.07686607556888818,0.012579889207137108,0.005651621684757229,0.006928267522379879,38,0,1.0,M0_raw_p2p,vi,131,131,oracle,0.0,True,0.0
168.20016562778562,4.400265736282784,0.08422491924635542,0.012579889207137108,0.005813876869904855,0.0067660123372322535,40,0,1.0,M1_raw_p2l,vi,131,131,oracle,0.0,True,0.0
144.28456022609762,4.476413349188193,0.028087260927980282,0.012579889207137108,0.006543650121791202,0.006036239085345906,40,0,0.7816080656266463,M2_raw_huber,vi,131,131,oracle,0.0,True,0.0
156.54542298773643,4.834933137251675,0.06448566604648061,0.012579889207137108,0.005805629677512005,0.006774259529625103,40,0,1.0,M3_global_corr,vi,131,131,oracle,0.0,True,0.0
131.53415688322974,6.625411100754254,0.04159815753159191,0.012579889207137108,0.00643257601683223,0.006147313190304878,40,0,1.0,M4_patch_corr,vi,131,131,oracle,0.0,True,0.0
101.12971308064515,4.702829151564068,0.03382238999115734,0.012579889207137108,0.007116998983406032,0.005462890223731076,36,0,1.0,M5_full_corr,vi,131,131,oracle,0.0,True,0.0
157.67035484980153,5.519522960338501,0.06856641208872456,0.011207989248946455,0.004979510408891524,0.006228478840054931,40,0,1.0,M0_raw_p2p,vi,132,132,oracle,0.0,True,0.0
156.47793018355318,4.639048050694833,0.07645963474933895,0.011207989248946455,0.005084043239162927,0.006123946009783528,40,0,1.0,M1_raw_p2l,vi,132,132,oracle,0.0,True,0.0
139.88333230485557,5.123329403100132,0.030888466349146142,0.011207989248946455,0.005685361860087004,0.005522627388859451,40,0,0.782863737358296,M2_raw_huber,vi,132,132,oracle,0.0,True,0.0
149.50224564291713,5.513315510090894,0.05932902721524156,0.011207989248946455,0.005135233618903494,0.006072755630042961,40,0,1.0,M3_global_corr,vi,132,132,oracle,0.0,True,0.0
125.12766188120119,7.008704360713645,0.03976139577973834,0.011207989248946455,0.005701621434241044,0.0055063678147054115,40,0,1.0,M4_patch_corr,vi,132,132,oracle,0.0,True,0.0
94.66490810220971,4.50147385084825,0.03401307900655241,0.011207989248946455,0.006295609858861321,0.004912379390085134,40,0,1.0,M5_full_corr,vi,132,132,oracle,0.0,True,0.0
155.9929060615343,4.611392793810133,0.06874695911548649,0.011302156588266037,0.005227954347226651,0.006074202241039386,36,0,1.0,M0_raw_p2p,vi,133,133,oracle,0.0,True,0.0
155.46355956042598,3.991442097192211,0.06448636277678584,0.011302156588266037,0.005275156662806938,0.006026999925459099,40,0,1.0,M1_raw_p2l,vi,133,133,oracle,0.0,True,0.0
138.45791371996805,3.67570047100325,0.034945621782011646,0.011302156588266037,0.006033387316788345,0.005268769271477692,40,0,0.7799968818054492,M2_raw_huber,vi,133,133,oracle,0.0,True,0.0
147.86031045956915,4.612404184459334,0.05969113410181756,0.011302156588266037,0.005394560943142721,0.005907595645123317,35,0,1.0,M3_global_corr,vi,133,133,oracle,0.0,True,0.0
124.72973386601102,5.733905797097426,0.042667747638817664,0.011302156588266037,0.005897193742492189,0.005404962845773849,40,0,1.0,M4_patch_corr,vi,133,133,oracle,0.0,True,0.0
85.07756129891214,2.872196359691196,0.03426662220622262,0.011302156588266037,0.0068013515541204,0.004500805034145637,40,0,1.0,M5_full_corr,vi,133,133,oracle,0.0,True,0.0
166.86330740421408,5.100147107624256,0.08136997520753632,0.012945077657432927,0.005877206858447206,0.007067870798985721,29,0,1.0,M0_raw_p2p,vi,134,134,oracle,0.0,True,0.0
168.28544451889127,4.714740874376862,0.07309195597598551,0.012945077657432927,0.005992262929178621,0.006952814728254306,40,0,1.0,M1_raw_p2l,vi,134,134,oracle,0.0,True,0.0
144.8546922931333,4.203060158855789,0.035986772909331,0.012945077657432927,0.006849574499173544,0.0060955031582593825,40,0,0.782329475607108,M2_raw_huber,vi,134,134,oracle,0.0,True,0.0
157.91198581322607,5.099774510076885,0.0687679765443487,0.012945077657432927,0.0060496581072813855,0.006895419550151541,28,0,1.0,M3_global_corr,vi,134,134,oracle,0.0,True,0.0
128.8403860422288,5.796791149987237,0.05220146719761944,0.012945077657432927,0.006655686471581162,0.006289391185851765,37,0,1.0,M4_patch_corr,vi,134,134,oracle,0.0,True,0.0
90.73032502547136,2.654340511859076,0.03873331344893941,0.012945077657432927,0.007554285353236138,0.005390792304196789,29,0,1.0,M5_full_corr,vi,134,134,oracle,0.0,True,0.0
172.5600364430163,5.482565181114687,0.09012674942653207,0.013208861143229259,0.005772585802792447,0.0074362753404368116,40,0,1.0,M0_raw_p2p,vi,135,135,oracle,0.0,True,1.4901161193847656e-08
173.70082559724818,5.472917245843903,0.09301294593765949,0.013208861143229259,0.0058571489109785855,0.007351712232250673,40,0,1.0,M1_raw_p2l,vi,135,135,oracle,0.0,True,1.4901161193847656e-08
150.81849969474501,4.779772244749091,0.0386465404789489,0.013208861143229259,0.006383810652404212,0.0068250504908250464,40,0,0.7990038525936038,M2_raw_huber,vi,135,135,oracle,0.0,True,1.4901161193847656e-08
163.64479136167876,5.483440505108788,0.07440113890252345,0.013208861143229259,0.005956664230012467,0.007252196913216792,40,0,1.0,M3_global_corr,vi,135,135,oracle,0.0,True,1.4901161193847656e-08
129.07589923335743,4.88966653031696,0.0566636709622571,0.013208861143229259,0.006542939482468694,0.006665921660760565,39,0,1.0,M4_patch_corr,vi,135,135,oracle,0.0,True,1.4901161193847656e-08
91.74605136044191,2.111630354232088,0.03966709187218098,0.013208861143229259,0.00757000589304706,0.005638855250182199,38,0,1.0,M5_full_corr,vi,135,135,oracle,0.0,True,1.4901161193847656e-08
166.0177873164014,5.007369806393239,0.08449835069754116,0.012219997302530133,0.005347360452122047,0.006872636850408086,40,0,1.0,M0_raw_p2p,vi,136,136,oracle,0.0,True,0.0
165.0656512026453,4.692762823139854,0.08522882376508374,0.012219997302530133,0.005433932364725539,0.006786064937804594,40,0,1.0,M1_raw_p2l,vi,136,136,oracle,0.0,True,0.0
147.85535907957882,5.0042438906999855,0.03421464834375637,0.012219997302530133,0.005895925471980933,0.006324071830549199,40,0,0.7928397112461982,M2_raw_huber,vi,136,136,oracle,0.0,True,0.0
157.51694708815674,5.005668476418127,0.07023275854932472,0.012219997302530133,0.0055201324613453374,0.006699864841184795,40,0,1.0,M3_global_corr,vi,136,136,oracle,0.0,True,0.0
122.30413700416491,4.552002033064963,0.051029108892967294,0.012219997302530133,0.006070105788338845,0.006149891514191288,40,0,1.0,M4_patch_corr,vi,136,136,oracle,0.0,True,0.0
83.83006540521976,1.8562948419479297,0.03596859325868278,0.012219997302530133,0.007250890062705237,0.004969107239824896,38,0,1.0,M5_full_corr,vi,136,136,oracle,0.0,True,0.0
161.40789163590279,3.1529516549448333,0.07893328115800652,0.01146977755542146,0.0052259797752399785,0.006243797780181481,38,0,1.0,M0_raw_p2p,vi,137,137,oracle,0.0,True,1.4901161193847656e-08
159.16881499857064,2.4350317698187607,0.07667968801697542,0.01146977755542146,0.005284716531075466,0.0061850610243459935,40,0,1.0,M1_raw_p2l,vi,137,137,oracle,0.0,True,1.4901161193847656e-08
140.8387711466966,3.4796826021199765,0.0295029882591181,0.01146977755542146,0.005831797016586605,0.005637980538834854,40,0,0.7955878521891674,M2_raw_huber,vi,137,137,oracle,0.0,True,1.4901161193847656e-08
153.42878141330664,3.1529516549448267,0.0654129158497754,0.01146977755542146,0.005386082162226982,0.006083695393194477,38,0,1.0,M3_global_corr,vi,137,137,oracle,0.0,True,1.4901161193847656e-08
113.80433845210267,3.411096478616535,0.04894116337813707,0.01146977755542146,0.005964185356868856,0.005505592198552603,33,0,1.0,M4_patch_corr,vi,137,137,oracle,0.0,True,1.4901161193847656e-08
82.82430723687833,1.2726224861043607,0.03634952680776112,0.01146977755542146,0.006869701370534144,0.004600076184887315,40,0,1.0,M5_full_corr,vi,137,137,oracle,0.0,True,1.4901161193847656e-08
153.54050794159483,4.6170442336019075,0.0657036835204815,0.009924490068268906,0.004473101041573646,0.00545138902669526,33,0,1.0,M0_raw_p2p,vi,138,138,oracle,0.0,True,0.0
152.86755746239538,4.652931111534463,0.061333678106604596,0.009924490068268906,0.0045262866362730785,0.005398203431995827,40,0,1.0,M1_raw_p2l,vi,138,138,oracle,0.0,True,0.0
137.88147206389704,4.470488630688403,0.02565282851424894,0.009924490068268906,0.004995468534184803,0.004929021534084103,40,0,0.7896070201327745,M2_raw_huber,vi,138,138,oracle,0.0,True,0.0
145.95463486336874,4.614720437393779,0.054571140876446565,0.009924490068268906,0.004636368405029964,0.005288121663238942,32,0,1.0,M3_global_corr,vi,138,138,oracle,0.0,True,0.0
105.27643132457952,4.545741492642773,0.04068313860503616,0.009924490068268906,0.005340090145298493,0.004584399922970412,36,0,1.0,M4_patch_corr,vi,138,138,oracle,0.0,True,0.0
70.48736459936114,2.0305679206597502,0.03311406528604122,0.009924490068268906,0.0064436613080018044,0.003480828760267101,29,0,1.0,M5_full_corr,vi,138,138,oracle,0.0,True,0.0
150.8097917659292,3.5384670340288022,0.06841205140742775,0.0102285583067751,0.0046239231980988145,0.005604635108676286,32,0,1.0,M0_raw_p2p,vi,139,139,oracle,0.0,True,1.4901161193847656e-08
151.92554169818808,3.5658663800793438,0.059235508249297304,0.0102285583067751,0.004696772927092088,0.0055317853796830125,40,0,1.0,M1_raw_p2l,vi,139,139,oracle,0.0,True,1.4901161193847656e-08
136.04409424340045,3.068875618327891,0.03287494028468449,0.0102285583067751,0.005221905113473268,0.005006653193301833,40,0,0.7756436280980135,M2_raw_huber,vi,139,139,oracle,0.0,True,1.4901161193847656e-08
143.33993582701257,3.535613903526029,0.058053891727910964,0.0102285583067751,0.004783030097421639,0.0054455282093534615,33,0,1.0,M3_global_corr,vi,139,139,oracle,0.0,True,1.4901161193847656e-08
100.59198575321243,3.3477785997115563,0.04543562652299243,0.0102285583067751,0.0056021474102954365,0.004626410896479664,30,0,1.0,M4_patch_corr,vi,139,139,oracle,0.0,True,1.4901161193847656e-08
62.85445864069286,0.9162449608224391,0.032402708212477954,0.0102285583067751,0.0069334246664242575,0.003295133640350843,40,0,1.0,M5_full_corr,vi,139,139,oracle,0.0,True,1.4901161193847656e-08
163.55080020957504,5.042163121993831,0.07992083630686041,0.012220066102723432,0.005116947874119429,0.007103118228604003,33,0,1.0,M0_raw_p2p,vi,140,140,oracle,0.0,True,0.0
166.39091097753726,5.5153122708235305,0.07218134826137562,0.012220066102723432,0.005186667188253922,0.00703339891446951,40,0,1.0,M1_raw_p2l,vi,140,140,oracle,0.0,True,0.0
145.23893105591017,4.641760525666574,0.03733139746680188,0.012220066102723432,0.005941209571058293,0.006278856531665139,40,0,0.7777437988150568,M2_raw_huber,vi,140,140,oracle,0.0,True,0.0
154.8969085444859,5.041850407313689,0.06938673931811766,0.012220066102723432,0.005278892869396113,0.006941173233327319,33,0,1.0,M3_global_corr,vi,140,140,oracle,0.0,True,0.0
114.28097444565114,4.4743273530432885,0.05387752997302552,0.012220066102723432,0.006192995808527644,0.006027070294195788,30,0,1.0,M4_patch_corr,vi,140,140,oracle,0.0,True,0.0
74.25454934175322,1.350087989397935,0.040626019208534696,0.012220066102723432,0.007720607102777851,0.004499458999945581,32,0,1.0,M5_full_corr,vi,140,140,oracle,0.0,True,0.0
167.325263815381,4.59590813706215,0.08423011690886757,0.012738528837874604,0.005315504445853355,0.007423024392021249,26,0,1.0,M0_raw_p2p,vi,141,141,oracle,0.0,True,0.0
167.37565996628769,4.931285732029072,0.08065364678065991,0.012738528837874604,0.0054098721156293945,0.007328656722245209,40,0,1.0,M1_raw_p2l,vi,141,141,oracle,0.0,True,0.0
147.99048535912033,4.179425640538692,0.039075960097915106,0.012738528837874604,0.00599549529854516,0.006743033539329444,40,0,0.7942636340960691,M2_raw_huber,vi,141,141,oracle,0.0,True,0.0
158.55488209777747,4.620397296451989,0.07258656413715099,0.012738528837874604,0.005477307486406422,0.007261221351468182,27,0,1.0,M3_global_corr,vi,141,141,oracle,0.0,True,0.0
117.04614001728262,4.120231548352234,0.05489530645322795,0.012738528837874604,0.006405639486850371,0.006332889351024233,38,0,1.0,M4_patch_corr,vi,141,141,oracle,0.0,True,0.0
74.84367278853604,1.4411577953704544,0.04068995190877895,0.012738528837874604,0.008002668620102986,0.004735860217771618,40,0,1.0,M5_full_corr,vi,141,141,oracle,0.0,True,0.0
167.48296442893144,3.549922080933367,0.08279045129148446,0.012671040106015566,0.0054725381958217,0.007198501910193866,40,0,1.0,M0_raw_p2p,vi,142,142,oracle,0.0,True,0.0
171.49449343716356,3.753848892647051,0.080978195233847,0.012671040106015566,0.0055212198401625385,0.007149820265853027,40,0,1.0,M1_raw_p2l,vi,142,142,oracle,0.0,True,0.0
147.2571455803161,3.1535958141476517,0.03663008976354633,0.012671040106015566,0.006237267114090103,0.006433772991925463,40,0,0.7927523201620429,M2_raw_huber,vi,142,142,oracle,0.0,True,0.0
158.87902471338717,3.549922080933378,0.07009729853225781,0.012671040106015566,0.005638028901094733,0.0070330112049208325,40,0,1.0,M3_global_corr,vi,142,142,oracle,0.0,True,0.0
119.49468803373418,3.4281231020699687,0.05432349581248229,0.012671040106015566,0.006552246002488252,0.006118794103527314,40,0,1.0,M4_patch_corr,vi,142,142,oracle,0.0,True,0.0
73.25185324961527,1.266233889018602,0.03914675085651771,0.012671040106015566,0.008231803562325855,0.0044392365436897105,40,0,1.0,M5_full_corr,vi,142,142,oracle,0.0,True,0.0
173.2980905011048,4.592022530624084,0.08487912231685013,0.013214860509797272,0.005692218212821995,0.007522642296975277,40,0,1.0,M0_raw_p2p,vi,143,143,oracle,0.0,True,1.4901161193847656e-08
171.72406985819427,3.6656793524654048,0.08157006851294243,0.013214860509797272,0.005756980641590451,0.007457879868206821,40,0,1.0,M1_raw_p2l,vi,143,143,oracle,0.0,True,1.4901161193847656e-08
152.7791005412263,4.390015823021314,0.028939709675317175,0.013214860509797272,0.006406071344821001,0.006808789164976271,40,0,0.8044325248026251,M2_raw_huber,vi,143,143,oracle,0.0,True,1.4901161193847656e-08
164.22019413991745,4.587170642635179,0.06996197827819729,0.013214860509797272,0.005863255396195059,0.007351605113602213,40,0,1.0,M3_global_corr,vi,143,143,oracle,0.0,True,1.4901161193847656e-08
127.1410712669161,4.5885630331716465,0.05526104595598725,0.013214860509797272,0.006724671414649767,0.006490189095147505,28,0,1.0,M4_patch_corr,vi,143,143,oracle,0.0,True,1.4901161193847656e-08
81.53272229990168,2.1026627371597106,0.04451917805242845,0.013214860509797272,0.008359100450272751,0.004855760059524521,26,0,1.0,M5_full_corr,vi,143,143,oracle,0.0,True,1.4901161193847656e-08
160.92697247757445,4.101290965579896,0.06845725407729499,0.010688060049717407,0.004522626639226881,0.006165433410490526,27,0,1.0,M0_raw_p2p,vi,144,144,oracle,0.0,True,0.0
157.83857112405298,3.364841299246849,0.06926684504044983,0.010688060049717407,0.004581333836314367,0.00610672621340304,40,0,1.0,M1_raw_p2l,vi,144,144,oracle,0.0,True,0.0
145.5115321879103,3.7155963401561123,0.02690012512949235,0.010688060049717407,0.004988035479695309,0.005700024570022098,40,0,0.8030927847860256,M2_raw_huber,vi,144,144,oracle,0.0,True,0.0
153.6412868170081,4.093599938336641,0.05770402976623805,0.010688060049717407,0.004686940968704082,0.006001119081013325,27,0,1.0,M3_global_corr,vi,144,144,oracle,0.0,True,0.0
114.78658793480868,4.371941331283029,0.04598520590648051,0.010688060049717407,0.005580729723401672,0.005107330326315734,31,0,1.0,M4_patch_corr,vi,144,144,oracle,0.0,True,0.0
68.11636207013586,2.229187260712251,0.03469160057482225,0.010688060049717407,0.007091893715039407,0.0035961663346779993,28,0,1.0,M5_full_corr,vi,144,144,oracle,0.0,True,0.0
161.97352733197442,5.859121372106108,0.06925903956296577,0.01082641782161781,0.0047582936789737065,0.006068124142644103,36,0,1.0,M0_raw_p2p,vi,145,145,oracle,0.0,True,0.0
158.4480949689778,5.373167770205833,0.06408008603681893,0.01082641782161781,0.004816231970644369,0.0060101858509734405,40,0,1.0,M1_raw_p2l,vi,145,145,oracle,0.0,True,0.0
144.25133386733788,5.3313341450721,0.029989966411008144,0.01082641782161781,0.005232757951309876,0.005593659870307934,40,0,0.8129317467231231,M2_raw_huber,vi,145,145,oracle,0.0,True,0.0
154.45793886829819,5.859565114634527,0.05700407906860025,0.01082641782161781,0.004941913260379476,0.005884504561238334,35,0,1.0,M3_global_corr,vi,145,145,oracle,0.0,True,0.0
115.89502838270496,6.362864828765578,0.04545080372736548,0.01082641782161781,0.005796840352626908,0.005029577468990902,40,0,1.0,M4_patch_corr,vi,145,145,oracle,0.0,True,0.0
69.78064176503833,3.865870492015795,0.03452032343712546,0.01082641782161781,0.007091463186314268,0.003734954635303542,40,0,1.0,M5_full_corr,vi,145,145,oracle,0.0,True,0.0
158.55648138854312,5.018791355436607,0.06992303608449532,0.010019709050363807,0.004038088798859001,0.005981620251504806,30,0,1.0,M0_raw_p2p,vi,146,146,oracle,0.0,True,0.0
160.54858352004334,5.108838977272193,0.07020614268225733,0.010019709050363807,0.004078097001069166,0.005941612049294641,40,0,1.0,M1_raw_p2l,vi,146,146,oracle,0.0,True,0.0
145.78261097621717,4.9087699589995015,0.032446601152937876,0.010019709050363807,0.004310254527139875,0.005709454523223932,40,0,0.8109123029460513,M2_raw_huber,vi,146,146,oracle,0.0,True,0.0
151.70315706070977,5.024946220811726,0.058010709968300635,0.010019709050363807,0.004222946099822803,0.005796762950541004,30,0,1.0,M3_global_corr,vi,146,146,oracle,0.0,True,0.0
109.8031214010367,5.215249727793303,0.044170754534266325,0.010019709050363807,0.0051215048213552805,0.004898204229008526,25,0,1.0,M4_patch_corr,vi,146,146,oracle,0.0,True,0.0
68.75082224527017,3.043005788489207,0.032723279601334664,0.010019709050363807,0.006269980112637954,0.0037497289377258526,25,0,1.0,M5_full_corr,vi,146,146,oracle,0.0,True,0.0
169.25049803969065,5.7006387081364895,0.08261273060457389,0.012120290938425869,0.004855643752511471,0.0072646471859143975,40,0,1.0,M0_raw_p2p,vi,147,147,oracle,0.0,True,0.0
171.02681485652676,5.650064846908766,0.07588396834632011,0.012120290938425869,0.004904262409139325,0.007216028529286544,40,0,1.0,M1_raw_p2l,vi,147,147,oracle,0.0,True,0.0
152.48707765432727,5.061203179633785,0.035955321157289874,0.012120290938425869,0.005258349378993021,0.006861941559432848,40,0,0.8126569041201193,M2_raw_huber,vi,147,147,oracle,0.0,True,0.0
161.11635521376257,5.700638708136453,0.06898600841225992,0.012120290938425869,0.005031651669978413,0.007088639268447456,40,0,1.0,M3_global_corr,vi,147,147,oracle,0.0,True,0.0
121.62023601558454,5.5817682749028705,0.05226243333990502,0.012120290938425869,0.005877132744909953,0.0062431581935159155,24,0,1.0,M4_patch_corr,vi,147,147,oracle,0.0,True,0.0
80.82787371907757,4.16767586613779,0.037432673678080085,0.012120290938425869,0.007135924933914634,0.004984366004511235,38,0,1.0,M5_full_corr,vi,147,147,oracle,0.0,True,0.0
171.0491960099045,5.416161330478364,0.081576522285308,0.012570668642103568,0.005300742396727557,0.0072699262453760115,40,0,1.0,M0_raw_p2p,vi,148,148,oracle,0.0,True,0.0
175.09361249795822,5.456078549763738,0.07627895230319498,0.012570668642103568,0.005351905875191835,0.007218762766911733,40,0,1.0,M1_raw_p2l,vi,148,148,oracle,0.0,True,0.0
151.98060497713118,4.775663927048965,0.03732143473956662,0.012570668642103568,0.005902401921713959,0.006668266720389609,40,0,0.796582295872333,M2_raw_huber,vi,148,148,oracle,0.0,True,0.0
162.90128040778976,5.417100828623217,0.06827554415935487,0.012570668642103568,0.005465076433992643,0.007105592208110925,40,0,1.0,M3_global_corr,vi,148,148,oracle,0.0,True,0.0
123.97231047734508,5.652012246949585,0.05168108080154118,0.012570668642103568,0.00626144392131811,0.006309224720785459,33,0,1.0,M4_patch_corr,vi,148,148,oracle,0.0,True,0.0
84.10348854597736,3.916639807750577,0.03744918490280035,0.012570668642103568,0.007513137271593387,0.005057531370510181,38,0,1.0,M5_full_corr,vi,148,148,oracle,0.0,True,0.0
174.76772426031093,4.944217138038342,0.08858738883635647,0.014032967621901949,0.006142891288569655,0.007890076333332293,34,0,1.0,M0_raw_p2p,vi,149,149,oracle,0.0,True,0.0
176.52704087797693,4.648018328877124,0.08057607530989,0.014032967621901949,0.006230834520422279,0.0078021331014796694,16,0,1.0,M1_raw_p2l,vi,149,149,oracle,0.0,True,0.0
153.75555298372393,4.505895617955847,0.03949837103741622,0.014032967621901949,0.0068484955823837545,0.007184472039518194,40,0,0.8068391884936738,M2_raw_huber,vi,149,149,oracle,0.0,True,0.0
165.84829958305428,4.941458299327239,0.07446793195283498,0.014032967621901949,0.006321437451744474,0.007711530170157474,32,0,1.0,M3_global_corr,vi,149,149,oracle,0.0,True,0.0
126.9896863763319,4.374561149399911,0.05798351146101157,0.014032967621901949,0.007196029123048691,0.006836938498853258,29,0,1.0,M4_patch_corr,vi,149,149,oracle,0.0,True,0.0
89.74978249905213,3.5729554840132756,0.03952477371779743,0.014032967621901949,0.00840997080140125,0.0056229968205006985,40,0,1.0,M5_full_corr,vi,149,149,oracle,0.0,True,0.0
171.943414156315,5.7263214463370025,0.0813637228469369,0.01275774558678691,0.005547460254318337,0.007210285332468573,40,0,1.0,M0_raw_p2p,vi,150,150,oracle,0.0,True,1.4901161193847656e-08
170.16542756073432,5.219300743470929,0.07171596322359243,0.01275774558678691,0.005610122272050941,0.007147623314735969,40,0,1.0,M1_raw_p2l,vi,150,150,oracle,0.0,True,1.4901161193847656e-08
151.1186024708177,5.694800289043263,0.030802093183331797,0.01275774558678691,0.006279838537235954,0.006477907049550956,40,0,0.7942303699510839,M2_raw_huber,vi,150,150,oracle,0.0,True,1.4901161193847656e-08
163.7246671756123,5.726321446336978,0.06793742151120345,0.01275774558678691,0.0057197429351842285,0.007038002651602681,40,0,1.0,M3_global_corr,vi,150,150,oracle,0.0,True,1.4901161193847656e-08
126.44412018681867,5.701190325907317,0.05119905525220492,0.01275774558678691,0.006555617219307962,0.006202128367478948,40,0,1.0,M4_patch_corr,vi,150,150,oracle,0.0,True,1.4901161193847656e-08
88.22414307914111,5.1667033490308265,0.03857887682683052,0.01275774558678691,0.007555181873819561,0.005202563712967349,40,0,1.0,M5_full_corr,vi,150,150,oracle,0.0,True,1.4901161193847656e-08
164.07611949653568,4.4808738541680935,0.0763514534451331,0.012174776846507007,0.005450318674614971,0.006724458171892036,24,0,1.0,M0_raw_p2p,vi,151,151,oracle,0.0,True,1.4901161193847656e-08
165.93240987431642,3.537822783183056,0.06886616371407854,0.012174776846507007,0.005527846721643608,0.006646930124863399,40,0,1.0,M1_raw_p2l,vi,151,151,oracle,0.0,True,1.4901161193847656e-08
143.31451211053474,4.441965157792323,0.028937789122055274,0.012174776846507007,0.006354728091307107,0.0058200487551998996,40,0,0.7775563101945914,M2_raw_huber,vi,151,151,oracle,0.0,True,1.4901161193847656e-08
155.91960493844158,4.479641096452044,0.06480137925228768,0.012174776846507007,0.005610238406766424,0.0065645384397405825,23,0,1.0,M3_global_corr,vi,151,151,oracle,0.0,True,1.4901161193847656e-08
121.31253958940196,5.025600012892984,0.048906776499735856,0.012174776846507007,0.006424988339709948,0.005749788506797059,27,0,1.0,M4_patch_corr,vi,151,151,oracle,0.0,True,1.4901161193847656e-08
84.42076134963186,4.0317946456934095,0.03741974023567628,0.012174776846507007,0.0074414446125233135,0.004733332233983693,40,0,1.0,M5_full_corr,vi,151,151,oracle,0.0,True,1.4901161193847656e-08
153.70343685454984,3.9882378399539142,0.06669537518122048,0.010481174097027533,0.004815394620467474,0.005665779476560059,40,0,1.0,M0_raw_p2p,vi,152,152,oracle,0.0,True,0.0
156.53921525318987,3.2945569020730714,0.0716648982519014,0.010481174097027533,0.004879691984672931,0.005601482112354602,40,0,1.0,M1_raw_p2l,vi,152,152,oracle,0.0,True,0.0
136.99857612418327,3.5150972247535073,0.028620863733621625,0.010481174097027533,0.005498063496486121,0.0049831106005414115,40,0,0.7872892088197285,M2_raw_huber,vi,152,152,oracle,0.0,True,0.0
146.70174964845268,3.9857415581323923,0.05705986405296098,0.010481174097027533,0.004977462289553454,0.005503711807474079,40,0,1.0,M3_global_corr,vi,152,152,oracle,0.0,True,0.0
113.5888721386402,4.897311538616736,0.04060895814958868,0.010481174097027533,0.005655898843212196,0.004825275253815337,30,0,1.0,M4_patch_corr,vi,152,152,oracle,0.0,True,0.0
75.45136509476207,3.6166692812808243,0.033466533301753976,0.010481174097027533,0.006661205724605077,0.0038199683724224557,30,0,1.0,M5_full_corr,vi,152,152,oracle,0.0,True,0.0
158.42411654808822,5.046853040334088,0.06817860927609941,0.01048494938807272,0.004607034745556645,0.005877914642516075,27,0,1.0,M0_raw_p2p,vi,153,153,oracle,0.0,True,1.4901161193847656e-08
157.55938401019793,4.927344036681207,0.05861447445857439,0.01048494938807272,0.004667138542530891,0.005817810845541829,40,0,1.0,M1_raw_p2l,vi,153,153,oracle,0.0,True,1.4901161193847656e-08
143.0192735523717,4.3766037673771185,0.03197349102378835,0.01048494938807272,0.005200410561623818,0.0052845388264489025,40,0,0.7803222011848894,M2_raw_huber,vi,153,153,oracle,0.0,True,1.4901161193847656e-08
151.75899152222752,5.035650045040189,0.05858397080595119,0.01048494938807272,0.0047624990585152256,0.005722450329557495,27,0,1.0,M3_global_corr,vi,153,153,oracle,0.0,True,1.4901161193847656e-08
116.30676399070316,5.684676038726652,0.0423350807305982,0.01048494938807272,0.005476796355867253,0.005008153032205467,30,0,1.0,M4_patch_corr,vi,153,153,oracle,0.0,True,1.4901161193847656e-08
76.66497640794664,4.137947818748359,0.03444287036956336,0.01048494938807272,0.006523703444175062,0.003961245943897658,40,0,1.0,M5_full_corr,vi,153,153,oracle,0.0,True,1.4901161193847656e-08
157.00417428069878,3.9927711954391243,0.06796866781987161,0.009790463125168184,0.004114281859231258,0.005676181265936926,40,0,1.0,M0_raw_p2p,vi,154,154,oracle,0.0,True,0.0
156.84264486589677,3.6951456157786815,0.06549613059503162,0.009790463125168184,0.004135924464917982,0.005654538660250202,40,0,1.0,M1_raw_p2l,vi,154,154,oracle,0.0,True,0.0
143.653252634475,3.5853893976149926,0.031666467812975656,0.009790463125168184,0.00457137669214337,0.005219086433024814,40,0,0.7846063858689961,M2_raw_huber,vi,154,154,oracle,0.0,True,0.0
150.64497971094218,3.9932535996628302,0.0587630862587378,0.009790463125168184,0.004266955378237354,0.00552350774693083,40,0,1.0,M3_global_corr,vi,154,154,oracle,0.0,True,0.0
114.30076588034355,4.9134075577370195,0.041107357971647884,0.009790463125168184,0.005001350304900102,0.0047891128202680825,32,0,1.0,M4_patch_corr,vi,154,154,oracle,0.0,True,0.0
73.01560483534159,3.422537928913241,0.032740520484596705,0.009790463125168184,0.006056596364342358,0.0037338667608258257,25,0,1.0,M5_full_corr,vi,154,154,oracle,0.0,True,0.0
167.53618671274089,5.260933081487629,0.07602895548484419,0.01179148512042501,0.005215715554656863,0.006575769565768146,27,0,1.0,M0_raw_p2p,vi,155,155,oracle,0.0,True,0.0
166.44656002052994,5.15816230589402,0.06993533093876284,0.01179148512042501,0.005265717313931257,0.006525767806493752,12,0,1.0,M1_raw_p2l,vi,155,155,oracle,0.0,True,0.0
150.14923521473932,4.68847765575352,0.033437527330306235,0.01179148512042501,0.005831362886830507,0.005960122233594502,40,0,0.7962665561922492,M2_raw_huber,vi,155,155,oracle,0.0,True,0.0
160.2477372463903,5.260933194533878,0.06469676498750378,0.01179148512042501,0.005378037349961171,0.006413447770463839,27,0,1.0,M3_global_corr,vi,155,155,oracle,0.0,True,0.0
122.86284735130752,5.744222766100302,0.045114845697046775,0.01179148512042501,0.006115297599622519,0.005676187520802491,38,0,1.0,M4_patch_corr,vi,155,155,oracle,0.0,True,0.0
84.08124629684364,4.149781147352322,0.038276868755898016,0.01179148512042501,0.007163757378768462,0.004627727741656548,40,0,1.0,M5_full_corr,vi,155,155,oracle,0.0,True,0.0
166.73285885576394,3.9983519782016574,0.08013128284361867,0.012311219330545962,0.00557078774223085,0.006740431588315112,33,0,1.0,M0_raw_p2p,vi,156,156,oracle,0.0,True,0.0
164.91668012477365,3.3215102561145713,0.07266890626028781,0.012311219330545962,0.005646037946324513,0.006665181384221449,40,0,1.0,M1_raw_p2l,vi,156,156,oracle,0.0,True,0.0
148.9212693332442,3.5382429975919747,0.03581221736975877,0.012311219330545962,0.006254700895170118,0.006056518435375844,40,0,0.7939501576947949,M2_raw_huber,vi,156,156,oracle,0.0,True,0.0
159.163925192867,4.000148346887838,0.06694099310544917,0.012311219330545962,0.005738833024249282,0.00657238630629668,33,0,1.0,M3_global_corr,vi,156,156,oracle,0.0,True,0.0
123.63434041915492,4.3292153682762855,0.04891854671113453,0.012311219330545962,0.006459260281423833,0.0058519590491221294,29,0,1.0,M4_patch_corr,vi,156,156,oracle,0.0,True,0.0
85.11782366319437,2.7431180436756195,0.04127031334512955,0.012311219330545962,0.007490389909662406,0.004820829420883556,36,0,1.0,M5_full_corr,vi,156,156,oracle,0.0,True,0.0
169.2620621372592,4.629649706626047,0.0824548643921027,0.012618455786431414,0.00557201524080205,0.007046440545629364,40,0,1.0,M0_raw_p2p,vi,157,157,oracle,0.0,True,0.0
167.78786829939025,3.6506013517986764,0.07810509477886807,0.012618455786431414,0.005662259879739885,0.006956195906691528,40,0,1.0,M1_raw_p2l,vi,157,157,oracle,0.0,True,0.0
150.0269784505687,4.549174908131821,0.03283481314572127,0.012618455786431414,0.006251452586989825,0.006367003199441589,40,0,0.8013993061658174,M2_raw_huber,vi,157,157,oracle,0.0,True,0.0
161.0404023698824,4.629649706626052,0.0690584448306867,0.012618455786431414,0.005733155060621344,0.00688530072581007,40,0,1.0,M3_global_corr,vi,157,157,oracle,0.0,True,0.0
127.00207826129184,5.379228449826556,0.04977484045121817,0.012618455786431414,0.00640763637049381,0.006210819415937604,29,0,1.0,M4_patch_corr,vi,157,157,oracle,0.0,True,0.0
90.53827754918314,4.397703268210403,0.03892290654427534,0.012618455786431414,0.007408357342026825,0.0052100984444045885,40,0,1.0,M5_full_corr,vi,157,157,oracle,0.0,True,0.0
163.70390341946205,3.8578775818130047,0.07550484812879814,0.01131297837169379,0.005022325328973304,0.006290653042720486,40,0,1.0,M0_raw_p2p,vi,158,158,oracle,0.0,True,1.4901161193847656e-08
161.79933550804193,2.7288324986508994,0.0696070788045247,0.01131297837169379,0.005095180808945155,0.006217797562748635,40,0,1.0,M1_raw_p2l,vi,158,158,oracle,0.0,True,1.4901161193847656e-08
144.60033148658096,3.786554447551581,0.031120613310044,0.01131297837169379,0.00569404730863334,0.00561893106306045,40,0,0.7950053285230779,M2_raw_huber,vi,158,158,oracle,0.0,True,1.4901161193847656e-08
155.929604638856,3.8578284740790103,0.06260340361338701,0.01131297837169379,0.005175562971076575,0.006137415400617215,40,0,1.0,M3_global_corr,vi,158,158,oracle,0.0,True,1.4901161193847656e-08
124.24617202562386,5.089107947512965,0.04280553197649441,0.01131297837169379,0.0057631242906560605,0.005549854081037729,38,0,1.0,M4_patch_corr,vi,158,158,oracle,0.0,True,1.4901161193847656e-08
89.02807559025788,3.6698999849254546,0.035521761058211136,0.01131297837169379,0.006617068392255835,0.004695909979437955,26,0,1.0,M5_full_corr,vi,158,158,oracle,0.0,True,1.4901161193847656e-08
163.90606551228535,5.06143727872759,0.07166801436409574,0.010904613912878114,0.004744882463264138,0.006159731449613976,26,0,1.0,M0_raw_p2p,vi,159,159,oracle,0.0,True,2.580956827951785e-08
164.2952972175209,4.262103760137146,0.0669829359579098,0.010904613912878114,0.004830144311827377,0.006074469601050737,40,0,1.0,M1_raw_p2l,vi,159,159,oracle,0.0,True,2.580956827951785e-08
144.21705131270008,4.607326215290013,0.033039075184665125,0.010904613912878114,0.005387104318844884,0.00551750959403323,40,0,0.798893368425986,M2_raw_huber,vi,159,159,oracle,0.0,True,2.580956827951785e-08
156.01632367188287,5.060806934521557,0.06032669119741178,0.010904613912878114,0.00490017030016471,0.006004443612713404,26,0,1.0,M3_global_corr,vi,159,159,oracle,0.0,True,2.580956827951785e-08
127.56359007315193,6.241417366119818,0.041786932863224324,0.010904613912878114,0.005473558629477183,0.005431055283400931,32,0,1.0,M4_patch_corr,vi,159,159,oracle,0.0,True,2.580956827951785e-08
84.93616213934249,3.398884816001123,0.034086515622161376,0.010904613912878114,0.006473874509978843,0.004430739402899271,36,0,1.0,M5_full_corr,vi,159,159,oracle,0.0,True,2.580956827951785e-08
162.39453725152765,4.713466895499295,0.07219165736489543,0.011535676411329689,0.004938779572921128,0.006596896838408561,25,0,1.0,M0_raw_p2p,vi,160,160,oracle,0.0,True,0.0
165.26812720948365,4.440970417649984,0.06905929720296895,0.011535676411329689,0.0050324373671586636,0.006503239044171025,15,0,1.0,M1_raw_p2l,vi,160,160,oracle,0.0,True,0.0
143.54131117240814,3.8632417259675016,0.0376443897957167,0.011535676411329689,0.00569721681224485,0.005838459599084839,40,0,0.7821379674520419,M2_raw_huber,vi,160,160,oracle,0.0,True,0.0
154.46178083780552,4.714317820610254,0.06379519436890652,0.011535676411329689,0.005090632475222574,0.006445043936107115,25,0,1.0,M3_global_corr,vi,160,160,oracle,0.0,True,0.0
123.58549807939286,5.850321768440882,0.046762529526752986,0.011535676411329689,0.005744473033570385,0.005791203377759304,29,0,1.0,M4_patch_corr,vi,160,160,oracle,0.0,True,0.0
82.79289911433324,3.7694335409483513,0.03657414215220609,0.011535676411329689,0.006882699055725256,0.004652977355604433,26,0,1.0,M5_full_corr,vi,160,160,oracle,0.0,True,0.0
170.18456764944426,5.977127250548304,0.07969557072992044,0.012379180131111958,0.005109222689188842,0.007269957441923116,40,0,1.0,M0_raw_p2p,vi,161,161,oracle,0.0,True,0.0
176.79542354954205,6.263737221726757,0.0752141699365372,0.012379180131111958,0.00518087640851243,0.0071983037225995285,40,0,1.0,M1_raw_p2l,vi,161,161,oracle,0.0,True,0.0
150.60577669810226,5.126653307817679,0.03688109288374325,0.012379180131111958,0.005854933533157517,0.006524246597954441,40,0,0.7927614603975112,M2_raw_huber,vi,161,161,oracle,0.0,True,0.0
161.50377822779586,5.97907908198753,0.06937505699001198,0.012379180131111958,0.0052587592750948245,0.007120420856017134,40,0,1.0,M3_global_corr,vi,161,161,oracle,0.0,True,0.0
130.94358178900282,6.980715730268034,0.049771179581767605,0.012379180131111958,0.0058805452787756,0.006498634852336358,40,0,1.0,M4_patch_corr,vi,161,161,oracle,0.0,True,0.0
89.28062552884805,4.933548286493,0.035599167935695286,0.012379180131111958,0.007049000816586696,0.005330179314525262,40,0,1.0,M5_full_corr,vi,161,161,oracle,0.0,True,0.0
168.83916811492188,5.005268122207851,0.08198617948261669,0.012271791813178683,0.005004622011105334,0.007267169802073349,25,0,1.0,M0_raw_p2p,vi,162,162,oracle,0.0,True,0.0
171.10190334685637,4.58197580933506,0.07709026088020161,0.012271791813178683,0.0050567136639987275,0.0072150781491799555,19,0,1.0,M1_raw_p2l,vi,162,162,oracle,0.0,True,0.0
150.67898556392444,4.1925271507204265,0.03764847536724381,0.012271791813178683,0.00564806274519332,0.006623729067985363,40,0,0.7951852586452056,M2_raw_huber,vi,162,162,oracle,0.0,True,0.0
160.17977160273242,4.985192682181854,0.071193825026222,0.012271791813178683,0.0051520285874132495,0.0071197632257654336,28,0,1.0,M3_global_corr,vi,162,162,oracle,0.0,True,0.0
129.0570573245797,6.069856041842434,0.051189927700265266,0.012271791813178683,0.005785129478087536,0.006486662335091147,32,0,1.0,M4_patch_corr,vi,162,162,oracle,0.0,True,0.0
86.70016223301265,4.406854525175804,0.034955865793724686,0.012271791813178683,0.00704587384028428,0.005225917972894403,40,0,1.0,M5_full_corr,vi,162,162,oracle,0.0,True,0.0
178.42878621684721,6.192127734834441,0.09419083556548752,0.013834455411691426,0.005368602268216646,0.00846585314347478,40,0,1.0,M0_raw_p2p,vi,163,163,oracle,0.0,True,0.0
178.33932213348652,4.983688752628607,0.09730685337249485,0.013834455411691426,0.0054428834460329934,0.008391571965658432,40,0,1.0,M1_raw_p2l,vi,163,163,oracle,0.0,True,0.0
159.9672272628906,5.6595182845797645,0.037404392123723665,0.013834455411691426,0.005823869264886647,0.00801058614680478,40,0,0.8097383940882616,M2_raw_huber,vi,163,163,oracle,0.0,True,0.0
168.9804272197778,6.185387642639398,0.08086474064258153,0.013834455411691426,0.005529779360298421,0.008304676051393005,40,0,1.0,M3_global_corr,vi,163,163,oracle,0.0,True,0.0
137.7613199104147,6.989347407188656,0.05985312748084335,0.013834455411691426,0.006143047578895903,0.0076914078327955234,40,0,1.0,M4_patch_corr,vi,163,163,oracle,0.0,True,0.0
96.04262709388948,5.457418742068897,0.03705059908952009,0.013834455411691426,0.007426638296886064,0.006407817114805363,40,0,1.0,M5_full_corr,vi,163,163,oracle,0.0,True,0.0
173.70077073374077,4.249806213287386,0.0934686487849532,0.013291149481079819,0.005480735659253899,0.007810413821825919,40,0,1.0,M0_raw_p2p,vi,164,164,oracle,0.0,True,0.0
173.21126446361023,2.9350059735530203,0.08483575752977,0.013291149481079819,0.005562022726192635,0.007729126754887183,20,0,1.0,M1_raw_p2l,vi,164,164,oracle,0.0,True,0.0
155.29028176332716,4.297910266419836,0.037299797145161614,0.013291149481079819,0.005948925161996885,0.007342224319082933,40,0,0.8101410849290323,M2_raw_huber,vi,164,164,oracle,0.0,True,0.0
164.34130900173665,4.248826522506381,0.07857778975830917,0.013291149481079819,0.005651864681447319,0.0076392847996325,40,0,1.0,M3_global_corr,vi,164,164,oracle,0.0,True,0.0
129.57311886063127,5.265556927196816,0.05811627414039805,0.013291149481079819,0.0062956651115465894,0.006995484369533229,32,0,1.0,M4_patch_corr,vi,164,164,oracle,0.0,True,0.0
95.29512858189234,4.3802488149259275,0.03436829324570279,0.013291149481079819,0.0073151038966151015,0.005976045584464717,40,0,1.0,M5_full_corr,vi,164,164,oracle,0.0,True,0.0
165.22863611562425,5.451534023696894,0.08267018823842613,0.011376650437694091,0.004737059697283129,0.0066395907404109625,40,0,1.0,M0_raw_p2p,vi,165,165,oracle,0.0,True,0.0
167.37482248860792,5.205092780944483,0.08480796902818132,0.011376650437694091,0.004803551559655727,0.0065730988780383645,40,0,1.0,M1_raw_p2l,vi,165,165,oracle,0.0,True,0.0
150.04022782364862,5.300653854732121,0.03456070180965735,0.011376650437694091,0.005110033717979643,0.006266616719714449,40,0,0.8182622946163445,M2_raw_huber,vi,165,165,oracle,0.0,True,0.0
157.11176545460387,5.451534023696893,0.06632076768029314,0.011376650437694091,0.004916050387832542,0.006460600049861549,40,0,1.0,M3_global_corr,vi,165,165,oracle,0.0,True,0.0
125.23470850556215,6.290741331986733,0.0460291416544239,0.011376650437694091,0.005476097714711987,0.005900552722982105,40,0,1.0,M4_patch_corr,vi,165,165,oracle,0.0,True,0.0
79.353619638508,3.799169722709151,0.02418120684172697,0.011376650437694091,0.006919260475994469,0.004457389961699623,37,0,1.0,M5_full_corr,vi,165,165,oracle,0.0,True,0.0
159.5265427591356,3.30494984817665,0.07472552974899582,0.010655872679407407,0.004665816200345359,0.005990056479062048,40,0,1.0,M0_raw_p2p,vi,166,166,oracle,0.0,True,1.4901161193847656e-08
158.1873188422031,2.6039548659978435,0.08121836405785655,0.010655872679407407,0.004718774386946005,0.005937098292461402,40,0,1.0,M1_raw_p2l,vi,166,166,oracle,0.0,True,1.4901161193847656e-08
146.6889082687036,2.728121397487499,0.035358783719292554,0.010655872679407407,0.004969036499581943,0.005686836179825464,40,0,0.8191525072330923,M2_raw_huber,vi,166,166,oracle,0.0,True,1.4901161193847656e-08
152.3171534581264,3.2980089473821326,0.06015496265744207,0.010655872679407407,0.004845208333182837,0.00581066434622457,40,0,1.0,M3_global_corr,vi,166,166,oracle,0.0,True,1.4901161193847656e-08
122.02120849175994,3.7951079206294005,0.03944554762718801,0.010655872679407407,0.005389438569156278,0.005266434110251129,40,0,1.0,M4_patch_corr,vi,166,166,oracle,0.0,True,1.4901161193847656e-08
77.19739631712429,1.5787463819684429,0.023028769986668727,0.010655872679407407,0.006774257458412592,0.003881615220994815,40,0,1.0,M5_full_corr,vi,166,166,oracle,0.0,True,1.4901161193847656e-08
170.50493138468735,4.551717837505902,0.09061613281699472,0.0125983019692774,0.005067996668892812,0.007530305300384589,40,0,1.0,M0_raw_p2p,vi,167,167,oracle,0.0,True,0.0
171.02829966830654,4.216935429431158,0.08251161626655457,0.0125983019692774,0.005120168367365468,0.007478133601911932,40,0,1.0,M1_raw_p2l,vi,167,167,oracle,0.0,True,0.0
156.1077106799426,3.7635063397797572,0.040050558535100846,0.0125983019692774,0.0053433893087961575,0.007254912660481243,40,0,0.8207461606194854,M2_raw_huber,vi,167,167,oracle,0.0,True,0.0
161.7991224361039,4.55215247760869,0.07484585983052483,0.0125983019692774,0.0052462216833959316,0.007352080285881469,40,0,1.0,M3_global_corr,vi,167,167,oracle,0.0,True,0.0
130.4623744706648,4.364340047419373,0.052052352328270955,0.0125983019692774,0.005780241796984388,0.006818060172293012,34,0,1.0,M4_patch_corr,vi,167,167,oracle,0.0,True,0.0
89.71305881424436,2.0418235242980676,0.03275271042741974,0.0125983019692774,0.007132414854447955,0.0054658871148294454,40,0,1.0,M5_full_corr,vi,167,167,oracle,0.0,True,0.0
177.13534250629039,5.275221619309131,0.09744242768107615,0.014303643001998222,0.005640607450491444,0.008663035551506777,28,0,1.0,M0_raw_p2p,vi,168,168,oracle,0.0,True,1.4901161193847656e-08
179.7168067243,4.7353276915064715,0.09355813823442398,0.014303643001998222,0.005745680694941722,0.0085579623070565,40,0,1.0,M1_raw_p2l,vi,168,168,oracle,0.0,True,1.4901161193847656e-08
159.73723819514373,4.32881980675679,0.04476146770022337,0.014303643001998222,0.006018951077609871,0.00828469192438835,40,0,0.8102012070303868,M2_raw_huber,vi,168,168,oracle,0.0,True,1.4901161193847656e-08
167.62142063883874,5.2794706343908535,0.0822379200426897,0.014303643001998222,0.005820773218063602,0.008482869783934619,26,0,1.0,M3_global_corr,vi,168,168,oracle,0.0,True,1.4901161193847656e-08
138.0629156445311,5.161815983633346,0.05943356627928535,0.014303643001998222,0.00640399666585406,0.007899646336144163,28,0,1.0,M4_patch_corr,vi,168,168,oracle,0.0,True,1.4901161193847656e-08
99.59931160431711,2.487465808666518,0.039752447203661265,0.014303643001998222,0.007760132321927318,0.006543510680070905,40,0,1.0,M5_full_corr,vi,168,168,oracle,0.0,True,1.4901161193847656e-08
181.9985815272385,6.085394730465948,0.1032577443722788,0.015929520919020744,0.006573850833967868,0.009355670085052876,40,0,1.0,M0_raw_p2p,vi,169,169,oracle,0.0,True,1.4901161193847656e-08
188.16479124941526,5.421438710629032,0.09825721205653441,0.015929520919020744,0.0067186078919465346,0.009210913027074209,40,0,1.0,M1_raw_p2l,vi,169,169,oracle,0.0,True,1.4901161193847656e-08
163.81148081736575,5.725604636589529,0.04307842098495866,0.015929520919020744,0.006986545655273699,0.008942975263747044,40,0,0.8079683426513483,M2_raw_huber,vi,169,169,oracle,0.0,True,1.4901161193847656e-08
171.81519569754275,6.084204963989955,0.08814647082912924,0.015929520919020744,0.006758925256275615,0.00917059566274513,40,0,1.0,M3_global_corr,vi,169,169,oracle,0.0,True,1.4901161193847656e-08
144.74494141700853,5.647857198188334,0.06559793604318673,0.015929520919020744,0.007386278538133081,0.008543242380887663,40,0,1.0,M4_patch_corr,vi,169,169,oracle,0.0,True,1.4901161193847656e-08
104.36115421404934,4.029336271239156,0.042854652276982784,0.015929520919020744,0.008929376539996276,0.007000144379024468,29,0,1.0,M5_full_corr,vi,169,169,oracle,0.0,True,1.4901161193847656e-08
175.94615225493322,4.732444772235647,0.09038493282624381,0.014237381130845201,0.006147177577199877,0.008090203553645325,22,0,1.0,M0_raw_p2p,vi,170,170,oracle,0.0,True,0.0
182.52178256380344,4.304985048438348,0.08511178122439654,0.014237381130845201,0.006317503689068857,0.007919877441776343,40,0,1.0,M1_raw_p2l,vi,170,170,oracle,0.0,True,0.0
155.36604772090567,4.33506918772437,0.03617102530196856,0.014237381130845201,0.006864646737901065,0.007372734392944136,40,0,0.8101206132178851,M2_raw_huber,vi,170,170,oracle,0.0,True,0.0
166.66269197419004,4.731125465627587,0.07589000148934928,0.014237381130845201,0.006330148261606443,0.007907232869238758,25,0,1.0,M3_global_corr,vi,170,170,oracle,0.0,True,0.0
140.88356267696932,4.915664708409275,0.05172037429622401,0.014237381130845201,0.00692160672862454,0.007315774402220661,29,0,1.0,M4_patch_corr,vi,170,170,oracle,0.0,True,0.0
103.3658554416996,3.3327023494163663,0.035188725893906744,0.014237381130845201,0.008201879377519814,0.006035501753325387,40,0,1.0,M5_full_corr,vi,170,170,oracle,0.0,True,0.0
167.9244982974671,3.7727630142057533,0.07892364202273992,0.013043345035357968,0.005952229439199014,0.007091115596158954,34,0,1.0,M0_raw_p2p,vi,171,171,oracle,0.0,True,0.0
170.24699637621995,2.915461547375102,0.0781619180035174,0.013043345035357968,0.006105653745185025,0.006937691290172943,40,0,1.0,M1_raw_p2l,vi,171,171,oracle,0.0,True,0.0
146.2881433889572,3.4221278372717947,0.026900826806152908,0.013043345035357968,0.006971807191786715,0.006071537843571253,40,0,0.7841169113435797,M2_raw_huber,vi,171,171,oracle,0.0,True,0.0
159.0321862297249,3.765515023088744,0.06614561213375647,0.013043345035357968,0.006114101016808031,0.006929244018549937,34,0,1.0,M3_global_corr,vi,171,171,oracle,0.0,True,0.0
132.1746966320138,5.267450258461617,0.04405146090012245,0.013043345035357968,0.006722156199275291,0.006321188836082677,40,0,1.0,M4_patch_corr,vi,171,171,oracle,0.0,True,0.0
96.95250274086254,4.144689765606973,0.03474194067020593,0.013043345035357968,0.007745802414611882,0.005297542620746086,40,0,1.0,M5_full_corr,vi,171,171,oracle,0.0,True,0.0
163.79764854702015,5.2625594656120755,0.07298208165222857,0.012123284936848852,0.005561909183895541,0.006561375752953311,31,0,1.0,M0_raw_p2p,vi,172,172,oracle,0.0,True,0.0
159.37132677749952,4.526971583161384,0.06786232181583403,0.012123284936848852,0.00569002711127977,0.006433257825569081,40,0,1.0,M1_raw_p2l,vi,172,172,oracle,0.0,True,0.0
143.78506937334217,4.944177456161832,0.030193827353845352,0.012123284936848852,0.006477975732653279,0.005645309204195573,40,0,0.784213203522455,M2_raw_huber,vi,172,172,oracle,0.0,True,0.0
155.29349727685508,5.260144147728497,0.060343958726643464,0.012123284936848852,0.005730235573249523,0.006393049363599329,31,0,1.0,M3_global_corr,vi,172,172,oracle,0.0,True,0.0
129.94616163173683,7.067114875981134,0.041302825108381735,0.012123284936848852,0.006306086326932821,0.005817198609916031,40,0,1.0,M4_patch_corr,vi,172,172,oracle,0.0,True,0.0
93.58554115423618,5.014795964633005,0.03321363409612662,0.012123284936848852,0.0072118275871779665,0.004911457349670885,40,0,1.0,M5_full_corr,vi,172,172,oracle,0.0,True,0.0
158.0890801854044,4.65190744384812,0.06812985804698875,0.011267550137074322,0.005195003811249502,0.00607254632582482,30,0,1.0,M0_raw_p2p,vi,173,173,oracle,0.0,True,0.0
156.34253269875572,4.293766298692093,0.07071597334185836,0.011267550137074322,0.005258631335025418,0.006008918802048904,40,0,1.0,M1_raw_p2l,vi,173,173,oracle,0.0,True,0.0
139.75663201927813,4.026192157281027,0.03162515010385707,0.011267550137074322,0.006029454161668301,0.005238095975406021,40,0,0.777798116554405,M2_raw_huber,vi,173,173,oracle,0.0,True,0.0
150.20521987116655,4.650645929669056,0.057874047341845924,0.011267550137074322,0.005366678455310917,0.005900871681763405,30,0,1.0,M3_global_corr,vi,173,173,oracle,0.0,True,0.0
126.54791129065029,5.302993761676103,0.04084716139813513,0.011267550137074322,0.0059022975199696775,0.005365252617104644,40,0,1.0,M4_patch_corr,vi,173,173,oracle,0.0,True,0.0
85.66361689436799,2.862531926099245,0.034221094896071176,0.011267550137074322,0.006781130748539324,0.004486419388534998,40,0,1.0,M5_full_corr,vi,173,173,oracle,0.0,True,0.0
165.8425097662203,4.282883460307769,0.07800614756140792,0.012531655690684769,0.005784053984848054,0.006747601705836715,40,0,1.0,M0_raw_p2p,vi,174,174,oracle,0.0,True,0.0
169.99170446955245,4.067953003690493,0.07989479511452512,0.012531655690684769,0.0058758502505058844,0.0066558054401788845,40,0,1.0,M1_raw_p2l,vi,174,174,oracle,0.0,True,0.0
145.47562790102694,3.427910898796577,0.036872765383883906,0.012531655690684769,0.006679899151675141,0.005851756539009628,40,0,0.7884319520880362,M2_raw_huber,vi,174,174,oracle,0.0,True,0.0
157.56506631480624,4.2835391412125405,0.06553880872936965,0.012531655690684769,0.005964838606596371,0.006566817084088398,40,0,1.0,M3_global_corr,vi,174,174,oracle,0.0,True,0.0
128.36419644831113,4.909439141550411,0.04872857677092565,0.012531655690684769,0.006484556317315109,0.00604709937336966,24,0,1.0,M4_patch_corr,vi,174,174,oracle,0.0,True,0.0
89.49715962327407,1.9059320774129385,0.0371378399123531,0.012531655690684769,0.007419883286648314,0.005111772404036455,36,0,1.0,M5_full_corr,vi,174,174,oracle,0.0,True,0.0
175.25620017956,6.07021821881762,0.08667959922255239,0.013863672501320552,0.006339844495347994,0.007523828005972557,40,0,1.0,M0_raw_p2p,vi,175,175,oracle,0.0,True,1.4901161193847656e-08
175.61838493110204,6.152786693220113,0.09585805672590697,0.013863672501320552,0.006476236553070601,0.00738743594824995,40,0,1.0,M1_raw_p2l,vi,175,175,oracle,0.0,True,1.4901161193847656e-08
153.15484827399558,4.9911876335827,0.0365349193236191,0.013863672501320552,0.007217070261814617,0.006646602239505935,40,0,0.7940429259381274,M2_raw_huber,vi,175,175,oracle,0.0,True,1.4901161193847656e-08
166.83370274372083,6.070296852627561,0.07128561836084525,0.013863672501320552,0.006531963367934147,0.007331709133386405,40,0,1.0,M3_global_corr,vi,175,175,oracle,0.0,True,1.4901161193847656e-08
133.94169002407088,5.794579278768219,0.05602639154034797,0.013863672501320552,0.007092909959258247,0.006770762542062304,34,0,1.0,M4_patch_corr,vi,175,175,oracle,0.0,True,1.4901161193847656e-08
93.32542281656792,3.3409300041766654,0.040947482483149125,0.013863672501320552,0.008128830190931725,0.005734842310388826,40,0,1.0,M5_full_corr,vi,175,175,oracle,0.0,True,1.4901161193847656e-08
171.18548708368002,4.933213786107519,0.08780993462544207,0.013148550424089989,0.006106276501763825,0.007042273922326164,30,0,1.0,M0_raw_p2p,vi,176,176,oracle,0.0,True,0.0
167.83992982917158,4.962471741228611,0.08806882169365124,0.013148550424089989,0.00620372100060628,0.006944829423483709,40,0,1.0,M1_raw_p2l,vi,176,176,oracle,0.0,True,0.0
154.120354292475,4.449641115975592,0.03564892175184466,0.013148550424089989,0.006571041194688195,0.006577509229401794,40,0,0.8089511539668208,M2_raw_huber,vi,176,176,oracle,0.0,True,0.0
163.36456655087596,4.9315121089066505,0.07115416386467802,0.013148550424089989,0.006305724234293116,0.006842826189796873,30,0,1.0,M3_global_corr,vi,176,176,oracle,0.0,True,0.0
126.68978445354098,3.5316154229299395,0.053944761083799586,0.013148550424089989,0.006828902254453811,0.006319648169636178,40,0,1.0,M4_patch_corr,vi,176,176,oracle,0.0,True,0.0
84.1358891781392,0.9649546471836892,0.03670065866305343,0.013148550424089989,0.008103214014254291,0.005045336409835698,40,0,1.0,M5_full_corr,vi,176,176,oracle,0.0,True,0.0
164.58726881420571,3.553502274617048,0.07832500914234396,0.011709094871469915,0.005397730144604004,0.006311364726865911,29,0,1.0,M0_raw_p2p,vi,177,177,oracle,0.0,True,0.0
161.68990825342593,2.6985906945079052,0.06948132006925155,0.011709094871469915,0.00547325174093727,0.006235843130532645,40,0,1.0,M1_raw_p2l,vi,177,177,oracle,0.0,True,0.0
147.91033122557025,3.4398075711634464,0.030962813640640154,0.011709094871469915,0.005953997638358122,0.005755097233111793,40,0,0.7945839969544031,M2_raw_huber,vi,177,177,oracle,0.0,True,0.0
157.21475120269415,3.551222587838674,0.06505734406731158,0.011709094871469915,0.0055653902175075345,0.006143704653962381,29,0,1.0,M3_global_corr,vi,177,177,oracle,0.0,True,0.0
121.39047252172978,3.2672088378516055,0.04747067570855225,0.011709094871469915,0.0060603228286260765,0.0056487720428438385,33,0,1.0,M4_patch_corr,vi,177,177,oracle,0.0,True,0.0
80.8363955498822,1.070175330882183,0.032382268322561206,0.011709094871469915,0.007239089639407373,0.004470005232062542,40,0,1.0,M5_full_corr,vi,177,177,oracle,0.0,True,0.0
162.04456683290886,3.1996670431407974,0.07497135740888783,0.011126765982984241,0.005241664226084081,0.00588510175690016,40,0,1.0,M0_raw_p2p,vi,178,178,oracle,0.0,True,0.0
158.0896180765244,2.2912318660948356,0.07376442611408555,0.011126765982984241,0.005305829666576786,0.0058209363164074554,40,0,1.0,M1_raw_p2l,vi,178,178,oracle,0.0,True,0.0
144.6515210007423,3.2209863708435615,0.028338882748607044,0.011126765982984241,0.0058573724856391335,0.005269393497345108,40,0,0.7958463599282855,M2_raw_huber,vi,178,178,oracle,0.0,True,0.0
154.9510004102453,3.1977583538079295,0.060851072019849656,0.011126765982984241,0.005415276231139357,0.005711489751844884,40,0,1.0,M3_global_corr,vi,178,178,oracle,0.0,True,0.0
111.97413002498936,2.973899160263648,0.04597269539618762,0.011126765982984241,0.005969436198730427,0.005157329784253814,40,0,1.0,M4_patch_corr,vi,178,178,oracle,0.0,True,0.0
78.93798852257805,1.2668685590966242,0.032377703347738554,0.011126765982984241,0.006891666417094935,0.004235099565889306,40,0,1.0,M5_full_corr,vi,178,178,oracle,0.0,True,0.0
154.74439026767334,3.338475496205311,0.06307919162025968,0.00970452134432062,0.004577850891650601,0.0051266704526700185,40,0,1.0,M0_raw_p2p,vi,179,179,oracle,0.0,True,1.4901161193847656e-08
153.46810219633778,3.1988388070892784,0.06386437350259895,0.00970452134432062,0.004630819951739052,0.005073701392581568,40,0,1.0,M1_raw_p2l,vi,179,179,oracle,0.0,True,1.4901161193847656e-08
138.36975251684424,3.382445159298915,0.024108013115960388,0.00970452134432062,0.005112633270517633,0.004591888073802987,40,0,0.7847472299582683,M2_raw_huber,vi,179,179,oracle,0.0,True,1.4901161193847656e-08
148.42731651147636,3.3435467452704755,0.05208181173382241,0.00970452134432062,0.004744005737299191,0.004960515607021428,40,0,1.0,M3_global_corr,vi,179,179,oracle,0.0,True,1.4901161193847656e-08
102.92261488245887,3.5521527723099213,0.03954288843377081,0.00970452134432062,0.005297285689471517,0.004407235654849103,34,0,1.0,M4_patch_corr,vi,179,179,oracle,0.0,True,1.4901161193847656e-08
67.89140615489485,1.666262472028764,0.028029214752297655,0.00970452134432062,0.00638709698006411,0.0033174243642565097,39,0,1.0,M5_full_corr,vi,179,179,oracle,0.0,True,1.4901161193847656e-08
150.30226804290396,3.18622913177515,0.06343732272206787,0.009808067350303545,0.004610464779408176,0.005197602570895369,40,0,1.0,M0_raw_p2p,vi,180,180,oracle,0.0,True,0.0
149.85218369768805,2.959800887482531,0.05686459535125458,0.009808067350303545,0.00468380372366352,0.005124263626640025,40,0,1.0,M1_raw_p2l,vi,180,180,oracle,0.0,True,0.0
136.52688461646642,2.919353131180031,0.028222165416192466,0.009808067350303545,0.005178918578406789,0.004629148771896756,40,0,0.7776278591899268,M2_raw_huber,vi,180,180,oracle,0.0,True,0.0
143.68012498933095,3.186347683578413,0.053438916837804024,0.009808067350303545,0.004767977773256819,0.005040089577046726,40,0,1.0,M3_global_corr,vi,180,180,oracle,0.0,True,0.0
100.1257157226694,3.170122711997154,0.042304723981484514,0.009808067350303545,0.005465137933725008,0.004342929416578537,36,0,1.0,M4_patch_corr,vi,180,180,oracle,0.0,True,0.0
60.7173521007054,1.4470923147109647,0.027010508519694793,0.009808067350303545,0.006749009374578931,0.0030590579757246144,40,0,1.0,M5_full_corr,vi,180,180,oracle,0.0,True,0.0
155.293337532281,3.3280508009656384,0.07289470119525202,0.011129120445380962,0.004994374902885409,0.006134745542495553,40,0,1.0,M0_raw_p2p,vi,181,181,oracle,0.0,True,1.4901161193847656e-08
156.78093131327302,3.8790658493274615,0.0847272110190608,0.011129120445380962,0.005092074422230664,0.006037046023150298,40,0,1.0,M1_raw_p2l,vi,181,181,oracle,0.0,True,1.4901161193847656e-08
139.62682510715175,2.9327404441494935,0.03732840033504643,0.011129120445380962,0.00570796994064489,0.005421150504736072,39,0,0.7794892784764851,M2_raw_huber,vi,181,181,oracle,0.0,True,1.4901161193847656e-08
147.6989520370266,3.336856778733826,0.06294650521388505,0.011129120445380962,0.005157044432829394,0.005972076012551568,40,0,1.0,M3_global_corr,vi,181,181,oracle,0.0,True,1.4901161193847656e-08
104.52636581892807,2.945685415947529,0.04829650195412677,0.011129120445380962,0.006028248451754239,0.005100871993626723,40,0,1.0,M4_patch_corr,vi,181,181,oracle,0.0,True,1.4901161193847656e-08
64.1564742216234,1.1550311205108443,0.03417764637171246,0.011129120445380962,0.007589762967432632,0.00353935747794833,40,0,1.0,M5_full_corr,vi,181,181,oracle,0.0,True,1.4901161193847656e-08
161.47999343673138,3.857759547284926,0.07992633327258104,0.012382267800497962,0.005561076776317994,0.006821191024179968,39,0,1.0,M0_raw_p2p,vi,182,182,oracle,0.0,True,0.0
165.34229225961505,4.139055491285038,0.08240389330926139,0.012382267800497962,0.00562914446515638,0.0067531233353415815,40,0,1.0,M1_raw_p2l,vi,182,182,oracle,0.0,True,0.0
143.64846791314585,3.0188608163472477,0.03678788108101748,0.012382267800497962,0.006312221530347127,0.006070046270150835,40,0,0.7927613377774609,M2_raw_huber,vi,182,182,oracle,0.0,True,0.0
153.15357484465758,3.857759547284933,0.06794761838122919,0.012382267800497962,0.005735306998237277,0.006646960802260685,39,0,1.0,M3_global_corr,vi,182,182,oracle,0.0,True,0.0
110.57234744167748,3.3675110583339083,0.05238910705484758,0.012382267800497962,0.006621568576026803,0.005760699224471159,34,0,1.0,M4_patch_corr,vi,182,182,oracle,0.0,True,0.0
66.66007533206077,1.0000827509822496,0.038067965692634397,0.012382267800497962,0.008351377300741826,0.004030890499756136,40,0,1.0,M5_full_corr,vi,182,182,oracle,0.0,True,0.0
165.14152504063048,3.7052166667719058,0.08131567543107932,0.012351630644693913,0.0054276995539886295,0.006923931090705284,38,0,1.0,M0_raw_p2p,vi,183,183,oracle,0.0,True,0.0
167.1589537764116,3.4862097826366814,0.07562533828891016,0.012351630644693913,0.005474428472308328,0.006877202172385586,40,0,1.0,M1_raw_p2l,vi,183,183,oracle,0.0,True,0.0
147.758728829502,3.12367587847573,0.0363516775310862,0.012351630644693913,0.006036304456813872,0.006315326187880042,40,0,0.8059537862814375,M2_raw_huber,vi,183,183,oracle,0.0,True,0.0
157.01475549917208,3.7056696745403244,0.06810511187814049,0.012351630644693913,0.005605895516384587,0.006745735128309327,38,0,1.0,M3_global_corr,vi,183,183,oracle,0.0,True,0.0
113.2942760272293,3.251506402157356,0.05165168345267884,0.012351630644693913,0.006507614806922293,0.0058440158377716205,39,0,1.0,M4_patch_corr,vi,183,183,oracle,0.0,True,0.0
70.98549268326758,1.3952006052923946,0.036730241126395224,0.012351630644693913,0.008094938393068948,0.004256692251624965,40,0,1.0,M5_full_corr,vi,183,183,oracle,0.0,True,0.0
169.61796327467493,3.551736991313234,0.08588205993059782,0.012982447171876098,0.0056808974734702394,0.007301549698405858,40,0,1.0,M0_raw_p2p,vi,184,184,oracle,0.0,True,0.0
174.46562950546496,3.341680470861598,0.08040836740977945,0.012982447171876098,0.00574028329190295,0.0072421638799731475,40,0,1.0,M1_raw_p2l,vi,184,184,oracle,0.0,True,0.0
150.6624654473581,3.196755207358443,0.035978390339056726,0.012982447171876098,0.006258844609446803,0.0067236025624292945,40,0,0.818644804852251,M2_raw_huber,vi,184,184,oracle,0.0,True,0.0
161.05530357072644,3.556274469525134,0.07077835397160216,0.012982447171876098,0.005864443396870015,0.007118003775006083,40,0,1.0,M3_global_corr,vi,184,184,oracle,0.0,True,0.0
119.49028063839225,2.790128350356078,0.055220998862051916,0.012982447171876098,0.006735061262164244,0.006247385909711854,40,0,1.0,M4_patch_corr,vi,184,184,oracle,0.0,True,0.0
71.61858573999098,0.7641589854293148,0.04057720259867525,0.012982447171876098,0.008493461530714463,0.004488985641161635,40,0,1.0,M5_full_corr,vi,184,184,oracle,0.0,True,0.0
166.87569209280224,3.381508147206927,0.08160719651889184,0.01249888866017937,0.005623997662869107,0.006874890997310262,40,0,1.0,M0_raw_p2p,vi,185,185,oracle,0.0,True,2.1073424255447017e-08
164.87941549446037,2.3065422160795683,0.07858281810091647,0.01249888866017937,0.005682635288028465,0.006816253372150904,40,0,1.0,M1_raw_p2l,vi,185,185,oracle,0.0,True,2.1073424255447017e-08
149.6945046707028,3.1366065116340187,0.030312194817259074,0.01249888866017937,0.006184299444751004,0.006314589215428365,40,0,0.8136770608872201,M2_raw_huber,vi,185,185,oracle,0.0,True,2.1073424255447017e-08
158.59642715714975,3.38281574259065,0.06636225937486358,0.01249888866017937,0.005804129887032503,0.006694758773146866,40,0,1.0,M3_global_corr,vi,185,185,oracle,0.0,True,2.1073424255447017e-08
117.78267412474182,3.0926401161634867,0.051332271900819286,0.01249888866017937,0.006681653685570626,0.005817234974608743,40,0,1.0,M4_patch_corr,vi,185,185,oracle,0.0,True,2.1073424255447017e-08
70.07400885709004,0.9904333628859596,0.03829587783113483,0.01249888866017937,0.008401711835450085,0.004097176824729284,40,0,1.0,M5_full_corr,vi,185,185,oracle,0.0,True,2.1073424255447017e-08
159.37933167305215,3.3337696746655023,0.0679530792350638,0.010420599759644742,0.00469726880134888,0.005723330958295862,40,0,1.0,M0_raw_p2p,vi,186,186,oracle,0.0,True,2.1073424255447017e-08
155.42573532785582,2.5276961798882454,0.06839364283637538,0.010420599759644742,0.00475392169659076,0.005666678063053982,40,0,1.0,M1_raw_p2l,vi,186,186,oracle,0.0,True,2.1073424255447017e-08
143.65928315051062,2.9769270236360375,0.02559854005560883,0.010420599759644742,0.005138076080840602,0.00528252367880414,40,0,0.8129174136670584,M2_raw_huber,vi,186,186,oracle,0.0,True,2.1073424255447017e-08
152.53787308095417,3.336888466747597,0.055095233544442235,0.010420599759644742,0.004874221475955335,0.005546378283689407,40,0,1.0,M3_global_corr,vi,186,186,oracle,0.0,True,2.1073424255447017e-08
110.44628176597226,3.821019625191991,0.041730044753043656,0.010420599759644742,0.005748493925887065,0.004672105833757677,40,0,1.0,M4_patch_corr,vi,186,186,oracle,0.0,True,2.1073424255447017e-08
56.09040639919077,1.4989523425924571,0.027940091163893725,0.010420599759644742,0.007499930853964513,0.002920668905680229,40,0,1.0,M5_full_corr,vi,186,186,oracle,0.0,True,2.1073424255447017e-08
153.78881402244926,3.7680118201046016,0.06502470574283101,0.009837552044131689,0.004575675947805486,0.005261876096326203,40,0,1.0,M0_raw_p2p,vi,187,187,oracle,0.0,True,0.0
149.2285300774564,2.9780565720945287,0.05753690537212035,0.009837552044131689,0.004628174919968444,0.005209377124163245,40,0,1.0,M1_raw_p2l,vi,187,187,oracle,0.0,True,0.0
137.49913678731224,3.1981525210248765,0.028823516226519644,0.009837552044131689,0.004996172402372631,0.004841379641759058,40,0,0.8139510773677574,M2_raw_huber,vi,187,187,oracle,0.0,True,0.0
147.09927713571625,3.7643744429350368,0.05098553890366836,0.009837552044131689,0.004764391823428937,0.005073160220702752,40,0,1.0,M3_global_corr,vi,187,187,oracle,0.0,True,0.0
106.05650269045451,4.084986181107969,0.03912995696881167,0.009837552044131689,0.005614350899160592,0.004223201144971097,40,0,1.0,M4_patch_corr,vi,187,187,oracle,0.0,True,0.0
57.31273777844493,1.9660634686722447,0.02547553101960511,0.009837552044131689,0.007045419962964326,0.002792132081167363,40,0,1.0,M5_full_corr,vi,187,187,oracle,0.0,True,0.0
155.79287544213216,3.788285791915728,0.06585946980672541,0.009944665688529343,0.004427342040601197,0.005517323647928146,40,0,1.0,M0_raw_p2p,vi,188,188,oracle,0.0,True,1.4901161193847656e-08
154.75879359430425,3.691295418109949,0.0594710505519663,0.009944665688529343,0.004488206077969281,0.005456459610560062,40,0,1.0,M1_raw_p2l,vi,188,188,oracle,0.0,True,1.4901161193847656e-08
142.70990871574963,3.2405835586927805,0.03240810075961007,0.009944665688529343,0.00472714213507528,0.005217523553454063,40,0,0.8173296106736001,M2_raw_huber,vi,188,188,oracle,0.0,True,1.4901161193847656e-08
149.47383922590367,3.7882857919157127,0.05361055761450573,0.009944665688529343,0.004604944084502657,0.005339721604026686,40,0,1.0,M3_global_corr,vi,188,188,oracle,0.0,True,1.4901161193847656e-08
105.08054603842098,3.800020060204363,0.04068586307129559,0.009944665688529343,0.0055117375422596305,0.0044329281462697125,40,0,1.0,M4_patch_corr,vi,188,188,oracle,0.0,True,1.4901161193847656e-08
58.40651267881109,2.1310168677798873,0.02651679661517483,0.009944665688529343,0.006979445436915026,0.0029652202516143172,34,0,1.0,M5_full_corr,vi,188,188,oracle,0.0,True,1.4901161193847656e-08
163.7602049006367,4.527416631240688,0.0796937897170348,0.011553292704792252,0.004868456416945449,0.006684836287846803,34,0,1.0,M0_raw_p2p,vi,189,189,oracle,0.0,True,0.0
165.044315297448,4.737809825185608,0.078177789512199,0.011553292704792252,0.004913109964683147,0.006640182740109105,40,0,1.0,M1_raw_p2l,vi,189,189,oracle,0.0,True,0.0
149.89684244905297,4.087523121042654,0.036207190786905714,0.011553292704792252,0.005133407647698077,0.006419885057094175,40,0,0.8254784200096537,M2_raw_huber,vi,189,189,oracle,0.0,True,0.0
156.19511228909647,4.528773105399484,0.06553094062640998,0.011553292704792252,0.005042593820054801,0.006510698884737451,34,0,1.0,M3_global_corr,vi,189,189,oracle,0.0,True,0.0
112.65998044810223,4.437767363629319,0.04937246287627408,0.011553292704792252,0.005905244000199053,0.005648048704593199,26,0,1.0,M4_patch_corr,vi,189,189,oracle,0.0,True,0.0
71.56242865315616,3.17656146671324,0.03353639025482462,0.011553292704792252,0.007340014696247363,0.004213278008544889,27,0,1.0,M5_full_corr,vi,189,189,oracle,0.0,True,0.0
168.0038120529935,5.200602600596629,0.07998037731871369,0.012474184215011713,0.0054387820236162015,0.007035402191395511,39,0,1.0,M0_raw_p2p,vi,190,190,oracle,0.0,True,0.0
167.3561922917796,4.828997592943539,0.0745490201338841,0.012474184215011713,0.005502927619477387,0.006971256595534325,40,0,1.0,M1_raw_p2l,vi,190,190,oracle,0.0,True,0.0
150.49738354233057,4.736551161326254,0.0362443252900251,0.012474184215011713,0.005960306402605569,0.006513877812406144,40,0,0.8066567568454529,M2_raw_huber,vi,190,190,oracle,0.0,True,0.0
160.12567404018478,5.200602600596621,0.06686792217046965,0.012474184215011713,0.005607267815920862,0.0068669163990908505,39,0,1.0,M3_global_corr,vi,190,190,oracle,0.0,True,0.0
118.95246649866483,5.160009965825704,0.049750586868764525,0.012474184215011713,0.006416309582893729,0.006057874632117983,30,0,1.0,M4_patch_corr,vi,190,190,oracle,0.0,True,0.0
79.79958480279336,4.056473775144679,0.03564529822758735,0.012474184215011713,0.007711109022828223,0.00476307519218349,40,0,1.0,M5_full_corr,vi,190,190,oracle,0.0,True,0.0
174.36388003897343,5.403636880975947,0.08974456188764397,0.013757964208166435,0.00590846806410463,0.007849496144061805,31,0,1.0,M0_raw_p2p,vi,191,191,oracle,0.0,True,0.0
176.62443220430708,5.514294350668206,0.08739046178590112,0.013757964208166435,0.005993766818606713,0.007764197389559722,40,0,1.0,M1_raw_p2l,vi,191,191,oracle,0.0,True,0.0
156.46757728781327,4.917673914803459,0.040351944448548664,0.013757964208166435,0.006351222404526662,0.0074067418036397725,40,0,0.8167956294493264,M2_raw_huber,vi,191,191,oracle,0.0,True,0.0
165.74935976471178,5.406617466413063,0.07463935057579536,0.013757964208166435,0.006098683689058204,0.0076592805191082304,30,0,1.0,M3_global_corr,vi,191,191,oracle,0.0,True,0.0
127.52775494865062,5.302693630866647,0.05754070933090108,0.013757964208166435,0.006848577778824502,0.006909386429341933,40,0,1.0,M4_patch_corr,vi,191,191,oracle,0.0,True,0.0
86.03682560996648,3.9446361485447574,0.0416288734944904,0.013757964208166435,0.008284281690776909,0.005473682517389526,40,0,1.0,M5_full_corr,vi,191,191,oracle,0.0,True,0.0
169.67118740209332,4.706773440745694,0.08394379983886413,0.01320335345236913,0.006000756052299786,0.007202597400069343,28,0,1.0,M0_raw_p2p,vi,192,192,oracle,0.0,True,1.4901161193847656e-08
169.23400988576094,4.170970644956828,0.07389026599244627,0.01320335345236913,0.0060776280467280544,0.007125725405641075,40,0,1.0,M1_raw_p2l,vi,192,192,oracle,0.0,True,1.4901161193847656e-08
148.44784742132907,4.476406239980532,0.03377751285597157,0.01320335345236913,0.006745333635673638,0.006458019816695491,40,0,0.8036173398739127,M2_raw_huber,vi,192,192,oracle,0.0,True,1.4901161193847656e-08
161.39965967121012,4.7071708939855075,0.06974163304085841,0.01320335345236913,0.00618076571939848,0.007022587732970649,29,0,1.0,M3_global_corr,vi,192,192,oracle,0.0,True,1.4901161193847656e-08
121.50419386046838,4.225220801520001,0.05338757134449157,0.01320335345236913,0.007033903587882512,0.006169449864486617,26,0,1.0,M4_patch_corr,vi,192,192,oracle,0.0,True,1.4901161193847656e-08
84.35568658749283,3.8182353300515786,0.040249557334673544,0.01320335345236913,0.008141741715229535,0.005061611737139595,40,0,1.0,M5_full_corr,vi,192,192,oracle,0.0,True,1.4901161193847656e-08
164.25550575097438,4.074930346225337,0.07770404760970111,0.012291323103074177,0.005604351037127672,0.006686972065946505,28,0,1.0,M0_raw_p2p,vi,193,193,oracle,0.0,True,0.0
164.69490219133462,3.096144841004086,0.07673806445904786,0.012291323103074177,0.005673577703349774,0.006617745399724403,40,0,1.0,M1_raw_p2l,vi,193,193,oracle,0.0,True,0.0
144.35343992093232,3.81507503946734,0.03170163527817915,0.012291323103074177,0.006464792445643679,0.005826530657430499,40,0,0.7875631660011201,M2_raw_huber,vi,193,193,oracle,0.0,True,0.0
156.4024581277864,4.075555390711546,0.06438529184127648,0.012291323103074177,0.005773710566154892,0.006517612536919286,28,0,1.0,M3_global_corr,vi,193,193,oracle,0.0,True,0.0
118.99784791092038,3.856897049771669,0.048923441889162055,0.012291323103074177,0.006574717772926009,0.005716605330148169,33,0,1.0,M4_patch_corr,vi,193,193,oracle,0.0,True,0.0
83.61721110592745,3.2731743997568796,0.03673210197277127,0.012291323103074177,0.00756494656389005,0.004726376539184128,27,0,1.0,M5_full_corr,vi,193,193,oracle,0.0,True,0.0
153.59695335352347,3.712718536605582,0.06366930373330103,0.010105075715359164,0.004610198411341797,0.005494877304017367,31,0,1.0,M0_raw_p2p,vi,194,194,oracle,0.0,True,0.0
155.88828098547128,3.034225852678656,0.051652236502257864,0.010105075715359164,0.0046489762946379225,0.0054560994207212415,40,0,1.0,M1_raw_p2l,vi,194,194,oracle,0.0,True,0.0
138.56380601192197,3.3772052582681162,0.025097977036076136,0.010105075715359164,0.00523707735299892,0.004867998362360244,40,0,0.7759044059774314,M2_raw_huber,vi,194,194,oracle,0.0,True,0.0
147.56491640471583,3.7120387465809705,0.05425119919373467,0.010105075715359164,0.004770387472181132,0.005334688243178032,31,0,1.0,M3_global_corr,vi,194,194,oracle,0.0,True,0.0
110.27033512694946,4.651971521179682,0.0391324100750157,0.010105075715359164,0.005485369533743237,0.0046197061816159275,31,0,1.0,M4_patch_corr,vi,194,194,oracle,0.0,True,0.0
72.31018467899999,3.75582455891001,0.030283057221544767,0.010105075715359164,0.006526000356841104,0.00357907535851806,28,0,1.0,M5_full_corr,vi,194,194,oracle,0.0,True,0.0
151.96956508436267,3.2611245951947665,0.062483538391675926,0.010002235477078876,0.004691069569150907,0.005311165907927969,40,0,1.0,M0_raw_p2p,vi,195,195,oracle,0.0,True,0.0
151.71947524607515,3.1111283151462334,0.061944045104480934,0.010002235477078876,0.0047582323016381175,0.005244003175440759,40,0,1.0,M1_raw_p2l,vi,195,195,oracle,0.0,True,0.0
136.39988795760294,2.748505020954879,0.029360627725687594,0.010002235477078876,0.0053080025260438465,0.00469423295103503,40,0,0.7890934068444192,M2_raw_huber,vi,195,195,oracle,0.0,True,0.0
146.03760165666165,3.2589375161306107,0.05446114169847179,0.010002235477078876,0.004850186201823037,0.0051520492752558395,40,0,1.0,M3_global_corr,vi,195,195,oracle,0.0,True,0.0
108.91215699075387,4.0655122382018565,0.040632612107828855,0.010002235477078876,0.005555661613074794,0.004446573864004082,40,0,1.0,M4_patch_corr,vi,195,195,oracle,0.0,True,0.0
70.24447886786828,3.3233680656246785,0.031563582210389185,0.010002235477078876,0.006582187279347327,0.003420048197731549,30,0,1.0,M5_full_corr,vi,195,195,oracle,0.0,True,0.0
159.6882038736639,5.110183601269392,0.06599954706879615,0.010000736390540358,0.004323823628702067,0.005676912761838291,25,0,1.0,M0_raw_p2p,vi,196,196,oracle,0.0,True,2.1073424255447017e-08
157.77122299594637,5.313400313357871,0.05512435264654207,0.010000736390540358,0.004353638450824539,0.005647097939715819,40,0,1.0,M1_raw_p2l,vi,196,196,oracle,0.0,True,2.1073424255447017e-08
145.2643312597603,4.462847888068656,0.02815166263997263,0.010000736390540358,0.004846229093911518,0.00515450729662884,40,0,0.7808815141609334,M2_raw_huber,vi,196,196,oracle,0.0,True,2.1073424255447017e-08
153.70024314508157,5.108901126597716,0.05599762594902879,0.010000736390540358,0.004487567816030359,0.005513168574509999,25,0,1.0,M3_global_corr,vi,196,196,oracle,0.0,True,2.1073424255447017e-08
114.57913174279976,5.8454189641788465,0.03962669187243574,0.010000736390540358,0.005222134535998723,0.004778601854541636,39,0,1.0,M4_patch_corr,vi,196,196,oracle,0.0,True,2.1073424255447017e-08
73.16158420362163,4.493178684277016,0.03233634956960223,0.010000736390540358,0.006289762616735248,0.0037109737738051105,40,0,1.0,M5_full_corr,vi,196,196,oracle,0.0,True,2.1073424255447017e-08
162.18231189316606,4.754803673489927,0.06924399776157139,0.010175754168141305,0.004335761142435751,0.005839993025705554,39,0,1.0,M0_raw_p2p,vi,197,197,oracle,0.0,True,2.1073424255447017e-08
161.17667207325357,4.528482795274886,0.06346652488655893,0.010175754168141305,0.004360023535110147,0.005815730633031158,12,0,1.0,M1_raw_p2l,vi,197,197,oracle,0.0,True,2.1073424255447017e-08
147.73788529825774,4.297158243090679,0.030852642438790264,0.010175754168141305,0.004786499423162254,0.005389254744979051,40,0,0.7887322987137639,M2_raw_huber,vi,197,197,oracle,0.0,True,2.1073424255447017e-08
156.12761234742194,4.7549153930014185,0.05781380173563579,0.010175754168141305,0.004504338253668595,0.00567141591447271,39,0,1.0,M3_global_corr,vi,197,197,oracle,0.0,True,2.1073424255447017e-08
117.35544080921927,5.191878901028776,0.04019239239153057,0.010175754168141305,0.005249583107964028,0.004926171060177277,40,0,1.0,M4_patch_corr,vi,197,197,oracle,0.0,True,2.1073424255447017e-08
76.10014780416718,3.8009378875001585,0.031422950376795704,0.010175754168141305,0.006381433837519131,0.003794320330622174,30,0,1.0,M5_full_corr,vi,197,197,oracle,0.0,True,2.1073424255447017e-08
166.17138289563334,4.809237143896555,0.07625423333690153,0.011500865724194833,0.005193643774830988,0.006307221949363845,33,0,1.0,M0_raw_p2p,vi,198,198,oracle,0.0,True,0.0
164.64078963579774,4.801977364394999,0.07321308482722737,0.011500865724194833,0.005261087059570956,0.006239778664623877,40,0,1.0,M1_raw_p2l,vi,198,198,oracle,0.0,True,0.0
148.89218795717866,4.201380244015467,0.03432995994264931,0.011500865724194833,0.00585819659217295,0.005642669132021883,40,0,0.7981914656646291,M2_raw_huber,vi,198,198,oracle,0.0,True,0.0
159.1116779817943,4.813331339141515,0.06267522183537858,0.011500865724194833,0.005374248751264992,0.006126616972929841,32,0,1.0,M3_global_corr,vi,198,198,oracle,0.0,True,0.0
121.32378048114707,5.020684276150711,0.04327475124710633,0.011500865724194833,0.006085262941603184,0.00541560278259165,33,0,1.0,M4_patch_corr,vi,198,198,oracle,0.0,True,0.0
82.6180028010988,3.4482036262753173,0.03663357863367461,0.011500865724194833,0.0071435625650332225,0.004357303159161611,30,0,1.0,M5_full_corr,vi,198,198,oracle,0.0,True,0.0
165.1997416941915,3.951488748644535,0.07796307248390241,0.012017599246169556,0.005599470467666249,0.0064181287785033065,31,0,1.0,M0_raw_p2p,vi,199,199,oracle,0.0,True,1.4901161193847656e-08
162.51065039736687,3.4675334896602625,0.07238666134227592,0.012017599246169556,0.005669966613718263,0.0063476326324512925,40,0,1.0,M1_raw_p2l,vi,199,199,oracle,0.0,True,1.4901161193847656e-08
148.04684093048314,3.599210430115521,0.03352444656122341,0.012017599246169556,0.006310105156013068,0.005707494090156488,40,0,0.7983320840187786,M2_raw_huber,vi,199,199,oracle,0.0,True,1.4901161193847656e-08
158.07861662003654,3.9514887486445383,0.06444637491160937,0.012017599246169556,0.005775809759628837,0.0062417894865407185,31,0,1.0,M3_global_corr,vi,199,199,oracle,0.0,True,1.4901161193847656e-08
120.96059737284449,3.9563636518921634,0.046321593142403396,0.012017599246169556,0.006459605180852232,0.005557994065317324,34,0,1.0,M4_patch_corr,vi,199,199,oracle,0.0,True,1.4901161193847656e-08
82.68292752497089,3.0229875011812894,0.03875160191110859,0.012017599246169556,0.007529001421355368,0.004488597824814188,40,0,1.0,M5_full_corr,vi,199,199,oracle,0.0,True,1.4901161193847656e-08
164.63944003923132,3.3122766122090925,0.07754110371598365,0.011590203154658772,0.005177960086877975,0.006412243067780797,40,0,1.0,M0_raw_p2p,vi,200,200,oracle,0.0,True,0.0
162.82388562439905,2.6058811514363613,0.0792139893253162,0.011590203154658772,0.0052560360808392645,0.006334167073819508,40,0,1.0,M1_raw_p2l,vi,200,200,oracle,0.0,True,0.0
148.22968668594535,3.1387967093122064,0.03122400703743007,0.011590203154658772,0.005768111960160134,0.005822091194498638,40,0,0.8080130272364513,M2_raw_huber,vi,200,200,oracle,0.0,True,0.0
157.3460959601035,3.307505049596948,0.06416706632742884,0.011590203154658772,0.005355694637770581,0.006234508516888191,40,0,1.0,M3_global_corr,vi,200,200,oracle,0.0,True,0.0
121.32528203832901,4.115532571501384,0.04628301746629248,0.011590203154658772,0.006019368278131362,0.00557083487652741,33,0,1.0,M4_patch_corr,vi,200,200,oracle,0.0,True,0.0
83.4517854967179,2.9739876614218423,0.03645263687998045,0.011590203154658772,0.007073776782934913,0.00451642637172386,28,0,1.0,M5_full_corr,vi,200,200,oracle,0.0,True,0.0
165.9899953718237,4.903068597539608,0.07503033366227765,0.011018791199221894,0.004735620035980128,0.006283171163241766,32,0,1.0,M0_raw_p2p,vi,201,201,oracle,0.0,True,0.0
163.3334572281934,4.0680424218025975,0.06657393255073187,0.011018791199221894,0.004793260078203326,0.006225531121018568,40,0,1.0,M1_raw_p2l,vi,201,201,oracle,0.0,True,0.0
149.21199151676254,4.831049537437494,0.029925785311295895,0.011018791199221894,0.005288639370038052,0.005730151829183842,40,0,0.8007989288805275,M2_raw_huber,vi,201,201,oracle,0.0,True,0.0
158.84096311799192,4.8975006600462345,0.06128420173268818,0.011018791199221894,0.004900048663695579,0.006118742535526315,32,0,1.0,M3_global_corr,vi,201,201,oracle,0.0,True,0.0
124.16619870706708,5.896123143297971,0.04194630896382153,0.011018791199221894,0.00556600802542727,0.005452783173794624,35,0,1.0,M4_patch_corr,vi,201,201,oracle,0.0,True,0.0
80.48491393546203,3.611706943336165,0.033023326640472556,0.011018791199221894,0.006711048881674287,0.004307742317547607,28,0,1.0,M5_full_corr,vi,201,201,oracle,0.0,True,0.0
160.18447415064122,4.624771531561681,0.0712437486892783,0.010735306284144229,0.004808358319497846,0.005926947964646383,25,0,1.0,M0_raw_p2p,vi,202,202,oracle,0.0,True,0.0
158.53363223788904,4.239288381907331,0.06314237720809379,0.010735306284144229,0.004849861799278644,0.005885444484865585,40,0,1.0,M1_raw_p2l,vi,202,202,oracle,0.0,True,0.0
143.31495199593354,4.150268129133724,0.030134908092467362,0.010735306284144229,0.005408360599756248,0.005326945684387981,40,0,0.7967063332645183,M2_raw_huber,vi,202,202,oracle,0.0,True,0.0
152.7367284914581,4.620666418663218,0.05878885132213405,0.010735306284144229,0.004966168903571029,0.0057691373805732,25,0,1.0,M3_global_corr,vi,202,202,oracle,0.0,True,0.0
120.82298953648588,6.182312208834393,0.04066602853648181,0.010735306284144229,0.005597658305107902,0.005137647979036327,40,0,1.0,M4_patch_corr,vi,202,202,oracle,0.0,True,0.0
78.74949916461989,3.661992087954318,0.03255438162880279,0.010735306284144229,0.006692539968066753,0.004042766316077476,37,0,1.0,M5_full_corr,vi,202,202,oracle,0.0,True,0.0
165.34354962842204,4.821416449356303,0.07317195875967389,0.011898574306015514,0.005259929931486075,0.006638644374529439,37,0,1.0,M0_raw_p2p,vi,203,203,oracle,0.0,True,0.0
170.4322661701937,5.005209764068539,0.06413311360634535,0.011898574306015514,0.005352459010979064,0.006546115295036449,40,0,1.0,M1_raw_p2l,vi,203,203,oracle,0.0,True,0.0
145.8314636033175,3.8839725269801284,0.03595538725078512,0.011898574306015514,0.0060808712554471355,0.005817703050568378,40,0,0.7840639239337334,M2_raw_huber,vi,203,203,oracle,0.0,True,0.0
157.5479950894373,4.82084660329934,0.0631903880757486,0.011898574306015514,0.005421027232798123,0.006477547073217391,37,0,1.0,M3_global_corr,vi,203,203,oracle,0.0,True,0.0
127.06894704945412,5.864984451770023,0.047470274750917196,0.011898574306015514,0.006012078419297533,0.0058864958867179806,36,0,1.0,M4_patch_corr,vi,203,203,oracle,0.0,True,0.0
86.06558645113202,3.5848576569052555,0.03689122470056846,0.011898574306015514,0.007142596795075254,0.0047559775109402595,40,0,1.0,M5_full_corr,vi,203,203,oracle,0.0,True,0.0
162.70173144446414,4.522310246747384,0.07193237171984783,0.011493343048519289,0.0050684156651231065,0.006424927383396182,40,0,1.0,M0_raw_p2p,vi,204,204,oracle,0.0,True,0.0
166.7343545576298,4.741754138119506,0.06243013208738458,0.011493343048519289,0.005146586301362723,0.006346756747156566,40,0,1.0,M1_raw_p2l,vi,204,204,oracle,0.0,True,0.0
145.20140481890297,3.7529362503540957,0.03431228146978206,0.011493343048519289,0.00581114348523293,0.005682199563286359,40,0,0.780297471256116,M2_raw_huber,vi,204,204,oracle,0.0,True,0.0
155.28010213893435,4.521379259585113,0.06340040126184784,0.011493343048519289,0.0052305646669717565,0.006262778381547532,40,0,1.0,M3_global_corr,vi,204,204,oracle,0.0,True,0.0
124.06618470756403,5.65113720993093,0.04578984742922595,0.011493343048519289,0.00584279458353417,0.005650548464985119,29,0,1.0,M4_patch_corr,vi,204,204,oracle,0.0,True,0.0
83.2183668944122,4.052014749593218,0.034172871532765596,0.011493343048519289,0.006959902285349319,0.00453344076316997,35,0,1.0,M5_full_corr,vi,204,204,oracle,0.0,True,0.0
165.48160584038177,4.719948937583516,0.07971096897281987,0.011908568262434445,0.004992149066378023,0.006916419196056422,40,0,1.0,M0_raw_p2p,vi,205,205,oracle,0.0,True,0.0
169.83703447315486,4.344492530834683,0.07265529882424392,0.011908568262434445,0.005050472789004417,0.0068580954734300285,40,0,1.0,M1_raw_p2l,vi,205,205,oracle,0.0,True,0.0
149.44596479779895,3.8569100464063557,0.03832170084232727,0.011908568262434445,0.005484199835551539,0.006424368426882906,40,0,0.8027915683488872,M2_raw_huber,vi,205,205,oracle,0.0,True,0.0
157.17240608320003,4.71845945138686,0.0690243579812761,0.011908568262434445,0.005154288003973502,0.006754280258460943,40,0,1.0,M3_global_corr,vi,205,205,oracle,0.0,True,0.0
125.10841881039333,5.488917944098683,0.04928024668262871,0.011908568262434445,0.005781901672747928,0.006126666589686517,28,0,1.0,M4_patch_corr,vi,205,205,oracle,0.0,True,0.0
83.109913542047,3.6646812469324077,0.034139220790622496,0.011908568262434445,0.007034061878618263,0.004874506383816183,34,0,1.0,M5_full_corr,vi,205,205,oracle,0.0,True,0.0
168.19706369112697,4.61936346520145,0.08392853080955939,0.012456602245800284,0.005111990245204662,0.007344612000595621,40,0,1.0,M0_raw_p2p,vi,206,206,oracle,0.0,True,0.0
169.78357581982445,3.4830569214260123,0.07653316595891335,0.012456602245800284,0.005173186417691549,0.007283415828108735,40,0,1.0,M1_raw_p2l,vi,206,206,oracle,0.0,True,0.0
151.30119030115557,3.609517180267955,0.03914680976116099,0.012456602245800284,0.005650278464142317,0.006806323781657966,40,0,0.800552962148866,M2_raw_huber,vi,206,206,oracle,0.0,True,0.0
159.82257164364154,4.619363465201439,0.07264613099425596,0.012456602245800284,0.005268162980956162,0.007188439264844122,40,0,1.0,M3_global_corr,vi,206,206,oracle,0.0,True,0.0
126.77330814972049,5.291274059856501,0.05261997116951557,0.012456602245800284,0.0059127404166802525,0.006543861829120031,33,0,1.0,M4_patch_corr,vi,206,206,oracle,0.0,True,0.0
84.0678109059146,3.895218895047737,0.033517865401144514,0.012456602245800284,0.007304809680689595,0.005151792565110689,37,0,1.0,M5_full_corr,vi,206,206,oracle,0.0,True,0.0
174.44925370014002,5.297787935637202,0.09091034240454739,0.01312789433151919,0.005231904074051919,0.007895990257467272,28,0,1.0,M0_raw_p2p,vi,207,207,oracle,0.0,True,0.0
174.00421128302096,4.4281281188402755,0.08209389718131081,0.01312789433151919,0.005301137344978736,0.007826756986540454,40,0,1.0,M1_raw_p2l,vi,207,207,oracle,0.0,True,0.0
157.35844018044236,5.167603669140925,0.037613744082360345,0.01312789433151919,0.0056983934972946884,0.0074295008342245015,40,0,0.8071753818502503,M2_raw_huber,vi,207,207,oracle,0.0,True,0.0
165.49204100023528,5.29570114033708,0.07726028796581139,0.01312789433151919,0.005394601155360529,0.007733293176158661,30,0,1.0,M3_global_corr,vi,207,207,oracle,0.0,True,0.0
130.4863287584412,6.119653990358762,0.05613434414824529,0.01312789433151919,0.006046065057900678,0.007081829273618512,40,0,1.0,M4_patch_corr,vi,207,207,oracle,0.0,True,0.0
92.773629959013,5.32453480765503,0.035661267743393725,0.01312789433151919,0.007243853336299594,0.005884040995219596,40,0,1.0,M5_full_corr,vi,207,207,oracle,0.0,True,0.0
169.8567690104878,4.765200866210073,0.08933526450538425,0.012270083811849571,0.0050890936515091915,0.00718099016034038,28,0,1.0,M0_raw_p2p,vi,208,208,oracle,0.0,True,2.1073424255447017e-08
170.8350677481572,4.235794685535343,0.08928995035232909,0.012270083811849571,0.00513971175972346,0.007130372052126111,40,0,1.0,M1_raw_p2l,vi,208,208,oracle,0.0,True,2.1073424255447017e-08
154.73864297801512,4.754215143725169,0.03940256734548447,0.012270083811849571,0.0054162779669666185,0.006853805844882953,40,0,0.8131322182063077,M2_raw_huber,vi,208,208,oracle,0.0,True,2.1073424255447017e-08
161.62604185591434,4.763288365086644,0.07290455241883648,0.012270083811849571,0.005264782293696519,0.007005301518153052,27,0,1.0,M3_global_corr,vi,208,208,oracle,0.0,True,2.1073424255447017e-08
125.00752986545302,5.391809278818463,0.051842007922063046,0.012270083811849571,0.0058668158149744205,0.006403267996875151,39,0,1.0,M4_patch_corr,vi,208,208,oracle,0.0,True,2.1073424255447017e-08
91.73242202851245,4.705643853202617,0.028645438023154682,0.012270083811849571,0.006936969768429211,0.00533311404342036,40,0,1.0,M5_full_corr,vi,208,208,oracle,0.0,True,2.1073424255447017e-08
161.68085123366987,4.659709008263694,0.07770444360118582,0.010935220423131721,0.004822565000517654,0.006112655422614068,31,0,1.0,M0_raw_p2p,vi,209,209,oracle,0.0,True,0.0
162.90960228714982,4.054290887831767,0.08718712520841505,0.010935220423131721,0.004889601845420537,0.0060456185777111844,40,0,1.0,M1_raw_p2l,vi,209,209,oracle,0.0,True,0.0
148.64162042234003,4.406971974269161,0.033324104870121024,0.010935220423131721,0.005130560571169404,0.005804659851962318,40,0,0.8239362073213202,M2_raw_huber,vi,209,209,oracle,0.0,True,0.0
154.20865596325964,4.657829597748472,0.06106747111246821,0.010935220423131721,0.005011914425364969,0.005923305997766752,31,0,1.0,M3_global_corr,vi,209,209,oracle,0.0,True,0.0
121.5730469446428,5.440449427766749,0.04058669930351784,0.010935220423131721,0.0055530235304817165,0.005382196892650005,32,0,1.0,M4_patch_corr,vi,209,209,oracle,0.0,True,0.0
75.67114855791667,2.096589117002277,0.021790244997377223,0.010935220423131721,0.007021646826493147,0.0039135735966385745,40,0,1.0,M5_full_corr,vi,209,209,oracle,0.0,True,0.0
167.84565645887804,5.128135432800433,0.08066816104752877,0.011032848246646791,0.004500707884847894,0.006532140361798897,30,0,1.0,M0_raw_p2p,vi,210,210,oracle,0.0,True,0.0
166.82418840524736,4.83149361254271,0.07428296054892537,0.011032848246646791,0.00453814658478712,0.0064947016618596715,40,0,1.0,M1_raw_p2l,vi,210,210,oracle,0.0,True,0.0
155.6089058429227,4.687472695716418,0.03667214491344395,0.011032848246646791,0.004720508319375303,0.006312339927271488,40,0,0.8213267836555607,M2_raw_huber,vi,210,210,oracle,0.0,True,0.0
160.664013133733,5.128146663785482,0.06468642556911793,0.011032848246646791,0.0046974584008213135,0.006335389845825478,30,0,1.0,M3_global_corr,vi,210,210,oracle,0.0,True,0.0
127.42717485743036,5.3033078332150785,0.04260553880132053,0.011032848246646791,0.0052529600668464035,0.005779888179800388,35,0,1.0,M4_patch_corr,vi,210,210,oracle,0.0,True,0.0
85.85338301901544,2.769866582421304,0.024768704270442813,0.011032848246646791,0.006585372476269798,0.004447475770376993,37,0,1.0,M5_full_corr,vi,210,210,oracle,0.0,True,0.0
174.16516176820815,4.759274408515821,0.0915094655835342,0.012972746830335035,0.005263278822411294,0.007709468007923741,40,0,1.0,M0_raw_p2p,vi,211,211,oracle,0.0,True,0.0
175.87872641842438,4.482577824942923,0.08654605583449525,0.012972746830335035,0.005324182595257179,0.0076485642350778565,40,0,1.0,M1_raw_p2l,vi,211,211,oracle,0.0,True,0.0
160.10386563064299,3.9658461700457024,0.041658687584812656,0.012972746830335035,0.0055160052510551385,0.007456741579279897,40,0,0.821547553193322,M2_raw_huber,vi,211,211,oracle,0.0,True,0.0
165.94989490048536,4.758936685089217,0.07542404326058681,0.012972746830335035,0.00545430771648015,0.007518439113854886,40,0,1.0,M3_global_corr,vi,211,211,oracle,0.0,True,0.0
133.73111152155263,4.40458276964502,0.05208042697473838,0.012972746830335035,0.005968438571909999,0.0070043082584250365,40,0,1.0,M4_patch_corr,vi,211,211,oracle,0.0,True,0.0
95.77663600990955,1.565678050511567,0.033145346430207,0.012972746830335035,0.007257654814130138,0.005715092016204897,40,0,1.0,M5_full_corr,vi,211,211,oracle,0.0,True,0.0
178.19017889780213,5.014674866250108,0.09502162524576575,0.014162350929921,0.0057389723822047385,0.008423378547716262,40,0,1.0,M0_raw_p2p,vi,212,212,oracle,0.0,True,0.0
181.98314013940194,4.8363337093617496,0.08636410579940823,0.014162350929921,0.005832875259600058,0.008329475670320942,40,0,1.0,M1_raw_p2l,vi,212,212,oracle,0.0,True,0.0
162.57294091089787,4.560347220495661,0.04191267531767596,0.014162350929921,0.0060838159762818195,0.00807853495363918,38,0,0.8049617880721456,M2_raw_huber,vi,212,212,oracle,0.0,True,0.0
169.4090249804531,5.013365122096073,0.08057823373452279,0.014162350929921,0.0059223839243365065,0.008239967005584494,40,0,1.0,M3_global_corr,vi,212,212,oracle,0.0,True,0.0
137.97072450365684,4.873595915094202,0.05717429839629218,0.014162350929921,0.006492451864500043,0.007669899065420957,32,0,1.0,M4_patch_corr,vi,212,212,oracle,0.0,True,0.0
97.73888499320007,2.0561974234741105,0.038523251341076356,0.014162350929921,0.007921277653573845,0.006241073276347155,40,0,1.0,M5_full_corr,vi,212,212,oracle,0.0,True,0.0
182.0088997212407,4.958333910466027,0.09962117226697906,0.015423914244581009,0.006461553227651285,0.008962361016929724,32,0,1.0,M0_raw_p2p,vi,213,213,oracle,0.0,True,0.0
188.14724819767554,4.589084894103822,0.11232223393348424,0.015423914244581009,0.006605814654558739,0.00881809959002227,40,0,1.0,M1_raw_p2l,vi,213,213,oracle,0.0,True,0.0
165.19141585873936,4.469435206598343,0.04230940571778838,0.015423914244581009,0.006868855426624059,0.00855505881795695,40,0,0.806935549467983,M2_raw_huber,vi,213,213,oracle,0.0,True,0.0
172.66266137358028,4.959854774165781,0.0842487178385106,0.015423914244581009,0.006654875977922253,0.008769038266658756,31,0,1.0,M3_global_corr,vi,213,213,oracle,0.0,True,0.0
144.11779213668828,4.363430839455977,0.06131515903469761,0.015423914244581009,0.0072517422409190775,0.00817217200366193,39,0,1.0,M4_patch_corr,vi,213,213,oracle,0.0,True,0.0
103.27369191107533,2.191678113331835,0.04135699223192891,0.015423914244581009,0.008740254029746009,0.006683660214835,40,0,1.0,M5_full_corr,vi,213,213,oracle,0.0,True,0.0
181.48085243755528,4.621883403364316,0.093441557228358,0.014959685566950773,0.006419588121216739,0.008540097445734033,28,0,1.0,M0_raw_p2p,vi,214,214,oracle,0.0,True,0.0
188.6015342446813,4.090148452406209,0.09530597041879842,0.014959685566950773,0.006579845908858793,0.00837983965809198,40,0,1.0,M1_raw_p2l,vi,214,214,oracle,0.0,True,0.0
162.60109490240697,4.268662718727122,0.039144904108208825,0.014959685566950773,0.00694324393650893,0.008016441630441844,40,0,0.8138528155808952,M2_raw_huber,vi,214,214,oracle,0.0,True,0.0
172.4450078902746,4.59375905776707,0.07817624154624803,0.014959685566950773,0.00660932005186535,0.008350365515085424,30,0,1.0,M3_global_corr,vi,214,214,oracle,0.0,True,0.0
144.14449335922689,4.66731556808484,0.05488198801786014,0.014959685566950773,0.007208950109043364,0.007750735457907409,30,0,1.0,M4_patch_corr,vi,214,214,oracle,0.0,True,0.0
102.94682613731922,3.510820470826086,0.03758628293306181,0.014959685566950773,0.008816369933405389,0.0061433156335453844,40,0,1.0,M5_full_corr,vi,214,214,oracle,0.0,True,0.0
175.9137943780436,4.516068279917033,0.08814055830997308,0.014193762495456732,0.006314274598874555,0.007879487896582178,27,0,1.0,M0_raw_p2p,vi,215,215,oracle,0.0,True,0.0
179.23455389490013,3.564220627583148,0.09448788418608638,0.014193762495456732,0.006449267413687165,0.0077444950817695665,40,0,1.0,M1_raw_p2l,vi,215,215,oracle,0.0,True,0.0
156.54513218788003,4.392289513765267,0.03292798927530578,0.014193762495456732,0.007010257789596505,0.0071835047058602264,40,0,0.8082876867806508,M2_raw_huber,vi,215,215,oracle,0.0,True,0.0
166.59807365086945,4.505814801288013,0.07329155778074382,0.014193762495456732,0.006493743977578042,0.00770001851787869,27,0,1.0,M3_global_corr,vi,215,215,oracle,0.0,True,0.0
139.2223721917587,5.025115371335013,0.05098309490938726,0.014193762495456732,0.007085099676350343,0.007108662819106389,26,0,1.0,M4_patch_corr,vi,215,215,oracle,0.0,True,0.0
101.3865447264856,4.088892742498797,0.035528159256300845,0.014193762495456732,0.008422167300963049,0.0057715951944936825,31,0,1.0,M5_full_corr,vi,215,215,oracle,0.0,True,0.0
170.5868285090379,4.936081585772176,0.07997160838375925,0.012590075767345638,0.0055307911100229415,0.007059284657322696,24,0,1.0,M0_raw_p2p,vi,216,216,oracle,0.0,True,0.0
172.34233207664144,4.440371502481002,0.0771381770608255,0.012590075767345638,0.005660213829292543,0.006929861938053094,40,0,1.0,M1_raw_p2l,vi,216,216,oracle,0.0,True,0.0
150.8621081274388,4.718199613071867,0.028775500985962803,0.012590075767345638,0.006302678189850795,0.006287397577494843,40,0,0.800879738320632,M2_raw_huber,vi,216,216,oracle,0.0,True,0.0
162.08801439528875,4.93958365511987,0.06558271246196,0.012590075767345638,0.005710380934716614,0.0068796948326290235,25,0,1.0,M3_global_corr,vi,216,216,oracle,0.0,True,0.0
135.14717803411742,6.052049716445676,0.044609208573067924,0.012590075767345638,0.006292417381151434,0.006297658386194204,40,0,1.0,M4_patch_corr,vi,216,216,oracle,0.0,True,0.0
96.84629394731263,4.541278911010594,0.033753523113511014,0.012590075767345638,0.007441120962282915,0.005148954805062723,35,0,1.0,M5_full_corr,vi,216,216,oracle,0.0,True,0.0
160.72806476782935,5.100092244250626,0.0712674197418086,0.01139766024978948,0.0052759944241807105,0.006121665825608769,40,0,1.0,M0_raw_p2p,vi,217,217,oracle,0.0,True,1.4901161193847656e-08
160.35045894126662,4.471971588858299,0.07175706962919519,0.01139766024978948,0.005362324100122769,0.00603533614966671,40,0,1.0,M1_raw_p2l,vi,217,217,oracle,0.0,True,1.4901161193847656e-08
142.13884850600675,4.711529663865089,0.0304728142713465,0.01139766024978948,0.0060735616364663795,0.0053240986133231,40,0,0.7920821033871408,M2_raw_huber,vi,217,217,oracle,0.0,True,1.4901161193847656e-08
152.79626676619458,5.097699699366109,0.05779264008114302,0.01139766024978948,0.005446860988283384,0.005950799261506095,40,0,1.0,M3_global_corr,vi,217,217,oracle,0.0,True,1.4901161193847656e-08
124.96377738251267,5.899249581989454,0.03881614345401337,0.01139766024978948,0.006005092243012204,0.005392568006777275,40,0,1.0,M4_patch_corr,vi,217,217,oracle,0.0,True,1.4901161193847656e-08
88.54423233835726,3.1949785383194733,0.033004709841930054,0.01139766024978948,0.006908098727063655,0.004489561522725825,25,0,1.0,M5_full_corr,vi,217,217,oracle,0.0,True,1.4901161193847656e-08
163.46178910785733,3.939961023135018,0.07398218326283176,0.012334246520808065,0.005909525886935491,0.006424720633872574,40,0,1.0,M0_raw_p2p,vi,218,218,oracle,0.0,True,0.0
161.83836523407578,3.4157022954996354,0.07617049933749738,0.012334246520808065,0.00601361893624118,0.006320627584566885,40,0,1.0,M1_raw_p2l,vi,218,218,oracle,0.0,True,0.0
143.08811599444016,2.8360245780772275,0.03603928345505934,0.012334246520808065,0.006860574739705185,0.0054736717811028806,40,0,0.7867076697147037,M2_raw_huber,vi,218,218,oracle,0.0,True,0.0
155.44937689537204,3.939102505847731,0.06060237121802511,0.012334246520808065,0.006096257234988297,0.006237989285819768,40,0,1.0,M3_global_corr,vi,218,218,oracle,0.0,True,0.0
128.673487504516,4.5444910054746686,0.044263971865779086,0.012334246520808065,0.006605740329735672,0.0057285061910723935,40,0,1.0,M4_patch_corr,vi,218,218,oracle,0.0,True,0.0
83.98346713836672,2.3683620719960916,0.03628274443308569,0.012334246520808065,0.0076826320684862046,0.004651614452321861,40,0,1.0,M5_full_corr,vi,218,218,oracle,0.0,True,0.0
168.32498013375996,4.2931872830228155,0.08122212463041417,0.012705738233017183,0.005774671082893819,0.006931067150123364,40,0,1.0,M0_raw_p2p,vi,219,219,oracle,0.0,True,0.0
171.91561500784934,4.452119087156287,0.07933528378281593,0.012705738233017183,0.005870630075056986,0.006835108157960197,40,0,1.0,M1_raw_p2l,vi,219,219,oracle,0.0,True,0.0
149.0153468099918,3.333258595971461,0.03645263905470716,0.012705738233017183,0.006541135615744127,0.006164602617273056,40,0,0.800507489891568,M2_raw_huber,vi,219,219,oracle,0.0,True,0.0
160.27684732218538,4.293187283022816,0.06699363812589634,0.012705738233017183,0.005969661520717213,0.0067360767122999704,40,0,1.0,M3_global_corr,vi,219,219,oracle,0.0,True,0.0
129.65340984211994,4.660186245882271,0.04996086838010339,0.012705738233017183,0.006506008498734259,0.006199729734282924,35,0,1.0,M4_patch_corr,vi,219,219,oracle,0.0,True,0.0
88.68521570232355,1.5721383247392964,0.03858221328771487,0.012705738233017183,0.007545677587857476,0.005160060645159707,39,0,1.0,M5_full_corr,vi,219,219,oracle,0.0,True,0.0
173.30527046711725,4.873793931535875,0.08738616597486218,0.01373649266617253,0.006311507429456993,0.007424985236715537,27,0,1.0,M0_raw_p2p,vi,220,220,oracle,0.0,True,0.0
175.35182147576506,5.153950031402528,0.08216096739107857,0.01373649266617253,0.006438472394361502,0.007298020271811027,40,0,1.0,M1_raw_p2l,vi,220,220,oracle,0.0,True,0.0
154.33739419314523,3.813380203094144,0.03585438511144978,0.01373649266617253,0.006999556605229218,0.006736936060943312,40,0,0.8009970098886819,M2_raw_huber,vi,220,220,oracle,0.0,True,0.0
165.07289007333424,4.873826560029741,0.0711461017684233,0.01373649266617253,0.006512514607330961,0.007223978058841569,27,0,1.0,M3_global_corr,vi,220,220,oracle,0.0,True,0.0
129.6685365882074,4.4712654520969926,0.055650555223725556,0.01373649266617253,0.007104968614599481,0.0066315240515730485,29,0,1.0,M4_patch_corr,vi,220,220,oracle,0.0,True,0.0
89.13309618702282,2.252005709016576,0.04078129765550757,0.01373649266617253,0.008240915810528483,0.005495576855644047,34,0,1.0,M5_full_corr,vi,220,220,oracle,0.0,True,0.0
173.24264206490804,5.095221605436085,0.0852271742152211,0.012683790183862287,0.005758331939486892,0.006925458244375395,31,0,1.0,M0_raw_p2p,vi,221,221,oracle,0.0,True,0.0
173.4925211473257,5.6409902041526205,0.08749145342233566,0.012683790183862287,0.0058319946745944455,0.006851795509267841,40,0,1.0,M1_raw_p2l,vi,221,221,oracle,0.0,True,0.0
158.98235699478104,4.635824847623482,0.035743538705821344,0.012683790183862287,0.006100649269461514,0.0065831409144007725,40,0,0.8117822673530058,M2_raw_huber,vi,221,221,oracle,0.0,True,0.0
165.969533265735,5.09695181981644,0.06839727544222661,0.012683790183862287,0.005971533759033432,0.006712256424828855,31,0,1.0,M3_global_corr,vi,221,221,oracle,0.0,True,0.0
127.34470997723274,3.8840001094296652,0.05131002772031583,0.012683790183862287,0.006523778542541332,0.006160011641320955,34,0,1.0,M4_patch_corr,vi,221,221,oracle,0.0,True,0.0
83.04973657009982,1.309345874677161,0.035742774709583175,0.012683790183862287,0.007819228926344044,0.004864561257518243,40,0,1.0,M5_full_corr,vi,221,221,oracle,0.0,True,0.0
169.93354083718904,4.214725619781066,0.08038419033898266,0.012222084262015412,0.005666317354319416,0.006555766907695996,34,0,1.0,M0_raw_p2p,vi,222,222,oracle,0.0,True,0.0
167.90297034500742,4.236494451923415,0.07324289723010262,0.012222084262015412,0.005743521985772177,0.006478562276243235,40,0,1.0,M1_raw_p2l,vi,222,222,oracle,0.0,True,0.0
154.56669922416003,4.101624326937123,0.033859903329192545,0.012222084262015412,0.00622020725125834,0.006001877010757072,40,0,0.7981769685628596,M2_raw_huber,vi,222,222,oracle,0.0,True,0.0
162.97680002728254,4.213515524281146,0.06493713972668556,0.012222084262015412,0.005855228945342578,0.006366855316672834,34,0,1.0,M3_global_corr,vi,222,222,oracle,0.0,True,0.0
123.29775181278771,3.191614571573955,0.0487964304980873,0.012222084262015412,0.006393412669220229,0.005828671592795183,37,0,1.0,M4_patch_corr,vi,222,222,oracle,0.0,True,0.0
81.86737013789562,0.9837308940107208,0.03484599871532398,0.012222084262015412,0.007637936125996686,0.004584148136018726,40,0,1.0,M5_full_corr,vi,222,222,oracle,0.0,True,0.0
169.6955274274822,4.197204045484232,0.07644080688677667,0.011608975913676453,0.00546394129909616,0.006145034614580293,40,0,1.0,M0_raw_p2p,vi,223,223,oracle,0.0,True,0.0
165.8318977495013,3.482248375309997,0.07282859971224225,0.011608975913676453,0.005515179339815396,0.006093796573861057,40,0,1.0,M1_raw_p2l,vi,223,223,oracle,0.0,True,0.0
153.09477381857707,4.251030482206112,0.03168487932563345,0.011608975913676453,0.006005163737435164,0.005603812176241289,40,0,0.7928198727452035,M2_raw_huber,vi,223,223,oracle,0.0,True,0.0
163.15026289470316,4.196316195964195,0.062062855428857776,0.011608975913676453,0.005635180078898389,0.005973795834778064,40,0,1.0,M3_global_corr,vi,223,223,oracle,0.0,True,0.0
120.18018392080528,3.973323616847085,0.04665988997710684,0.011608975913676453,0.006146472793699802,0.005462503119976651,34,0,1.0,M4_patch_corr,vi,223,223,oracle,0.0,True,0.0
78.76145834412176,1.4866561700360368,0.033973146569023484,0.011608975913676453,0.007313850439605453,0.004295125474071,40,0,1.0,M5_full_corr,vi,223,223,oracle,0.0,True,0.0
158.2555537761965,2.758324956132392,0.06271696156421595,0.009767539945418147,0.004612423144441584,0.005155116800976563,40,0,1.0,M0_raw_p2p,vi,224,224,oracle,0.0,True,1.4901161193847656e-08
155.95610911275364,1.888271029625901,0.06888753993478085,0.009767539945418147,0.004666173041681563,0.005101366903736584,40,0,1.0,M1_raw_p2l,vi,224,224,oracle,0.0,True,1.4901161193847656e-08
143.0384322442578,2.5134326739978463,0.023574310221010034,0.009767539945418147,0.005142102572120894,0.004625437373297253,40,0,0.7908544097845366,M2_raw_huber,vi,224,224,oracle,0.0,True,1.4901161193847656e-08
152.58377182560525,2.759111968882297,0.05152353716731904,0.009767539945418147,0.004779326350829359,0.004988213594588788,40,0,1.0,M3_global_corr,vi,224,224,oracle,0.0,True,1.4901161193847656e-08
106.94216409402162,3.362801194928538,0.03995197015612706,0.009767539945418147,0.005292880979757428,0.004474658965660719,38,0,1.0,M4_patch_corr,vi,224,224,oracle,0.0,True,1.4901161193847656e-08
69.23123206630437,1.7341828409574076,0.02648274948792786,0.009767539945418147,0.006345197929008954,0.0034223420164091927,40,0,1.0,M5_full_corr,vi,224,224,oracle,0.0,True,1.4901161193847656e-08
151.25197145443045,2.8940852130926196,0.05935444537009449,0.009523142602935778,0.0045376028092794654,0.004985539793656312,40,0,1.0,M0_raw_p2p,vi,225,225,oracle,0.0,True,0.0
150.0834488675449,2.3009140838086197,0.06527152433439395,0.009523142602935778,0.004593943509761387,0.0049291990931743905,40,0,1.0,M1_raw_p2l,vi,225,225,oracle,0.0,True,0.0
139.23332051768406,2.765996152687411,0.02414226037389988,0.009523142602935778,0.00507783912974372,0.004445303473192058,35,0,0.7837187425690517,M2_raw_huber,vi,225,225,oracle,0.0,True,0.0
145.8068790402135,2.893530925006116,0.04995037418594954,0.009523142602935778,0.0047017223317687975,0.00482142027116698,40,0,1.0,M3_global_corr,vi,225,225,oracle,0.0,True,0.0
100.3542113073841,2.819130800616885,0.041423326457955094,0.009523142602935778,0.005329052801561761,0.004194089801374016,40,0,1.0,M4_patch_corr,vi,225,225,oracle,0.0,True,0.0
60.350671721884545,1.8835050322446616,0.024095343833998223,0.009523142602935778,0.0065565110071025634,0.0029666315958332143,40,0,1.0,M5_full_corr,vi,225,225,oracle,0.0,True,0.0
157.4134062365944,3.318469890589895,0.0639288492192429,0.010581557064047425,0.004961476044477278,0.0056200810195701474,40,0,1.0,M0_raw_p2p,vi,226,226,oracle,0.0,True,0.0
158.21056838171123,3.1640342039317875,0.05498001356040765,0.010581557064047425,0.005037988538382884,0.005543568525664542,13,0,1.0,M1_raw_p2l,vi,226,226,oracle,0.0,True,0.0
144.19702463558536,2.7889673419232635,0.03141931919451965,0.010581557064047425,0.005638730203507118,0.004942826860540307,40,0,0.7788330658622459,M2_raw_huber,vi,226,226,oracle,0.0,True,0.0
151.55097452967888,3.3186497010445764,0.05511715678320288,0.010581557064047425,0.005130289002673011,0.005451268061374415,40,0,1.0,M3_global_corr,vi,226,226,oracle,0.0,True,0.0
104.56258158976323,3.01174879660122,0.04490203140843216,0.010581557064047425,0.005879575752061992,0.004701981311985433,40,0,1.0,M4_patch_corr,vi,226,226,oracle,0.0,True,0.0
59.38611875313212,1.2449172907462465,0.027754691886181845,0.010581557064047425,0.007449803514607632,0.0031317535494397933,40,0,1.0,M5_full_corr,vi,226,226,oracle,0.0,True,0.0
165.0274896184789,3.6080829056767474,0.0726672115091057,0.011931377016331268,0.005384544075600765,0.006546832940730503,40,0,1.0,M0_raw_p2p,vi,227,227,oracle,0.0,True,2.580956827951785e-08
168.56247607061835,4.413132152314244,0.07187171014005721,0.011931377016331268,0.00546010725736378,0.006471269758967488,40,0,1.0,M1_raw_p2l,vi,227,227,oracle,0.0,True,2.580956827951785e-08
149.1379305149723,3.237562820930258,0.0387605737011464,0.011931377016331268,0.006151007457310494,0.005780369559020774,40,0,0.7861150878210498,M2_raw_huber,vi,227,227,oracle,0.0,True,2.580956827951785e-08
158.03896215187035,3.6134273491273436,0.06176483537597979,0.011931377016331268,0.005558220541294701,0.006373156475036567,40,0,1.0,M3_global_corr,vi,227,227,oracle,0.0,True,2.580956827951785e-08
111.19551890695948,2.897705346725409,0.05010210739486372,0.011931377016331268,0.006430808636391625,0.005500568379939643,40,0,1.0,M4_patch_corr,vi,227,227,oracle,0.0,True,2.580956827951785e-08
64.96932688376009,0.7470758314064146,0.034636548665467726,0.011931377016331268,0.008218964367179728,0.00371241264915154,40,0,1.0,M5_full_corr,vi,227,227,oracle,0.0,True,2.580956827951785e-08
170.70453006252595,4.464497054463666,0.08150392212254948,0.012626359368465791,0.005466390175842688,0.007159969192623103,26,0,1.0,M0_raw_p2p,vi,228,228,oracle,0.0,True,0.0
171.4174202893157,5.005703650501399,0.07871482355665702,0.012626359368465791,0.005546530484914746,0.007079828883551045,40,0,1.0,M1_raw_p2l,vi,228,228,oracle,0.0,True,0.0
156.21774363563293,3.950646550456992,0.038336779557934554,0.012626359368465791,0.005938078533169689,0.006688280835296102,40,0,0.8132001926681074,M2_raw_huber,vi,228,228,oracle,0.0,True,0.0
163.17891211182908,4.469797818230889,0.06830594534072564,0.012626359368465791,0.005651698218519652,0.006974661149946139,26,0,1.0,M3_global_corr,vi,228,228,oracle,0.0,True,0.0
116.75112323024973,3.5031234258341097,0.05278001762471051,0.012626359368465791,0.006532606270772173,0.006093753097693618,37,0,1.0,M4_patch_corr,vi,228,228,oracle,0.0,True,0.0
69.96701299565278,0.885452896180074,0.04014466485369205,0.012626359368465791,0.0082358131031926,0.004390546265273191,40,0,1.0,M5_full_corr,vi,228,228,oracle,0.0,True,0.0
170.358653406979,4.491325073052404,0.08175800717728993,0.012694892443360003,0.005673167909070415,0.007021724534289587,30,0,1.0,M0_raw_p2p,vi,229,229,oracle,0.0,True,0.0
172.42760368189323,4.698898653536416,0.08481056579781938,0.012694892443360003,0.005718302151270673,0.00697659029208933,40,0,1.0,M1_raw_p2l,vi,229,229,oracle,0.0,True,0.0
155.76340679382938,4.224029904894952,0.03522442354571117,0.012694892443360003,0.00610246273944006,0.006592429703919943,20,0,0.8107056801656443,M2_raw_huber,vi,229,229,oracle,0.0,True,0.0
162.84152731107412,4.48896276956323,0.06806729575201778,0.012694892443360003,0.005859618397760196,0.006835274045599807,32,0,1.0,M3_global_corr,vi,229,229,oracle,0.0,True,0.0
116.62619744345636,3.903696101841096,0.05118809215278661,0.012694892443360003,0.006775494472317127,0.005919397971042875,33,0,1.0,M4_patch_corr,vi,229,229,oracle,0.0,True,0.0
70.58523033326207,1.3180373044604023,0.038180140523998256,0.012694892443360003,0.00841129938180926,0.004283593061550742,39,0,1.0,M5_full_corr,vi,229,229,oracle,0.0,True,0.0
175.76917467900367,4.868627819353513,0.08656418972923946,0.013551979483925206,0.005985328718596826,0.00756665076532838,37,0,1.0,M0_raw_p2p,vi,230,230,oracle,0.0,True,0.0
183.15425268765338,5.45600236890917,0.08137930343412332,0.013551979483925206,0.006064269186583616,0.00748771029734159,40,0,1.0,M1_raw_p2l,vi,230,230,oracle,0.0,True,0.0
159.11981397779635,4.627550429132273,0.034657861959507694,0.013551979483925206,0.006542634873172177,0.007009344610753029,40,0,0.8216793908032898,M2_raw_huber,vi,230,230,oracle,0.0,True,0.0
167.71681368123848,4.868308420791204,0.07029894869447997,0.013551979483925206,0.006174597955444995,0.007377381528480211,36,0,1.0,M3_global_corr,vi,230,230,oracle,0.0,True,0.0
124.8624391491791,4.210742453062444,0.05537290206500699,0.013551979483925206,0.0070333441565463,0.006518635327378906,28,0,1.0,M4_patch_corr,vi,230,230,oracle,0.0,True,0.0
76.47533869414623,1.5475934330152643,0.04414213579552909,0.013551979483925206,0.008704526359682736,0.00484745312424247,29,0,1.0,M5_full_corr,vi,230,230,oracle,0.0,True,0.0
167.6752937522565,3.0204062377407617,0.07482203166067201,0.011551836467652007,0.00520738201088505,0.006344454456766957,40,0,1.0,M0_raw_p2p,vi,231,231,oracle,0.0,True,0.0
166.36690533651148,2.299595729798272,0.06913403274858988,0.011551836467652007,0.005246259371385646,0.006305577096266361,40,0,1.0,M1_raw_p2l,vi,231,231,oracle,0.0,True,0.0
153.53323607635423,2.779390080875872,0.030976616194334325,0.011551836467652007,0.0056391425854802266,0.00591269388217178,40,0,0.8171403524261849,M2_raw_huber,vi,231,231,oracle,0.0,True,0.0
160.9383428978011,3.0206397948051005,0.059806349944619766,0.011551836467652007,0.005384495644714307,0.0061673408229377,40,0,1.0,M3_global_corr,vi,231,231,oracle,0.0,True,0.0
116.58618155228942,2.646056120954987,0.0461061234068413,0.011551836467652007,0.0062537634658552735,0.005298073001796733,40,0,1.0,M4_patch_corr,vi,231,231,oracle,0.0,True,0.0
65.43120307985993,0.8082219391247377,0.032947049204966584,0.011551836467652007,0.007965157854862306,0.0035866786127897003,40,0,1.0,M5_full_corr,vi,231,231,oracle,0.0,True,0.0
164.82977264745597,3.5903572982613046,0.06702777271550184,0.010552997502623417,0.004758104861750226,0.005794892640873191,40,0,1.0,M0_raw_p2p,vi,232,232,oracle,0.0,True,1.4901161193847656e-08
158.4591281898786,2.5684496466927986,0.06910612413000183,0.010552997502623417,0.004811436728694723,0.005741560773928693,40,0,1.0,M1_raw_p2l,vi,232,232,oracle,0.0,True,1.4901161193847656e-08
150.30241445272745,3.2121145862563987,0.02521108617001506,0.010552997502623417,0.0051840786068491854,0.005368918895774231,40,0,0.8159935044728923,M2_raw_huber,vi,232,232,oracle,0.0,True,1.4901161193847656e-08
158.79061705933992,3.5927470869805056,0.052456204246854765,0.010552997502623417,0.004944853150657756,0.00560814435196566,40,0,1.0,M3_global_corr,vi,232,232,oracle,0.0,True,1.4901161193847656e-08
114.6250130788866,3.7726221193341427,0.04147982981048716,0.010552997502623417,0.0058137180559652574,0.004739279446658159,40,0,1.0,M4_patch_corr,vi,232,232,oracle,0.0,True,1.4901161193847656e-08
60.92615576031026,1.6606759207062298,0.027612067741620894,0.010552997502623417,0.007573750966874535,0.0029792465357488815,40,0,1.0,M5_full_corr,vi,232,232,oracle,0.0,True,1.4901161193847656e-08
161.1629835334508,3.9773167315617517,0.062094010136959185,0.009664324335438299,0.00437785980554351,0.005286464529894789,40,0,1.0,M0_raw_p2p,vi,233,233,oracle,0.0,True,1.4901161193847656e-08
156.373434814599,3.4797299200197465,0.0636927507512531,0.009664324335438299,0.004425219603661696,0.0052391047317766025,40,0,1.0,M1_raw_p2l,vi,233,233,oracle,0.0,True,1.4901161193847656e-08
147.55781744589896,3.6519895766902684,0.027187527051663427,0.009664324335438299,0.004731839735508129,0.00493248459993017,40,0,0.818497430497199,M2_raw_huber,vi,233,233,oracle,0.0,True,1.4901161193847656e-08
155.4815121171217,3.977316731561765,0.048150403341981264,0.009664324335438299,0.004572909221169412,0.005091415114268887,40,0,1.0,M3_global_corr,vi,233,233,oracle,0.0,True,1.4901161193847656e-08
111.80093090174107,4.478612970201221,0.03864631366873399,0.009664324335438299,0.005420065838230949,0.00424425849720735,40,0,1.0,M4_patch_corr,vi,233,233,oracle,0.0,True,1.4901161193847656e-08
59.0849037206492,2.590661240988505,0.025942580293854857,0.009664324335438299,0.006916929287274778,0.0027473950481635206,29,0,1.0,M5_full_corr,vi,233,233,oracle,0.0,True,1.4901161193847656e-08
157.75831906479368,2.9233547335177628,0.05838006415025962,0.00929084747143008,0.004050284706253519,0.005240562765176562,40,0,1.0,M0_raw_p2p,vi,234,234,oracle,0.0,True,2.580956827951785e-08
157.4129441851832,3.009676214860893,0.05282942527480762,0.00929084747143008,0.004091929629860471,0.005198917841569609,21,0,1.0,M1_raw_p2l,vi,234,234,oracle,0.0,True,2.580956827951785e-08
146.13070599966147,2.5365164678232643,0.029888143722570967,0.00929084747143008,0.004305678917617028,0.004985168553813053,40,0,0.8241842600093345,M2_raw_huber,vi,234,234,oracle,0.0,True,2.580956827951785e-08
152.94559185915682,2.9263111718730146,0.048476834119392465,0.00929084747143008,0.00423520977339506,0.00505563769803502,40,0,1.0,M3_global_corr,vi,234,234,oracle,0.0,True,2.580956827951785e-08
106.39476308817812,2.9286558597832792,0.03975483586710377,0.00929084747143008,0.0051277858846132405,0.00416306158681684,40,0,1.0,M4_patch_corr,vi,234,234,oracle,0.0,True,2.580956827951785e-08
58.41216335712445,1.7417397081711798,0.02390174404573256,0.00929084747143008,0.006715894280853817,0.0025749531905762636,40,0,1.0,M5_full_corr,vi,234,234,oracle,0.0,True,2.580956827951785e-08
166.5397336751428,4.0074484637009204,0.07230827845667127,0.011230212231742462,0.004825963215044541,0.006404249016697921,40,0,1.0,M0_raw_p2p,vi,235,235,oracle,0.0,True,1.4901161193847656e-08
169.51093051470636,4.138857353920845,0.06800840238718205,0.011230212231742462,0.004858395574340716,0.006371816657401746,40,0,1.0,M1_raw_p2l,vi,235,235,oracle,0.0,True,1.4901161193847656e-08
153.39673412741337,3.3947488248265936,0.035893075503938866,0.011230212231742462,0.005105183753770042,0.00612502847797242,40,0,0.822560714088161,M2_raw_huber,vi,235,235,oracle,0.0,True,1.4901161193847656e-08
160.20731529090736,4.008073521735485,0.059180824833857566,0.011230212231742462,0.005017531401926176,0.006212680829816286,40,0,1.0,M3_global_corr,vi,235,235,oracle,0.0,True,1.4901161193847656e-08
115.14511005603795,3.7903671897468474,0.04621118571150102,0.011230212231742462,0.005872053110957494,0.0053581591207849675,40,0,1.0,M4_patch_corr,vi,235,235,oracle,0.0,True,1.4901161193847656e-08
72.11885075107801,2.489362873349428,0.030425459018041077,0.011230212231742462,0.00736020428760362,0.0038700079441388417,33,0,1.0,M5_full_corr,vi,235,235,oracle,0.0,True,1.4901161193847656e-08
172.51087701429202,5.09049745207412,0.07769943892846175,0.012178351357240167,0.005209304168962808,0.006969047188277359,29,0,1.0,M0_raw_p2p,vi,236,236,oracle,0.0,True,0.0
172.21833672562866,5.036343610569839,0.07548837398947517,0.012178351357240167,0.005253202013152505,0.006925149344087661,40,0,1.0,M1_raw_p2l,vi,236,236,oracle,0.0,True,0.0
157.18773796860785,4.586800548595988,0.03660453889132896,0.012178351357240167,0.005562260366042448,0.006616090991197718,40,0,0.8147888244866492,M2_raw_huber,vi,236,236,oracle,0.0,True,0.0
165.7404371308583,5.091332115179921,0.06396797195772147,0.012178351357240167,0.005383285376131697,0.00679506598110847,29,0,1.0,M3_global_corr,vi,236,236,oracle,0.0,True,0.0
119.62579358166398,4.78956966956348,0.04843353926386767,0.012178351357240167,0.006203376558513645,0.005974974798726522,34,0,1.0,M4_patch_corr,vi,236,236,oracle,0.0,True,0.0
77.39286632535809,3.50002247281596,0.03377071741899167,0.012178351357240167,0.007659963739461348,0.004518387617778819,34,0,1.0,M5_full_corr,vi,236,236,oracle,0.0,True,0.0
172.52529280166655,4.305181357322425,0.07946714658365839,0.012833398182026721,0.0058832727673362,0.006950125414690521,40,0,1.0,M0_raw_p2p,vi,237,237,oracle,0.0,True,0.0
174.7992390408039,4.233576795110265,0.0700480021745638,0.012833398182026721,0.005947982557822464,0.0068854156242042575,40,0,1.0,M1_raw_p2l,vi,237,237,oracle,0.0,True,0.0
156.00590013068654,3.5261614531404564,0.038283327789295656,0.012833398182026721,0.00634896575797473,0.0064844324240519915,40,0,0.8143592113842699,M2_raw_huber,vi,237,237,oracle,0.0,True,0.0
165.61919921897538,4.307101139674322,0.06565010786165298,0.012833398182026721,0.006066182256326236,0.006767215925700485,40,0,1.0,M3_global_corr,vi,237,237,oracle,0.0,True,0.0
120.81631057234915,3.8465586923468864,0.050300768227957496,0.012833398182026721,0.00683566654754736,0.0059977316344793615,24,0,1.0,M4_patch_corr,vi,237,237,oracle,0.0,True,0.0
77.08161826875214,2.254451053803162,0.034986548120774466,0.012833398182026721,0.00832036316743001,0.004513035014596711,32,0,1.0,M5_full_corr,vi,237,237,oracle,0.0,True,0.0
175.76286726202952,4.6071059775325685,0.08327414662051631,0.01367314319187612,0.006218981551650765,0.0074541616402253544,25,0,1.0,M0_raw_p2p,vi,238,238,oracle,0.0,True,0.0
176.64156685255776,4.458132014212143,0.07896707092770366,0.01367314319187612,0.00630223655509593,0.007370906636780189,40,0,1.0,M1_raw_p2l,vi,238,238,oracle,0.0,True,0.0
158.86745655152157,4.176153614992916,0.03926250998476848,0.01367314319187612,0.00673395913093373,0.006939184060942389,40,0,0.8113604664418745,M2_raw_huber,vi,238,238,oracle,0.0,True,0.0
168.24351982225156,4.609125573841465,0.06862039815547377,0.01367314319187612,0.006404224330169949,0.007268918861706171,26,0,1.0,M3_global_corr,vi,238,238,oracle,0.0,True,0.0
124.47360995660159,3.7090113803819125,0.054128864730398525,0.01367314319187612,0.00724276727103874,0.00643037592083738,28,0,1.0,M4_patch_corr,vi,238,238,oracle,0.0,True,0.0
87.5295153432589,2.712066281538827,0.040248227823778224,0.01367314319187612,0.008423345462191678,0.005249797729684442,37,0,1.0,M5_full_corr,vi,238,238,oracle,0.0,True,0.0
171.24836707423168,4.252495544929125,0.07396964457509841,0.012009493033405401,0.005476241563035412,0.006533251470369989,27,0,1.0,M0_raw_p2p,vi,239,239,oracle,0.0,True,0.0
170.94220875556653,3.8315219707786663,0.06992868714331256,0.012009493033405401,0.005517913102945946,0.006491579930459455,40,0,1.0,M1_raw_p2l,vi,239,239,oracle,0.0,True,0.0
154.68636925411298,4.077659318576538,0.03146867955196152,0.012009493033405401,0.006079590962100165,0.005929902071305236,40,0,0.8081499273699905,M2_raw_huber,vi,239,239,oracle,0.0,True,0.0
164.84221953543135,4.261871995662075,0.06079788894300361,0.012009493033405401,0.005656551698096767,0.006352941335308634,27,0,1.0,M3_global_corr,vi,239,239,oracle,0.0,True,0.0
122.2609299160595,3.875013228590919,0.04668594789968289,0.012009493033405401,0.006428329277690864,0.005581163755714537,34,0,1.0,M4_patch_corr,vi,239,239,oracle,0.0,True,0.0
83.10114387962045,2.8325794720992286,0.034895367637844295,0.012009493033405401,0.007537797092213778,0.004471695941191623,36,0,1.0,M5_full_corr,vi,239,239,oracle,0.0,True,0.0
166.84056883579996,4.190080560484526,0.06713389979304493,0.011543127667373752,0.005337093645117466,0.006206034022256286,29,0,1.0,M0_raw_p2p,vi,240,240,oracle,0.0,True,0.0
168.07954650778527,3.506337163429884,0.0608633452250583,0.011543127667373752,0.005388675003720942,0.00615445266365281,40,0,1.0,M1_raw_p2l,vi,240,240,oracle,0.0,True,0.0
151.12748198152144,4.147014121414784,0.02751974559894758,0.011543127667373752,0.006045674764320224,0.005497452903053528,40,0,0.7896881732230269,M2_raw_huber,vi,240,240,oracle,0.0,True,0.0
160.8741101612856,4.1949355338851975,0.05633517671162274,0.011543127667373752,0.005508243818420789,0.006034883848952963,29,0,1.0,M3_global_corr,vi,240,240,oracle,0.0,True,0.0
118.92627864545894,4.092631354696473,0.04144720530398378,0.011543127667373752,0.006300283317804648,0.005242844349569104,40,0,1.0,M4_patch_corr,vi,240,240,oracle,0.0,True,0.0
83.74565774028088,3.686150908904516,0.031095069539007553,0.011543127667373752,0.007234360399603558,0.004308767267770194,40,0,1.0,M5_full_corr,vi,240,240,oracle,0.0,True,0.0
160.34247405179684,4.376098074892358,0.061380208324930983,0.01018850706471594,0.004657015371698059,0.005531491693017881,27,0,1.0,M0_raw_p2p,vi,241,241,oracle,0.0,True,1.4901161193847656e-08
161.76133859846854,3.807172363411482,0.05084303259768715,0.01018850706471594,0.004688603076942898,0.005499903987773043,40,0,1.0,M1_raw_p2l,vi,241,241,oracle,0.0,True,1.4901161193847656e-08
146.79733257654192,4.188034750899416,0.02437696944772051,0.01018850706471594,0.00527147666104043,0.004917030403675511,40,0,0.7865279774210492,M2_raw_huber,vi,241,241,oracle,0.0,True,1.4901161193847656e-08
155.20823333218422,4.376082423041623,0.05137432467819917,0.01018850706471594,0.004828203056292001,0.005360304008423939,27,0,1.0,M3_global_corr,vi,241,241,oracle,0.0,True,1.4901161193847656e-08
114.78429320015915,5.450605315840413,0.03734819266829344,0.01018850706471594,0.005516016097583008,0.004672490967132932,40,0,1.0,M4_patch_corr,vi,241,241,oracle,0.0,True,1.4901161193847656e-08
78.53597280508681,4.533782876908758,0.030533371963153366,0.01018850706471594,0.006436371780638868,0.003752135284077072,40,0,1.0,M5_full_corr,vi,241,241,oracle,0.0,True,1.4901161193847656e-08
160.30829162037932,4.537528462567614,0.05986111804566962,0.009878703381219048,0.004425551286788911,0.0054531520944301375,32,0,1.0,M0_raw_p2p,vi,242,242,oracle,0.0,True,0.0
157.53334496139175,4.141493529539824,0.05253656295498143,0.009878703381219048,0.004475006183046653,0.005403697198172396,8,0,1.0,M1_raw_p2l,vi,242,242,oracle,0.0,True,0.0
147.51353292331297,4.1170411735380945,0.02640379415414952,0.009878703381219048,0.004967156593205563,0.004911546788013485,40,0,0.7886721018964397,M2_raw_huber,vi,242,242,oracle,0.0,True,0.0
155.56904812588982,4.53958419907146,0.05179182331395056,0.009878703381219048,0.004598953370964569,0.005279750010254479,32,0,1.0,M3_global_corr,vi,242,242,oracle,0.0,True,0.0
115.46736971846398,5.54491700480369,0.03950764630487758,0.009878703381219048,0.00530954196365524,0.004569161417563809,27,0,1.0,M4_patch_corr,vi,242,242,oracle,0.0,True,0.0
76.90627309049806,4.340680388331713,0.03227961122348775,0.009878703381219048,0.006259181262018489,0.003619522119200559,38,0,1.0,M5_full_corr,vi,242,242,oracle,0.0,True,0.0
164.39402450738717,4.779072261048144,0.06410172915843061,0.010237034347866932,0.004565480170064753,0.005671554177802179,26,0,1.0,M0_raw_p2p,vi,243,243,oracle,0.0,True,0.0
163.1117962007157,4.990371422024223,0.05845985163020624,0.010237034347866932,0.00459260514856497,0.005644429199301962,40,0,1.0,M1_raw_p2l,vi,243,243,oracle,0.0,True,0.0
151.9710687668266,4.228238060070209,0.028178289317222334,0.010237034347866932,0.005069680333237415,0.005167354014629517,40,0,0.7931043596482326,M2_raw_huber,vi,243,243,oracle,0.0,True,0.0
159.27475220315017,4.780432735364662,0.05364858307238404,0.010237034347866932,0.004740311615984254,0.0054967227318826785,27,0,1.0,M3_global_corr,vi,243,243,oracle,0.0,True,0.0
117.46069359464703,5.320774427579246,0.039545939337739616,0.010237034347866932,0.005486561498010879,0.004750472849856053,34,0,1.0,M4_patch_corr,vi,243,243,oracle,0.0,True,0.0
74.91344799054224,4.307119388735828,0.03215010817431163,0.010237034347866932,0.006535490517233978,0.0037015438306329546,40,0,1.0,M5_full_corr,vi,243,243,oracle,0.0,True,0.0
162.45757205659092,3.8440554898942714,0.06260849184426773,0.009990246224684326,0.004566116512097246,0.00542412971258708,40,0,1.0,M0_raw_p2p,vi,244,244,oracle,0.0,True,1.4901161193847656e-08
161.44294838358672,3.6463924819235323,0.05863798994058001,0.009990246224684326,0.004590529162113365,0.0053997170625709615,24,0,1.0,M1_raw_p2l,vi,244,244,oracle,0.0,True,1.4901161193847656e-08
149.99399191698384,2.873868565964276,0.03151835286807138,0.009990246224684326,0.005005292143902945,0.004984954080781381,40,0,0.8013705323401091,M2_raw_huber,vi,244,244,oracle,0.0,True,1.4901161193847656e-08
157.76554724992454,3.8468942146979077,0.052468498270434906,0.009990246224684326,0.004746804219703224,0.005243442004981102,40,0,1.0,M3_global_corr,vi,244,244,oracle,0.0,True,1.4901161193847656e-08
115.41386300084876,4.149559749312294,0.03730331914001046,0.009990246224684326,0.005505209762992359,0.004485036461691967,40,0,1.0,M4_patch_corr,vi,244,244,oracle,0.0,True,1.4901161193847656e-08
73.74328475268868,3.038202330946388,0.02961177584035756,0.009990246224684326,0.006597161579285788,0.0033930846453985378,32,0,1.0,M5_full_corr,vi,244,244,oracle,0.0,True,1.4901161193847656e-08
169.52325404678675,4.783759176739897,0.07284631640146774,0.011642246912972078,0.005495342479100167,0.006146904433871911,40,0,1.0,M0_raw_p2p,vi,245,245,oracle,0.0,True,1.4901161193847656e-08
168.60506035757024,4.9721162341049085,0.06302261981669849,0.011642246912972078,0.005550397279610926,0.0060918496333611525,19,0,1.0,M1_raw_p2l,vi,245,245,oracle,0.0,True,1.4901161193847656e-08
154.2478948366535,3.865850920666858,0.031392412897223644,0.011642246912972078,0.006145953377633092,0.005496293535338986,40,0,0.8037125625851376,M2_raw_huber,vi,245,245,oracle,0.0,True,1.4901161193847656e-08
163.48758242558404,4.788475783350647,0.05847345561931569,0.011642246912972078,0.005691137610971638,0.005951109302000441,40,0,1.0,M3_global_corr,vi,245,245,oracle,0.0,True,1.4901161193847656e-08
123.96895612447648,4.958500649220805,0.04156512838571248,0.011642246912972078,0.006365850482809264,0.005276396430162814,30,0,1.0,M4_patch_corr,vi,245,245,oracle,0.0,True,1.4901161193847656e-08
83.57649429428159,3.339206797717247,0.03544234332418204,0.011642246912972078,0.007354128313478038,0.00428811859949404,38,0,1.0,M5_full_corr,vi,245,245,oracle,0.0,True,1.4901161193847656e-08
169.55912601722116,4.763779921769645,0.0733229945254394,0.011665190940834649,0.005517795078579193,0.006147395862255455,35,0,1.0,M0_raw_p2p,vi,246,246,oracle,0.0,True,2.1073424255447017e-08
166.2836746199318,4.398861403774899,0.06708952981813229,0.011665190940834649,0.005580735463351947,0.006084455477482702,40,0,1.0,M1_raw_p2l,vi,246,246,oracle,0.0,True,2.1073424255447017e-08
154.3040666940926,4.2493006597895135,0.032000790823266685,0.011665190940834649,0.006105316385398793,0.0055598745554358555,40,0,0.8086805646497668,M2_raw_huber,vi,246,246,oracle,0.0,True,2.1073424255447017e-08
163.6633287299135,4.7675397114798885,0.05883670077018817,0.011665190940834649,0.005703217280536169,0.00596197366029848,35,0,1.0,M3_global_corr,vi,246,246,oracle,0.0,True,2.1073424255447017e-08
124.6922904641099,4.627067241045354,0.04227751471905492,0.011665190940834649,0.006397693494870854,0.005267497445963795,38,0,1.0,M4_patch_corr,vi,246,246,oracle,0.0,True,2.1073424255447017e-08
84.68697938609708,3.376007318110484,0.03605246326799056,0.011665190940834649,0.007414858957695747,0.0042503319831389014,34,0,1.0,M5_full_corr,vi,246,246,oracle,0.0,True,2.1073424255447017e-08
168.06078375199039,3.4519028672905803,0.07181831609628023,0.011849734747235741,0.005603925190670146,0.0062458095565655946,39,0,1.0,M0_raw_p2p,vi,247,247,oracle,0.0,True,0.0
167.34700100304897,3.1215768464428404,0.06817356137745656,0.011849734747235741,0.005667176497990447,0.006182558249245294,40,0,1.0,M1_raw_p2l,vi,247,247,oracle,0.0,True,0.0
151.59935589426098,2.933231563077051,0.034544317728123455,0.011849734747235741,0.006306703962101595,0.005543030785134146,40,0,0.7943803587602121,M2_raw_huber,vi,247,247,oracle,0.0,True,0.0
162.04309163090417,3.4511353904858852,0.0598748193612412,0.011849734747235741,0.005780075213795471,0.00606965953344027,39,0,1.0,M3_global_corr,vi,247,247,oracle,0.0,True,0.0
123.88322039885351,3.7140445024859146,0.04368186788974108,0.011849734747235741,0.006427197870754963,0.005422536876480778,40,0,1.0,M4_patch_corr,vi,247,247,oracle,0.0,True,0.0
86.02009914691325,3.041507109095773,0.035635058630416536,0.011849734747235741,0.007468294303160678,0.004381440444075063,29,0,1.0,M5_full_corr,vi,247,247,oracle,0.0,True,0.0
168.45089481195922,4.097496718961642,0.07017164785756197,0.011166191186536027,0.005074118821452705,0.006092072365083322,35,0,1.0,M0_raw_p2p,vi,248,248,oracle,0.0,True,0.0
164.52708121965273,2.9878557261316443,0.05761949420954826,0.011166191186536027,0.005133550767189131,0.0060326404193468955,40,0,1.0,M1_raw_p2l,vi,248,248,oracle,0.0,True,0.0
154.0813232693152,3.7510331983532463,0.02550708129517607,0.011166191186536027,0.005597421873765993,0.005568769312770034,40,0,0.8060521790606975,M2_raw_huber,vi,248,248,oracle,0.0,True,0.0
162.40398177532703,4.0974165073965665,0.057203956814759295,0.011166191186536027,0.005247954735288246,0.005918236451247781,35,0,1.0,M3_global_corr,vi,248,248,oracle,0.0,True,0.0
123.92428319671252,4.644311345863721,0.04037928687563134,0.011166191186536027,0.005932707110208187,0.00523348407632784,31,0,1.0,M4_patch_corr,vi,248,248,oracle,0.0,True,0.0
88.35851173251524,4.032373388047692,0.03379918328005156,0.011166191186536027,0.006863670215483699,0.004302520971052328,37,0,1.0,M5_full_corr,vi,248,248,oracle,0.0,True,0.0
166.6404088155192,4.574404040309091,0.0698996821821097,0.010965309945293473,0.004958235310642369,0.0060070746346511045,30,0,1.0,M0_raw_p2p,vi,249,249,oracle,0.0,True,0.0
165.15240866597773,3.6266647854055973,0.060628821124680994,0.010965309945293473,0.0050075086979096545,0.005957801247383819,40,0,1.0,M1_raw_p2l,vi,249,249,oracle,0.0,True,0.0
152.64065587442062,4.514889371689888,0.029939727172373205,0.010965309945293473,0.005441064833500943,0.00552424511179253,40,0,0.8089911189903378,M2_raw_huber,vi,249,249,oracle,0.0,True,0.0
160.44559053346575,4.569123227023883,0.057312738913599046,0.010965309945293473,0.005129132473145886,0.005836177472147587,29,0,1.0,M3_global_corr,vi,249,249,oracle,0.0,True,0.0
124.50530493611492,5.294930723625825,0.040169104493666175,0.010965309945293473,0.005778094130754933,0.00518721581453854,33,0,1.0,M4_patch_corr,vi,249,249,oracle,0.0,True,0.0
80.89425077046798,3.5885554908582336,0.032213913063245544,0.010965309945293473,0.006877465422613629,0.004087844522679844,30,0,1.0,M5_full_corr,vi,249,249,oracle,0.0,True,0.0
160.68341660369472,3.2647098721334813,0.06486003810583568,0.010509859010528309,0.004970254269340083,0.005539604741188226,40,0,1.0,M0_raw_p2p,vi,250,250,oracle,0.0,True,1.4901161193847656e-08
156.44547921179574,2.361748337479422,0.06496287410870001,0.010509859010528309,0.005027446559514011,0.005482412451014298,40,0,1.0,M1_raw_p2l,vi,250,250,oracle,0.0,True,1.4901161193847656e-08
146.02206866105965,2.871724196503048,0.027407707551726373,0.010509859010528309,0.00550443758078886,0.005005421429739449,40,0,0.8076513032235436,M2_raw_huber,vi,250,250,oracle,0.0,True,1.4901161193847656e-08
154.84856815712033,3.2592777651316953,0.053771134749015036,0.010509859010528309,0.0051349309654935985,0.0053749280450347105,40,0,1.0,M3_global_corr,vi,250,250,oracle,0.0,True,1.4901161193847656e-08
120.19662370934202,4.653159739886631,0.0385148970927608,0.010509859010528309,0.00576662709809103,0.004743231912437279,40,0,1.0,M4_patch_corr,vi,250,250,oracle,0.0,True,1.4901161193847656e-08
72.9230256763332,2.81230514019775,0.031046666522097834,0.010509859010528309,0.007032446035589081,0.0034774129749392283,40,0,1.0,M5_full_corr,vi,250,250,oracle,0.0,True,1.4901161193847656e-08
165.25898439082187,4.057374764950927,0.06665037124670783,0.011294746382198862,0.005025837777066411,0.006268908605132451,40,0,1.0,M0_raw_p2p,vi,251,251,oracle,0.0,True,0.0
167.83101942601544,3.885480793853525,0.05717171190870135,0.011294746382198862,0.00508845198194353,0.006206294400255333,40,0,1.0,M1_raw_p2l,vi,251,251,oracle,0.0,True,0.0
149.82660571439405,3.411297174764501,0.03356341039562878,0.011294746382198862,0.005714603651273466,0.005580142730925396,40,0,0.7911322028907793,M2_raw_huber,vi,251,251,oracle,0.0,True,0.0
159.0755856591719,4.052393256942207,0.05778885950300015,0.011294746382198862,0.005198271094897585,0.006096475287301277,40,0,1.0,M3_global_corr,vi,251,251,oracle,0.0,True,0.0
126.21493892452287,5.680610164643484,0.04436081662476262,0.011294746382198862,0.005766910637289807,0.0055278357449090555,34,0,1.0,M4_patch_corr,vi,251,251,oracle,0.0,True,0.0
84.2866000711754,3.6652990691294174,0.036794069849495376,0.011294746382198862,0.006872849419213865,0.004421896962984997,40,0,1.0,M5_full_corr,vi,251,251,oracle,0.0,True,0.0
168.79322243013587,5.285749295318645,0.06604551852523313,0.011206435653645408,0.004765052512498731,0.006441383141146677,25,0,1.0,M0_raw_p2p,vi,252,252,oracle,0.0,True,0.0
170.62824158337605,5.543807002351879,0.0590765721853754,0.011206435653645408,0.0048369121331694595,0.006369523520475948,20,0,1.0,M1_raw_p2l,vi,252,252,oracle,0.0,True,0.0
152.84417095368423,4.37784399801885,0.034196619936929615,0.011206435653645408,0.00549929404829319,0.005707141605352218,40,0,0.7847541612089807,M2_raw_huber,vi,252,252,oracle,0.0,True,0.0
162.6373435506228,5.282707643924385,0.058571637086076364,0.011206435653645408,0.004927347527806283,0.006279088125839124,25,0,1.0,M3_global_corr,vi,252,252,oracle,0.0,True,0.0
128.91472729722838,6.34186790151779,0.04323101170453939,0.011206435653645408,0.00551521980166359,0.005691215851981818,31,0,1.0,M4_patch_corr,vi,252,252,oracle,0.0,True,0.0
89.10687475752513,4.6606733968517275,0.03349212278909904,0.011206435653645408,0.006570153192501142,0.004636282461144265,28,0,1.0,M5_full_corr,vi,252,252,oracle,0.0,True,0.0
169.96884962551624,4.6895721469078575,0.07367650421503444,0.012150342812648648,0.005373171234385528,0.00677717157826312,40,0,1.0,M0_raw_p2p,vi,253,253,oracle,0.0,True,0.0
175.07383618000875,4.976130979830222,0.0650436880454569,0.012150342812648648,0.005450119057896355,0.006700223754752293,40,0,1.0,M1_raw_p2l,vi,253,253,oracle,0.0,True,0.0
153.58132068559837,3.6343380294707157,0.03487440879342154,0.012150342812648648,0.0060105759264864915,0.006139766886162156,40,0,0.8012066717952487,M2_raw_huber,vi,253,253,oracle,0.0,True,0.0
163.128025798298,4.689572146907832,0.06426825619579056,0.012150342812648648,0.005542873154554102,0.006607469658094545,40,0,1.0,M3_global_corr,vi,253,253,oracle,0.0,True,0.0
128.72745711506946,5.304336121107137,0.04743974762428501,0.012150342812648648,0.00614335611866656,0.006006986693982088,35,0,1.0,M4_patch_corr,vi,253,253,oracle,0.0,True,0.0
90.1538026496023,3.637122190496098,0.03545493964930781,0.012150342812648648,0.007217580329365574,0.0049327624832830735,29,0,1.0,M5_full_corr,vi,253,253,oracle,0.0,True,0.0
169.86306510974444,4.593104198831056,0.07675604296884349,0.012280649759693115,0.005384071237205718,0.006896578522487397,40,0,1.0,M0_raw_p2p,vi,254,254,oracle,0.0,True,1.4901161193847656e-08
170.8982995755446,4.363170921640697,0.06764145864710946,0.012280649759693115,0.005436953815562098,0.006843695944131017,40,0,1.0,M1_raw_p2l,vi,254,254,oracle,0.0,True,1.4901161193847656e-08
154.74000166040997,3.9651983840960456,0.036456787604320244,0.012280649759693115,0.005889206333620271,0.006391443426072844,40,0,0.8048808144387258,M2_raw_huber,vi,254,254,oracle,0.0,True,1.4901161193847656e-08
162.81865763082314,4.592582281758027,0.06592142582893949,0.012280649759693115,0.0055543584096428966,0.0067262913500502185,40,0,1.0,M3_global_corr,vi,254,254,oracle,0.0,True,1.4901161193847656e-08
126.22066100989124,5.427014966977945,0.048281396610411496,0.012280649759693115,0.006196258408352008,0.006084391351341107,24,0,1.0,M4_patch_corr,vi,254,254,oracle,0.0,True,1.4901161193847656e-08
89.63997774341405,3.7778042428906824,0.03436554074924567,0.012280649759693115,0.007271997667450534,0.005008652092242581,32,0,1.0,M5_full_corr,vi,254,254,oracle,0.0,True,1.4901161193847656e-08
171.44778396515693,4.811663598996522,0.07956731422254741,0.012201881883449192,0.0051178529915966615,0.00708402889185253,35,0,1.0,M0_raw_p2p,vi,255,255,oracle,0.0,True,0.0
171.02892944539477,3.8861496091358463,0.0761414084774206,0.012201881883449192,0.005164223060049772,0.007037658823399419,40,0,1.0,M1_raw_p2l,vi,255,255,oracle,0.0,True,0.0
156.8656139390728,4.194040695456288,0.03734071557126801,0.012201881883449192,0.005545093771167027,0.006656788112282165,31,0,0.8104793899859396,M2_raw_huber,vi,255,255,oracle,0.0,True,0.0
164.41533386711362,4.811663598996544,0.06728352950503705,0.012201881883449192,0.005289098551491596,0.0069127833319575956,34,0,1.0,M3_global_corr,vi,255,255,oracle,0.0,True,0.0
128.28514132622834,5.505966443017515,0.048953193136656865,0.012201881883449192,0.005921500990423646,0.006280380893025545,26,0,1.0,M4_patch_corr,vi,255,255,oracle,0.0,True,0.0
90.8796625733007,4.360745564666029,0.033190309793403136,0.012201881883449192,0.007024324489766054,0.0051775573936831375,40,0,1.0,M5_full_corr,vi,255,255,oracle,0.0,True,0.0
173.05557220487063,4.279388071604437,0.08237424603381928,0.012424659561635918,0.005347640690352299,0.007077018871283619,35,0,1.0,M0_raw_p2p,vi,256,256,oracle,0.0,True,0.0
171.02195021833808,3.1038364328766255,0.07438821921815966,0.012424659561635918,0.005411298939252716,0.007013360622383202,17,0,1.0,M1_raw_p2l,vi,256,256,oracle,0.0,True,0.0
158.00194979636444,3.993643326094601,0.035767908048390126,0.012424659561635918,0.005794918039534168,0.00662974152210175,40,0,0.810022342344827,M2_raw_huber,vi,256,256,oracle,0.0,True,0.0
165.6466941126983,4.282354504524164,0.06879132043652567,0.012424659561635918,0.005514931267870065,0.006909728293765852,34,0,1.0,M3_global_corr,vi,256,256,oracle,0.0,True,0.0
127.05489318258589,4.90229330174597,0.049425122991832916,0.012424659561635918,0.006157231607779573,0.0062674279538563445,33,0,1.0,M4_patch_corr,vi,256,256,oracle,0.0,True,0.0
93.02157513068495,4.00044960047447,0.03057473118569478,0.012424659561635918,0.007217926309764998,0.00520673325187092,32,0,1.0,M5_full_corr,vi,256,256,oracle,0.0,True,0.0
171.3719270384504,4.52598770892056,0.08116711175316887,0.01212358990427927,0.0054310308198950615,0.006692559084384209,40,0,1.0,M0_raw_p2p,vi,257,257,oracle,0.0,True,0.0
171.36994592589963,3.228842626448195,0.07454229290220818,0.01212358990427927,0.005493008389102422,0.006630581515176848,40,0,1.0,M1_raw_p2l,vi,257,257,oracle,0.0,True,0.0
157.09860666305354,4.254779595281912,0.034842885166502656,0.01212358990427927,0.005821159987331618,0.006302429916947652,40,0,0.8110005068878862,M2_raw_huber,vi,257,257,oracle,0.0,True,0.0
164.25474066514187,4.524535150577695,0.06518753772875716,0.01212358990427927,0.005618923445144856,0.006504666459134414,39,0,1.0,M3_global_corr,vi,257,257,oracle,0.0,True,0.0
127.46972547344598,4.833009503777306,0.04451997543286603,0.01212358990427927,0.00619655694268375,0.00592703296159552,40,0,1.0,M4_patch_corr,vi,257,257,oracle,0.0,True,0.0
97.01447910265438,3.949644867587135,0.023872114851973558,0.01212358990427927,0.007146076887292369,0.004977513016986901,37,0,1.0,M5_full_corr,vi,257,257,oracle,0.0,True,0.0
165.9262948212101,4.618170304460536,0.07400937243393098,0.010351358013289404,0.004459848315921573,0.005891509697367831,40,0,1.0,M0_raw_p2p,vi,258,258,oracle,0.0,True,0.0
167.2243078936252,4.0531350653795695,0.06665868830739019,0.010351358013289404,0.004501751423196926,0.005849606590092478,40,0,1.0,M1_raw_p2l,vi,258,258,oracle,0.0,True,0.0
153.44308026284747,4.398054706920284,0.031529579208996676,0.010351358013289404,0.00470074013386517,0.005650617879424234,40,0,0.8240579485254644,M2_raw_huber,vi,258,258,oracle,0.0,True,0.0
159.67222894438663,4.60840458673861,0.05718267030296522,0.010351358013289404,0.004660254471173725,0.005691103542115679,40,0,1.0,M3_global_corr,vi,258,258,oracle,0.0,True,0.0
124.7674224855385,5.523995567144276,0.036854516590806206,0.010351358013289404,0.00520810723238057,0.005143250780908834,40,0,1.0,M4_patch_corr,vi,258,258,oracle,0.0,True,0.0
83.22465563271753,2.1154362174345516,0.020865307461074716,0.010351358013289404,0.006463275925694209,0.003888082087595195,40,0,1.0,M5_full_corr,vi,258,258,oracle,0.0,True,0.0
168.27755087098166,3.930943676767342,0.07323374332749588,0.010700899749990535,0.004641609135214632,0.006059290614775903,40,0,1.0,M0_raw_p2p,vi,259,259,oracle,0.0,True,0.0
166.7386329594485,3.428257341364643,0.07065135210949239,0.010700899749990535,0.004681721263676314,0.006019178486314221,40,0,1.0,M1_raw_p2l,vi,259,259,oracle,0.0,True,0.0
155.22548101403294,3.460764316792142,0.03640431806749512,0.010700899749990535,0.004855512951691052,0.005845386798299483,40,0,0.8215093812455893,M2_raw_huber,vi,259,259,oracle,0.0,True,0.0
162.28016032715792,3.9259220618644624,0.058048277771545406,0.010700899749990535,0.004841537273521294,0.005859362476469241,40,0,1.0,M3_global_corr,vi,259,259,oracle,0.0,True,0.0
127.57123113799804,3.822629770868747,0.03783614781516755,0.010700899749990535,0.005382097543407474,0.005318802206583061,40,0,1.0,M4_patch_corr,vi,259,259,oracle,0.0,True,0.0
84.90828206189006,1.0670070738959339,0.023575604163007708,0.010700899749990535,0.006617128498945288,0.004083771251045247,40,0,1.0,M5_full_corr,vi,259,259,oracle,0.0,True,0.0
177.51955997016333,5.607182626198633,0.08518073033269247,0.012562307999670716,0.005234383504759373,0.007327924494911343,32,0,1.0,M0_raw_p2p,vi,260,260,oracle,0.0,True,0.0
178.75913798184806,5.45064078085298,0.07624415554437415,0.012562307999670716,0.005274746883983191,0.007287561115687525,40,0,1.0,M1_raw_p2l,vi,260,260,oracle,0.0,True,0.0
162.67726574858895,4.745261274914247,0.04143149376254433,0.012562307999670716,0.0055475851151779235,0.0070147228844927925,40,0,0.8160110463787091,M2_raw_huber,vi,260,260,oracle,0.0,True,0.0
170.30343145407178,5.6080866498143065,0.06929724156153856,0.012562307999670716,0.005426444832121393,0.007135863167549323,31,0,1.0,M3_global_corr,vi,260,260,oracle,0.0,True,0.0
137.5886157023425,5.519715791237465,0.04699098355783602,0.012562307999670716,0.005936504331790584,0.006625803667880132,34,0,1.0,M4_patch_corr,vi,260,260,oracle,0.0,True,0.0
101.77589636276325,2.371804266098213,0.031347502403370336,0.012562307999670716,0.007028548803010699,0.005533759196660017,40,0,1.0,M5_full_corr,vi,260,260,oracle,0.0,True,0.0
176.3441319495969,5.091530513085113,0.0850647129214788,0.012925226537148058,0.005470222529927838,0.00745500400722022,40,0,1.0,M0_raw_p2p,vi,261,261,oracle,0.0,True,0.0
177.72178178411065,4.794031970030009,0.07868707866002775,0.012925226537148058,0.005529668272853697,0.0073955582642943616,40,0,1.0,M1_raw_p2l,vi,261,261,oracle,0.0,True,0.0
161.34006350516944,4.293061023500268,0.039995117011404444,0.012925226537148058,0.005790156311179945,0.0071350702259681134,40,0,0.8102952685153743,M2_raw_huber,vi,261,261,oracle,0.0,True,0.0
168.84800963098758,5.0919356704392245,0.07052994490733336,0.012925226537148058,0.005652810000479099,0.00727241653666896,40,0,1.0,M3_global_corr,vi,261,261,oracle,0.0,True,0.0
135.54444639926015,4.903037499116931,0.04853539307477155,0.012925226537148058,0.006170558212593831,0.006754668324554227,34,0,1.0,M4_patch_corr,vi,261,261,oracle,0.0,True,0.0
101.6980543078215,2.047276209280093,0.03377048550100851,0.012925226537148058,0.007282655195678457,0.005642571341469602,40,0,1.0,M5_full_corr,vi,261,261,oracle,0.0,True,0.0
182.0529310752588,5.402393605700334,0.09168457084506651,0.014399528841953084,0.0062345936178150345,0.00816493522413805,40,0,1.0,M0_raw_p2p,vi,262,262,oracle,0.0,True,1.4901161193847656e-08
186.13594049107567,5.205149192829229,0.08503754011651946,0.014399528841953084,0.00633415728940026,0.008065371552552825,40,0,1.0,M1_raw_p2l,vi,262,262,oracle,0.0,True,1.4901161193847656e-08
163.1456532742671,4.730976715549281,0.04122379643469933,0.014399528841953084,0.006687974005192954,0.00771155483676013,40,0,0.8040600464292207,M2_raw_huber,vi,262,262,oracle,0.0,True,1.4901161193847656e-08
173.74659767849505,5.402393605700308,0.07624897358918917,0.014399528841953084,0.006424640940058969,0.007974887901894115,40,0,1.0,M3_global_corr,vi,262,262,oracle,0.0,True,1.4901161193847656e-08
142.9242434458222,4.879794061341023,0.05447162937112139,0.014399528841953084,0.006969044441855822,0.007430484400097262,40,0,1.0,M4_patch_corr,vi,262,262,oracle,0.0,True,1.4901161193847656e-08
109.16288166661224,2.64188947892757,0.039311342367776295,0.014399528841953084,0.008113455245075295,0.006286073596877788,40,0,1.0,M5_full_corr,vi,262,262,oracle,0.0,True,1.4901161193847656e-08
177.16617154399933,4.203249787159716,0.08789703696880097,0.013915787184638082,0.006176145527810332,0.0077396416568277495,40,0,1.0,M0_raw_p2p,vi,263,263,oracle,0.0,True,0.0
183.6500157628568,3.906366127458196,0.08070950151599952,0.013915787184638082,0.006292763791438932,0.00762302339319915,40,0,1.0,M1_raw_p2l,vi,263,263,oracle,0.0,True,0.0
159.58922494248236,3.4721775294206205,0.04084405469518252,0.013915787184638082,0.006648057376184846,0.0072677298084532355,40,0,0.8110313774800159,M2_raw_huber,vi,263,263,oracle,0.0,True,0.0
169.23522606489837,4.200539720368734,0.07296572702272161,0.013915787184638082,0.006370902634659627,0.007544884549978454,40,0,1.0,M3_global_corr,vi,263,263,oracle,0.0,True,0.0
138.29805861984147,3.764903727304011,0.05101587012904006,0.013915787184638082,0.00696937490505484,0.006946412279583242,40,0,1.0,M4_patch_corr,vi,263,263,oracle,0.0,True,0.0
102.33176573811785,1.8031988611431509,0.03728802212215703,0.013915787184638082,0.008105354297486909,0.005810432887151173,40,0,1.0,M5_full_corr,vi,263,263,oracle,0.0,True,0.0
179.5849885730134,4.5833447592593854,0.08982459651032527,0.014498708475423606,0.00651256374379061,0.007986144731632996,29,0,1.0,M0_raw_p2p,vi,264,264,oracle,0.0,True,0.0
183.57076538449832,3.6710374228809255,0.08995577655657114,0.014498708475423606,0.0066422999388706825,0.007856408536552922,40,0,1.0,M1_raw_p2l,vi,264,264,oracle,0.0,True,0.0
161.77560204323558,4.169999514314936,0.03976295143314452,0.014498708475423606,0.00707433094643994,0.007424377528983666,40,0,0.8121465315411635,M2_raw_huber,vi,264,264,oracle,0.0,True,0.0
171.12667443842096,4.526949611005411,0.07424968057920396,0.014498708475423606,0.006704005273296931,0.007794703202126675,39,0,1.0,M3_global_corr,vi,264,264,oracle,0.0,True,0.0
140.95832911433237,4.251654160221309,0.0518362534197415,0.014498708475423606,0.007259850435270845,0.00723885804015276,35,0,1.0,M4_patch_corr,vi,264,264,oracle,0.0,True,0.0
106.05931817731596,2.4377642548078686,0.03666241063161899,0.014498708475423606,0.008512785430259672,0.005985923045163934,40,0,1.0,M5_full_corr,vi,264,264,oracle,0.0,True,0.0
168.25597302441992,3.0740859288248767,0.07463713280227095,0.01261109508022836,0.006055959672158427,0.006555135408069933,40,0,1.0,M0_raw_p2p,vi,265,265,oracle,0.0,True,0.0
169.8063645971401,2.595225938437517,0.07092260846532855,0.01261109508022836,0.006166542582233202,0.006444552497995157,40,0,1.0,M1_raw_p2l,vi,265,265,oracle,0.0,True,0.0
150.4278149934572,2.5271844342614567,0.029781715520304206,0.01261109508022836,0.006866016496861296,0.005745078583367064,40,0,0.8012713989706577,M2_raw_huber,vi,265,265,oracle,0.0,True,0.0
160.81269474840738,3.074085928824856,0.06106891375358288,0.01261109508022836,0.006239467608041159,0.0063716274721872,40,0,1.0,M3_global_corr,vi,265,265,oracle,0.0,True,0.0
130.84879776757774,3.501592367825592,0.04002196442876873,0.01261109508022836,0.006758086953757166,0.005853008126471194,40,0,1.0,M4_patch_corr,vi,265,265,oracle,0.0,True,0.0
97.01441319320426,3.2140835293783065,0.0321551940973361,0.01261109508022836,0.007886294091772484,0.004724800988455876,40,0,1.0,M5_full_corr,vi,265,265,oracle,0.0,True,0.0
166.53387661732023,3.9676042284704507,0.07001998112759868,0.011730669300407665,0.005546949906975542,0.006183719393432123,36,0,1.0,M0_raw_p2p,vi,266,266,oracle,0.0,True,0.0
167.01483211426657,3.4733045231029203,0.06393665862699048,0.011730669300407665,0.005650590614895715,0.00608007868551195,40,0,1.0,M1_raw_p2l,vi,266,266,oracle,0.0,True,0.0
149.65396894676343,3.551416911245286,0.026906678840731852,0.011730669300407665,0.006239572519923733,0.005491096780483932,40,0,0.7990376563703411,M2_raw_huber,vi,266,266,oracle,0.0,True,0.0
159.59455400104198,3.966825448636311,0.05689731845395112,0.011730669300407665,0.0057285944351515,0.006002074865256165,35,0,1.0,M3_global_corr,vi,266,266,oracle,0.0,True,0.0
130.04720084101245,4.812970924857002,0.03690310455969707,0.011730669300407665,0.006251590066428314,0.005479079233979351,40,0,1.0,M4_patch_corr,vi,266,266,oracle,0.0,True,0.0
93.9792052112498,3.4110606514908834,0.03021781436445269,0.011730669300407665,0.007267158597852395,0.0044635107025552696,40,0,1.0,M5_full_corr,vi,266,266,oracle,0.0,True,0.0
162.07448209435097,4.594939855482826,0.06515782340785747,0.011140378611699135,0.0052918269329420165,0.005848551678757119,25,0,1.0,M0_raw_p2p,vi,267,267,oracle,0.0,True,0.0
161.0787617159518,3.613532555004306,0.07694599376532389,0.011140378611699135,0.0053661051263277325,0.005774273485371403,18,0,1.0,M1_raw_p2l,vi,267,267,oracle,0.0,True,0.0
145.6281579824973,4.258228436787679,0.02774709528001896,0.011140378611699135,0.00608277167921663,0.005057606932482505,40,0,0.7938793206755033,M2_raw_huber,vi,267,267,oracle,0.0,True,0.0
155.20602176731222,4.596235213289831,0.052783108538056366,0.011140378611699135,0.00547095378078059,0.005669424830918545,25,0,1.0,M3_global_corr,vi,267,267,oracle,0.0,True,0.0
125.30180479014616,5.893899558375319,0.0348307472917386,0.011140378611699135,0.006006253604311009,0.005134125007388126,40,0,1.0,M4_patch_corr,vi,267,267,oracle,0.0,True,0.0
90.22756604050177,3.8766522163678703,0.031100307811319488,0.011140378611699135,0.006823290497381867,0.0043170881143172685,29,0,1.0,M5_full_corr,vi,267,267,oracle,0.0,True,0.0
166.2218009934645,4.3140308530944935,0.06962513537291551,0.011815872555168506,0.005697405381217151,0.006118467173951356,40,0,1.0,M0_raw_p2p,vi,268,268,oracle,0.0,True,0.0
166.7195045015945,4.096115250857314,0.06627622906049256,0.011815872555168506,0.005776232631671304,0.006039639923497203,40,0,1.0,M1_raw_p2l,vi,268,268,oracle,0.0,True,0.0
149.93645245580745,3.276185425850484,0.03251406236565189,0.011815872555168506,0.006438240649246089,0.005377631905922418,40,0,0.796556935977986,M2_raw_huber,vi,268,268,oracle,0.0,True,0.0
159.70236798987423,4.312242141595942,0.056257576390787746,0.011815872555168506,0.005892183856404399,0.005923688698764107,40,0,1.0,M3_global_corr,vi,268,268,oracle,0.0,True,0.0
129.0649809827141,4.20551012625761,0.039546483656538255,0.011815872555168506,0.006392848501567054,0.0054230240536014525,40,0,1.0,M4_patch_corr,vi,268,268,oracle,0.0,True,0.0
89.88072179853546,1.7508702196367405,0.033581078527062394,0.011815872555168506,0.0072611187647267,0.0045547537904418066,40,0,1.0,M5_full_corr,vi,268,268,oracle,0.0,True,0.0
172.10414120939282,5.364222246665026,0.07885593731487363,0.012898246692769715,0.006038019898838153,0.0068602267939315625,23,0,1.0,M0_raw_p2p,vi,269,269,oracle,0.0,True,0.0
174.8413698353029,5.527473302995952,0.06737300784471682,0.012898246692769715,0.00611973417157576,0.006778512521193956,40,0,1.0,M1_raw_p2l,vi,269,269,oracle,0.0,True,0.0
155.591096776484,4.30277021901359,0.0360968620657783,0.012898246692769715,0.006780525248042549,0.006117721444727166,40,0,0.8029851333337557,M2_raw_huber,vi,269,269,oracle,0.0,True,0.0
164.88530754355023,5.364802588949321,0.06374257692899857,0.012898246692769715,0.006241872477597165,0.00665637421517255,23,0,1.0,M3_global_corr,vi,269,269,oracle,0.0,True,0.0
131.97370667913265,5.071859321100682,0.047028658813118865,0.012898246692769715,0.006704183617819584,0.006194063074950131,35,0,1.0,M4_patch_corr,vi,269,269,oracle,0.0,True,0.0
94.34987729085745,2.798770253088558,0.03737100465165307,0.012898246692769715,0.007619064095650887,0.005279182597118828,37,0,1.0,M5_full_corr,vi,269,269,oracle,0.0,True,0.0
173.76320807019738,4.670142451224063,0.07858714160175743,0.01313182208148378,0.006371215657589495,0.006760606423894284,40,0,1.0,M0_raw_p2p,vi,270,270,oracle,0.0,True,0.0
174.56668657082147,5.1012725346745,0.08168627378226868,0.01313182208148378,0.006482598387394829,0.0066492236940889505,40,0,1.0,M1_raw_p2l,vi,270,270,oracle,0.0,True,0.0
157.03663347347995,3.6923227858240764,0.036694659869962176,0.01313182208148378,0.006934469879051195,0.006197352202432584,40,0,0.8023133731972841,M2_raw_huber,vi,270,270,oracle,0.0,True,0.0
166.91637742976508,4.675483892848865,0.06322648066641862,0.01313182208148378,0.006577313302331642,0.0065545087791521375,40,0,1.0,M3_global_corr,vi,270,270,oracle,0.0,True,0.0
129.2576914900922,4.014221115628766,0.04779489690976913,0.01313182208148378,0.007099042335462808,0.006032779746020971,29,0,1.0,M4_patch_corr,vi,270,270,oracle,0.0,True,0.0
92.2926664196413,1.772839572496428,0.036899611934563994,0.01313182208148378,0.008048188845088858,0.005083633236394922,37,0,1.0,M5_full_corr,vi,270,270,oracle,0.0,True,0.0
176.8598137630935,5.319120057890345,0.07943347085280278,0.012301205279587318,0.005767664740775243,0.006533540538812075,40,0,1.0,M0_raw_p2p,vi,271,271,oracle,0.0,True,0.0
175.9434286840986,6.0886683572010485,0.08949689436282729,0.012301205279587318,0.005857083414501195,0.006444121865086122,40,0,1.0,M1_raw_p2l,vi,271,271,oracle,0.0,True,0.0
162.4804766308792,4.724419128676197,0.03596437113573332,0.012301205279587318,0.00611332561842728,0.006187879661160038,40,0,0.8113324843272475,M2_raw_huber,vi,271,271,oracle,0.0,True,0.0
170.57061920469832,5.318092186131102,0.06252609221916493,0.012301205279587318,0.005985866769550492,0.0063153385100368255,40,0,1.0,M3_global_corr,vi,271,271,oracle,0.0,True,0.0
128.82857814002128,4.06364551819435,0.046241511361402705,0.012301205279587318,0.00651600188625719,0.005785203393330128,38,0,1.0,M4_patch_corr,vi,271,271,oracle,0.0,True,0.0
86.50477059618039,1.569726535840305,0.03491704254622658,0.012301205279587318,0.007614276471625631,0.004686928807961687,40,0,1.0,M5_full_corr,vi,271,271,oracle,0.0,True,0.0
170.29116127162314,3.454702933619538,0.07318940622124921,0.011447615509751628,0.005445672134330565,0.006001943375421062,40,0,1.0,M0_raw_p2p,vi,272,272,oracle,0.0,True,1.4901161193847656e-08
168.54830540252644,3.467636553456492,0.07035802997176273,0.011447615509751628,0.005514743966911466,0.005932871542840162,40,0,1.0,M1_raw_p2l,vi,272,272,oracle,0.0,True,1.4901161193847656e-08
155.60572073549616,3.035621045516144,0.03419811175262981,0.011447615509751628,0.005855331447381871,0.005592284062369756,40,0,0.8060928462400734,M2_raw_huber,vi,272,272,oracle,0.0,True,1.4901161193847656e-08
164.53047643434195,3.453631787802898,0.05889507880477732,0.011447615509751628,0.005650060225174658,0.00579755528457697,40,0,1.0,M3_global_corr,vi,272,272,oracle,0.0,True,1.4901161193847656e-08
122.47317504464063,2.0990911475934015,0.044003948030082486,0.011447615509751628,0.006167429398493367,0.0052801861112582605,40,0,1.0,M4_patch_corr,vi,272,272,oracle,0.0,True,1.4901161193847656e-08
78.95002286006839,1.0032057036919375,0.030915061104660482,0.011447615509751628,0.007342469282026591,0.004105146227725036,40,0,1.0,M5_full_corr,vi,272,272,oracle,0.0,True,1.4901161193847656e-08
169.91590492190204,3.447838490114901,0.07004245629430289,0.01095722914099898,0.005142628619486912,0.005814600521512068,40,0,1.0,M0_raw_p2p,vi,273,273,oracle,0.0,True,0.0
167.66939827207796,3.1337675357871326,0.060537206432997905,0.01095722914099898,0.005209318256197722,0.0057479108848012585,40,0,1.0,M1_raw_p2l,vi,273,273,oracle,0.0,True,0.0
154.57066027688447,3.509512507420555,0.03138421400591032,0.01095722914099898,0.005619748789329183,0.005337480351669798,40,0,0.8000996501088169,M2_raw_huber,vi,273,273,oracle,0.0,True,0.0
164.3566986884709,3.449128751707735,0.056657530148871225,0.01095722914099898,0.005324963597051601,0.005632265543947379,40,0,1.0,M3_global_corr,vi,273,273,oracle,0.0,True,0.0
119.68934426997342,2.613447451504223,0.04264253879684125,0.01095722914099898,0.005883129420707585,0.005074099720291395,40,0,1.0,M4_patch_corr,vi,273,273,oracle,0.0,True,0.0
81.0574136046698,0.9151055626579669,0.03113766293536043,0.01095722914099898,0.006901981999487707,0.004055247141511274,40,0,1.0,M5_full_corr,vi,273,273,oracle,0.0,True,0.0
160.37786999832153,2.073160835400055,0.06277155336033545,0.009877412310267586,0.0047029283791204645,0.005174483931147122,40,0,1.0,M0_raw_p2p,vi,274,274,oracle,0.0,True,0.0
156.69427573292083,1.7708768348601687,0.0581715323985302,0.009877412310267586,0.00475655821659957,0.005120854093668016,40,0,1.0,M1_raw_p2l,vi,274,274,oracle,0.0,True,0.0
147.7428617125053,2.2441047295396004,0.02445946366408214,0.009877412310267586,0.005125135962770787,0.004752276347496799,40,0,0.7966796421049214,M2_raw_huber,vi,274,274,oracle,0.0,True,0.0
155.38441271555018,2.070743075433921,0.05142155195322737,0.009877412310267586,0.0048883440140200934,0.004989068296247493,40,0,1.0,M3_global_corr,vi,274,274,oracle,0.0,True,0.0
108.73501377883913,1.7060875431140423,0.039197886871809653,0.009877412310267586,0.005420195617199569,0.004457216693068017,40,0,1.0,M4_patch_corr,vi,274,274,oracle,0.0,True,0.0
70.16316224362137,0.9255729142261084,0.026811088891584046,0.009877412310267586,0.006471135074104484,0.003406277236163102,40,0,1.0,M5_full_corr,vi,274,274,oracle,0.0,True,0.0
157.78197405066126,3.2425457805421387,0.05897217278620363,0.009441326017723663,0.0044847572419292854,0.004956568775794377,40,0,1.0,M0_raw_p2p,vi,275,275,oracle,0.0,True,0.0
154.92306364910706,2.8574788858336433,0.061374098077641576,0.009441326017723663,0.004521734880023671,0.004919591137699992,40,0,1.0,M1_raw_p2l,vi,275,275,oracle,0.0,True,0.0
146.2981211615947,3.225388185985324,0.0219767735869276,0.009441326017723663,0.004904707178945356,0.0045366188387783064,40,0,0.7919167427788797,M2_raw_huber,vi,275,275,oracle,0.0,True,0.0
153.1019501694292,3.243036410753632,0.049112365188944254,0.009441326017723663,0.0046642288084239114,0.004777097209299751,40,0,1.0,M3_global_corr,vi,275,275,oracle,0.0,True,0.0
105.7922245280083,3.0995917352115625,0.03806513256941704,0.009441326017723663,0.00522208880647145,0.004219237211252213,34,0,1.0,M4_patch_corr,vi,275,275,oracle,0.0,True,0.0
68.88436827815674,1.5628946731329472,0.024248707576277517,0.009441326017723663,0.006257445154200407,0.0031838808635232555,40,0,1.0,M5_full_corr,vi,275,275,oracle,0.0,True,0.0
155.7477880815278,3.826452440517502,0.05821784546603875,0.00936825675756062,0.004373319272570425,0.004994937484990195,32,0,1.0,M0_raw_p2p,vi,276,276,oracle,0.0,True,0.0
154.09036495069378,3.704455517664822,0.051790739272588295,0.00936825675756062,0.0044198583074075305,0.00494839845015309,40,0,1.0,M1_raw_p2l,vi,276,276,oracle,0.0,True,0.0
145.12602395933962,3.783551678238954,0.024333870302871825,0.00936825675756062,0.004868036883566711,0.004500219873993909,40,0,0.7851363380322979,M2_raw_huber,vi,276,276,oracle,0.0,True,0.0
150.94263844696164,3.830905574055525,0.048679011915844984,0.00936825675756062,0.004548763695419369,0.0048194930621412516,32,0,1.0,M3_global_corr,vi,276,276,oracle,0.0,True,0.0
101.9906839033928,3.5629641544312403,0.04049941906080798,0.00936825675756062,0.005237401856408901,0.004130854901151719,34,0,1.0,M4_patch_corr,vi,276,276,oracle,0.0,True,0.0
63.5330543623097,1.6311047848869153,0.025007449002744212,0.00936825675756062,0.006379214712781572,0.0029890420447790484,40,0,1.0,M5_full_corr,vi,276,276,oracle,0.0,True,0.0
156.63320942082186,2.7277041556921464,0.05984608059962402,0.009992363493703317,0.004691466820547108,0.005300896673156209,40,0,1.0,M0_raw_p2p,vi,277,277,oracle,0.0,True,0.0
157.52848097995422,3.2144502511703403,0.060518487289885244,0.009992363493703317,0.004746292120538026,0.005246071373165291,40,0,1.0,M1_raw_p2l,vi,277,277,oracle,0.0,True,0.0
145.13002943830296,2.777061376353101,0.028326995808990174,0.009992363493703317,0.005261377778487899,0.004730985715215417,40,0,0.7799570876370638,M2_raw_huber,vi,277,277,oracle,0.0,True,0.0
151.83516777816808,2.73809510886734,0.05287147673407926,0.009992363493703317,0.0048605649011771055,0.005131798592526211,40,0,1.0,M3_global_corr,vi,277,277,oracle,0.0,True,0.0
102.96802068995903,2.4173555302581713,0.04273789564622482,0.009992363493703317,0.005544057466018976,0.004448306027684341,40,0,1.0,M4_patch_corr,vi,277,277,oracle,0.0,True,0.0
60.610166663411306,1.4033867367971973,0.026432192273407394,0.009992363493703317,0.006906364549803355,0.003085998943899962,40,0,1.0,M5_full_corr,vi,277,277,oracle,0.0,True,0.0
166.53210986657817,4.168482542217107,0.07090692266482003,0.011720697736286086,0.005265984988715235,0.006454712747570851,30,0,1.0,M0_raw_p2p,vi,278,278,oracle,0.0,True,1.4901161193847656e-08
169.70322603526603,4.886023220147402,0.06616421950365059,0.011720697736286086,0.005338215265103637,0.006382482471182449,40,0,1.0,M1_raw_p2l,vi,278,278,oracle,0.0,True,1.4901161193847656e-08
151.72857321245428,3.7370297361837292,0.03652722728935314,0.011720697736286086,0.005899671879724445,0.0058210258565616416,40,0,0.7969431578452838,M2_raw_huber,vi,278,278,oracle,0.0,True,1.4901161193847656e-08
160.0734547491475,4.181411610426219,0.05994881180807285,0.011720697736286086,0.005441019308302986,0.006279678427983101,29,0,1.0,M3_global_corr,vi,278,278,oracle,0.0,True,1.4901161193847656e-08
111.55191594312434,3.582935666739591,0.04819827101225386,0.011720697736286086,0.0062852272345321645,0.005435470501753922,31,0,1.0,M4_patch_corr,vi,278,278,oracle,0.0,True,1.4901161193847656e-08
66.98897063792162,1.0640907651553524,0.03534297191508134,0.011720697736286086,0.007932447421893673,0.003788250314392413,40,0,1.0,M5_full_corr,vi,278,278,oracle,0.0,True,1.4901161193847656e-08
166.5644951455401,3.283387490698904,0.07553790904836793,0.011944700029809012,0.0053279673515951,0.006616732678213912,40,0,1.0,M0_raw_p2p,vi,279,279,oracle,0.0,True,0.0
168.78077453053265,3.910500641021064,0.07565162174349419,0.011944700029809012,0.005395811169912756,0.006548888859896256,40,0,1.0,M1_raw_p2l,vi,279,279,oracle,0.0,True,0.0
153.21548329481425,3.042266591459347,0.03633985176159347,0.011944700029809012,0.005821742694404539,0.006122957335404473,40,0,0.8124341400136301,M2_raw_huber,vi,279,279,oracle,0.0,True,0.0
159.94651241377207,3.2855170200664587,0.06329055843159263,0.011944700029809012,0.005523153511572794,0.006421546518236218,40,0,1.0,M3_global_corr,vi,279,279,oracle,0.0,True,0.0
111.11536186907294,2.3980117859028147,0.04856357290555997,0.011944700029809012,0.006386670001386111,0.005558030028422901,39,0,1.0,M4_patch_corr,vi,279,279,oracle,0.0,True,0.0
65.47959643138188,1.1521350882763008,0.03565478895946433,0.011944700029809012,0.008061829575726884,0.003882870454082128,40,0,1.0,M5_full_corr,vi,279,279,oracle,0.0,True,0.0
170.080156484676,4.41188297792136,0.07399805924013353,0.011646137994866116,0.0052739200402765,0.006372217954589616,33,0,1.0,M0_raw_p2p,vi,280,280,oracle,0.0,True,0.0
171.54847518836448,4.627717904006879,0.06825740195242246,0.011646137994866116,0.005313545091773308,0.006332592903092808,40,0,1.0,M1_raw_p2l,vi,280,280,oracle,0.0,True,0.0
156.14308009131332,4.077629737173798,0.03432982289204084,0.011646137994866116,0.005723780967674953,0.005922357027191163,40,0,0.8168044842299991,M2_raw_huber,vi,280,280,oracle,0.0,True,0.0
163.70716049271735,4.420571983195565,0.061168805484198875,0.011646137994866116,0.005461834913919562,0.006184303080946554,33,0,1.0,M3_global_corr,vi,280,280,oracle,0.0,True,0.0
113.39873510088984,3.8500375304709973,0.04546830173876918,0.011646137994866116,0.006376782945132729,0.0052693550497333866,33,0,1.0,M4_patch_corr,vi,280,280,oracle,0.0,True,0.0
65.5725030870541,1.2764216311622907,0.03342444226122195,0.011646137994866116,0.00804438044325124,0.003601757551614876,40,0,1.0,M5_full_corr,vi,280,280,oracle,0.0,True,0.0
169.4337840948769,3.108483670823398,0.07056060835694244,0.011366309308347589,0.0052592651662669325,0.006107044142080656,40,0,1.0,M0_raw_p2p,vi,281,281,oracle,0.0,True,0.0
172.93475126985774,3.0896019425044092,0.06806591629163417,0.011366309308347589,0.0052972971472438225,0.006069012161103766,40,0,1.0,M1_raw_p2l,vi,281,281,oracle,0.0,True,0.0
154.68876095390462,2.744098930063547,0.031900200530517474,0.011366309308347589,0.00574011291449601,0.005626196393851579,40,0,0.809279545362268,M2_raw_huber,vi,281,281,oracle,0.0,True,0.0
163.7565687326356,3.119720706763607,0.05772450289654775,0.011366309308347589,0.00544866533811568,0.005917643970231909,40,0,1.0,M3_global_corr,vi,281,281,oracle,0.0,True,0.0
113.72005720424738,2.498157800053047,0.04363030765307651,0.011366309308347589,0.006320449914210925,0.005045859394136663,40,0,1.0,M4_patch_corr,vi,281,281,oracle,0.0,True,0.0
61.631369179785445,0.8667363987639087,0.03121043315863209,0.011366309308347589,0.008006638678570691,0.0033596706297768977,40,0,1.0,M5_full_corr,vi,281,281,oracle,0.0,True,0.0
174.49178267631422,4.450530418854756,0.07598345457629052,0.012038659785087337,0.005463714224884532,0.006574945560202806,30,0,1.0,M0_raw_p2p,vi,282,282,oracle,0.0,True,2.1073424255447017e-08
174.50451344753014,4.195859325286343,0.07398022542178208,0.012038659785087337,0.0054998132813333656,0.006538846503753972,40,0,1.0,M1_raw_p2l,vi,282,282,oracle,0.0,True,2.1073424255447017e-08
159.54522834797905,4.02263923089621,0.03356604789616439,0.012038659785087337,0.005952882620393522,0.0060857771646938156,40,0,0.8157864393539144,M2_raw_huber,vi,282,282,oracle,0.0,True,2.1073424255447017e-08
168.1677819325209,4.44982080443961,0.06041300084474803,0.012038659785087337,0.005662009294198907,0.00637665049088843,29,0,1.0,M3_global_corr,vi,282,282,oracle,0.0,True,2.1073424255447017e-08
121.61771371056447,3.6847912738263777,0.04580120863346514,0.012038659785087337,0.006482002868851077,0.005556656916236261,34,0,1.0,M4_patch_corr,vi,282,282,oracle,0.0,True,2.1073424255447017e-08
70.83513817248833,1.2575090340649735,0.03623427632056182,0.012038659785087337,0.008084422893595407,0.0039542368914919305,28,0,1.0,M5_full_corr,vi,282,282,oracle,0.0,True,2.1073424255447017e-08
165.5716985880463,2.899449547349683,0.06435958264676767,0.010213148134669225,0.004652583856719038,0.005560564277950188,40,0,1.0,M0_raw_p2p,vi,283,283,oracle,0.0,True,2.1073424255447017e-08
162.63799552842985,2.2207005751998508,0.06017315283736268,0.010213148134669225,0.00468159435978861,0.005531553774880615,40,0,1.0,M1_raw_p2l,vi,283,283,oracle,0.0,True,2.1073424255447017e-08
153.7430225309828,2.7441522528579108,0.026303288512489562,0.010213148134669225,0.004955272779026443,0.005257875355642782,40,0,0.8267232944869002,M2_raw_huber,vi,283,283,oracle,0.0,True,2.1073424255447017e-08
160.48009374535425,2.901079137088175,0.05069099718640774,0.010213148134669225,0.004844443706529054,0.005368704428140171,40,0,1.0,M3_global_corr,vi,283,283,oracle,0.0,True,2.1073424255447017e-08
112.34296973028125,2.8425180157804717,0.03889483554477844,0.010213148134669225,0.005722465791260832,0.004490682343408393,40,0,1.0,M4_patch_corr,vi,283,283,oracle,0.0,True,2.1073424255447017e-08
56.159446255878905,1.3684465647256687,0.02667096297139013,0.010213148134669225,0.007550899982345808,0.0026622481523234176,40,0,1.0,M5_full_corr,vi,283,283,oracle,0.0,True,2.1073424255447017e-08
165.83326309692848,4.185526721875487,0.0639969194225621,0.010254944532215534,0.004836504183530259,0.005418440348685275,40,0,1.0,M0_raw_p2p,vi,284,284,oracle,0.0,True,1.4901161193847656e-08
160.58766446059212,3.559920228390425,0.06029769043682853,0.010254944532215534,0.004882941500907592,0.005372003031307942,40,0,1.0,M1_raw_p2l,vi,284,284,oracle,0.0,True,1.4901161193847656e-08
151.27940470170515,3.7934033774957254,0.025518837344347716,0.010254944532215534,0.00526211706400283,0.004992827468212704,40,0,0.8161506801117975,M2_raw_huber,vi,284,284,oracle,0.0,True,1.4901161193847656e-08
160.48294131536457,4.185566135516854,0.04903276450385619,0.010254944532215534,0.005034420658388711,0.005220523873826823,40,0,1.0,M3_global_corr,vi,284,284,oracle,0.0,True,1.4901161193847656e-08
114.32275875890674,4.297241733883868,0.038635073653456704,0.010254944532215534,0.005872331142473919,0.004382613389741615,36,0,1.0,M4_patch_corr,vi,284,284,oracle,0.0,True,1.4901161193847656e-08
60.25124992845668,2.0806843418492584,0.02685126256545872,0.010254944532215534,0.007477978547126938,0.002776965985088596,39,0,1.0,M5_full_corr,vi,284,284,oracle,0.0,True,1.4901161193847656e-08
157.10001002110855,3.0208341193346286,0.05643624002420192,0.00892271588746564,0.0040324366692123794,0.004890279218253261,40,0,1.0,M0_raw_p2p,vi,285,285,oracle,0.0,True,0.0
153.90193427120366,2.8784978589761567,0.04806729228414035,0.00892271588746564,0.0040641811127211285,0.004858534774744512,40,0,1.0,M1_raw_p2l,vi,285,285,oracle,0.0,True,0.0
145.77693090376707,2.6482316148368055,0.02591031841464071,0.00892271588746564,0.004251691614204733,0.004671024273260907,40,0,0.8306707024341448,M2_raw_huber,vi,285,285,oracle,0.0,True,0.0
152.5593300225836,3.0228236694133597,0.04501675309026713,0.00892271588746564,0.004233501210219708,0.004689214677245933,40,0,1.0,M3_global_corr,vi,285,285,oracle,0.0,True,0.0
106.70792139144224,2.800699010189771,0.036013580295984796,0.00892271588746564,0.0050825653480567135,0.003840150539408927,40,0,1.0,M4_patch_corr,vi,285,285,oracle,0.0,True,0.0
55.80089666607297,1.6003186311166024,0.02195869234978022,0.00892271588746564,0.006603129983786781,0.002319585903678859,40,0,1.0,M5_full_corr,vi,285,285,oracle,0.0,True,0.0
158.78378838905869,2.5022333616333294,0.05572585147058063,0.009004807321939198,0.003972094986402799,0.005032712335536399,40,0,1.0,M0_raw_p2p,vi,286,286,oracle,0.0,True,0.0
158.8526367773232,2.7511298360609038,0.04772578464224857,0.009004807321939198,0.004008652818902005,0.004996154503037193,15,0,1.0,M1_raw_p2l,vi,286,286,oracle,0.0,True,0.0
148.8047613914013,2.1567989607055416,0.028843184837314653,0.009004807321939198,0.0041540249320632695,0.004850782389875928,40,0,0.8311071568822562,M2_raw_huber,vi,286,286,oracle,0.0,True,0.0
154.7567343353011,2.5042995019697214,0.045749385139188824,0.009004807321939198,0.004161229676396682,0.004843577645542515,40,0,1.0,M3_global_corr,vi,286,286,oracle,0.0,True,0.0
107.13927350863973,2.343807772144943,0.03667478866878914,0.009004807321939198,0.005063411385939145,0.003941395936000053,40,0,1.0,M4_patch_corr,vi,286,286,oracle,0.0,True,0.0
58.85812831216237,1.3332112532453293,0.02256741687202207,0.009004807321939198,0.006555040633027902,0.002449766688911296,40,0,1.0,M5_full_corr,vi,286,286,oracle,0.0,True,0.0
171.05809752922448,4.397638785172063,0.07062824291026093,0.011362851932198681,0.005018249500397359,0.0063446024318013225,40,0,1.0,M0_raw_p2p,vi,287,287,oracle,0.0,True,0.0
172.69796106539874,4.220375222831778,0.07332764557332015,0.011362851932198681,0.0050502072296782245,0.006312644702520457,40,0,1.0,M1_raw_p2l,vi,287,287,oracle,0.0,True,0.0
158.0850038561238,3.939393942947075,0.03531762591094365,0.011362851932198681,0.00532456418252758,0.006038287749671101,40,0,0.8299998302047749,M2_raw_huber,vi,287,287,oracle,0.0,True,0.0
165.35253733140505,4.402558754803179,0.05652216568447258,0.011362851932198681,0.005212385192858294,0.006150466739340387,40,0,1.0,M3_global_corr,vi,287,287,oracle,0.0,True,0.0
118.11070342453257,4.253373808742959,0.04470321383956215,0.011362851932198681,0.006032019765795106,0.005330832166403576,31,0,1.0,M4_patch_corr,vi,287,287,oracle,0.0,True,0.0
74.79257614766837,3.0088216976214768,0.03180069924531085,0.011362851932198681,0.007491708414887065,0.003871143517311616,36,0,1.0,M5_full_corr,vi,287,287,oracle,0.0,True,0.0
171.48020920575064,3.8734597077867363,0.07099326323594,0.01142104883562535,0.005043178603690155,0.006377870231935195,40,0,1.0,M0_raw_p2p,vi,288,288,oracle,0.0,True,0.0
171.40852265816926,3.8983847051718943,0.07262591240104173,0.01142104883562535,0.005080093838176993,0.006340954997448357,40,0,1.0,M1_raw_p2l,vi,288,288,oracle,0.0,True,0.0
157.014585252346,4.25922292998582,0.03376518702355614,0.01142104883562535,0.005256552132216697,0.006164496703408653,14,0,0.8212877619667773,M2_raw_huber,vi,288,288,oracle,0.0,True,0.0
165.89972012125608,3.8774119326915204,0.05711504809726209,0.01142104883562535,0.005230311462833662,0.006190737372791688,40,0,1.0,M3_global_corr,vi,288,288,oracle,0.0,True,0.0
119.03756166459567,3.2020808347754715,0.043157788461368876,0.01142104883562535,0.0060289543444809685,0.005392094491144381,40,0,1.0,M4_patch_corr,vi,288,288,oracle,0.0,True,0.0
77.09996789697313,2.2813162049703717,0.030999210496238914,0.01142104883562535,0.007333152070431916,0.0040878967651934335,31,0,1.0,M5_full_corr,vi,288,288,oracle,0.0,True,0.0
173.00843258092084,4.069751279660671,0.07197708543873851,0.01212072032678869,0.0056274014451576995,0.00649331888163099,40,0,1.0,M0_raw_p2p,vi,289,289,oracle,0.0,True,0.0
175.40581753390384,4.3204109292502135,0.06786820561646298,0.01212072032678869,0.005677445740171981,0.006443274586616709,40,0,1.0,M1_raw_p2l,vi,289,289,oracle,0.0,True,0.0
157.4859362768606,3.005169187141897,0.03494094460586797,0.01212072032678869,0.006050986110691759,0.0060697342160969305,40,0,0.8154831214074559,M2_raw_huber,vi,289,289,oracle,0.0,True,0.0
167.55121122633844,4.0671337464296835,0.059470164396049484,0.01212072032678869,0.0058120115967421095,0.00630870873004658,40,0,1.0,M3_global_corr,vi,289,289,oracle,0.0,True,0.0
119.52419944039063,3.450497511078385,0.04484901868389605,0.01212072032678869,0.006569281573710929,0.00555143875307776,38,0,1.0,M4_patch_corr,vi,289,289,oracle,0.0,True,0.0
80.84614034369054,2.3853242286753025,0.0331748248058638,0.01212072032678869,0.007787331969325648,0.0043333883574630415,33,0,1.0,M5_full_corr,vi,289,289,oracle,0.0,True,0.0
176.14123755856463,4.8036604273259,0.07817935302171639,0.012975423399041503,0.0059518671555289235,0.007023556243512579,31,0,1.0,M0_raw_p2p,vi,290,290,oracle,0.0,True,1.4901161193847656e-08
176.77086027077107,4.667107626578705,0.07755339671598402,0.012975423399041503,0.0060073833304844625,0.00696804006855704,40,0,1.0,M1_raw_p2l,vi,290,290,oracle,0.0,True,1.4901161193847656e-08
162.1776402637298,4.277068544085089,0.03752740676919121,0.012975423399041503,0.0063211558280775754,0.006654267570963927,40,0,0.8169139691088012,M2_raw_huber,vi,290,290,oracle,0.0,True,1.4901161193847656e-08
169.62875190586416,4.804515605963045,0.06455270213947466,0.012975423399041503,0.006140185023698634,0.006835238375342869,28,0,1.0,M3_global_corr,vi,290,290,oracle,0.0,True,1.4901161193847656e-08
123.60720713024126,3.7230592372169458,0.04914007568492053,0.012975423399041503,0.006940112795818468,0.006035310603223034,28,0,1.0,M4_patch_corr,vi,290,290,oracle,0.0,True,1.4901161193847656e-08
84.64295766697799,2.5346486515830815,0.03702721312875414,0.012975423399041503,0.008134832914233376,0.0048405904848081265,33,0,1.0,M5_full_corr,vi,290,290,oracle,0.0,True,1.4901161193847656e-08
174.27115266137977,5.158034084039303,0.07603826089308234,0.01279335870212783,0.006105460425594397,0.006687898276533433,32,0,1.0,M0_raw_p2p,vi,291,291,oracle,0.0,True,0.0
173.04825983178011,5.20200154849394,0.06621705846201162,0.01279335870212783,0.00616087123412122,0.0066324874680066094,40,0,1.0,M1_raw_p2l,vi,291,291,oracle,0.0,True,0.0
159.07139636722283,4.851516622489505,0.03417598812605608,0.01279335870212783,0.006618495501090813,0.006174863201037016,25,0,0.8035803358555469,M2_raw_huber,vi,291,291,oracle,0.0,True,0.0
167.98433326602716,5.1583193385794495,0.06166387111913167,0.01279335870212783,0.006294187560953842,0.006499171141173987,33,0,1.0,M3_global_corr,vi,291,291,oracle,0.0,True,0.0
122.60949465548526,4.485377453104481,0.04660028967742795,0.01279335870212783,0.00709561233434421,0.00569774636778362,40,0,1.0,M4_patch_corr,vi,291,291,oracle,0.0,True,0.0
86.32863415668965,3.393869988698824,0.037868499881656616,0.01279335870212783,0.008069433730496078,0.004723924971631752,40,0,1.0,M5_full_corr,vi,291,291,oracle,0.0,True,0.0
165.91727412863062,3.745568680862332,0.06463945652562528,0.010798898561543382,0.005110036720115625,0.005688861841427757,35,0,1.0,M0_raw_p2p,vi,292,292,oracle,0.0,True,1.4901161193847656e-08
166.06892430454332,3.214660242314656,0.060747739214939825,0.010798898561543382,0.005139599682324047,0.0056592988792193355,40,0,1.0,M1_raw_p2l,vi,292,292,oracle,0.0,True,1.4901161193847656e-08
151.24927204669484,3.483306189313382,0.02882741607676785,0.010798898561543382,0.0057102957685457555,0.005088602792997627,40,0,0.7976860767785272,M2_raw_huber,vi,292,292,oracle,0.0,True,1.4901161193847656e-08
160.78760560803568,3.7460183150818738,0.053273943379917546,0.010798898561543382,0.005293497885077007,0.005505400676466376,35,0,1.0,M3_global_corr,vi,292,292,oracle,0.0,True,1.4901161193847656e-08
115.5858894709985,3.020315489449411,0.038898627752578664,0.010798898561543382,0.0060601200379406545,0.004738778523602728,40,0,1.0,M4_patch_corr,vi,292,292,oracle,0.0,True,1.4901161193847656e-08
76.87755442611753,2.5366465164580188,0.030118456227276384,0.010798898561543382,0.0070285867137616165,0.003770311847781766,29,0,1.0,M5_full_corr,vi,292,292,oracle,0.0,True,1.4901161193847656e-08
159.2311359614502,4.167686565128917,0.0583955984698435,0.009836131630096341,0.004505382557612347,0.005330749072483994,28,0,1.0,M0_raw_p2p,vi,293,293,oracle,0.0,True,0.0
160.1227924456337,3.8714616974598473,0.05507780780503946,0.009836131630096341,0.004537785013105918,0.005298346616990423,40,0,1.0,M1_raw_p2l,vi,293,293,oracle,0.0,True,0.0
148.56935932869794,4.018348608539498,0.02476335147551242,0.009836131630096341,0.004963860053776439,0.0048722715763199025,40,0,0.7905539142201707,M2_raw_huber,vi,293,293,oracle,0.0,True,0.0
154.84034864891146,4.1680413778984455,0.04884523684327874,0.009836131630096341,0.004691439898525611,0.00514469173157073,29,0,1.0,M3_global_corr,vi,293,293,oracle,0.0,True,0.0
112.2042199933669,4.216906066055772,0.03628274818093349,0.009836131630096341,0.005446529700133539,0.004389601929962802,33,0,1.0,M4_patch_corr,vi,293,293,oracle,0.0,True,0.0
75.10402873166107,3.4101734019771395,0.027839777292151115,0.009836131630096341,0.00637105533184209,0.0034650762982542513,34,0,1.0,M5_full_corr,vi,293,293,oracle,0.0,True,0.0
154.2334710388763,3.1332934107359525,0.052788172403752436,0.008991357608200882,0.004286798540637251,0.004704559067563631,40,0,1.0,M0_raw_p2p,vi,294,294,oracle,0.0,True,0.0
155.0093526973706,2.8815178812777025,0.04399530766358269,0.008991357608200882,0.004301895444491017,0.004689462163709865,40,0,1.0,M1_raw_p2l,vi,294,294,oracle,0.0,True,0.0
141.96583576127173,2.738995947872291,0.022131141122539187,0.008991357608200882,0.004788093625545132,0.00420326398265575,40,0,0.7854553202061542,M2_raw_huber,vi,294,294,oracle,0.0,True,0.0
150.5859992143284,3.13329341073596,0.04624809488986179,0.008991357608200882,0.004470132841305086,0.004521224766895796,40,0,1.0,M3_global_corr,vi,294,294,oracle,0.0,True,0.0
109.6361057165285,4.157174486838262,0.0352773766577941,0.008991357608200882,0.005150521469909519,0.003840836138291363,40,0,1.0,M4_patch_corr,vi,294,294,oracle,0.0,True,0.0
68.60370425614441,3.206772654286971,0.02579618198286315,0.008991357608200882,0.006092085999522675,0.002899271608678207,27,0,1.0,M5_full_corr,vi,294,294,oracle,0.0,True,0.0
159.51733986491897,3.9858667097025817,0.05711706553939369,0.009507356843623978,0.004376282596554727,0.005131074247069251,38,0,1.0,M0_raw_p2p,vi,295,295,oracle,0.0,True,2.1073424255447017e-08
155.50442719442506,3.5361832583666124,0.04905621225293248,0.009507356843623978,0.0044311406149011075,0.00507621622872287,40,0,1.0,M1_raw_p2l,vi,295,295,oracle,0.0,True,2.1073424255447017e-08
148.29362805108332,3.3492209285419015,0.024222484750264825,0.009507356843623978,0.0048515872799886626,0.004655769563635315,40,0,0.7876686194305964,M2_raw_huber,vi,295,295,oracle,0.0,True,2.1073424255447017e-08
155.80022169571,3.985866709702595,0.0499718907097665,0.009507356843623978,0.004557073843169171,0.004950283000454807,38,0,1.0,M3_global_corr,vi,295,295,oracle,0.0,True,2.1073424255447017e-08
116.2040400179282,4.555136975743403,0.03917727130222437,0.009507356843623978,0.005247725136767688,0.0042596317068562895,40,0,1.0,M4_patch_corr,vi,295,295,oracle,0.0,True,2.1073424255447017e-08
72.51415497480727,3.266886176080664,0.030369065109551913,0.009507356843623978,0.00621785724207871,0.003289499601545268,28,0,1.0,M5_full_corr,vi,295,295,oracle,0.0,True,2.1073424255447017e-08
165.15891266490954,4.703030534249073,0.05915264194100044,0.009625898259891436,0.00428188264357878,0.005344015616312655,34,0,1.0,M0_raw_p2p,vi,296,296,oracle,0.0,True,1.4901161193847656e-08
164.7452976474105,4.945905126131406,0.0529277751991565,0.009625898259891436,0.004305391766397477,0.005320506493493958,40,0,1.0,M1_raw_p2l,vi,296,296,oracle,0.0,True,1.4901161193847656e-08
154.3151453587438,4.281311400829811,0.025120060682703917,0.009625898259891436,0.004709864558910037,0.004916033700981398,40,0,0.792451829654821,M2_raw_huber,vi,296,296,oracle,0.0,True,1.4901161193847656e-08
161.08662138126851,4.702144842733266,0.05004520263828163,0.009625898259891436,0.004461617128136928,0.005164281131754507,34,0,1.0,M3_global_corr,vi,296,296,oracle,0.0,True,1.4901161193847656e-08
118.93640722684046,5.1159848297134305,0.03819657994906145,0.009625898259891436,0.005155447715231761,0.004470450544659675,35,0,1.0,M4_patch_corr,vi,296,296,oracle,0.0,True,1.4901161193847656e-08
77.81890146232304,4.062412724577884,0.03092807206063755,0.009625898259891436,0.006056115269520255,0.0035697829903711805,40,0,1.0,M5_full_corr,vi,296,296,oracle,0.0,True,1.4901161193847656e-08
166.9593868323557,3.9644416050079805,0.05841467049052745,0.009693996398300648,0.0044431591944202875,0.00525083720388036,40,0,1.0,M0_raw_p2p,vi,297,297,oracle,0.0,True,0.0
165.67177654408647,3.820857762533843,0.04845261878015606,0.009693996398300648,0.004460369716365686,0.0052336266819349615,40,0,1.0,M1_raw_p2l,vi,297,297,oracle,0.0,True,0.0
154.80261026932078,3.2884868380767287,0.0276831494573226,0.009693996398300648,0.004841047738839329,0.004852948659461318,40,0,0.7968654826764159,M2_raw_huber,vi,297,297,oracle,0.0,True,0.0
163.3588126509155,3.9652619386469463,0.04912437714041866,0.009693996398300648,0.00463063239674545,0.005063364001555198,40,0,1.0,M3_global_corr,vi,297,297,oracle,0.0,True,0.0
120.51008873658961,4.112406761288646,0.03618545253566215,0.009693996398300648,0.005369602621967651,0.004324393776332996,40,0,1.0,M4_patch_corr,vi,297,297,oracle,0.0,True,0.0
77.20263535645603,2.904260086429263,0.027931501120552888,0.009693996398300648,0.006316486605209205,0.0033775097930914422,31,0,1.0,M5_full_corr,vi,297,297,oracle,0.0,True,0.0
169.93148012513444,4.104807568912924,0.0660147596194289,0.01099416928761237,0.005243984947819284,0.005750184339793085,40,0,1.0,M0_raw_p2p,vi,298,298,oracle,0.0,True,0.0
168.75602472052262,4.030784479728427,0.059802045186369536,0.01099416928761237,0.005292570755922735,0.005701598531689635,40,0,1.0,M1_raw_p2l,vi,298,298,oracle,0.0,True,0.0
156.46163193080122,3.0982504518267064,0.030900040507426167,0.01099416928761237,0.005789032433404322,0.005205136854208047,40,0,0.8083842456989906,M2_raw_huber,vi,298,298,oracle,0.0,True,0.0
165.21439181150825,4.106440584719645,0.053606996779651514,0.01099416928761237,0.005443307523184389,0.005550861764427981,40,0,1.0,M3_global_corr,vi,298,298,oracle,0.0,True,0.0
124.46202840060567,3.7342670949538417,0.03874972418468089,0.01099416928761237,0.006097852342051924,0.004896316945560445,40,0,1.0,M4_patch_corr,vi,298,298,oracle,0.0,True,0.0
82.83923328604587,2.3656775470156326,0.03253803948572451,0.01099416928761237,0.00706058633438468,0.003933582953227689,38,0,1.0,M5_full_corr,vi,298,298,oracle,0.0,True,0.0
174.83160258803946,4.9129443853169175,0.06721061076674285,0.010879933781116116,0.004967406162983352,0.005912527618132764,40,0,1.0,M0_raw_p2p,vi,299,299,oracle,0.0,True,0.0
173.46314764575584,5.073518425544157,0.0637671706477721,0.010879933781116116,0.005010010921313536,0.0058699228598025795,40,0,1.0,M1_raw_p2l,vi,299,299,oracle,0.0,True,0.0
160.48123206801984,4.2432484419000005,0.029466716076410195,0.010879933781116116,0.005482246729291085,0.005397687051825031,40,0,0.804511186621411,M2_raw_huber,vi,299,299,oracle,0.0,True,0.0
170.12544041351657,4.917463916503074,0.05398942226201455,0.010879933781116116,0.005165908868883042,0.005714024912233074,40,0,1.0,M3_global_corr,vi,299,299,oracle,0.0,True,0.0
128.24201275163702,4.486485505351045,0.03894197155761225,0.010879933781116116,0.0058463851484742224,0.005033548632641893,40,0,1.0,M4_patch_corr,vi,299,299,oracle,0.0,True,0.0
88.06925704509925,3.2560886365004706,0.034926260675571356,0.010879933781116116,0.006714059189210532,0.0041658745919055835,40,0,1.0,M5_full_corr,vi,299,299,oracle,0.0,True,0.0
173.27841526841158,4.0326235440912965,0.0643841306788218,0.01126322266258408,0.005380179495865995,0.005883043166718085,40,0,1.0,M0_raw_p2p,vi,300,300,oracle,0.0,True,0.0
170.96349780323325,3.5965866587330564,0.056741268355250035,0.01126322266258408,0.005433403919360916,0.005829818743223163,40,0,1.0,M1_raw_p2l,vi,300,300,oracle,0.0,True,0.0
156.63643118648685,3.2285932124258037,0.02901788633958243,0.01126322266258408,0.006063459537901254,0.005199763124682825,40,0,0.7951617971015013,M2_raw_huber,vi,300,300,oracle,0.0,True,0.0
168.70078319839524,4.028304865704869,0.05395009504790951,0.01126322266258408,0.005566259424619175,0.005696963237964904,40,0,1.0,M3_global_corr,vi,300,300,oracle,0.0,True,0.0
128.49812194220308,4.201806276961587,0.039250992032087186,0.01126322266258408,0.006213284650590367,0.005049938011993713,35,0,1.0,M4_patch_corr,vi,300,300,oracle,0.0,True,0.0
87.08006627932993,3.013742787604466,0.03395177038947393,0.01126322266258408,0.007177185033072086,0.004086037629511994,34,0,1.0,M5_full_corr,vi,300,300,oracle,0.0,True,0.0
167.310165979794,3.114341374188799,0.06438678052277176,0.010673273839059354,0.0050155320176313856,0.005657741821427968,40,0,1.0,M0_raw_p2p,vi,301,301,oracle,0.0,True,2.1073424255447017e-08
165.34665168045345,2.7234234155904775,0.05536953721315909,0.010673273839059354,0.005062146010730472,0.005611127828328882,40,0,1.0,M1_raw_p2l,vi,301,301,oracle,0.0,True,2.1073424255447017e-08
153.6266381050139,2.5412207107294726,0.02991222419137301,0.010673273839059354,0.005554799239404347,0.005118474599655007,40,0,0.8029944500607401,M2_raw_huber,vi,301,301,oracle,0.0,True,2.1073424255447017e-08
162.55849418849328,3.11309240233164,0.05338051549798265,0.010673273839059354,0.005199552996166216,0.005473720842893138,40,0,1.0,M3_global_corr,vi,301,301,oracle,0.0,True,2.1073424255447017e-08
121.454556259476,3.211959350645384,0.039034148842404484,0.010673273839059354,0.00586919046927875,0.0048040833697806035,40,0,1.0,M4_patch_corr,vi,301,301,oracle,0.0,True,2.1073424255447017e-08
81.36613743631561,2.518551884634253,0.032499361507138044,0.010673273839059354,0.0068609183008042154,0.0038123555382551383,26,0,1.0,M5_full_corr,vi,301,301,oracle,0.0,True,2.1073424255447017e-08
166.8503087931298,3.9389760988939484,0.06374048063567599,0.010659878539869818,0.004961657900629821,0.005698220639239997,33,0,1.0,M0_raw_p2p,vi,302,302,oracle,0.0,True,0.0
163.23863612975924,2.8155305040863925,0.061251251313085384,0.010659878539869818,0.005007984642160319,0.0056518938977094995,40,0,1.0,M1_raw_p2l,vi,302,302,oracle,0.0,True,0.0
154.34574215941146,3.7870934481461576,0.025965746741919957,0.010659878539869818,0.005446152079487854,0.0052137264603819644,40,0,0.8085290610516093,M2_raw_huber,vi,302,302,oracle,0.0,True,0.0
161.67324359261,3.934501704972099,0.05222738278140635,0.010659878539869818,0.005136613118119242,0.005523265421750577,32,0,1.0,M3_global_corr,vi,302,302,oracle,0.0,True,0.0
122.68821142542942,4.8665180828990735,0.03753866441841373,0.010659878539869818,0.005784742156923635,0.004875136382946183,37,0,1.0,M4_patch_corr,vi,302,302,oracle,0.0,True,0.0
84.18672800812232,4.316450290857404,0.031918458994208775,0.010659878539869818,0.006744261386712268,0.003915617153157551,40,0,1.0,M5_full_corr,vi,302,302,oracle,0.0,True,0.0
163.45474572980507,3.499655119320381,0.06404827913327703,0.010577035144028317,0.005016459358387835,0.005560575785640482,40,0,1.0,M0_raw_p2p,vi,303,303,oracle,0.0,True,1.4901161193847656e-08
160.8518425152961,2.6590196656882776,0.05322170240210706,0.010577035144028317,0.005054872277215253,0.005522162866813065,40,0,1.0,M1_raw_p2l,vi,303,303,oracle,0.0,True,1.4901161193847656e-08
149.40850083419664,3.3606372880440984,0.027111454678773746,0.010577035144028317,0.005552500392933638,0.005024534751094679,40,0,0.809673165433172,M2_raw_huber,vi,303,303,oracle,0.0,True,1.4901161193847656e-08
158.1154158346977,3.4997477107547694,0.05259953156984524,0.010577035144028317,0.005200841327927058,0.005376193816101259,40,0,1.0,M3_global_corr,vi,303,303,oracle,0.0,True,1.4901161193847656e-08
120.60550922957816,4.402146650955444,0.03765498684811239,0.010577035144028317,0.005791707795076007,0.00478532734895231,32,0,1.0,M4_patch_corr,vi,303,303,oracle,0.0,True,1.4901161193847656e-08
77.90187702303106,2.824663452018723,0.031959109521470214,0.010577035144028317,0.006848619256775465,0.0037284158872528525,40,0,1.0,M5_full_corr,vi,303,303,oracle,0.0,True,1.4901161193847656e-08
158.11114558873066,2.735103443448227,0.05871469317468481,0.009848520940106114,0.00470722942600876,0.005141291514097354,40,0,1.0,M0_raw_p2p,vi,304,304,oracle,0.0,True,1.4901161193847656e-08
155.43694887587355,1.8726063708015104,0.0562923654242459,0.009848520940106114,0.004742907996568666,0.005105612943537448,40,0,1.0,M1_raw_p2l,vi,304,304,oracle,0.0,True,1.4901161193847656e-08
145.5773090622963,2.2092979839089306,0.023779233249680804,0.009848520940106114,0.005185329539405503,0.004663191400700611,40,0,0.7964554665948511,M2_raw_huber,vi,304,304,oracle,0.0,True,1.4901161193847656e-08
153.7239413196764,2.7345746632844614,0.0497996369604087,0.009848520940106114,0.004879963893224049,0.004968557046882065,40,0,1.0,M3_global_corr,vi,304,304,oracle,0.0,True,1.4901161193847656e-08
116.31091497842665,3.953210874509966,0.03778641957976453,0.009848520940106114,0.005504680502497843,0.004343840437608271,40,0,1.0,M4_patch_corr,vi,304,304,oracle,0.0,True,1.4901161193847656e-08
73.0727544645761,2.6201763362166015,0.03010990245136135,0.009848520940106114,0.006575530706792132,0.0032729902333139818,40,0,1.0,M5_full_corr,vi,304,304,oracle,0.0,True,1.4901161193847656e-08
165.33065612602093,4.050060752918694,0.060474739346607374,0.010672477577676944,0.004885662067760227,0.005786815509916717,40,0,1.0,M0_raw_p2p,vi,305,305,oracle,0.0,True,0.0
167.23776833231534,4.134909696960291,0.05279580380785283,0.010672477577676944,0.004935714101945964,0.00573676347573098,40,0,1.0,M1_raw_p2l,vi,305,305,oracle,0.0,True,0.0
152.19391847917694,3.5623620564010965,0.03015480042972816,0.010672477577676944,0.005523098712541198,0.0051493788651357465,40,0,0.7823067063842569,M2_raw_huber,vi,305,305,oracle,0.0,True,0.0
160.50198580053512,4.0550345874436955,0.05339284638250214,0.010672477577676944,0.005051079791644774,0.00562139778603217,40,0,1.0,M3_global_corr,vi,305,305,oracle,0.0,True,0.0
124.37994957199464,5.369972929129601,0.04170740279913855,0.010672477577676944,0.005626533264596615,0.005045944313080329,40,0,1.0,M4_patch_corr,vi,305,305,oracle,0.0,True,0.0
84.58500588290347,3.630353074489021,0.033708586494750364,0.010672477577676944,0.006608106601939608,0.004064370975737336,40,0,1.0,M5_full_corr,vi,305,305,oracle,0.0,True,0.0
165.99884288179572,3.9102236866477478,0.06051340264232283,0.010427418485062317,0.004610730746826437,0.0058166877382358805,40,0,1.0,M0_raw_p2p,vi,306,306,oracle,0.0,True,0.0
167.1439864935645,3.7046250934555602,0.058916240586672976,0.010427418485062317,0.00466005867144301,0.005767359813619308,40,0,1.0,M1_raw_p2l,vi,306,306,oracle,0.0,True,0.0
153.44715966576445,3.080578651323371,0.03301543312002699,0.010427418485062317,0.005226357576330741,0.0052010609087315765,40,0,0.7742016363613757,M2_raw_huber,vi,306,306,oracle,0.0,True,0.0
161.7824068007823,3.9096015603624803,0.05662960351312419,0.010427418485062317,0.0047714132429579085,0.005656005242104409,40,0,1.0,M3_global_corr,vi,306,306,oracle,0.0,True,0.0
124.97872312256057,5.053424080210986,0.042707070243932325,0.010427418485062317,0.005369232651163539,0.005058185833898779,40,0,1.0,M4_patch_corr,vi,306,306,oracle,0.0,True,0.0
85.06061779420409,3.590885828174151,0.033323257673442234,0.010427418485062317,0.006368862219428457,0.004058556265633861,40,0,1.0,M5_full_corr,vi,306,306,oracle,0.0,True,0.0
171.92132600705872,5.142376369072396,0.06952355076306038,0.011643180246673714,0.005129801887533391,0.006513378359140323,26,0,1.0,M0_raw_p2p,vi,307,307,oracle,0.0,True,1.4901161193847656e-08
176.44981067478167,5.438885117530275,0.06452506818797098,0.011643180246673714,0.0051843808999587114,0.0064587993467150025,40,0,1.0,M1_raw_p2l,vi,307,307,oracle,0.0,True,1.4901161193847656e-08
157.60810310686782,4.280086878991827,0.03401528447167248,0.011643180246673714,0.005867858372879963,0.005775321873793751,40,0,0.7846344073704679,M2_raw_huber,vi,307,307,oracle,0.0,True,1.4901161193847656e-08
166.26491075351404,5.154451916631286,0.060972816145034074,0.011643180246673714,0.00529192258510295,0.006351257661570764,26,0,1.0,M3_global_corr,vi,307,307,oracle,0.0,True,1.4901161193847656e-08
128.13355835533326,5.851495748398619,0.04486070349231645,0.011643180246673714,0.00590608371902861,0.0057370965276451035,33,0,1.0,M4_patch_corr,vi,307,307,oracle,0.0,True,1.4901161193847656e-08
91.07873437148491,4.592256124555078,0.03448436983129856,0.011643180246673714,0.006863471515062206,0.004779708731611508,37,0,1.0,M5_full_corr,vi,307,307,oracle,0.0,True,1.4901161193847656e-08
168.59092057530876,3.8948515832069384,0.06832746965889316,0.010840047332519065,0.004656231037261652,0.006183816295257412,40,0,1.0,M0_raw_p2p,vi,308,308,oracle,0.0,True,2.1073424255447017e-08
170.73914675916433,3.7829168427964746,0.06354224704702087,0.010840047332519065,0.004693247901091361,0.006146799431427704,40,0,1.0,M1_raw_p2l,vi,308,308,oracle,0.0,True,2.1073424255447017e-08
156.8262192957856,3.2840594604846958,0.033444310634783765,0.010840047332519065,0.0051125611329555995,0.005727486199563465,40,0,0.8032257428563097,M2_raw_huber,vi,308,308,oracle,0.0,True,2.1073424255447017e-08
163.37603685662683,3.896809636129615,0.060035522909205954,0.010840047332519065,0.004827147501930396,0.0060128998305886685,40,0,1.0,M3_global_corr,vi,308,308,oracle,0.0,True,2.1073424255447017e-08
126.10511825872537,4.967276224802801,0.0417945524182291,0.010840047332519065,0.005484604268167204,0.00535544306435186,36,0,1.0,M4_patch_corr,vi,308,308,oracle,0.0,True,2.1073424255447017e-08
89.55128617997217,3.4956969127983113,0.03081039329790651,0.010840047332519065,0.006387834733555922,0.004452212598963143,38,0,1.0,M5_full_corr,vi,308,308,oracle,0.0,True,2.1073424255447017e-08
174.3921906232281,4.574058985511761,0.07179726052314576,0.011765286335784062,0.005087311325653147,0.006677975010130914,38,0,1.0,M0_raw_p2p,vi,309,309,oracle,0.0,True,1.4901161193847656e-08
172.2764951941722,3.850962488555461,0.06477909719049335,0.011765286335784062,0.005129126560589754,0.006636159775194308,22,0,1.0,M1_raw_p2l,vi,309,309,oracle,0.0,True,1.4901161193847656e-08
161.27879446248835,4.109867394229468,0.034600533710976836,0.011765286335784062,0.005614294307227424,0.006150992028556638,40,0,0.7980660960892412,M2_raw_huber,vi,309,309,oracle,0.0,True,1.4901161193847656e-08
168.92550003421454,4.573053484693275,0.062099118276976326,0.011765286335784062,0.005255816829972813,0.006509469505811249,38,0,1.0,M3_global_corr,vi,309,309,oracle,0.0,True,1.4901161193847656e-08
132.53289000463974,5.106482390542901,0.04386207485656754,0.011765286335784062,0.005884404933287919,0.0058808814024961424,40,0,1.0,M4_patch_corr,vi,309,309,oracle,0.0,True,1.4901161193847656e-08
97.17980731365427,4.195015232925888,0.03066399742955998,0.011765286335784062,0.006851178930491263,0.0049141074052927985,40,0,1.0,M5_full_corr,vi,309,309,oracle,0.0,True,1.4901161193847656e-08
174.0074545379087,5.361564184275831,0.07228178333085729,0.01126345398388337,0.0047407539317991226,0.006522700052084248,38,0,1.0,M0_raw_p2p,vi,310,310,oracle,0.0,True,0.0
172.5078599108797,4.524527857400212,0.06610389597344045,0.01126345398388337,0.004774187857092871,0.0064892661267905,40,0,1.0,M1_raw_p2l,vi,310,310,oracle,0.0,True,0.0
161.63383074018242,4.756387068029556,0.03407032182528267,0.01126345398388337,0.00521359650862217,0.006049857475261201,40,0,0.8030838105340662,M2_raw_huber,vi,310,310,oracle,0.0,True,0.0
168.4274286958687,5.361157056308351,0.060856902421220875,0.01126345398388337,0.004914505252930828,0.0063489487309525425,39,0,1.0,M3_global_corr,vi,310,310,oracle,0.0,True,0.0
129.2851678245824,5.694367469882638,0.0418628501900686,0.01126345398388337,0.005558267566887313,0.005705186416996058,31,0,1.0,M4_patch_corr,vi,310,310,oracle,0.0,True,0.0
98.9979639482123,4.980127294842751,0.030071756703482642,0.01126345398388337,0.006298472611016101,0.0049649813728672694,40,0,1.0,M5_full_corr,vi,310,310,oracle,0.0,True,0.0
172.592187034783,4.1414772378422,0.07169942729934044,0.011695825980006472,0.005499366187109109,0.006196459792897363,40,0,1.0,M0_raw_p2p,vi,311,311,oracle,0.0,True,1.4901161193847656e-08
169.97955445556983,3.253350261535499,0.06936136889932176,0.011695825980006472,0.00554886004949651,0.0061469659305099615,40,0,1.0,M1_raw_p2l,vi,311,311,oracle,0.0,True,1.4901161193847656e-08
159.42116135974567,3.6885767722089837,0.03209565637745395,0.011695825980006472,0.005932651122272753,0.0057631748577337185,40,0,0.8147209668954855,M2_raw_huber,vi,311,311,oracle,0.0,True,1.4901161193847656e-08
166.81520088834813,4.139087678686116,0.05815447075726139,0.011695825980006472,0.005688809020138351,0.006007016959868121,40,0,1.0,M3_global_corr,vi,311,311,oracle,0.0,True,1.4901161193847656e-08
127.30320036949685,4.447970756936301,0.039229579561220154,0.011695825980006472,0.00629682761635429,0.005398998363652182,40,0,1.0,M4_patch_corr,vi,311,311,oracle,0.0,True,1.4901161193847656e-08
98.5466248400473,3.342891399202167,0.02536875885891949,0.011695825980006472,0.00700959143076691,0.004686234549239562,40,0,1.0,M5_full_corr,vi,311,311,oracle,0.0,True,1.4901161193847656e-08
171.88605070046552,4.723690270889762,0.07228209151858851,0.01121032627834148,0.0051461151116794085,0.006064211166662071,35,0,1.0,M0_raw_p2p,vi,312,312,oracle,0.0,True,1.4901161193847656e-08
171.89062093596343,4.188526843180424,0.07336800151379835,0.01121032627834148,0.005186719730969886,0.006023606547371593,40,0,1.0,M1_raw_p2l,vi,312,312,oracle,0.0,True,1.4901161193847656e-08
158.68028400179335,4.642570888500007,0.03239788068198902,0.01121032627834148,0.005493090694165449,0.005717235584176031,40,0,0.8198722858641351,M2_raw_huber,vi,312,312,oracle,0.0,True,1.4901161193847656e-08
166.1411186206139,4.72017484819343,0.056513243252281596,0.01121032627834148,0.0053441721706683955,0.005866154107673084,34,0,1.0,M3_global_corr,vi,312,312,oracle,0.0,True,1.4901161193847656e-08
126.40922151445336,5.434181244442554,0.036883520924908285,0.01121032627834148,0.005921696586894985,0.005288629691446495,31,0,1.0,M4_patch_corr,vi,312,312,oracle,0.0,True,1.4901161193847656e-08
101.8410045984244,3.8904811110027353,0.023986056570669954,0.01121032627834148,0.006537513990025587,0.004672812288315893,40,0,1.0,M5_full_corr,vi,312,312,oracle,0.0,True,1.4901161193847656e-08
165.0725285519483,3.79174452535588,0.0650435242755962,0.009592177841845835,0.004198094156554696,0.005394083685291139,40,0,1.0,M0_raw_p2p,vi,313,313,oracle,0.0,True,0.0
166.07567338452057,3.254861356918711,0.06086120342865177,0.009592177841845835,0.004228919366138686,0.005363258475707149,40,0,1.0,M1_raw_p2l,vi,313,313,oracle,0.0,True,0.0
154.56520269248608,3.538771333812304,0.030825858521201156,0.009592177841845835,0.0043973939008916905,0.005194783940954144,40,0,0.8261310009251897,M2_raw_huber,vi,313,313,oracle,0.0,True,0.0
160.23704235328543,3.7888111788955903,0.05069611822650282,0.009592177841845835,0.00440191017408751,0.0051902676677583245,40,0,1.0,M3_global_corr,vi,313,313,oracle,0.0,True,0.0
124.27491884981656,3.9505140398333243,0.030829610408402913,0.009592177841845835,0.0049517728675771405,0.004640404974268694,40,0,1.0,M4_patch_corr,vi,313,313,oracle,0.0,True,0.0
88.29898204547914,1.1902231625706372,0.01987922942675295,0.009592177841845835,0.005790456370897045,0.0038017214709487896,40,0,1.0,M5_full_corr,vi,313,313,oracle,0.0,True,0.0
170.51316487948654,3.8520614596680525,0.06728614704913638,0.010248127079309015,0.004437809627315179,0.005810317451993836,40,0,1.0,M0_raw_p2p,vi,314,314,oracle,0.0,True,1.4901161193847656e-08
171.7884506540152,3.765165211068757,0.06190123140135285,0.010248127079309015,0.004465866733858466,0.005782260345450549,40,0,1.0,M1_raw_p2l,vi,314,314,oracle,0.0,True,1.4901161193847656e-08
158.53563902168074,3.3299018245095438,0.03448401316804259,0.010248127079309015,0.0046957620225244025,0.005552365056784613,40,0,0.8241289426842748,M2_raw_huber,vi,314,314,oracle,0.0,True,1.4901161193847656e-08
165.63903199306304,3.8512407833459648,0.054268560114802,0.010248127079309015,0.004641301081971056,0.005606825997337959,40,0,1.0,M3_global_corr,vi,314,314,oracle,0.0,True,1.4901161193847656e-08
131.06146661339312,3.761398697804496,0.03499116465358872,0.010248127079309015,0.005169786865990617,0.005078340213318398,40,0,1.0,M4_patch_corr,vi,314,314,oracle,0.0,True,1.4901161193847656e-08
95.85813071380883,1.1956971765257072,0.02425865107319281,0.010248127079309015,0.0059777410090257116,0.004270386070283304,40,0,1.0,M5_full_corr,vi,314,314,oracle,0.0,True,1.4901161193847656e-08
174.7263179279266,4.321842621350403,0.07199511946191038,0.011474077876541542,0.00510875966320674,0.006365318213334802,40,0,1.0,M0_raw_p2p,vi,315,315,oracle,0.0,True,0.0
175.4895523630509,4.289986370260673,0.0635169290726084,0.011474077876541542,0.005152095646038291,0.0063219822305032505,40,0,1.0,M1_raw_p2l,vi,315,315,oracle,0.0,True,0.0
161.32733384595838,3.3281820012499224,0.038737962133644124,0.011474077876541542,0.005425352091467357,0.006048725785074185,40,0,0.8208202382300568,M2_raw_huber,vi,315,315,oracle,0.0,True,0.0
169.33509301041403,4.318078069770138,0.05842313742605392,0.011474077876541542,0.005306805651768104,0.006167272224773437,40,0,1.0,M3_global_corr,vi,315,315,oracle,0.0,True,0.0
135.4000724806328,3.538524056471815,0.0374722965630976,0.011474077876541542,0.005802879055230484,0.005671198821311058,40,0,1.0,M4_patch_corr,vi,315,315,oracle,0.0,True,0.0
103.67061715021957,0.5848102980939461,0.027570678663886572,0.011474077876541542,0.006648748291280479,0.004825329585261062,40,0,1.0,M5_full_corr,vi,315,315,oracle,0.0,True,0.0
180.83454129646958,5.800503391430165,0.077828152700637,0.01261977472381549,0.005555730795460988,0.0070640439283545025,30,0,1.0,M0_raw_p2p,vi,316,316,oracle,0.0,True,0.0
180.89216770924673,5.994809517719249,0.07753328725671169,0.01261977472381549,0.005613343232718917,0.007006431491096574,14,0,1.0,M1_raw_p2l,vi,316,316,oracle,0.0,True,0.0
166.2483412260992,4.938211935235288,0.03898844892083027,0.01261977472381549,0.005943084237381186,0.006676690486434304,32,0,0.8173748702638095,M2_raw_huber,vi,316,316,oracle,0.0,True,0.0
174.61078368816317,5.7999721192331055,0.06309928160593897,0.01261977472381549,0.00574608975517118,0.00687368496864431,31,0,1.0,M3_global_corr,vi,316,316,oracle,0.0,True,0.0
139.4561465812657,5.734590682119768,0.04204428810050308,0.01261977472381549,0.006251114043408643,0.006368660680406847,30,0,1.0,M4_patch_corr,vi,316,316,oracle,0.0,True,0.0
106.16489331057312,2.3546719603524933,0.03146805443420871,0.01261977472381549,0.0072704862549072,0.0053492884689082905,40,0,1.0,M5_full_corr,vi,316,316,oracle,0.0,True,0.0
181.7616946850981,5.455316489172315,0.0782573415358513,0.012864944882366917,0.0057726105488118806,0.0070923343335550365,40,0,1.0,M0_raw_p2p,vi,317,317,oracle,0.0,True,2.580956827951785e-08
183.56333966652994,5.161610211007438,0.06817281085037924,0.012864944882366917,0.005830346751582182,0.007034598130784735,40,0,1.0,M1_raw_p2l,vi,317,317,oracle,0.0,True,2.580956827951785e-08
165.66429029133815,4.672347531242207,0.03811085330880421,0.012864944882366917,0.006162107643903713,0.006702837238463204,40,0,0.8081535166777888,M2_raw_huber,vi,317,317,oracle,0.0,True,2.580956827951785e-08
175.59619873101653,5.455316489172315,0.06445357945575766,0.012864944882366917,0.005964439356421457,0.00690050552594546,40,0,1.0,M3_global_corr,vi,317,317,oracle,0.0,True,2.580956827951785e-08
141.44553120132565,4.773802547716223,0.04267717540219059,0.012864944882366917,0.006446008883471774,0.006418935998895143,40,0,1.0,M4_patch_corr,vi,317,317,oracle,0.0,True,2.580956827951785e-08
111.22923710312966,2.2845459341653753,0.03352752670108424,0.012864944882366917,0.0072886126861577884,0.005576332196209129,40,0,1.0,M5_full_corr,vi,317,317,oracle,0.0,True,2.580956827951785e-08
180.80941721024192,5.028036628607429,0.07956973649063613,0.013515793657975532,0.006433788857672851,0.00708200480030268,40,0,1.0,M0_raw_p2p,vi,318,318,oracle,0.0,True,0.0
183.88171457156378,4.901188852047088,0.0752511048894477,0.013515793657975532,0.00651565768124832,0.0070001359767272115,40,0,1.0,M1_raw_p2l,vi,318,318,oracle,0.0,True,0.0
164.62419825580528,4.1323241474616115,0.03691561993815613,0.013515793657975532,0.006993894649670335,0.006521899008305196,40,0,0.8056722148264116,M2_raw_huber,vi,318,318,oracle,0.0,True,0.0
174.27827349798028,5.027929174734265,0.06441435805003255,0.013515793657975532,0.006629978309699535,0.006885815348275997,40,0,1.0,M3_global_corr,vi,318,318,oracle,0.0,True,0.0
140.7638199752554,4.485229544860952,0.043181357694288956,0.013515793657975532,0.007155857841758709,0.006359935816216823,40,0,1.0,M4_patch_corr,vi,318,318,oracle,0.0,True,0.0
108.49470948087861,2.4304369112813604,0.03523404594317988,0.013515793657975532,0.008079212124051273,0.005436581533924258,40,0,1.0,M5_full_corr,vi,318,318,oracle,0.0,True,0.0
179.8432803735201,4.436061319170383,0.07987409504445261,0.013279811500964784,0.006279433099505461,0.007000378401459323,40,0,1.0,M0_raw_p2p,vi,319,319,oracle,0.0,True,0.0
183.469644229364,4.218746185921041,0.08037856235822807,0.013279811500964784,0.00636239831753607,0.006917413183428714,40,0,1.0,M1_raw_p2l,vi,319,319,oracle,0.0,True,0.0
163.52231667124747,3.8145288730665836,0.038919729640819786,0.013279811500964784,0.006826136348448669,0.006453675152516115,40,0,0.8196700681273633,M2_raw_huber,vi,319,319,oracle,0.0,True,0.0
173.19026903291436,4.440104837179035,0.06437596872741395,0.013279811500964784,0.006471361677795804,0.00680844982316898,40,0,1.0,M3_global_corr,vi,319,319,oracle,0.0,True,0.0
142.4875665188782,3.952522848131872,0.04263546205445749,0.013279811500964784,0.006973315934500066,0.0063064955664647185,40,0,1.0,M4_patch_corr,vi,319,319,oracle,0.0,True,0.0
108.1238368801722,1.7813075276554797,0.03318331039680403,0.013279811500964784,0.007984408676118701,0.005295402824846083,40,0,1.0,M5_full_corr,vi,319,319,oracle,0.0,True,0.0
177.5215198557649,3.561990597351169,0.07803215775698599,0.013390167312070515,0.006556859094451411,0.006833308217619104,40,0,1.0,M0_raw_p2p,vi,320,320,oracle,0.0,True,2.1073424255447017e-08
178.85661872282498,2.9260840162026267,0.07717079250654207,0.013390167312070515,0.006666635218291606,0.006723532093778909,40,0,1.0,M1_raw_p2l,vi,320,320,oracle,0.0,True,2.1073424255447017e-08
160.17169089177293,2.8685968197742078,0.03575855307734851,0.013390167312070515,0.007284819780665871,0.006105347531404644,40,0,0.8109750859818564,M2_raw_huber,vi,320,320,oracle,0.0,True,2.1073424255447017e-08
170.6069420115092,3.5600365047805314,0.0631294244220908,0.013390167312070515,0.0067499449684357594,0.0066402223436347555,40,0,1.0,M3_global_corr,vi,320,320,oracle,0.0,True,2.1073424255447017e-08
138.9037016441471,2.9639657394224947,0.0422515665892838,0.013390167312070515,0.007236856476626057,0.006153310835444458,40,0,1.0,M4_patch_corr,vi,320,320,oracle,0.0,True,2.1073424255447017e-08
106.44970185534251,1.8867349448834934,0.03157164100145238,0.013390167312070515,0.008206126975376387,0.005184040336694128,40,0,1.0,M5_full_corr,vi,320,320,oracle,0.0,True,2.1073424255447017e-08
174.91936687287313,4.740934790274351,0.07211999340554681,0.012311727408302303,0.005873311658799111,0.006438415749503192,30,0,1.0,M0_raw_p2p,vi,321,321,oracle,0.0,True,0.0
176.49156643903746,4.216231935177186,0.06716297415337115,0.012311727408302303,0.005944417658862882,0.006367309749439421,40,0,1.0,M1_raw_p2l,vi,321,321,oracle,0.0,True,0.0
158.62315619528576,4.342899139900062,0.03051616809990043,0.012311727408302303,0.006527437112162601,0.005784290296139702,40,0,0.8085231870927819,M2_raw_huber,vi,321,321,oracle,0.0,True,0.0
168.70190912931378,4.7328644908601465,0.057586902967389796,0.012311727408302303,0.00606782237048347,0.006243905037818833,30,0,1.0,M3_global_corr,vi,321,321,oracle,0.0,True,0.0
137.96299454450386,4.347577587432724,0.037670701585321445,0.012311727408302303,0.006514050660632561,0.005797676747669742,36,0,1.0,M4_patch_corr,vi,321,321,oracle,0.0,True,0.0
104.745002776694,3.339066994539728,0.02986923376101776,0.012311727408302303,0.007533252751670368,0.004778474656631935,40,0,1.0,M5_full_corr,vi,321,321,oracle,0.0,True,0.0
170.1190241095422,4.386008229153086,0.06756774690467235,0.011366886315674203,0.005470262392430413,0.005896623923243791,35,0,1.0,M0_raw_p2p,vi,322,322,oracle,0.0,True,2.1073424255447017e-08
169.80296300264723,4.290112911810412,0.06375796750158638,0.011366886315674203,0.0055440569123745564,0.005822829403299647,40,0,1.0,M1_raw_p2l,vi,322,322,oracle,0.0,True,2.1073424255447017e-08
154.79366259635543,3.8259685569767123,0.025349342391795218,0.011366886315674203,0.006064395083384429,0.0053024912322897745,40,0,0.8067822167705618,M2_raw_huber,vi,322,322,oracle,0.0,True,2.1073424255447017e-08
164.32197425445236,4.390220180886494,0.05332255340077059,0.011366886315674203,0.005667003855308174,0.005699882460366029,34,0,1.0,M3_global_corr,vi,322,322,oracle,0.0,True,2.1073424255447017e-08
132.37962419398912,4.299104347535854,0.03418101462968268,0.011366886315674203,0.006136872868661987,0.005230013447012217,40,0,1.0,M4_patch_corr,vi,322,322,oracle,0.0,True,2.1073424255447017e-08
97.69565872500904,2.7047514480042736,0.026888940484057718,0.011366886315674203,0.007052929548016241,0.004313956767657962,40,0,1.0,M5_full_corr,vi,322,322,oracle,0.0,True,2.1073424255447017e-08
162.58334042441473,3.665730024092529,0.060407025329688196,0.01046540528088965,0.0051835283725306415,0.005281876908359009,40,0,1.0,M0_raw_p2p,vi,323,323,oracle,0.0,True,0.0
161.9101003879263,2.877888655739365,0.06090570420913292,0.01046540528088965,0.005237734750250288,0.0052276705306393625,40,0,1.0,M1_raw_p2l,vi,323,323,oracle,0.0,True,0.0
148.15007706590396,2.954026926266095,0.022042963929299338,0.01046540528088965,0.005826504651246564,0.004638900629643086,40,0,0.8021480152908115,M2_raw_huber,vi,323,323,oracle,0.0,True,0.0
157.17394939114715,3.66569386026763,0.04770532011464465,0.01046540528088965,0.005384456877878439,0.005080948403011211,40,0,1.0,M3_global_corr,vi,323,323,oracle,0.0,True,0.0
125.16759839232061,4.4885786613782965,0.03054067374007774,0.01046540528088965,0.005853353771469302,0.004612051509420349,30,0,1.0,M4_patch_corr,vi,323,323,oracle,0.0,True,0.0
88.91276224468288,3.002163385721311,0.025705775951664813,0.01046540528088965,0.006690197962267704,0.0037752073186219466,27,0,1.0,M5_full_corr,vi,323,323,oracle,0.0,True,0.0
167.4526019740487,3.8801941959700352,0.06527518590041885,0.011555813766234007,0.005716022499374634,0.005839791266859373,40,0,1.0,M0_raw_p2p,vi,324,324,oracle,0.0,True,0.0
166.85646923029566,3.503906940228657,0.05851939854095562,0.011555813766234007,0.005800781703161939,0.005755032063072068,40,0,1.0,M1_raw_p2l,vi,324,324,oracle,0.0,True,0.0
151.92480737577375,2.848061703534217,0.027213837407845755,0.011555813766234007,0.006394702464042854,0.005161111302191153,40,0,0.8038343105295409,M2_raw_huber,vi,324,324,oracle,0.0,True,0.0
161.770918618081,3.879044921695984,0.052419211674010265,0.011555813766234007,0.005922954006243772,0.005632859759990234,40,0,1.0,M3_global_corr,vi,324,324,oracle,0.0,True,0.0
128.6047665902773,3.7734067893757004,0.035672851774819624,0.011555813766234007,0.006398997649120464,0.005156816117113543,40,0,1.0,M4_patch_corr,vi,324,324,oracle,0.0,True,0.0
92.55571505941668,2.1416546451376597,0.031064128642002874,0.011555813766234007,0.007169600280880579,0.0043862134853534275,26,0,1.0,M5_full_corr,vi,324,324,oracle,0.0,True,0.0
170.32493612899174,3.8669448139031406,0.06646834414019599,0.011836911030814138,0.005820713095346423,0.006016197935467715,40,0,1.0,M0_raw_p2p,vi,325,325,oracle,0.0,True,2.1073424255447017e-08
172.27352626141806,4.054670766641032,0.0637477833031988,0.011836911030814138,0.0058902927292903235,0.0059466183015238145,40,0,1.0,M1_raw_p2l,vi,325,325,oracle,0.0,True,2.1073424255447017e-08
154.05688383141057,2.709053625966508,0.03280979389004081,0.011836911030814138,0.00651859787435003,0.005318313156464108,40,0,0.8054324479062196,M2_raw_huber,vi,325,325,oracle,0.0,True,2.1073424255447017e-08
164.79132101141695,3.866994456149216,0.054365212847905284,0.011836911030814138,0.00602927910350204,0.005807631927312098,40,0,1.0,M3_global_corr,vi,325,325,oracle,0.0,True,2.1073424255447017e-08
130.1814543233305,3.5866382960288092,0.0383325361360647,0.011836911030814138,0.006451886895530844,0.005385024135283294,40,0,1.0,M4_patch_corr,vi,325,325,oracle,0.0,True,2.1073424255447017e-08
91.64817169539884,1.4336045822789871,0.031878571458141894,0.011836911030814138,0.007287811920131057,0.004549099110683081,40,0,1.0,M5_full_corr,vi,325,325,oracle,0.0,True,2.1073424255447017e-08
176.55526568841591,5.481183560094456,0.07114315578410282,0.012239103518417347,0.005872828632620629,0.006366274885796718,25,0,1.0,M0_raw_p2p,vi,326,326,oracle,0.0,True,0.0
178.63237458335038,6.199630534572817,0.06957630689657757,0.012239103518417347,0.0059532771178625295,0.006285826400554817,40,0,1.0,M1_raw_p2l,vi,326,326,oracle,0.0,True,0.0
161.1754642918815,4.5671180049188305,0.03451830099724102,0.012239103518417347,0.006494274974217195,0.0057448285442001515,40,0,0.8019685686731717,M2_raw_huber,vi,326,326,oracle,0.0,True,0.0
170.74393177910963,5.482398623792753,0.05650480946934924,0.012239103518417347,0.006079440858585941,0.0061596626598314054,25,0,1.0,M3_global_corr,vi,326,326,oracle,0.0,True,0.0
132.95428622232515,4.810764689751702,0.04152642629958687,0.012239103518417347,0.00654246823531025,0.005696635283107097,30,0,1.0,M4_patch_corr,vi,326,326,oracle,0.0,True,0.0
97.06357586359643,2.8859944844584247,0.03456709155517115,0.012239103518417347,0.00730937392201495,0.004929729596402397,33,0,1.0,M5_full_corr,vi,326,326,oracle,0.0,True,0.0
178.97536996749153,5.347319008632143,0.07495379190925508,0.012591324810428368,0.006111649548051957,0.00647967526237641,37,0,1.0,M0_raw_p2p,vi,327,327,oracle,0.0,True,1.4901161193847656e-08
179.9654523968605,6.174309108507954,0.07147913813884611,0.012591324810428368,0.006214558263330473,0.006376766547097895,40,0,1.0,M1_raw_p2l,vi,327,327,oracle,0.0,True,1.4901161193847656e-08
163.72272252684112,4.285257088941029,0.03519417106424277,0.012591324810428368,0.006659826612430703,0.005931498197997665,40,0,0.8037267905607798,M2_raw_huber,vi,327,327,oracle,0.0,True,1.4901161193847656e-08
173.13498103221013,5.347319008632134,0.05832738141026291,0.012591324810428368,0.0063252687581243664,0.006266056052304001,37,0,1.0,M3_global_corr,vi,327,327,oracle,0.0,True,1.4901161193847656e-08
131.43836577867913,4.375107873603244,0.0443754274241286,0.012591324810428368,0.006860296476207036,0.005731028334221332,34,0,1.0,M4_patch_corr,vi,327,327,oracle,0.0,True,1.4901161193847656e-08
93.99305000377439,2.326288549783487,0.03821166499904713,0.012591324810428368,0.007664054510003301,0.004927270300425067,34,0,1.0,M5_full_corr,vi,327,327,oracle,0.0,True,1.4901161193847656e-08
176.08523745403318,4.878094643893996,0.06778329463150908,0.011023738387745936,0.005201014229340854,0.005822724158405082,40,0,1.0,M0_raw_p2p,vi,328,328,oracle,0.0,True,0.0
173.68705405791746,5.209204978774864,0.06466436790081119,0.011023738387745936,0.005265941002682149,0.005757797385063787,40,0,1.0,M1_raw_p2l,vi,328,328,oracle,0.0,True,0.0
164.17473623924815,4.259530362586597,0.032826723457073735,0.011023738387745936,0.005447136287099925,0.005576602100646011,40,0,0.8140659977030861,M2_raw_huber,vi,328,328,oracle,0.0,True,0.0
171.25317409861788,4.879350079915517,0.05319172468172519,0.011023738387745936,0.005417107243365939,0.005606631144379997,40,0,1.0,M3_global_corr,vi,328,328,oracle,0.0,True,0.0
129.82494085936318,3.3301087739997506,0.03868962127810061,0.011023738387745936,0.005961193642873854,0.005062544744872082,40,0,1.0,M4_patch_corr,vi,328,328,oracle,0.0,True,0.0
85.44029651943671,1.428115072170408,0.030840786421205663,0.011023738387745936,0.006902992854209967,0.004120745533535969,40,0,1.0,M5_full_corr,vi,328,328,oracle,0.0,True,0.0
173.19362978581455,3.6157138612637776,0.0672269815542828,0.011034324231576147,0.005262851716144891,0.005771472515431256,40,0,1.0,M0_raw_p2p,vi,329,329,oracle,0.0,True,1.4901161193847656e-08
171.5444468939224,3.9216014420476246,0.06224571272801088,0.011034324231576147,0.005325215748905956,0.005709108482670191,40,0,1.0,M1_raw_p2l,vi,329,329,oracle,0.0,True,1.4901161193847656e-08
159.711074161439,3.1442577198069004,0.02983974826912841,0.011034324231576147,0.005677465411296965,0.005356858820279182,40,0,0.8053100284383717,M2_raw_huber,vi,329,329,oracle,0.0,True,1.4901161193847656e-08
168.3544444046737,3.6159555806671997,0.05360764109660319,0.011034324231576147,0.0054747803059620945,0.0055595439256140525,40,0,1.0,M3_global_corr,vi,329,329,oracle,0.0,True,1.4901161193847656e-08
127.41897317874587,2.2567654206473184,0.04030449609988513,0.011034324231576147,0.005952499076210502,0.005081825155365645,40,0,1.0,M4_patch_corr,vi,329,329,oracle,0.0,True,1.4901161193847656e-08
86.11085894245807,0.7161688628291297,0.030862921972715073,0.011034324231576147,0.006885565988081688,0.004148758243494459,40,0,1.0,M5_full_corr,vi,329,329,oracle,0.0,True,1.4901161193847656e-08
169.2182700607005,2.6516789456245777,0.061355832350189946,0.010200008651711709,0.004915323133733616,0.005284685517978093,40,0,1.0,M0_raw_p2p,vi,330,330,oracle,0.0,True,2.580956827951785e-08
168.21118552882,2.7205859238024033,0.05865902897063699,0.010200008651711709,0.00495828021102968,0.005241728440682029,40,0,1.0,M1_raw_p2l,vi,330,330,oracle,0.0,True,2.580956827951785e-08
155.21973289687512,2.2123645893834434,0.030212924579891585,0.010200008651711709,0.005391771714068388,0.004808236937643321,40,0,0.8018074352117633,M2_raw_huber,vi,330,330,oracle,0.0,True,2.580956827951785e-08
165.05876294501235,2.6522154576702595,0.050484377273033024,0.010200008651711709,0.005109898440262882,0.005090110211448827,40,0,1.0,M3_global_corr,vi,330,330,oracle,0.0,True,2.580956827951785e-08
118.3831130854424,1.5634248148576964,0.0382200486168752,0.010200008651711709,0.0056764787564890715,0.004523529895222637,40,0,1.0,M4_patch_corr,vi,330,330,oracle,0.0,True,2.580956827951785e-08
79.66300520974409,1.238904200795235,0.027290312813991722,0.010200008651711709,0.006564147832480004,0.0036358608192317045,40,0,1.0,M5_full_corr,vi,330,330,oracle,0.0,True,2.580956827951785e-08
168.70341494856763,3.791575266236527,0.060860211907582326,0.010239189527720743,0.0049463767700072435,0.0052928127577135,38,0,1.0,M0_raw_p2p,vi,331,331,oracle,0.0,True,0.0
165.11407137721127,3.4480345194722597,0.05920629245238806,0.010239189527720743,0.004979181374915414,0.005260008152805329,40,0,1.0,M1_raw_p2l,vi,331,331,oracle,0.0,True,0.0
156.07030254541826,3.6616479613430015,0.02733862349403982,0.010239189527720743,0.005431600563457626,0.004807588964263117,40,0,0.7950196872888481,M2_raw_huber,vi,331,331,oracle,0.0,True,0.0
164.2959221191063,3.7918033068635673,0.049705643213458606,0.010239189527720743,0.005135478275942241,0.005103711251778502,38,0,1.0,M3_global_corr,vi,331,331,oracle,0.0,True,0.0
117.26615755161362,3.0246207527635844,0.03754987936620208,0.010239189527720743,0.005666007922515801,0.004573181605204942,39,0,1.0,M4_patch_corr,vi,331,331,oracle,0.0,True,0.0
79.4220764625813,1.022230262776538,0.028284527961989832,0.010239189527720743,0.006612213458047883,0.00362697606967286,40,0,1.0,M5_full_corr,vi,331,331,oracle,0.0,True,0.0
165.30863182146277,3.2580107809517056,0.05779489488616342,0.009244860900152755,0.004233833466266378,0.005011027433886377,34,0,1.0,M0_raw_p2p,vi,332,332,oracle,0.0,True,0.0
163.52164682924422,2.805177177206046,0.05472411806189868,0.009244860900152755,0.004257719327743363,0.004987141572409392,40,0,1.0,M1_raw_p2l,vi,332,332,oracle,0.0,True,0.0
154.0263392197743,3.1144491258554177,0.021705107309344492,0.009244860900152755,0.00458056859079499,0.004664292309357765,40,0,0.8073051758767088,M2_raw_huber,vi,332,332,oracle,0.0,True,0.0
161.31420865814596,3.258143075533292,0.047245164747368514,0.009244860900152755,0.004423057668581556,0.004821803231571199,34,0,1.0,M3_global_corr,vi,332,332,oracle,0.0,True,0.0
113.63471223091011,2.613477827186542,0.03665149193319857,0.009244860900152755,0.004988084171948288,0.004256776728204467,31,0,1.0,M4_patch_corr,vi,332,332,oracle,0.0,True,0.0
74.31166844243808,1.0564934609190961,0.02517993549691592,0.009244860900152755,0.006003629075485576,0.003241231824667179,40,0,1.0,M5_full_corr,vi,332,332,oracle,0.0,True,0.0
155.51411520437,2.7726143218286983,0.05164468944336071,0.008951422995079944,0.004458382259470793,0.004493040735609151,40,0,1.0,M0_raw_p2p,vi,333,333,oracle,0.0,True,0.0
152.7035227892789,2.443055441337233,0.05315482375959869,0.008951422995079944,0.004496288594526408,0.004455134400553536,40,0,1.0,M1_raw_p2l,vi,333,333,oracle,0.0,True,0.0
145.88222318130656,2.754305872398044,0.018505811198261498,0.008951422995079944,0.004919568472162756,0.004031854522917188,40,0,0.7850427304718531,M2_raw_huber,vi,333,333,oracle,0.0,True,0.0
152.112539459089,2.7743137655171175,0.044213485985320704,0.008951422995079944,0.004646452919476812,0.004304970075603132,40,0,1.0,M3_global_corr,vi,333,333,oracle,0.0,True,0.0
99.55045614693213,2.7797232893479653,0.036191262345856845,0.008951422995079944,0.005345042351571517,0.0036063806435084273,40,0,1.0,M4_patch_corr,vi,333,333,oracle,0.0,True,0.0
61.17452676236311,2.023731233643072,0.020668000235001975,0.008951422995079944,0.006330584348930448,0.0026208386461494962,40,0,1.0,M5_full_corr,vi,333,333,oracle,0.0,True,0.0
156.30598999204085,2.171933975885345,0.05105350991342577,0.008886801352120662,0.004317711794399789,0.004569089557720873,40,0,1.0,M0_raw_p2p,vi,334,334,oracle,0.0,True,0.0
154.50188920230244,2.0011920401101246,0.05077926771484308,0.008886801352120662,0.004357784935902327,0.004529016416218335,19,0,1.0,M1_raw_p2l,vi,334,334,oracle,0.0,True,0.0
147.03889234401228,2.034598850313641,0.019420811367273663,0.008886801352120662,0.004803725262739316,0.004083076089381346,40,0,0.7826645600009958,M2_raw_huber,vi,334,334,oracle,0.0,True,0.0
153.5064321790369,2.172063831901666,0.04632858601998773,0.008886801352120662,0.004510499675255772,0.0043763016768648905,40,0,1.0,M3_global_corr,vi,334,334,oracle,0.0,True,0.0
101.74337140841708,1.9508093277377654,0.03962911514006343,0.008886801352120662,0.005239504841267518,0.003647296510853144,40,0,1.0,M4_patch_corr,vi,334,334,oracle,0.0,True,0.0
59.612728314614046,1.5278002716360597,0.021431597034410443,0.008886801352120662,0.006286987584639823,0.0025998137674808396,40,0,1.0,M5_full_corr,vi,334,334,oracle,0.0,True,0.0
158.57210821952847,2.052227458587955,0.055432858232595826,0.010187407917901372,0.005072140491671132,0.00511526742623024,40,0,1.0,M0_raw_p2p,vi,335,335,oracle,0.0,True,0.0
157.71611166088093,1.9962020937097418,0.05428255827811737,0.010187407917901372,0.005136711794689499,0.005050696123211873,40,0,1.0,M1_raw_p2l,vi,335,335,oracle,0.0,True,0.0
148.47769818119332,1.7780782970312046,0.024395875120311786,0.010187407917901372,0.005659422436377891,0.004527985481523481,40,0,0.7867831905466425,M2_raw_huber,vi,335,335,oracle,0.0,True,0.0
154.83007334247392,2.0526094799854038,0.050349120495342674,0.010187407917901372,0.00525730497289797,0.004930102945003402,40,0,1.0,M3_global_corr,vi,335,335,oracle,0.0,True,0.0
105.38661196370091,1.8127292990789161,0.04094681066175664,0.010187407917901372,0.005889344986921344,0.004298062930980028,40,0,1.0,M4_patch_corr,vi,335,335,oracle,0.0,True,0.0
59.43481465382302,1.9803158503947864,0.023846711359461422,0.010187407917901372,0.007292967143535427,0.0028944407743659454,40,0,1.0,M5_full_corr,vi,335,335,oracle,0.0,True,0.0
169.3486535785327,3.8644443019668913,0.06571401947798536,0.011687678105417671,0.005595081013389337,0.006092597092028334,40,0,1.0,M0_raw_p2p,vi,336,336,oracle,0.0,True,0.0
170.3379709960875,4.297395675580495,0.06302910986524742,0.011687678105417671,0.005653061691634594,0.006034616413783077,40,0,1.0,M1_raw_p2l,vi,336,336,oracle,0.0,True,0.0
156.20104319676793,3.5864431341976695,0.03522922204615308,0.011687678105417671,0.006149942838182805,0.005537735267234866,40,0,0.8108804560064823,M2_raw_huber,vi,336,336,oracle,0.0,True,0.0
164.15851528899012,3.8801945292070923,0.055155131034579856,0.011687678105417671,0.005791852163075719,0.005895825942341952,40,0,1.0,M3_global_corr,vi,336,336,oracle,0.0,True,0.0
112.59753520155188,3.0990546113400286,0.04473867857149717,0.011687678105417671,0.006564518357845962,0.005123159747571709,37,0,1.0,M4_patch_corr,vi,336,336,oracle,0.0,True,0.0
67.58748260612602,0.7315157259070245,0.03438229799311589,0.011687678105417671,0.008131313322824575,0.0035563647825930956,40,0,1.0,M5_full_corr,vi,336,336,oracle,0.0,True,0.0
171.02305603248018,3.8882738496335163,0.07150193865831003,0.011680032969698462,0.005317284739519719,0.006362748230178743,40,0,1.0,M0_raw_p2p,vi,337,337,oracle,0.0,True,2.580956827951785e-08
173.63736619580774,4.73357802350876,0.06920772125513411,0.011680032969698462,0.00537042364806098,0.006309609321637482,40,0,1.0,M1_raw_p2l,vi,337,337,oracle,0.0,True,2.580956827951785e-08
158.77748713132362,3.547297125922258,0.0357716602839024,0.011680032969698462,0.005764721842639465,0.005915311127058997,40,0,0.8151828619311939,M2_raw_huber,vi,337,337,oracle,0.0,True,2.580956827951785e-08
165.49044413196495,3.9007865169044758,0.05888472953603216,0.011680032969698462,0.005519475104753557,0.006160557864944905,40,0,1.0,M3_global_corr,vi,337,337,oracle,0.0,True,2.580956827951785e-08
114.07377919170307,2.7745495033869285,0.046332173219605075,0.011680032969698462,0.0063191306682833775,0.005360902301415085,40,0,1.0,M4_patch_corr,vi,337,337,oracle,0.0,True,2.580956827951785e-08
67.5480943032799,0.4471121992461981,0.037154933146150364,0.011680032969698462,0.00788794688905816,0.003792086080640302,40,0,1.0,M5_full_corr,vi,337,337,oracle,0.0,True,2.580956827951785e-08
170.52881439255833,3.676216092720478,0.06763475501149424,0.011081105500188442,0.005233768300215062,0.00584733719997338,40,0,1.0,M0_raw_p2p,vi,338,338,oracle,0.0,True,1.4901161193847656e-08
169.30570772333564,3.383835114600484,0.06458381256456218,0.011081105500188442,0.0052794674906344805,0.005801638009553961,40,0,1.0,M1_raw_p2l,vi,338,338,oracle,0.0,True,1.4901161193847656e-08
158.45633826314335,3.253359279042595,0.03311691769598257,0.011081105500188442,0.005613597592029614,0.005467507908158828,40,0,0.8146711311237042,M2_raw_huber,vi,338,338,oracle,0.0,True,1.4901161193847656e-08
165.52814109797328,3.681542857961039,0.05499789631111371,0.011081105500188442,0.005433062087575588,0.005648043412612854,40,0,1.0,M3_global_corr,vi,338,338,oracle,0.0,True,1.4901161193847656e-08
112.4955314336716,2.5523834471669757,0.04063242276838311,0.011081105500188442,0.006292285856228195,0.004788819643960247,40,0,1.0,M4_patch_corr,vi,338,338,oracle,0.0,True,1.4901161193847656e-08
63.74077858338409,0.7524210862018514,0.03097923347126279,0.011081105500188442,0.00782494749627665,0.0032561580039117913,40,0,1.0,M5_full_corr,vi,338,338,oracle,0.0,True,1.4901161193847656e-08
168.84566532510192,3.2743703670274162,0.06346275877009952,0.01094358726310948,0.005301045484053276,0.005642541779056204,40,0,1.0,M0_raw_p2p,vi,339,339,oracle,0.0,True,0.0
170.9560319039319,3.45959738937709,0.05792142030590606,0.01094358726310948,0.0053292321615200245,0.005614355101589455,40,0,1.0,M1_raw_p2l,vi,339,339,oracle,0.0,True,0.0
156.0184906831803,2.6610711465415458,0.027126893828540295,0.01094358726310948,0.005837792642530925,0.005105794620578555,40,0,0.8025471832387129,M2_raw_huber,vi,339,339,oracle,0.0,True,0.0
164.35423761611324,3.2763212880345214,0.05229907328197682,0.01094358726310948,0.005493057147348946,0.005450530115760533,40,0,1.0,M3_global_corr,vi,339,339,oracle,0.0,True,0.0
113.01802466223829,2.649461291086724,0.03872073923557329,0.01094358726310948,0.00633869364458596,0.004604893618523519,40,0,1.0,M4_patch_corr,vi,339,339,oracle,0.0,True,0.0
63.922411312715326,0.8800527696174414,0.0294029328428239,0.01094358726310948,0.007878014256173533,0.003065573006935947,40,0,1.0,M5_full_corr,vi,339,339,oracle,0.0,True,0.0
171.62110241327554,3.32189981669612,0.0647319091278386,0.011023629074284119,0.005244315458518016,0.0057793136157661025,40,0,1.0,M0_raw_p2p,vi,340,340,oracle,0.0,True,0.0
174.02903775764685,3.336291926290887,0.06087687206203849,0.011023629074284119,0.005271052957800665,0.005752576116483454,40,0,1.0,M1_raw_p2l,vi,340,340,oracle,0.0,True,0.0
157.0689052266467,2.5041180511898062,0.030822123452653685,0.011023629074284119,0.005755589229966637,0.005268039844317482,40,0,0.8102102874258251,M2_raw_huber,vi,340,340,oracle,0.0,True,0.0
166.9425968770013,3.32099024942213,0.05179660530618394,0.011023629074284119,0.00544719398064371,0.005576435093640409,40,0,1.0,M3_global_corr,vi,340,340,oracle,0.0,True,0.0
117.50069221933128,2.408381478318302,0.03852360671951863,0.011023629074284119,0.006265678605795509,0.00475795046848861,40,0,1.0,M4_patch_corr,vi,340,340,oracle,0.0,True,0.0
62.237986653991435,1.8153372928001226,0.030915678301071635,0.011023629074284119,0.007894351231190247,0.0031292778430938722,40,0,1.0,M5_full_corr,vi,340,340,oracle,0.0,True,0.0
171.16789055116132,4.232693399948831,0.06675455130012456,0.011111065600612924,0.005274887604169674,0.00583617799644325,40,0,1.0,M0_raw_p2p,vi,341,341,oracle,0.0,True,1.4901161193847656e-08
168.75532915115306,3.354046117874133,0.06820951467825168,0.011111065600612924,0.005309478633115585,0.005801586967497338,40,0,1.0,M1_raw_p2l,vi,341,341,oracle,0.0,True,1.4901161193847656e-08
159.13596453685707,4.130704181234356,0.028416982507384534,0.011111065600612924,0.0056579034857400625,0.005453162114872861,40,0,0.8213474352248594,M2_raw_huber,vi,341,341,oracle,0.0,True,1.4901161193847656e-08
166.03127528755033,4.231787970548657,0.05191567565258216,0.011111065600612924,0.005473141715393231,0.005637923885219693,40,0,1.0,M3_global_corr,vi,341,341,oracle,0.0,True,1.4901161193847656e-08
117.12006828954233,3.6969646510909557,0.03920771149244514,0.011111065600612924,0.006294878521297181,0.004816187079315743,35,0,1.0,M4_patch_corr,vi,341,341,oracle,0.0,True,1.4901161193847656e-08
65.5043178977681,1.3980827757404186,0.031169589381265364,0.011111065600612924,0.007835009315517113,0.003276056285095811,37,0,1.0,M5_full_corr,vi,341,341,oracle,0.0,True,1.4901161193847656e-08
168.89005852093388,3.9463997827012083,0.06242836546572565,0.010357555935619718,0.004883254965813596,0.005474300969806122,40,0,1.0,M0_raw_p2p,vi,342,342,oracle,0.0,True,0.0
164.70872962867787,3.4412669471919703,0.06280548652073159,0.010357555935619718,0.004916390032512411,0.005441165903107307,40,0,1.0,M1_raw_p2l,vi,342,342,oracle,0.0,True,0.0
156.7280729744063,3.7191854428551716,0.02542119878144144,0.010357555935619718,0.005236401916165487,0.005121154019454231,40,0,0.823647600961579,M2_raw_huber,vi,342,342,oracle,0.0,True,0.0
164.29300569017147,3.952136831979098,0.0481401266706586,0.010357555935619718,0.005084768859496545,0.005272787076123173,40,0,1.0,M3_global_corr,vi,342,342,oracle,0.0,True,0.0
116.00560026333608,3.635809849812025,0.03730961458311642,0.010357555935619718,0.0059051195531370105,0.0044524363824827076,40,0,1.0,M4_patch_corr,vi,342,342,oracle,0.0,True,0.0
57.99795123069363,0.9627339611411377,0.027335363698112836,0.010357555935619718,0.007642022648313496,0.0027155332873062222,40,0,1.0,M5_full_corr,vi,342,342,oracle,0.0,True,0.0
164.60575391629868,3.6605300881310905,0.05764817023103633,0.009659128314998884,0.004588411252332785,0.0050707170626660995,40,0,1.0,M0_raw_p2p,vi,343,343,oracle,0.0,True,1.4901161193847656e-08
159.43574122117835,3.2252397495598566,0.05916147673881727,0.009659128314998884,0.004633422510661698,0.005025705804337186,40,0,1.0,M1_raw_p2l,vi,343,343,oracle,0.0,True,1.4901161193847656e-08
152.0125667555605,3.4069016909653524,0.024473486577406164,0.009659128314998884,0.004917635271731636,0.004741493043267248,40,0,0.8259677477154154,M2_raw_huber,vi,343,343,oracle,0.0,True,1.4901161193847656e-08
160.21840431031262,3.6607513574105175,0.04455806199359915,0.009659128314998884,0.004795305477370828,0.004863822837628056,40,0,1.0,M3_global_corr,vi,343,343,oracle,0.0,True,1.4901161193847656e-08
114.03240911454095,3.547907688606531,0.03530355112180302,0.009659128314998884,0.005589219089440857,0.004069909225558027,40,0,1.0,M4_patch_corr,vi,343,343,oracle,0.0,True,1.4901161193847656e-08
61.493944010889614,1.9186269843037065,0.025563376851166178,0.009659128314998884,0.007093375625762469,0.0025657526892364155,40,0,1.0,M5_full_corr,vi,343,343,oracle,0.0,True,1.4901161193847656e-08
161.1709729747096,2.9316669028397984,0.05270129235785566,0.009024919578993113,0.004212438367676779,0.004812481211316334,40,0,1.0,M0_raw_p2p,vi,344,344,oracle,0.0,True,0.0
157.9282726432343,2.7570373751347184,0.04749491724749299,0.009024919578993113,0.004249323148229276,0.004775596430763837,40,0,1.0,M1_raw_p2l,vi,344,344,oracle,0.0,True,0.0
150.1002590471483,2.613461317246192,0.022721993913157434,0.009024919578993113,0.00442926001141828,0.004595659567574833,40,0,0.8258734395135823,M2_raw_huber,vi,344,344,oracle,0.0,True,0.0
157.52183465211064,2.933925151696351,0.042290850549761665,0.009024919578993113,0.004414953304213646,0.0046099662747794675,40,0,1.0,M3_global_corr,vi,344,344,oracle,0.0,True,0.0
110.35259389389599,2.85966510037148,0.033804501410271345,0.009024919578993113,0.005318058531780659,0.003706861047212454,40,0,1.0,M4_patch_corr,vi,344,344,oracle,0.0,True,0.0
58.085114893551705,1.670123479259756,0.02165345358843191,0.009024919578993113,0.006744996262826109,0.0022799233161670046,40,0,1.0,M5_full_corr,vi,344,344,oracle,0.0,True,0.0
163.05431825948077,2.8514105612732035,0.05171175292299623,0.009152663451287997,0.004189586454434584,0.004963076996853413,40,0,1.0,M0_raw_p2p,vi,345,345,oracle,0.0,True,1.4901161193847656e-08
164.07523967354678,2.7586989337973113,0.04577709409990268,0.009152663451287997,0.004224662494173021,0.004928000957114976,40,0,1.0,M1_raw_p2l,vi,345,345,oracle,0.0,True,1.4901161193847656e-08
152.8180538043268,2.4663450554864315,0.02368690520123272,0.009152663451287997,0.004385718292411557,0.00476694515887644,40,0,0.8317042070026807,M2_raw_huber,vi,345,345,oracle,0.0,True,1.4901161193847656e-08
159.7808763895187,2.8545511038778097,0.04435133524310677,0.009152663451287997,0.0043911319457698335,0.004761531505518163,40,0,1.0,M3_global_corr,vi,345,345,oracle,0.0,True,1.4901161193847656e-08
109.42392154065072,2.5279190872927693,0.03505581083319636,0.009152663451287997,0.005317106277730869,0.0038355571735571277,40,0,1.0,M4_patch_corr,vi,345,345,oracle,0.0,True,1.4901161193847656e-08
61.278817143275795,1.6054495657803107,0.022407025997003494,0.009152663451287997,0.006654793102483461,0.0024978703488045357,38,0,1.0,M5_full_corr,vi,345,345,oracle,0.0,True,1.4901161193847656e-08
173.3426388030158,4.589604850171928,0.06592594426734516,0.011336381445748358,0.005119231657721364,0.006217149788026994,35,0,1.0,M0_raw_p2p,vi,346,346,oracle,0.0,True,0.0
175.4647182149166,4.850524727762428,0.06460997955315789,0.011336381445748358,0.005159115973422762,0.006177265472325596,40,0,1.0,M1_raw_p2l,vi,346,346,oracle,0.0,True,0.0
161.4504722479737,3.9465228135935764,0.03456746688386323,0.011336381445748358,0.005443436901468713,0.005892944544279645,40,0,0.8284007811857785,M2_raw_huber,vi,346,346,oracle,0.0,True,0.0
168.42453751376803,4.5884560405363475,0.05353149991710127,0.011336381445748358,0.005323303337247583,0.006013078108500775,37,0,1.0,M3_global_corr,vi,346,346,oracle,0.0,True,0.0
119.64168900243935,4.459486239681554,0.04298777361852149,0.011336381445748358,0.0061589216923180045,0.005177459753430353,32,0,1.0,M4_patch_corr,vi,346,346,oracle,0.0,True,0.0
78.5897359786519,3.2705130991824336,0.03284313591113058,0.011336381445748358,0.007401728160367377,0.003934653285380981,38,0,1.0,M5_full_corr,vi,346,346,oracle,0.0,True,0.0
176.35718937471745,4.618019581675989,0.06688110432704653,0.011380405132792868,0.0051686843254091,0.006211720807383769,40,0,1.0,M0_raw_p2p,vi,347,347,oracle,0.0,True,1.4901161193847656e-08
176.4042032363902,4.823925439042347,0.06291869382216948,0.011380405132792868,0.005202003437667744,0.006178401695125124,40,0,1.0,M1_raw_p2l,vi,347,347,oracle,0.0,True,1.4901161193847656e-08
163.78182469147762,4.009914428900841,0.03349414862048708,0.011380405132792868,0.005445718080603233,0.0059346870521896355,40,0,0.8284098443623324,M2_raw_huber,vi,347,347,oracle,0.0,True,1.4901161193847656e-08
171.56087370203554,4.6195417267883965,0.053404920558085225,0.011380405132792868,0.005368671350860471,0.006011733781932397,40,0,1.0,M3_global_corr,vi,347,347,oracle,0.0,True,1.4901161193847656e-08
120.54380637704233,3.884236345277726,0.04061011706117002,0.011380405132792868,0.0061693384366149255,0.005211066696177943,38,0,1.0,M4_patch_corr,vi,347,347,oracle,0.0,True,1.4901161193847656e-08
83.81097750722273,2.758167534048142,0.03180833926694792,0.011380405132792868,0.007258723568425102,0.004121681564367766,40,0,1.0,M5_full_corr,vi,347,347,oracle,0.0,True,1.4901161193847656e-08
176.47986691651855,4.394452550334208,0.06665049849139675,0.011680672806546466,0.0055549927722661156,0.006125680034280351,40,0,1.0,M0_raw_p2p,vi,348,348,oracle,0.0,True,2.1073424255447017e-08
177.36067081567163,4.439778387532633,0.06374972797872228,0.011680672806546466,0.0055886260498793,0.006092046756667167,40,0,1.0,M1_raw_p2l,vi,348,348,oracle,0.0,True,2.1073424255447017e-08
162.23338044105878,3.4759170010067106,0.03242081870900004,0.011680672806546466,0.0059273892310800335,0.005753283575466433,40,0,0.8224890341783944,M2_raw_huber,vi,348,348,oracle,0.0,True,2.1073424255447017e-08
171.9623057589679,4.397179373565288,0.05428005449012567,0.011680672806546466,0.005752782019721201,0.005927890786825265,40,0,1.0,M3_global_corr,vi,348,348,oracle,0.0,True,2.1073424255447017e-08
121.44823992367604,3.387003695499585,0.03997533712523583,0.011680672806546466,0.0065274685078543886,0.005153204298692078,39,0,1.0,M4_patch_corr,vi,348,348,oracle,0.0,True,2.1073424255447017e-08
80.83260312917433,1.966809002362365,0.03151237129742511,0.011680672806546466,0.007615020591848135,0.0040656522146983315,33,0,1.0,M5_full_corr,vi,348,348,oracle,0.0,True,2.1073424255447017e-08
173.9927517540952,3.986356898808091,0.06695805959758717,0.011546090190520985,0.005520170829160648,0.006025919361360337,40,0,1.0,M0_raw_p2p,vi,349,349,oracle,0.0,True,0.0
173.2483940394973,3.9508415921379645,0.06428690547234124,0.011546090190520985,0.00555986981794864,0.005986220372572345,40,0,1.0,M1_raw_p2l,vi,349,349,oracle,0.0,True,0.0
160.92570871365444,3.1063865428204855,0.03127481237083402,0.011546090190520985,0.005878637943355519,0.005667452247165466,40,0,0.8182787670953291,M2_raw_huber,vi,349,349,oracle,0.0,True,0.0
169.2720733117997,3.991851999058081,0.0545375425952909,0.011546090190520985,0.005726366659127534,0.005819723531393451,40,0,1.0,M3_global_corr,vi,349,349,oracle,0.0,True,0.0
123.56571876110657,3.6347869727428144,0.04067068195548539,0.011546090190520985,0.006429039960188775,0.00511705023033221,38,0,1.0,M4_patch_corr,vi,349,349,oracle,0.0,True,0.0
83.67281046651499,1.5150374910421203,0.032620678139623036,0.011546090190520985,0.007398347247406467,0.004147742943114517,40,0,1.0,M5_full_corr,vi,349,349,oracle,0.0,True,0.0
172.88148827307583,3.4847416357988106,0.06796805609905657,0.011944172135407632,0.005973861718651178,0.005970310416756454,40,0,1.0,M0_raw_p2p,vi,350,350,oracle,0.0,True,0.0
172.20327021737893,3.467504423910286,0.06053227444898942,0.011944172135407632,0.006017393157905624,0.005926778977502009,40,0,1.0,M1_raw_p2l,vi,350,350,oracle,0.0,True,0.0
158.49111173799096,2.8184148260768773,0.03535149353419229,0.011944172135407632,0.0064401597953218336,0.005504012340085799,40,0,0.8122775378142965,M2_raw_huber,vi,350,350,oracle,0.0,True,0.0
168.06937314986914,3.4851408912668944,0.05515214666223672,0.011944172135407632,0.006175320569290981,0.005768851566116651,40,0,1.0,M3_global_corr,vi,350,350,oracle,0.0,True,0.0
117.42729459928276,2.1165644426387917,0.04092779226010699,0.011944172135407632,0.00697533107207307,0.004968841063334562,40,0,1.0,M4_patch_corr,vi,350,350,oracle,0.0,True,0.0
81.76619298057967,0.9564942748409385,0.03466987094524554,0.011944172135407632,0.00783889851883115,0.004105273616576482,40,0,1.0,M5_full_corr,vi,350,350,oracle,0.0,True,0.0
171.83727703042388,4.495345528037686,0.06459507598813952,0.01122371081408482,0.00543082379276355,0.00579288702132127,27,0,1.0,M0_raw_p2p,vi,351,351,oracle,0.0,True,0.0
172.72913358392174,4.3371771472371705,0.058709327680425194,0.01122371081408482,0.005462943384451477,0.005760767429633343,20,0,1.0,M1_raw_p2l,vi,351,351,oracle,0.0,True,0.0
157.35274775707472,4.1257240848633945,0.029776189501582524,0.01122371081408482,0.005987056542202411,0.005236654271882409,40,0,0.8013899543361891,M2_raw_huber,vi,351,351,oracle,0.0,True,0.0
167.08723384211967,4.498161434053387,0.052361869867174164,0.01122371081408482,0.00562857134068125,0.00559513947340357,27,0,1.0,M3_global_corr,vi,351,351,oracle,0.0,True,0.0
118.49027818610395,3.657714493004401,0.038947072835030086,0.01122371081408482,0.006387333965513749,0.004836376848571071,31,0,1.0,M4_patch_corr,vi,351,351,oracle,0.0,True,0.0
86.94399379985693,3.00977126166328,0.03505594833947755,0.01122371081408482,0.007110496039612086,0.004113214774472734,40,0,1.0,M5_full_corr,vi,351,351,oracle,0.0,True,0.0
166.19492098149604,3.833318960626821,0.05758493355971541,0.010452592225797808,0.005137915002162603,0.005314677223635204,39,0,1.0,M0_raw_p2p,vi,352,352,oracle,0.0,True,2.1073424255447017e-08
165.9075350215222,2.9605200927403525,0.05657378632484965,0.010452592225797808,0.00516495241448425,0.005287639811313557,40,0,1.0,M1_raw_p2l,vi,352,352,oracle,0.0,True,2.1073424255447017e-08
153.38319404747716,3.570175000709556,0.025463551982339027,0.010452592225797808,0.0056104925533873185,0.004842099672410489,32,0,0.8029534847351735,M2_raw_huber,vi,352,352,oracle,0.0,True,2.1073424255447017e-08
162.14721328343788,3.832944549834648,0.046573861698022065,0.010452592225797808,0.005335033632817752,0.005117558592980056,39,0,1.0,M3_global_corr,vi,352,352,oracle,0.0,True,2.1073424255447017e-08
117.11473713250082,3.192783924789378,0.03417733947762198,0.010452592225797808,0.006069137340577167,0.004383454885220641,40,0,1.0,M4_patch_corr,vi,352,352,oracle,0.0,True,2.1073424255447017e-08
84.02637951855424,2.831707561470006,0.028301257686228407,0.010452592225797808,0.006737297724059478,0.0037152945017383298,35,0,1.0,M5_full_corr,vi,352,352,oracle,0.0,True,2.1073424255447017e-08
160.95233465065365,3.342725559826593,0.051262569341272025,0.009710430163067467,0.004813470873886314,0.004896959289181152,40,0,1.0,M0_raw_p2p,vi,353,353,oracle,0.0,True,0.0
161.3080647790406,2.5755915108764516,0.048624991402822254,0.009710430163067467,0.004839998199374913,0.004870431963692553,33,0,1.0,M1_raw_p2l,vi,353,353,oracle,0.0,True,0.0
149.44595449206145,3.090158231870446,0.02090625399648978,0.009710430163067467,0.005269975719896503,0.004440454443170963,40,0,0.7987064447412314,M2_raw_huber,vi,353,353,oracle,0.0,True,0.0
157.76383271957425,3.3420056551224286,0.04372785973616406,0.009710430163067467,0.005007865877590995,0.004702564285476472,40,0,1.0,M3_global_corr,vi,353,353,oracle,0.0,True,0.0
114.56293381524289,3.2035110559432263,0.03235469404775222,0.009710430163067467,0.005767773340021367,0.003942656823046099,40,0,1.0,M4_patch_corr,vi,353,353,oracle,0.0,True,0.0
77.33738034520958,2.380853990729813,0.025635436102779963,0.009710430163067467,0.006497270601324949,0.0032131595617425172,40,0,1.0,M5_full_corr,vi,353,353,oracle,0.0,True,0.0
155.26263626476873,2.9663485454878415,0.05027112627447837,0.008714255520176467,0.004239258065099407,0.00447499745507706,40,0,1.0,M0_raw_p2p,vi,354,354,oracle,0.0,True,0.0
154.3358859313529,2.322508008355041,0.049121954611892504,0.008714255520176467,0.004255684161912372,0.004458571358264094,40,0,1.0,M1_raw_p2l,vi,354,354,oracle,0.0,True,0.0
144.37807365371145,2.455697648286005,0.017056823726490703,0.008714255520176467,0.0046946275518709646,0.004019627968305502,40,0,0.7948996327167475,M2_raw_huber,vi,354,354,oracle,0.0,True,0.0
152.47634213725175,2.966610775872322,0.04473230680400313,0.008714255520176467,0.004432719700487373,0.004281535819689094,40,0,1.0,M3_global_corr,vi,354,354,oracle,0.0,True,0.0
111.24161813063549,3.641446371044897,0.03523443695075572,0.008714255520176467,0.005130281902891282,0.0035839736172851846,40,0,1.0,M4_patch_corr,vi,354,354,oracle,0.0,True,0.0
70.82069061904511,2.4035113568267454,0.02478682737058222,0.008714255520176467,0.0058285921317321856,0.002885663388444281,40,0,1.0,M5_full_corr,vi,354,354,oracle,0.0,True,0.0
158.50933618194532,2.7605459174326707,0.049320641262534416,0.008881276190697875,0.004241196676546694,0.004640079514151181,40,0,1.0,M0_raw_p2p,vi,355,355,oracle,0.0,True,0.0
155.96257393739597,2.0147985605991994,0.0405425364999631,0.008881276190697875,0.004270130073609882,0.004611146117087993,40,0,1.0,M1_raw_p2l,vi,355,355,oracle,0.0,True,0.0
148.018419762775,1.9842496627724844,0.01841403730771126,0.008881276190697875,0.00462473594806967,0.0042565402426282045,40,0,0.798365642353079,M2_raw_huber,vi,355,355,oracle,0.0,True,0.0
156.02139977415544,2.759537884296178,0.04501188809332153,0.008881276190697875,0.00443567409139859,0.004445602099299285,40,0,1.0,M3_global_corr,vi,355,355,oracle,0.0,True,0.0
114.58597604064144,3.1344181946923224,0.036334538895830396,0.008881276190697875,0.00515989261805086,0.003721383572647015,40,0,1.0,M4_patch_corr,vi,355,355,oracle,0.0,True,0.0
72.14965344453795,2.1237477053598,0.02642236258177737,0.008881276190697875,0.005961785736926207,0.0029194904537716672,40,0,1.0,M5_full_corr,vi,355,355,oracle,0.0,True,0.0
165.47901272871647,4.343815275519645,0.05534146034547198,0.009761624729240793,0.004648050480382383,0.00511357424885841,40,0,1.0,M0_raw_p2p,vi,356,356,oracle,0.0,True,1.4901161193847656e-08
163.01192390228695,4.51711914940539,0.05623055844175231,0.009761624729240793,0.004692866144059649,0.005068758585181144,40,0,1.0,M1_raw_p2l,vi,356,356,oracle,0.0,True,1.4901161193847656e-08
153.39030564961683,3.606374577097984,0.023125863622630388,0.009761624729240793,0.005094805877472575,0.004666818851768218,40,0,0.8012788878054196,M2_raw_huber,vi,356,356,oracle,0.0,True,1.4901161193847656e-08
162.14709055744632,4.345111373030719,0.0475633364648265,0.009761624729240793,0.004844928964891806,0.0049166957643489865,40,0,1.0,M3_global_corr,vi,356,356,oracle,0.0,True,1.4901161193847656e-08
120.76430665384642,4.596260285694582,0.03695776141079834,0.009761624729240793,0.005533387321618958,0.004228237407621835,40,0,1.0,M4_patch_corr,vi,356,356,oracle,0.0,True,1.4901161193847656e-08
78.30886742696347,3.242968340677464,0.02961682531972025,0.009761624729240793,0.006322923580718282,0.003438701148522511,37,0,1.0,M5_full_corr,vi,356,356,oracle,0.0,True,1.4901161193847656e-08
165.83365276758332,4.084533516442024,0.052625125626621756,0.009207829445040786,0.004318497955028366,0.00488933149001242,40,0,1.0,M0_raw_p2p,vi,357,357,oracle,0.0,True,0.0
164.73804344335485,3.9925395067839506,0.04362588689049855,0.009207829445040786,0.004339686629506644,0.004868142815534143,40,0,1.0,M1_raw_p2l,vi,357,357,oracle,0.0,True,0.0
154.70915542736725,3.420699753478886,0.021561523604990508,0.009207829445040786,0.004693689158969768,0.004514140286071018,40,0,0.7981577865396848,M2_raw_huber,vi,357,357,oracle,0.0,True,0.0
162.9760900331692,4.088690059404543,0.04613170008808299,0.009207829445040786,0.004517528716525795,0.004690300728514991,40,0,1.0,M3_global_corr,vi,357,357,oracle,0.0,True,0.0
119.91420347441988,4.176314390454217,0.03509318459088484,0.009207829445040786,0.005239093040565521,0.003968736404475265,40,0,1.0,M4_patch_corr,vi,357,357,oracle,0.0,True,0.0
75.80871203127873,3.0724758249436173,0.026546975666343103,0.009207829445040786,0.006014507581923336,0.0031933218631174506,35,0,1.0,M5_full_corr,vi,357,357,oracle,0.0,True,0.0
169.63934942716384,3.762212842350414,0.054894596369303564,0.00957003181110549,0.00452809805528647,0.0050419337558190195,40,0,1.0,M0_raw_p2p,vi,358,358,oracle,0.0,True,0.0
168.67623780696778,3.4247761309705536,0.05426931199930974,0.00957003181110549,0.0045521842494090714,0.005017847561696418,40,0,1.0,M1_raw_p2l,vi,358,358,oracle,0.0,True,0.0
155.9170830493866,3.157427970510545,0.026675236695435294,0.00957003181110549,0.00496505241493065,0.00460497939617484,40,0,0.8065014356972342,M2_raw_huber,vi,358,358,oracle,0.0,True,0.0
166.45356824294453,3.7644055940139514,0.04649679810377343,0.00957003181110549,0.0047331002473017395,0.00483693156380375,40,0,1.0,M3_global_corr,vi,358,358,oracle,0.0,True,0.0
123.32197035172227,3.741547084778768,0.03447428647596818,0.00957003181110549,0.005449482254046658,0.004120549557058832,40,0,1.0,M4_patch_corr,vi,358,358,oracle,0.0,True,0.0
80.53759342075405,2.690796139715446,0.02846887370506836,0.00957003181110549,0.006232829757304698,0.003337202053800792,35,0,1.0,M5_full_corr,vi,358,358,oracle,0.0,True,0.0
170.3557516662295,3.867689847370476,0.059362147540380515,0.010032734504380695,0.004802598639568618,0.005230135864812077,40,0,1.0,M0_raw_p2p,vi,359,359,oracle,0.0,True,0.0
169.87590122072962,4.094447163816108,0.05494130261045722,0.010032734504380695,0.004843838793225909,0.005188895711154786,40,0,1.0,M1_raw_p2l,vi,359,359,oracle,0.0,True,0.0
157.8924079095667,3.0510141493147525,0.028310851727127155,0.010032734504380695,0.005239412979455264,0.004793321524925431,40,0,0.8115473274675802,M2_raw_huber,vi,359,359,oracle,0.0,True,0.0
166.64282007444532,3.866840814523021,0.0485770044169525,0.010032734504380695,0.0050117774356695345,0.00502095706871116,40,0,1.0,M3_global_corr,vi,359,359,oracle,0.0,True,0.0
124.5285860611102,3.2269276607817834,0.03503044036855292,0.010032734504380695,0.005683621249465494,0.004349113254915201,40,0,1.0,M4_patch_corr,vi,359,359,oracle,0.0,True,0.0
85.08013332756809,2.039212322904574,0.032395901399694414,0.010032734504380695,0.0064159410192782575,0.0036167934851024375,40,0,1.0,M5_full_corr,vi,359,359,oracle,0.0,True,0.0
168.63546543291588,3.366109447756951,0.05869267514360677,0.010354103869843279,0.0050595204056855725,0.0052945834641577065,40,0,1.0,M0_raw_p2p,vi,360,360,oracle,0.0,True,1.4901161193847656e-08
167.78096299156576,3.3661281260109024,0.04981404515209991,0.010354103869843279,0.005105381721170259,0.00524872214867302,40,0,1.0,M1_raw_p2l,vi,360,360,oracle,0.0,True,1.4901161193847656e-08
155.5764177908474,2.2932674744629553,0.027145785505445517,0.010354103869843279,0.005638558528045793,0.004715545341797486,40,0,0.7990188389859304,M2_raw_huber,vi,360,360,oracle,0.0,True,1.4901161193847656e-08
165.01259190887387,3.3662336082391056,0.04873586086115282,0.010354103869843279,0.0052642243247603806,0.005089879545082898,40,0,1.0,M3_global_corr,vi,360,360,oracle,0.0,True,1.4901161193847656e-08
123.02730110679927,3.204898658911335,0.035550392528639285,0.010354103869843279,0.005954497753062672,0.004399606116780607,40,0,1.0,M4_patch_corr,vi,360,360,oracle,0.0,True,1.4901161193847656e-08
81.69971055284512,1.5902431422068806,0.03267475876580782,0.010354103869843279,0.0067505660449276896,0.0036035378249155894,40,0,1.0,M5_full_corr,vi,360,360,oracle,0.0,True,1.4901161193847656e-08
171.20768820066706,4.327631362503797,0.06188844817172383,0.010927620318607015,0.005252359807485833,0.0056752605111211815,32,0,1.0,M0_raw_p2p,vi,361,361,oracle,0.0,True,0.0
169.52824043085636,3.905389398921264,0.051902620884938085,0.010927620318607015,0.005300143923764779,0.0056274763948422355,40,0,1.0,M1_raw_p2l,vi,361,361,oracle,0.0,True,0.0
157.48711577823104,3.8261292513731586,0.028694602439063993,0.010927620318607015,0.0058183156071516026,0.005109304711455412,40,0,0.7987013619017533,M2_raw_huber,vi,361,361,oracle,0.0,True,0.0
166.92745968522675,4.331917096189183,0.05147646591427229,0.010927620318607015,0.0054408870487819855,0.005486733269825029,33,0,1.0,M3_global_corr,vi,361,361,oracle,0.0,True,0.0
127.5595345364334,4.719451175316599,0.03807579354078146,0.010927620318607015,0.006095387836671363,0.004832232481935652,35,0,1.0,M4_patch_corr,vi,361,361,oracle,0.0,True,0.0
87.68855882700664,3.7530749521126316,0.03637606242087199,0.010927620318607015,0.006938742346090441,0.003988877972516573,40,0,1.0,M5_full_corr,vi,361,361,oracle,0.0,True,0.0
166.20147833976384,3.7097191912150804,0.061557164086631755,0.010551808758029968,0.004978282578240157,0.005573526179789811,35,0,1.0,M0_raw_p2p,vi,362,362,oracle,0.0,True,0.0
163.25716144548406,3.274339745102343,0.05409235141046383,0.010551808758029968,0.005022479819067284,0.005529328938962684,12,0,1.0,M1_raw_p2l,vi,362,362,oracle,0.0,True,0.0
155.07713544577408,3.4174338473529824,0.02786171775000844,0.010551808758029968,0.005505460569443123,0.005046348188586845,40,0,0.8013317449597815,M2_raw_huber,vi,362,362,oracle,0.0,True,0.0
161.8683026385574,3.7119983222491006,0.0513216586908764,0.010551808758029968,0.005166956735956203,0.0053848520220737646,34,0,1.0,M3_global_corr,vi,362,362,oracle,0.0,True,0.0
121.19894018539061,4.198826305118711,0.038001681222512386,0.010551808758029968,0.005861568789248233,0.004690239968781735,40,0,1.0,M4_patch_corr,vi,362,362,oracle,0.0,True,0.0
83.95067522653581,3.3079040891160214,0.037206595342064164,0.010551808758029968,0.006686490564367164,0.003865318193662804,36,0,1.0,M5_full_corr,vi,362,362,oracle,0.0,True,0.0
164.1743308436783,3.4955912252082237,0.059743527514963375,0.010301470722155379,0.004871964255315897,0.005429506466839482,36,0,1.0,M0_raw_p2p,vi,363,363,oracle,0.0,True,0.0
161.49238912063413,2.5975399846091687,0.056812843598746554,0.010301470722155379,0.004913537234868832,0.005387933487286547,40,0,1.0,M1_raw_p2l,vi,363,363,oracle,0.0,True,0.0
152.03329284373362,2.992013035428204,0.0237909882288373,0.010301470722155379,0.005359611493985979,0.0049418592281694,40,0,0.8109913073490476,M2_raw_huber,vi,363,363,oracle,0.0,True,0.0
159.95814717720708,3.491878176835119,0.050058939191860316,0.010301470722155379,0.005061777486323002,0.005239693235832377,36,0,1.0,M3_global_corr,vi,363,363,oracle,0.0,True,0.0
120.95695076121604,4.266693329048976,0.036774673959327764,0.010301470722155379,0.005710926017763071,0.004590544704392308,35,0,1.0,M4_patch_corr,vi,363,363,oracle,0.0,True,0.0
83.76489006234918,3.4182102308723907,0.03578956641782666,0.010301470722155379,0.006526442158497083,0.003775028563658296,30,0,1.0,M5_full_corr,vi,363,363,oracle,0.0,True,0.0
159.05324592287468,3.1228107073233207,0.05790580486016455,0.010019552106841304,0.004972898108287171,0.005046653998554133,40,0,1.0,M0_raw_p2p,vi,364,364,oracle,0.0,True,0.0
155.96901076374775,2.425768075473081,0.05447729212879345,0.010019552106841304,0.005013781214925565,0.005005770891915739,40,0,1.0,M1_raw_p2l,vi,364,364,oracle,0.0,True,0.0
146.9893985813967,2.6508144865794607,0.02182616474064598,0.010019552106841304,0.005447447626163177,0.004572104480678127,40,0,0.8088097702923313,M2_raw_huber,vi,364,364,oracle,0.0,True,0.0
154.70384206343525,3.11984458223575,0.0479104180341686,0.010019552106841304,0.005163310531146914,0.0048562415756943905,40,0,1.0,M3_global_corr,vi,364,364,oracle,0.0,True,0.0
117.66796238468564,3.921698696369561,0.034814082880654185,0.010019552106841304,0.00577748453349574,0.004242067573345564,40,0,1.0,M4_patch_corr,vi,364,364,oracle,0.0,True,0.0
74.16391604266133,2.1930365369325955,0.03176025671095376,0.010019552106841304,0.006748478283724438,0.0032710738231168665,40,0,1.0,M5_full_corr,vi,364,364,oracle,0.0,True,0.0
158.47046499601885,2.778150786225387,0.053817471909882855,0.009589975812233377,0.004633939479959166,0.00495603633227421,40,0,1.0,M0_raw_p2p,vi,365,365,oracle,0.0,True,1.4901161193847656e-08
155.93660517053812,1.940989470745624,0.052949142993057745,0.009589975812233377,0.004664965123824016,0.00492501068840936,15,0,1.0,M1_raw_p2l,vi,365,365,oracle,0.0,True,1.4901161193847656e-08
147.1954650842673,1.9643763983752562,0.019629309023340674,0.009589975812233377,0.00508194715405672,0.004508028658176656,40,0,0.7979197974050382,M2_raw_huber,vi,365,365,oracle,0.0,True,1.4901161193847656e-08
155.1178768834811,2.7763338814871314,0.04817126478490257,0.009589975812233377,0.004821737540002344,0.004768238272231033,40,0,1.0,M3_global_corr,vi,365,365,oracle,0.0,True,1.4901161193847656e-08
117.75574402196195,4.283426449841293,0.037603559667305185,0.009589975812233377,0.0054807084678696345,0.004109267344363742,40,0,1.0,M4_patch_corr,vi,365,365,oracle,0.0,True,1.4901161193847656e-08
71.90169632270639,2.454827980365774,0.02936306195048667,0.009589975812233377,0.006433007231438089,0.0031569685807952873,40,0,1.0,M5_full_corr,vi,365,365,oracle,0.0,True,1.4901161193847656e-08
160.98736408454636,4.099764068209859,0.05444525127372292,0.009445838958685438,0.004148489328700229,0.005297349629985209,40,0,1.0,M0_raw_p2p,vi,366,366,oracle,0.0,True,0.0
162.1820358587388,3.9681652443349753,0.04969531724941619,0.009445838958685438,0.004176031375983535,0.005269807582701903,40,0,1.0,M1_raw_p2l,vi,366,366,oracle,0.0,True,0.0
151.96608702111396,3.619127300425849,0.02392405946011058,0.009445838958685438,0.004595584420722929,0.004850254537962509,40,0,0.7810970897881532,M2_raw_huber,vi,366,366,oracle,0.0,True,0.0
157.7726079751192,4.098656671553144,0.05138619526920612,0.009445838958685438,0.004331400337457378,0.00511443862122806,40,0,1.0,M3_global_corr,vi,366,366,oracle,0.0,True,0.0
120.41070044545441,5.703135609007041,0.04058744273315567,0.009445838958685438,0.005000101496626279,0.004445737462059159,33,0,1.0,M4_patch_corr,vi,366,366,oracle,0.0,True,0.0
77.69296728126537,3.95833023858529,0.03150059611217264,0.009445838958685438,0.005857903501924286,0.003587935456761152,40,0,1.0,M5_full_corr,vi,366,366,oracle,0.0,True,0.0
164.2930742779383,4.252162045275318,0.05810216710322133,0.01010168731429104,0.004572972230323607,0.005528715083967432,40,0,1.0,M0_raw_p2p,vi,367,367,oracle,0.0,True,1.4901161193847656e-08
163.31944195227035,3.8474059855850764,0.05548272076917192,0.01010168731429104,0.004635367879933331,0.0054663194343577085,40,0,1.0,M1_raw_p2l,vi,367,367,oracle,0.0,True,1.4901161193847656e-08
154.05274227080255,3.345247713528155,0.028466795931446767,0.01010168731429104,0.0050770890001317365,0.005024598314159303,40,0,0.7863382449430617,M2_raw_huber,vi,367,367,oracle,0.0,True,1.4901161193847656e-08
160.69746847152302,4.250657850243532,0.05520174219488111,0.01010168731429104,0.004739941390958886,0.005361745923332153,40,0,1.0,M3_global_corr,vi,367,367,oracle,0.0,True,1.4901161193847656e-08
122.76858354033104,5.183861389940222,0.04204066430293441,0.01010168731429104,0.005355049538310293,0.004746637775980746,40,0,1.0,M4_patch_corr,vi,367,367,oracle,0.0,True,1.4901161193847656e-08
82.57175108220457,3.3984110079098078,0.03295315717107754,0.01010168731429104,0.006232670739437711,0.0038690165748533284,40,0,1.0,M5_full_corr,vi,367,367,oracle,0.0,True,1.4901161193847656e-08
167.3966141809955,4.1265131246721145,0.059980981850695704,0.010692217906898538,0.00501675615063034,0.005675461756268198,40,0,1.0,M0_raw_p2p,vi,368,368,oracle,0.0,True,2.1073424255447017e-08
169.74059604351672,4.419130716341455,0.055763622463114275,0.010692217906898538,0.0050712592774747834,0.005620958629423754,40,0,1.0,M1_raw_p2l,vi,368,368,oracle,0.0,True,2.1073424255447017e-08
155.27008807498268,3.0279508487257516,0.03239356150916004,0.010692217906898538,0.005603300389760444,0.005088917517138094,40,0,0.7968984148093328,M2_raw_huber,vi,368,368,oracle,0.0,True,2.1073424255447017e-08
163.2150749666099,4.126585610302686,0.055191055771011154,0.010692217906898538,0.005201108561476103,0.005491109345422435,40,0,1.0,M3_global_corr,vi,368,368,oracle,0.0,True,2.1073424255447017e-08
124.19994614372291,4.8649326907749995,0.039715566531020464,0.010692217906898538,0.0058173616635891585,0.004874856243309379,35,0,1.0,M4_patch_corr,vi,368,368,oracle,0.0,True,2.1073424255447017e-08
88.66873795001804,2.979242914857163,0.032428378794095894,0.010692217906898538,0.006571456684809691,0.004120761222088846,34,0,1.0,M5_full_corr,vi,368,368,oracle,0.0,True,2.1073424255447017e-08
171.4834882637818,5.2273085685268175,0.0642108292029118,0.010652192311867592,0.00472884256333906,0.005923349748528532,28,0,1.0,M0_raw_p2p,vi,369,369,oracle,0.0,True,2.1073424255447017e-08
173.04460656279653,5.442924952815289,0.0581245926491175,0.010652192311867592,0.004764687762235642,0.00588750454963195,40,0,1.0,M1_raw_p2l,vi,369,369,oracle,0.0,True,2.1073424255447017e-08
160.66401945247534,4.607127848673842,0.030052993171357237,0.010652192311867592,0.005168473507594786,0.005483718804272806,40,0,0.8038139335783375,M2_raw_huber,vi,369,369,oracle,0.0,True,2.1073424255447017e-08
166.82451271072748,5.2255652713317655,0.056377426756948235,0.010652192311867592,0.004918010970906082,0.00573418134096151,28,0,1.0,M3_global_corr,vi,369,369,oracle,0.0,True,2.1073424255447017e-08
128.8420347176269,5.905815658511793,0.03946425108439158,0.010652192311867592,0.005535419102372519,0.005116773209495073,33,0,1.0,M4_patch_corr,vi,369,369,oracle,0.0,True,2.1073424255447017e-08
96.89678172878988,4.136439634666095,0.03526730767748164,0.010652192311867592,0.006086011917573798,0.004566180394293794,40,0,1.0,M5_full_corr,vi,369,369,oracle,0.0,True,2.1073424255447017e-08
170.63423868618747,3.9550391882661713,0.06146909111516606,0.010616135186441113,0.004876776435229317,0.005739358751211796,40,0,1.0,M0_raw_p2p,vi,370,370,oracle,0.0,True,0.0
168.50442744846325,3.6492610819075457,0.05857147114443981,0.010616135186441113,0.004915355508656722,0.005700779677784391,40,0,1.0,M1_raw_p2l,vi,370,370,oracle,0.0,True,0.0
158.6941689642653,3.2282332786227945,0.028202320736228678,0.010616135186441113,0.0053556206158907865,0.005260514570550327,40,0,0.8000255563459487,M2_raw_huber,vi,370,370,oracle,0.0,True,0.0
166.60274826177556,3.955039188266169,0.054771727553192276,0.010616135186441113,0.005061722730256795,0.005554412456184318,40,0,1.0,M3_global_corr,vi,370,370,oracle,0.0,True,0.0
129.71351738644546,4.817962213240901,0.037574775177750326,0.010616135186441113,0.0056746363093156315,0.0049414988771254815,40,0,1.0,M4_patch_corr,vi,370,370,oracle,0.0,True,0.0
100.12116917164634,2.7998491911959635,0.029891164015212256,0.010616135186441113,0.0061388360700006675,0.0044772991164404455,40,0,1.0,M5_full_corr,vi,370,370,oracle,0.0,True,0.0
171.3102859538438,4.697429727840279,0.061690324035755154,0.010023523521780663,0.004242737799231577,0.005780785722549087,29,0,1.0,M0_raw_p2p,vi,371,371,oracle,0.0,True,2.1073424255447017e-08
168.45241177272948,4.036453871716452,0.05827487397454319,0.010023523521780663,0.004268362694347752,0.005755160827432911,40,0,1.0,M1_raw_p2l,vi,371,371,oracle,0.0,True,2.1073424255447017e-08
159.94894463077696,4.245511984194525,0.02696924068536239,0.010023523521780663,0.004686431357574211,0.005337092164206452,40,0,0.787541608688346,M2_raw_huber,vi,371,371,oracle,0.0,True,2.1073424255447017e-08
167.5641947307099,4.69603706046955,0.05464362422356798,0.010023523521780663,0.004424687534519529,0.005598835987261134,29,0,1.0,M3_global_corr,vi,371,371,oracle,0.0,True,2.1073424255447017e-08
129.8769840467155,5.211667531317531,0.03581987132959019,0.010023523521780663,0.005040126744280529,0.004983396777500134,35,0,1.0,M4_patch_corr,vi,371,371,oracle,0.0,True,2.1073424255447017e-08
104.14062293495445,3.829242923738713,0.02959391385287281,0.010023523521780663,0.0053616523372708585,0.004661871184509805,39,0,1.0,M5_full_corr,vi,371,371,oracle,0.0,True,2.1073424255447017e-08
165.88861857532095,3.376357724130072,0.05760689421870546,0.00959237079715435,0.004168970730458358,0.005423400066695993,40,0,1.0,M0_raw_p2p,vi,372,372,oracle,0.0,True,2.1073424255447017e-08
163.56213846051958,2.5906696382971592,0.05313654261656632,0.00959237079715435,0.0041957525477196835,0.005396618249434667,40,0,1.0,M1_raw_p2l,vi,372,372,oracle,0.0,True,2.1073424255447017e-08
155.63585721250104,3.154006850864966,0.024698129530125897,0.00959237079715435,0.004558123994017638,0.0050342468031367126,40,0,0.7849426584966451,M2_raw_huber,vi,372,372,oracle,0.0,True,2.1073424255447017e-08
162.70058490554104,3.379941232725069,0.05247995743936172,0.00959237079715435,0.004337621281216123,0.0052547495159382274,40,0,1.0,M3_global_corr,vi,372,372,oracle,0.0,True,2.1073424255447017e-08
125.79637984648403,3.71922490984999,0.03372156910769815,0.00959237079715435,0.004957911714133275,0.004634459083021076,40,0,1.0,M4_patch_corr,vi,372,372,oracle,0.0,True,2.1073424255447017e-08
101.24571549197245,2.702547529815679,0.02508043260041242,0.00959237079715435,0.005268358775015377,0.004324012022138973,40,0,1.0,M5_full_corr,vi,372,372,oracle,0.0,True,2.1073424255447017e-08
162.61570081537326,2.968674059796794,0.05410982458245119,0.008722781411555615,0.003674990844905234,0.005047790566650381,40,0,1.0,M0_raw_p2p,vi,373,373,oracle,0.0,True,0.0
159.77364705724528,2.4030029766225454,0.051211484145995224,0.008722781411555615,0.0037000687238797326,0.005022712687675882,40,0,1.0,M1_raw_p2l,vi,373,373,oracle,0.0,True,0.0
151.51405060400026,2.3424193550448997,0.021248994476073615,0.008722781411555615,0.0039747881152843055,0.004747993296271309,40,0,0.7850592774943544,M2_raw_huber,vi,373,373,oracle,0.0,True,0.0
160.359459079314,2.96938932848056,0.0504779824331677,0.008722781411555615,0.0038325766040837486,0.004890204807471866,40,0,1.0,M3_global_corr,vi,373,373,oracle,0.0,True,0.0
126.80905746785808,3.240004030149513,0.03288808801346699,0.008722781411555615,0.004460006697927818,0.004262774713627797,40,0,1.0,M4_patch_corr,vi,373,373,oracle,0.0,True,0.0
101.93915398581926,1.95972442740086,0.022435977570044865,0.008722781411555615,0.004646094114104214,0.004076687297451401,40,0,1.0,M5_full_corr,vi,373,373,oracle,0.0,True,0.0
159.59807110924135,3.6648203192842828,0.051850000155139936,0.008266530705324423,0.003377598782776963,0.00488893192254746,40,0,1.0,M0_raw_p2p,vi,374,374,oracle,0.0,True,0.0
157.64319625999082,3.208741235728158,0.06353723820970955,0.008266530705324423,0.0034069062233671333,0.00485962448195729,40,0,1.0,M1_raw_p2l,vi,374,374,oracle,0.0,True,0.0
149.99281826433653,3.4242616528551446,0.01951183587042021,0.008266530705324423,0.003579590359710859,0.004686940345613564,40,0,0.7883592434653283,M2_raw_huber,vi,374,374,oracle,0.0,True,0.0
157.87068659788133,3.663240972443704,0.05103665642536499,0.008266530705324423,0.0035152775664189784,0.004751253138905445,40,0,1.0,M3_global_corr,vi,374,374,oracle,0.0,True,0.0
124.66317742393504,4.520285718665049,0.03428330862006735,0.008266530705324423,0.004146000166558851,0.004120530538765572,40,0,1.0,M4_patch_corr,vi,374,374,oracle,0.0,True,0.0
86.19403805673734,2.005177969006417,0.022715029398653105,0.008266530705324423,0.004680859758863018,0.003585670946461405,40,0,1.0,M5_full_corr,vi,374,374,oracle,0.0,True,0.0
160.0612723456161,3.236908343009573,0.051982007584707564,0.00856985082832607,0.003599976089088386,0.004969874739237684,40,0,1.0,M0_raw_p2p,vi,375,375,oracle,0.0,True,0.0
157.64823349393808,2.6339785982653585,0.055251370944283444,0.00856985082832607,0.0036271661025474872,0.004942684725778582,40,0,1.0,M1_raw_p2l,vi,375,375,oracle,0.0,True,0.0
150.8369295113812,2.479226875402514,0.01946785719436948,0.00856985082832607,0.0038266809659915505,0.004743169862334519,40,0,0.7805093627186076,M2_raw_huber,vi,375,375,oracle,0.0,True,0.0
158.74686124515165,3.2310145011784335,0.05316758365549618,0.00856985082832607,0.003756661747664474,0.004813189080661596,40,0,1.0,M3_global_corr,vi,375,375,oracle,0.0,True,0.0
125.40226314716062,3.7158550375678137,0.03645099579858586,0.00856985082832607,0.004358776659798831,0.004211074168527239,40,0,1.0,M4_patch_corr,vi,375,375,oracle,0.0,True,0.0
84.04649018489286,1.2797066528332424,0.023150530295369124,0.00856985082832607,0.004989393962169615,0.003580456866156455,40,0,1.0,M5_full_corr,vi,375,375,oracle,0.0,True,0.0
166.81057477328378,4.538573046353434,0.05384969894177422,0.009329952571695607,0.004082491735194074,0.005247460836501533,40,0,1.0,M0_raw_p2p,vi,376,376,oracle,0.0,True,0.0
164.6847440464722,4.626871029015327,0.05439159981870765,0.009329952571695607,0.00411885263689757,0.005211099934798036,21,0,1.0,M1_raw_p2l,vi,376,376,oracle,0.0,True,0.0
154.22829636522,3.4946594311689188,0.022621471576441586,0.009329952571695607,0.004416072369828154,0.004913880201867452,40,0,0.7828358249949012,M2_raw_huber,vi,376,376,oracle,0.0,True,0.0
164.55897941199066,4.533786575835432,0.052048766041834706,0.009329952571695607,0.004236795371915941,0.005093157199779665,40,0,1.0,M3_global_corr,vi,376,376,oracle,0.0,True,0.0
129.9884119641889,4.518846418941545,0.03353407695053149,0.009329952571695607,0.004838773310533742,0.004491179261161864,35,0,1.0,M4_patch_corr,vi,376,376,oracle,0.0,True,0.0
93.9556308816805,2.150526520179707,0.024061759744672995,0.009329952571695607,0.005380826583080827,0.00394912598861478,40,0,1.0,M5_full_corr,vi,376,376,oracle,0.0,True,0.0
166.41783098802082,3.94601184062065,0.05350356169928884,0.009118599095918029,0.004037709987032565,0.005080889108885464,40,0,1.0,M0_raw_p2p,vi,377,377,oracle,0.0,True,0.0
163.89446868750488,3.5820888085181477,0.0478064507908901,0.009118599095918029,0.004069945390308434,0.005048653705609594,40,0,1.0,M1_raw_p2l,vi,377,377,oracle,0.0,True,0.0
154.4000751110944,2.9965157097546413,0.02172462111444668,0.009118599095918029,0.00434793995209535,0.004770659143822679,40,0,0.7895107549632217,M2_raw_huber,vi,377,377,oracle,0.0,True,0.0
164.0468120552154,3.943985097846186,0.051693276280607735,0.009118599095918029,0.004204798694559829,0.0049138004013581996,40,0,1.0,M3_global_corr,vi,377,377,oracle,0.0,True,0.0
127.33489078838781,4.111272117242214,0.03332244903906006,0.009118599095918029,0.004803645413161688,0.004314953682756341,40,0,1.0,M4_patch_corr,vi,377,377,oracle,0.0,True,0.0
92.95977579143971,1.8338959755474873,0.024313027462329728,0.009118599095918029,0.005342476050388828,0.0037761230455292004,40,0,1.0,M5_full_corr,vi,377,377,oracle,0.0,True,0.0
167.2416142399549,4.9246078427543,0.0564961584739663,0.009765200535736889,0.004599274091860456,0.0051659264438764325,33,0,1.0,M0_raw_p2p,vi,378,378,oracle,0.0,True,0.0
167.0952373831806,4.961712049917357,0.04664295927335795,0.009765200535736889,0.004628666370920296,0.0051365341648165926,40,0,1.0,M1_raw_p2l,vi,378,378,oracle,0.0,True,0.0
155.4091047876993,3.817874653136019,0.028845779292486506,0.009765200535736889,0.00501228941348744,0.004752911122249449,40,0,0.791186189270462,M2_raw_huber,vi,378,378,oracle,0.0,True,0.0
163.96454220489525,4.921341101337461,0.051976564052530774,0.009765200535736889,0.004776395980610232,0.004988804555126657,33,0,1.0,M3_global_corr,vi,378,378,oracle,0.0,True,0.0
127.64735123466487,4.650355193423325,0.03140333276761631,0.009765200535736889,0.005323695236876138,0.0044415052988607505,35,0,1.0,M4_patch_corr,vi,378,378,oracle,0.0,True,0.0
97.82465649345268,2.803838333039825,0.024547845026837094,0.009765200535736889,0.005896470594924686,0.003868729940812203,40,0,1.0,M5_full_corr,vi,378,378,oracle,0.0,True,0.0
166.0190048504603,3.816156614183766,0.05658596224815254,0.010257995203972052,0.005104045226435353,0.005153949977536699,40,0,1.0,M0_raw_p2p,vi,379,379,oracle,0.0,True,1.4901161193847656e-08
163.74175533531704,3.291538690736603,0.05357360711064742,0.010257995203972052,0.005140489599775866,0.005117505604196186,40,0,1.0,M1_raw_p2l,vi,379,379,oracle,0.0,True,1.4901161193847656e-08
153.4716087960104,2.6545482968068597,0.02650712364373742,0.010257995203972052,0.005630552429517634,0.004627442774454418,40,0,0.787582696160421,M2_raw_huber,vi,379,379,oracle,0.0,True,1.4901161193847656e-08
162.47231009179714,3.8148269425310204,0.0506871243508711,0.010257995203972052,0.005289462957381498,0.004968532246590554,40,0,1.0,M3_global_corr,vi,379,379,oracle,0.0,True,1.4901161193847656e-08
128.8480232625672,3.5335791957313636,0.029745038437125566,0.010257995203972052,0.00579715675315514,0.0044608384508169115,40,0,1.0,M4_patch_corr,vi,379,379,oracle,0.0,True,1.4901161193847656e-08
99.57809866305438,1.678754673628497,0.024589008976014903,0.010257995203972052,0.006274644651687028,0.003983350552285023,40,0,1.0,M5_full_corr,vi,379,379,oracle,0.0,True,1.4901161193847656e-08
168.44528313870774,4.722663870856223,0.06416454109392895,0.010921920152609451,0.0051851649776439405,0.0057367551749655105,28,0,1.0,M0_raw_p2p,vi,380,380,oracle,0.0,True,0.0
169.238091933232,4.3604579614125365,0.05983150127052506,0.010921920152609451,0.005238088712185736,0.005683831440423715,40,0,1.0,M1_raw_p2l,vi,380,380,oracle,0.0,True,0.0
155.01695329028058,3.9845003885658956,0.029522057689487763,0.010921920152609451,0.00580197092548956,0.005119949227119891,40,0,0.7920888240780022,M2_raw_huber,vi,380,380,oracle,0.0,True,0.0
163.51938632953883,4.723684950192632,0.05405117266267019,0.010921920152609451,0.005372803744236622,0.005549116408372829,28,0,1.0,M3_global_corr,vi,380,380,oracle,0.0,True,0.0
130.00945597239098,4.313859539947805,0.031926782193862746,0.010921920152609451,0.005831004839825127,0.005090915312784324,37,0,1.0,M4_patch_corr,vi,380,380,oracle,0.0,True,0.0
102.833669867179,2.611499820426959,0.03233024129317692,0.010921920152609451,0.0063454944227194325,0.0045764257298900185,40,0,1.0,M5_full_corr,vi,380,380,oracle,0.0,True,0.0
162.5683267147451,3.397162433845424,0.05811991739193785,0.010935509829354378,0.005599075626044566,0.005336434203309812,40,0,1.0,M0_raw_p2p,vi,381,381,oracle,0.0,True,0.0
160.0305800233111,2.784275873360115,0.05782092282667457,0.010935509829354378,0.00567516806317778,0.005260341766176598,40,0,1.0,M1_raw_p2l,vi,381,381,oracle,0.0,True,0.0
150.63654955005325,2.7098113972916886,0.025455309790813962,0.010935509829354378,0.006259370556475548,0.00467613927287883,40,0,0.7855123152106276,M2_raw_huber,vi,381,381,oracle,0.0,True,0.0
158.1518596673989,3.398618539316686,0.05015726196626654,0.010935509829354378,0.005782260487370725,0.005153249341983653,39,0,1.0,M3_global_corr,vi,381,381,oracle,0.0,True,0.0
125.20797740359032,3.173539094160922,0.030261627395935613,0.010935509829354378,0.006254064122916887,0.004681445706437491,40,0,1.0,M4_patch_corr,vi,381,381,oracle,0.0,True,0.0
98.88781083955476,1.5552007295602717,0.02620748136044357,0.010935509829354378,0.006708719173986622,0.004226790655367756,40,0,1.0,M5_full_corr,vi,381,381,oracle,0.0,True,0.0
164.78063883112978,4.088057970907545,0.0570269673270298,0.010200795901916993,0.004835911478222595,0.005364884423694398,33,0,1.0,M0_raw_p2p,vi,382,382,oracle,0.0,True,2.1073424255447017e-08
165.58083697590553,3.8590042809108427,0.06075347305799646,0.010200795901916993,0.004882967823697716,0.005317828078219277,40,0,1.0,M1_raw_p2l,vi,382,382,oracle,0.0,True,2.1073424255447017e-08
151.42755870349046,3.5922717209533293,0.021038660335475978,0.010200795901916993,0.005401206201867515,0.0047995897000494775,40,0,0.7841428598080883,M2_raw_huber,vi,382,382,oracle,0.0,True,2.1073424255447017e-08
160.79511209673495,4.087373033894304,0.050407230442749175,0.010200795901916993,0.005015853290398553,0.00518494261151844,33,0,1.0,M3_global_corr,vi,382,382,oracle,0.0,True,2.1073424255447017e-08
126.34221751538557,4.204510645380964,0.03179040989965514,0.010200795901916993,0.005494974370135312,0.004705821531781681,31,0,1.0,M4_patch_corr,vi,382,382,oracle,0.0,True,2.1073424255447017e-08
99.29879482724247,2.5524479863457086,0.027071705936495577,0.010200795901916993,0.005917479984666793,0.0042833159172502,37,0,1.0,M5_full_corr,vi,382,382,oracle,0.0,True,2.1073424255447017e-08
157.10343081183095,3.50856214269293,0.05263004021517204,0.009869899251087914,0.00493413347501824,0.004935765776069674,40,0,1.0,M0_raw_p2p,vi,383,383,oracle,0.0,True,0.0
153.39318753213504,2.504046239897138,0.04127818192907845,0.009869899251087914,0.004998066863199616,0.004871832387888298,27,0,1.0,M1_raw_p2l,vi,383,383,oracle,0.0,True,0.0
144.5817182232416,2.7077349173587613,0.021038838053217566,0.009869899251087914,0.005593538648623964,0.00427636060246395,40,0,0.7824924581470301,M2_raw_huber,vi,383,383,oracle,0.0,True,0.0
153.52709341453667,3.5016728813562357,0.047585162707697866,0.009869899251087914,0.005124344090378805,0.004745555160709109,40,0,1.0,M3_global_corr,vi,383,383,oracle,0.0,True,0.0
119.52725962221176,3.9227791416970486,0.0321921413507567,0.009869899251087914,0.00557984712192177,0.004290052129166144,39,0,1.0,M4_patch_corr,vi,383,383,oracle,0.0,True,0.0
91.19951187856168,2.236362049538635,0.025700987669440085,0.009869899251087914,0.005970086193334604,0.00389981305775331,40,0,1.0,M5_full_corr,vi,383,383,oracle,0.0,True,0.0
160.46163616501133,4.190014922153236,0.052272284876904426,0.009511003895940019,0.004454814583725214,0.005056189312214805,32,0,1.0,M0_raw_p2p,vi,384,384,oracle,0.0,True,0.0
158.5250896765122,3.5890772820853103,0.04527476656100374,0.009511003895940019,0.004500055623991069,0.00501094827194895,40,0,1.0,M1_raw_p2l,vi,384,384,oracle,0.0,True,0.0
148.752912994422,3.550430425983199,0.020269058071203903,0.009511003895940019,0.0049924088665383405,0.004518595029401678,40,0,0.7755174859029517,M2_raw_huber,vi,384,384,oracle,0.0,True,0.0
157.32913697869714,4.190106932862719,0.05007045015298107,0.009511003895940019,0.00463264282887992,0.004878361067060099,32,0,1.0,M3_global_corr,vi,384,384,oracle,0.0,True,0.0
121.05819949489958,4.660896597314744,0.03520937936114662,0.009511003895940019,0.005136997622936828,0.004374006273003191,38,0,1.0,M4_patch_corr,vi,384,384,oracle,0.0,True,0.0
91.92025963742367,3.1917163292122592,0.027519147330852423,0.009511003895940019,0.005527148136963095,0.0039838557589769235,32,0,1.0,M5_full_corr,vi,384,384,oracle,0.0,True,0.0
159.6172913198029,3.618126120288611,0.052650345570252666,0.009300174444740536,0.004296024337040496,0.00500415010770004,40,0,1.0,M0_raw_p2p,vi,385,385,oracle,0.0,True,1.4901161193847656e-08
160.87663566805043,3.726735769659914,0.040645354801915626,0.009300174444740536,0.004332411877244584,0.004967762567495952,40,0,1.0,M1_raw_p2l,vi,385,385,oracle,0.0,True,1.4901161193847656e-08
149.0809301966489,2.697508456254624,0.023333292681412838,0.009300174444740536,0.004797949689404159,0.004502224755336377,40,0,0.7764743094009964,M2_raw_huber,vi,385,385,oracle,0.0,True,1.4901161193847656e-08
156.92926060810936,3.624147234794052,0.0520315897195337,0.009300174444740536,0.004471614259528383,0.004828560185212153,40,0,1.0,M3_global_corr,vi,385,385,oracle,0.0,True,1.4901161193847656e-08
120.89646732350747,3.6712972855027783,0.03636257721340212,0.009300174444740536,0.004922817214868295,0.00437735722987224,40,0,1.0,M4_patch_corr,vi,385,385,oracle,0.0,True,1.4901161193847656e-08
92.64337372923852,2.5012971469387515,0.02930107043025162,0.009300174444740536,0.005334737673690131,0.003965436771050405,37,0,1.0,M5_full_corr,vi,385,385,oracle,0.0,True,1.4901161193847656e-08
161.34901489773003,4.681437196344925,0.0534199406464529,0.009254304838056405,0.004307015744873748,0.0049472890931826575,34,0,1.0,M0_raw_p2p,vi,386,386,oracle,0.0,True,0.0
159.04937807907373,4.4651918375253885,0.056039319938380926,0.009254304838056405,0.004367359511823706,0.004886945326232699,40,0,1.0,M1_raw_p2l,vi,386,386,oracle,0.0,True,0.0
151.88706949733944,3.8328287663549654,0.023118301450368937,0.009254304838056405,0.004705650322972078,0.004548654515084327,40,0,0.7704010933820731,M2_raw_huber,vi,386,386,oracle,0.0,True,0.0
159.056013320564,4.683647350421872,0.05428920731771253,0.009254304838056405,0.00447871967105028,0.004775585167006125,34,0,1.0,M3_global_corr,vi,386,386,oracle,0.0,True,0.0
116.28275051087076,5.011823111119013,0.03705554782905714,0.009254304838056405,0.004988687897282648,0.004265616940773757,40,0,1.0,M4_patch_corr,vi,386,386,oracle,0.0,True,0.0
89.81189773110299,3.885644110041608,0.02970072533058228,0.009254304838056405,0.005434387471371624,0.0038199173666847814,40,0,1.0,M5_full_corr,vi,386,386,oracle,0.0,True,0.0
158.9842493735495,3.3520315245888037,0.05438657049635958,0.009132264708130382,0.004124325511072746,0.005007939197057636,40,0,1.0,M0_raw_p2p,vi,387,387,oracle,0.0,True,0.0
156.30860239629303,3.0223012988240927,0.048909902743076654,0.009132264708130382,0.004169029814602144,0.004963234893528238,40,0,1.0,M1_raw_p2l,vi,387,387,oracle,0.0,True,0.0
152.13036770142676,2.7400795778321334,0.025873397479696476,0.009132264708130382,0.004413429559324338,0.004718835148806044,40,0,0.770320331954664,M2_raw_huber,vi,387,387,oracle,0.0,True,0.0
157.8056355318106,3.351995289749833,0.05827271219221933,0.009132264708130382,0.004278714096339416,0.004853550611790966,40,0,1.0,M3_global_corr,vi,387,387,oracle,0.0,True,0.0
111.07735873195479,3.4629679209606627,0.04086834494912061,0.009132264708130382,0.00483839969409833,0.004293865014032052,38,0,1.0,M4_patch_corr,vi,387,387,oracle,0.0,True,0.0
79.87255692711477,2.1930415648408004,0.027299323646919168,0.009132264708130382,0.005514787006011953,0.0036174777021184285,40,0,1.0,M5_full_corr,vi,387,387,oracle,0.0,True,0.0
163.692379617391,3.797660517589436,0.054618702670951494,0.009029884331411619,0.0037900210466462617,0.005239863284765357,40,0,1.0,M0_raw_p2p,vi,388,388,oracle,0.0,True,0.0
160.5773728222652,3.1384497378166687,0.05841185589107543,0.009029884331411619,0.003815891929793802,0.005213992401617817,40,0,1.0,M1_raw_p2l,vi,388,388,oracle,0.0,True,0.0
155.0321617937575,3.5597868712707097,0.026127992075090575,0.009029884331411619,0.004008120421305757,0.005021763910105862,40,0,0.7672256670114727,M2_raw_huber,vi,388,388,oracle,0.0,True,0.0
162.782385040013,3.797942482375832,0.05606602758309564,0.009029884331411619,0.003938426046822581,0.005091458284589038,40,0,1.0,M3_global_corr,vi,388,388,oracle,0.0,True,0.0
118.26656357802935,3.652732898705758,0.042138551176310046,0.009029884331411619,0.004517468328194645,0.0045124160032169736,39,0,1.0,M4_patch_corr,vi,388,388,oracle,0.0,True,0.0
81.02603710321473,2.4790064126308455,0.026874449053854565,0.009029884331411619,0.005367811134730908,0.003662073196680711,40,0,1.0,M5_full_corr,vi,388,388,oracle,0.0,True,0.0
163.3194162290626,3.868509886484073,0.05347996894817717,0.008985349399060987,0.0036437004320881467,0.005341648966972841,40,0,1.0,M0_raw_p2p,vi,389,389,oracle,0.0,True,0.0
161.16557193255912,3.27609686817167,0.05198917857971599,0.008985349399060987,0.003657495275383268,0.005327854123677719,40,0,1.0,M1_raw_p2l,vi,389,389,oracle,0.0,True,0.0
155.64071543018179,3.8058077539934496,0.023021935094271972,0.008985349399060987,0.0038306752237357937,0.005154674175325193,40,0,0.7680885233983558,M2_raw_huber,vi,389,389,oracle,0.0,True,0.0
162.77856037347453,3.8768466383411853,0.05506679812039192,0.008985349399060987,0.0037997213595620076,0.00518562803949898,40,0,1.0,M3_global_corr,vi,389,389,oracle,0.0,True,0.0
117.45152166101816,3.705497046218975,0.0433414524062509,0.008985349399060987,0.004418592481633713,0.004566756917427275,40,0,1.0,M4_patch_corr,vi,389,389,oracle,0.0,True,0.0
71.91514458828122,2.094979295095379,0.026514116916089146,0.008985349399060987,0.0055323182734606435,0.003453031125600344,40,0,1.0,M5_full_corr,vi,389,389,oracle,0.0,True,0.0
161.7192516901997,4.251020658398701,0.05320734893949487,0.008892112091774361,0.0036349357682444153,0.0052571763235299464,40,0,1.0,M0_raw_p2p,vi,390,390,oracle,0.0,True,0.0
157.70825534353835,3.4264781789546754,0.04953371033407344,0.008892112091774361,0.003659828531143145,0.005232283560631216,40,0,1.0,M1_raw_p2l,vi,390,390,oracle,0.0,True,0.0
155.22869822620578,4.009865271452775,0.022189044805729658,0.008892112091774361,0.0038571598762646543,0.005034952215509707,40,0,0.7726599888054122,M2_raw_huber,vi,390,390,oracle,0.0,True,0.0
161.0205757393944,4.26046661594215,0.05466071752528623,0.008892112091774361,0.003799268377116862,0.0050928437146574995,40,0,1.0,M3_global_corr,vi,390,390,oracle,0.0,True,0.0
112.16630931117203,3.977927802069887,0.04486482004747363,0.008892112091774361,0.004482430495332079,0.004409681596442282,40,0,1.0,M4_patch_corr,vi,390,390,oracle,0.0,True,0.0
69.65354091692834,2.0884160008583863,0.026303420043474027,0.008892112091774361,0.005656122848684141,0.0032359892430902206,40,0,1.0,M5_full_corr,vi,390,390,oracle,0.0,True,0.0
155.8748849563512,2.560521957701571,0.050900524103386,0.007976795655818592,0.0031619908860756624,0.00481480476974293,40,0,1.0,M0_raw_p2p,vi,391,391,oracle,0.0,True,0.0
152.00436541921655,1.596554375594183,0.04540352172005498,0.007976795655818592,0.003191097616569658,0.004785698039248934,40,0,1.0,M1_raw_p2l,vi,391,391,oracle,0.0,True,0.0
149.4000005593447,2.598299053936906,0.01979557625509211,0.007976795655818592,0.0033246281724372785,0.004652167483381314,34,0,0.7736345123641581,M2_raw_huber,vi,391,391,oracle,0.0,True,0.0
156.18702565627214,2.5612276707694153,0.056124363423593664,0.007976795655818592,0.00333204730960169,0.004644748346216902,40,0,1.0,M3_global_corr,vi,391,391,oracle,0.0,True,0.0
102.61799917142267,2.5588351143036228,0.045993960285023984,0.007976795655818592,0.0041424015421974904,0.0038343941136211018,40,0,1.0,M4_patch_corr,vi,391,391,oracle,0.0,True,0.0
52.30232442086256,2.6130296821401227,0.02163584971080372,0.007976795655818592,0.005550057907098159,0.002426737748720433,40,0,1.0,M5_full_corr,vi,391,391,oracle,0.0,True,0.0
152.53678450705215,3.0171127272550597,0.053016553335649044,0.0074335182493557705,0.002660436204934652,0.004773082044421118,40,0,1.0,M0_raw_p2p,vi,392,392,oracle,0.0,True,2.1073424255447017e-08
150.82828770521158,2.3210537404726077,0.05122471045903225,0.0074335182493557705,0.002667664128795431,0.004765854120560339,15,0,1.0,M1_raw_p2l,vi,392,392,oracle,0.0,True,2.1073424255447017e-08
146.4041558007682,3.019959209729076,0.022137800125574706,0.0074335182493557705,0.002791673597427371,0.004641844651928399,40,0,0.7691266956459789,M2_raw_huber,vi,392,392,oracle,0.0,True,2.1073424255447017e-08
153.71432789978473,3.0136005507862405,0.06072063664761172,0.0074335182493557705,0.0028346652779446544,0.004598852971411116,40,0,1.0,M3_global_corr,vi,392,392,oracle,0.0,True,2.1073424255447017e-08
99.10518550572883,3.05245369339693,0.05085060892198903,0.0074335182493557705,0.0037716967652814144,0.003661821484074356,40,0,1.0,M4_patch_corr,vi,392,392,oracle,0.0,True,2.1073424255447017e-08
41.704439458865956,2.4141904659992695,0.022023507617842684,0.0074335182493557705,0.00531879814845856,0.0021147201008972103,40,0,1.0,M5_full_corr,vi,392,392,oracle,0.0,True,2.1073424255447017e-08
148.29655570597268,2.9083704413263916,0.05737321252064567,0.007928834061914936,0.0029836412410441005,0.004945192820870836,40,0,1.0,M0_raw_p2p,vi,393,393,oracle,0.0,True,0.0
146.8824620404882,2.585581347930758,0.052437163355333834,0.007928834061914936,0.0030181777841653255,0.004910656277749611,40,0,1.0,M1_raw_p2l,vi,393,393,oracle,0.0,True,0.0
145.79654920932308,2.3523141718323513,0.025397360205956777,0.007928834061914936,0.003172369365739288,0.0047564646961756486,40,0,0.7587737451518723,M2_raw_huber,vi,393,393,oracle,0.0,True,0.0
149.62796919408294,2.910107213372354,0.066601568902576,0.007928834061914936,0.003149741758108152,0.004779092303806784,40,0,1.0,M3_global_corr,vi,393,393,oracle,0.0,True,0.0
98.15534061637946,3.4304955280164653,0.05303356479250866,0.007928834061914936,0.004086753185074541,0.003842080876840395,40,0,1.0,M4_patch_corr,vi,393,393,oracle,0.0,True,0.0
38.77358518192559,2.3566363634021723,0.021495904429256824,0.007928834061914936,0.005822473707492832,0.0021063603544221035,40,0,1.0,M5_full_corr,vi,393,393,oracle,0.0,True,0.0
149.76187260814606,3.400612004023795,0.06167564476612418,0.00907710924567217,0.0038082456741826095,0.005268863571489561,40,0,1.0,M0_raw_p2p,vi,394,394,oracle,0.0,True,0.0
148.24836249790002,3.1494196242168395,0.05788457889664197,0.00907710924567217,0.003820249791872528,0.005256859453799642,25,0,1.0,M1_raw_p2l,vi,394,394,oracle,0.0,True,0.0
147.9973637542485,3.42288235460313,0.029677486821487693,0.00907710924567217,0.0040139369840981815,0.0050631722615739885,40,0,0.7570179538007242,M2_raw_huber,vi,394,394,oracle,0.0,True,0.0
150.49598086368562,3.4006120040238037,0.0689718821543775,0.00907710924567217,0.003954653852037406,0.005122455393634764,40,0,1.0,M3_global_corr,vi,394,394,oracle,0.0,True,0.0
99.11252596147091,3.435381364620059,0.05174623416659228,0.00907710924567217,0.0048899005024887416,0.004187208743183428,35,0,1.0,M4_patch_corr,vi,394,394,oracle,0.0,True,0.0
45.60625379262387,1.7463261568800845,0.022992995652620044,0.00907710924567217,0.0066276786282897,0.0024494306173824696,40,0,1.0,M5_full_corr,vi,394,394,oracle,0.0,True,0.0
151.15587172895334,3.060142510408763,0.06436413890778217,0.008612028249655509,0.0032947962082162173,0.005317232041439291,40,0,1.0,M0_raw_p2p,vi,395,395,oracle,0.0,True,1.4901161193847656e-08
150.3765248565905,2.765280789420721,0.05537522641227232,0.008612028249655509,0.0033121870514574146,0.005299841198198095,40,0,1.0,M1_raw_p2l,vi,395,395,oracle,0.0,True,1.4901161193847656e-08
148.33903635548694,2.6450542171374276,0.03316428174700958,0.008612028249655509,0.003531407074518561,0.005080621175136948,40,0,0.7560101846538955,M2_raw_huber,vi,395,395,oracle,0.0,True,1.4901161193847656e-08
151.81762188740908,3.0688573182865193,0.0705734646804293,0.008612028249655509,0.0034307373856685254,0.005181290863986983,40,0,1.0,M3_global_corr,vi,395,395,oracle,0.0,True,1.4901161193847656e-08
100.16095973920562,2.7705294447043607,0.05094421269073437,0.008612028249655509,0.004387123652230779,0.00422490459742473,40,0,1.0,M4_patch_corr,vi,395,395,oracle,0.0,True,1.4901161193847656e-08
44.9242041365818,2.0167668708241426,0.022504615840753486,0.008612028249655509,0.006134662018505769,0.00247736623114974,40,0,1.0,M5_full_corr,vi,395,395,oracle,0.0,True,1.4901161193847656e-08
151.0133799255709,3.621917192164582,0.0639291332815219,0.008648762108906015,0.003332457178005288,0.005316304930900727,40,0,1.0,M0_raw_p2p,vi,396,396,oracle,0.0,True,2.580956827951785e-08
151.5115787905571,3.6425399780304026,0.053834089580014656,0.008648762108906015,0.0033402863035414737,0.0053084758053645415,40,0,1.0,M1_raw_p2l,vi,396,396,oracle,0.0,True,2.580956827951785e-08
148.7150386455431,3.2932998281973784,0.033699929968124105,0.008648762108906015,0.0035594852310412823,0.0050892768778647325,40,0,0.7616575556223445,M2_raw_huber,vi,396,396,oracle,0.0,True,2.580956827951785e-08
152.1466426441862,3.631065027573027,0.07014841816753975,0.008648762108906015,0.003476191419356182,0.0051725706895498335,40,0,1.0,M3_global_corr,vi,396,396,oracle,0.0,True,2.580956827951785e-08
98.44378633204414,3.2057579693703744,0.049446473840360765,0.008648762108906015,0.004445814611654787,0.004202947497251228,39,0,1.0,M4_patch_corr,vi,396,396,oracle,0.0,True,2.580956827951785e-08
44.87323717248232,2.1442741181805207,0.022265799156798403,0.008648762108906015,0.006033381577480097,0.0026153805314259185,40,0,1.0,M5_full_corr,vi,396,396,oracle,0.0,True,2.580956827951785e-08
151.74668367145873,3.6676558746856753,0.06240397035599913,0.009080422152897423,0.0036823574184462016,0.005398064734451221,40,0,1.0,M0_raw_p2p,vi,397,397,oracle,0.0,True,1.4901161193847656e-08
153.43674105279948,4.005513614783441,0.058302628854809316,0.009080422152897423,0.003689515806591639,0.005390906346305784,40,0,1.0,M1_raw_p2l,vi,397,397,oracle,0.0,True,1.4901161193847656e-08
147.92545132726957,3.3241511034155247,0.030238782860108573,0.009080422152897423,0.003914588015808115,0.005165834137089308,37,0,0.7578090271396141,M2_raw_huber,vi,397,397,oracle,0.0,True,1.4901161193847656e-08
152.91213907044173,3.6708051320152384,0.06800762158092974,0.009080422152897423,0.003827004249882238,0.005253417903015185,40,0,1.0,M3_global_corr,vi,397,397,oracle,0.0,True,1.4901161193847656e-08
101.33964584497312,3.3372854916205807,0.04972433571558722,0.009080422152897423,0.004774803681260507,0.004305618471636916,40,0,1.0,M4_patch_corr,vi,397,397,oracle,0.0,True,1.4901161193847656e-08
46.52276052137464,1.7610999683511428,0.022766494579868964,0.009080422152897423,0.006411285960751647,0.0026691361921457766,40,0,1.0,M5_full_corr,vi,397,397,oracle,0.0,True,1.4901161193847656e-08
151.54450886533465,3.8515806655028197,0.059555339145202835,0.00905216297551689,0.003726783520931915,0.0053253794545849754,35,0,1.0,M0_raw_p2p,vi,398,398,oracle,0.0,True,0.0
149.0766113165617,3.4778596246692506,0.055606389402609334,0.00905216297551689,0.0037401395888029426,0.005312023386713948,40,0,1.0,M1_raw_p2l,vi,398,398,oracle,0.0,True,0.0
146.6477199812929,3.6496670277085563,0.027513499625917648,0.00905216297551689,0.004014404293164645,0.005037758682352245,40,0,0.7627468452694044,M2_raw_huber,vi,398,398,oracle,0.0,True,0.0
151.70952381990466,3.862765674143946,0.06383032548544273,0.00905216297551689,0.003867822414008776,0.005184340561508114,36,0,1.0,M3_global_corr,vi,398,398,oracle,0.0,True,0.0
100.27440658969562,3.6777345416128018,0.04908943194597351,0.00905216297551689,0.004773319227594645,0.004278843747922245,38,0,1.0,M4_patch_corr,vi,398,398,oracle,0.0,True,0.0
50.379683514018055,1.5699180544321458,0.023269488869466202,0.00905216297551689,0.006295960202662651,0.002756202772854239,38,0,1.0,M5_full_corr,vi,398,398,oracle,0.0,True,0.0
152.19072477109796,4.086589831732295,0.05537616660677949,0.009045526120266656,0.003867841911314938,0.005177684208951718,38,0,1.0,M0_raw_p2p,vi,399,399,oracle,0.0,True,0.0
147.0515473615112,3.659712049199445,0.05360904730635289,0.009045526120266656,0.0039025436960867656,0.00514298242417989,40,0,1.0,M1_raw_p2l,vi,399,399,oracle,0.0,True,0.0
144.1980156405123,3.8124558376045705,0.025177324438390488,0.009045526120266656,0.0042963717205762916,0.004749154399690364,40,0,0.7636933616316097,M2_raw_huber,vi,399,399,oracle,0.0,True,0.0
151.4574705008032,4.08460850176302,0.05839476942922875,0.009045526120266656,0.004016496632114668,0.0050290294881519875,37,0,1.0,M3_global_corr,vi,399,399,oracle,0.0,True,0.0
101.93023602156137,3.9803003624500444,0.04614075733543062,0.009045526120266656,0.0049393720945819205,0.0041061540256847355,29,0,1.0,M4_patch_corr,vi,399,399,oracle,0.0,True,0.0
54.94517605145902,1.9697283820628133,0.024630191844886982,0.009045526120266656,0.006408074941318943,0.0026374511789477133,31,0,1.0,M5_full_corr,vi,399,399,oracle,0.0,True,0.0
145.96184380252936,4.386989980091576,0.05440470218040183,0.008531898324737927,0.0037145250014575647,0.004817373323280362,32,0,1.0,M0_raw_p2p,vi,400,400,oracle,0.0,True,0.0
138.6592741410075,3.923062850944996,0.05206651025419728,0.008531898324737927,0.003754825503219749,0.004777072821518178,40,0,1.0,M1_raw_p2l,vi,400,400,oracle,0.0,True,0.0
139.97818298568822,3.986966100837433,0.025055718667705246,0.008531898324737927,0.004043793384414275,0.004488104940323652,40,0,0.7678538009785438,M2_raw_huber,vi,400,400,oracle,0.0,True,0.0
146.1159939961504,4.3937868280653705,0.059583400592314394,0.008531898324737927,0.0038543167069674637,0.004677581617770463,33,0,1.0,M3_global_corr,vi,400,400,oracle,0.0,True,0.0
98.50210344526407,4.636964526873987,0.045679309797099436,0.008531898324737927,0.004818168495702113,0.0037137298290358138,36,0,1.0,M4_patch_corr,vi,400,400,oracle,0.0,True,0.0
47.0208836910787,2.521648006355346,0.021843454104959144,0.008531898324737927,0.006317072409545636,0.002214825915192291,40,0,1.0,M5_full_corr,vi,400,400,oracle,0.0,True,0.0
148.62842449949056,4.734085677325004,0.05782783833240296,0.007901839481407127,0.002850107968323574,0.005051731513083553,40,0,1.0,M0_raw_p2p,vi,401,401,oracle,0.0,True,0.0
145.3347059268244,4.855661638207511,0.05490329037171105,0.007901839481407127,0.0028741500754436125,0.005027689405963515,40,0,1.0,M1_raw_p2l,vi,401,401,oracle,0.0,True,0.0
143.16331335948684,4.324737208878554,0.02804224607356374,0.007901839481407127,0.0029982458925306636,0.004903593588876463,40,0,0.7566743188610432,M2_raw_huber,vi,401,401,oracle,0.0,True,0.0
150.4132161271041,4.73527270066096,0.06584457027558378,0.007901839481407127,0.0030010974037635828,0.004900742077643544,40,0,1.0,M3_global_corr,vi,401,401,oracle,0.0,True,0.0
104.92169647434558,4.8119879441762015,0.05037074710868231,0.007901839481407127,0.003989416284197678,0.003912423197209448,36,0,1.0,M4_patch_corr,vi,401,401,oracle,0.0,True,0.0
55.245760891200234,3.108189933098176,0.025944600602549186,0.007901839481407127,0.005293856531384327,0.0026079829500228,40,0,1.0,M5_full_corr,vi,401,401,oracle,0.0,True,0.0
152.49386858146596,5.474999596791565,0.061011132253703325,0.008615960923616649,0.0033578288862421003,0.005258132037374548,40,0,1.0,M0_raw_p2p,vi,402,402,oracle,0.0,True,1.4901161193847656e-08
149.84351099784257,6.005559561588245,0.05216344454601717,0.008615960923616649,0.0033895238744710045,0.005226437049145645,40,0,1.0,M1_raw_p2l,vi,402,402,oracle,0.0,True,1.4901161193847656e-08
146.46029858429162,4.691462705478013,0.03159717137373126,0.008615960923616649,0.0035623752233843106,0.0050535857002323385,40,0,0.7561765166450765,M2_raw_huber,vi,402,402,oracle,0.0,True,1.4901161193847656e-08
153.98054716054077,5.474999596791563,0.0674879575711592,0.008615960923616649,0.0035011796425093167,0.005114781281107332,40,0,1.0,M3_global_corr,vi,402,402,oracle,0.0,True,1.4901161193847656e-08
108.27786597263767,5.724169027065978,0.049625366778861014,0.008615960923616649,0.0044575412841796795,0.0041584196394369695,40,0,1.0,M4_patch_corr,vi,402,402,oracle,0.0,True,1.4901161193847656e-08
64.95126050500424,3.894820932050587,0.028477548863348915,0.008615960923616649,0.005471465862088998,0.003144495061527651,40,0,1.0,M5_full_corr,vi,402,402,oracle,0.0,True,1.4901161193847656e-08
154.37361009078245,4.050055770283169,0.0585826936187629,0.008817227013092952,0.0038435391857907755,0.004973687827302177,35,0,1.0,M0_raw_p2p,vi,403,403,oracle,0.0,True,0.0
151.23513825784042,3.6999829353256866,0.0484928528880221,0.008817227013092952,0.0038668500613016736,0.004950376951791279,40,0,1.0,M1_raw_p2l,vi,403,403,oracle,0.0,True,0.0
148.03819393407113,3.031126404372104,0.03270328789043814,0.008817227013092952,0.004089359395917143,0.00472786761717581,40,0,0.7610926074048157,M2_raw_huber,vi,403,403,oracle,0.0,True,0.0
155.3907599675083,4.046501737922216,0.06335901158530899,0.008817227013092952,0.003990186912115627,0.004827040100977326,34,0,1.0,M3_global_corr,vi,403,403,oracle,0.0,True,0.0
106.96392840928317,3.947280296642536,0.04537044217589522,0.008817227013092952,0.004865550837448027,0.003951676175644925,40,0,1.0,M4_patch_corr,vi,403,403,oracle,0.0,True,0.0
67.63472968476094,2.4159509140026003,0.02749326296073654,0.008817227013092952,0.005768225988012004,0.0030490010250809486,40,0,1.0,M5_full_corr,vi,403,403,oracle,0.0,True,0.0
153.77617190540025,3.84971622379015,0.0575859328090414,0.008494980767523743,0.003661366994580004,0.004833613772943739,40,0,1.0,M0_raw_p2p,vi,404,404,oracle,0.0,True,0.0
151.2770214914713,3.6919757822894455,0.05406732987176426,0.008494980767523743,0.0036777020338870712,0.004817278733636672,40,0,1.0,M1_raw_p2l,vi,404,404,oracle,0.0,True,0.0
148.8791219140012,3.101218528297381,0.03109915030974024,0.008494980767523743,0.003907971614518771,0.004587009153004973,40,0,0.766407707017772,M2_raw_huber,vi,404,404,oracle,0.0,True,0.0
154.5067340574655,3.8486086467367295,0.061458169757199206,0.008494980767523743,0.0038215529148809663,0.004673427852642777,40,0,1.0,M3_global_corr,vi,404,404,oracle,0.0,True,0.0
106.73546973356851,3.884045804778741,0.04378754413102047,0.008494980767523743,0.004643956109559804,0.003851024657963939,36,0,1.0,M4_patch_corr,vi,404,404,oracle,0.0,True,0.0
70.63300893733626,2.009653590240395,0.02755891689808356,0.008494980767523743,0.005432719768244259,0.0030622609992794845,40,0,1.0,M5_full_corr,vi,404,404,oracle,0.0,True,0.0
151.28200442434377,4.098234941427091,0.05752387109092569,0.008936028551302473,0.003975329015607362,0.0049606995356951105,31,0,1.0,M0_raw_p2p,vi,405,405,oracle,0.0,True,1.4901161193847656e-08
146.5666241604177,3.1064317254876355,0.05696392796981801,0.008936028551302473,0.004024546763097236,0.004911481788205237,40,0,1.0,M1_raw_p2l,vi,405,405,oracle,0.0,True,1.4901161193847656e-08
149.19970454740093,3.4794790169577072,0.026776189271289535,0.008936028551302473,0.0042841254671898785,0.004651903084112594,40,0,0.7588506487441867,M2_raw_huber,vi,405,405,oracle,0.0,True,1.4901161193847656e-08
151.92472745755316,4.098412151635747,0.062448707864723424,0.008936028551302473,0.004126132256155849,0.004809896295146623,31,0,1.0,M3_global_corr,vi,405,405,oracle,0.0,True,1.4901161193847656e-08
99.3114186269461,3.4530879272325183,0.044618743969162156,0.008936028551302473,0.005036022920892108,0.003900005630410365,36,0,1.0,M4_patch_corr,vi,405,405,oracle,0.0,True,1.4901161193847656e-08
65.12489329673957,2.333576785002282,0.029980120463741978,0.008936028551302473,0.005783210796116094,0.003152817755186379,32,0,1.0,M5_full_corr,vi,405,405,oracle,0.0,True,1.4901161193847656e-08
147.95770289060417,4.07190802094755,0.05451316570730381,0.008318392673192301,0.0036121635286893343,0.004706229144502967,39,0,1.0,M0_raw_p2p,vi,406,406,oracle,0.0,True,2.580956827951785e-08
143.32949874637885,3.2384198359927683,0.05587428156926892,0.008318392673192301,0.0036440777568706416,0.00467431491632166,17,0,1.0,M1_raw_p2l,vi,406,406,oracle,0.0,True,2.580956827951785e-08
146.25813190416966,3.5321362533757963,0.024990974362746433,0.008318392673192301,0.003887895004174188,0.004430497669018114,40,0,0.768861334612653,M2_raw_huber,vi,406,406,oracle,0.0,True,2.580956827951785e-08
148.8519423466336,4.071272720394166,0.05967217194991581,0.008318392673192301,0.0037726164269561826,0.004545776246236119,39,0,1.0,M3_global_corr,vi,406,406,oracle,0.0,True,2.580956827951785e-08
98.1337166248408,3.480052046044364,0.04346559946255904,0.008318392673192301,0.004614441829348533,0.0037039508438437684,40,0,1.0,M4_patch_corr,vi,406,406,oracle,0.0,True,2.580956827951785e-08
63.909041788968416,2.5290041738453044,0.028251328827430568,0.008318392673192301,0.0053539546272791845,0.002964438045913117,37,0,1.0,M5_full_corr,vi,406,406,oracle,0.0,True,2.580956827951785e-08
147.11889701096644,3.9720852962277196,0.05365341074056647,0.0077354814433986925,0.003090408630671491,0.004645072812727202,27,0,1.0,M0_raw_p2p,vi,407,407,oracle,0.0,True,0.0
142.94996884550866,3.3196671019241295,0.046408254703649385,0.0077354814433986925,0.0031048291294798716,0.0046306523139188205,14,0,1.0,M1_raw_p2l,vi,407,407,oracle,0.0,True,0.0
144.81079347204755,3.723245622933253,0.023762856431467538,0.0077354814433986925,0.003306276369154333,0.004429205074244359,40,0,0.7660450470708351,M2_raw_huber,vi,407,407,oracle,0.0,True,0.0
148.43156572231166,3.97711249886838,0.05993014243201477,0.0077354814433986925,0.0032327269380452756,0.0045027545053534165,27,0,1.0,M3_global_corr,vi,407,407,oracle,0.0,True,0.0
102.653664221705,3.83090405858416,0.04572530581201694,0.0077354814433986925,0.004083032404882146,0.003652449038516546,37,0,1.0,M4_patch_corr,vi,407,407,oracle,0.0,True,0.0
62.845815841095806,2.5927845192994674,0.02713504623937326,0.0077354814433986925,0.004878045746070918,0.0028574356973277747,32,0,1.0,M5_full_corr,vi,407,407,oracle,0.0,True,0.0
144.5459681444662,4.166083508672785,0.05324214059794363,0.007428214289541545,0.002975728470613497,0.004452485818928048,40,0,1.0,M0_raw_p2p,vi,408,408,oracle,0.0,True,1.4901161193847656e-08
141.77955495472085,3.6780437230723435,0.048439662469866016,0.007428214289541545,0.0029828521574955785,0.004445362132045967,40,0,1.0,M1_raw_p2l,vi,408,408,oracle,0.0,True,1.4901161193847656e-08
142.02173695844684,3.911110995717545,0.02237402208551412,0.007428214289541545,0.003143790413867193,0.0042844238756743515,40,0,0.7714154121312637,M2_raw_huber,vi,408,408,oracle,0.0,True,1.4901161193847656e-08
146.20066601261843,4.16447719935177,0.05975153751965439,0.007428214289541545,0.003117505542695869,0.0043107087468456755,40,0,1.0,M3_global_corr,vi,408,408,oracle,0.0,True,1.4901161193847656e-08
104.73460041116478,4.775031678877177,0.047411997791987445,0.007428214289541545,0.003876255718561112,0.003551958570980433,38,0,1.0,M4_patch_corr,vi,408,408,oracle,0.0,True,1.4901161193847656e-08
53.92463398566227,2.9588419548988902,0.026044762160540413,0.007428214289541545,0.004881607728908245,0.0025466065606333,40,0,1.0,M5_full_corr,vi,408,408,oracle,0.0,True,1.4901161193847656e-08
147.70511926967995,2.9898282931855977,0.05485750861888103,0.007533639340030971,0.0028855060455363064,0.004648133294494665,38,0,1.0,M0_raw_p2p,vi,409,409,oracle,0.0,True,0.0
143.7738384721131,2.3107922224189794,0.04667493184581573,0.007533639340030971,0.0029211478715781922,0.004612491468452779,40,0,1.0,M1_raw_p2l,vi,409,409,oracle,0.0,True,0.0
144.23760674275044,2.6538648116728685,0.022813090501838384,0.007533639340030971,0.0030378741042393275,0.004495765235791644,40,0,0.7632051581922862,M2_raw_huber,vi,409,409,oracle,0.0,True,0.0
149.39598506273978,2.9848649298374976,0.06195801788823301,0.007533639340030971,0.0030348552895142593,0.004498784050516712,39,0,1.0,M3_global_corr,vi,409,409,oracle,0.0,True,0.0
106.70091017058179,3.7502331397964737,0.05104766671579917,0.007533639340030971,0.0038639945081861897,0.0036696448318447815,34,0,1.0,M4_patch_corr,vi,409,409,oracle,0.0,True,0.0
55.43595581081022,2.371883882151914,0.027358300728889073,0.007533639340030971,0.004830969500022715,0.002702669840008256,35,0,1.0,M5_full_corr,vi,409,409,oracle,0.0,True,0.0
149.99136423094413,3.859915423344692,0.05552951412110719,0.007666983781290732,0.003004208795064955,0.004662774986225778,40,0,1.0,M0_raw_p2p,vi,410,410,oracle,0.0,True,0.0
145.84719123514236,3.911135840938791,0.05282281684033443,0.007666983781290732,0.003033606124795732,0.004633377656495,40,0,1.0,M1_raw_p2l,vi,410,410,oracle,0.0,True,0.0
145.20783063530612,3.5209015545180384,0.023645027493838414,0.007666983781290732,0.003202325728661313,0.00446465805262942,40,0,0.7693688553664841,M2_raw_huber,vi,410,410,oracle,0.0,True,0.0
150.92259138519904,3.863009961087011,0.061762317769930304,0.007666983781290732,0.0031454197649967643,0.004521564016293968,40,0,1.0,M3_global_corr,vi,410,410,oracle,0.0,True,0.0
107.62369076962797,4.283921012430425,0.050371477806130535,0.007666983781290732,0.003942361914052971,0.0037246218672377616,26,0,1.0,M4_patch_corr,vi,410,410,oracle,0.0,True,0.0
54.2675143242239,2.8946722496536954,0.027161038954640122,0.007666983781290732,0.005016178166088984,0.002650805615201748,31,0,1.0,M5_full_corr,vi,410,410,oracle,0.0,True,0.0
150.10668239935933,3.0803938577503085,0.0561151154559963,0.007936340982637841,0.0033430409187144468,0.004593300063923394,40,0,1.0,M0_raw_p2p,vi,411,411,oracle,0.0,True,0.0
146.7488436296017,2.3949486979049524,0.051159181853647775,0.007936340982637841,0.003361715813904305,0.004574625168733536,40,0,1.0,M1_raw_p2l,vi,411,411,oracle,0.0,True,0.0
146.36964812091034,2.5041983855944743,0.025505939590553757,0.007936340982637841,0.00353980260693787,0.004396538375699971,40,0,0.7640323178924567,M2_raw_huber,vi,411,411,oracle,0.0,True,0.0
151.19531830367947,3.0842957719709454,0.06313280881832496,0.007936340982637841,0.003498251416024961,0.00443808956661288,40,0,1.0,M3_global_corr,vi,411,411,oracle,0.0,True,0.0
107.91057357433787,3.623223104917937,0.05066148585662076,0.007936340982637841,0.004364442050722413,0.003571898931915428,40,0,1.0,M4_patch_corr,vi,411,411,oracle,0.0,True,0.0
56.13380474644377,2.3230122346917823,0.026515123668333675,0.007936340982637841,0.005355585937537114,0.0025807550451007267,40,0,1.0,M5_full_corr,vi,411,411,oracle,0.0,True,0.0
153.37806005159976,3.8151270159602078,0.05791621991843643,0.008026077875127548,0.003201736041536635,0.004824341833590913,40,0,1.0,M0_raw_p2p,vi,412,412,oracle,0.0,True,0.0
149.28175446567136,3.076255392176637,0.06198311759364354,0.008026077875127548,0.0032226601150532608,0.004803417760074287,40,0,1.0,M1_raw_p2l,vi,412,412,oracle,0.0,True,0.0
149.31244612099343,3.322650033536452,0.02757972976880644,0.008026077875127548,0.003395459104225633,0.004630618770901915,40,0,0.7664863995407687,M2_raw_huber,vi,412,412,oracle,0.0,True,0.0
154.42709729757308,3.817796712315518,0.0645786623345933,0.008026077875127548,0.00334478611116363,0.004681291763963918,40,0,1.0,M3_global_corr,vi,412,412,oracle,0.0,True,0.0
110.60402062479395,4.306380819622135,0.050323268690951696,0.008026077875127548,0.004185899935989938,0.00384017793913761,33,0,1.0,M4_patch_corr,vi,412,412,oracle,0.0,True,0.0
58.52571296610337,3.0250801136633987,0.027686244374974547,0.008026077875127548,0.005372433147542324,0.002653644727585224,40,0,1.0,M5_full_corr,vi,412,412,oracle,0.0,True,0.0
152.03419295815567,4.407830803394925,0.05839447200342926,0.008020955956965939,0.0030650567721353336,0.004955899184830605,40,0,1.0,M0_raw_p2p,vi,413,413,oracle,0.0,True,0.0
149.53813944855816,3.9074585653224325,0.055880478358771246,0.008020955956965939,0.003080482964480884,0.004940472992485055,23,0,1.0,M1_raw_p2l,vi,413,413,oracle,0.0,True,0.0
148.64997326712987,4.269484281365984,0.026625263639846294,0.008020955956965939,0.0032535989198374912,0.004767357037128448,40,0,0.7671174963715297,M2_raw_huber,vi,413,413,oracle,0.0,True,0.0
153.06425626271792,4.416843763875988,0.06388723401558365,0.008020955956965939,0.0032176788357528834,0.004803277121213055,40,0,1.0,M3_global_corr,vi,413,413,oracle,0.0,True,0.0
109.68005359918486,4.514623111131647,0.04856272486222342,0.008020955956965939,0.004033859990180033,0.003987095966785905,40,0,1.0,M4_patch_corr,vi,413,413,oracle,0.0,True,0.0
57.74838240192884,3.5851161486734244,0.02767965023345886,0.008020955956965939,0.005216099299115865,0.0028048566578500736,40,0,1.0,M5_full_corr,vi,413,413,oracle,0.0,True,0.0
152.19323805707023,3.2844706266331443,0.0586594324821611,0.008798366440596152,0.003684539233907603,0.005113827206688549,40,0,1.0,M0_raw_p2p,vi,414,414,oracle,0.0,True,2.580956827951785e-08
149.28446673001216,2.5464784511069563,0.05473678184337959,0.008798366440596152,0.0037088043274029815,0.005089562113193171,40,0,1.0,M1_raw_p2l,vi,414,414,oracle,0.0,True,2.580956827951785e-08
147.8969012235727,2.855403587005281,0.02713278709928742,0.008798366440596152,0.003948171629484785,0.004850194811111367,40,0,0.7692707088990686,M2_raw_huber,vi,414,414,oracle,0.0,True,2.580956827951785e-08
152.41209752194345,3.293684170267969,0.062116904275860994,0.008798366440596152,0.0038352953920188617,0.00496307104857729,40,0,1.0,M3_global_corr,vi,414,414,oracle,0.0,True,2.580956827951785e-08
110.54025867978805,3.8927080918389354,0.04830009947236674,0.008798366440596152,0.00463747354972482,0.004160892890871332,40,0,1.0,M4_patch_corr,vi,414,414,oracle,0.0,True,2.580956827951785e-08
60.78603544712954,2.6634946688370253,0.028221281805980554,0.008798366440596152,0.005827249658212308,0.0029711167823838437,33,0,1.0,M5_full_corr,vi,414,414,oracle,0.0,True,2.580956827951785e-08
150.60278382008158,3.983246437948002,0.05624584211440176,0.008228220759190125,0.003306253474968337,0.004921967284221788,33,0,1.0,M0_raw_p2p,vi,415,415,oracle,0.0,True,0.0
145.8962094562227,2.9913576403213065,0.05846798754963893,0.008228220759190125,0.0033325318920369175,0.004895688867153207,40,0,1.0,M1_raw_p2l,vi,415,415,oracle,0.0,True,0.0
146.81257683843214,3.586748037292662,0.02421869565767343,0.008228220759190125,0.0035182792078767597,0.004709941551313365,38,0,0.7723971284744665,M2_raw_huber,vi,415,415,oracle,0.0,True,0.0
150.77633560089674,3.9986468718419736,0.05992597306664371,0.008228220759190125,0.0034586782146118146,0.004769542544578311,33,0,1.0,M3_global_corr,vi,415,415,oracle,0.0,True,0.0
109.28359519787661,4.538533666421909,0.046109611353782165,0.008228220759190125,0.004277472808278764,0.003950747950911361,40,0,1.0,M4_patch_corr,vi,415,415,oracle,0.0,True,0.0
59.13341238778783,3.346351165862517,0.02778907182245629,0.008228220759190125,0.0054278056646812544,0.002800415094508871,40,0,1.0,M5_full_corr,vi,415,415,oracle,0.0,True,0.0
150.34474554592904,5.07405187111018,0.053958423096532246,0.008639743084067784,0.0038441087953498027,0.004795634288717982,37,0,1.0,M0_raw_p2p,vi,416,416,oracle,0.0,True,1.4901161193847656e-08
146.7810020003445,4.472193408771548,0.048745924348862144,0.008639743084067784,0.0038751661123930495,0.004764576971674735,40,0,1.0,M1_raw_p2l,vi,416,416,oracle,0.0,True,1.4901161193847656e-08
143.69708527094892,4.6107213771783,0.023389606743050476,0.008639743084067784,0.004239784130282089,0.004399958953785695,40,0,0.774811945466155,M2_raw_huber,vi,416,416,oracle,0.0,True,1.4901161193847656e-08
149.1641482756599,5.077121967643668,0.05568809901965381,0.008639743084067784,0.004007480998110006,0.004632262085957778,38,0,1.0,M3_global_corr,vi,416,416,oracle,0.0,True,1.4901161193847656e-08
109.830825253759,6.030213560299138,0.04126008133544001,0.008639743084067784,0.004760737206285353,0.0038790058777824314,40,0,1.0,M4_patch_corr,vi,416,416,oracle,0.0,True,1.4901161193847656e-08
64.14395980835673,4.297382774914345,0.02662953662254664,0.008639743084067784,0.005789579351273068,0.0028501637327947157,40,0,1.0,M5_full_corr,vi,416,416,oracle,0.0,True,1.4901161193847656e-08
149.05923969167233,3.8645555293233618,0.05289714887817734,0.008207425694134815,0.0035789720846959782,0.0046284536094388365,40,0,1.0,M0_raw_p2p,vi,417,417,oracle,0.0,True,0.0
143.29544758917092,2.8672607302323163,0.047769973003219585,0.008207425694134815,0.0036340606293215403,0.004573365064813274,40,0,1.0,M1_raw_p2l,vi,417,417,oracle,0.0,True,0.0
141.91005431963478,2.951378296210331,0.021905144520277923,0.008207425694134815,0.0038763091793073694,0.004331116514827446,40,0,0.7895237943805973,M2_raw_huber,vi,417,417,oracle,0.0,True,0.0
148.19753439468073,3.8597253995970386,0.05538134859602035,0.008207425694134815,0.0037434287072169994,0.004463996986917815,40,0,1.0,M3_global_corr,vi,417,417,oracle,0.0,True,0.0
109.26481370680371,4.795187326168884,0.04340459611800144,0.008207425694134815,0.00455583439315737,0.0036515913009774444,40,0,1.0,M4_patch_corr,vi,417,417,oracle,0.0,True,0.0
52.50742140859302,2.0936924082523425,0.02559480453014499,0.008207425694134815,0.005729592367406474,0.002477833326728341,29,0,1.0,M5_full_corr,vi,417,417,oracle,0.0,True,0.0
148.48856474734362,4.550175910880934,0.05580041787164381,0.007964162190722116,0.003169221048266892,0.0047949411424552234,26,0,1.0,M0_raw_p2p,vi,418,418,oracle,0.0,True,0.0
145.8507835798462,4.089508891712363,0.04580551299901867,0.007964162190722116,0.0031856709932597924,0.0047784911974623236,40,0,1.0,M1_raw_p2l,vi,418,418,oracle,0.0,True,0.0
145.10081994176852,3.824088208765598,0.023923103431209455,0.007964162190722116,0.0034286381922691554,0.004535523998452961,40,0,0.7666639423146756,M2_raw_huber,vi,418,418,oracle,0.0,True,0.0
148.48704833595104,4.541518812119888,0.06195728691012367,0.007964162190722116,0.0033237829289406726,0.004640379261781443,25,0,1.0,M3_global_corr,vi,418,418,oracle,0.0,True,0.0
111.24882553418814,5.844324627543536,0.04962471397117488,0.007964162190722116,0.004107894662085119,0.003856267528636996,31,0,1.0,M4_patch_corr,vi,418,418,oracle,0.0,True,0.0
55.74856823893534,3.044870773166961,0.030133850538832153,0.007964162190722116,0.005142602684295552,0.0028215595064265634,33,0,1.0,M5_full_corr,vi,418,418,oracle,0.0,True,0.0
147.7908930509543,3.534749981867517,0.060354601001872656,0.008480157968964267,0.0034613855525454434,0.005018772416418823,40,0,1.0,M0_raw_p2p,vi,419,419,oracle,0.0,True,1.4901161193847656e-08
145.52474854654204,3.1951300286373954,0.04564064025201771,0.008480157968964267,0.003508944651640588,0.004971213317323679,40,0,1.0,M1_raw_p2l,vi,419,419,oracle,0.0,True,1.4901161193847656e-08
146.31737498012745,2.655697378940468,0.027854404709688828,0.008480157968964267,0.003751669877115133,0.004728488091849134,40,0,0.7623184966039812,M2_raw_huber,vi,419,419,oracle,0.0,True,1.4901161193847656e-08
148.02502401195235,3.5345873536045205,0.06771858062085681,0.008480157968964267,0.003611054458245814,0.004869103510718453,40,0,1.0,M3_global_corr,vi,419,419,oracle,0.0,True,1.4901161193847656e-08
107.52295458929459,4.559421411292284,0.05076806327784821,0.008480157968964267,0.004351106749662653,0.004129051219301614,38,0,1.0,M4_patch_corr,vi,419,419,oracle,0.0,True,1.4901161193847656e-08
54.189150335195635,2.1923776132218022,0.032168147857718446,0.008480157968964267,0.005503009312889052,0.0029771486560752148,40,0,1.0,M5_full_corr,vi,419,419,oracle,0.0,True,1.4901161193847656e-08
149.55389659858568,4.269829904002108,0.06277408506017142,0.009003949173795479,0.003770623209142661,0.005233325964652818,40,0,1.0,M0_raw_p2p,vi,420,420,oracle,0.0,True,1.4901161193847656e-08
151.22825557897042,4.310040348825627,0.060124085456759915,0.009003949173795479,0.0037849557522000713,0.005218993421595408,40,0,1.0,M1_raw_p2l,vi,420,420,oracle,0.0,True,1.4901161193847656e-08
147.90211989415488,3.3249670467852472,0.032302364806977096,0.009003949173795479,0.004094770880788326,0.0049091782930071525,40,0,0.7645045095201203,M2_raw_huber,vi,420,420,oracle,0.0,True,1.4901161193847656e-08
149.31579003531974,4.272669991446018,0.06938553285725055,0.009003949173795479,0.003913363251842366,0.005090585921953113,40,0,1.0,M3_global_corr,vi,420,420,oracle,0.0,True,1.4901161193847656e-08
109.38941059463583,5.415281215728608,0.04836879402841187,0.009003949173795479,0.004650934344327632,0.0043530148294678465,32,0,1.0,M4_patch_corr,vi,420,420,oracle,0.0,True,1.4901161193847656e-08
58.55121387160836,2.597620467104119,0.03137648908602132,0.009003949173795479,0.005821587686689283,0.0031823614871061955,40,0,1.0,M5_full_corr,vi,420,420,oracle,0.0,True,1.4901161193847656e-08
152.25073760840462,4.658359097575176,0.061951828348815303,0.008898061298983387,0.003684457158866386,0.0052136041401170015,40,0,1.0,M0_raw_p2p,vi,421,421,oracle,0.0,True,0.0
152.15938532731894,4.486112993867289,0.05166923566449972,0.008898061298983387,0.003703898647747289,0.0051941626512360985,40,0,1.0,M1_raw_p2l,vi,421,421,oracle,0.0,True,0.0
150.00243866183715,3.9761661367697902,0.032571739068952575,0.008898061298983387,0.004019702191288343,0.004878359107695044,40,0,0.7622954590020304,M2_raw_huber,vi,421,421,oracle,0.0,True,0.0
151.63458065682536,4.65771056630669,0.06718530007593969,0.008898061298983387,0.003828757147007325,0.005069304151976062,40,0,1.0,M3_global_corr,vi,421,421,oracle,0.0,True,0.0
112.8704882483637,5.64024560902039,0.04488646437298018,0.008898061298983387,0.004521372092518751,0.004376689206464636,34,0,1.0,M4_patch_corr,vi,421,421,oracle,0.0,True,0.0
71.82105030462665,3.4563380251315494,0.029523513423869614,0.008898061298983387,0.00535296777725244,0.0035450935217309475,35,0,1.0,M5_full_corr,vi,421,421,oracle,0.0,True,0.0
156.01602524103157,4.900001752751183,0.06131645815071479,0.009316037697479244,0.0038758189724800835,0.00544021872499916,27,0,1.0,M0_raw_p2p,vi,422,422,oracle,0.0,True,0.0
152.9481263146778,4.005545065110737,0.059347037013341146,0.009316037697479244,0.0039040098438557244,0.005412027853623519,40,0,1.0,M1_raw_p2l,vi,422,422,oracle,0.0,True,0.0
150.0670050171344,4.034838343961423,0.028445004128804442,0.009316037697479244,0.0042767641794925525,0.005039273517986691,40,0,0.7708244804373277,M2_raw_huber,vi,422,422,oracle,0.0,True,0.0
154.6890534645355,4.904963337783924,0.06370497510745261,0.009316037697479244,0.004025391133275886,0.005290646564203358,26,0,1.0,M3_global_corr,vi,422,422,oracle,0.0,True,0.0
118.35814128178424,5.611986541488402,0.04208617724561164,0.009316037697479244,0.004657112094714439,0.004658925602764805,37,0,1.0,M4_patch_corr,vi,422,422,oracle,0.0,True,0.0
83.10518188753777,3.3747380604952744,0.026622836727680028,0.009316037697479244,0.005349367187048153,0.003966670510431091,40,0,1.0,M5_full_corr,vi,422,422,oracle,0.0,True,0.0
154.40768611492916,4.539126405371169,0.05993362432042146,0.00936144633805874,0.003998721554676836,0.005362724783381904,34,0,1.0,M0_raw_p2p,vi,423,423,oracle,0.0,True,0.0
150.14071232717362,3.2264849597992886,0.05901377782085011,0.00936144633805874,0.004040458553455376,0.005320987784603363,40,0,1.0,M1_raw_p2l,vi,423,423,oracle,0.0,True,0.0
148.18399928702556,3.9546466680745036,0.024830397726289682,0.00936144633805874,0.004384102358325451,0.004977343979733289,40,0,0.7664228588238947,M2_raw_huber,vi,423,423,oracle,0.0,True,0.0
152.81387494387212,4.526801920833325,0.06107894013167764,0.00936144633805874,0.004145404910847081,0.005216041427211659,35,0,1.0,M3_global_corr,vi,423,423,oracle,0.0,True,0.0
116.92397127059604,5.027305600899789,0.040144377611826175,0.00936144633805874,0.004748008589335159,0.00461343774872358,40,0,1.0,M4_patch_corr,vi,423,423,oracle,0.0,True,0.0
85.82620916788589,3.4879065695020035,0.02532220891841161,0.00936144633805874,0.005330930349375097,0.004030515988683643,36,0,1.0,M5_full_corr,vi,423,423,oracle,0.0,True,0.0
154.33090391110224,4.602200871581683,0.05797024414009379,0.008933203382776632,0.0037539097619235223,0.00517929362085311,30,0,1.0,M0_raw_p2p,vi,424,424,oracle,0.0,True,0.0
151.80339914839521,3.9696023703852252,0.04847378176361385,0.008933203382776632,0.0037880675246867415,0.005145135858089891,40,0,1.0,M1_raw_p2l,vi,424,424,oracle,0.0,True,0.0
146.4388913000184,4.156456055222738,0.023093165696183846,0.008933203382776632,0.004087380170594684,0.004845823212181948,40,0,0.7700601182007855,M2_raw_huber,vi,424,424,oracle,0.0,True,0.0
152.95877113140787,4.6047696038088075,0.057851496760209835,0.008933203382776632,0.003896653300256913,0.005036550082519719,30,0,1.0,M3_global_corr,vi,424,424,oracle,0.0,True,0.0
119.64635748023575,5.2179595058649735,0.03678883982417831,0.008933203382776632,0.004529544480226411,0.004403658902550222,34,0,1.0,M4_patch_corr,vi,424,424,oracle,0.0,True,0.0
91.28281092174096,3.523860386484749,0.02578141963791686,0.008933203382776632,0.004914485336598519,0.0040187180461781135,32,0,1.0,M5_full_corr,vi,424,424,oracle,0.0,True,0.0
149.33574290112588,4.686306379733758,0.0562823235651159,0.008298606729010394,0.003411114683695091,0.004887492045315303,31,0,1.0,M0_raw_p2p,vi,425,425,oracle,0.0,True,0.0
145.30862905344827,4.234299431956704,0.05452043473035048,0.008298606729010394,0.003468026538013094,0.0048305801909973,40,0,1.0,M1_raw_p2l,vi,425,425,oracle,0.0,True,0.0
142.382193922672,4.106227099306839,0.024210134255491587,0.008298606729010394,0.0036891189105406346,0.00460948781846976,40,0,0.7740575109025356,M2_raw_huber,vi,425,425,oracle,0.0,True,0.0
148.70244625932486,4.680999257167011,0.059317856987172735,0.008298606729010394,0.003543377451757432,0.004755229277252962,32,0,1.0,M3_global_corr,vi,425,425,oracle,0.0,True,0.0
115.76485555695848,5.701984300162504,0.03922179977575037,0.008298606729010394,0.0041475114087558395,0.004151095320254554,40,0,1.0,M4_patch_corr,vi,425,425,oracle,0.0,True,0.0
71.44792835854668,2.245669120194161,0.02650123495154085,0.008298606729010394,0.005014401815258924,0.00328420491375147,34,0,1.0,M5_full_corr,vi,425,425,oracle,0.0,True,0.0
152.8123806832361,5.226359009388862,0.056996459393433625,0.008910736699885763,0.0037790109047926763,0.005131725795093087,36,0,1.0,M0_raw_p2p,vi,426,426,oracle,0.0,True,0.0
150.94431161639898,4.685722421386986,0.0516507754423441,0.008910736699885763,0.003819360628995462,0.0050913760708903005,40,0,1.0,M1_raw_p2l,vi,426,426,oracle,0.0,True,0.0
146.48309185189305,4.307892256872674,0.027042964412881135,0.008910736699885763,0.004100843619610768,0.004809893080274995,40,0,0.7723970426725877,M2_raw_huber,vi,426,426,oracle,0.0,True,0.0
151.72039473653922,5.216012592518402,0.059990482641493786,0.008910736699885763,0.003933174499784102,0.0049775622001016605,36,0,1.0,M3_global_corr,vi,426,426,oracle,0.0,True,0.0
116.45518980420552,6.182712101780324,0.040234101371255236,0.008910736699885763,0.004571230114147082,0.004339506585738681,40,0,1.0,M4_patch_corr,vi,426,426,oracle,0.0,True,0.0
74.19649145606905,2.6728111666746557,0.02624667741709553,0.008910736699885763,0.005376537200343138,0.003534199499542625,37,0,1.0,M5_full_corr,vi,426,426,oracle,0.0,True,0.0
158.02687717992734,5.6176904839410495,0.05631449625382487,0.008797343225231393,0.003733202752448191,0.005064140472783202,40,0,1.0,M0_raw_p2p,vi,427,427,oracle,0.0,True,1.4901161193847656e-08
154.2889756068319,5.962934572841692,0.05818719896972131,0.008797343225231393,0.00378592975088911,0.0050114134743422835,40,0,1.0,M1_raw_p2l,vi,427,427,oracle,0.0,True,1.4901161193847656e-08
148.65817136954456,4.718236275760118,0.026321925543144418,0.008797343225231393,0.003981911255036101,0.004815431970195292,40,0,0.7681218929005688,M2_raw_huber,vi,427,427,oracle,0.0,True,1.4901161193847656e-08
157.88946039161652,5.61788973719271,0.06124024691754476,0.008797343225231393,0.0038809906892207724,0.004916352536010621,40,0,1.0,M3_global_corr,vi,427,427,oracle,0.0,True,1.4901161193847656e-08
125.42275489334234,6.31107403363345,0.04097696059319197,0.008797343225231393,0.004509479758105379,0.004287863467126014,40,0,1.0,M4_patch_corr,vi,427,427,oracle,0.0,True,1.4901161193847656e-08
78.13674131906029,3.553492479266723,0.025980594651982502,0.008797343225231393,0.005328774302661923,0.0034685689225694705,40,0,1.0,M5_full_corr,vi,427,427,oracle,0.0,True,1.4901161193847656e-08
156.09047677272687,5.932275509878526,0.056520425188540425,0.008612864683951924,0.003763702724452138,0.004849161959499786,40,0,1.0,M0_raw_p2p,vi,428,428,oracle,0.0,True,0.0
151.50688226980762,6.1149183539520955,0.0550454630312172,0.008612864683951924,0.0038324199996483967,0.004780444684303527,23,0,1.0,M1_raw_p2l,vi,428,428,oracle,0.0,True,0.0
150.10493871190693,5.022783740440822,0.02712520151412619,0.008612864683951924,0.004011212607306349,0.004601652076645575,40,0,0.7659859743113259,M2_raw_huber,vi,428,428,oracle,0.0,True,0.0
156.22699505950325,5.930534454070484,0.06153854163481982,0.008612864683951924,0.003914055132814424,0.0046988095511375,40,0,1.0,M3_global_corr,vi,428,428,oracle,0.0,True,0.0
120.6148172376187,6.197740488349187,0.04101940888175674,0.008612864683951924,0.00456613548529465,0.0040467291986572744,40,0,1.0,M4_patch_corr,vi,428,428,oracle,0.0,True,0.0
76.07930245822372,4.399775301345479,0.02558222211583829,0.008612864683951924,0.005437960212635576,0.003174904471316348,40,0,1.0,M5_full_corr,vi,428,428,oracle,0.0,True,0.0
155.116342975229,3.714296910442113,0.058125840681694046,0.008884018111911491,0.0038862189872735375,0.004997799124637953,37,0,1.0,M0_raw_p2p,vi,429,429,oracle,0.0,True,2.1073424255447017e-08
151.33051455775146,2.9842640974727908,0.05359340243401615,0.008884018111911491,0.003917688959616584,0.004966329152294907,40,0,1.0,M1_raw_p2l,vi,429,429,oracle,0.0,True,2.1073424255447017e-08
150.2289377750609,3.028947775856146,0.03143713005053665,0.008884018111911491,0.004134293395736276,0.004749724716175215,40,0,0.7624678185145537,M2_raw_huber,vi,429,429,oracle,0.0,True,2.1073424255447017e-08
155.46716115025328,3.714153733839329,0.06302620260831514,0.008884018111911491,0.004033352070214341,0.00485066604169715,38,0,1.0,M3_global_corr,vi,429,429,oracle,0.0,True,2.1073424255447017e-08
119.46692762576178,4.036395837884539,0.04293109943320599,0.008884018111911491,0.004670429635264543,0.004213588476646948,37,0,1.0,M4_patch_corr,vi,429,429,oracle,0.0,True,2.1073424255447017e-08
76.36335819606641,2.8899785018003006,0.027309721689230845,0.008884018111911491,0.0055993888509633365,0.0032846292609481544,40,0,1.0,M5_full_corr,vi,429,429,oracle,0.0,True,2.1073424255447017e-08
153.25684569186717,3.8854364742707053,0.05776061856921903,0.008765969891877532,0.0036968754345973504,0.005069094457280182,34,0,1.0,M0_raw_p2p,vi,430,430,oracle,0.0,True,0.0
150.53930512451615,3.5553293845126928,0.04794554903311587,0.008765969891877532,0.003728764590397464,0.005037205301480068,40,0,1.0,M1_raw_p2l,vi,430,430,oracle,0.0,True,0.0
149.10438856251105,3.135704423866503,0.0271628697513676,0.008765969891877532,0.003975410951638083,0.004790558940239449,40,0,0.7665001953146156,M2_raw_huber,vi,430,430,oracle,0.0,True,0.0
152.8872044671358,3.8849356899664973,0.060722534984566666,0.008765969891877532,0.003838646567213696,0.0049273233246638366,37,0,1.0,M3_global_corr,vi,430,430,oracle,0.0,True,0.0
118.9730073291211,4.166009980654614,0.04110779880423752,0.008765969891877532,0.004379649055224923,0.004386320836652609,38,0,1.0,M4_patch_corr,vi,430,430,oracle,0.0,True,0.0
80.20730874156378,2.8495370213401108,0.025054818922374822,0.008765969891877532,0.005184777717776337,0.003581192174101195,40,0,1.0,M5_full_corr,vi,430,430,oracle,0.0,True,0.0
150.41867493887779,3.6033393459964813,0.05551526776549201,0.00885957237555197,0.003936102320000618,0.004923470055551351,31,0,1.0,M0_raw_p2p,vi,431,431,oracle,0.0,True,0.0
147.14381605331914,2.835835096636138,0.062001294935929666,0.00885957237555197,0.003973743879822433,0.0048858284957295365,13,0,1.0,M1_raw_p2l,vi,431,431,oracle,0.0,True,0.0
146.99891724415505,2.9916068417826125,0.02808464981195227,0.00885957237555197,0.004247937127825547,0.004611635247726422,40,0,0.7639089436411881,M2_raw_huber,vi,431,431,oracle,0.0,True,0.0
149.9161357860346,3.595885436986151,0.058052424645554705,0.00885957237555197,0.004085455170737245,0.004774117204814725,30,0,1.0,M3_global_corr,vi,431,431,oracle,0.0,True,0.0
116.0465586113006,4.167469824710676,0.041343131779889415,0.00885957237555197,0.004591362539738232,0.004268209835813737,30,0,1.0,M4_patch_corr,vi,431,431,oracle,0.0,True,0.0
82.82050100392465,2.95372378765306,0.025261285563267163,0.00885957237555197,0.0052185830730947765,0.003640989302457193,40,0,1.0,M5_full_corr,vi,431,431,oracle,0.0,True,0.0
192.19734858019328,14.049899130766402,0.11249918987148796,10.5700564434161,10.55355801551987,0.016498427896229018,40,0,1.0,M0_raw_p2p,vi,432,432,oracle,0.0,True,0.0
50.497846079077924,0.0,7.777265878764324,10.5700564434161,10.570489373888446,-0.00043293047234627124,1,1,1.0,M1_raw_p2l,vi,432,432,oracle,0.0,True,0.0
144.16699739563768,3.445355204299597,0.027797653042474987,10.5700564434161,10.560322519776594,0.009733923639505093,40,0,0.7621494699173553,M2_raw_huber,vi,432,432,oracle,0.0,True,0.0
185.45406558147198,14.047412667589473,0.10644771844204098,10.5700564434161,10.553705678366427,0.01635076504967259,40,0,1.0,M3_global_corr,vi,432,432,oracle,0.0,True,0.0
163.26844433546026,11.933978163157509,0.08616575557968281,10.5700564434161,10.5541524014733,0.015904041942800262,40,0,1.0,M4_patch_corr,vi,432,432,oracle,0.0,True,0.0
153.98867941737393,1.7570920663384961,0.0774765308499527,10.5700564434161,10.557245009678814,0.012811433737285327,31,0,1.0,M5_full_corr,vi,432,432,oracle,0.0,True,0.0
147.1528448429838,3.38695313077428,0.05390225948741354,0.007818511350969845,0.0031105045383487467,0.004708006812621099,40,0,1.0,M0_raw_p2p,vi,433,433,oracle,0.0,True,0.0
144.39569712435772,2.7695466435319345,0.04553060813594416,0.007818511350969845,0.0031357865648411207,0.004682724786128725,17,0,1.0,M1_raw_p2l,vi,433,433,oracle,0.0,True,0.0
142.00757295978298,3.095172148961246,0.024347728768137535,0.007818511350969845,0.00332269208513549,0.004495819265834355,40,0,0.7690995210514253,M2_raw_huber,vi,433,433,oracle,0.0,True,0.0
147.50214101606554,3.3855394229049445,0.06021461130985507,0.007818511350969845,0.003253359385087395,0.00456515196588245,40,0,1.0,M3_global_corr,vi,433,433,oracle,0.0,True,0.0
111.9997764602972,4.244912494969723,0.0466055931606169,0.007818511350969845,0.003747688679883472,0.004070822671086374,34,0,1.0,M4_patch_corr,vi,433,433,oracle,0.0,True,0.0
76.27549384116794,3.196200798226396,0.030128764521727983,0.007818511350969845,0.00428882476210627,0.0035296865888635757,31,0,1.0,M5_full_corr,vi,433,433,oracle,0.0,True,0.0
151.1634322773003,4.431249045090144,0.056697936729220834,0.008363266097440347,0.0033826678390504114,0.0049805982583899355,38,0,1.0,M0_raw_p2p,vi,434,434,oracle,0.0,True,1.4901161193847656e-08
150.78112812502548,4.578823962577347,0.049565610909829416,0.008363266097440347,0.003402227535911239,0.004961038561529108,40,0,1.0,M1_raw_p2l,vi,434,434,oracle,0.0,True,1.4901161193847656e-08
146.26575200790967,3.7688254922580455,0.026356575718271578,0.008363266097440347,0.0036308217626447024,0.004732444334795645,40,0,0.7576795257740074,M2_raw_huber,vi,434,434,oracle,0.0,True,1.4901161193847656e-08
151.18223381887103,4.427501976140647,0.06232026437471061,0.008363266097440347,0.0035210303960294485,0.004842235701410898,38,0,1.0,M3_global_corr,vi,434,434,oracle,0.0,True,1.4901161193847656e-08
113.04857874725742,4.917394425884878,0.04701223634447168,0.008363266097440347,0.004050476939660821,0.004312789157779526,40,0,1.0,M4_patch_corr,vi,434,434,oracle,0.0,True,1.4901161193847656e-08
78.33061400851354,3.3862287433261504,0.03149525751294679,0.008363266097440347,0.004608642372963459,0.0037546237244768877,40,0,1.0,M5_full_corr,vi,434,434,oracle,0.0,True,1.4901161193847656e-08
151.9579039070939,3.083646038313405,0.0561757419486839,0.008304445504673366,0.003465079510330324,0.004839365994343042,40,0,1.0,M0_raw_p2p,vi,435,435,oracle,0.0,True,0.0
151.14468352245632,2.9452530431531825,0.07340939042932354,0.008304445504673366,0.0034853874691449026,0.004819058035528463,12,0,1.0,M1_raw_p2l,vi,435,435,oracle,0.0,True,0.0
148.04060732591054,2.5839474053780975,0.02462464587175642,0.008304445504673366,0.003691964375966848,0.0046124811287065175,40,0,0.7620339695467939,M2_raw_huber,vi,435,435,oracle,0.0,True,0.0
152.20615688611397,3.0831113867241124,0.06376896138823696,0.008304445504673366,0.003606759438386792,0.004697686066286575,40,0,1.0,M3_global_corr,vi,435,435,oracle,0.0,True,0.0
112.45097726464387,3.717407869230994,0.0453291149442116,0.008304445504673366,0.004079956630492212,0.004224488874181154,34,0,1.0,M4_patch_corr,vi,435,435,oracle,0.0,True,0.0
79.0240723203253,2.861120781729652,0.029558087160326804,0.008304445504673366,0.004665604674895865,0.003638840829777501,40,0,1.0,M5_full_corr,vi,435,435,oracle,0.0,True,0.0
154.41723047099387,3.8702602599930533,0.057950682853473975,0.00836279002671651,0.0033755466802935096,0.004987243346423,37,0,1.0,M0_raw_p2p,vi,436,436,oracle,0.0,True,1.4901161193847656e-08
151.0928306419577,3.480966022047081,0.05203822311782819,0.00836279002671651,0.0034094356918713126,0.004953354334845197,40,0,1.0,M1_raw_p2l,vi,436,436,oracle,0.0,True,1.4901161193847656e-08
149.52616520093144,3.340962699764515,0.027003998789899713,0.00836279002671651,0.003571662390600655,0.0047911276361158545,40,0,0.7642965912087215,M2_raw_huber,vi,436,436,oracle,0.0,True,1.4901161193847656e-08
155.01990590698784,3.874205022405573,0.06647808100214675,0.00836279002671651,0.003510963309345689,0.004851826717370821,37,0,1.0,M3_global_corr,vi,436,436,oracle,0.0,True,1.4901161193847656e-08
110.00255758452508,4.291904824329097,0.04611674708839339,0.00836279002671651,0.0040577951745786175,0.004304994852137892,40,0,1.0,M4_patch_corr,vi,436,436,oracle,0.0,True,1.4901161193847656e-08
76.16449400633161,3.227291783087797,0.029046772050414664,0.00836279002671651,0.004738163096344684,0.0036246269303718253,40,0,1.0,M5_full_corr,vi,436,436,oracle,0.0,True,1.4901161193847656e-08
157.630462759726,4.1164558620765765,0.055342914288673835,0.00880792815615506,0.0037890156700313795,0.005018912486123682,40,0,1.0,M0_raw_p2p,vi,437,437,oracle,0.0,True,2.1073424255447017e-08
156.1682833073946,3.9639584380524386,0.052976889986074166,0.00880792815615506,0.0038064434090186038,0.005001484747136457,40,0,1.0,M1_raw_p2l,vi,437,437,oracle,0.0,True,2.1073424255447017e-08
150.50300929211502,3.6952516406573976,0.028103794309057663,0.00880792815615506,0.003991684811005804,0.004816243345149257,40,0,0.7624366914396148,M2_raw_huber,vi,437,437,oracle,0.0,True,2.1073424255447017e-08
158.20781285668988,4.128084589911833,0.060792117706634737,0.00880792815615506,0.003930442301536816,0.004877485854618245,40,0,1.0,M3_global_corr,vi,437,437,oracle,0.0,True,2.1073424255447017e-08
112.94206290884951,3.998707404442457,0.043571462673489325,0.00880792815615506,0.004482205248362911,0.004325722907792149,40,0,1.0,M4_patch_corr,vi,437,437,oracle,0.0,True,2.1073424255447017e-08
74.75015762028492,2.7862574802023237,0.026946174357760398,0.00880792815615506,0.005369433730204038,0.003438494425951023,40,0,1.0,M5_full_corr,vi,437,437,oracle,0.0,True,2.1073424255447017e-08
155.5321801257188,3.7541340387135693,0.05496670543193508,0.008710578978053394,0.003590913847140548,0.0051196651309128455,34,0,1.0,M0_raw_p2p,vi,438,438,oracle,0.0,True,1.4901161193847656e-08
152.36910975702446,3.0785442395487674,0.055965531800143124,0.008710578978053394,0.003616818703780088,0.005093760274273306,40,0,1.0,M1_raw_p2l,vi,438,438,oracle,0.0,True,1.4901161193847656e-08
149.5256712089153,3.7248448636551594,0.025390496596038068,0.008710578978053394,0.0037665096467558827,0.004944069331297511,40,0,0.7676701532399925,M2_raw_huber,vi,438,438,oracle,0.0,True,1.4901161193847656e-08
156.4768605177645,3.7581532001407076,0.05946907754559679,0.008710578978053394,0.0037447715152225977,0.004965807462830795,34,0,1.0,M3_global_corr,vi,438,438,oracle,0.0,True,1.4901161193847656e-08
109.9216800447456,3.916485085372895,0.04641590363913726,0.008710578978053394,0.004380530269497923,0.004330048708555471,40,0,1.0,M4_patch_corr,vi,438,438,oracle,0.0,True,1.4901161193847656e-08
65.00861388552173,2.41652974630887,0.02546940109276647,0.008710578978053394,0.005496805491392852,0.0032137734866605414,40,0,1.0,M5_full_corr,vi,438,438,oracle,0.0,True,1.4901161193847656e-08
152.93797862567027,3.8234814464384015,0.05302962981341463,0.008325855957974176,0.003452500266045496,0.00487335569192868,35,0,1.0,M0_raw_p2p,vi,439,439,oracle,0.0,True,0.0
149.74845542051065,3.2789433589382946,0.06063689805791278,0.008325855957974176,0.0034673790748676213,0.0048584768831065545,40,0,1.0,M1_raw_p2l,vi,439,439,oracle,0.0,True,0.0
147.43922704720654,3.6007416368364153,0.02283993749247779,0.008325855957974176,0.0036629124174067064,0.004662943540567469,40,0,0.7684108577783246,M2_raw_huber,vi,439,439,oracle,0.0,True,0.0
153.57673834559958,3.8231765333519876,0.05856885574957037,0.008325855957974176,0.0036103557182065363,0.004715500239767639,35,0,1.0,M3_global_corr,vi,439,439,oracle,0.0,True,0.0
106.37594291935741,3.826239431181599,0.046305630501613265,0.008325855957974176,0.004284611953698139,0.004041244004276036,40,0,1.0,M4_patch_corr,vi,439,439,oracle,0.0,True,0.0
57.65876560219139,1.8959695795287619,0.022032278082802777,0.008325855957974176,0.005592306908193173,0.002733549049781003,40,0,1.0,M5_full_corr,vi,439,439,oracle,0.0,True,0.0
149.45292951539764,3.7250597966789494,0.05018629403439144,0.0076474915206484586,0.0031482436373303315,0.004499247883318127,40,0,1.0,M0_raw_p2p,vi,440,440,oracle,0.0,True,2.580956827951785e-08
145.95119913636964,3.1798736792242606,0.04670888549215186,0.0076474915206484586,0.0031759413503473144,0.004471550170301144,20,0,1.0,M1_raw_p2l,vi,440,440,oracle,0.0,True,2.580956827951785e-08
144.3006973477901,3.8031370002089395,0.02040582859551753,0.0076474915206484586,0.003334583146408145,0.004312908374240313,40,0,0.7753266932837595,M2_raw_huber,vi,440,440,oracle,0.0,True,2.580956827951785e-08
150.049085547073,3.7267721497398516,0.05643756519139502,0.0076474915206484586,0.003314808375727391,0.004332683144921068,40,0,1.0,M3_global_corr,vi,440,440,oracle,0.0,True,2.580956827951785e-08
98.05060099049766,3.305507315473699,0.04562703467647098,0.0076474915206484586,0.004104439990293943,0.0035430515303545157,40,0,1.0,M4_patch_corr,vi,440,440,oracle,0.0,True,2.580956827951785e-08
45.63212631304666,1.8545399421038888,0.019080156774817586,0.0076474915206484586,0.005567666925869938,0.002079824594778521,40,0,1.0,M5_full_corr,vi,440,440,oracle,0.0,True,2.580956827951785e-08
145.08881904291752,2.5465044951390343,0.05393942744336735,0.0073139736922397305,0.002763532245677777,0.004550441446561953,40,0,1.0,M0_raw_p2p,vi,441,441,oracle,0.0,True,0.0
141.6102950622296,1.4851218832070818,0.04900250966966017,0.0073139736922397305,0.002787259956667056,0.004526713735572674,40,0,1.0,M1_raw_p2l,vi,441,441,oracle,0.0,True,0.0
141.32435938634003,2.209669662561425,0.02405538257104488,0.0073139736922397305,0.002909010177312674,0.004404963514927056,40,0,0.7665305122372099,M2_raw_huber,vi,441,441,oracle,0.0,True,0.0
146.95916278974906,2.547387353549382,0.06298353875770712,0.0073139736922397305,0.00293336586981578,0.00438060782242395,40,0,1.0,M3_global_corr,vi,441,441,oracle,0.0,True,0.0
92.55467394409663,3.060251101294636,0.05014444400617914,0.0073139736922397305,0.0038735436583233166,0.003440430033916414,40,0,1.0,M4_patch_corr,vi,441,441,oracle,0.0,True,0.0
36.312294464695576,3.1029879885913774,0.01981423968339469,0.0073139736922397305,0.005441049812780052,0.0018729238794596781,40,0,1.0,M5_full_corr,vi,441,441,oracle,0.0,True,0.0
146.4823309670713,3.772998551341629,0.057911681950863075,0.007822972060260466,0.0029462613877887403,0.004876710672471725,40,0,1.0,M0_raw_p2p,vi,442,442,oracle,0.0,True,0.0
145.4147324191986,4.068518058788046,0.049932783511759636,0.007822972060260466,0.0029849900067379534,0.004837982053522512,40,0,1.0,M1_raw_p2l,vi,442,442,oracle,0.0,True,0.0
143.85384998157207,3.3318684961896463,0.027218447245109387,0.007822972060260466,0.00312950439404436,0.004693467666216106,40,0,0.7611160985444562,M2_raw_huber,vi,442,442,oracle,0.0,True,0.0
148.312742067955,3.778915496041087,0.06761603762300854,0.007822972060260466,0.0031125248796192795,0.0047104471806411865,40,0,1.0,M3_global_corr,vi,442,442,oracle,0.0,True,0.0
96.88538903445591,4.2296846125821075,0.05354129844927733,0.007822972060260466,0.0040568519220702225,0.0037661201381902435,39,0,1.0,M4_patch_corr,vi,442,442,oracle,0.0,True,0.0
35.670440677648365,2.268182812490246,0.022198506801718088,0.007822972060260466,0.005750689940976668,0.002072282119283798,40,0,1.0,M5_full_corr,vi,442,442,oracle,0.0,True,0.0
146.48653630998825,2.937470927114524,0.0618375771792188,0.008305137930073753,0.0031931582450645114,0.005111979685009241,40,0,1.0,M0_raw_p2p,vi,443,443,oracle,0.0,True,0.0
146.15946113936712,2.6290620347515286,0.058397264760951424,0.008305137930073753,0.003210168029397953,0.0050949699006758,40,0,1.0,M1_raw_p2l,vi,443,443,oracle,0.0,True,0.0
144.9091758368182,2.468315762216268,0.02997479387411614,0.008305137930073753,0.0034051118907566244,0.004900026039317129,40,0,0.7659347231720388,M2_raw_huber,vi,443,443,oracle,0.0,True,0.0
147.7741652871737,2.9410873198317278,0.06974657375663638,0.008305137930073753,0.0033498267740557537,0.004955311156017999,40,0,1.0,M3_global_corr,vi,443,443,oracle,0.0,True,0.0
95.8247297901475,2.709740726497643,0.05164705729961923,0.008305137930073753,0.004271040865942504,0.004034097064131249,40,0,1.0,M4_patch_corr,vi,443,443,oracle,0.0,True,0.0
38.740625533590425,2.552531807198546,0.021289422896535435,0.008305137930073753,0.00605429470377991,0.002250843226293843,40,0,1.0,M5_full_corr,vi,443,443,oracle,0.0,True,0.0
172.34104793923038,5.863091894907294,0.1015933222674104,5.140031768486715,5.128156546327617,0.011875222159098087,40,0,1.0,M0_raw_p2p,vi,444,444,oracle,0.0,True,0.0
68.76423352770303,0.0,4.850381869727193,5.140031768486715,5.142976906655933,-0.0029451381692187084,1,1,1.0,M1_raw_p2l,vi,444,444,oracle,0.0,True,0.0
147.2024173329937,3.2904038901064467,0.045679986054113324,5.140031768486715,5.13194637546236,0.008085393024354737,40,0,0.7572437240566308,M2_raw_huber,vi,444,444,oracle,0.0,True,0.0
167.6830350030391,5.863553510513937,0.10121108768764692,5.140031768486715,5.128310508442661,0.011721260044053494,40,0,1.0,M3_global_corr,vi,444,444,oracle,0.0,True,0.0
127.82947610001008,7.636070246394986,0.08600606921017231,5.140031768486715,5.128916229595458,0.01111553889125716,40,0,1.0,M4_patch_corr,vi,444,444,oracle,0.0,True,0.0
124.17167580395177,1.089528523996445,0.06599357976904376,5.140031768486715,5.1304606842757,0.00957108421101438,30,0,1.0,M5_full_corr,vi,444,444,oracle,0.0,True,0.0
150.4942992918685,4.575003530929429,0.0632268109854973,0.008581011910891887,0.0033445051506908,0.005236506760201088,40,0,1.0,M0_raw_p2p,vi,445,445,oracle,0.0,True,0.0
148.99416075583193,4.479913176597811,0.05256355016720084,0.008581011910891887,0.0033575370704681693,0.005223474840423718,40,0,1.0,M1_raw_p2l,vi,445,445,oracle,0.0,True,0.0
147.78132851447137,4.116979405063437,0.033902847760221996,0.008581011910891887,0.003581997419684811,0.004999014491207076,40,0,0.7595511257330909,M2_raw_huber,vi,445,445,oracle,0.0,True,0.0
151.43212196443898,4.574714793810772,0.0696402678252305,0.008581011910891887,0.0034865856958118126,0.005094426215080074,40,0,1.0,M3_global_corr,vi,445,445,oracle,0.0,True,0.0
97.44395201210239,4.0420834762651845,0.048436639643545464,0.008581011910891887,0.004449889037606652,0.004131122873285236,40,0,1.0,M4_patch_corr,vi,445,445,oracle,0.0,True,0.0
45.9385385350553,2.239015036415517,0.02142228187713548,0.008581011910891887,0.0059879189822579885,0.002593092928633899,40,0,1.0,M5_full_corr,vi,445,445,oracle,0.0,True,0.0
152.65429388816386,4.668216241596157,0.06160005967854721,0.0087442362265586,0.003369084476368282,0.005375151750190319,40,0,1.0,M0_raw_p2p,vi,446,446,oracle,0.0,True,0.0
154.24334385857597,4.9768429224537964,0.0563988023950783,0.0087442362265586,0.0033749474738694898,0.0053692887526891105,17,0,1.0,M1_raw_p2l,vi,446,446,oracle,0.0,True,0.0
149.61864103857977,4.389972281941292,0.030411308565239308,0.0087442362265586,0.0035722258656864614,0.005172010360872139,40,0,0.7588350557457947,M2_raw_huber,vi,446,446,oracle,0.0,True,0.0
153.57014228925036,4.674320180462669,0.06695418955531643,0.0087442362265586,0.0035162811002941597,0.005227955126264441,40,0,1.0,M3_global_corr,vi,446,446,oracle,0.0,True,0.0
101.84930455968643,4.150485286836001,0.04944284220877744,0.0087442362265586,0.0044799291210865415,0.004264307105472059,39,0,1.0,M4_patch_corr,vi,446,446,oracle,0.0,True,0.0
47.198222298491196,2.0702317607576313,0.023040626142152666,0.0087442362265586,0.00600617539360408,0.002738060832954521,40,0,1.0,M5_full_corr,vi,446,446,oracle,0.0,True,0.0
156.31158012692268,4.711058864228564,0.05888613817168491,0.009374209428375739,0.003881727712720735,0.0054924817156550045,40,0,1.0,M0_raw_p2p,vi,447,447,oracle,0.0,True,0.0
152.62009361360532,4.178309387330416,0.05561613365582427,0.009374209428375739,0.003903080230765676,0.005471129197610064,40,0,1.0,M1_raw_p2l,vi,447,447,oracle,0.0,True,0.0
150.10192567239002,4.563372554274034,0.02873327740597805,0.009374209428375739,0.004201745349744053,0.005172464078631686,40,0,0.7608840404442186,M2_raw_huber,vi,447,447,oracle,0.0,True,0.0
155.67051367661435,4.722139793386914,0.06161196304401616,0.009374209428375739,0.00401870298012045,0.005355506448255289,39,0,1.0,M3_global_corr,vi,447,447,oracle,0.0,True,0.0
106.32035299276029,4.609073243836154,0.04797816787284291,0.009374209428375739,0.004898622968805323,0.004475586459570416,40,0,1.0,M4_patch_corr,vi,447,447,oracle,0.0,True,0.0
56.44279075697842,2.13464952469475,0.02531724168145108,0.009374209428375739,0.0064281786865449195,0.0029460307418308195,37,0,1.0,M5_full_corr,vi,447,447,oracle,0.0,True,0.0
155.9983146350554,2.965553677973826,0.05713792736029883,0.008997482500919854,0.0035922120393006023,0.005405270461619252,40,0,1.0,M0_raw_p2p,vi,448,448,oracle,0.0,True,0.0
152.37063402731178,2.6101704206167193,0.05752213606694952,0.008997482500919854,0.0036185100116297732,0.00537897248929008,14,0,1.0,M1_raw_p2l,vi,448,448,oracle,0.0,True,0.0
146.9296399870269,2.846330017637443,0.023774803695257973,0.008997482500919854,0.003974230454310588,0.005023252046609266,40,0,0.7604997731781694,M2_raw_huber,vi,448,448,oracle,0.0,True,0.0
154.803473746485,2.9666765191964397,0.05834604206759469,0.008997482500919854,0.0037355989201911816,0.005261883580728672,40,0,1.0,M3_global_corr,vi,448,448,oracle,0.0,True,0.0
105.68254911854734,2.7606353291780876,0.047107352396649406,0.008997482500919854,0.004653155493075197,0.004344327007844657,39,0,1.0,M4_patch_corr,vi,448,448,oracle,0.0,True,0.0
57.951809432593514,0.9824135346538483,0.027012219627363013,0.008997482500919854,0.006242836229873519,0.002754646271046334,40,0,1.0,M5_full_corr,vi,448,448,oracle,0.0,True,0.0
150.78185114145845,3.5971057301056732,0.055324078408682274,0.008832291599631146,0.0037306254144204485,0.005101666185210697,36,0,1.0,M0_raw_p2p,vi,449,449,oracle,0.0,True,0.0
144.46049694077468,2.7238992110647278,0.04749069161626951,0.008832291599631146,0.003777606186697544,0.005054685412933602,40,0,1.0,M1_raw_p2l,vi,449,449,oracle,0.0,True,0.0
143.46952129905685,3.1132778045180576,0.02337263481473474,0.008832291599631146,0.004055543210797784,0.004776748388833362,40,0,0.7685960557900507,M2_raw_huber,vi,449,449,oracle,0.0,True,0.0
149.82234576526272,3.5980266028242998,0.057207330029421584,0.008832291599631146,0.003869074084041691,0.0049632175155894555,35,0,1.0,M3_global_corr,vi,449,449,oracle,0.0,True,0.0
103.95254667920163,3.6393412687564264,0.04575141594988883,0.008832291599631146,0.004813376571799687,0.004018915027831459,32,0,1.0,M4_patch_corr,vi,449,449,oracle,0.0,True,0.0
55.02511455443944,1.9770146258976111,0.02469436277611469,0.008832291599631146,0.0063328747026175445,0.0024994168970136014,40,0,1.0,M5_full_corr,vi,449,449,oracle,0.0,True,0.0
155.47497847227908,3.8244131763279645,0.057899295893304316,0.008518271820164193,0.003079933070685675,0.0054383387494785175,39,0,1.0,M0_raw_p2p,vi,450,450,oracle,0.0,True,0.0
151.8548552697901,3.583329819779947,0.057646756705825274,0.008518271820164193,0.0031165686931301424,0.005401703127034051,21,0,1.0,M1_raw_p2l,vi,450,450,oracle,0.0,True,0.0
148.23621103023842,3.224603513997076,0.026601823140476783,0.008518271820164193,0.0032691953351314464,0.005249076485032747,40,0,0.758947622704133,M2_raw_huber,vi,450,450,oracle,0.0,True,0.0
155.6892422004158,3.8231758756022747,0.06217899383481753,0.008518271820164193,0.00322866050191488,0.005289611318249313,39,0,1.0,M3_global_corr,vi,450,450,oracle,0.0,True,0.0
111.2165444165755,3.8978714750521126,0.050750072963426006,0.008518271820164193,0.004217138429736793,0.0043011333904274,34,0,1.0,M4_patch_corr,vi,450,450,oracle,0.0,True,0.0
62.95800444668484,2.1191752209502988,0.029030509589151824,0.008518271820164193,0.005723595579633318,0.002794676240530875,40,0,1.0,M5_full_corr,vi,450,450,oracle,0.0,True,0.0
158.85189399847462,4.605068951313856,0.061624096168376566,0.009108965395413548,0.003418352094896112,0.005690613300517435,37,0,1.0,M0_raw_p2p,vi,451,451,oracle,0.0,True,0.0
156.68845668509744,4.462521648429342,0.05301466489689832,0.009108965395413548,0.003443498552865039,0.0056654668425485085,40,0,1.0,M1_raw_p2l,vi,451,451,oracle,0.0,True,0.0
152.73289044735975,3.73307063566499,0.029673338516454515,0.009108965395413548,0.0036194949361992267,0.005489470459214321,40,0,0.7640275632878051,M2_raw_huber,vi,451,451,oracle,0.0,True,0.0
158.9858561262264,4.604553707547791,0.06537378707266298,0.009108965395413548,0.0035565223105298027,0.005552443084883745,38,0,1.0,M3_global_corr,vi,451,451,oracle,0.0,True,0.0
114.5748896003814,4.93774833327017,0.0513303869332708,0.009108965395413548,0.004465616171600926,0.004643349223812622,39,0,1.0,M4_patch_corr,vi,451,451,oracle,0.0,True,0.0
72.65191191559703,3.211530532214074,0.03061591303385699,0.009108965395413548,0.005685282423822014,0.0034236829715915337,36,0,1.0,M5_full_corr,vi,451,451,oracle,0.0,True,0.0
163.66963793154125,4.793978737122647,0.06078700365346069,0.009127065073812472,0.003560489727734949,0.005566575346077523,35,0,1.0,M0_raw_p2p,vi,452,452,oracle,0.0,True,1.4901161193847656e-08
160.63595812968947,4.804130760248058,0.04938422193960812,0.009127065073812472,0.0035874236036792335,0.005539641470133238,40,0,1.0,M1_raw_p2l,vi,452,452,oracle,0.0,True,1.4901161193847656e-08
155.90987232807254,3.973799268791707,0.0318527202322163,0.009127065073812472,0.0037746333062523454,0.005352431767560126,40,0,0.7659325290967226,M2_raw_huber,vi,452,452,oracle,0.0,True,1.4901161193847656e-08
163.69301999809946,4.794852962486491,0.06256681376316751,0.009127065073812472,0.0037033092407482327,0.00542375583306424,35,0,1.0,M3_global_corr,vi,452,452,oracle,0.0,True,1.4901161193847656e-08
114.85722004390959,4.720907984220753,0.046926874308452146,0.009127065073812472,0.004627380755930732,0.00449968431788174,38,0,1.0,M4_patch_corr,vi,452,452,oracle,0.0,True,1.4901161193847656e-08
78.20182135047182,2.873853448234863,0.03210577674748253,0.009127065073812472,0.005419362995356645,0.003707702078455827,40,0,1.0,M5_full_corr,vi,452,452,oracle,0.0,True,1.4901161193847656e-08
161.8967098410207,4.789933815158202,0.06085931898055988,0.009265551048637313,0.0037887335998425466,0.005476817448794767,33,0,1.0,M0_raw_p2p,vi,453,453,oracle,0.0,True,0.0
160.67025273576434,4.88271944148678,0.05946794293679712,0.009265551048637313,0.003810306335995345,0.005455244712641968,40,0,1.0,M1_raw_p2l,vi,453,453,oracle,0.0,True,0.0
157.20633553953144,4.065581745377407,0.03182332265291966,0.009265551048637313,0.004061832926967783,0.00520371812166953,40,0,0.7623858757370989,M2_raw_huber,vi,453,453,oracle,0.0,True,0.0
161.3718034567739,4.786603969635877,0.06185194774771882,0.009265551048637313,0.003934353255753901,0.005331197792883412,34,0,1.0,M3_global_corr,vi,453,453,oracle,0.0,True,0.0
113.90884206317153,5.027390692843923,0.044880599507275944,0.009265551048637313,0.004791863399827292,0.004473687648810021,40,0,1.0,M4_patch_corr,vi,453,453,oracle,0.0,True,0.0
77.37092126632169,2.569097298313928,0.03201110881137532,0.009265551048637313,0.005594157210185786,0.003671393838451527,39,0,1.0,M5_full_corr,vi,453,453,oracle,0.0,True,0.0
159.27083929792474,4.728037460193026,0.06084185885013482,0.0095104189465349,0.003929758679012144,0.005580660267522757,38,0,1.0,M0_raw_p2p,vi,454,454,oracle,0.0,True,0.0
155.50038863998148,3.971791969716807,0.051107662384325576,0.0095104189465349,0.00396878017051801,0.00554163877601689,40,0,1.0,M1_raw_p2l,vi,454,454,oracle,0.0,True,0.0
155.64450311565525,4.1862062555567165,0.028147306220508417,0.0095104189465349,0.004228493589824756,0.005281925356710145,40,0,0.7642377062748855,M2_raw_huber,vi,454,454,oracle,0.0,True,0.0
158.5305721383278,4.736574667630518,0.06274888998060024,0.0095104189465349,0.004069694882919193,0.005440724063615707,40,0,1.0,M3_global_corr,vi,454,454,oracle,0.0,True,0.0
107.3697561169488,4.041298671058096,0.044910210921088864,0.0095104189465349,0.004953367935733382,0.004557051010801519,37,0,1.0,M4_patch_corr,vi,454,454,oracle,0.0,True,0.0
74.0689891516366,2.37923479463655,0.03318577043704088,0.0095104189465349,0.00576252175957256,0.0037478971869623406,39,0,1.0,M5_full_corr,vi,454,454,oracle,0.0,True,0.0
158.01201864051944,4.897572003053823,0.060202654020879556,0.009072475466187835,0.00350616830562121,0.0055663071605666255,40,0,1.0,M0_raw_p2p,vi,455,455,oracle,0.0,True,0.0
154.09677921819832,4.304519109259435,0.06383578813373587,0.009072475466187835,0.0035374790700902306,0.005534996396097605,9,0,1.0,M1_raw_p2l,vi,455,455,oracle,0.0,True,0.0
154.249708143781,4.441609975454618,0.02692426419626539,0.009072475466187835,0.0037824237529325995,0.005290051713255235,40,0,0.7621021114087283,M2_raw_huber,vi,455,455,oracle,0.0,True,0.0
157.5930793743994,4.899779547048176,0.06234234392185781,0.009072475466187835,0.0036490372593428093,0.0054234382068450255,40,0,1.0,M3_global_corr,vi,455,455,oracle,0.0,True,0.0
108.41244896284596,4.166436566224364,0.04589842073756652,0.009072475466187835,0.00449436169418803,0.004578113771999805,29,0,1.0,M4_patch_corr,vi,455,455,oracle,0.0,True,0.0
73.81229766191727,2.800912055827489,0.033126752500406496,0.009072475466187835,0.005362513987783021,0.0037099614784048135,40,0,1.0,M5_full_corr,vi,455,455,oracle,0.0,True,0.0
156.2457750609023,4.72301902551871,0.057747429974859404,0.008116729314138291,0.002724551077867324,0.005392178236270967,40,0,1.0,M0_raw_p2p,vi,456,456,oracle,0.0,True,0.0
153.34822916424463,4.391452801615695,0.05419482266582514,0.008116729314138291,0.0027337717593660174,0.005382957554772274,24,0,1.0,M1_raw_p2l,vi,456,456,oracle,0.0,True,0.0
152.98900575294527,4.371772266348145,0.022878852659818847,0.008116729314138291,0.0028770756531438127,0.005239653660994478,40,0,0.7599003286965783,M2_raw_huber,vi,456,456,oracle,0.0,True,0.0
156.73897798088265,4.721681097296702,0.06078526348538016,0.008116729314138291,0.0028595698334315956,0.005257159480706696,40,0,1.0,M3_global_corr,vi,456,456,oracle,0.0,True,0.0
110.89649180189939,4.361470007086317,0.045976824151152375,0.008116729314138291,0.0036897476204402245,0.004426981693698067,31,0,1.0,M4_patch_corr,vi,456,456,oracle,0.0,True,0.0
68.68918270247597,2.9226336960360464,0.03096821840281472,0.008116729314138291,0.004657129460634445,0.0034595998535038464,40,0,1.0,M5_full_corr,vi,456,456,oracle,0.0,True,0.0
150.93935476566324,3.5796779663758955,0.05691848917246099,0.008321038060732646,0.003252637300162372,0.005068400760570274,40,0,1.0,M0_raw_p2p,vi,457,457,oracle,0.0,True,1.4901161193847656e-08
147.6020251615555,2.646087732566742,0.05513800654694801,0.008321038060732646,0.003276673961664827,0.005044364099067819,40,0,1.0,M1_raw_p2l,vi,457,457,oracle,0.0,True,1.4901161193847656e-08
147.82164124310273,2.847241857522453,0.022086406279394,0.008321038060732646,0.0034807871681055923,0.004840250892627053,40,0,0.7662119244823954,M2_raw_huber,vi,457,457,oracle,0.0,True,1.4901161193847656e-08
151.60816593601993,3.5791165429026517,0.06090071031243957,0.008321038060732646,0.0033790441312215613,0.004941993929511085,40,0,1.0,M3_global_corr,vi,457,457,oracle,0.0,True,1.4901161193847656e-08
109.53803904986644,3.982988380008298,0.0475119047310988,0.008321038060732646,0.004153945057264235,0.004167093003468411,40,0,1.0,M4_patch_corr,vi,457,457,oracle,0.0,True,1.4901161193847656e-08
61.532273660512644,2.2056808655177154,0.029087173216595156,0.008321038060732646,0.00526889350231801,0.0030521445584146354,33,0,1.0,M5_full_corr,vi,457,457,oracle,0.0,True,1.4901161193847656e-08
156.04705017163315,3.263562019435532,0.059743773159706845,0.008289912583737645,0.002849866310909307,0.0054400462728283385,40,0,1.0,M0_raw_p2p,vi,458,458,oracle,0.0,True,1.4901161193847656e-08
152.14601669025953,2.8940246799134584,0.058441386735099105,0.008289912583737645,0.0028878794378966377,0.005402033145841007,40,0,1.0,M1_raw_p2l,vi,458,458,oracle,0.0,True,1.4901161193847656e-08
151.89446276689299,2.918530430952086,0.025412912352018587,0.008289912583737645,0.0030045093271935065,0.0052854032565441385,40,0,0.7614599929156847,M2_raw_huber,vi,458,458,oracle,0.0,True,1.4901161193847656e-08
156.99964357260168,3.2620968515791064,0.064222676573597,0.008289912583737645,0.0029919992075088343,0.005297913376228811,40,0,1.0,M3_global_corr,vi,458,458,oracle,0.0,True,1.4901161193847656e-08
113.22780403180852,4.0182258415981655,0.05255566713133652,0.008289912583737645,0.003796496298540521,0.004493416285197124,40,0,1.0,M4_patch_corr,vi,458,458,oracle,0.0,True,1.4901161193847656e-08
62.59651086594996,2.2675971503649857,0.03196865063805585,0.008289912583737645,0.004983932046305507,0.003305980537432138,37,0,1.0,M5_full_corr,vi,458,458,oracle,0.0,True,1.4901161193847656e-08
157.79103943944355,3.7737435414664344,0.06274503975095275,0.008826688983277048,0.0031956215057679558,0.005631067477509091,40,0,1.0,M0_raw_p2p,vi,459,459,oracle,0.0,True,0.0
154.4393732392253,3.5026811904257995,0.05728522625009256,0.008826688983277048,0.003231090979166681,0.005595598004110367,40,0,1.0,M1_raw_p2l,vi,459,459,oracle,0.0,True,0.0
153.47516867669228,3.1881826699761615,0.02628533537474782,0.008826688983277048,0.0034362373195065644,0.005390451663770483,40,0,0.761727491134711,M2_raw_huber,vi,459,459,oracle,0.0,True,0.0
157.69213578666555,3.7702842044334703,0.0655771470039064,0.008826688983277048,0.0033172180888922536,0.005509470894384794,40,0,1.0,M3_global_corr,vi,459,459,oracle,0.0,True,0.0
112.74934505165047,4.186030770951729,0.05321059297673593,0.008826688983277048,0.004155512580441817,0.00467117640283523,32,0,1.0,M4_patch_corr,vi,459,459,oracle,0.0,True,0.0
63.58665160171105,2.7615619506825713,0.033005118576324516,0.008826688983277048,0.005409475093448331,0.0034172138898287165,30,0,1.0,M5_full_corr,vi,459,459,oracle,0.0,True,0.0
159.36000022009333,3.908467388043813,0.06387467029352605,0.009093237135280936,0.003360464507055891,0.0057327726282250455,40,0,1.0,M0_raw_p2p,vi,460,460,oracle,0.0,True,0.0
155.69397971485637,3.162260035706583,0.05723222072362554,0.009093237135280936,0.0033962243684803957,0.005697012766800541,40,0,1.0,M1_raw_p2l,vi,460,460,oracle,0.0,True,0.0
155.94580852703467,3.4345220724400303,0.028741339805564155,0.009093237135280936,0.003593839317139519,0.005499397818141417,40,0,0.7654062729921616,M2_raw_huber,vi,460,460,oracle,0.0,True,0.0
159.4368672830677,3.910769639982665,0.06791881730311988,0.009093237135280936,0.003498003691007694,0.005595233444273242,40,0,1.0,M3_global_corr,vi,460,460,oracle,0.0,True,0.0
112.32383766237405,4.321546982295775,0.05430425134818889,0.009093237135280936,0.0044202772435602885,0.004672959891720648,38,0,1.0,M4_patch_corr,vi,460,460,oracle,0.0,True,0.0
64.45973160204323,2.874688126844163,0.03390689394779894,0.009093237135280936,0.005667823598993788,0.003425413536287148,32,0,1.0,M5_full_corr,vi,460,460,oracle,0.0,True,0.0
162.2849130641518,4.306370352916023,0.06648878294696191,0.009624993482728234,0.0035497930949504146,0.00607520038777782,40,0,1.0,M0_raw_p2p,vi,461,461,oracle,0.0,True,2.1073424255447017e-08
158.85671952583976,3.565398722938171,0.06168565107212078,0.009624993482728234,0.0035841617168983608,0.0060408317658298735,40,0,1.0,M1_raw_p2l,vi,461,461,oracle,0.0,True,2.1073424255447017e-08
157.70237461012053,3.86149671065904,0.03271234563637232,0.009624993482728234,0.0038258301741585974,0.005799163308569636,40,0,0.7561198406194436,M2_raw_huber,vi,461,461,oracle,0.0,True,2.1073424255447017e-08
161.94418777022736,4.3081757342868885,0.06912215179479071,0.009624993482728234,0.0036758563068719297,0.0059491371758563045,40,0,1.0,M3_global_corr,vi,461,461,oracle,0.0,True,2.1073424255447017e-08
114.32341580918971,4.651554456105996,0.05381748412001757,0.009624993482728234,0.004566202488307195,0.005058790994421039,31,0,1.0,M4_patch_corr,vi,461,461,oracle,0.0,True,2.1073424255447017e-08
68.41710199125988,3.3756071508371868,0.03587930152300075,0.009624993482728234,0.005883314437857923,0.003741679044870311,38,0,1.0,M5_full_corr,vi,461,461,oracle,0.0,True,2.1073424255447017e-08
163.50685752222506,4.693263098056791,0.06822654234791664,0.009902833082884132,0.003537871187697981,0.006364961895186151,40,0,1.0,M0_raw_p2p,vi,462,462,oracle,0.0,True,2.1073424255447017e-08
159.23001018953627,3.685480526163259,0.05886704221704581,0.009902833082884132,0.003574364606216821,0.00632846847666731,40,0,1.0,M1_raw_p2l,vi,462,462,oracle,0.0,True,2.1073424255447017e-08
159.06098805514745,4.18355933112549,0.03236374208226993,0.009902833082884132,0.0038516499503947863,0.006051183132489346,40,0,0.7602535800507534,M2_raw_huber,vi,462,462,oracle,0.0,True,2.1073424255447017e-08
162.72137250275622,4.691123356175196,0.06938520200459962,0.009902833082884132,0.0036595030803316772,0.006243330002552455,40,0,1.0,M3_global_corr,vi,462,462,oracle,0.0,True,2.1073424255447017e-08
116.23705004625958,4.95746381121864,0.05255253221374301,0.009902833082884132,0.004548332444962886,0.005354500637921245,33,0,1.0,M4_patch_corr,vi,462,462,oracle,0.0,True,2.1073424255447017e-08
72.9780777219024,3.694726446235037,0.03652844800881485,0.009902833082884132,0.0058878889209928,0.004014944161891331,31,0,1.0,M5_full_corr,vi,462,462,oracle,0.0,True,2.1073424255447017e-08
163.7571900887607,4.893208214725043,0.06662254874440077,0.010199759168695184,0.003890095054923665,0.006309664113771519,39,0,1.0,M0_raw_p2p,vi,463,463,oracle,0.0,True,0.0
158.97645429046094,3.8442634240438798,0.05877076553208073,0.010199759168695184,0.003951731135397147,0.006248028033298037,40,0,1.0,M1_raw_p2l,vi,463,463,oracle,0.0,True,0.0
157.43545858348585,4.364434934608432,0.030241602720535884,0.010199759168695184,0.004295466871249488,0.005904292297445696,40,0,0.7582698539452475,M2_raw_huber,vi,463,463,oracle,0.0,True,0.0
162.01428878694307,4.895034702302827,0.06590751024211117,0.010199759168695184,0.0040165165373180125,0.006183242631377171,40,0,1.0,M3_global_corr,vi,463,463,oracle,0.0,True,0.0
118.06547958031149,5.2292406755993985,0.04946387159903043,0.010199759168695184,0.0048728087507787865,0.005326950417916397,40,0,1.0,M4_patch_corr,vi,463,463,oracle,0.0,True,0.0
76.6952120906973,4.0111423033758395,0.03627307204051319,0.010199759168695184,0.006135461079116439,0.004064298089578745,40,0,1.0,M5_full_corr,vi,463,463,oracle,0.0,True,0.0
163.03552504275268,4.942242450597696,0.06362121742780218,0.009779554130355157,0.0036825605370556275,0.0060969935932995295,32,0,1.0,M0_raw_p2p,vi,464,464,oracle,0.0,True,0.0
159.1233839826223,4.0486076907705035,0.055098197007723504,0.009779554130355157,0.003726222802193297,0.006053331328161859,13,0,1.0,M1_raw_p2l,vi,464,464,oracle,0.0,True,0.0
154.99163987884378,4.520005400093342,0.02788859205202103,0.009779554130355157,0.004118201624577881,0.005661352505777276,40,0,0.7668615814095975,M2_raw_huber,vi,464,464,oracle,0.0,True,0.0
160.82511921004937,4.938831947030656,0.06259853935169166,0.009779554130355157,0.0038208835745817365,0.00595867055577342,32,0,1.0,M3_global_corr,vi,464,464,oracle,0.0,True,0.0
119.61628832669149,5.848103758204068,0.046738761773297645,0.009779554130355157,0.004616083585640356,0.005163470544714801,40,0,1.0,M4_patch_corr,vi,464,464,oracle,0.0,True,0.0
78.7178874697036,4.145529888730935,0.03437339541363389,0.009779554130355157,0.005826748812516046,0.00395280531783911,40,0,1.0,M5_full_corr,vi,464,464,oracle,0.0,True,0.0
160.28291114218197,5.327247627420182,0.060436735370487764,0.008953569071848006,0.0033485470708525633,0.005605022000995443,33,0,1.0,M0_raw_p2p,vi,465,465,oracle,0.0,True,2.9802322387695312e-08
155.6436718608967,4.984962583258342,0.0611343838530986,0.008953569071848006,0.0033911126764190973,0.005562456395428909,40,0,1.0,M1_raw_p2l,vi,465,465,oracle,0.0,True,2.9802322387695312e-08
152.03149734235478,4.639547211208188,0.02496012172284279,0.008953569071848006,0.003664700574126505,0.0052888684977215016,40,0,0.7862559819226865,M2_raw_huber,vi,465,465,oracle,0.0,True,2.9802322387695312e-08
158.04612239575755,5.321908698674645,0.05960451426376313,0.008953569071848006,0.003490357488430261,0.0054632115834177455,35,0,1.0,M3_global_corr,vi,465,465,oracle,0.0,True,2.9802322387695312e-08
118.08338115323694,5.88312698319376,0.04424701641675722,0.008953569071848006,0.004305142987807526,0.00464842608404048,28,0,1.0,M4_patch_corr,vi,465,465,oracle,0.0,True,2.9802322387695312e-08
68.84470403646405,3.15071825606308,0.030188478885406014,0.008953569071848006,0.005534530072714023,0.003419038999133983,32,0,1.0,M5_full_corr,vi,465,465,oracle,0.0,True,2.9802322387695312e-08
158.38519675306642,3.966486363322274,0.0625850970476118,0.009412591321816561,0.0035656643098029486,0.005846927012013612,40,0,1.0,M0_raw_p2p,vi,466,466,oracle,0.0,True,2.1073424255447017e-08
156.656150466021,3.4499494532445136,0.05836128162088991,0.009412591321816561,0.003586398888235363,0.005826192433581198,16,0,1.0,M1_raw_p2l,vi,466,466,oracle,0.0,True,2.1073424255447017e-08
152.1722888862267,2.8202037974630514,0.02809095081167926,0.009412591321816561,0.0039685192381018666,0.005444072083714694,40,0,0.7634837824449693,M2_raw_huber,vi,466,466,oracle,0.0,True,2.1073424255447017e-08
156.98721648724603,3.9666345110254952,0.06530019083238105,0.009412591321816561,0.0037120463761018564,0.0057005449457147046,40,0,1.0,M3_global_corr,vi,466,466,oracle,0.0,True,2.1073424255447017e-08
116.81527871617058,5.1919532885480955,0.05217014709268846,0.009412591321816561,0.004504856822889367,0.004907734498927194,36,0,1.0,M4_patch_corr,vi,466,466,oracle,0.0,True,2.1073424255447017e-08
63.15353762476449,2.246866098814364,0.03499952241712949,0.009412591321816561,0.005848103641589779,0.003564487680226782,39,0,1.0,M5_full_corr,vi,466,466,oracle,0.0,True,2.1073424255447017e-08
157.10042863126333,4.223985681750916,0.0683092775484693,0.009684659640242625,0.003578414370024185,0.006106245270218439,40,0,1.0,M0_raw_p2p,vi,467,467,oracle,0.0,True,0.0
155.43237426188352,3.8103029562779254,0.05747851835232938,0.009684659640242625,0.003622167361889483,0.006062492278353142,40,0,1.0,M1_raw_p2l,vi,467,467,oracle,0.0,True,0.0
154.87303498996405,3.211128255144041,0.03342592064521484,0.009684659640242625,0.003953099835809205,0.00573155980443342,40,0,0.7521340318601849,M2_raw_huber,vi,467,467,oracle,0.0,True,0.0
156.25060408356725,4.223212869060425,0.07339582583500838,0.009684659640242625,0.003699668619544481,0.005984991020698143,40,0,1.0,M3_global_corr,vi,467,467,oracle,0.0,True,0.0
113.49517551885816,5.0466619351994675,0.055811849169850346,0.009684659640242625,0.004490133073607745,0.005194526566634879,35,0,1.0,M4_patch_corr,vi,467,467,oracle,0.0,True,0.0
61.331935196302624,2.3710423418255964,0.03837081961301626,0.009684659640242625,0.0059043503336728516,0.003780309306569773,40,0,1.0,M5_full_corr,vi,467,467,oracle,0.0,True,0.0
159.71379852934558,4.317961230113899,0.06997290276174674,0.009950646272826992,0.00369537312116055,0.006255273151666442,40,0,1.0,M0_raw_p2p,vi,468,468,oracle,0.0,True,0.0
162.04581853114124,4.708154624981069,0.06022955077822069,0.009950646272826992,0.0037290660329451063,0.006221580239881886,40,0,1.0,M1_raw_p2l,vi,468,468,oracle,0.0,True,0.0
157.15500261644937,3.4679137974457745,0.03927614367952746,0.009950646272826992,0.004078633681174104,0.005872012591652888,40,0,0.7554174570743585,M2_raw_huber,vi,468,468,oracle,0.0,True,0.0
158.26889806037897,4.318589626753008,0.07344440557320275,0.009950646272826992,0.003813094721498721,0.006137551551328271,40,0,1.0,M3_global_corr,vi,468,468,oracle,0.0,True,0.0
115.69331470232898,4.927431310919039,0.05107543626239781,0.009950646272826992,0.004576099796791189,0.005374546476035804,33,0,1.0,M4_patch_corr,vi,468,468,oracle,0.0,True,0.0
68.01516772672726,2.3923555155777585,0.03627951231321323,0.009950646272826992,0.005914725449893639,0.0040359208229333535,34,0,1.0,M5_full_corr,vi,468,468,oracle,0.0,True,0.0
164.41283346979085,4.499554948512818,0.07179097390605307,0.010644377585886211,0.0039858711869907556,0.0066585063988954555,40,0,1.0,M0_raw_p2p,vi,469,469,oracle,0.0,True,0.0
163.498849618309,3.776994781654372,0.06231671025630854,0.010644377585886211,0.0040355070156878545,0.006608870570198357,40,0,1.0,M1_raw_p2l,vi,469,469,oracle,0.0,True,0.0
158.93578184416052,3.6703200068510444,0.035221427559643435,0.010644377585886211,0.004454878286242182,0.006189499299644029,40,0,0.7570756396905771,M2_raw_huber,vi,469,469,oracle,0.0,True,0.0
162.27165147699307,4.500885439434953,0.07414874992399692,0.010644377585886211,0.004110699399974781,0.00653367818591143,40,0,1.0,M3_global_corr,vi,469,469,oracle,0.0,True,0.0
121.06176311595236,5.052025380281336,0.05005319407902837,0.010644377585886211,0.004851330081923245,0.005793047503962966,30,0,1.0,M4_patch_corr,vi,469,469,oracle,0.0,True,0.0
81.76440254825451,3.019050904906962,0.035070460177729114,0.010644377585886211,0.005954874823673782,0.004689502762212429,40,0,1.0,M5_full_corr,vi,469,469,oracle,0.0,True,0.0
168.47792352185516,4.733876511946597,0.07344640093333382,0.01143849445423159,0.004398368129030578,0.007040126325201013,40,0,1.0,M0_raw_p2p,vi,470,470,oracle,0.0,True,0.0
164.10856843632615,3.2993401718508886,0.07296285746274506,0.01143849445423159,0.004483167742080963,0.006955326712150627,40,0,1.0,M1_raw_p2l,vi,470,470,oracle,0.0,True,0.0
161.7264534307665,4.079177540155845,0.0362845207894645,0.01143849445423159,0.004964231420842227,0.006474263033389363,40,0,0.759324176411979,M2_raw_huber,vi,470,470,oracle,0.0,True,0.0
165.43856967998147,4.737545853116181,0.07290918821514446,0.01143849445423159,0.004522063592275584,0.006916430861956006,40,0,1.0,M3_global_corr,vi,470,470,oracle,0.0,True,0.0
126.24994913409829,4.969061944449418,0.04931964873123632,0.01143849445423159,0.005218956563855656,0.006219537890375934,40,0,1.0,M4_patch_corr,vi,470,470,oracle,0.0,True,0.0
95.26213122160806,2.9665373721133017,0.0341608506515148,0.01143849445423159,0.006058283610901181,0.00538021084333041,40,0,1.0,M5_full_corr,vi,470,470,oracle,0.0,True,0.0
168.540370667617,4.489848647556441,0.07257918331880567,0.011194336907985814,0.004274769957311407,0.0069195669506744075,40,0,1.0,M0_raw_p2p,vi,471,471,oracle,0.0,True,0.0
163.97086469024413,3.3706132247557217,0.06927220959243081,0.011194336907985814,0.004342066380270765,0.006852270527715049,15,0,1.0,M1_raw_p2l,vi,471,471,oracle,0.0,True,0.0
160.56467393271967,4.030204137447554,0.035354411603689455,0.011194336907985814,0.004801687008878559,0.006392649899107255,40,0,0.7648526083052511,M2_raw_huber,vi,471,471,oracle,0.0,True,0.0
165.3552359038582,4.492460700009355,0.06996967814594626,0.011194336907985814,0.004390663838687788,0.006803673069298026,40,0,1.0,M3_global_corr,vi,471,471,oracle,0.0,True,0.0
125.24141549359504,4.858652909662426,0.047112534617449506,0.011194336907985814,0.005092679071334258,0.006101657836651556,40,0,1.0,M4_patch_corr,vi,471,471,oracle,0.0,True,0.0
98.61146425374804,3.4441015274400644,0.032276839963885466,0.011194336907985814,0.005759480666950911,0.005434856241034903,36,0,1.0,M5_full_corr,vi,471,471,oracle,0.0,True,0.0
165.18652273482476,4.806885564793334,0.07026302675747366,0.010506888550817951,0.003869702823570088,0.006637185727247863,29,0,1.0,M0_raw_p2p,vi,472,472,oracle,0.0,True,0.0
163.13414166381816,4.196791194968211,0.07440389192031897,0.010506888550817951,0.003921018164336769,0.006585870386481182,40,0,1.0,M1_raw_p2l,vi,472,472,oracle,0.0,True,0.0
157.15382502133298,4.382677994476969,0.029673886682556768,0.010506888550817951,0.004334112670485003,0.006172775880332948,40,0,0.7693536012259464,M2_raw_huber,vi,472,472,oracle,0.0,True,0.0
162.14754828262105,4.801447116224091,0.06838500921275412,0.010506888550817951,0.003994363175604806,0.006512525375213145,29,0,1.0,M3_global_corr,vi,472,472,oracle,0.0,True,0.0
123.42113290553503,5.305688322851419,0.04468229481867158,0.010506888550817951,0.004674543748040736,0.005832344802777215,39,0,1.0,M4_patch_corr,vi,472,472,oracle,0.0,True,0.0
98.15371050916717,3.9334964994399915,0.030094214659559877,0.010506888550817951,0.005248479997940259,0.0052584085528776916,39,0,1.0,M5_full_corr,vi,472,472,oracle,0.0,True,0.0
164.85193150082614,4.789726674404808,0.06884103582324241,0.010098273002583693,0.0037000695661333688,0.0063982034364503245,34,0,1.0,M0_raw_p2p,vi,473,473,oracle,0.0,True,0.0
162.2885273533425,4.159026081669396,0.07261482704148169,0.010098273002583693,0.003783385581504588,0.0063148874210791055,40,0,1.0,M1_raw_p2l,vi,473,473,oracle,0.0,True,0.0
155.74560067448266,4.204206310076672,0.0318043140509328,0.010098273002583693,0.004055112258370026,0.006043160744213667,40,0,0.7891499998660383,M2_raw_huber,vi,473,473,oracle,0.0,True,0.0
161.552080402221,4.7922351551944145,0.06652661208820282,0.010098273002583693,0.0038343000765247316,0.006263972926058962,33,0,1.0,M3_global_corr,vi,473,473,oracle,0.0,True,0.0
122.47264725045427,5.537258638177412,0.04453686304922252,0.010098273002583693,0.004519864795332163,0.00557840820725153,28,0,1.0,M4_patch_corr,vi,473,473,oracle,0.0,True,0.0
81.88965815791343,2.1990721127643496,0.03003883022642523,0.010098273002583693,0.005602882165295802,0.004495390837287891,40,0,1.0,M5_full_corr,vi,473,473,oracle,0.0,True,0.0
171.10746601169603,5.825611411772505,0.0715046805983177,0.011183658106346259,0.0040323151947266956,0.0071513429116195635,29,0,1.0,M0_raw_p2p,vi,474,474,oracle,0.0,True,1.4901161193847656e-08
169.61835510713803,4.835903597932435,0.061523664555580025,0.011183658106346259,0.004081412879495915,0.007102245226850344,40,0,1.0,M1_raw_p2l,vi,474,474,oracle,0.0,True,1.4901161193847656e-08
161.62125037502244,4.677118262820573,0.037978123191416704,0.011183658106346259,0.004521494527036734,0.006662163579309525,40,0,0.7672081934306064,M2_raw_huber,vi,474,474,oracle,0.0,True,1.4901161193847656e-08
167.97795616522228,5.826457647602899,0.07106918295156109,0.011183658106346259,0.004157881847766857,0.007025776258579402,31,0,1.0,M3_global_corr,vi,474,474,oracle,0.0,True,1.4901161193847656e-08
129.98336026831203,6.159024973424288,0.0465017139280843,0.011183658106346259,0.004872981543906179,0.00631067656244008,37,0,1.0,M4_patch_corr,vi,474,474,oracle,0.0,True,1.4901161193847656e-08
89.47341344144098,2.964013823661657,0.03263975341412708,0.011183658106346259,0.006000824380832048,0.005182833725514211,34,0,1.0,M5_full_corr,vi,474,474,oracle,0.0,True,1.4901161193847656e-08
166.53033184232336,4.585165822509142,0.07209459193890325,0.010699645986847044,0.003851663198926867,0.006847982787920177,40,0,1.0,M0_raw_p2p,vi,475,475,oracle,0.0,True,1.4901161193847656e-08
163.55618379844418,4.165101684673663,0.06666828622469335,0.010699645986847044,0.003923316624123488,0.006776329362723556,40,0,1.0,M1_raw_p2l,vi,475,475,oracle,0.0,True,1.4901161193847656e-08
158.5422903126464,3.227381058013207,0.041506473372538495,0.010699645986847044,0.004239250290101869,0.006460395696745175,40,0,0.759348632735474,M2_raw_huber,vi,475,475,oracle,0.0,True,1.4901161193847656e-08
165.16364493145167,4.573168758012851,0.0750431429383385,0.010699645986847044,0.003958341221866247,0.006741304764980797,40,0,1.0,M3_global_corr,vi,475,475,oracle,0.0,True,1.4901161193847656e-08
125.09352025374446,4.630924662465208,0.049405627534646425,0.010699645986847044,0.004703209574328494,0.00599643641251855,40,0,1.0,M4_patch_corr,vi,475,475,oracle,0.0,True,1.4901161193847656e-08
81.67504567170721,2.3812934734320725,0.03383536191287989,0.010699645986847044,0.0058853622963653315,0.0048142836904817125,40,0,1.0,M5_full_corr,vi,475,475,oracle,0.0,True,1.4901161193847656e-08
165.63737457253956,4.3696507669291105,0.07376310756171556,0.010642733627266145,0.0037822463179016563,0.006860487309364489,40,0,1.0,M0_raw_p2p,vi,476,476,oracle,0.0,True,1.4901161193847656e-08
163.43699448101412,4.024202094918956,0.06445857410711421,0.010642733627266145,0.0038405178506641584,0.006802215776601986,40,0,1.0,M1_raw_p2l,vi,476,476,oracle,0.0,True,1.4901161193847656e-08
158.97901255202456,3.3233691125689817,0.040070714526841494,0.010642733627266145,0.0041565924934908885,0.0064861411337752565,40,0,0.7579546308756717,M2_raw_huber,vi,476,476,oracle,0.0,True,1.4901161193847656e-08
164.0921169775374,4.368251363396191,0.07642008298509712,0.010642733627266145,0.0038951106499228116,0.006747622977343333,40,0,1.0,M3_global_corr,vi,476,476,oracle,0.0,True,1.4901161193847656e-08
122.1217556539128,4.534339241765817,0.04909408000618394,0.010642733627266145,0.004702380375984899,0.005940353251281246,40,0,1.0,M4_patch_corr,vi,476,476,oracle,0.0,True,1.4901161193847656e-08
85.99407992821828,2.6014976675378136,0.03339017892700244,0.010642733627266145,0.005755438963848132,0.004887294663418013,40,0,1.0,M5_full_corr,vi,476,476,oracle,0.0,True,1.4901161193847656e-08
165.24091147041318,5.869206893816471,0.07297839986643959,0.011176500294050488,0.004309120666935177,0.006867379627115311,40,0,1.0,M0_raw_p2p,vi,477,477,oracle,0.0,True,1.4901161193847656e-08
161.99116191080077,5.133616005204434,0.10486714501185408,0.011176500294050488,0.004374402990603368,0.00680209730344712,21,0,1.0,M1_raw_p2l,vi,477,477,oracle,0.0,True,1.4901161193847656e-08
159.804229045811,5.026365022397243,0.0372333553339854,0.011176500294050488,0.004751810905376111,0.0064246893886743765,40,0,0.7566406911546998,M2_raw_huber,vi,477,477,oracle,0.0,True,1.4901161193847656e-08
163.22922526199275,5.8560461797948475,0.07361089093977449,0.011176500294050488,0.004414909912686357,0.006761590381364131,40,0,1.0,M3_global_corr,vi,477,477,oracle,0.0,True,1.4901161193847656e-08
123.37850245669512,6.341563734959521,0.0460856672859128,0.011176500294050488,0.0052113369289416905,0.005965163365108797,40,0,1.0,M4_patch_corr,vi,477,477,oracle,0.0,True,1.4901161193847656e-08
86.2255876346522,4.657765718054046,0.03115785378630869,0.011176500294050488,0.006297055606285388,0.004879444687765099,40,0,1.0,M5_full_corr,vi,477,477,oracle,0.0,True,1.4901161193847656e-08
163.58721742226982,5.238646460137752,0.07134134772503395,0.010341234848877749,0.0036386931285635844,0.0067025417203141644,40,0,1.0,M0_raw_p2p,vi,478,478,oracle,0.0,True,0.0
161.5614329905874,4.6743735732397305,0.07242410138525958,0.010341234848877749,0.00367044469077491,0.006670790158102839,40,0,1.0,M1_raw_p2l,vi,478,478,oracle,0.0,True,0.0
157.85333402112693,4.435910213827451,0.032834043203939074,0.010341234848877749,0.003965980630137651,0.0063752542187400976,40,0,0.7577799601740784,M2_raw_huber,vi,478,478,oracle,0.0,True,0.0
161.99137361433992,5.2344143124682985,0.07115875084803178,0.010341234848877749,0.0037406112948842056,0.006600623553993544,40,0,1.0,M3_global_corr,vi,478,478,oracle,0.0,True,0.0
122.21875623495676,5.718295069269557,0.04538805742386136,0.010341234848877749,0.004494007570251293,0.005847227278626456,40,0,1.0,M4_patch_corr,vi,478,478,oracle,0.0,True,0.0
86.8051627306931,4.568075775782963,0.029757799079179262,0.010341234848877749,0.005514618805383073,0.0048266160434946755,39,0,1.0,M5_full_corr,vi,478,478,oracle,0.0,True,0.0
203.5249748131855,11.744639129814235,0.12568403652790286,10.3526368275291,10.334005992550898,0.01863083497820206,40,0,1.0,M0_raw_p2p,vi,479,479,oracle,0.0,True,0.0
52.80352052570598,0.0,7.020203912211736,10.3526368275291,10.353495901198263,-0.0008590736691633793,1,1,1.0,M1_raw_p2l,vi,479,479,oracle,0.0,True,0.0
155.8880702196662,3.6263857096409073,0.03770099413172676,10.3526368275291,10.341296619247771,0.011340208281328756,40,0,0.7483049384299689,M2_raw_huber,vi,479,479,oracle,0.0,True,0.0
194.72118966573197,11.744087894952173,0.12012504817688409,10.3526368275291,10.334115412283529,0.01852141524557105,40,0,1.0,M3_global_corr,vi,479,479,oracle,0.0,True,0.0
173.49584511275674,10.46366158374281,0.09778652711504067,10.3526368275291,10.334678159160346,0.01795866836875426,30,0,1.0,M4_patch_corr,vi,479,479,oracle,0.0,True,0.0
159.60411032141903,0.9329343847008047,0.07909747620002609,10.3526368275291,10.338614779350124,0.014022048178976121,33,0,1.0,M5_full_corr,vi,479,479,oracle,0.0,True,0.0
158.04843675767742,5.677169437626035,0.06519815126873307,0.009841791325684322,0.003611341855264211,0.006230449470420112,40,0,1.0,M0_raw_p2p,vi,480,480,oracle,0.0,True,1.4901161193847656e-08
152.20604860453295,5.007076659615283,0.0570046830861923,0.009841791325684322,0.003693788393644581,0.006148002932039742,40,0,1.0,M1_raw_p2l,vi,480,480,oracle,0.0,True,1.4901161193847656e-08
153.90573959422818,5.0789334442233995,0.027780519227475865,0.009841791325684322,0.0039302952479139865,0.005911496077770336,40,0,0.7644159477791062,M2_raw_huber,vi,480,480,oracle,0.0,True,1.4901161193847656e-08
156.7510471592087,5.677651636143556,0.06707742635900396,0.009841791325684322,0.003700256238335593,0.006141535087348729,40,0,1.0,M3_global_corr,vi,480,480,oracle,0.0,True,1.4901161193847656e-08
121.11540446507185,7.652239265225912,0.04688539414061349,0.009841791325684322,0.004377223142679862,0.00546456818300446,40,0,1.0,M4_patch_corr,vi,480,480,oracle,0.0,True,1.4901161193847656e-08
86.58285487618707,5.35100436867985,0.030008516171114358,0.009841791325684322,0.005077442634615463,0.004764348691068859,40,0,1.0,M5_full_corr,vi,480,480,oracle,0.0,True,1.4901161193847656e-08
159.91745587638613,5.403138264223485,0.0694614484600635,0.00979964520611037,0.0032308211373351108,0.006568824068775259,40,0,1.0,M0_raw_p2p,vi,481,481,oracle,0.0,True,0.0
157.1194403884526,4.926162854506652,0.06576837924355194,0.00979964520611037,0.0032751843719907034,0.006524460834119666,40,0,1.0,M1_raw_p2l,vi,481,481,oracle,0.0,True,0.0
156.15510929496926,4.652171800639595,0.03244525375435786,0.00979964520611037,0.0034995297901370325,0.006300115415973337,40,0,0.7440707025202803,M2_raw_huber,vi,481,481,oracle,0.0,True,0.0
159.09225795051051,5.398827542390266,0.07224635007307414,0.00979964520611037,0.003326446598634699,0.00647319860747567,40,0,1.0,M3_global_corr,vi,481,481,oracle,0.0,True,0.0
118.58735137675728,7.085273027601295,0.052210028845539394,0.00979964520611037,0.004055822226325164,0.005743822979785205,40,0,1.0,M4_patch_corr,vi,481,481,oracle,0.0,True,0.0
83.34836171966002,4.599059718633675,0.03479604208792892,0.00979964520611037,0.004821871199389061,0.004977774006721308,40,0,1.0,M5_full_corr,vi,481,481,oracle,0.0,True,0.0
164.09311544498522,5.947059170733103,0.0710691706572542,0.010661086757450696,0.003910915935064623,0.006750170822386073,40,0,1.0,M0_raw_p2p,vi,482,482,oracle,0.0,True,2.1073424255447017e-08
163.71539056474114,6.2019410339571195,0.07569311145084408,0.010661086757450696,0.003937350021702683,0.006723736735748013,40,0,1.0,M1_raw_p2l,vi,482,482,oracle,0.0,True,2.1073424255447017e-08
158.00839741003884,4.861229548465449,0.036842230774347604,0.010661086757450696,0.004299719900017693,0.006361366857433003,40,0,0.7453220695955441,M2_raw_huber,vi,482,482,oracle,0.0,True,2.1073424255447017e-08
162.59980085646023,5.941658374663126,0.07333410725019922,0.010661086757450696,0.004003649501178484,0.006657437256272212,40,0,1.0,M3_global_corr,vi,482,482,oracle,0.0,True,2.1073424255447017e-08
118.13276310251086,7.050109245976799,0.05104774865927169,0.010661086757450696,0.0047332355520274955,0.005927851205423201,40,0,1.0,M4_patch_corr,vi,482,482,oracle,0.0,True,2.1073424255447017e-08
84.62602630430392,5.028257480418996,0.035628073577041994,0.010661086757450696,0.005586097416015238,0.005074989341435458,40,0,1.0,M5_full_corr,vi,482,482,oracle,0.0,True,2.1073424255447017e-08
165.21642108741028,5.737151975109041,0.07374607281992766,0.010678734648359306,0.0037190873293177053,0.006959647319041601,40,0,1.0,M0_raw_p2p,vi,483,483,oracle,0.0,True,2.1073424255447017e-08
161.79972935043654,5.298047260692085,0.061224823408045144,0.010678734648359306,0.003786150792081614,0.006892583856277692,40,0,1.0,M1_raw_p2l,vi,483,483,oracle,0.0,True,2.1073424255447017e-08
160.58396007624384,4.807402553600287,0.03905128837057945,0.010678734648359306,0.004068789775787081,0.006609944872572225,40,0,0.7375513285321181,M2_raw_huber,vi,483,483,oracle,0.0,True,2.1073424255447017e-08
164.0638957973468,5.73365924249593,0.0773679512358578,0.010678734648359306,0.0038226771685033914,0.006856057479855914,40,0,1.0,M3_global_corr,vi,483,483,oracle,0.0,True,2.1073424255447017e-08
115.50939120881327,6.291252503152039,0.054226204804300744,0.010678734648359306,0.004612555513741765,0.006066179134617541,40,0,1.0,M4_patch_corr,vi,483,483,oracle,0.0,True,2.1073424255447017e-08
81.91276840892834,4.546458421926083,0.03701527917240185,0.010678734648359306,0.005631902912493508,0.005046831735865798,40,0,1.0,M5_full_corr,vi,483,483,oracle,0.0,True,2.1073424255447017e-08
167.34798664846667,5.7326579743340815,0.07175724232402492,0.011341560029965147,0.0042666166610512155,0.007074943368913932,36,0,1.0,M0_raw_p2p,vi,484,484,oracle,0.0,True,2.1073424255447017e-08
165.47410918471758,5.446560981422923,0.07190769029327909,0.011341560029965147,0.004311789016659979,0.007029771013305168,40,0,1.0,M1_raw_p2l,vi,484,484,oracle,0.0,True,2.1073424255447017e-08
162.38383065732117,4.877581383911304,0.0372721351889673,0.011341560029965147,0.004632501545571971,0.006709058484393176,40,0,0.7409427954576474,M2_raw_huber,vi,484,484,oracle,0.0,True,2.1073424255447017e-08
166.15493575613803,5.732988166628205,0.07390861322480138,0.011341560029965147,0.00436162785457226,0.006979932175392887,36,0,1.0,M3_global_corr,vi,484,484,oracle,0.0,True,2.1073424255447017e-08
117.62225571099843,6.197439654974203,0.05417034189259179,0.011341560029965147,0.005159895729658303,0.006181664300306844,40,0,1.0,M4_patch_corr,vi,484,484,oracle,0.0,True,2.1073424255447017e-08
76.97157097236249,3.590369606542698,0.03564073684021844,0.011341560029965147,0.006490859497385407,0.00485070053257974,40,0,1.0,M5_full_corr,vi,484,484,oracle,0.0,True,2.1073424255447017e-08
166.52782353570214,5.2902074328912585,0.07022105885104082,0.011156407033498718,0.004166695498921579,0.006989711534577139,40,0,1.0,M0_raw_p2p,vi,485,485,oracle,0.0,True,1.4901161193847656e-08
162.02429244077547,4.177155586778946,0.06318849795637346,0.011156407033498718,0.004215567045365662,0.006940839988133056,40,0,1.0,M1_raw_p2l,vi,485,485,oracle,0.0,True,1.4901161193847656e-08
160.9473051072963,4.723666153586795,0.032469677087626096,0.011156407033498718,0.004469803508480308,0.00668660352501841,36,0,0.7440439282311705,M2_raw_huber,vi,485,485,oracle,0.0,True,1.4901161193847656e-08
166.25775443678916,5.282272364385537,0.07145582060236372,0.011156407033498718,0.004275158582130336,0.0068812484513683814,40,0,1.0,M3_global_corr,vi,485,485,oracle,0.0,True,1.4901161193847656e-08
117.97066443545148,5.76249349470469,0.05499990833282148,0.011156407033498718,0.005044123935304749,0.006112283098193969,40,0,1.0,M4_patch_corr,vi,485,485,oracle,0.0,True,1.4901161193847656e-08
69.04464575169388,3.2501099476241464,0.03383795868759384,0.011156407033498718,0.006727905095709834,0.0044285019377888835,40,0,1.0,M5_full_corr,vi,485,485,oracle,0.0,True,1.4901161193847656e-08
163.63394875232078,5.084658214301643,0.0676811197108145,0.0102285434044455,0.003588137579743913,0.006640405824701587,40,0,1.0,M0_raw_p2p,vi,486,486,oracle,0.0,True,1.4901161193847656e-08
160.181443200308,4.547206529305398,0.05966164138710378,0.0102285434044455,0.003603185644087546,0.006625357760357954,40,0,1.0,M1_raw_p2l,vi,486,486,oracle,0.0,True,1.4901161193847656e-08
159.14967137943768,4.589852434391567,0.02944767998616283,0.0102285434044455,0.0038428579081388305,0.006385685496306669,40,0,0.7495380304573546,M2_raw_huber,vi,486,486,oracle,0.0,True,1.4901161193847656e-08
163.85891084679432,5.0812979991907055,0.06976356514907082,0.0102285434044455,0.0037010105501403636,0.006527532854305136,40,0,1.0,M3_global_corr,vi,486,486,oracle,0.0,True,1.4901161193847656e-08
111.78051351176843,5.042221367662269,0.05521015190804191,0.0102285434044455,0.004606918409586343,0.005621624994859156,40,0,1.0,M4_patch_corr,vi,486,486,oracle,0.0,True,1.4901161193847656e-08
60.97338844536061,2.880859773738778,0.03074853582668652,0.0102285434044455,0.006421844345700028,0.0038066990587454714,40,0,1.0,M5_full_corr,vi,486,486,oracle,0.0,True,1.4901161193847656e-08
162.33302582102706,4.862560300243368,0.06352789982808911,0.009520442649771981,0.003230220948841752,0.006290221700930229,32,0,1.0,M0_raw_p2p,vi,487,487,oracle,0.0,True,0.0
158.27067493337688,4.235250906005423,0.0536730798587242,0.009520442649771981,0.003266040632263699,0.006254402017508282,20,0,1.0,M1_raw_p2l,vi,487,487,oracle,0.0,True,0.0
157.67213528216485,4.572457416263652,0.025481438549945612,0.009520442649771981,0.0035348867193661882,0.005985555930405793,40,0,0.757423760226751,M2_raw_huber,vi,487,487,oracle,0.0,True,0.0
161.9072879732224,4.865629651733932,0.06624053572903739,0.009520442649771981,0.0033636818198951855,0.0061567608298767965,32,0,1.0,M3_global_corr,vi,487,487,oracle,0.0,True,0.0
108.31480871731603,4.651265620260131,0.05472296273611667,0.009520442649771981,0.004275964757749087,0.005244477892022895,34,0,1.0,M4_patch_corr,vi,487,487,oracle,0.0,True,0.0
56.284340194509724,2.45857450210686,0.028474950492059316,0.009520442649771981,0.00629080300931518,0.0032296396404568016,40,0,1.0,M5_full_corr,vi,487,487,oracle,0.0,True,0.0
160.2814450115434,5.084847014862418,0.06483469633396613,0.009302831597053926,0.0030719604545020374,0.006230871142551889,34,0,1.0,M0_raw_p2p,vi,488,488,oracle,0.0,True,0.0
155.71132584822428,4.288083586220395,0.062391379047757295,0.009302831597053926,0.0031294503541288224,0.006173381242925104,40,0,1.0,M1_raw_p2l,vi,488,488,oracle,0.0,True,0.0
155.78703080310618,4.260502026818392,0.026887535778237083,0.009302831597053926,0.0033283633031764475,0.005974468293877479,40,0,0.7526994478956645,M2_raw_huber,vi,488,488,oracle,0.0,True,0.0
161.04848335153105,5.084815026014487,0.07049568058752571,0.009302831597053926,0.00320260494637171,0.006100226650682217,34,0,1.0,M3_global_corr,vi,488,488,oracle,0.0,True,0.0
103.25474579476266,5.731258289726901,0.059193548647866134,0.009302831597053926,0.00419405214511828,0.005108779451935647,40,0,1.0,M4_patch_corr,vi,488,488,oracle,0.0,True,0.0
46.10385403203014,2.4850536946068456,0.02840412523217782,0.009302831597053926,0.006432235040942038,0.0028705965561118887,40,0,1.0,M5_full_corr,vi,488,488,oracle,0.0,True,0.0
157.88911818080743,3.855593469475862,0.07038995357966543,0.009607341616863458,0.0030112632282926974,0.006596078388570761,40,0,1.0,M0_raw_p2p,vi,489,489,oracle,0.0,True,0.0
155.99989627067885,3.3921926753175105,0.05987592156868846,0.009607341616863458,0.003052660979468097,0.006554680637395361,40,0,1.0,M1_raw_p2l,vi,489,489,oracle,0.0,True,0.0
157.08282920413012,2.9596146031556394,0.03179348193589608,0.009607341616863458,0.0032683701850285364,0.006338971431834922,40,0,0.765460433697746,M2_raw_huber,vi,489,489,oracle,0.0,True,0.0
159.56060938462932,3.855274741768501,0.07833923049050338,0.009607341616863458,0.0031362382288323636,0.006471103388031094,40,0,1.0,M3_global_corr,vi,489,489,oracle,0.0,True,0.0
103.21536536611018,4.481415320156049,0.06394923046855787,0.009607341616863458,0.0042313009642207305,0.0053760406526427275,40,0,1.0,M4_patch_corr,vi,489,489,oracle,0.0,True,0.0
41.81000408504872,2.727687244888887,0.029061634571983703,0.009607341616863458,0.006527126493525826,0.0030802151233376316,40,0,1.0,M5_full_corr,vi,489,489,oracle,0.0,True,0.0
159.4669451912292,4.909791761762118,0.07457042346927566,0.010607852565353538,0.0035093906890068687,0.007098461876346669,35,0,1.0,M0_raw_p2p,vi,490,490,oracle,0.0,True,0.0
158.448084503078,4.753362764784152,0.07267627969345826,0.010607852565353538,0.003527258826273089,0.007080593739080448,40,0,1.0,M1_raw_p2l,vi,490,490,oracle,0.0,True,0.0
158.49781064549182,3.6574889168654643,0.03957908224702578,0.010607852565353538,0.003886442999373503,0.006721409565980035,40,0,0.7456270279936854,M2_raw_huber,vi,490,490,oracle,0.0,True,0.0
159.53810702211945,4.910303957614552,0.08019846495725147,0.010607852565353538,0.003620269105801401,0.006987583459552136,36,0,1.0,M3_global_corr,vi,490,490,oracle,0.0,True,0.0
103.14588311988815,4.735400630089568,0.06376058829851658,0.010607852565353538,0.004718225392814403,0.005889627172539135,38,0,1.0,M4_patch_corr,vi,490,490,oracle,0.0,True,0.0
44.258016027307825,2.608200051202989,0.029944075903785318,0.010607852565353538,0.007175303668358675,0.0034325488969948626,40,0,1.0,M5_full_corr,vi,490,490,oracle,0.0,True,0.0
160.7025961983861,4.7729001496963255,0.07826568184909184,0.02466685152884284,0.017274913282047888,0.007391938246794953,36,0,1.0,M0_raw_p2p,vi,491,491,oracle,0.0,True,1.4901161193847656e-08
133.29698249999686,7.194395646385604,0.07546747907729458,0.02466685152884284,0.018510269432258388,0.006156582096584453,40,0,1.0,M1_raw_p2l,vi,491,491,oracle,0.0,True,1.4901161193847656e-08
159.99812632330327,4.1332525615216085,0.041190874130078575,0.02466685152884284,0.0176650943611057,0.007001757167737141,40,0,0.7387042737836077,M2_raw_huber,vi,491,491,oracle,0.0,True,1.4901161193847656e-08
160.1918957645155,4.775339867751619,0.08222698377018132,0.02466685152884284,0.01738061367516512,0.00728623785367772,37,0,1.0,M3_global_corr,vi,491,491,oracle,0.0,True,1.4901161193847656e-08
102.69787087210807,4.505041446067324,0.06285329475952492,0.02466685152884284,0.018481144715788902,0.006185706813053939,40,0,1.0,M4_patch_corr,vi,491,491,oracle,0.0,True,1.4901161193847656e-08
45.93889238101931,2.2590505662196194,0.029866962502347542,0.02466685152884284,0.021088843179422664,0.0035780083494201774,40,0,1.0,M5_full_corr,vi,491,491,oracle,0.0,True,1.4901161193847656e-08
162.76283258347044,5.061854850531099,0.07672642784708644,0.011693186299534912,0.004361234850001728,0.007331951449533184,33,0,1.0,M0_raw_p2p,vi,492,492,oracle,0.0,True,0.0
164.0672985400799,5.804658574761007,0.07262605323112187,0.011693186299534912,0.004388412756691353,0.007304773542843559,40,0,1.0,M1_raw_p2l,vi,492,492,oracle,0.0,True,0.0
160.52189848473546,4.249228462612318,0.03909575524494459,0.011693186299534912,0.004833316959293389,0.006859869340241523,40,0,0.7420066507592927,M2_raw_huber,vi,492,492,oracle,0.0,True,0.0
162.13924425696584,5.0744805089247915,0.07999487718655418,0.011693186299534912,0.004463105977271254,0.007230080322263658,35,0,1.0,M3_global_corr,vi,492,492,oracle,0.0,True,0.0
105.21725862424653,4.860549739363893,0.05969616141971296,0.011693186299534912,0.00562644823839499,0.006066738061139922,38,0,1.0,M4_patch_corr,vi,492,492,oracle,0.0,True,0.0
54.15574736977751,2.646531166182425,0.03225887512087634,0.011693186299534912,0.007700187868497824,0.003992998431037088,40,0,1.0,M5_full_corr,vi,492,492,oracle,0.0,True,0.0
164.8485698434802,4.585160890125459,0.07564778642544596,0.04499206136998728,0.03755856064211455,0.00743350072787273,38,0,1.0,M0_raw_p2p,vi,493,493,oracle,0.0,True,0.0
184.1059065942636,11.657620137444914,0.06705545774398977,0.04499206136998728,0.04144540217235366,0.0035466591976336184,40,0,1.0,M1_raw_p2l,vi,493,493,oracle,0.0,True,0.0
157.67823893066472,4.17644450673438,0.0387969993046365,0.04499206136998728,0.038125438320515924,0.006866623049471353,40,0,0.7452763453037533,M2_raw_huber,vi,493,493,oracle,0.0,True,0.0
162.91850737144415,4.58333392520531,0.07647861129215545,0.04499206136998728,0.037651172392272746,0.007340888977714531,39,0,1.0,M3_global_corr,vi,493,493,oracle,0.0,True,0.0
112.29236609013257,4.833130141930566,0.059327082673402406,0.04499206136998728,0.03872614543518839,0.006265915934798888,29,0,1.0,M4_patch_corr,vi,493,493,oracle,0.0,True,0.0
66.02383111042872,3.2151473147756375,0.033301932265424154,0.04499206136998728,0.0405501665424723,0.004441894827514975,40,0,1.0,M5_full_corr,vi,493,493,oracle,0.0,True,0.0
163.25450961827596,4.049155193490695,0.06805657846024085,0.011149449085650983,0.0043808011594154124,0.006768647926235571,27,0,1.0,M0_raw_p2p,vi,494,494,oracle,0.0,True,2.1073424255447017e-08
160.82827413295132,3.0767854479923638,0.06008308240384312,0.011149449085650983,0.004438606689297602,0.006710842396353381,40,0,1.0,M1_raw_p2l,vi,494,494,oracle,0.0,True,2.1073424255447017e-08
155.6524072066567,3.8830246714848817,0.029791373260024432,0.011149449085650983,0.004994477618618086,0.006154971467032897,40,0,0.761975920847318,M2_raw_huber,vi,494,494,oracle,0.0,True,2.1073424255447017e-08
160.08379716827184,4.050095954931947,0.06671020448961863,0.011149449085650983,0.004504655575420903,0.00664479351023008,27,0,1.0,M3_global_corr,vi,494,494,oracle,0.0,True,2.1073424255447017e-08
111.27475551915893,4.196438857068412,0.05370601393824717,0.011149449085650983,0.005553340910459487,0.0055961081751914965,28,0,1.0,M4_patch_corr,vi,494,494,oracle,0.0,True,2.1073424255447017e-08
68.448668451843,2.366577739636111,0.03317199199111488,0.011149449085650983,0.0075398091473497285,0.003609639938301255,35,0,1.0,M5_full_corr,vi,494,494,oracle,0.0,True,2.1073424255447017e-08
159.6935494394601,4.376803175920447,0.06381622171735243,0.010258316816957219,0.003996582645237904,0.006261734171719315,29,0,1.0,M0_raw_p2p,vi,495,495,oracle,0.0,True,1.4901161193847656e-08
153.7699864192826,3.314899496838674,0.058520609403273985,0.010258316816957219,0.004063772280689128,0.0061945445362680904,40,0,1.0,M1_raw_p2l,vi,495,495,oracle,0.0,True,1.4901161193847656e-08
152.74140412206572,4.30194416705511,0.027221590257493745,0.010258316816957219,0.0045115034990713876,0.005746813317885831,40,0,0.7595592235753991,M2_raw_huber,vi,495,495,oracle,0.0,True,1.4901161193847656e-08
157.27158693719446,4.375778998937102,0.06394155035036334,0.010258316816957219,0.004118580427172021,0.006139736389785198,28,0,1.0,M3_global_corr,vi,495,495,oracle,0.0,True,1.4901161193847656e-08
110.28082820946678,4.526072031927573,0.051647699112864306,0.010258316816957219,0.0051632888984313955,0.005095027918525823,30,0,1.0,M4_patch_corr,vi,495,495,oracle,0.0,True,1.4901161193847656e-08
65.22731701054305,2.7682830687830196,0.030178860131781938,0.010258316816957219,0.007114671744575937,0.003143645072381282,40,0,1.0,M5_full_corr,vi,495,495,oracle,0.0,True,1.4901161193847656e-08
159.83648528594318,4.5839344021908985,0.06309156490766177,0.009560272639633355,0.0033895584115011144,0.00617071422813224,28,0,1.0,M0_raw_p2p,vi,496,496,oracle,0.0,True,0.0
154.84395911655312,4.442729987896632,0.06020741562054948,0.009560272639633355,0.003440200423922577,0.006120072215710778,22,0,1.0,M1_raw_p2l,vi,496,496,oracle,0.0,True,0.0
153.01492164384436,4.0899473812521085,0.028838504145519757,0.009560272639633355,0.003757658452023327,0.0058026141876100275,40,0,0.7577009552668486,M2_raw_huber,vi,496,496,oracle,0.0,True,0.0
158.69122421111186,4.585572781873113,0.06560963489529156,0.009560272639633355,0.0034980021838058933,0.0060622704558274615,27,0,1.0,M3_global_corr,vi,496,496,oracle,0.0,True,0.0
110.80167321052068,5.099127983708204,0.05380985337895084,0.009560272639633355,0.00458151904667879,0.004978753592954565,26,0,1.0,M4_patch_corr,vi,496,496,oracle,0.0,True,0.0
62.411152617309156,2.9841995000990207,0.02906697679468069,0.009560272639633355,0.006596138420381497,0.002964134219251858,30,0,1.0,M5_full_corr,vi,496,496,oracle,0.0,True,0.0
161.61785519189502,4.108755928939475,0.06821586817908512,0.01043166457945127,0.003749334714192643,0.006682329865258628,38,0,1.0,M0_raw_p2p,vi,497,497,oracle,0.0,True,0.0
159.26315707732502,3.754087505673051,0.06385036935826233,0.01043166457945127,0.0038226109436841856,0.006609053635767085,23,0,1.0,M1_raw_p2l,vi,497,497,oracle,0.0,True,0.0
155.93215552813584,2.836582070373438,0.03694696905799008,0.01043166457945127,0.0041295298653538145,0.006302134714097456,40,0,0.7454289036409579,M2_raw_huber,vi,497,497,oracle,0.0,True,0.0
161.35226695548317,4.102970429006791,0.07283550448211663,0.01043166457945127,0.003870047499049832,0.006561617080401438,40,0,1.0,M3_global_corr,vi,497,497,oracle,0.0,True,0.0
113.18457290759541,4.1791625365081115,0.058460902572151086,0.01043166457945127,0.0049131564801928205,0.00551850809925845,40,0,1.0,M4_patch_corr,vi,497,497,oracle,0.0,True,0.0
70.46743444369731,3.2129323086452697,0.03236862909890578,0.01043166457945127,0.006884867259317153,0.003546797320134117,40,0,1.0,M5_full_corr,vi,497,497,oracle,0.0,True,0.0
165.45131217094985,4.198495889448975,0.07230925147164702,0.010352341581799724,0.0033590695879402183,0.006993271993859506,40,0,1.0,M0_raw_p2p,vi,498,498,oracle,0.0,True,0.0
164.09261101020445,3.906804324254902,0.06207025543059804,0.010352341581799724,0.00338251366997711,0.0069698279118226136,40,0,1.0,M1_raw_p2l,vi,498,498,oracle,0.0,True,0.0
160.17637323267195,3.326347557678145,0.0392139867995499,0.010352341581799724,0.0036051317509143395,0.0067472098308853845,40,0,0.7488901206106993,M2_raw_huber,vi,498,498,oracle,0.0,True,0.0
166.1859596970952,4.198848386299572,0.07578045806016077,0.010352341581799724,0.003472370598292738,0.006879970983506986,40,0,1.0,M3_global_corr,vi,498,498,oracle,0.0,True,0.0
114.42907668714491,4.240889328370231,0.05909722443048081,0.010352341581799724,0.004516343558232383,0.005835998023567341,40,0,1.0,M4_patch_corr,vi,498,498,oracle,0.0,True,0.0
68.37043965189253,2.8998036596477688,0.033074482828033,0.010352341581799724,0.006660289821202614,0.0036920517605971096,40,0,1.0,M5_full_corr,vi,498,498,oracle,0.0,True,0.0
167.48140703936653,4.987555551973278,0.07132424461347601,0.011041681072157515,0.004161419058031803,0.006880262014125713,39,0,1.0,M0_raw_p2p,vi,499,499,oracle,0.0,True,0.0
165.80973974120468,4.839438400926048,0.07084009772670974,0.011041681072157515,0.004180303083451223,0.006861377988706292,40,0,1.0,M1_raw_p2l,vi,499,499,oracle,0.0,True,0.0
162.5055554229429,3.768593626403339,0.03809429694562745,0.011041681072157515,0.004531694872136551,0.006509986200020965,40,0,0.7569206093162052,M2_raw_huber,vi,499,499,oracle,0.0,True,0.0
167.4788675099717,4.986430748444829,0.07318398335503211,0.011041681072157515,0.004269232849618268,0.006772448222539248,40,0,1.0,M3_global_corr,vi,499,499,oracle,0.0,True,0.0
115.8998336936188,5.0591068192145565,0.05491118495097768,0.011041681072157515,0.005265152623283791,0.005776528448873724,40,0,1.0,M4_patch_corr,vi,499,499,oracle,0.0,True,0.0
79.03668473389162,3.212515050654581,0.03425552410305867,0.011041681072157515,0.007045691756404216,0.0039959893157532995,40,0,1.0,M5_full_corr,vi,499,499,oracle,0.0,True,0.0
167.20424121106038,4.760534057352257,0.07008011615897602,0.01114657987026852,0.004434316353977072,0.006712263516291448,37,0,1.0,M0_raw_p2p,vi,500,500,oracle,0.0,True,1.4901161193847656e-08
164.020018034324,4.238289464764957,0.06961818985493719,0.01114657987026852,0.0044821663822161946,0.006664413488052326,27,0,1.0,M1_raw_p2l,vi,500,500,oracle,0.0,True,1.4901161193847656e-08
163.02436073540463,3.9528756727112175,0.033679772268480276,0.01114657987026852,0.004900002581507835,0.006246577288760686,40,0,0.7458756350036678,M2_raw_huber,vi,500,500,oracle,0.0,True,1.4901161193847656e-08
166.85169895937625,4.755431242106066,0.07258522169033768,0.01114657987026852,0.004546938355633196,0.006599641514635325,38,0,1.0,M3_global_corr,vi,500,500,oracle,0.0,True,1.4901161193847656e-08
119.65711996060787,5.3899258814247055,0.05315734399304527,0.01114657987026852,0.0054578628798839755,0.005688716990384545,40,0,1.0,M4_patch_corr,vi,500,500,oracle,0.0,True,1.4901161193847656e-08
73.68731878640739,3.084155104252506,0.03400232556022959,0.01114657987026852,0.007249310229726553,0.0038972696405419676,36,0,1.0,M5_full_corr,vi,500,500,oracle,0.0,True,1.4901161193847656e-08
